node_id;label;type;degree
@CHEMICAL_Reactive_Oxygen_Species;@CHEMICAL_Reactive_Oxygen_Species;chemical;1862.0
@CHEMICAL_Acetylcysteine;@CHEMICAL_Acetylcysteine;chemical;1467.0
@CHEMICAL_Quercetin;@CHEMICAL_Quercetin;chemical;1271.0
@CHEMICAL_Glucose;@CHEMICAL_Glucose;chemical;1248.0
@CHEMICAL_Glutathione;@CHEMICAL_Glutathione;chemical;1208.0
@CHEMICAL_Minocycline;@CHEMICAL_Minocycline;chemical;1166.0
@CHEMICAL_Methotrexate;@CHEMICAL_Methotrexate;chemical;1140.0
@CHEMICAL_Tryptophan;@CHEMICAL_Tryptophan;chemical;1081.0
@CHEMICAL_Glutamic_Acid;@CHEMICAL_Glutamic_Acid;chemical;1037.0
@CHEMICAL_Lipopolysaccharides;@CHEMICAL_Lipopolysaccharides;chemical;1025.0
@CHEMICAL_Taurine;@CHEMICAL_Taurine;chemical;1002.0
@CHEMICAL_Ascorbic_Acid;@CHEMICAL_Ascorbic_Acid;chemical;991.0
@CHEMICAL_hesperetin;@CHEMICAL_hesperetin;chemical;963.0
@CHEMICAL_Calcium;@CHEMICAL_Calcium;chemical;910.0
@CHEMICAL_Testosterone;@CHEMICAL_Testosterone;chemical;908.0
@CHEMICAL_Tyrosine;@CHEMICAL_Tyrosine;chemical;880.0
@CHEMICAL_Acetaminophen;@CHEMICAL_Acetaminophen;chemical;859.0
@CHEMICAL_Thioctic_Acid;@CHEMICAL_Thioctic_Acid;chemical;837.0
@CHEMICAL_Hydrogen_Peroxide;@CHEMICAL_Hydrogen_Peroxide;chemical;830.0
@CHEMICAL_Rutin;@CHEMICAL_Rutin;chemical;829.0
@CHEMICAL_Uric_Acid;@CHEMICAL_Uric_Acid;chemical;795.0
@CHEMICAL_ferulic_acid;@CHEMICAL_ferulic_acid;chemical;790.0
@CHEMICAL_Malondialdehyde;@CHEMICAL_Malondialdehyde;chemical;776.0
@CHEMICAL_Zoledronic_Acid;@CHEMICAL_Zoledronic_Acid;chemical;758.0
@CHEMICAL_Vitamin_E;@CHEMICAL_Vitamin_E;chemical;748.0
@CHEMICAL_Flavonoids;@CHEMICAL_Flavonoids;chemical;744.0
@CHEMICAL_Phenylalanine;@CHEMICAL_Phenylalanine;chemical;744.0
@CHEMICAL_Cholesterol;@CHEMICAL_Cholesterol;chemical;732.0
@CHEMICAL_Cisplatin;@CHEMICAL_Cisplatin;chemical;726.0
@CHEMICAL_Polychlorinated_Dibenzodioxins;@CHEMICAL_Polychlorinated_Dibenzodioxins;chemical;725.0
@CHEMICAL_Cadmium;@CHEMICAL_Cadmium;chemical;714.0
@CHEMICAL_Fatty_Acids;@CHEMICAL_Fatty_Acids;chemical;686.0
@CHEMICAL_Amino_Acids;@CHEMICAL_Amino_Acids;chemical;670.0
@CHEMICAL_Melanins;@CHEMICAL_Melanins;chemical;669.0
@CHEMICAL_Citric_Acid;@CHEMICAL_Citric_Acid;chemical;656.0
@CHEMICAL_Adenosine_Triphosphate;@CHEMICAL_Adenosine_Triphosphate;chemical;651.0
@CHEMICAL_Hyaluronic_Acid;@CHEMICAL_Hyaluronic_Acid;chemical;611.0
@CHEMICAL_Carbon_Dioxide;@CHEMICAL_Carbon_Dioxide;chemical;607.0
@CHEMICAL_Steroids;@CHEMICAL_Steroids;chemical;592.0
@CHEMICAL_vanillin;@CHEMICAL_vanillin;chemical;589.0
@CHEMICAL_Ethanol;@CHEMICAL_Ethanol;chemical;576.0
@CHEMICAL_Melatonin;@CHEMICAL_Melatonin;chemical;575.0
@CHEMICAL_Arginine;@CHEMICAL_Arginine;chemical;564.0
@CHEMICAL_Aspirin;@CHEMICAL_Aspirin;chemical;555.0
@CHEMICAL_Glutamine;@CHEMICAL_Glutamine;chemical;553.0
@CHEMICAL_Dopamine;@CHEMICAL_Dopamine;chemical;552.0
@CHEMICAL_Triglycerides;@CHEMICAL_Triglycerides;chemical;547.0
@CHEMICAL_Lignin;@CHEMICAL_Lignin;chemical;542.0
@CHEMICAL_Chitosan;@CHEMICAL_Chitosan;chemical;540.0
@CHEMICAL_Curcumin;@CHEMICAL_Curcumin;chemical;532.0
@CHEMICAL_Lactic_Acid;@CHEMICAL_Lactic_Acid;chemical;530.0
@CHEMICAL_Zinc;@CHEMICAL_Zinc;chemical;527.0
@CHEMICAL_Salicylic_Acid;@CHEMICAL_Salicylic_Acid;chemical;519.0
@CHEMICAL_Nitric_Oxide;@CHEMICAL_Nitric_Oxide;chemical;515.0
@CHEMICAL_Doxorubicin;@CHEMICAL_Doxorubicin;chemical;511.0
@CHEMICAL_Aspartic_Acid;@CHEMICAL_Aspartic_Acid;chemical;507.0
@CHEMICAL_Thiobarbituric_Acid_Reactive_Substances;@CHEMICAL_Thiobarbituric_Acid_Reactive_Substances;chemical;485.0
@CHEMICAL_Histidine;@CHEMICAL_Histidine;chemical;484.0
@CHEMICAL_Asparagine;@CHEMICAL_Asparagine;chemical;482.0
@CHEMICAL_Lead;@CHEMICAL_Lead;chemical;479.0
@CHEMICAL_Resveratrol;@CHEMICAL_Resveratrol;chemical;473.0
@CHEMICAL_Hydrocortisone;@CHEMICAL_Hydrocortisone;chemical;470.0
@CHEMICAL_Silicon_Dioxide;@CHEMICAL_Silicon_Dioxide;chemical;466.0
@CHEMICAL_Lysine;@CHEMICAL_Lysine;chemical;458.0
@CHEMICAL_Creatinine;@CHEMICAL_Creatinine;chemical;455.0
@CHEMICAL_Phytic_Acid;@CHEMICAL_Phytic_Acid;chemical;446.0
@CHEMICAL_isoborneol;@CHEMICAL_isoborneol;chemical;442.0
@CHEMICAL_Estradiol;@CHEMICAL_Estradiol;chemical;437.0
@CHEMICAL_Metformin;@CHEMICAL_Metformin;chemical;434.0
@CHEMICAL_Bile_Acids_and_Salts;@CHEMICAL_Bile_Acids_and_Salts;chemical;433.0
@CHEMICAL_Phosphorus;@CHEMICAL_Phosphorus;chemical;427.0
@CHEMICAL_Glycine;@CHEMICAL_Glycine;chemical;414.0
@CHEMICAL_Cysteine;@CHEMICAL_Cysteine;chemical;409.0
@CHEMICAL_Selenium;@CHEMICAL_Selenium;chemical;409.0
@CHEMICAL_Dexamethasone;@CHEMICAL_Dexamethasone;chemical;405.0
@CHEMICAL_Proline;@CHEMICAL_Proline;chemical;402.0
@CHEMICAL_kaempferol;@CHEMICAL_kaempferol;chemical;402.0
@CHEMICAL_naringenin;@CHEMICAL_naringenin;chemical;397.0
@CHEMICAL_gamma_Aminobutyric_Acid;@CHEMICAL_gamma_Aminobutyric_Acid;chemical;396.0
@CHEMICAL_Serotonin;@CHEMICAL_Serotonin;chemical;390.0
@CHEMICAL_Vitamin_D;@CHEMICAL_Vitamin_D;chemical;387.0
@CHEMICAL_bisphenol_A;@CHEMICAL_bisphenol_A;chemical;387.0
@CHEMICAL_Cortisone;@CHEMICAL_Cortisone;chemical;386.0
@CHEMICAL_6_methyladenine;@CHEMICAL_6_methyladenine;chemical;385.0
@CHEMICAL_Luteolin;@CHEMICAL_Luteolin;chemical;385.0
@CHEMICAL_Arsenic;@CHEMICAL_Arsenic;chemical;373.0
@CHEMICAL_Carbohydrates;@CHEMICAL_Carbohydrates;chemical;363.0
@CHEMICAL_Cyclophosphamide;@CHEMICAL_Cyclophosphamide;chemical;360.0
@CHEMICAL_3_4_Methylenedioxyamphetamine;@CHEMICAL_3_4_Methylenedioxyamphetamine;chemical;359.0
@CHEMICAL_Alanine;@CHEMICAL_Alanine;chemical;356.0
@CHEMICAL_Potassium;@CHEMICAL_Potassium;chemical;353.0
@CHEMICAL_Methionine;@CHEMICAL_Methionine;chemical;351.0
@CHEMICAL_Leucine;@CHEMICAL_Leucine;chemical;348.0
@CHEMICAL_Hesperidin;@CHEMICAL_Hesperidin;chemical;347.0
@CHEMICAL_Kynurenine;@CHEMICAL_Kynurenine;chemical;346.0
@CHEMICAL_Polyphenols;@CHEMICAL_Polyphenols;chemical;344.0
@CHEMICAL_Streptozocin;@CHEMICAL_Streptozocin;chemical;332.0
@CHEMICAL_Folic_Acid;@CHEMICAL_Folic_Acid;chemical;330.0
@CHEMICAL_Polychlorinated_Biphenyls;@CHEMICAL_Polychlorinated_Biphenyls;chemical;330.0
@CHEMICAL_Superoxides;@CHEMICAL_Superoxides;chemical;330.0
@CHEMICAL_Teriparatide;@CHEMICAL_Teriparatide;chemical;327.0
@CHEMICAL_4_hydroxybenzoic_acid;@CHEMICAL_4_hydroxybenzoic_acid;chemical;326.0
@CHEMICAL_Progesterone;@CHEMICAL_Progesterone;chemical;326.0
@CHEMICAL_rhodamine_B;@CHEMICAL_rhodamine_B;chemical;326.0
@CHEMICAL_Tamoxifen;@CHEMICAL_Tamoxifen;chemical;324.0
@CHEMICAL_Nickel;@CHEMICAL_Nickel;chemical;317.0
@CHEMICAL_epigallocatechin_gallate;@CHEMICAL_epigallocatechin_gallate;chemical;313.0
@CHEMICAL_Cobalt;@CHEMICAL_Cobalt;chemical;312.0
@CHEMICAL_Hydroxyl_Radical;@CHEMICAL_Hydroxyl_Radical;chemical;312.0
@CHEMICAL_Paclitaxel;@CHEMICAL_Paclitaxel;chemical;309.0
@CHEMICAL_Carbon_Tetrachloride;@CHEMICAL_Carbon_Tetrachloride;chemical;308.0
@CHEMICAL_Rituximab;@CHEMICAL_Rituximab;chemical;305.0
@CHEMICAL_Serine;@CHEMICAL_Serine;chemical;305.0
@CHEMICAL_Urea;@CHEMICAL_Urea;chemical;304.0
@CHEMICAL_Fatty_Acids_Volatile;@CHEMICAL_Fatty_Acids_Volatile;chemical;299.0
@CHEMICAL_Ozone;@CHEMICAL_Ozone;chemical;295.0
@CHEMICAL_Tritium;@CHEMICAL_Tritium;chemical;294.0
@CHEMICAL_Benzene;@CHEMICAL_Benzene;chemical;293.0
@CHEMICAL_Chlorine;@CHEMICAL_Chlorine;chemical;291.0
@CHEMICAL_NAD;@CHEMICAL_NAD;chemical;291.0
@CHEMICAL_Polysaccharides;@CHEMICAL_Polysaccharides;chemical;289.0
@CHEMICAL_Chlorogenic_Acid;@CHEMICAL_Chlorogenic_Acid;chemical;287.0
@CHEMICAL_Magnesium;@CHEMICAL_Magnesium;chemical;284.0
@CHEMICAL_coenzyme_Q10;@CHEMICAL_coenzyme_Q10;chemical;283.0
@CHEMICAL_Norepinephrine;@CHEMICAL_Norepinephrine;chemical;280.0
@CHEMICAL_Levonorgestrel;@CHEMICAL_Levonorgestrel;chemical;278.0
@CHEMICAL_Benzo(a)pyrene;@CHEMICAL_Benzo(a)pyrene;chemical;277.0
@CHEMICAL_Manganese;@CHEMICAL_Manganese;chemical;277.0
@CHEMICAL_Sulfur;@CHEMICAL_Sulfur;chemical;275.0
@CHEMICAL_Levodopa;@CHEMICAL_Levodopa;chemical;271.0
@CHEMICAL_Oxalates;@CHEMICAL_Oxalates;chemical;269.0
@CHEMICAL_Polycyclic_Aromatic_Hydrocarbons;@CHEMICAL_Polycyclic_Aromatic_Hydrocarbons;chemical;268.0
@CHEMICAL_Prednisolone;@CHEMICAL_Prednisolone;chemical;266.0
@CHEMICAL_alpha_Tocopherol;@CHEMICAL_alpha_Tocopherol;chemical;264.0
@CHEMICAL_Phosphates;@CHEMICAL_Phosphates;chemical;263.0
@CHEMICAL_Catechin;@CHEMICAL_Catechin;chemical;260.0
@CHEMICAL_Formaldehyde;@CHEMICAL_Formaldehyde;chemical;260.0
@CHEMICAL_Apigenin;@CHEMICAL_Apigenin;chemical;259.0
@CHEMICAL_Berberine;@CHEMICAL_Berberine;chemical;257.0
@CHEMICAL_Cyclosporine;@CHEMICAL_Cyclosporine;chemical;256.0
@CHEMICAL_Acetic_Acid;@CHEMICAL_Acetic_Acid;chemical;255.0
@CHEMICAL_Gold;@CHEMICAL_Gold;chemical;255.0
@CHEMICAL_Valproic_Acid;@CHEMICAL_Valproic_Acid;chemical;254.0
@CHEMICAL_Carbon_Monoxide;@CHEMICAL_Carbon_Monoxide;chemical;252.0
@CHEMICAL_Choline;@CHEMICAL_Choline;chemical;252.0
@CHEMICAL_2_5_dihydroxybenzoic_acid;@CHEMICAL_2_5_dihydroxybenzoic_acid;chemical;251.0
@CHEMICAL_Gallic_Acid;@CHEMICAL_Gallic_Acid;chemical;251.0
@CHEMICAL_N_acetylaspartate;@CHEMICAL_N_acetylaspartate;chemical;251.0
@CHEMICAL_Dioxins;@CHEMICAL_Dioxins;chemical;250.0
@CHEMICAL_Heparin;@CHEMICAL_Heparin;chemical;249.0
@CHEMICAL_Calcium_Oxalate;@CHEMICAL_Calcium_Oxalate;chemical;248.0
@CHEMICAL_Diphosphonates;@CHEMICAL_Diphosphonates;chemical;248.0
@CHEMICAL_Ramipril;@CHEMICAL_Ramipril;chemical;247.0
@CHEMICAL_Pyruvic_Acid;@CHEMICAL_Pyruvic_Acid;chemical;246.0
@CHEMICAL_Free_Radicals;@CHEMICAL_Free_Radicals;chemical;245.0
@CHEMICAL_Bilirubin;@CHEMICAL_Bilirubin;chemical;242.0
@CHEMICAL_ochratoxin_A;@CHEMICAL_ochratoxin_A;chemical;241.0
@CHEMICAL_Valine;@CHEMICAL_Valine;chemical;240.0
@CHEMICAL_Silver;@CHEMICAL_Silver;chemical;238.0
@CHEMICAL_Oxalic_Acid;@CHEMICAL_Oxalic_Acid;chemical;236.0
@CHEMICAL_Prednisone;@CHEMICAL_Prednisone;chemical;236.0
@CHEMICAL_Sugars;@CHEMICAL_Sugars;chemical;236.0
@CHEMICAL_Tetracycline;@CHEMICAL_Tetracycline;chemical;236.0
@CHEMICAL_Caffeine;@CHEMICAL_Caffeine;chemical;234.0
@CHEMICAL_Homogentisic_Acid;@CHEMICAL_Homogentisic_Acid;chemical;234.0
@CHEMICAL_Carnitine;@CHEMICAL_Carnitine;chemical;231.0
@CHEMICAL_Ammonia;@CHEMICAL_Ammonia;chemical;230.0
@CHEMICAL_Creatine;@CHEMICAL_Creatine;chemical;230.0
@CHEMICAL_Phospholipids;@CHEMICAL_Phospholipids;chemical;230.0
@CHEMICAL_caffeic_acid;@CHEMICAL_caffeic_acid;chemical;230.0
@CHEMICAL_Arachidonic_Acid;@CHEMICAL_Arachidonic_Acid;chemical;228.0
@CHEMICAL_Fatty_Acids_Nonesterified;@CHEMICAL_Fatty_Acids_Nonesterified;chemical;228.0
@CHEMICAL_naringin;@CHEMICAL_naringin;chemical;228.0
@CHEMICAL_Doxycycline;@CHEMICAL_Doxycycline;chemical;227.0
@CHEMICAL_Polymers;@CHEMICAL_Polymers;chemical;227.0
@CHEMICAL_Peptides;@CHEMICAL_Peptides;chemical;225.0
@CHEMICAL_Sodium_Chloride;@CHEMICAL_Sodium_Chloride;chemical;225.0
@CHEMICAL_Tricarboxylic_Acids;@CHEMICAL_Tricarboxylic_Acids;chemical;225.0
@CHEMICAL_Fatty_Acids_Unsaturated;@CHEMICAL_Fatty_Acids_Unsaturated;chemical;224.0
@CHEMICAL_Starch;@CHEMICAL_Starch;chemical;224.0
@CHEMICAL_Fluorouracil;@CHEMICAL_Fluorouracil;chemical;222.0
@CHEMICAL_Glycosaminoglycans;@CHEMICAL_Glycosaminoglycans;chemical;222.0
@CHEMICAL_Hydroxylysine;@CHEMICAL_Hydroxylysine;chemical;222.0
@CHEMICAL_Methylprednisolone;@CHEMICAL_Methylprednisolone;chemical;222.0
@CHEMICAL_Platinum;@CHEMICAL_Platinum;chemical;222.0
@CHEMICAL_Methanol;@CHEMICAL_Methanol;chemical;220.0
@CHEMICAL_Isoleucine;@CHEMICAL_Isoleucine;chemical;219.0
@CHEMICAL_dapagliflozin;@CHEMICAL_dapagliflozin;chemical;218.0
@CHEMICAL_Bleomycin;@CHEMICAL_Bleomycin;chemical;217.0
@CHEMICAL_Sirolimus;@CHEMICAL_Sirolimus;chemical;217.0
@CHEMICAL_Catecholamines;@CHEMICAL_Catecholamines;chemical;215.0
@CHEMICAL_Hydroxychloroquine;@CHEMICAL_Hydroxychloroquine;chemical;215.0
@CHEMICAL_Sucrose;@CHEMICAL_Sucrose;chemical;215.0
@CHEMICAL_Acetates;@CHEMICAL_Acetates;chemical;214.0
@CHEMICAL_Ciprofloxacin;@CHEMICAL_Ciprofloxacin;chemical;214.0
@CHEMICAL_Silicon;@CHEMICAL_Silicon;chemical;214.0
@CHEMICAL_Cellulose;@CHEMICAL_Cellulose;chemical;213.0
@CHEMICAL_Thioacetamide;@CHEMICAL_Thioacetamide;chemical;213.0
@CHEMICAL_baicalin;@CHEMICAL_baicalin;chemical;213.0
@CHEMICAL_nitisinone;@CHEMICAL_nitisinone;chemical;212.0
@CHEMICAL_isovaleric_acid;@CHEMICAL_isovaleric_acid;chemical;211.0
@CHEMICAL_biochar;@CHEMICAL_biochar;chemical;210.0
@CHEMICAL_purine;@CHEMICAL_purine;chemical;210.0
@CHEMICAL_Anthocyanins;@CHEMICAL_Anthocyanins;chemical;209.0
@CHEMICAL_Mycophenolic_Acid;@CHEMICAL_Mycophenolic_Acid;chemical;209.0
@CHEMICAL_Tretinoin;@CHEMICAL_Tretinoin;chemical;209.0
@CHEMICAL_pembrolizumab;@CHEMICAL_pembrolizumab;chemical;209.0
@CHEMICAL_Dimethylnitrosamine;@CHEMICAL_Dimethylnitrosamine;chemical;208.0
@CHEMICAL_Diethylnitrosamine;@CHEMICAL_Diethylnitrosamine;chemical;207.0
@CHEMICAL_Sulfhydryl_Compounds;@CHEMICAL_Sulfhydryl_Compounds;chemical;206.0
@CHEMICAL_Styrene;@CHEMICAL_Styrene;chemical;205.0
@CHEMICAL_thymoquinone;@CHEMICAL_thymoquinone;chemical;205.0
@CHEMICAL_titanium_dioxide;@CHEMICAL_titanium_dioxide;chemical;205.0
@CHEMICAL_Linoleic_Acid;@CHEMICAL_Linoleic_Acid;chemical;204.0
@CHEMICAL_Dichloroacetic_Acid;@CHEMICAL_Dichloroacetic_Acid;chemical;203.0
@CHEMICAL_Zinc_Oxide;@CHEMICAL_Zinc_Oxide;chemical;203.0
@CHEMICAL_empagliflozin;@CHEMICAL_empagliflozin;chemical;203.0
@CHEMICAL_Denosumab;@CHEMICAL_Denosumab;chemical;202.0
@CHEMICAL_Fructose;@CHEMICAL_Fructose;chemical;202.0
@CHEMICAL_Temozolomide;@CHEMICAL_Temozolomide;chemical;202.0
@CHEMICAL_naphthalene;@CHEMICAL_naphthalene;chemical;202.0
@CHEMICAL_Butyrates;@CHEMICAL_Butyrates;chemical;201.0
@CHEMICAL_Butyric_Acid;@CHEMICAL_Butyric_Acid;chemical;201.0
@CHEMICAL_Phenytoin;@CHEMICAL_Phenytoin;chemical;201.0
@CHEMICAL_Threonine;@CHEMICAL_Threonine;chemical;201.0
@CHEMICAL_Aluminum;@CHEMICAL_Aluminum;chemical;198.0
@CHEMICAL_Palmitic_Acid;@CHEMICAL_Palmitic_Acid;chemical;198.0
@CHEMICAL_furan;@CHEMICAL_furan;chemical;198.0
@CHEMICAL_phenolic_acid;@CHEMICAL_phenolic_acid;chemical;198.0
@CHEMICAL_Sorafenib;@CHEMICAL_Sorafenib;chemical;197.0
@CHEMICAL_Sulfates;@CHEMICAL_Sulfates;chemical;197.0
@CHEMICAL_Thiourea;@CHEMICAL_Thiourea;chemical;197.0
@CHEMICAL_Vitamin_A;@CHEMICAL_Vitamin_A;chemical;197.0
@CHEMICAL_sulfuric_acid;@CHEMICAL_sulfuric_acid;chemical;197.0
@CHEMICAL_Hydrogen_Sulfide;@CHEMICAL_Hydrogen_Sulfide;chemical;196.0
@CHEMICAL_Methylene_Blue;@CHEMICAL_Methylene_Blue;chemical;196.0
@CHEMICAL_Sphingolipids;@CHEMICAL_Sphingolipids;chemical;195.0
@CHEMICAL_Trichloroethylene;@CHEMICAL_Trichloroethylene;chemical;194.0
@CHEMICAL_Galactose;@CHEMICAL_Galactose;chemical;192.0
@CHEMICAL_Betaine;@CHEMICAL_Betaine;chemical;191.0
@CHEMICAL_hydroxide_ion;@CHEMICAL_hydroxide_ion;chemical;191.0
@CHEMICAL_Metronidazole;@CHEMICAL_Metronidazole;chemical;189.0
@CHEMICAL_Phenol;@CHEMICAL_Phenol;chemical;189.0
@CHEMICAL_Sunitinib;@CHEMICAL_Sunitinib;chemical;189.0
@CHEMICAL_ursodoxicoltaurine;@CHEMICAL_ursodoxicoltaurine;chemical;189.0
@CHEMICAL_Dextran_Sulfate;@CHEMICAL_Dextran_Sulfate;chemical;188.0
@CHEMICAL_Titanium;@CHEMICAL_Titanium;chemical;188.0
@CHEMICAL_p_coumaric_acid;@CHEMICAL_p_coumaric_acid;chemical;188.0
@CHEMICAL_Nitrates;@CHEMICAL_Nitrates;chemical;187.0
@CHEMICAL_Trichloroacetic_Acid;@CHEMICAL_Trichloroacetic_Acid;chemical;185.0
@CHEMICAL_salvianolic_acid_A;@CHEMICAL_salvianolic_acid_A;chemical;185.0
@CHEMICAL_Alginates;@CHEMICAL_Alginates;chemical;184.0
@CHEMICAL_Chromium;@CHEMICAL_Chromium;chemical;184.0
@CHEMICAL_Oleic_Acid;@CHEMICAL_Oleic_Acid;chemical;184.0
@CHEMICAL_Acrylamide;@CHEMICAL_Acrylamide;chemical;182.0
@CHEMICAL_Calcitriol;@CHEMICAL_Calcitriol;chemical;182.0
@CHEMICAL_Homovanillic_Acid;@CHEMICAL_Homovanillic_Acid;chemical;182.0
@CHEMICAL_Rifampin;@CHEMICAL_Rifampin;chemical;182.0
@CHEMICAL_Amines;@CHEMICAL_Amines;chemical;181.0
@CHEMICAL_Epichlorohydrin;@CHEMICAL_Epichlorohydrin;chemical;181.0
@CHEMICAL_Nitrosamines;@CHEMICAL_Nitrosamines;chemical;180.0
@CHEMICAL_Vanillic_Acid;@CHEMICAL_Vanillic_Acid;chemical;179.0
@CHEMICAL_Blood_Glucose;@CHEMICAL_Blood_Glucose;chemical;178.0
@CHEMICAL_Methylnitronitrosoguanidine;@CHEMICAL_Methylnitronitrosoguanidine;chemical;178.0
@CHEMICAL_Rotenone;@CHEMICAL_Rotenone;chemical;178.0
@CHEMICAL_Nicotine;@CHEMICAL_Nicotine;chemical;177.0
@CHEMICAL_Amino_Acids_Aromatic;@CHEMICAL_Amino_Acids_Aromatic;chemical;176.0
@CHEMICAL_Phosphatidylcholines;@CHEMICAL_Phosphatidylcholines;chemical;176.0
@CHEMICAL_Succinic_Acid;@CHEMICAL_Succinic_Acid;chemical;176.0
@CHEMICAL_Vanilmandelic_Acid;@CHEMICAL_Vanilmandelic_Acid;chemical;175.0
@CHEMICAL_Vancomycin;@CHEMICAL_Vancomycin;chemical;173.0
@CHEMICAL_Beryllium;@CHEMICAL_Beryllium;chemical;172.0
@CHEMICAL_Tacrolimus;@CHEMICAL_Tacrolimus;chemical;172.0
@CHEMICAL_Azathioprine;@CHEMICAL_Azathioprine;chemical;171.0
@CHEMICAL_Inositol;@CHEMICAL_Inositol;chemical;171.0
@CHEMICAL_Norethindrone;@CHEMICAL_Norethindrone;chemical;171.0
@CHEMICAL_Oxaliplatin;@CHEMICAL_Oxaliplatin;chemical;171.0
@CHEMICAL_Nobelium;@CHEMICAL_Nobelium;chemical;170.0
@CHEMICAL_Reserpine;@CHEMICAL_Reserpine;chemical;170.0
@CHEMICAL_isoprene;@CHEMICAL_isoprene;chemical;170.0
@CHEMICAL_Chlorambucil;@CHEMICAL_Chlorambucil;chemical;169.0
@CHEMICAL_Lithium;@CHEMICAL_Lithium;chemical;169.0
@CHEMICAL_Vinyl_Chloride;@CHEMICAL_Vinyl_Chloride;chemical;169.0
@CHEMICAL_Paraquat;@CHEMICAL_Paraquat;chemical;168.0
@CHEMICAL_Volatile_Organic_Compounds;@CHEMICAL_Volatile_Organic_Compounds;chemical;168.0
@CHEMICAL_Chloroform;@CHEMICAL_Chloroform;chemical;167.0
@CHEMICAL_Citrulline;@CHEMICAL_Citrulline;chemical;167.0
@CHEMICAL_Dinoprostone;@CHEMICAL_Dinoprostone;chemical;167.0
@CHEMICAL_Hexachlorocyclohexane;@CHEMICAL_Hexachlorocyclohexane;chemical;167.0
@CHEMICAL_Niacinamide;@CHEMICAL_Niacinamide;chemical;167.0
@CHEMICAL_Propylthiouracil;@CHEMICAL_Propylthiouracil;chemical;167.0
@CHEMICAL_lenvatinib;@CHEMICAL_lenvatinib;chemical;167.0
@CHEMICAL_myricetin;@CHEMICAL_myricetin;chemical;167.0
@CHEMICAL_Amino_Acids_Branched_Chain;@CHEMICAL_Amino_Acids_Branched_Chain;chemical;166.0
@CHEMICAL_Nitrites;@CHEMICAL_Nitrites;chemical;166.0
@CHEMICAL_cinnamic_acid;@CHEMICAL_cinnamic_acid;chemical;166.0
@CHEMICAL_Colchicine;@CHEMICAL_Colchicine;chemical;165.0
@CHEMICAL_Emodin;@CHEMICAL_Emodin;chemical;165.0
@CHEMICAL_Cannabidiol;@CHEMICAL_Cannabidiol;chemical;164.0
@CHEMICAL_Corticosterone;@CHEMICAL_Corticosterone;chemical;164.0
@CHEMICAL_Ethylene_Oxide;@CHEMICAL_Ethylene_Oxide;chemical;164.0
@CHEMICAL_ethylbenzene;@CHEMICAL_ethylbenzene;chemical;164.0
@CHEMICAL_Nivolumab;@CHEMICAL_Nivolumab;chemical;163.0
@CHEMICAL_indeno(1_2_3_cd)pyrene;@CHEMICAL_indeno(1_2_3_cd)pyrene;chemical;163.0
@CHEMICAL_Aldehydes;@CHEMICAL_Aldehydes;chemical;162.0
@CHEMICAL_Iron_Dextran_Complex;@CHEMICAL_Iron_Dextran_Complex;chemical;162.0
@CHEMICAL_Morphine;@CHEMICAL_Morphine;chemical;162.0
@CHEMICAL_ethyl_acetate;@CHEMICAL_ethyl_acetate;chemical;162.0
@CHEMICAL_3_Hydroxybutyric_Acid;@CHEMICAL_3_Hydroxybutyric_Acid;chemical;161.0
@CHEMICAL_Mechlorethamine;@CHEMICAL_Mechlorethamine;chemical;161.0
@CHEMICAL_Adalimumab;@CHEMICAL_Adalimumab;chemical;160.0
@CHEMICAL_Cholecalciferol;@CHEMICAL_Cholecalciferol;chemical;160.0
@CHEMICAL_Melphalan;@CHEMICAL_Melphalan;chemical;160.0
@CHEMICAL_jasmonic_acid;@CHEMICAL_jasmonic_acid;chemical;160.0
@CHEMICAL_Aflatoxin_B1;@CHEMICAL_Aflatoxin_B1;chemical;159.0
@CHEMICAL_Bevacizumab;@CHEMICAL_Bevacizumab;chemical;159.0
@CHEMICAL_Chlorophyll;@CHEMICAL_Chlorophyll;chemical;159.0
@CHEMICAL_Glycogen;@CHEMICAL_Glycogen;chemical;159.0
@CHEMICAL_Heme;@CHEMICAL_Heme;chemical;159.0
@CHEMICAL_Ibuprofen;@CHEMICAL_Ibuprofen;chemical;159.0
@CHEMICAL_N_Nitrosopyrrolidine;@CHEMICAL_N_Nitrosopyrrolidine;chemical;159.0
@CHEMICAL_nitrobenzene;@CHEMICAL_nitrobenzene;chemical;159.0
@CHEMICAL_4_vinyl_1_cyclohexene_dioxide;@CHEMICAL_4_vinyl_1_cyclohexene_dioxide;chemical;158.0
@CHEMICAL_Carmustine;@CHEMICAL_Carmustine;chemical;158.0
@CHEMICAL_Ethylene_Dibromide;@CHEMICAL_Ethylene_Dibromide;chemical;158.0
@CHEMICAL_Homocysteine;@CHEMICAL_Homocysteine;chemical;158.0
@CHEMICAL_Isoproterenol;@CHEMICAL_Isoproterenol;chemical;158.0
@CHEMICAL_Nitrilotriacetic_Acid;@CHEMICAL_Nitrilotriacetic_Acid;chemical;158.0
@CHEMICAL_hydrazine;@CHEMICAL_hydrazine;chemical;158.0
@CHEMICAL_indoleacetic_acid;@CHEMICAL_indoleacetic_acid;chemical;158.0
@CHEMICAL_1_3_propane_sultone;@CHEMICAL_1_3_propane_sultone;chemical;157.0
@CHEMICAL_Oxymetholone;@CHEMICAL_Oxymetholone;chemical;157.0
@CHEMICAL_Toluene_2_4_Diisocyanate;@CHEMICAL_Toluene_2_4_Diisocyanate;chemical;157.0
@CHEMICAL_methyleugenol;@CHEMICAL_methyleugenol;chemical;157.0
@CHEMICAL_1_nitropyrene;@CHEMICAL_1_nitropyrene;chemical;156.0
@CHEMICAL_Adenosine;@CHEMICAL_Adenosine;chemical;156.0
@CHEMICAL_Capsaicin;@CHEMICAL_Capsaicin;chemical;156.0
@CHEMICAL_Lomustine;@CHEMICAL_Lomustine;chemical;156.0
@CHEMICAL_Thiotepa;@CHEMICAL_Thiotepa;chemical;156.0
@CHEMICAL_propylene_oxide;@CHEMICAL_propylene_oxide;chemical;156.0
@CHEMICAL_protocatechuic_acid;@CHEMICAL_protocatechuic_acid;chemical;156.0
@CHEMICAL_selenium_disulfide;@CHEMICAL_selenium_disulfide;chemical;156.0
@CHEMICAL_Lycopene;@CHEMICAL_Lycopene;chemical;155.0
@CHEMICAL_Polybrominated_Biphenyls;@CHEMICAL_Polybrominated_Biphenyls;chemical;155.0
@CHEMICAL_Semustine;@CHEMICAL_Semustine;chemical;155.0
@CHEMICAL_Tetrachloroethylene;@CHEMICAL_Tetrachloroethylene;chemical;155.0
@CHEMICAL_dibutylnitrosamine;@CHEMICAL_dibutylnitrosamine;chemical;155.0
@CHEMICAL_styrene_oxide;@CHEMICAL_styrene_oxide;chemical;155.0
@CHEMICAL_tetrafluoroethylene;@CHEMICAL_tetrafluoroethylene;chemical;155.0
@CHEMICAL_2_nitropropane;@CHEMICAL_2_nitropropane;chemical;154.0
@CHEMICAL_Carotenoids;@CHEMICAL_Carotenoids;chemical;154.0
@CHEMICAL_Disperse_Blue_1;@CHEMICAL_Disperse_Blue_1;chemical;154.0
@CHEMICAL_N_nitrosodiethanolamine;@CHEMICAL_N_nitrosodiethanolamine;chemical;154.0
@CHEMICAL_N_nitrososarcosine;@CHEMICAL_N_nitrososarcosine;chemical;154.0
@CHEMICAL_Nitrosourea_Compounds;@CHEMICAL_Nitrosourea_Compounds;chemical;154.0
@CHEMICAL_Propiolactone;@CHEMICAL_Propiolactone;chemical;154.0
@CHEMICAL_Thorium_Dioxide;@CHEMICAL_Thorium_Dioxide;chemical;154.0
@CHEMICAL_captafol;@CHEMICAL_captafol;chemical;154.0
@CHEMICAL_dibenzo(a_e)pyrene;@CHEMICAL_dibenzo(a_e)pyrene;chemical;154.0
@CHEMICAL_dibenzo(a_i)pyrene;@CHEMICAL_dibenzo(a_i)pyrene;chemical;154.0
@CHEMICAL_2_3_dibromopropanol;@CHEMICAL_2_3_dibromopropanol;chemical;153.0
@CHEMICAL_2_nitroanisole;@CHEMICAL_2_nitroanisole;chemical;153.0
@CHEMICAL_4_chloro_1_2_diaminobenzene;@CHEMICAL_4_chloro_1_2_diaminobenzene;chemical;153.0
@CHEMICAL_Glycerol;@CHEMICAL_Glycerol;chemical;153.0
@CHEMICAL_Hempa;@CHEMICAL_Hempa;chemical;153.0
@CHEMICAL_N_nitroso(di_n_propyl)amine;@CHEMICAL_N_nitroso(di_n_propyl)amine;chemical;153.0
@CHEMICAL_Procarbazine;@CHEMICAL_Procarbazine;chemical;153.0
@CHEMICAL_Thioguanine;@CHEMICAL_Thioguanine;chemical;153.0
@CHEMICAL_chlorozotocin;@CHEMICAL_chlorozotocin;chemical;153.0
@CHEMICAL_dibenzo(a_h)pyrene;@CHEMICAL_dibenzo(a_h)pyrene;chemical;153.0
@CHEMICAL_dibenzo(a_l)pyrene;@CHEMICAL_dibenzo(a_l)pyrene;chemical;153.0
@CHEMICAL_tribromoacetic_acid;@CHEMICAL_tribromoacetic_acid;chemical;153.0
@CHEMICAL_1_4_dioxane;@CHEMICAL_1_4_dioxane;chemical;152.0
@CHEMICAL_2_nitrotoluene;@CHEMICAL_2_nitrotoluene;chemical;152.0
@CHEMICAL_CDEC;@CHEMICAL_CDEC;chemical;152.0
@CHEMICAL_Docosahexaenoic_Acids;@CHEMICAL_Docosahexaenoic_Acids;chemical;152.0
@CHEMICAL_Ellagic_Acid;@CHEMICAL_Ellagic_Acid;chemical;152.0
@CHEMICAL_Gemcitabine;@CHEMICAL_Gemcitabine;chemical;152.0
@CHEMICAL_Methane;@CHEMICAL_Methane;chemical;152.0
@CHEMICAL_glycidol;@CHEMICAL_glycidol;chemical;152.0
@CHEMICAL_nitrofen;@CHEMICAL_nitrofen;chemical;152.0
@CHEMICAL_tris(2_3_dibromopropyl)phosphate;@CHEMICAL_tris(2_3_dibromopropyl)phosphate;chemical;152.0
@CHEMICAL_1_2_3_trichloropropane;@CHEMICAL_1_2_3_trichloropropane;chemical;151.0
@CHEMICAL_2_4_6_trichlorophenol;@CHEMICAL_2_4_6_trichlorophenol;chemical;151.0
@CHEMICAL_8_Hydroxy_2'_Deoxyguanosine;@CHEMICAL_8_Hydroxy_2'_Deoxyguanosine;chemical;151.0
@CHEMICAL_vinyl_bromide;@CHEMICAL_vinyl_bromide;chemical;151.0
@CHEMICAL_Allopurinol;@CHEMICAL_Allopurinol;chemical;150.0
@CHEMICAL_Chloroprene;@CHEMICAL_Chloroprene;chemical;150.0
@CHEMICAL_Chondroitin_Sulfates;@CHEMICAL_Chondroitin_Sulfates;chemical;150.0
@CHEMICAL_Ethyl_Methanesulfonate;@CHEMICAL_Ethyl_Methanesulfonate;chemical;150.0
@CHEMICAL_Infliximab;@CHEMICAL_Infliximab;chemical;150.0
@CHEMICAL_Levofloxacin;@CHEMICAL_Levofloxacin;chemical;150.0
@CHEMICAL_baicalein;@CHEMICAL_baicalein;chemical;150.0
@CHEMICAL_nitromethane;@CHEMICAL_nitromethane;chemical;150.0
@CHEMICAL_2_2_BBMPD;@CHEMICAL_2_2_BBMPD;chemical;149.0
@CHEMICAL_Dasatinib;@CHEMICAL_Dasatinib;chemical;149.0
@CHEMICAL_Glycerophospholipids;@CHEMICAL_Glycerophospholipids;chemical;149.0
@CHEMICAL_Pentachlorophenol;@CHEMICAL_Pentachlorophenol;chemical;149.0
@CHEMICAL_Polylactic_Acid_Polyglycolic_Acid_Copolymer;@CHEMICAL_Polylactic_Acid_Polyglycolic_Acid_Copolymer;chemical;149.0
@CHEMICAL_Urethane;@CHEMICAL_Urethane;chemical;149.0
@CHEMICAL_bromochloroacetic_acid;@CHEMICAL_bromochloroacetic_acid;chemical;149.0
@CHEMICAL_chlorendic_acid;@CHEMICAL_chlorendic_acid;chemical;149.0
@CHEMICAL_dibromoacetic_acid;@CHEMICAL_dibromoacetic_acid;chemical;149.0
@CHEMICAL_icariin;@CHEMICAL_icariin;chemical;148.0
@CHEMICAL_poly(lactide);@CHEMICAL_poly(lactide);chemical;148.0
@CHEMICAL_4_dichlorobenzene;@CHEMICAL_4_dichlorobenzene;chemical;147.0
@CHEMICAL_Hydroxyproline;@CHEMICAL_Hydroxyproline;chemical;147.0
@CHEMICAL_Phenazopyridine;@CHEMICAL_Phenazopyridine;chemical;147.0
@CHEMICAL_hexachloroethane;@CHEMICAL_hexachloroethane;chemical;147.0
@CHEMICAL_hypotaurine;@CHEMICAL_hypotaurine;chemical;147.0
@CHEMICAL_7H_dibenzo(c_g)carbazole;@CHEMICAL_7H_dibenzo(c_g)carbazole;chemical;146.0
@CHEMICAL_Atorvastatin;@CHEMICAL_Atorvastatin;chemical;146.0
@CHEMICAL_Fatty_Acids_Omega_3;@CHEMICAL_Fatty_Acids_Omega_3;chemical;146.0
@CHEMICAL_Gentamicins;@CHEMICAL_Gentamicins;chemical;146.0
@CHEMICAL_Methyl_Methanesulfonate;@CHEMICAL_Methyl_Methanesulfonate;chemical;146.0
@CHEMICAL_Palladium;@CHEMICAL_Palladium;chemical;146.0
@CHEMICAL_Toxaphene;@CHEMICAL_Toxaphene;chemical;146.0
@CHEMICAL_carvacrol;@CHEMICAL_carvacrol;chemical;146.0
@CHEMICAL_Oils_Volatile;@CHEMICAL_Oils_Volatile;chemical;145.0
@CHEMICAL_Phenoxybenzamine;@CHEMICAL_Phenoxybenzamine;chemical;145.0
@CHEMICAL_Triiodothyronine;@CHEMICAL_Triiodothyronine;chemical;145.0
@CHEMICAL_propionic_acid;@CHEMICAL_propionic_acid;chemical;145.0
@CHEMICAL_2_toluidine;@CHEMICAL_2_toluidine;chemical;144.0
@CHEMICAL_Metals_Heavy;@CHEMICAL_Metals_Heavy;chemical;144.0
@CHEMICAL_Safrole;@CHEMICAL_Safrole;chemical;144.0
@CHEMICAL_benzo(j)fluoranthene;@CHEMICAL_benzo(j)fluoranthene;chemical;144.0
@CHEMICAL_benzo(k)fluoranthene;@CHEMICAL_benzo(k)fluoranthene;chemical;144.0
@CHEMICAL_vinyl_fluoride;@CHEMICAL_vinyl_fluoride;chemical;144.0
@CHEMICAL_3_3'_Dichlorobenzidine;@CHEMICAL_3_3'_Dichlorobenzidine;chemical;143.0
@CHEMICAL_Salicylates;@CHEMICAL_Salicylates;chemical;143.0
@CHEMICAL_di_(4_aminophenyl)ether;@CHEMICAL_di_(4_aminophenyl)ether;chemical;143.0
@CHEMICAL_p_chloro_o_toluidine_hydrochloride;@CHEMICAL_p_chloro_o_toluidine_hydrochloride;chemical;143.0
@CHEMICAL_propyleneimine;@CHEMICAL_propyleneimine;chemical;143.0
@CHEMICAL_shikonin;@CHEMICAL_shikonin;chemical;143.0
@CHEMICAL_Abscisic_Acid;@CHEMICAL_Abscisic_Acid;chemical;142.0
@CHEMICAL_Ethylenethiourea;@CHEMICAL_Ethylenethiourea;chemical;142.0
@CHEMICAL_Hexachlorobenzene;@CHEMICAL_Hexachlorobenzene;chemical;142.0
@CHEMICAL_Polyethylene_Glycols;@CHEMICAL_Polyethylene_Glycols;chemical;142.0
@CHEMICAL_betadex;@CHEMICAL_betadex;chemical;142.0
@CHEMICAL_6_nitrochrysene;@CHEMICAL_6_nitrochrysene;chemical;141.0
@CHEMICAL_Fluorides;@CHEMICAL_Fluorides;chemical;141.0
@CHEMICAL_4_4'_diaminodiphenylmethane;@CHEMICAL_4_4'_diaminodiphenylmethane;chemical;140.0
@CHEMICAL_4_nitropyrene;@CHEMICAL_4_nitropyrene;chemical;140.0
@CHEMICAL_glyphosate;@CHEMICAL_glyphosate;chemical;140.0
@CHEMICAL_taxifolin;@CHEMICAL_taxifolin;chemical;140.0
@CHEMICAL_3_chloro_2_methylprop_1_ene;@CHEMICAL_3_chloro_2_methylprop_1_ene;chemical;139.0
@CHEMICAL_Genistein;@CHEMICAL_Genistein;chemical;139.0
@CHEMICAL_Histamine;@CHEMICAL_Histamine;chemical;139.0
@CHEMICAL_5_methylchrysene;@CHEMICAL_5_methylchrysene;chemical;138.0
@CHEMICAL_Riboflavin;@CHEMICAL_Riboflavin;chemical;138.0
@CHEMICAL_benzo(b)fluoranthene;@CHEMICAL_benzo(b)fluoranthene;chemical;138.0
@CHEMICAL_chloromethyl_methyl_ether;@CHEMICAL_chloromethyl_methyl_ether;chemical;138.0
@CHEMICAL_chrysin;@CHEMICAL_chrysin;chemical;138.0
@CHEMICAL_2_tolidine;@CHEMICAL_2_tolidine;chemical;137.0
@CHEMICAL_Diclofenac;@CHEMICAL_Diclofenac;chemical;137.0
@CHEMICAL_NADP;@CHEMICAL_NADP;chemical;137.0
@CHEMICAL_ferric_oxide;@CHEMICAL_ferric_oxide;chemical;137.0
@CHEMICAL_graphene_oxide;@CHEMICAL_graphene_oxide;chemical;137.0
@CHEMICAL_astaxanthine;@CHEMICAL_astaxanthine;chemical;135.0
@CHEMICAL_3_methylquercetin;@CHEMICAL_3_methylquercetin;chemical;133.0
@CHEMICAL_Graphite;@CHEMICAL_Graphite;chemical;133.0
@CHEMICAL_Methoxsalen;@CHEMICAL_Methoxsalen;chemical;133.0
@CHEMICAL_Phenols;@CHEMICAL_Phenols;chemical;133.0
@CHEMICAL_peroxymonosulfate;@CHEMICAL_peroxymonosulfate;chemical;133.0
@CHEMICAL_2_chloroaniline;@CHEMICAL_2_chloroaniline;chemical;132.0
@CHEMICAL_4_4'_thiodianiline;@CHEMICAL_4_4'_thiodianiline;chemical;132.0
@CHEMICAL_Pioglitazone;@CHEMICAL_Pioglitazone;chemical;132.0
@CHEMICAL_Mercury;@CHEMICAL_Mercury;chemical;131.0
@CHEMICAL_isoquercitrin;@CHEMICAL_isoquercitrin;chemical;131.0
@CHEMICAL_Dehydroepiandrosterone;@CHEMICAL_Dehydroepiandrosterone;chemical;130.0
@CHEMICAL_Propofol;@CHEMICAL_Propofol;chemical;130.0
@CHEMICAL_Silymarin;@CHEMICAL_Silymarin;chemical;130.0
@CHEMICAL_quinone;@CHEMICAL_quinone;chemical;130.0
@CHEMICAL_astragaloside_A;@CHEMICAL_astragaloside_A;chemical;129.0
@CHEMICAL_graphitic_carbon_nitride;@CHEMICAL_graphitic_carbon_nitride;chemical;129.0
@CHEMICAL_peoniflorin;@CHEMICAL_peoniflorin;chemical;129.0
@CHEMICAL_1_1_diphenyl_2_picrylhydrazyl;@CHEMICAL_1_1_diphenyl_2_picrylhydrazyl;chemical;128.0
@CHEMICAL_Ceftriaxone;@CHEMICAL_Ceftriaxone;chemical;128.0
@CHEMICAL_Meropenem;@CHEMICAL_Meropenem;chemical;128.0
@CHEMICAL_Technetium;@CHEMICAL_Technetium;chemical;128.0
@CHEMICAL_polydopamine;@CHEMICAL_polydopamine;chemical;128.0
@CHEMICAL_1_2_dibromo_3_chloropropane;@CHEMICAL_1_2_dibromo_3_chloropropane;chemical;127.0
@CHEMICAL_Chloramphenicol;@CHEMICAL_Chloramphenicol;chemical;127.0
@CHEMICAL_Dianisidine;@CHEMICAL_Dianisidine;chemical;127.0
@CHEMICAL_Diethylhexyl_Phthalate;@CHEMICAL_Diethylhexyl_Phthalate;chemical;127.0
@CHEMICAL_Dihydrotestosterone;@CHEMICAL_Dihydrotestosterone;chemical;127.0
@CHEMICAL_Durapatite;@CHEMICAL_Durapatite;chemical;127.0
@CHEMICAL_Imatinib_Mesylate;@CHEMICAL_Imatinib_Mesylate;chemical;127.0
@CHEMICAL_Methamphetamine;@CHEMICAL_Methamphetamine;chemical;127.0
@CHEMICAL_rosmarinic_acid;@CHEMICAL_rosmarinic_acid;chemical;127.0
@CHEMICAL_Fluorine;@CHEMICAL_Fluorine;chemical;126.0
@CHEMICAL_N_methyladenosine;@CHEMICAL_N_methyladenosine;chemical;126.0
@CHEMICAL_Atrazine;@CHEMICAL_Atrazine;chemical;125.0
@CHEMICAL_Phenolphthalein;@CHEMICAL_Phenolphthalein;chemical;125.0
@CHEMICAL_Propionates;@CHEMICAL_Propionates;chemical;125.0
@CHEMICAL_Simvastatin;@CHEMICAL_Simvastatin;chemical;125.0
@CHEMICAL_tocilizumab;@CHEMICAL_tocilizumab;chemical;125.0
@CHEMICAL_Pyruvaldehyde;@CHEMICAL_Pyruvaldehyde;chemical;124.0
@CHEMICAL_erionite;@CHEMICAL_erionite;chemical;124.0
@CHEMICAL_Adenine;@CHEMICAL_Adenine;chemical;123.0
@CHEMICAL_Ornithine;@CHEMICAL_Ornithine;chemical;123.0
@CHEMICAL_Toluene;@CHEMICAL_Toluene;chemical;123.0
@CHEMICAL_Vitamin_B_12;@CHEMICAL_Vitamin_B_12;chemical;123.0
@CHEMICAL_fisetin;@CHEMICAL_fisetin;chemical;123.0
@CHEMICAL_tofacitinib;@CHEMICAL_tofacitinib;chemical;123.0
@CHEMICAL_Cesium;@CHEMICAL_Cesium;chemical;122.0
@CHEMICAL_hyperoside;@CHEMICAL_hyperoside;chemical;122.0
@CHEMICAL_Acetylcholine;@CHEMICAL_Acetylcholine;chemical;121.0
@CHEMICAL_Azoxymethane;@CHEMICAL_Azoxymethane;chemical;121.0
@CHEMICAL_Etoposide;@CHEMICAL_Etoposide;chemical;121.0
@CHEMICAL_Glycyrrhizic_Acid;@CHEMICAL_Glycyrrhizic_Acid;chemical;121.0
@CHEMICAL_Iodine;@CHEMICAL_Iodine;chemical;121.0
@CHEMICAL_alpha_Linolenic_Acid;@CHEMICAL_alpha_Linolenic_Acid;chemical;121.0
@CHEMICAL_Gefitinib;@CHEMICAL_Gefitinib;chemical;120.0
@CHEMICAL_benzotrichloride;@CHEMICAL_benzotrichloride;chemical;120.0
@CHEMICAL_beta_Carotene;@CHEMICAL_beta_Carotene;chemical;120.0
@CHEMICAL_gamma_sitosterol;@CHEMICAL_gamma_sitosterol;chemical;120.0
@CHEMICAL_malic_acid;@CHEMICAL_malic_acid;chemical;120.0
@CHEMICAL_2_Naphthylamine;@CHEMICAL_2_Naphthylamine;chemical;119.0
@CHEMICAL_Amiodarone;@CHEMICAL_Amiodarone;chemical;119.0
@CHEMICAL_Indomethacin;@CHEMICAL_Indomethacin;chemical;119.0
@CHEMICAL_chromium_hexavalent_ion;@CHEMICAL_chromium_hexavalent_ion;chemical;119.0
@CHEMICAL_formic_acid;@CHEMICAL_formic_acid;chemical;119.0
@CHEMICAL_morin;@CHEMICAL_morin;chemical;119.0
@CHEMICAL_perfluorooctanoic_acid;@CHEMICAL_perfluorooctanoic_acid;chemical;119.0
@CHEMICAL_Azithromycin;@CHEMICAL_Azithromycin;chemical;118.0
@CHEMICAL_Azo_Compounds;@CHEMICAL_Azo_Compounds;chemical;118.0
@CHEMICAL_Heparitin_Sulfate;@CHEMICAL_Heparitin_Sulfate;chemical;118.0
@CHEMICAL_Ketoglutaric_Acids;@CHEMICAL_Ketoglutaric_Acids;chemical;118.0
@CHEMICAL_Thyroxine;@CHEMICAL_Thyroxine;chemical;118.0
@CHEMICAL_hydroxysafflor_yellow_A;@CHEMICAL_hydroxysafflor_yellow_A;chemical;118.0
@CHEMICAL_Epinephrine;@CHEMICAL_Epinephrine;chemical;117.0
@CHEMICAL_Ergothioneine;@CHEMICAL_Ergothioneine;chemical;117.0
@CHEMICAL_Glucuronides;@CHEMICAL_Glucuronides;chemical;117.0
@CHEMICAL_N_Methylaspartate;@CHEMICAL_N_Methylaspartate;chemical;117.0
@CHEMICAL_Polyvinyl_Alcohol;@CHEMICAL_Polyvinyl_Alcohol;chemical;117.0
@CHEMICAL_indole;@CHEMICAL_indole;chemical;117.0
@CHEMICAL_trimethyloxamine;@CHEMICAL_trimethyloxamine;chemical;117.0
@CHEMICAL_1_2_diphenylhydrazine;@CHEMICAL_1_2_diphenylhydrazine;chemical;116.0
@CHEMICAL_Esters;@CHEMICAL_Esters;chemical;116.0
@CHEMICAL_Mesalamine;@CHEMICAL_Mesalamine;chemical;116.0
@CHEMICAL_Polystyrenes;@CHEMICAL_Polystyrenes;chemical;116.0
@CHEMICAL_Silybin;@CHEMICAL_Silybin;chemical;116.0
@CHEMICAL_Alendronate;@CHEMICAL_Alendronate;chemical;115.0
@CHEMICAL_Hydroxyindoleacetic_Acid;@CHEMICAL_Hydroxyindoleacetic_Acid;chemical;115.0
@CHEMICAL_Metal_Organic_Frameworks;@CHEMICAL_Metal_Organic_Frameworks;chemical;115.0
@CHEMICAL_Fluorodeoxyglucose_F18;@CHEMICAL_Fluorodeoxyglucose_F18;chemical;114.0
@CHEMICAL_1_Methyl_4_phenyl_1_2_3_6_tetrahydropyridine;@CHEMICAL_1_Methyl_4_phenyl_1_2_3_6_tetrahydropyridine;chemical;113.0
@CHEMICAL_Alkaloids;@CHEMICAL_Alkaloids;chemical;113.0
@CHEMICAL_Linezolid;@CHEMICAL_Linezolid;chemical;113.0
@CHEMICAL_Sodium_Glutamate;@CHEMICAL_Sodium_Glutamate;chemical;113.0
@CHEMICAL_Terpenes;@CHEMICAL_Terpenes;chemical;113.0
@CHEMICAL_Carboplatin;@CHEMICAL_Carboplatin;chemical;111.0
@CHEMICAL_S_Adenosylmethionine;@CHEMICAL_S_Adenosylmethionine;chemical;111.0
@CHEMICAL_Sulfamethoxazole;@CHEMICAL_Sulfamethoxazole;chemical;111.0
@CHEMICAL_celastrol;@CHEMICAL_celastrol;chemical;110.0
@CHEMICAL_methyl_jasmonate;@CHEMICAL_methyl_jasmonate;chemical;110.0
@CHEMICAL_Bortezomib;@CHEMICAL_Bortezomib;chemical;109.0
@CHEMICAL_Carbapenems;@CHEMICAL_Carbapenems;chemical;109.0
@CHEMICAL_Irinotecan;@CHEMICAL_Irinotecan;chemical;109.0
@CHEMICAL_N_N_dimethylaniline;@CHEMICAL_N_N_dimethylaniline;chemical;108.0
@CHEMICAL_Propolis;@CHEMICAL_Propolis;chemical;108.0
@CHEMICAL_Tigecycline;@CHEMICAL_Tigecycline;chemical;108.0
@CHEMICAL_ceric_oxide;@CHEMICAL_ceric_oxide;chemical;108.0
@CHEMICAL_Bis(Chloromethyl)_Ether;@CHEMICAL_Bis(Chloromethyl)_Ether;chemical;107.0
@CHEMICAL_Tetranitromethane;@CHEMICAL_Tetranitromethane;chemical;107.0
@CHEMICAL_Pectins;@CHEMICAL_Pectins;chemical;106.0
@CHEMICAL_Polyamines;@CHEMICAL_Polyamines;chemical;106.0
@CHEMICAL_Praziquantel;@CHEMICAL_Praziquantel;chemical;106.0
@CHEMICAL_acylcarnitine;@CHEMICAL_acylcarnitine;chemical;106.0
@CHEMICAL_catechol;@CHEMICAL_catechol;chemical;106.0
@CHEMICAL_Cyclic_AMP;@CHEMICAL_Cyclic_AMP;chemical;105.0
@CHEMICAL_Cystine;@CHEMICAL_Cystine;chemical;105.0
@CHEMICAL_Tocopherols;@CHEMICAL_Tocopherols;chemical;105.0
@CHEMICAL_perfluorooctane_sulfonic_acid;@CHEMICAL_perfluorooctane_sulfonic_acid;chemical;105.0
@CHEMICAL_Singlet_Oxygen;@CHEMICAL_Singlet_Oxygen;chemical;104.0
@CHEMICAL_riddelliine;@CHEMICAL_riddelliine;chemical;104.0
@CHEMICAL_Chloroquine;@CHEMICAL_Chloroquine;chemical;103.0
@CHEMICAL_Itraconazole;@CHEMICAL_Itraconazole;chemical;103.0
@CHEMICAL_Trimethoprim_Sulfamethoxazole_Drug_Combination;@CHEMICAL_Trimethoprim_Sulfamethoxazole_Drug_Combination;chemical;103.0
@CHEMICAL_Ubiquinone;@CHEMICAL_Ubiquinone;chemical;103.0
@CHEMICAL_Carbamazepine;@CHEMICAL_Carbamazepine;chemical;102.0
@CHEMICAL_Hypochlorous_Acid;@CHEMICAL_Hypochlorous_Acid;chemical;102.0
@CHEMICAL_Inulin;@CHEMICAL_Inulin;chemical;102.0
@CHEMICAL_Kynurenic_Acid;@CHEMICAL_Kynurenic_Acid;chemical;102.0
@CHEMICAL_Vitamin_B_6;@CHEMICAL_Vitamin_B_6;chemical;102.0
@CHEMICAL_bisphenol_S;@CHEMICAL_bisphenol_S;chemical;102.0
@CHEMICAL_pyrimidine;@CHEMICAL_pyrimidine;chemical;102.0
@CHEMICAL_Acetyl_Coenzyme_A;@CHEMICAL_Acetyl_Coenzyme_A;chemical;101.0
@CHEMICAL_Aldosterone;@CHEMICAL_Aldosterone;chemical;101.0
@CHEMICAL_Benzoic_Acid;@CHEMICAL_Benzoic_Acid;chemical;101.0
@CHEMICAL_Celecoxib;@CHEMICAL_Celecoxib;chemical;101.0
@CHEMICAL_Nucleotides;@CHEMICAL_Nucleotides;chemical;101.0
@CHEMICAL_Rivaroxaban;@CHEMICAL_Rivaroxaban;chemical;101.0
@CHEMICAL_Glycation_End_Products_Advanced;@CHEMICAL_Glycation_End_Products_Advanced;chemical;100.0
@CHEMICAL_Taurocholic_Acid;@CHEMICAL_Taurocholic_Acid;chemical;100.0
@CHEMICAL_astragalin;@CHEMICAL_astragalin;chemical;100.0
@CHEMICAL_Disulfides;@CHEMICAL_Disulfides;chemical;99.0
@CHEMICAL_Gallium;@CHEMICAL_Gallium;chemical;99.0
@CHEMICAL_Hydrochloric_Acid;@CHEMICAL_Hydrochloric_Acid;chemical;99.0
@CHEMICAL_Mitomycin;@CHEMICAL_Mitomycin;chemical;99.0
@CHEMICAL_Thiamine;@CHEMICAL_Thiamine;chemical;99.0
@CHEMICAL_Chlorides;@CHEMICAL_Chlorides;chemical;98.0
@CHEMICAL_hydroquinone;@CHEMICAL_hydroquinone;chemical;98.0
@CHEMICAL_upadacitinib;@CHEMICAL_upadacitinib;chemical;98.0
@CHEMICAL_Thalidomide;@CHEMICAL_Thalidomide;chemical;97.0
@CHEMICAL_Ursodeoxycholic_Acid;@CHEMICAL_Ursodeoxycholic_Acid;chemical;97.0
@CHEMICAL_acteoside;@CHEMICAL_acteoside;chemical;97.0
@CHEMICAL_formononetin;@CHEMICAL_formononetin;chemical;97.0
@CHEMICAL_puerarin;@CHEMICAL_puerarin;chemical;97.0
@CHEMICAL_Humic_Substances;@CHEMICAL_Humic_Substances;chemical;96.0
@CHEMICAL_nintedanib;@CHEMICAL_nintedanib;chemical;96.0
@CHEMICAL_Valsartan;@CHEMICAL_Valsartan;chemical;95.0
@CHEMICAL_cordycepin;@CHEMICAL_cordycepin;chemical;95.0
@CHEMICAL_ibrutinib;@CHEMICAL_ibrutinib;chemical;95.0
@CHEMICAL_4_hydroxyphenylethanol;@CHEMICAL_4_hydroxyphenylethanol;chemical;94.0
@CHEMICAL_Letrozole;@CHEMICAL_Letrozole;chemical;94.0
@CHEMICAL_Nanotubes_Carbon;@CHEMICAL_Nanotubes_Carbon;chemical;94.0
@CHEMICAL_Zearalenone;@CHEMICAL_Zearalenone;chemical;94.0
@CHEMICAL_galangin;@CHEMICAL_galangin;chemical;94.0
@CHEMICAL_Cadmium_Chloride;@CHEMICAL_Cadmium_Chloride;chemical;93.0
@CHEMICAL_Niacin;@CHEMICAL_Niacin;chemical;93.0
@CHEMICAL_Orange_G;@CHEMICAL_Orange_G;chemical;93.0
@CHEMICAL_Prostaglandins;@CHEMICAL_Prostaglandins;chemical;93.0
@CHEMICAL_Aluminum_Chloride;@CHEMICAL_Aluminum_Chloride;chemical;92.0
@CHEMICAL_Calcium_Carbonate;@CHEMICAL_Calcium_Carbonate;chemical;92.0
@CHEMICAL_Indican;@CHEMICAL_Indican;chemical;92.0
@CHEMICAL_Microplastics;@CHEMICAL_Microplastics;chemical;92.0
@CHEMICAL_Sulfanilamide;@CHEMICAL_Sulfanilamide;chemical;92.0
@CHEMICAL_Tenofovir;@CHEMICAL_Tenofovir;chemical;92.0
@CHEMICAL_Tetracyclines;@CHEMICAL_Tetracyclines;chemical;92.0
@CHEMICAL_beta_Glucans;@CHEMICAL_beta_Glucans;chemical;92.0
@CHEMICAL_dihydromyricetin;@CHEMICAL_dihydromyricetin;chemical;92.0
@CHEMICAL_Bicarbonates;@CHEMICAL_Bicarbonates;chemical;91.0
@CHEMICAL_Quinolinic_Acid;@CHEMICAL_Quinolinic_Acid;chemical;91.0
@CHEMICAL_azobenzene;@CHEMICAL_azobenzene;chemical;91.0
@CHEMICAL_Adenosine_Diphosphate;@CHEMICAL_Adenosine_Diphosphate;chemical;90.0
@CHEMICAL_Sulfasalazine;@CHEMICAL_Sulfasalazine;chemical;90.0
@CHEMICAL_baricitinib;@CHEMICAL_baricitinib;chemical;90.0
@CHEMICAL_erastin;@CHEMICAL_erastin;chemical;90.0
@CHEMICAL_6_hydroxy_2_5_7_8_tetramethylchroman_2_carboxylic_acid;@CHEMICAL_6_hydroxy_2_5_7_8_tetramethylchroman_2_carboxylic_acid;chemical;89.0
@CHEMICAL_Deferoxamine;@CHEMICAL_Deferoxamine;chemical;89.0
@CHEMICAL_Dexmedetomidine;@CHEMICAL_Dexmedetomidine;chemical;89.0
@CHEMICAL_Mannose;@CHEMICAL_Mannose;chemical;89.0
@CHEMICAL_Sildenafil_Citrate;@CHEMICAL_Sildenafil_Citrate;chemical;89.0
@CHEMICAL_atezolizumab;@CHEMICAL_atezolizumab;chemical;89.0
@CHEMICAL_benz(a)anthracene;@CHEMICAL_benz(a)anthracene;chemical;89.0
@CHEMICAL_cinnamaldehyde;@CHEMICAL_cinnamaldehyde;chemical;89.0
@CHEMICAL_ursolic_acid;@CHEMICAL_ursolic_acid;chemical;89.0
@CHEMICAL_Acids;@CHEMICAL_Acids;chemical;88.0
@CHEMICAL_Carboxylic_Acids;@CHEMICAL_Carboxylic_Acids;chemical;88.0
@CHEMICAL_Disulfiram;@CHEMICAL_Disulfiram;chemical;88.0
@CHEMICAL_Docetaxel;@CHEMICAL_Docetaxel;chemical;88.0
@CHEMICAL_Furosemide;@CHEMICAL_Furosemide;chemical;88.0
@CHEMICAL_Ketones;@CHEMICAL_Ketones;chemical;88.0
@CHEMICAL_Schiff_Bases;@CHEMICAL_Schiff_Bases;chemical;88.0
@CHEMICAL_triptolide;@CHEMICAL_triptolide;chemical;88.0
@CHEMICAL_Carboxymethylcellulose_Sodium;@CHEMICAL_Carboxymethylcellulose_Sodium;chemical;87.0
@CHEMICAL_Clopidogrel;@CHEMICAL_Clopidogrel;chemical;87.0
@CHEMICAL_Nitrogen_Dioxide;@CHEMICAL_Nitrogen_Dioxide;chemical;87.0
@CHEMICAL_Tadalafil;@CHEMICAL_Tadalafil;chemical;87.0
@CHEMICAL_Voriconazole;@CHEMICAL_Voriconazole;chemical;87.0
@CHEMICAL_Warfarin;@CHEMICAL_Warfarin;chemical;87.0
@CHEMICAL_3_4_dihydroxyphenylethanol;@CHEMICAL_3_4_dihydroxyphenylethanol;chemical;86.0
@CHEMICAL_Chlorpyrifos;@CHEMICAL_Chlorpyrifos;chemical;86.0
@CHEMICAL_Glutathione_Disulfide;@CHEMICAL_Glutathione_Disulfide;chemical;86.0
@CHEMICAL_Leflunomide;@CHEMICAL_Leflunomide;chemical;86.0
@CHEMICAL_Lipid_Peroxides;@CHEMICAL_Lipid_Peroxides;chemical;86.0
@CHEMICAL_PQQ_Cofactor;@CHEMICAL_PQQ_Cofactor;chemical;86.0
@CHEMICAL_Vincristine;@CHEMICAL_Vincristine;chemical;86.0
@CHEMICAL_Ceramides;@CHEMICAL_Ceramides;chemical;85.0
@CHEMICAL_Cholesterol_Esters;@CHEMICAL_Cholesterol_Esters;chemical;85.0
@CHEMICAL_Febuxostat;@CHEMICAL_Febuxostat;chemical;85.0
@CHEMICAL_Ipilimumab;@CHEMICAL_Ipilimumab;chemical;85.0
@CHEMICAL_Ivermectin;@CHEMICAL_Ivermectin;chemical;85.0
@CHEMICAL_osimertinib;@CHEMICAL_osimertinib;chemical;85.0
@CHEMICAL_piperine;@CHEMICAL_piperine;chemical;85.0
@CHEMICAL_Diosmin;@CHEMICAL_Diosmin;chemical;84.0
@CHEMICAL_Fluoroquinolones;@CHEMICAL_Fluoroquinolones;chemical;84.0
@CHEMICAL_Lidocaine;@CHEMICAL_Lidocaine;chemical;84.0
@CHEMICAL_Polyethylene;@CHEMICAL_Polyethylene;chemical;84.0
@CHEMICAL_ethylene;@CHEMICAL_ethylene;chemical;84.0
@CHEMICAL_manganese_dioxide;@CHEMICAL_manganese_dioxide;chemical;84.0
@CHEMICAL_stearic_acid;@CHEMICAL_stearic_acid;chemical;84.0
@CHEMICAL_Amikacin;@CHEMICAL_Amikacin;chemical;83.0
@CHEMICAL_Aminolevulinic_Acid;@CHEMICAL_Aminolevulinic_Acid;chemical;83.0
@CHEMICAL_Cytarabine;@CHEMICAL_Cytarabine;chemical;83.0
@CHEMICAL_Pentoxifylline;@CHEMICAL_Pentoxifylline;chemical;83.0
@CHEMICAL_Peroxides;@CHEMICAL_Peroxides;chemical;83.0
@CHEMICAL_Sodium_Dodecyl_Sulfate;@CHEMICAL_Sodium_Dodecyl_Sulfate;chemical;83.0
@CHEMICAL_coumarin;@CHEMICAL_coumarin;chemical;83.0
@CHEMICAL_sulforaphane;@CHEMICAL_sulforaphane;chemical;83.0
@CHEMICAL_Artesunate;@CHEMICAL_Artesunate;chemical;82.0
@CHEMICAL_Carvedilol;@CHEMICAL_Carvedilol;chemical;82.0
@CHEMICAL_Orotic_Acid;@CHEMICAL_Orotic_Acid;chemical;82.0
@CHEMICAL_Telmisartan;@CHEMICAL_Telmisartan;chemical;82.0
@CHEMICAL_Acetone;@CHEMICAL_Acetone;chemical;81.0
@CHEMICAL_Boron;@CHEMICAL_Boron;chemical;81.0
@CHEMICAL_Deuterium;@CHEMICAL_Deuterium;chemical;81.0
@CHEMICAL_Dimethyl_Fumarate;@CHEMICAL_Dimethyl_Fumarate;chemical;81.0
@CHEMICAL_Edetic_Acid;@CHEMICAL_Edetic_Acid;chemical;81.0
@CHEMICAL_mitoquinone;@CHEMICAL_mitoquinone;chemical;81.0
@CHEMICAL_rhein;@CHEMICAL_rhein;chemical;81.0
@CHEMICAL_Ethylene_Glycol;@CHEMICAL_Ethylene_Glycol;chemical;80.0
@CHEMICAL_Indoleacetic_Acids;@CHEMICAL_Indoleacetic_Acids;chemical;80.0
@CHEMICAL_Tranexamic_Acid;@CHEMICAL_Tranexamic_Acid;chemical;80.0
@CHEMICAL_glyoxylic_acid;@CHEMICAL_glyoxylic_acid;chemical;80.0
@CHEMICAL_hemicellulose;@CHEMICAL_hemicellulose;chemical;80.0
@CHEMICAL_polydatin;@CHEMICAL_polydatin;chemical;80.0
@CHEMICAL_sinapinic_acid;@CHEMICAL_sinapinic_acid;chemical;80.0
@CHEMICAL_succinylacetone;@CHEMICAL_succinylacetone;chemical;80.0
@CHEMICAL_7_hydroxycoumarin;@CHEMICAL_7_hydroxycoumarin;chemical;79.0
@CHEMICAL_Fish_Oils;@CHEMICAL_Fish_Oils;chemical;79.0
@CHEMICAL_Hypoxanthine;@CHEMICAL_Hypoxanthine;chemical;79.0
@CHEMICAL_Peroxynitrous_Acid;@CHEMICAL_Peroxynitrous_Acid;chemical;79.0
@CHEMICAL_Phosphatidylinositols;@CHEMICAL_Phosphatidylinositols;chemical;79.0
@CHEMICAL_Porphyrins;@CHEMICAL_Porphyrins;chemical;79.0
@CHEMICAL_Proanthocyanidins;@CHEMICAL_Proanthocyanidins;chemical;79.0
@CHEMICAL_Vitamin_K;@CHEMICAL_Vitamin_K;chemical;79.0
@CHEMICAL_ruxolitinib;@CHEMICAL_ruxolitinib;chemical;79.0
@CHEMICAL_secukinumab;@CHEMICAL_secukinumab;chemical;79.0
@CHEMICAL_Capecitabine;@CHEMICAL_Capecitabine;chemical;78.0
@CHEMICAL_Cyclic_GMP;@CHEMICAL_Cyclic_GMP;chemical;78.0
@CHEMICAL_Dextromethorphan;@CHEMICAL_Dextromethorphan;chemical;78.0
@CHEMICAL_Isoflavones;@CHEMICAL_Isoflavones;chemical;78.0
@CHEMICAL_Mevalonic_Acid;@CHEMICAL_Mevalonic_Acid;chemical;78.0
@CHEMICAL_Oxidopamine;@CHEMICAL_Oxidopamine;chemical;78.0
@CHEMICAL_Vanadium;@CHEMICAL_Vanadium;chemical;78.0
@CHEMICAL_Xanthine;@CHEMICAL_Xanthine;chemical;78.0
@CHEMICAL_oleuropein;@CHEMICAL_oleuropein;chemical;78.0
@CHEMICAL_3_4_5_3'_4'_pentachlorobiphenyl;@CHEMICAL_3_4_5_3'_4'_pentachlorobiphenyl;chemical;77.0
@CHEMICAL_Alkalies;@CHEMICAL_Alkalies;chemical;77.0
@CHEMICAL_Androstenedione;@CHEMICAL_Androstenedione;chemical;77.0
@CHEMICAL_Diosgenin;@CHEMICAL_Diosgenin;chemical;77.0
@CHEMICAL_Fumarates;@CHEMICAL_Fumarates;chemical;77.0
@CHEMICAL_Pentosephosphates;@CHEMICAL_Pentosephosphates;chemical;77.0
@CHEMICAL_Spironolactone;@CHEMICAL_Spironolactone;chemical;77.0
@CHEMICAL_Ticagrelor;@CHEMICAL_Ticagrelor;chemical;77.0
@CHEMICAL_arginyl_glycyl_aspartic_acid;@CHEMICAL_arginyl_glycyl_aspartic_acid;chemical;77.0
@CHEMICAL_cabozantinib;@CHEMICAL_cabozantinib;chemical;77.0
@CHEMICAL_rhodioloside;@CHEMICAL_rhodioloside;chemical;77.0
@CHEMICAL_troxerutin;@CHEMICAL_troxerutin;chemical;77.0
@CHEMICAL_2_2'_azino_di_(3_ethylbenzothiazoline)_6_sulfonic_acid;@CHEMICAL_2_2'_azino_di_(3_ethylbenzothiazoline)_6_sulfonic_acid;chemical;76.0
@CHEMICAL_Imipenem;@CHEMICAL_Imipenem;chemical;76.0
@CHEMICAL_Tannins;@CHEMICAL_Tannins;chemical;76.0
@CHEMICAL_diosmetin;@CHEMICAL_diosmetin;chemical;76.0
@CHEMICAL_nobiletin;@CHEMICAL_nobiletin;chemical;76.0
@CHEMICAL_Magnesium_Sulfate;@CHEMICAL_Magnesium_Sulfate;chemical;75.0
@CHEMICAL_Oligosaccharides;@CHEMICAL_Oligosaccharides;chemical;75.0
@CHEMICAL_Pemetrexed;@CHEMICAL_Pemetrexed;chemical;75.0
@CHEMICAL_Protactinium;@CHEMICAL_Protactinium;chemical;75.0
@CHEMICAL_Sulfides;@CHEMICAL_Sulfides;chemical;75.0
@CHEMICAL_Tartrazine;@CHEMICAL_Tartrazine;chemical;75.0
@CHEMICAL_Ammonium_Compounds;@CHEMICAL_Ammonium_Compounds;chemical;74.0
@CHEMICAL_Antimony;@CHEMICAL_Antimony;chemical;74.0
@CHEMICAL_Busulfan;@CHEMICAL_Busulfan;chemical;74.0
@CHEMICAL_Eugenol;@CHEMICAL_Eugenol;chemical;74.0
@CHEMICAL_Mannitol;@CHEMICAL_Mannitol;chemical;74.0
@CHEMICAL_Ruthenium;@CHEMICAL_Ruthenium;chemical;74.0
@CHEMICAL_Trehalose;@CHEMICAL_Trehalose;chemical;74.0
@CHEMICAL_imidacloprid;@CHEMICAL_imidacloprid;chemical;74.0
@CHEMICAL_3_4_Dihydroxyphenylacetic_Acid;@CHEMICAL_3_4_Dihydroxyphenylacetic_Acid;chemical;73.0
@CHEMICAL_Acyclovir;@CHEMICAL_Acyclovir;chemical;73.0
@CHEMICAL_Carbon_13;@CHEMICAL_Carbon_13;chemical;73.0
@CHEMICAL_Dapsone;@CHEMICAL_Dapsone;chemical;73.0
@CHEMICAL_Gabapentin;@CHEMICAL_Gabapentin;chemical;73.0
@CHEMICAL_Oligonucleotides;@CHEMICAL_Oligonucleotides;chemical;73.0
@CHEMICAL_Xylenes;@CHEMICAL_Xylenes;chemical;73.0
@CHEMICAL_ginsenoside_Rg1;@CHEMICAL_ginsenoside_Rg1;chemical;73.0
@CHEMICAL_linalool;@CHEMICAL_linalool;chemical;73.0
@CHEMICAL_polycaprolactone;@CHEMICAL_polycaprolactone;chemical;73.0
@CHEMICAL_saikosaponin_D;@CHEMICAL_saikosaponin_D;chemical;73.0
@CHEMICAL_trametinib;@CHEMICAL_trametinib;chemical;73.0
@CHEMICAL_Amoxicillin;@CHEMICAL_Amoxicillin;chemical;72.0
@CHEMICAL_Amphotericin_B;@CHEMICAL_Amphotericin_B;chemical;72.0
@CHEMICAL_Canagliflozin;@CHEMICAL_Canagliflozin;chemical;72.0
@CHEMICAL_Cerium;@CHEMICAL_Cerium;chemical;72.0
@CHEMICAL_Coenzyme_A;@CHEMICAL_Coenzyme_A;chemical;72.0
@CHEMICAL_Dipeptides;@CHEMICAL_Dipeptides;chemical;72.0
@CHEMICAL_Fluoxetine;@CHEMICAL_Fluoxetine;chemical;72.0
@CHEMICAL_Lenalidomide;@CHEMICAL_Lenalidomide;chemical;72.0
@CHEMICAL_Molybdenum;@CHEMICAL_Molybdenum;chemical;72.0
@CHEMICAL_N'_formylkynurenine;@CHEMICAL_N'_formylkynurenine;chemical;72.0
@CHEMICAL_Olanzapine;@CHEMICAL_Olanzapine;chemical;72.0
@CHEMICAL_Saponins;@CHEMICAL_Saponins;chemical;72.0
@CHEMICAL_Uranium;@CHEMICAL_Uranium;chemical;72.0
@CHEMICAL_geraniol;@CHEMICAL_geraniol;chemical;72.0
@CHEMICAL_indole_3_lactic_acid;@CHEMICAL_indole_3_lactic_acid;chemical;72.0
@CHEMICAL_methyl_orange;@CHEMICAL_methyl_orange;chemical;72.0
@CHEMICAL_Ampicillin;@CHEMICAL_Ampicillin;chemical;71.0
@CHEMICAL_Barium;@CHEMICAL_Barium;chemical;71.0
@CHEMICAL_Diquat;@CHEMICAL_Diquat;chemical;71.0
@CHEMICAL_Glucosamine;@CHEMICAL_Glucosamine;chemical;71.0
@CHEMICAL_Tramadol;@CHEMICAL_Tramadol;chemical;71.0
@CHEMICAL_cupric_oxide;@CHEMICAL_cupric_oxide;chemical;71.0
@CHEMICAL_fucoidan;@CHEMICAL_fucoidan;chemical;71.0
@CHEMICAL_syringic_acid;@CHEMICAL_syringic_acid;chemical;71.0
@CHEMICAL_2_(4_morpholinyl)_8_phenyl_4H_1_benzopyran_4_one;@CHEMICAL_2_(4_morpholinyl)_8_phenyl_4H_1_benzopyran_4_one;chemical;70.0
@CHEMICAL_Adenosine_Monophosphate;@CHEMICAL_Adenosine_Monophosphate;chemical;70.0
@CHEMICAL_CP_protocol;@CHEMICAL_CP_protocol;chemical;70.0
@CHEMICAL_Cocaine;@CHEMICAL_Cocaine;chemical;70.0
@CHEMICAL_Dietary_Fiber;@CHEMICAL_Dietary_Fiber;chemical;70.0
@CHEMICAL_Mitoxantrone;@CHEMICAL_Mitoxantrone;chemical;70.0
@CHEMICAL_Oleanolic_Acid;@CHEMICAL_Oleanolic_Acid;chemical;70.0
@CHEMICAL_Omeprazole;@CHEMICAL_Omeprazole;chemical;70.0
@CHEMICAL_Rosuvastatin_Calcium;@CHEMICAL_Rosuvastatin_Calcium;chemical;70.0
@CHEMICAL_Triclosan;@CHEMICAL_Triclosan;chemical;70.0
@CHEMICAL_durvalumab;@CHEMICAL_durvalumab;chemical;70.0
@CHEMICAL_Amides;@CHEMICAL_Amides;chemical;69.0
@CHEMICAL_Lysophosphatidylcholines;@CHEMICAL_Lysophosphatidylcholines;chemical;69.0
@CHEMICAL_Poloxamer;@CHEMICAL_Poloxamer;chemical;69.0
@CHEMICAL_dupilumab;@CHEMICAL_dupilumab;chemical;69.0
@CHEMICAL_5_hydroxymethylfurfural;@CHEMICAL_5_hydroxymethylfurfural;chemical;68.0
@CHEMICAL_Acrolein;@CHEMICAL_Acrolein;chemical;68.0
@CHEMICAL_Biotin;@CHEMICAL_Biotin;chemical;68.0
@CHEMICAL_Bromine;@CHEMICAL_Bromine;chemical;68.0
@CHEMICAL_Imiquimod;@CHEMICAL_Imiquimod;chemical;68.0
@CHEMICAL_Inosine;@CHEMICAL_Inosine;chemical;68.0
@CHEMICAL_Protons;@CHEMICAL_Protons;chemical;68.0
@CHEMICAL_Putrescine;@CHEMICAL_Putrescine;chemical;68.0
@CHEMICAL_Sevoflurane;@CHEMICAL_Sevoflurane;chemical;68.0
@CHEMICAL_cyanidin_3_O_beta_glucopyranoside;@CHEMICAL_cyanidin_3_O_beta_glucopyranoside;chemical;68.0
@CHEMICAL_ginsenoside_Rb1;@CHEMICAL_ginsenoside_Rb1;chemical;68.0
@CHEMICAL_Carrageenan;@CHEMICAL_Carrageenan;chemical;67.0
@CHEMICAL_Chenodeoxycholic_Acid;@CHEMICAL_Chenodeoxycholic_Acid;chemical;67.0
@CHEMICAL_Glycolipids;@CHEMICAL_Glycolipids;chemical;67.0
@CHEMICAL_Pyridoxine;@CHEMICAL_Pyridoxine;chemical;67.0
@CHEMICAL_phthalic_acid;@CHEMICAL_phthalic_acid;chemical;67.0
@CHEMICAL_pirfenidone;@CHEMICAL_pirfenidone;chemical;67.0
@CHEMICAL_poly(gamma_glutamic_acid);@CHEMICAL_poly(gamma_glutamic_acid);chemical;67.0
@CHEMICAL_3_nitrotyrosine;@CHEMICAL_3_nitrotyrosine;chemical;66.0
@CHEMICAL_4_phenylbutyric_acid;@CHEMICAL_4_phenylbutyric_acid;chemical;66.0
@CHEMICAL_Ceftazidime;@CHEMICAL_Ceftazidime;chemical;66.0
@CHEMICAL_Cytokinins;@CHEMICAL_Cytokinins;chemical;66.0
@CHEMICAL_Enoxaparin;@CHEMICAL_Enoxaparin;chemical;66.0
@CHEMICAL_MOF_protocol;@CHEMICAL_MOF_protocol;chemical;66.0
@CHEMICAL_MXene;@CHEMICAL_MXene;chemical;66.0
@CHEMICAL_Polyethylene_Terephthalates;@CHEMICAL_Polyethylene_Terephthalates;chemical;66.0
@CHEMICAL_Ribavirin;@CHEMICAL_Ribavirin;chemical;66.0
@CHEMICAL_Scopolamine;@CHEMICAL_Scopolamine;chemical;66.0
@CHEMICAL_Sodium_Fluoride;@CHEMICAL_Sodium_Fluoride;chemical;66.0
@CHEMICAL_Sulfur_Dioxide;@CHEMICAL_Sulfur_Dioxide;chemical;66.0
@CHEMICAL_Zinc_Sulfate;@CHEMICAL_Zinc_Sulfate;chemical;66.0
@CHEMICAL_5_amino_levulinic_acid;@CHEMICAL_5_amino_levulinic_acid;chemical;65.0
@CHEMICAL_Acetylcarnitine;@CHEMICAL_Acetylcarnitine;chemical;65.0
@CHEMICAL_Everolimus;@CHEMICAL_Everolimus;chemical;65.0
@CHEMICAL_Flavanones;@CHEMICAL_Flavanones;chemical;65.0
@CHEMICAL_Heparin_Low_Molecular_Weight;@CHEMICAL_Heparin_Low_Molecular_Weight;chemical;65.0
@CHEMICAL_Lactose;@CHEMICAL_Lactose;chemical;65.0
@CHEMICAL_N_Acetylneuraminic_Acid;@CHEMICAL_N_Acetylneuraminic_Acid;chemical;65.0
@CHEMICAL_Parabens;@CHEMICAL_Parabens;chemical;65.0
@CHEMICAL_Tungsten;@CHEMICAL_Tungsten;chemical;65.0
@CHEMICAL_shogaol;@CHEMICAL_shogaol;chemical;65.0
@CHEMICAL_tanshinone;@CHEMICAL_tanshinone;chemical;65.0
@CHEMICAL_3_4_dihydroxyphenyllactic_acid;@CHEMICAL_3_4_dihydroxyphenyllactic_acid;chemical;64.0
@CHEMICAL_Alkenes;@CHEMICAL_Alkenes;chemical;64.0
@CHEMICAL_Amlodipine;@CHEMICAL_Amlodipine;chemical;64.0
@CHEMICAL_Calcium_Chloride;@CHEMICAL_Calcium_Chloride;chemical;64.0
@CHEMICAL_Cholic_Acid;@CHEMICAL_Cholic_Acid;chemical;64.0
@CHEMICAL_Dibutyl_Phthalate;@CHEMICAL_Dibutyl_Phthalate;chemical;64.0
@CHEMICAL_Ethinyl_Estradiol;@CHEMICAL_Ethinyl_Estradiol;chemical;64.0
@CHEMICAL_Nitrous_Oxide;@CHEMICAL_Nitrous_Oxide;chemical;64.0
@CHEMICAL_Penicillins;@CHEMICAL_Penicillins;chemical;64.0
@CHEMICAL_Piperacillin_Tazobactam_Drug_Combination;@CHEMICAL_Piperacillin_Tazobactam_Drug_Combination;chemical;64.0
@CHEMICAL_Propranolol;@CHEMICAL_Propranolol;chemical;64.0
@CHEMICAL_Sodium_Hydroxide;@CHEMICAL_Sodium_Hydroxide;chemical;64.0
@CHEMICAL_Spermidine;@CHEMICAL_Spermidine;chemical;64.0
@CHEMICAL_Thymol;@CHEMICAL_Thymol;chemical;64.0
@CHEMICAL_artemisinin;@CHEMICAL_artemisinin;chemical;64.0
@CHEMICAL_benzidine;@CHEMICAL_benzidine;chemical;64.0
@CHEMICAL_isoliquiritigenin;@CHEMICAL_isoliquiritigenin;chemical;64.0
@CHEMICAL_lignocellulose;@CHEMICAL_lignocellulose;chemical;64.0
@CHEMICAL_phosphatidylethanolamine;@CHEMICAL_phosphatidylethanolamine;chemical;64.0
@CHEMICAL_propiverine;@CHEMICAL_propiverine;chemical;64.0
@CHEMICAL_sacubitril_and_valsartan_sodium_hydrate_drug_combination;@CHEMICAL_sacubitril_and_valsartan_sodium_hydrate_drug_combination;chemical;64.0
@CHEMICAL_salvianolic_acid_B;@CHEMICAL_salvianolic_acid_B;chemical;64.0
@CHEMICAL_Axitinib;@CHEMICAL_Axitinib;chemical;63.0
@CHEMICAL_Memantine;@CHEMICAL_Memantine;chemical;63.0
@CHEMICAL_Phloretin;@CHEMICAL_Phloretin;chemical;63.0
@CHEMICAL_Sodium_Bicarbonate;@CHEMICAL_Sodium_Bicarbonate;chemical;63.0
@CHEMICAL_Sphingomyelins;@CHEMICAL_Sphingomyelins;chemical;63.0
@CHEMICAL_Taurochenodeoxycholic_Acid;@CHEMICAL_Taurochenodeoxycholic_Acid;chemical;63.0
@CHEMICAL_cyanoginosin_LR;@CHEMICAL_cyanoginosin_LR;chemical;63.0
@CHEMICAL_gallocatechol;@CHEMICAL_gallocatechol;chemical;63.0
@CHEMICAL_isobutyric_acid;@CHEMICAL_isobutyric_acid;chemical;63.0
@CHEMICAL_plumbagin;@CHEMICAL_plumbagin;chemical;63.0
@CHEMICAL_quercetin_3_O_glucuronide;@CHEMICAL_quercetin_3_O_glucuronide;chemical;63.0
@CHEMICAL_Cyclodextrins;@CHEMICAL_Cyclodextrins;chemical;62.0
@CHEMICAL_Eicosapentaenoic_Acid;@CHEMICAL_Eicosapentaenoic_Acid;chemical;62.0
@CHEMICAL_Etoricoxib;@CHEMICAL_Etoricoxib;chemical;62.0
@CHEMICAL_Helium;@CHEMICAL_Helium;chemical;62.0
@CHEMICAL_Hemin;@CHEMICAL_Hemin;chemical;62.0
@CHEMICAL_RNA_Transfer_Amino_Acyl;@CHEMICAL_RNA_Transfer_Amino_Acyl;chemical;62.0
@CHEMICAL_Rosiglitazone;@CHEMICAL_Rosiglitazone;chemical;62.0
@CHEMICAL_Streptomycin;@CHEMICAL_Streptomycin;chemical;62.0
@CHEMICAL_molybdenum_disulfide;@CHEMICAL_molybdenum_disulfide;chemical;62.0
@CHEMICAL_pterostilbene;@CHEMICAL_pterostilbene;chemical;62.0
@CHEMICAL_sinensetin;@CHEMICAL_sinensetin;chemical;62.0
@CHEMICAL_sphingosine_1_phosphate;@CHEMICAL_sphingosine_1_phosphate;chemical;62.0
@CHEMICAL_6_hydroxy_5_((p__sulfophenyl)azo)_2_naphthalenesulfonic_acid_disodium_salt;@CHEMICAL_6_hydroxy_5_((p__sulfophenyl)azo)_2_naphthalenesulfonic_acid_disodium_salt;chemical;61.0
@CHEMICAL_Deoxycholic_Acid;@CHEMICAL_Deoxycholic_Acid;chemical;61.0
@CHEMICAL_Fluconazole;@CHEMICAL_Fluconazole;chemical;61.0
@CHEMICAL_Lutein;@CHEMICAL_Lutein;chemical;61.0
@CHEMICAL_Stigmasterol;@CHEMICAL_Stigmasterol;chemical;61.0
@CHEMICAL_chrysophanic_acid;@CHEMICAL_chrysophanic_acid;chemical;61.0
@CHEMICAL_crocin;@CHEMICAL_crocin;chemical;61.0
@CHEMICAL_liquiritigenin;@CHEMICAL_liquiritigenin;chemical;61.0
@CHEMICAL_regorafenib;@CHEMICAL_regorafenib;chemical;61.0
@CHEMICAL_sacubitril;@CHEMICAL_sacubitril;chemical;61.0
@CHEMICAL_sodium_arsenite;@CHEMICAL_sodium_arsenite;chemical;61.0
@CHEMICAL_theanine;@CHEMICAL_theanine;chemical;61.0
@CHEMICAL_5_Hydroxytryptophan;@CHEMICAL_5_Hydroxytryptophan;chemical;60.0
@CHEMICAL_Cannabinoids;@CHEMICAL_Cannabinoids;chemical;60.0
@CHEMICAL_Dehydroepiandrosterone_Sulfate;@CHEMICAL_Dehydroepiandrosterone_Sulfate;chemical;60.0
@CHEMICAL_Fenofibrate;@CHEMICAL_Fenofibrate;chemical;60.0
@CHEMICAL_Guanosine;@CHEMICAL_Guanosine;chemical;60.0
@CHEMICAL_Methoxyhydroxyphenylglycol;@CHEMICAL_Methoxyhydroxyphenylglycol;chemical;60.0
@CHEMICAL_boric_acid;@CHEMICAL_boric_acid;chemical;60.0
@CHEMICAL_deoxynivalenol;@CHEMICAL_deoxynivalenol;chemical;60.0
@CHEMICAL_eriodictyol;@CHEMICAL_eriodictyol;chemical;60.0
@CHEMICAL_juglone;@CHEMICAL_juglone;chemical;60.0
@CHEMICAL_n_pentanoic_acid;@CHEMICAL_n_pentanoic_acid;chemical;60.0
@CHEMICAL_wogonin;@CHEMICAL_wogonin;chemical;60.0
@CHEMICAL_Cytidine_Diphosphate_Choline;@CHEMICAL_Cytidine_Diphosphate_Choline;chemical;59.0
@CHEMICAL_Dronabinol;@CHEMICAL_Dronabinol;chemical;59.0
@CHEMICAL_Ferrosoferric_Oxide;@CHEMICAL_Ferrosoferric_Oxide;chemical;59.0
@CHEMICAL_Gadolinium;@CHEMICAL_Gadolinium;chemical;59.0
@CHEMICAL_Leucovorin;@CHEMICAL_Leucovorin;chemical;59.0
@CHEMICAL_Lithium_Chloride;@CHEMICAL_Lithium_Chloride;chemical;59.0
@CHEMICAL_Losartan;@CHEMICAL_Losartan;chemical;59.0
@CHEMICAL_Polytetrafluoroethylene;@CHEMICAL_Polytetrafluoroethylene;chemical;59.0
@CHEMICAL_Vitamin_K_2;@CHEMICAL_Vitamin_K_2;chemical;59.0
@CHEMICAL_beta_Alanine;@CHEMICAL_beta_Alanine;chemical;59.0
@CHEMICAL_carboxymethyl_chitosan;@CHEMICAL_carboxymethyl_chitosan;chemical;59.0
@CHEMICAL_glycocyamine;@CHEMICAL_glycocyamine;chemical;59.0
@CHEMICAL_imidazole;@CHEMICAL_imidazole;chemical;59.0
@CHEMICAL_vitexin;@CHEMICAL_vitexin;chemical;59.0
@CHEMICAL_Aluminum_Oxide;@CHEMICAL_Aluminum_Oxide;chemical;58.0
@CHEMICAL_Arbutin;@CHEMICAL_Arbutin;chemical;58.0
@CHEMICAL_CAV_protocol;@CHEMICAL_CAV_protocol;chemical;58.0
@CHEMICAL_Coumarins;@CHEMICAL_Coumarins;chemical;58.0
@CHEMICAL_Isotretinoin;@CHEMICAL_Isotretinoin;chemical;58.0
@CHEMICAL_Lithocholic_Acid;@CHEMICAL_Lithocholic_Acid;chemical;58.0
@CHEMICAL_Moxifloxacin;@CHEMICAL_Moxifloxacin;chemical;58.0
@CHEMICAL_Naproxen;@CHEMICAL_Naproxen;chemical;58.0
@CHEMICAL_Pregabalin;@CHEMICAL_Pregabalin;chemical;58.0
@CHEMICAL_hippuric_acid;@CHEMICAL_hippuric_acid;chemical;58.0
@CHEMICAL_linarin;@CHEMICAL_linarin;chemical;58.0
@CHEMICAL_montelukast;@CHEMICAL_montelukast;chemical;58.0
@CHEMICAL_xanthohumol;@CHEMICAL_xanthohumol;chemical;58.0
@CHEMICAL_Amino_Acids_Essential;@CHEMICAL_Amino_Acids_Essential;chemical;57.0
@CHEMICAL_Dimethyl_Sulfoxide;@CHEMICAL_Dimethyl_Sulfoxide;chemical;57.0
@CHEMICAL_Phenobarbital;@CHEMICAL_Phenobarbital;chemical;57.0
@CHEMICAL_Sulfonamides;@CHEMICAL_Sulfonamides;chemical;57.0
@CHEMICAL_Xylose;@CHEMICAL_Xylose;chemical;57.0
@CHEMICAL_olaparib;@CHEMICAL_olaparib;chemical;57.0
@CHEMICAL_stannic_oxide;@CHEMICAL_stannic_oxide;chemical;57.0
@CHEMICAL_tangeretin;@CHEMICAL_tangeretin;chemical;57.0
@CHEMICAL_2_3_dihydroxybenzoic_acid;@CHEMICAL_2_3_dihydroxybenzoic_acid;chemical;56.0
@CHEMICAL_4_hydroxy_2_nonenal;@CHEMICAL_4_hydroxy_2_nonenal;chemical;56.0
@CHEMICAL_Budesonide;@CHEMICAL_Budesonide;chemical;56.0
@CHEMICAL_Copper_Sulfate;@CHEMICAL_Copper_Sulfate;chemical;56.0
@CHEMICAL_Decitabine;@CHEMICAL_Decitabine;chemical;56.0
@CHEMICAL_Fentanyl;@CHEMICAL_Fentanyl;chemical;56.0
@CHEMICAL_Iodine_131;@CHEMICAL_Iodine_131;chemical;56.0
@CHEMICAL_Isoniazid;@CHEMICAL_Isoniazid;chemical;56.0
@CHEMICAL_Medroxyprogesterone_Acetate;@CHEMICAL_Medroxyprogesterone_Acetate;chemical;56.0
@CHEMICAL_Poly_I_C;@CHEMICAL_Poly_I_C;chemical;56.0
@CHEMICAL_Quinones;@CHEMICAL_Quinones;chemical;56.0
@CHEMICAL_Risperidone;@CHEMICAL_Risperidone;chemical;56.0
@CHEMICAL_Tocotrienols;@CHEMICAL_Tocotrienols;chemical;56.0
@CHEMICAL_caryophyllene;@CHEMICAL_caryophyllene;chemical;56.0
@CHEMICAL_cyclopamine;@CHEMICAL_cyclopamine;chemical;56.0
@CHEMICAL_ponatinib;@CHEMICAL_ponatinib;chemical;56.0
@CHEMICAL_tocophersolan;@CHEMICAL_tocophersolan;chemical;56.0
@CHEMICAL_3_methyladenine;@CHEMICAL_3_methyladenine;chemical;55.0
@CHEMICAL_Albendazole;@CHEMICAL_Albendazole;chemical;55.0
@CHEMICAL_Cefepime;@CHEMICAL_Cefepime;chemical;55.0
@CHEMICAL_Cetuximab;@CHEMICAL_Cetuximab;chemical;55.0
@CHEMICAL_Flavin_Adenine_Dinucleotide;@CHEMICAL_Flavin_Adenine_Dinucleotide;chemical;55.0
@CHEMICAL_Glucuronic_Acid;@CHEMICAL_Glucuronic_Acid;chemical;55.0
@CHEMICAL_Hydroxyurea;@CHEMICAL_Hydroxyurea;chemical;55.0
@CHEMICAL_Methylene_Chloride;@CHEMICAL_Methylene_Chloride;chemical;55.0
@CHEMICAL_Phosphatidylserines;@CHEMICAL_Phosphatidylserines;chemical;55.0
@CHEMICAL_ferrostatin_1;@CHEMICAL_ferrostatin_1;chemical;55.0
@CHEMICAL_honokiol;@CHEMICAL_honokiol;chemical;55.0
@CHEMICAL_itaconic_acid;@CHEMICAL_itaconic_acid;chemical;55.0
@CHEMICAL_neuromelanin;@CHEMICAL_neuromelanin;chemical;55.0
@CHEMICAL_punky_blue;@CHEMICAL_punky_blue;chemical;55.0
@CHEMICAL_sintilimab;@CHEMICAL_sintilimab;chemical;55.0
@CHEMICAL_Captopril;@CHEMICAL_Captopril;chemical;54.0
@CHEMICAL_Clozapine;@CHEMICAL_Clozapine;chemical;54.0
@CHEMICAL_Indocyanine_Green;@CHEMICAL_Indocyanine_Green;chemical;54.0
@CHEMICAL_Nicotinamide_Mononucleotide;@CHEMICAL_Nicotinamide_Mononucleotide;chemical;54.0
@CHEMICAL_2_(2_amino_3_methoxyphenyl)_4H_1_benzopyran_4_one;@CHEMICAL_2_(2_amino_3_methoxyphenyl)_4H_1_benzopyran_4_one;chemical;53.0
@CHEMICAL_4_nitrophenol;@CHEMICAL_4_nitrophenol;chemical;53.0
@CHEMICAL_Bismuth;@CHEMICAL_Bismuth;chemical;53.0
@CHEMICAL_Dissolved_Organic_Matter;@CHEMICAL_Dissolved_Organic_Matter;chemical;53.0
@CHEMICAL_Edaravone;@CHEMICAL_Edaravone;chemical;53.0
@CHEMICAL_Erlotinib_Hydrochloride;@CHEMICAL_Erlotinib_Hydrochloride;chemical;53.0
@CHEMICAL_Fingolimod_Hydrochloride;@CHEMICAL_Fingolimod_Hydrochloride;chemical;53.0
@CHEMICAL_Flavonols;@CHEMICAL_Flavonols;chemical;53.0
@CHEMICAL_Hexanes;@CHEMICAL_Hexanes;chemical;53.0
@CHEMICAL_HhAntag691;@CHEMICAL_HhAntag691;chemical;53.0
@CHEMICAL_Paroxetine;@CHEMICAL_Paroxetine;chemical;53.0
@CHEMICAL_SB_203580;@CHEMICAL_SB_203580;chemical;53.0
@CHEMICAL_Sarcosine;@CHEMICAL_Sarcosine;chemical;53.0
@CHEMICAL_Sterols;@CHEMICAL_Sterols;chemical;53.0
@CHEMICAL_brassinolide;@CHEMICAL_brassinolide;chemical;53.0
@CHEMICAL_calcium_phosphate;@CHEMICAL_calcium_phosphate;chemical;53.0
@CHEMICAL_daidzein;@CHEMICAL_daidzein;chemical;53.0
@CHEMICAL_liquiritin;@CHEMICAL_liquiritin;chemical;53.0
@CHEMICAL_oxymatrine;@CHEMICAL_oxymatrine;chemical;53.0
@CHEMICAL_25_hydroxyvitamin_D;@CHEMICAL_25_hydroxyvitamin_D;chemical;52.0
@CHEMICAL_4_cresol_sulfate;@CHEMICAL_4_cresol_sulfate;chemical;52.0
@CHEMICAL_Agent_Orange;@CHEMICAL_Agent_Orange;chemical;52.0
@CHEMICAL_Fatty_Acids_Monounsaturated;@CHEMICAL_Fatty_Acids_Monounsaturated;chemical;52.0
@CHEMICAL_Glycyrrhetinic_Acid;@CHEMICAL_Glycyrrhetinic_Acid;chemical;52.0
@CHEMICAL_Haloperidol;@CHEMICAL_Haloperidol;chemical;52.0
@CHEMICAL_Hydrocarbons;@CHEMICAL_Hydrocarbons;chemical;52.0
@CHEMICAL_Ketone_Bodies;@CHEMICAL_Ketone_Bodies;chemical;52.0
@CHEMICAL_Spermine;@CHEMICAL_Spermine;chemical;52.0
@CHEMICAL_albiflorin;@CHEMICAL_albiflorin;chemical;52.0
@CHEMICAL_camrelizumab;@CHEMICAL_camrelizumab;chemical;52.0
@CHEMICAL_carbopol_940;@CHEMICAL_carbopol_940;chemical;52.0
@CHEMICAL_lauric_acid;@CHEMICAL_lauric_acid;chemical;52.0
@CHEMICAL_nuciferine;@CHEMICAL_nuciferine;chemical;52.0
@CHEMICAL_quercitrin;@CHEMICAL_quercitrin;chemical;52.0
@CHEMICAL_Acetaldehyde;@CHEMICAL_Acetaldehyde;chemical;51.0
@CHEMICAL_Bentonite;@CHEMICAL_Bentonite;chemical;51.0
@CHEMICAL_Clindamycin;@CHEMICAL_Clindamycin;chemical;51.0
@CHEMICAL_Dihydroxyphenylalanine;@CHEMICAL_Dihydroxyphenylalanine;chemical;51.0
@CHEMICAL_Dizocilpine_Maleate;@CHEMICAL_Dizocilpine_Maleate;chemical;51.0
@CHEMICAL_Ficusin;@CHEMICAL_Ficusin;chemical;51.0
@CHEMICAL_Kainic_Acid;@CHEMICAL_Kainic_Acid;chemical;51.0
@CHEMICAL_Luteinizing_Hormone;@CHEMICAL_Luteinizing_Hormone;chemical;51.0
@CHEMICAL_Naltrexone;@CHEMICAL_Naltrexone;chemical;51.0
@CHEMICAL_Pyrrolidonecarboxylic_Acid;@CHEMICAL_Pyrrolidonecarboxylic_Acid;chemical;51.0
@CHEMICAL_Trastuzumab;@CHEMICAL_Trastuzumab;chemical;51.0
@CHEMICAL_calycosin_7_O_beta_D_glucoside;@CHEMICAL_calycosin_7_O_beta_D_glucoside;chemical;51.0
@CHEMICAL_embelin;@CHEMICAL_embelin;chemical;51.0
@CHEMICAL_zingerone;@CHEMICAL_zingerone;chemical;51.0
@CHEMICAL_Benzoates;@CHEMICAL_Benzoates;chemical;50.0
@CHEMICAL_Linagliptin;@CHEMICAL_Linagliptin;chemical;50.0
@CHEMICAL_Pyridoxal_Phosphate;@CHEMICAL_Pyridoxal_Phosphate;chemical;50.0
@CHEMICAL_avelumab;@CHEMICAL_avelumab;chemical;50.0
@CHEMICAL_diacerein;@CHEMICAL_diacerein;chemical;50.0
@CHEMICAL_dihydrolipoic_acid;@CHEMICAL_dihydrolipoic_acid;chemical;50.0
@CHEMICAL_ferric_ferrocyanide;@CHEMICAL_ferric_ferrocyanide;chemical;50.0
@CHEMICAL_idebenone;@CHEMICAL_idebenone;chemical;50.0
@CHEMICAL_mangiferin;@CHEMICAL_mangiferin;chemical;50.0
@CHEMICAL_purmorphamine;@CHEMICAL_purmorphamine;chemical;50.0
@CHEMICAL_urea_nitrate;@CHEMICAL_urea_nitrate;chemical;50.0
@CHEMICAL_Allantoin;@CHEMICAL_Allantoin;chemical;49.0
@CHEMICAL_Carbonates;@CHEMICAL_Carbonates;chemical;49.0
@CHEMICAL_Cephalosporins;@CHEMICAL_Cephalosporins;chemical;49.0
@CHEMICAL_Donepezil;@CHEMICAL_Donepezil;chemical;49.0
@CHEMICAL_Lapatinib;@CHEMICAL_Lapatinib;chemical;49.0
@CHEMICAL_Mercuric_Chloride;@CHEMICAL_Mercuric_Chloride;chemical;49.0
@CHEMICAL_Omalizumab;@CHEMICAL_Omalizumab;chemical;49.0
@CHEMICAL_Pamidronate;@CHEMICAL_Pamidronate;chemical;49.0
@CHEMICAL_Pantothenic_Acid;@CHEMICAL_Pantothenic_Acid;chemical;49.0
@CHEMICAL_abacavir;@CHEMICAL_abacavir;chemical;49.0
@CHEMICAL_andrographolide;@CHEMICAL_andrographolide;chemical;49.0
@CHEMICAL_flavanone;@CHEMICAL_flavanone;chemical;49.0
@CHEMICAL_ixekizumab;@CHEMICAL_ixekizumab;chemical;49.0
@CHEMICAL_malonic_acid;@CHEMICAL_malonic_acid;chemical;49.0
@CHEMICAL_perovskite;@CHEMICAL_perovskite;chemical;49.0
@CHEMICAL_pexidartinib;@CHEMICAL_pexidartinib;chemical;49.0
@CHEMICAL_polyaniline;@CHEMICAL_polyaniline;chemical;49.0
@CHEMICAL_pyrene;@CHEMICAL_pyrene;chemical;49.0
@CHEMICAL_romosozumab;@CHEMICAL_romosozumab;chemical;49.0
@CHEMICAL_1_Butanol;@CHEMICAL_1_Butanol;chemical;48.0
@CHEMICAL_Cefazolin;@CHEMICAL_Cefazolin;chemical;48.0
@CHEMICAL_Chitin;@CHEMICAL_Chitin;chemical;48.0
@CHEMICAL_Congo_Red;@CHEMICAL_Congo_Red;chemical;48.0
@CHEMICAL_Diglycerides;@CHEMICAL_Diglycerides;chemical;48.0
@CHEMICAL_Phenylephrine;@CHEMICAL_Phenylephrine;chemical;48.0
@CHEMICAL_Selenious_Acid;@CHEMICAL_Selenious_Acid;chemical;48.0
@CHEMICAL_Sodium_Salicylate;@CHEMICAL_Sodium_Salicylate;chemical;48.0
@CHEMICAL_Vorinostat;@CHEMICAL_Vorinostat;chemical;48.0
@CHEMICAL_Zeolites;@CHEMICAL_Zeolites;chemical;48.0
@CHEMICAL_neohesperidin;@CHEMICAL_neohesperidin;chemical;48.0
@CHEMICAL_nilotinib;@CHEMICAL_nilotinib;chemical;48.0
@CHEMICAL_oridonin;@CHEMICAL_oridonin;chemical;48.0
@CHEMICAL_sapropterin;@CHEMICAL_sapropterin;chemical;48.0
@CHEMICAL_tetramethylpyrazine;@CHEMICAL_tetramethylpyrazine;chemical;48.0
@CHEMICAL_2_methyl_2H_pyrazole_3_carboxylic_acid_(2_methyl_4_o_tolylazophenyl)amide;@CHEMICAL_2_methyl_2H_pyrazole_3_carboxylic_acid_(2_methyl_4_o_tolylazophenyl)amide;chemical;47.0
@CHEMICAL_Aminoglycosides;@CHEMICAL_Aminoglycosides;chemical;47.0
@CHEMICAL_Aspartame;@CHEMICAL_Aspartame;chemical;47.0
@CHEMICAL_Benzodiazepines;@CHEMICAL_Benzodiazepines;chemical;47.0
@CHEMICAL_Clarithromycin;@CHEMICAL_Clarithromycin;chemical;47.0
@CHEMICAL_Crizotinib;@CHEMICAL_Crizotinib;chemical;47.0
@CHEMICAL_Digoxin;@CHEMICAL_Digoxin;chemical;47.0
@CHEMICAL_Ezetimibe;@CHEMICAL_Ezetimibe;chemical;47.0
@CHEMICAL_Ketoconazole;@CHEMICAL_Ketoconazole;chemical;47.0
@CHEMICAL_Okadaic_Acid;@CHEMICAL_Okadaic_Acid;chemical;47.0
@CHEMICAL_Palmitates;@CHEMICAL_Palmitates;chemical;47.0
@CHEMICAL_Probenecid;@CHEMICAL_Probenecid;chemical;47.0
@CHEMICAL_Sertraline;@CHEMICAL_Sertraline;chemical;47.0
@CHEMICAL_Sorbitol;@CHEMICAL_Sorbitol;chemical;47.0
@CHEMICAL_Uridine;@CHEMICAL_Uridine;chemical;47.0
@CHEMICAL_caffeic_acid_phenethyl_ester;@CHEMICAL_caffeic_acid_phenethyl_ester;chemical;47.0
@CHEMICAL_gamma_Tocopherol;@CHEMICAL_gamma_Tocopherol;chemical;47.0
@CHEMICAL_icaritin;@CHEMICAL_icaritin;chemical;47.0
@CHEMICAL_luteolin_7_glucoside;@CHEMICAL_luteolin_7_glucoside;chemical;47.0
@CHEMICAL_venetoclax;@CHEMICAL_venetoclax;chemical;47.0
@CHEMICAL_4_hydroxyphenylpyruvic_acid;@CHEMICAL_4_hydroxyphenylpyruvic_acid;chemical;46.0
@CHEMICAL_Ginsenosides;@CHEMICAL_Ginsenosides;chemical;46.0
@CHEMICAL_Magnesium_Oxide;@CHEMICAL_Magnesium_Oxide;chemical;46.0
@CHEMICAL_Nucleosides;@CHEMICAL_Nucleosides;chemical;46.0
@CHEMICAL_Retinoids;@CHEMICAL_Retinoids;chemical;46.0
@CHEMICAL_Tin;@CHEMICAL_Tin;chemical;46.0
@CHEMICAL_aloe_emodin;@CHEMICAL_aloe_emodin;chemical;46.0
@CHEMICAL_anlotinib;@CHEMICAL_anlotinib;chemical;46.0
@CHEMICAL_artenimol;@CHEMICAL_artenimol;chemical;46.0
@CHEMICAL_cefiderocol;@CHEMICAL_cefiderocol;chemical;46.0
@CHEMICAL_dabrafenib;@CHEMICAL_dabrafenib;chemical;46.0
@CHEMICAL_ferrous_sulfate;@CHEMICAL_ferrous_sulfate;chemical;46.0
@CHEMICAL_shikimate;@CHEMICAL_shikimate;chemical;46.0
@CHEMICAL_sodium_bisulfide;@CHEMICAL_sodium_bisulfide;chemical;46.0
@CHEMICAL_Alprostadil;@CHEMICAL_Alprostadil;chemical;45.0
@CHEMICAL_Calcium_Sulfate;@CHEMICAL_Calcium_Sulfate;chemical;45.0
@CHEMICAL_Coumaric_Acids;@CHEMICAL_Coumaric_Acids;chemical;45.0
@CHEMICAL_Diethylstilbestrol;@CHEMICAL_Diethylstilbestrol;chemical;45.0
@CHEMICAL_Escitalopram;@CHEMICAL_Escitalopram;chemical;45.0
@CHEMICAL_Ethylnitrosourea;@CHEMICAL_Ethylnitrosourea;chemical;45.0
@CHEMICAL_Ketamine;@CHEMICAL_Ketamine;chemical;45.0
@CHEMICAL_Methylphenidate;@CHEMICAL_Methylphenidate;chemical;45.0
@CHEMICAL_NG_Nitroarginine_Methyl_Ester;@CHEMICAL_NG_Nitroarginine_Methyl_Ester;chemical;45.0
@CHEMICAL_Polymethyl_Methacrylate;@CHEMICAL_Polymethyl_Methacrylate;chemical;45.0
@CHEMICAL_Potassium_Chloride;@CHEMICAL_Potassium_Chloride;chemical;45.0
@CHEMICAL_Triterpenes;@CHEMICAL_Triterpenes;chemical;45.0
@CHEMICAL_beta_lapachone;@CHEMICAL_beta_lapachone;chemical;45.0
@CHEMICAL_dehydroacetic_acid;@CHEMICAL_dehydroacetic_acid;chemical;45.0
@CHEMICAL_luteolin_7_O_glucuronide;@CHEMICAL_luteolin_7_O_glucuronide;chemical;45.0
@CHEMICAL_rutecarpine;@CHEMICAL_rutecarpine;chemical;45.0
@CHEMICAL_sulfoenolpyruvate;@CHEMICAL_sulfoenolpyruvate;chemical;45.0
@CHEMICAL_tert_Butylhydroperoxide;@CHEMICAL_tert_Butylhydroperoxide;chemical;45.0
@CHEMICAL_3_nitropropionic_acid;@CHEMICAL_3_nitropropionic_acid;chemical;44.0
@CHEMICAL_4_4'_hexafluorisopropylidene_diphenol;@CHEMICAL_4_4'_hexafluorisopropylidene_diphenol;chemical;44.0
@CHEMICAL_Actinium;@CHEMICAL_Actinium;chemical;44.0
@CHEMICAL_Deferiprone;@CHEMICAL_Deferiprone;chemical;44.0
@CHEMICAL_Endocannabinoids;@CHEMICAL_Endocannabinoids;chemical;44.0
@CHEMICAL_Ethambutol;@CHEMICAL_Ethambutol;chemical;44.0
@CHEMICAL_Eucalyptol;@CHEMICAL_Eucalyptol;chemical;44.0
@CHEMICAL_MEHP;@CHEMICAL_MEHP;chemical;44.0
@CHEMICAL_Menthol;@CHEMICAL_Menthol;chemical;44.0
@CHEMICAL_Perindopril;@CHEMICAL_Perindopril;chemical;44.0
@CHEMICAL_Phosphorylcholine;@CHEMICAL_Phosphorylcholine;chemical;44.0
@CHEMICAL_Polyurethanes;@CHEMICAL_Polyurethanes;chemical;44.0
@CHEMICAL_Teicoplanin;@CHEMICAL_Teicoplanin;chemical;44.0
@CHEMICAL_Verapamil;@CHEMICAL_Verapamil;chemical;44.0
@CHEMICAL_benzyl_isothiocyanate;@CHEMICAL_benzyl_isothiocyanate;chemical;44.0
@CHEMICAL_cypermethrin;@CHEMICAL_cypermethrin;chemical;44.0
@CHEMICAL_decabromobiphenyl_ether;@CHEMICAL_decabromobiphenyl_ether;chemical;44.0
@CHEMICAL_fucoxanthin;@CHEMICAL_fucoxanthin;chemical;44.0
@CHEMICAL_gamma_oryzanol;@CHEMICAL_gamma_oryzanol;chemical;44.0
@CHEMICAL_gastrodin;@CHEMICAL_gastrodin;chemical;44.0
@CHEMICAL_sinomenine;@CHEMICAL_sinomenine;chemical;44.0
@CHEMICAL_tryptamine;@CHEMICAL_tryptamine;chemical;44.0
@CHEMICAL_Azacitidine;@CHEMICAL_Azacitidine;chemical;43.0
@CHEMICAL_Colforsin;@CHEMICAL_Colforsin;chemical;43.0
@CHEMICAL_Evans_Blue;@CHEMICAL_Evans_Blue;chemical;43.0
@CHEMICAL_Glycosphingolipids;@CHEMICAL_Glycosphingolipids;chemical;43.0
@CHEMICAL_Hematoxylin;@CHEMICAL_Hematoxylin;chemical;43.0
@CHEMICAL_Lamotrigine;@CHEMICAL_Lamotrigine;chemical;43.0
@CHEMICAL_Polyvinyl_Chloride;@CHEMICAL_Polyvinyl_Chloride;chemical;43.0
@CHEMICAL_Ranolazine;@CHEMICAL_Ranolazine;chemical;43.0
@CHEMICAL_Sodium_Hypochlorite;@CHEMICAL_Sodium_Hypochlorite;chemical;43.0
@CHEMICAL_Sodium_Selenite;@CHEMICAL_Sodium_Selenite;chemical;43.0
@CHEMICAL_Strontium;@CHEMICAL_Strontium;chemical;43.0
@CHEMICAL_Topiramate;@CHEMICAL_Topiramate;chemical;43.0
@CHEMICAL_allicin;@CHEMICAL_allicin;chemical;43.0
@CHEMICAL_alpha_hydroxyglutarate;@CHEMICAL_alpha_hydroxyglutarate;chemical;43.0
@CHEMICAL_dioscin;@CHEMICAL_dioscin;chemical;43.0
@CHEMICAL_fumaric_acid;@CHEMICAL_fumaric_acid;chemical;43.0
@CHEMICAL_n_hexane;@CHEMICAL_n_hexane;chemical;43.0
@CHEMICAL_palbociclib;@CHEMICAL_palbociclib;chemical;43.0
@CHEMICAL_pertuzumab;@CHEMICAL_pertuzumab;chemical;43.0
@CHEMICAL_phenylacetic_acid;@CHEMICAL_phenylacetic_acid;chemical;43.0
@CHEMICAL_rebamipide;@CHEMICAL_rebamipide;chemical;43.0
@CHEMICAL_A(2)C;@CHEMICAL_A(2)C;chemical;42.0
@CHEMICAL_Acetylglucosamine;@CHEMICAL_Acetylglucosamine;chemical;42.0
@CHEMICAL_Bisoprolol;@CHEMICAL_Bisoprolol;chemical;42.0
@CHEMICAL_Camptothecin;@CHEMICAL_Camptothecin;chemical;42.0
@CHEMICAL_Curium;@CHEMICAL_Curium;chemical;42.0
@CHEMICAL_Cysteamine;@CHEMICAL_Cysteamine;chemical;42.0
@CHEMICAL_Flavones;@CHEMICAL_Flavones;chemical;42.0
@CHEMICAL_Glyburide;@CHEMICAL_Glyburide;chemical;42.0
@CHEMICAL_Glycosides;@CHEMICAL_Glycosides;chemical;42.0
@CHEMICAL_Guanine;@CHEMICAL_Guanine;chemical;42.0
@CHEMICAL_Imipramine;@CHEMICAL_Imipramine;chemical;42.0
@CHEMICAL_Inosine_Monophosphate;@CHEMICAL_Inosine_Monophosphate;chemical;42.0
@CHEMICAL_Lanthanum;@CHEMICAL_Lanthanum;chemical;42.0
@CHEMICAL_Methicillin;@CHEMICAL_Methicillin;chemical;42.0
@CHEMICAL_Naloxone;@CHEMICAL_Naloxone;chemical;42.0
@CHEMICAL_Nitrofurantoin;@CHEMICAL_Nitrofurantoin;chemical;42.0
@CHEMICAL_Olive_Oil;@CHEMICAL_Olive_Oil;chemical;42.0
@CHEMICAL_Oxaloacetic_Acid;@CHEMICAL_Oxaloacetic_Acid;chemical;42.0
@CHEMICAL_Panitumumab;@CHEMICAL_Panitumumab;chemical;42.0
@CHEMICAL_Phlorhizin;@CHEMICAL_Phlorhizin;chemical;42.0
@CHEMICAL_Quinolones;@CHEMICAL_Quinolones;chemical;42.0
@CHEMICAL_Sodium_Citrate;@CHEMICAL_Sodium_Citrate;chemical;42.0
@CHEMICAL_Zirconium;@CHEMICAL_Zirconium;chemical;42.0
@CHEMICAL_acetonitrile;@CHEMICAL_acetonitrile;chemical;42.0
@CHEMICAL_arabinoxylan;@CHEMICAL_arabinoxylan;chemical;42.0
@CHEMICAL_beta_Lactams;@CHEMICAL_beta_Lactams;chemical;42.0
@CHEMICAL_lime;@CHEMICAL_lime;chemical;42.0
@CHEMICAL_mepolizumab;@CHEMICAL_mepolizumab;chemical;42.0
@CHEMICAL_pazopanib;@CHEMICAL_pazopanib;chemical;42.0
@CHEMICAL_phenanthrene;@CHEMICAL_phenanthrene;chemical;42.0
@CHEMICAL_pyomelanin;@CHEMICAL_pyomelanin;chemical;42.0
@CHEMICAL_pyrazolanthrone;@CHEMICAL_pyrazolanthrone;chemical;42.0
@CHEMICAL_sesamin;@CHEMICAL_sesamin;chemical;42.0
@CHEMICAL_sultamicillin;@CHEMICAL_sultamicillin;chemical;42.0
@CHEMICAL_tislelizumab;@CHEMICAL_tislelizumab;chemical;42.0
@CHEMICAL_zirconium_oxide;@CHEMICAL_zirconium_oxide;chemical;42.0
@CHEMICAL_Cefuroxime;@CHEMICAL_Cefuroxime;chemical;41.0
@CHEMICAL_NOAC_protocol;@CHEMICAL_NOAC_protocol;chemical;41.0
@CHEMICAL_Propylene_Glycol;@CHEMICAL_Propylene_Glycol;chemical;41.0
@CHEMICAL_Radium;@CHEMICAL_Radium;chemical;41.0
@CHEMICAL_Sitagliptin_Phosphate;@CHEMICAL_Sitagliptin_Phosphate;chemical;41.0
@CHEMICAL_baysilon;@CHEMICAL_baysilon;chemical;41.0
@CHEMICAL_cuprous_iodide;@CHEMICAL_cuprous_iodide;chemical;41.0
@CHEMICAL_golimumab;@CHEMICAL_golimumab;chemical;41.0
@CHEMICAL_hispidulin;@CHEMICAL_hispidulin;chemical;41.0
@CHEMICAL_phenylpyruvic_acid;@CHEMICAL_phenylpyruvic_acid;chemical;41.0
@CHEMICAL_roxadustat;@CHEMICAL_roxadustat;chemical;41.0
@CHEMICAL_sulfated_polyvinyl_alcohol;@CHEMICAL_sulfated_polyvinyl_alcohol;chemical;41.0
@CHEMICAL_trigonelline;@CHEMICAL_trigonelline;chemical;41.0
@CHEMICAL_17_alpha_Hydroxyprogesterone_Caproate;@CHEMICAL_17_alpha_Hydroxyprogesterone_Caproate;chemical;40.0
@CHEMICAL_2_mercaptopurine;@CHEMICAL_2_mercaptopurine;chemical;40.0
@CHEMICAL_3_8_dihydroxy_6H_dibenzo(b_d)pyran_6_one;@CHEMICAL_3_8_dihydroxy_6H_dibenzo(b_d)pyran_6_one;chemical;40.0
@CHEMICAL_4_cresol;@CHEMICAL_4_cresol;chemical;40.0
@CHEMICAL_Aripiprazole;@CHEMICAL_Aripiprazole;chemical;40.0
@CHEMICAL_Aztreonam;@CHEMICAL_Aztreonam;chemical;40.0
@CHEMICAL_Cystathionine;@CHEMICAL_Cystathionine;chemical;40.0
@CHEMICAL_Flucytosine;@CHEMICAL_Flucytosine;chemical;40.0
@CHEMICAL_GR24_strigolactone;@CHEMICAL_GR24_strigolactone;chemical;40.0
@CHEMICAL_Lisinopril;@CHEMICAL_Lisinopril;chemical;40.0
@CHEMICAL_Niclosamide;@CHEMICAL_Niclosamide;chemical;40.0
@CHEMICAL_PF_06651600;@CHEMICAL_PF_06651600;chemical;40.0
@CHEMICAL_Penicillamine;@CHEMICAL_Penicillamine;chemical;40.0
@CHEMICAL_Phytosterols;@CHEMICAL_Phytosterols;chemical;40.0
@CHEMICAL_Tetradecanoylphorbol_Acetate;@CHEMICAL_Tetradecanoylphorbol_Acetate;chemical;40.0
@CHEMICAL_Tyramine;@CHEMICAL_Tyramine;chemical;40.0
@CHEMICAL_avibactam_ceftazidime_drug_combination;@CHEMICAL_avibactam_ceftazidime_drug_combination;chemical;40.0
@CHEMICAL_chlorine_dioxide;@CHEMICAL_chlorine_dioxide;chemical;40.0
@CHEMICAL_obacunone;@CHEMICAL_obacunone;chemical;40.0
@CHEMICAL_oil_red_O;@CHEMICAL_oil_red_O;chemical;40.0
@CHEMICAL_omapatrilat;@CHEMICAL_omapatrilat;chemical;40.0
@CHEMICAL_pyridine;@CHEMICAL_pyridine;chemical;40.0
@CHEMICAL_17_alpha_Hydroxyprogesterone;@CHEMICAL_17_alpha_Hydroxyprogesterone;chemical;39.0
@CHEMICAL_6_formylindolo(3_2_b)carbazole;@CHEMICAL_6_formylindolo(3_2_b)carbazole;chemical;39.0
@CHEMICAL_Afatinib;@CHEMICAL_Afatinib;chemical;39.0
@CHEMICAL_Alkynes;@CHEMICAL_Alkynes;chemical;39.0
@CHEMICAL_Anthraquinones;@CHEMICAL_Anthraquinones;chemical;39.0
@CHEMICAL_Asbestos;@CHEMICAL_Asbestos;chemical;39.0
@CHEMICAL_Betulinic_Acid;@CHEMICAL_Betulinic_Acid;chemical;39.0
@CHEMICAL_Charcoal;@CHEMICAL_Charcoal;chemical;39.0
@CHEMICAL_Dextrans;@CHEMICAL_Dextrans;chemical;39.0
@CHEMICAL_Einsteinium;@CHEMICAL_Einsteinium;chemical;39.0
@CHEMICAL_Erythromycin;@CHEMICAL_Erythromycin;chemical;39.0
@CHEMICAL_Exenatide;@CHEMICAL_Exenatide;chemical;39.0
@CHEMICAL_Guanosine_Triphosphate;@CHEMICAL_Guanosine_Triphosphate;chemical;39.0
@CHEMICAL_N_Acetylcysteinamide;@CHEMICAL_N_Acetylcysteinamide;chemical;39.0
@CHEMICAL_Oligonucleotides_Antisense;@CHEMICAL_Oligonucleotides_Antisense;chemical;39.0
@CHEMICAL_Rifabutin;@CHEMICAL_Rifabutin;chemical;39.0
@CHEMICAL_S_Adenosylhomocysteine;@CHEMICAL_S_Adenosylhomocysteine;chemical;39.0
@CHEMICAL_acalabrutinib;@CHEMICAL_acalabrutinib;chemical;39.0
@CHEMICAL_apixaban;@CHEMICAL_apixaban;chemical;39.0
@CHEMICAL_ethylene_dichloride;@CHEMICAL_ethylene_dichloride;chemical;39.0
@CHEMICAL_geniposide;@CHEMICAL_geniposide;chemical;39.0
@CHEMICAL_melamine;@CHEMICAL_melamine;chemical;39.0
@CHEMICAL_nickel_monoxide;@CHEMICAL_nickel_monoxide;chemical;39.0
@CHEMICAL_obeticholic_acid;@CHEMICAL_obeticholic_acid;chemical;39.0
@CHEMICAL_protocatechualdehyde;@CHEMICAL_protocatechualdehyde;chemical;39.0
@CHEMICAL_2_naphthol_orange;@CHEMICAL_2_naphthol_orange;chemical;38.0
@CHEMICAL_4_octyl_itaconate;@CHEMICAL_4_octyl_itaconate;chemical;38.0
@CHEMICAL_Arsenic_Trioxide;@CHEMICAL_Arsenic_Trioxide;chemical;38.0
@CHEMICAL_Buthionine_Sulfoximine;@CHEMICAL_Buthionine_Sulfoximine;chemical;38.0
@CHEMICAL_Certolizumab_Pegol;@CHEMICAL_Certolizumab_Pegol;chemical;38.0
@CHEMICAL_Epoxy_Resins;@CHEMICAL_Epoxy_Resins;chemical;38.0
@CHEMICAL_Esomeprazole;@CHEMICAL_Esomeprazole;chemical;38.0
@CHEMICAL_Farnesol;@CHEMICAL_Farnesol;chemical;38.0
@CHEMICAL_Furaldehyde;@CHEMICAL_Furaldehyde;chemical;38.0
@CHEMICAL_Meloxicam;@CHEMICAL_Meloxicam;chemical;38.0
@CHEMICAL_Midazolam;@CHEMICAL_Midazolam;chemical;38.0
@CHEMICAL_Niobium;@CHEMICAL_Niobium;chemical;38.0
@CHEMICAL_Phosphocreatine;@CHEMICAL_Phosphocreatine;chemical;38.0
@CHEMICAL_Povidone;@CHEMICAL_Povidone;chemical;38.0
@CHEMICAL_Pyridostigmine_Bromide;@CHEMICAL_Pyridostigmine_Bromide;chemical;38.0
@CHEMICAL_Raloxifene_Hydrochloride;@CHEMICAL_Raloxifene_Hydrochloride;chemical;38.0
@CHEMICAL_Thiamethoxam;@CHEMICAL_Thiamethoxam;chemical;38.0
@CHEMICAL_apremilast;@CHEMICAL_apremilast;chemical;38.0
@CHEMICAL_benzyloxycarbonylleucyl_leucyl_leucine_aldehyde;@CHEMICAL_benzyloxycarbonylleucyl_leucyl_leucine_aldehyde;chemical;38.0
@CHEMICAL_cuprous_oxide;@CHEMICAL_cuprous_oxide;chemical;38.0
@CHEMICAL_dihydrotanshinone_I;@CHEMICAL_dihydrotanshinone_I;chemical;38.0
@CHEMICAL_fulvic_acid;@CHEMICAL_fulvic_acid;chemical;38.0
@CHEMICAL_methyl_salicylate;@CHEMICAL_methyl_salicylate;chemical;38.0
@CHEMICAL_pimecrolimus;@CHEMICAL_pimecrolimus;chemical;38.0
@CHEMICAL_2_amino_1_methyl_6_phenylimidazo(4_5_b)pyridine;@CHEMICAL_2_amino_1_methyl_6_phenylimidazo(4_5_b)pyridine;chemical;37.0
@CHEMICAL_2_vanillin;@CHEMICAL_2_vanillin;chemical;37.0
@CHEMICAL_3_hydroxyflavone;@CHEMICAL_3_hydroxyflavone;chemical;37.0
@CHEMICAL_Acamprosate;@CHEMICAL_Acamprosate;chemical;37.0
@CHEMICAL_Acetazolamide;@CHEMICAL_Acetazolamide;chemical;37.0
@CHEMICAL_Anthracyclines;@CHEMICAL_Anthracyclines;chemical;37.0
@CHEMICAL_Butylated_Hydroxyanisole;@CHEMICAL_Butylated_Hydroxyanisole;chemical;37.0
@CHEMICAL_Clodronic_Acid;@CHEMICAL_Clodronic_Acid;chemical;37.0
@CHEMICAL_Enrofloxacin;@CHEMICAL_Enrofloxacin;chemical;37.0
@CHEMICAL_Ifosfamide;@CHEMICAL_Ifosfamide;chemical;37.0
@CHEMICAL_Irbesartan;@CHEMICAL_Irbesartan;chemical;37.0
@CHEMICAL_N_carbamylglutamate;@CHEMICAL_N_carbamylglutamate;chemical;37.0
@CHEMICAL_Phosphatidic_Acids;@CHEMICAL_Phosphatidic_Acids;chemical;37.0
@CHEMICAL_Potassium_Iodide;@CHEMICAL_Potassium_Iodide;chemical;37.0
@CHEMICAL_Pyrogallol;@CHEMICAL_Pyrogallol;chemical;37.0
@CHEMICAL_Trimetazidine;@CHEMICAL_Trimetazidine;chemical;37.0
@CHEMICAL_chrysoeriol;@CHEMICAL_chrysoeriol;chemical;37.0
@CHEMICAL_cobalt_ferrite;@CHEMICAL_cobalt_ferrite;chemical;37.0
@CHEMICAL_estrone_sulfate;@CHEMICAL_estrone_sulfate;chemical;37.0
@CHEMICAL_finerenone;@CHEMICAL_finerenone;chemical;37.0
@CHEMICAL_licochalcone_A;@CHEMICAL_licochalcone_A;chemical;37.0
@CHEMICAL_ligustilide;@CHEMICAL_ligustilide;chemical;37.0
@CHEMICAL_pevonedistat;@CHEMICAL_pevonedistat;chemical;37.0
@CHEMICAL_polypyrrole;@CHEMICAL_polypyrrole;chemical;37.0
@CHEMICAL_resiquimod;@CHEMICAL_resiquimod;chemical;37.0
@CHEMICAL_theaflavin_3_3'_digallate;@CHEMICAL_theaflavin_3_3'_digallate;chemical;37.0
@CHEMICAL_vinpocetine;@CHEMICAL_vinpocetine;chemical;37.0
@CHEMICAL_1_methyltryptophan;@CHEMICAL_1_methyltryptophan;chemical;36.0
@CHEMICAL_2_4_Dichlorophenoxyacetic_Acid;@CHEMICAL_2_4_Dichlorophenoxyacetic_Acid;chemical;36.0
@CHEMICAL_3_n_butylphthalide;@CHEMICAL_3_n_butylphthalide;chemical;36.0
@CHEMICAL_7_3'_dihydroxy_4'_methoxyisoflavone;@CHEMICAL_7_3'_dihydroxy_4'_methoxyisoflavone;chemical;36.0
@CHEMICAL_Acarbose;@CHEMICAL_Acarbose;chemical;36.0
@CHEMICAL_Ammonium_Chloride;@CHEMICAL_Ammonium_Chloride;chemical;36.0
@CHEMICAL_Cladribine;@CHEMICAL_Cladribine;chemical;36.0
@CHEMICAL_Desoxycorticosterone;@CHEMICAL_Desoxycorticosterone;chemical;36.0
@CHEMICAL_Glutaral;@CHEMICAL_Glutaral;chemical;36.0
@CHEMICAL_Indium;@CHEMICAL_Indium;chemical;36.0
@CHEMICAL_Kraft_lignin;@CHEMICAL_Kraft_lignin;chemical;36.0
@CHEMICAL_N(6)_carboxymethyllysine;@CHEMICAL_N(6)_carboxymethyllysine;chemical;36.0
@CHEMICAL_N_acetyl_4_benzoquinoneimine;@CHEMICAL_N_acetyl_4_benzoquinoneimine;chemical;36.0
@CHEMICAL_Nebivolol;@CHEMICAL_Nebivolol;chemical;36.0
@CHEMICAL_Nitroprusside;@CHEMICAL_Nitroprusside;chemical;36.0
@CHEMICAL_Pilocarpine;@CHEMICAL_Pilocarpine;chemical;36.0
@CHEMICAL_Plastoquinone;@CHEMICAL_Plastoquinone;chemical;36.0
@CHEMICAL_Polysorbates;@CHEMICAL_Polysorbates;chemical;36.0
@CHEMICAL_Vinblastine;@CHEMICAL_Vinblastine;chemical;36.0
@CHEMICAL_abemaciclib;@CHEMICAL_abemaciclib;chemical;36.0
@CHEMICAL_acacetin;@CHEMICAL_acacetin;chemical;36.0
@CHEMICAL_alpha_pinene;@CHEMICAL_alpha_pinene;chemical;36.0
@CHEMICAL_corilagin;@CHEMICAL_corilagin;chemical;36.0
@CHEMICAL_entecavir;@CHEMICAL_entecavir;chemical;36.0
@CHEMICAL_fructooligosaccharide;@CHEMICAL_fructooligosaccharide;chemical;36.0
@CHEMICAL_menaquinone_7;@CHEMICAL_menaquinone_7;chemical;36.0
@CHEMICAL_orientin;@CHEMICAL_orientin;chemical;36.0
@CHEMICAL_polyvinylidene_fluoride;@CHEMICAL_polyvinylidene_fluoride;chemical;36.0
@CHEMICAL_tartaric_acid;@CHEMICAL_tartaric_acid;chemical;36.0
@CHEMICAL_zwittergent_3_12;@CHEMICAL_zwittergent_3_12;chemical;36.0
@CHEMICAL_2_tert_butylhydroquinone;@CHEMICAL_2_tert_butylhydroquinone;chemical;35.0
@CHEMICAL_6_trimethylsilylthio_9_trimethylsilylpurine;@CHEMICAL_6_trimethylsilylthio_9_trimethylsilylpurine;chemical;35.0
@CHEMICAL_Bromocriptine;@CHEMICAL_Bromocriptine;chemical;35.0
@CHEMICAL_EC_regimen;@CHEMICAL_EC_regimen;chemical;35.0
@CHEMICAL_Ergosterol;@CHEMICAL_Ergosterol;chemical;35.0
@CHEMICAL_Leukotriene_B4;@CHEMICAL_Leukotriene_B4;chemical;35.0
@CHEMICAL_MOF_Strep_protocol;@CHEMICAL_MOF_Strep_protocol;chemical;35.0
@CHEMICAL_Matrines;@CHEMICAL_Matrines;chemical;35.0
@CHEMICAL_Mercaptopurine;@CHEMICAL_Mercaptopurine;chemical;35.0
@CHEMICAL_Methadone;@CHEMICAL_Methadone;chemical;35.0
@CHEMICAL_Mifepristone;@CHEMICAL_Mifepristone;chemical;35.0
@CHEMICAL_Peracetic_Acid;@CHEMICAL_Peracetic_Acid;chemical;35.0
@CHEMICAL_Polyethyleneimine;@CHEMICAL_Polyethyleneimine;chemical;35.0
@CHEMICAL_Silicones;@CHEMICAL_Silicones;chemical;35.0
@CHEMICAL_Terbium;@CHEMICAL_Terbium;chemical;35.0
@CHEMICAL_alisol_B;@CHEMICAL_alisol_B;chemical;35.0
@CHEMICAL_carnosol;@CHEMICAL_carnosol;chemical;35.0
@CHEMICAL_cobalt_tetraoxide;@CHEMICAL_cobalt_tetraoxide;chemical;35.0
@CHEMICAL_decamethrin;@CHEMICAL_decamethrin;chemical;35.0
@CHEMICAL_fludarabine;@CHEMICAL_fludarabine;chemical;35.0
@CHEMICAL_gamma_Linolenic_Acid;@CHEMICAL_gamma_Linolenic_Acid;chemical;35.0
@CHEMICAL_gibberellic_acid;@CHEMICAL_gibberellic_acid;chemical;35.0
@CHEMICAL_ginsenoside_Re;@CHEMICAL_ginsenoside_Re;chemical;35.0
@CHEMICAL_licochalcone_B;@CHEMICAL_licochalcone_B;chemical;35.0
@CHEMICAL_manganese_oxide;@CHEMICAL_manganese_oxide;chemical;35.0
@CHEMICAL_phosphoric_acid;@CHEMICAL_phosphoric_acid;chemical;35.0
@CHEMICAL_schizandrin_B;@CHEMICAL_schizandrin_B;chemical;35.0
@CHEMICAL_stachydrine;@CHEMICAL_stachydrine;chemical;35.0
@CHEMICAL_triphenyl_phosphate;@CHEMICAL_triphenyl_phosphate;chemical;35.0
@CHEMICAL_xanthosine;@CHEMICAL_xanthosine;chemical;35.0
@CHEMICAL_2_4_5_2'_4'_5'_hexachlorobiphenyl;@CHEMICAL_2_4_5_2'_4'_5'_hexachlorobiphenyl;chemical;34.0
@CHEMICAL_2_Hydroxypropyl_beta_cyclodextrin;@CHEMICAL_2_Hydroxypropyl_beta_cyclodextrin;chemical;34.0
@CHEMICAL_2_xylene;@CHEMICAL_2_xylene;chemical;34.0
@CHEMICAL_Antimicrobial_Peptides;@CHEMICAL_Antimicrobial_Peptides;chemical;34.0
@CHEMICAL_Butylated_Hydroxytoluene;@CHEMICAL_Butylated_Hydroxytoluene;chemical;34.0
@CHEMICAL_Camphor;@CHEMICAL_Camphor;chemical;34.0
@CHEMICAL_Cefoxitin;@CHEMICAL_Cefoxitin;chemical;34.0
@CHEMICAL_Cetrimonium;@CHEMICAL_Cetrimonium;chemical;34.0
@CHEMICAL_Deferasirox;@CHEMICAL_Deferasirox;chemical;34.0
@CHEMICAL_Flecainide;@CHEMICAL_Flecainide;chemical;34.0
@CHEMICAL_GANT_61;@CHEMICAL_GANT_61;chemical;34.0
@CHEMICAL_Gentian_Violet;@CHEMICAL_Gentian_Violet;chemical;34.0
@CHEMICAL_Insulin;@CHEMICAL_Insulin;chemical;34.0
@CHEMICAL_Macrolides;@CHEMICAL_Macrolides;chemical;34.0
@CHEMICAL_Monocrotaline;@CHEMICAL_Monocrotaline;chemical;34.0
@CHEMICAL_Nitric_Acid;@CHEMICAL_Nitric_Acid;chemical;34.0
@CHEMICAL_Parathyroid_Hormone;@CHEMICAL_Parathyroid_Hormone;chemical;34.0
@CHEMICAL_Quinic_Acid;@CHEMICAL_Quinic_Acid;chemical;34.0
@CHEMICAL_Risedronic_Acid;@CHEMICAL_Risedronic_Acid;chemical;34.0
@CHEMICAL_Sesquiterpenes;@CHEMICAL_Sesquiterpenes;chemical;34.0
@CHEMICAL_Taurodeoxycholic_Acid;@CHEMICAL_Taurodeoxycholic_Acid;chemical;34.0
@CHEMICAL_XELOX;@CHEMICAL_XELOX;chemical;34.0
@CHEMICAL_Xylans;@CHEMICAL_Xylans;chemical;34.0
@CHEMICAL_amentoflavone;@CHEMICAL_amentoflavone;chemical;34.0
@CHEMICAL_anemoside_B4;@CHEMICAL_anemoside_B4;chemical;34.0
@CHEMICAL_flavone;@CHEMICAL_flavone;chemical;34.0
@CHEMICAL_glabridin;@CHEMICAL_glabridin;chemical;34.0
@CHEMICAL_hexanoic_acid;@CHEMICAL_hexanoic_acid;chemical;34.0
@CHEMICAL_pachymic_acid;@CHEMICAL_pachymic_acid;chemical;34.0
@CHEMICAL_pyridinoline;@CHEMICAL_pyridinoline;chemical;34.0
@CHEMICAL_senkyunolide_I;@CHEMICAL_senkyunolide_I;chemical;34.0
@CHEMICAL_tiliroside;@CHEMICAL_tiliroside;chemical;34.0
@CHEMICAL_xanthurenic_acid;@CHEMICAL_xanthurenic_acid;chemical;34.0
@CHEMICAL_4_hydroxybenzaldehyde;@CHEMICAL_4_hydroxybenzaldehyde;chemical;33.0
@CHEMICAL_5_7_dihydroxy_6_methoxy_2_phenylchromen_4_one;@CHEMICAL_5_7_dihydroxy_6_methoxy_2_phenylchromen_4_one;chemical;33.0
@CHEMICAL_5_chloroquinoxaline_2_sulfanilamide;@CHEMICAL_5_chloroquinoxaline_2_sulfanilamide;chemical;33.0
@CHEMICAL_Amylose;@CHEMICAL_Amylose;chemical;33.0
@CHEMICAL_Atropine;@CHEMICAL_Atropine;chemical;33.0
@CHEMICAL_Azoles;@CHEMICAL_Azoles;chemical;33.0
@CHEMICAL_Cardiolipins;@CHEMICAL_Cardiolipins;chemical;33.0
@CHEMICAL_Chlorhexidine;@CHEMICAL_Chlorhexidine;chemical;33.0
@CHEMICAL_D_Aspartic_Acid;@CHEMICAL_D_Aspartic_Acid;chemical;33.0
@CHEMICAL_Esketamine;@CHEMICAL_Esketamine;chemical;33.0
@CHEMICAL_Gangliosides;@CHEMICAL_Gangliosides;chemical;33.0
@CHEMICAL_Glycocholic_Acid;@CHEMICAL_Glycocholic_Acid;chemical;33.0
@CHEMICAL_Glyoxal;@CHEMICAL_Glyoxal;chemical;33.0
@CHEMICAL_Guaiacol;@CHEMICAL_Guaiacol;chemical;33.0
@CHEMICAL_Hydralazine;@CHEMICAL_Hydralazine;chemical;33.0
@CHEMICAL_Iodine_125;@CHEMICAL_Iodine_125;chemical;33.0
@CHEMICAL_Phosphopeptides;@CHEMICAL_Phosphopeptides;chemical;33.0
@CHEMICAL_Podophyllotoxin;@CHEMICAL_Podophyllotoxin;chemical;33.0
@CHEMICAL_Polyesters;@CHEMICAL_Polyesters;chemical;33.0
@CHEMICAL_Polyhydroxyalkanoates;@CHEMICAL_Polyhydroxyalkanoates;chemical;33.0
@CHEMICAL_Promethium;@CHEMICAL_Promethium;chemical;33.0
@CHEMICAL_T_2_Toxin;@CHEMICAL_T_2_Toxin;chemical;33.0
@CHEMICAL_acetovanillone;@CHEMICAL_acetovanillone;chemical;33.0
@CHEMICAL_alizarin;@CHEMICAL_alizarin;chemical;33.0
@CHEMICAL_cinobufotalin;@CHEMICAL_cinobufotalin;chemical;33.0
@CHEMICAL_dactolisib;@CHEMICAL_dactolisib;chemical;33.0
@CHEMICAL_fumarylacetoacetate;@CHEMICAL_fumarylacetoacetate;chemical;33.0
@CHEMICAL_gingerol;@CHEMICAL_gingerol;chemical;33.0
@CHEMICAL_hederagenin;@CHEMICAL_hederagenin;chemical;33.0
@CHEMICAL_lupeol;@CHEMICAL_lupeol;chemical;33.0
@CHEMICAL_posaconazole;@CHEMICAL_posaconazole;chemical;33.0
@CHEMICAL_theaflavin;@CHEMICAL_theaflavin;chemical;33.0
@CHEMICAL_tributyltin;@CHEMICAL_tributyltin;chemical;33.0
@CHEMICAL_4_boronophenylalanine_fructose;@CHEMICAL_4_boronophenylalanine_fructose;chemical;32.0
@CHEMICAL_5_methoxytryptophan;@CHEMICAL_5_methoxytryptophan;chemical;32.0
@CHEMICAL_Acid_Red_87;@CHEMICAL_Acid_Red_87;chemical;32.0
@CHEMICAL_Amphetamine;@CHEMICAL_Amphetamine;chemical;32.0
@CHEMICAL_Bosentan;@CHEMICAL_Bosentan;chemical;32.0
@CHEMICAL_Cabergoline;@CHEMICAL_Cabergoline;chemical;32.0
@CHEMICAL_Clomiphene;@CHEMICAL_Clomiphene;chemical;32.0
@CHEMICAL_Cortodoxone;@CHEMICAL_Cortodoxone;chemical;32.0
@CHEMICAL_Dabigatran;@CHEMICAL_Dabigatran;chemical;32.0
@CHEMICAL_Epoprostenol;@CHEMICAL_Epoprostenol;chemical;32.0
@CHEMICAL_Finasteride;@CHEMICAL_Finasteride;chemical;32.0
@CHEMICAL_Fomepizole;@CHEMICAL_Fomepizole;chemical;32.0
@CHEMICAL_Iodides;@CHEMICAL_Iodides;chemical;32.0
@CHEMICAL_Levetiracetam;@CHEMICAL_Levetiracetam;chemical;32.0
@CHEMICAL_Linseed_Oil;@CHEMICAL_Linseed_Oil;chemical;32.0
@CHEMICAL_Monoterpenes;@CHEMICAL_Monoterpenes;chemical;32.0
@CHEMICAL_N_(1_2_3_5_6_7_hexahydro_S_indacen_4_ylcarbamoyl)_4_(2_hydroxy_2_propanyl)_2_furansulfonamide;@CHEMICAL_N_(1_2_3_5_6_7_hexahydro_S_indacen_4_ylcarbamoyl)_4_(2_hydroxy_2_propanyl)_2_furansulfonamide;chemical;32.0
@CHEMICAL_Prostaglandin_D2;@CHEMICAL_Prostaglandin_D2;chemical;32.0
@CHEMICAL_Reactive_Nitrogen_Species;@CHEMICAL_Reactive_Nitrogen_Species;chemical;32.0
@CHEMICAL_Samarium;@CHEMICAL_Samarium;chemical;32.0
@CHEMICAL_Triamcinolone_Acetonide;@CHEMICAL_Triamcinolone_Acetonide;chemical;32.0
@CHEMICAL_Uracil;@CHEMICAL_Uracil;chemical;32.0
@CHEMICAL_aloperine;@CHEMICAL_aloperine;chemical;32.0
@CHEMICAL_anthranilic_acid;@CHEMICAL_anthranilic_acid;chemical;32.0
@CHEMICAL_aspirin_eugenol_ester;@CHEMICAL_aspirin_eugenol_ester;chemical;32.0
@CHEMICAL_cryptotanshinone;@CHEMICAL_cryptotanshinone;chemical;32.0
@CHEMICAL_cyanogen;@CHEMICAL_cyanogen;chemical;32.0
@CHEMICAL_elaidic_acid;@CHEMICAL_elaidic_acid;chemical;32.0
@CHEMICAL_ferric_oxyhydroxide;@CHEMICAL_ferric_oxyhydroxide;chemical;32.0
@CHEMICAL_indoleacrylic_acid;@CHEMICAL_indoleacrylic_acid;chemical;32.0
@CHEMICAL_isocitric_acid;@CHEMICAL_isocitric_acid;chemical;32.0
@CHEMICAL_monooxyethylene_trimethylolpropane_tristearate;@CHEMICAL_monooxyethylene_trimethylolpropane_tristearate;chemical;32.0
@CHEMICAL_nonylphenol;@CHEMICAL_nonylphenol;chemical;32.0
@CHEMICAL_potassium_hydroxide;@CHEMICAL_potassium_hydroxide;chemical;32.0
@CHEMICAL_quinoline;@CHEMICAL_quinoline;chemical;32.0
@CHEMICAL_ribociclib;@CHEMICAL_ribociclib;chemical;32.0
@CHEMICAL_18alpha_glycyrrhetinic_acid;@CHEMICAL_18alpha_glycyrrhetinic_acid;chemical;31.0
@CHEMICAL_7_ketocholesterol;@CHEMICAL_7_ketocholesterol;chemical;31.0
@CHEMICAL_Azides;@CHEMICAL_Azides;chemical;31.0
@CHEMICAL_Cinacalcet;@CHEMICAL_Cinacalcet;chemical;31.0
@CHEMICAL_Deoxyglucose;@CHEMICAL_Deoxyglucose;chemical;31.0
@CHEMICAL_Duloxetine_Hydrochloride;@CHEMICAL_Duloxetine_Hydrochloride;chemical;31.0
@CHEMICAL_Fluorocarbons;@CHEMICAL_Fluorocarbons;chemical;31.0
@CHEMICAL_Hydrazones;@CHEMICAL_Hydrazones;chemical;31.0
@CHEMICAL_Limonene;@CHEMICAL_Limonene;chemical;31.0
@CHEMICAL_Methyldopa;@CHEMICAL_Methyldopa;chemical;31.0
@CHEMICAL_Mirtazapine;@CHEMICAL_Mirtazapine;chemical;31.0
@CHEMICAL_Neptunium;@CHEMICAL_Neptunium;chemical;31.0
@CHEMICAL_Nifedipine;@CHEMICAL_Nifedipine;chemical;31.0
@CHEMICAL_Palm_Oil;@CHEMICAL_Palm_Oil;chemical;31.0
@CHEMICAL_Pentylenetetrazole;@CHEMICAL_Pentylenetetrazole;chemical;31.0
@CHEMICAL_Thiram;@CHEMICAL_Thiram;chemical;31.0
@CHEMICAL_U_0126;@CHEMICAL_U_0126;chemical;31.0
@CHEMICAL_Vitamin_K_3;@CHEMICAL_Vitamin_K_3;chemical;31.0
@CHEMICAL_XAV939;@CHEMICAL_XAV939;chemical;31.0
@CHEMICAL_aniline;@CHEMICAL_aniline;chemical;31.0
@CHEMICAL_atractylenolide_III;@CHEMICAL_atractylenolide_III;chemical;31.0
@CHEMICAL_benzeneboronic_acid;@CHEMICAL_benzeneboronic_acid;chemical;31.0
@CHEMICAL_bicalutamide;@CHEMICAL_bicalutamide;chemical;31.0
@CHEMICAL_dityrosine;@CHEMICAL_dityrosine;chemical;31.0
@CHEMICAL_fenvalerate;@CHEMICAL_fenvalerate;chemical;31.0
@CHEMICAL_methyl_ferulate;@CHEMICAL_methyl_ferulate;chemical;31.0
@CHEMICAL_pyrachlostrobin;@CHEMICAL_pyrachlostrobin;chemical;31.0
@CHEMICAL_remdesivir;@CHEMICAL_remdesivir;chemical;31.0
@CHEMICAL_rhoifolin;@CHEMICAL_rhoifolin;chemical;31.0
@CHEMICAL_rofecoxib;@CHEMICAL_rofecoxib;chemical;31.0
@CHEMICAL_salvin;@CHEMICAL_salvin;chemical;31.0
@CHEMICAL_sarizotan;@CHEMICAL_sarizotan;chemical;31.0
@CHEMICAL_scutellarein;@CHEMICAL_scutellarein;chemical;31.0
@CHEMICAL_tegaserod;@CHEMICAL_tegaserod;chemical;31.0
@CHEMICAL_wogonoside;@CHEMICAL_wogonoside;chemical;31.0
@CHEMICAL_Cefaclor;@CHEMICAL_Cefaclor;chemical;30.0
@CHEMICAL_Clofazimine;@CHEMICAL_Clofazimine;chemical;30.0
@CHEMICAL_Diazepam;@CHEMICAL_Diazepam;chemical;30.0
@CHEMICAL_Epirubicin;@CHEMICAL_Epirubicin;chemical;30.0
@CHEMICAL_Estrone;@CHEMICAL_Estrone;chemical;30.0
@CHEMICAL_Ethacrynic_Acid;@CHEMICAL_Ethacrynic_Acid;chemical;30.0
@CHEMICAL_Ganciclovir;@CHEMICAL_Ganciclovir;chemical;30.0
@CHEMICAL_Glucosinolates;@CHEMICAL_Glucosinolates;chemical;30.0
@CHEMICAL_Ice;@CHEMICAL_Ice;chemical;30.0
@CHEMICAL_Ketorolac;@CHEMICAL_Ketorolac;chemical;30.0
@CHEMICAL_Lignans;@CHEMICAL_Lignans;chemical;30.0
@CHEMICAL_Malathion;@CHEMICAL_Malathion;chemical;30.0
@CHEMICAL_Maltose;@CHEMICAL_Maltose;chemical;30.0
@CHEMICAL_Neopterin;@CHEMICAL_Neopterin;chemical;30.0
@CHEMICAL_Normetanephrine;@CHEMICAL_Normetanephrine;chemical;30.0
@CHEMICAL_Oxides;@CHEMICAL_Oxides;chemical;30.0
@CHEMICAL_Ropivacaine;@CHEMICAL_Ropivacaine;chemical;30.0
@CHEMICAL_Salmeterol_Xinafoate;@CHEMICAL_Salmeterol_Xinafoate;chemical;30.0
@CHEMICAL_Scandium;@CHEMICAL_Scandium;chemical;30.0
@CHEMICAL_Sepharose;@CHEMICAL_Sepharose;chemical;30.0
@CHEMICAL_Sodium_Benzoate;@CHEMICAL_Sodium_Benzoate;chemical;30.0
@CHEMICAL_TFF2_protein_human;@CHEMICAL_TFF2_protein_human;chemical;30.0
@CHEMICAL_Thapsigargin;@CHEMICAL_Thapsigargin;chemical;30.0
@CHEMICAL_Tiotropium_Bromide;@CHEMICAL_Tiotropium_Bromide;chemical;30.0
@CHEMICAL_Tobramycin;@CHEMICAL_Tobramycin;chemical;30.0
@CHEMICAL_amsonic_acid;@CHEMICAL_amsonic_acid;chemical;30.0
@CHEMICAL_citral;@CHEMICAL_citral;chemical;30.0
@CHEMICAL_cyanidin;@CHEMICAL_cyanidin;chemical;30.0
@CHEMICAL_deucravacitinib;@CHEMICAL_deucravacitinib;chemical;30.0
@CHEMICAL_evodiamine;@CHEMICAL_evodiamine;chemical;30.0
@CHEMICAL_futibatinib;@CHEMICAL_futibatinib;chemical;30.0
@CHEMICAL_gluconic_acid;@CHEMICAL_gluconic_acid;chemical;30.0
@CHEMICAL_herbacetin;@CHEMICAL_herbacetin;chemical;30.0
@CHEMICAL_imperatorin;@CHEMICAL_imperatorin;chemical;30.0
@CHEMICAL_methylparaben;@CHEMICAL_methylparaben;chemical;30.0
@CHEMICAL_motexafin_gadolinium;@CHEMICAL_motexafin_gadolinium;chemical;30.0
@CHEMICAL_neoisoliquiritin;@CHEMICAL_neoisoliquiritin;chemical;30.0
@CHEMICAL_nicotinamide_beta_riboside;@CHEMICAL_nicotinamide_beta_riboside;chemical;30.0
@CHEMICAL_pentagalloylglucose;@CHEMICAL_pentagalloylglucose;chemical;30.0
@CHEMICAL_polyetheretherketone;@CHEMICAL_polyetheretherketone;chemical;30.0
@CHEMICAL_sanguinarine;@CHEMICAL_sanguinarine;chemical;30.0
@CHEMICAL_scutellarin;@CHEMICAL_scutellarin;chemical;30.0
@CHEMICAL_sodium_sulfate;@CHEMICAL_sodium_sulfate;chemical;30.0
@CHEMICAL_toripalimab;@CHEMICAL_toripalimab;chemical;30.0
@CHEMICAL_20_hydroxy_5_8_11_14_eicosatetraenoic_acid;@CHEMICAL_20_hydroxy_5_8_11_14_eicosatetraenoic_acid;chemical;29.0
@CHEMICAL_3_5_dicaffeoylquinic_acid;@CHEMICAL_3_5_dicaffeoylquinic_acid;chemical;29.0
@CHEMICAL_3_hydroxykynurenine;@CHEMICAL_3_hydroxykynurenine;chemical;29.0
@CHEMICAL_5_Methoxypsoralen;@CHEMICAL_5_Methoxypsoralen;chemical;29.0
@CHEMICAL_Bupivacaine;@CHEMICAL_Bupivacaine;chemical;29.0
@CHEMICAL_Butanols;@CHEMICAL_Butanols;chemical;29.0
@CHEMICAL_CF_regimen;@CHEMICAL_CF_regimen;chemical;29.0
@CHEMICAL_Cilostazol;@CHEMICAL_Cilostazol;chemical;29.0
@CHEMICAL_Diazooxonorleucine;@CHEMICAL_Diazooxonorleucine;chemical;29.0
@CHEMICAL_Dithiothreitol;@CHEMICAL_Dithiothreitol;chemical;29.0
@CHEMICAL_Epoxy_Compounds;@CHEMICAL_Epoxy_Compounds;chemical;29.0
@CHEMICAL_Fluorescein;@CHEMICAL_Fluorescein;chemical;29.0
@CHEMICAL_Folfox_protocol;@CHEMICAL_Folfox_protocol;chemical;29.0
@CHEMICAL_Halogenated_Diphenyl_Ethers;@CHEMICAL_Halogenated_Diphenyl_Ethers;chemical;29.0
@CHEMICAL_Hydroxylamine;@CHEMICAL_Hydroxylamine;chemical;29.0
@CHEMICAL_Lipofuscin;@CHEMICAL_Lipofuscin;chemical;29.0
@CHEMICAL_Lovastatin;@CHEMICAL_Lovastatin;chemical;29.0
@CHEMICAL_Nicorandil;@CHEMICAL_Nicorandil;chemical;29.0
@CHEMICAL_Resins_Plant;@CHEMICAL_Resins_Plant;chemical;29.0
@CHEMICAL_Rifaximin;@CHEMICAL_Rifaximin;chemical;29.0
@CHEMICAL_Ritonavir;@CHEMICAL_Ritonavir;chemical;29.0
@CHEMICAL_Selenomethionine;@CHEMICAL_Selenomethionine;chemical;29.0
@CHEMICAL_Sphingosine;@CHEMICAL_Sphingosine;chemical;29.0
@CHEMICAL_Sulfadiazine;@CHEMICAL_Sulfadiazine;chemical;29.0
@CHEMICAL_Sulfites;@CHEMICAL_Sulfites;chemical;29.0
@CHEMICAL_Thorium;@CHEMICAL_Thorium;chemical;29.0
@CHEMICAL_aristolochic_acid_I;@CHEMICAL_aristolochic_acid_I;chemical;29.0
@CHEMICAL_belumosudil;@CHEMICAL_belumosudil;chemical;29.0
@CHEMICAL_benzaldehyde;@CHEMICAL_benzaldehyde;chemical;29.0
@CHEMICAL_bifenthrin;@CHEMICAL_bifenthrin;chemical;29.0
@CHEMICAL_carbendazim;@CHEMICAL_carbendazim;chemical;29.0
@CHEMICAL_carbidopa_levodopa_drug_combination;@CHEMICAL_carbidopa_levodopa_drug_combination;chemical;29.0
@CHEMICAL_dehydrocostus_lactone;@CHEMICAL_dehydrocostus_lactone;chemical;29.0
@CHEMICAL_efavirenz;@CHEMICAL_efavirenz;chemical;29.0
@CHEMICAL_epicatechin_gallate;@CHEMICAL_epicatechin_gallate;chemical;29.0
@CHEMICAL_genipin;@CHEMICAL_genipin;chemical;29.0
@CHEMICAL_indole_3_carbaldehyde;@CHEMICAL_indole_3_carbaldehyde;chemical;29.0
@CHEMICAL_malachite_green;@CHEMICAL_malachite_green;chemical;29.0
@CHEMICAL_pemigatinib;@CHEMICAL_pemigatinib;chemical;29.0
@CHEMICAL_polyoxometalate;@CHEMICAL_polyoxometalate;chemical;29.0
@CHEMICAL_saroglitazar;@CHEMICAL_saroglitazar;chemical;29.0
@CHEMICAL_tetrabromobisphenol_A;@CHEMICAL_tetrabromobisphenol_A;chemical;29.0
@CHEMICAL_3_O_ethylascorbic_acid;@CHEMICAL_3_O_ethylascorbic_acid;chemical;28.0
@CHEMICAL_3_methylhistidine;@CHEMICAL_3_methylhistidine;chemical;28.0
@CHEMICAL_4_hydroxyphenylacetic_acid;@CHEMICAL_4_hydroxyphenylacetic_acid;chemical;28.0
@CHEMICAL_4_xylene;@CHEMICAL_4_xylene;chemical;28.0
@CHEMICAL_Agmatine;@CHEMICAL_Agmatine;chemical;28.0
@CHEMICAL_Anserine;@CHEMICAL_Anserine;chemical;28.0
@CHEMICAL_Bendamustine_Hydrochloride;@CHEMICAL_Bendamustine_Hydrochloride;chemical;28.0
@CHEMICAL_Brassinosteroids;@CHEMICAL_Brassinosteroids;chemical;28.0
@CHEMICAL_Chalcone;@CHEMICAL_Chalcone;chemical;28.0
@CHEMICAL_Cytosine;@CHEMICAL_Cytosine;chemical;28.0
@CHEMICAL_Daunorubicin;@CHEMICAL_Daunorubicin;chemical;28.0
@CHEMICAL_Fludrocortisone;@CHEMICAL_Fludrocortisone;chemical;28.0
@CHEMICAL_Fluvastatin;@CHEMICAL_Fluvastatin;chemical;28.0
@CHEMICAL_Glucose_6_Phosphate;@CHEMICAL_Glucose_6_Phosphate;chemical;28.0
@CHEMICAL_Glycopeptides;@CHEMICAL_Glycopeptides;chemical;28.0
@CHEMICAL_Holmium;@CHEMICAL_Holmium;chemical;28.0
@CHEMICAL_Nitrogen_Oxides;@CHEMICAL_Nitrogen_Oxides;chemical;28.0
@CHEMICAL_Oxylipins;@CHEMICAL_Oxylipins;chemical;28.0
@CHEMICAL_Peptides_Cyclic;@CHEMICAL_Peptides_Cyclic;chemical;28.0
@CHEMICAL_Polylysine;@CHEMICAL_Polylysine;chemical;28.0
@CHEMICAL_Polypropylenes;@CHEMICAL_Polypropylenes;chemical;28.0
@CHEMICAL_Retinaldehyde;@CHEMICAL_Retinaldehyde;chemical;28.0
@CHEMICAL_Ribose;@CHEMICAL_Ribose;chemical;28.0
@CHEMICAL_Risdiplam;@CHEMICAL_Risdiplam;chemical;28.0
@CHEMICAL_Trifluoroacetic_Acid;@CHEMICAL_Trifluoroacetic_Acid;chemical;28.0
@CHEMICAL_We_201;@CHEMICAL_We_201;chemical;28.0
@CHEMICAL_apatinib;@CHEMICAL_apatinib;chemical;28.0
@CHEMICAL_azelaic_acid;@CHEMICAL_azelaic_acid;chemical;28.0
@CHEMICAL_berbamine;@CHEMICAL_berbamine;chemical;28.0
@CHEMICAL_beta_hydroxyisovaleric_acid;@CHEMICAL_beta_hydroxyisovaleric_acid;chemical;28.0
@CHEMICAL_bisphenol_B;@CHEMICAL_bisphenol_B;chemical;28.0
@CHEMICAL_catalpol;@CHEMICAL_catalpol;chemical;28.0
@CHEMICAL_coptisine;@CHEMICAL_coptisine;chemical;28.0
@CHEMICAL_cupric_sulfide;@CHEMICAL_cupric_sulfide;chemical;28.0
@CHEMICAL_diacetyldichlorofluorescein;@CHEMICAL_diacetyldichlorofluorescein;chemical;28.0
@CHEMICAL_dolutegravir;@CHEMICAL_dolutegravir;chemical;28.0
@CHEMICAL_eupatilin;@CHEMICAL_eupatilin;chemical;28.0
@CHEMICAL_ferric_carboxymaltose;@CHEMICAL_ferric_carboxymaltose;chemical;28.0
@CHEMICAL_guselkumab;@CHEMICAL_guselkumab;chemical;28.0
@CHEMICAL_isovitexin;@CHEMICAL_isovitexin;chemical;28.0
@CHEMICAL_kirenol;@CHEMICAL_kirenol;chemical;28.0
@CHEMICAL_metaperiodate;@CHEMICAL_metaperiodate;chemical;28.0
@CHEMICAL_muscone;@CHEMICAL_muscone;chemical;28.0
@CHEMICAL_osthol;@CHEMICAL_osthol;chemical;28.0
@CHEMICAL_polyol;@CHEMICAL_polyol;chemical;28.0
@CHEMICAL_2_Aminoadipic_Acid;@CHEMICAL_2_Aminoadipic_Acid;chemical;27.0
@CHEMICAL_3_3'_5_5'_tetramethylbenzidine;@CHEMICAL_3_3'_5_5'_tetramethylbenzidine;chemical;27.0
@CHEMICAL_5_methyltetrahydrofolate;@CHEMICAL_5_methyltetrahydrofolate;chemical;27.0
@CHEMICAL_6_7_dihydroxyflavone;@CHEMICAL_6_7_dihydroxyflavone;chemical;27.0
@CHEMICAL_7_8_Dihydro_7_8_dihydroxybenzo(a)pyrene_9_10_oxide;@CHEMICAL_7_8_Dihydro_7_8_dihydroxybenzo(a)pyrene_9_10_oxide;chemical;27.0
@CHEMICAL_7_hydroxyflavone;@CHEMICAL_7_hydroxyflavone;chemical;27.0
@CHEMICAL_Acitretin;@CHEMICAL_Acitretin;chemical;27.0
@CHEMICAL_Biliverdine;@CHEMICAL_Biliverdine;chemical;27.0
@CHEMICAL_C.I._direct_red_80;@CHEMICAL_C.I._direct_red_80;chemical;27.0
@CHEMICAL_Calcium_Hydroxide;@CHEMICAL_Calcium_Hydroxide;chemical;27.0
@CHEMICAL_Carbidopa;@CHEMICAL_Carbidopa;chemical;27.0
@CHEMICAL_Cycloserine;@CHEMICAL_Cycloserine;chemical;27.0
@CHEMICAL_Diltiazem;@CHEMICAL_Diltiazem;chemical;27.0
@CHEMICAL_Ephedrine;@CHEMICAL_Ephedrine;chemical;27.0
@CHEMICAL_Ethanolamine;@CHEMICAL_Ethanolamine;chemical;27.0
@CHEMICAL_Ether;@CHEMICAL_Ether;chemical;27.0
@CHEMICAL_Fosfomycin;@CHEMICAL_Fosfomycin;chemical;27.0
@CHEMICAL_Fulvestrant;@CHEMICAL_Fulvestrant;chemical;27.0
@CHEMICAL_MIL_101;@CHEMICAL_MIL_101;chemical;27.0
@CHEMICAL_Minoxidil;@CHEMICAL_Minoxidil;chemical;27.0
@CHEMICAL_Nitroglycerin;@CHEMICAL_Nitroglycerin;chemical;27.0
@CHEMICAL_Riluzole;@CHEMICAL_Riluzole;chemical;27.0
@CHEMICAL_Selegiline;@CHEMICAL_Selegiline;chemical;27.0
@CHEMICAL_Selenocysteine;@CHEMICAL_Selenocysteine;chemical;27.0
@CHEMICAL_Tantalum;@CHEMICAL_Tantalum;chemical;27.0
@CHEMICAL_alectinib;@CHEMICAL_alectinib;chemical;27.0
@CHEMICAL_bardoxolone_methyl;@CHEMICAL_bardoxolone_methyl;chemical;27.0
@CHEMICAL_belzutifan;@CHEMICAL_belzutifan;chemical;27.0
@CHEMICAL_biochanin_A;@CHEMICAL_biochanin_A;chemical;27.0
@CHEMICAL_drospirenone;@CHEMICAL_drospirenone;chemical;27.0
@CHEMICAL_epalrestat;@CHEMICAL_epalrestat;chemical;27.0
@CHEMICAL_ertugliflozin;@CHEMICAL_ertugliflozin;chemical;27.0
@CHEMICAL_morroniside;@CHEMICAL_morroniside;chemical;27.0
@CHEMICAL_palmidrol;@CHEMICAL_palmidrol;chemical;27.0
@CHEMICAL_picolinic_acid;@CHEMICAL_picolinic_acid;chemical;27.0
@CHEMICAL_procyanidin_B2;@CHEMICAL_procyanidin_B2;chemical;27.0
@CHEMICAL_royal_jelly;@CHEMICAL_royal_jelly;chemical;27.0
@CHEMICAL_tempol;@CHEMICAL_tempol;chemical;27.0
@CHEMICAL_(1_2_bis(1_2_benzisoselenazolone_3(2H)_ketone))ethane;@CHEMICAL_(1_2_bis(1_2_benzisoselenazolone_3(2H)_ketone))ethane;chemical;26.0
@CHEMICAL_11_ketotestosterone;@CHEMICAL_11_ketotestosterone;chemical;26.0
@CHEMICAL_3_4_dihydroxyphenylpropionic_acid;@CHEMICAL_3_4_dihydroxyphenylpropionic_acid;chemical;26.0
@CHEMICAL_3_Hydroxyanthranilic_Acid;@CHEMICAL_3_Hydroxyanthranilic_Acid;chemical;26.0
@CHEMICAL_5'_O_caffeoylquinic_acid;@CHEMICAL_5'_O_caffeoylquinic_acid;chemical;26.0
@CHEMICAL_8_epi_prostaglandin_F2alpha;@CHEMICAL_8_epi_prostaglandin_F2alpha;chemical;26.0
@CHEMICAL_Ammonium_Sulfate;@CHEMICAL_Ammonium_Sulfate;chemical;26.0
@CHEMICAL_Amygdalin;@CHEMICAL_Amygdalin;chemical;26.0
@CHEMICAL_CPG_oligonucleotide;@CHEMICAL_CPG_oligonucleotide;chemical;26.0
@CHEMICAL_Carbimazole;@CHEMICAL_Carbimazole;chemical;26.0
@CHEMICAL_Citalopram;@CHEMICAL_Citalopram;chemical;26.0
@CHEMICAL_Clonidine;@CHEMICAL_Clonidine;chemical;26.0
@CHEMICAL_Cyanides;@CHEMICAL_Cyanides;chemical;26.0
@CHEMICAL_DDP_BLM_protocol;@CHEMICAL_DDP_BLM_protocol;chemical;26.0
@CHEMICAL_Dinitrochlorobenzene;@CHEMICAL_Dinitrochlorobenzene;chemical;26.0
@CHEMICAL_Fluticasone;@CHEMICAL_Fluticasone;chemical;26.0
@CHEMICAL_Gum_Arabic;@CHEMICAL_Gum_Arabic;chemical;26.0
@CHEMICAL_Hydrochlorothiazide;@CHEMICAL_Hydrochlorothiazide;chemical;26.0
@CHEMICAL_Ibandronic_Acid;@CHEMICAL_Ibandronic_Acid;chemical;26.0
@CHEMICAL_Imines;@CHEMICAL_Imines;chemical;26.0
@CHEMICAL_Isobutyrates;@CHEMICAL_Isobutyrates;chemical;26.0
@CHEMICAL_Ketoprofen;@CHEMICAL_Ketoprofen;chemical;26.0
@CHEMICAL_L_644711;@CHEMICAL_L_644711;chemical;26.0
@CHEMICAL_Lanthanoid_Series_Elements;@CHEMICAL_Lanthanoid_Series_Elements;chemical;26.0
@CHEMICAL_Methimazole;@CHEMICAL_Methimazole;chemical;26.0
@CHEMICAL_Mustard_Gas;@CHEMICAL_Mustard_Gas;chemical;26.0
@CHEMICAL_Nimodipine;@CHEMICAL_Nimodipine;chemical;26.0
@CHEMICAL_Octreotide;@CHEMICAL_Octreotide;chemical;26.0
@CHEMICAL_Povidone_Iodine;@CHEMICAL_Povidone_Iodine;chemical;26.0
@CHEMICAL_Pravastatin;@CHEMICAL_Pravastatin;chemical;26.0
@CHEMICAL_Resistant_Starch;@CHEMICAL_Resistant_Starch;chemical;26.0
@CHEMICAL_Rhenium;@CHEMICAL_Rhenium;chemical;26.0
@CHEMICAL_Sodium_Nitrite;@CHEMICAL_Sodium_Nitrite;chemical;26.0
@CHEMICAL_Triazoles;@CHEMICAL_Triazoles;chemical;26.0
@CHEMICAL_Vildagliptin;@CHEMICAL_Vildagliptin;chemical;26.0
@CHEMICAL_cerebrolysin;@CHEMICAL_cerebrolysin;chemical;26.0
@CHEMICAL_deoxyuridine_triphosphate;@CHEMICAL_deoxyuridine_triphosphate;chemical;26.0
@CHEMICAL_devimistat;@CHEMICAL_devimistat;chemical;26.0
@CHEMICAL_dostarlimab;@CHEMICAL_dostarlimab;chemical;26.0
@CHEMICAL_eumelanin;@CHEMICAL_eumelanin;chemical;26.0
@CHEMICAL_ferric_chloride;@CHEMICAL_ferric_chloride;chemical;26.0
@CHEMICAL_glycolic_acid;@CHEMICAL_glycolic_acid;chemical;26.0
@CHEMICAL_guar_gum;@CHEMICAL_guar_gum;chemical;26.0
@CHEMICAL_isorhapontigenin;@CHEMICAL_isorhapontigenin;chemical;26.0
@CHEMICAL_isospaglumic_acid;@CHEMICAL_isospaglumic_acid;chemical;26.0
@CHEMICAL_istradefylline;@CHEMICAL_istradefylline;chemical;26.0
@CHEMICAL_narirutin;@CHEMICAL_narirutin;chemical;26.0
@CHEMICAL_oroxylin_A_7_O_glucuronide;@CHEMICAL_oroxylin_A_7_O_glucuronide;chemical;26.0
@CHEMICAL_puag_haad;@CHEMICAL_puag_haad;chemical;26.0
@CHEMICAL_rufinamide;@CHEMICAL_rufinamide;chemical;26.0
@CHEMICAL_sodium_zirconium_cyclosilicate;@CHEMICAL_sodium_zirconium_cyclosilicate;chemical;26.0
@CHEMICAL_18alpha_20beta_hydroxy_11_oxo_norolean_12_en_3beta_yl_2_O_beta_D_glucopyranurosyl_alpha_D_glucopyranosiduronate_magnesium_tetrahydrate;@CHEMICAL_18alpha_20beta_hydroxy_11_oxo_norolean_12_en_3beta_yl_2_O_beta_D_glucopyranurosyl_alpha_D_glucopyranosiduronate_magnesium_tetrahydrate;chemical;25.0
@CHEMICAL_2'_fucosyllactose;@CHEMICAL_2'_fucosyllactose;chemical;25.0
@CHEMICAL_3_aminoisobutyric_acid;@CHEMICAL_3_aminoisobutyric_acid;chemical;25.0
@CHEMICAL_4_cymene;@CHEMICAL_4_cymene;chemical;25.0
@CHEMICAL_Albuterol;@CHEMICAL_Albuterol;chemical;25.0
@CHEMICAL_Amoxicillin_Potassium_Clavulanate_Combination;@CHEMICAL_Amoxicillin_Potassium_Clavulanate_Combination;chemical;25.0
@CHEMICAL_Arecoline;@CHEMICAL_Arecoline;chemical;25.0
@CHEMICAL_Atenolol;@CHEMICAL_Atenolol;chemical;25.0
@CHEMICAL_Chlorpromazine;@CHEMICAL_Chlorpromazine;chemical;25.0
@CHEMICAL_Clotrimazole;@CHEMICAL_Clotrimazole;chemical;25.0
@CHEMICAL_Floxacillin;@CHEMICAL_Floxacillin;chemical;25.0
@CHEMICAL_Glycerylphosphorylcholine;@CHEMICAL_Glycerylphosphorylcholine;chemical;25.0
@CHEMICAL_Guanidine;@CHEMICAL_Guanidine;chemical;25.0
@CHEMICAL_Hymecromone;@CHEMICAL_Hymecromone;chemical;25.0
@CHEMICAL_Methylmalonic_Acid;@CHEMICAL_Methylmalonic_Acid;chemical;25.0
@CHEMICAL_Miconazole;@CHEMICAL_Miconazole;chemical;25.0
@CHEMICAL_Molecularly_Imprinted_Polymers;@CHEMICAL_Molecularly_Imprinted_Polymers;chemical;25.0
@CHEMICAL_Neodymium;@CHEMICAL_Neodymium;chemical;25.0
@CHEMICAL_Paraffin;@CHEMICAL_Paraffin;chemical;25.0
@CHEMICAL_Thallium;@CHEMICAL_Thallium;chemical;25.0
@CHEMICAL_Theophylline;@CHEMICAL_Theophylline;chemical;25.0
@CHEMICAL_Thymine;@CHEMICAL_Thymine;chemical;25.0
@CHEMICAL_Tirofiban;@CHEMICAL_Tirofiban;chemical;25.0
@CHEMICAL_Valerates;@CHEMICAL_Valerates;chemical;25.0
@CHEMICAL_alpinetin;@CHEMICAL_alpinetin;chemical;25.0
@CHEMICAL_beauvericin;@CHEMICAL_beauvericin;chemical;25.0
@CHEMICAL_bisphenol_F;@CHEMICAL_bisphenol_F;chemical;25.0
@CHEMICAL_diethyl_phthalate;@CHEMICAL_diethyl_phthalate;chemical;25.0
@CHEMICAL_ectoine;@CHEMICAL_ectoine;chemical;25.0
@CHEMICAL_enzalutamide;@CHEMICAL_enzalutamide;chemical;25.0
@CHEMICAL_esculetin;@CHEMICAL_esculetin;chemical;25.0
@CHEMICAL_ferrocene;@CHEMICAL_ferrocene;chemical;25.0
@CHEMICAL_fipronil;@CHEMICAL_fipronil;chemical;25.0
@CHEMICAL_fluorocitrate;@CHEMICAL_fluorocitrate;chemical;25.0
@CHEMICAL_gellan_gum;@CHEMICAL_gellan_gum;chemical;25.0
@CHEMICAL_hypericin;@CHEMICAL_hypericin;chemical;25.0
@CHEMICAL_kojic_acid;@CHEMICAL_kojic_acid;chemical;25.0
@CHEMICAL_lysophosphatidic_acid;@CHEMICAL_lysophosphatidic_acid;chemical;25.0
@CHEMICAL_microcrystalline_cellulose;@CHEMICAL_microcrystalline_cellulose;chemical;25.0
@CHEMICAL_mirabegron;@CHEMICAL_mirabegron;chemical;25.0
@CHEMICAL_n_hexanal;@CHEMICAL_n_hexanal;chemical;25.0
@CHEMICAL_naphtha;@CHEMICAL_naphtha;chemical;25.0
@CHEMICAL_nimbolide;@CHEMICAL_nimbolide;chemical;25.0
@CHEMICAL_oligochitosan;@CHEMICAL_oligochitosan;chemical;25.0
@CHEMICAL_phillygenin;@CHEMICAL_phillygenin;chemical;25.0
@CHEMICAL_pullulan;@CHEMICAL_pullulan;chemical;25.0
@CHEMICAL_rhodamine_6G;@CHEMICAL_rhodamine_6G;chemical;25.0
@CHEMICAL_syringaldehyde;@CHEMICAL_syringaldehyde;chemical;25.0
@CHEMICAL_tocopherylquinone;@CHEMICAL_tocopherylquinone;chemical;25.0
@CHEMICAL_trichlorosucrose;@CHEMICAL_trichlorosucrose;chemical;25.0
@CHEMICAL_tucatinib;@CHEMICAL_tucatinib;chemical;25.0
@CHEMICAL_vinclozolin;@CHEMICAL_vinclozolin;chemical;25.0
@CHEMICAL_zinc_protoporphyrin;@CHEMICAL_zinc_protoporphyrin;chemical;25.0
@CHEMICAL_1_2_Dihydroxybenzene_3_5_Disulfonic_Acid_Disodium_Salt;@CHEMICAL_1_2_Dihydroxybenzene_3_5_Disulfonic_Acid_Disodium_Salt;chemical;24.0
@CHEMICAL_27_hydroxycholesterol;@CHEMICAL_27_hydroxycholesterol;chemical;24.0
@CHEMICAL_3_Iodobenzylguanidine;@CHEMICAL_3_Iodobenzylguanidine;chemical;24.0
@CHEMICAL_4_6_dinitro_o_cresol;@CHEMICAL_4_6_dinitro_o_cresol;chemical;24.0
@CHEMICAL_9_10_Dimethyl_1_2_benzanthracene;@CHEMICAL_9_10_Dimethyl_1_2_benzanthracene;chemical;24.0
@CHEMICAL_Auranofin;@CHEMICAL_Auranofin;chemical;24.0
@CHEMICAL_Equol;@CHEMICAL_Equol;chemical;24.0
@CHEMICAL_Flavin_Mononucleotide;@CHEMICAL_Flavin_Mononucleotide;chemical;24.0
@CHEMICAL_Flutamide;@CHEMICAL_Flutamide;chemical;24.0
@CHEMICAL_Furans;@CHEMICAL_Furans;chemical;24.0
@CHEMICAL_Gibberellins;@CHEMICAL_Gibberellins;chemical;24.0
@CHEMICAL_Gossypol;@CHEMICAL_Gossypol;chemical;24.0
@CHEMICAL_Hematoporphyrin_Derivative;@CHEMICAL_Hematoporphyrin_Derivative;chemical;24.0
@CHEMICAL_Hydrocarbons_Aromatic;@CHEMICAL_Hydrocarbons_Aromatic;chemical;24.0
@CHEMICAL_Isoflurane;@CHEMICAL_Isoflurane;chemical;24.0
@CHEMICAL_Levamisole;@CHEMICAL_Levamisole;chemical;24.0
@CHEMICAL_Metals_Rare_Earth;@CHEMICAL_Metals_Rare_Earth;chemical;24.0
@CHEMICAL_Methyltestosterone;@CHEMICAL_Methyltestosterone;chemical;24.0
@CHEMICAL_Metoprolol;@CHEMICAL_Metoprolol;chemical;24.0
@CHEMICAL_N_N_dimethylarginine;@CHEMICAL_N_N_dimethylarginine;chemical;24.0
@CHEMICAL_N_lactoyl_phenylalanine;@CHEMICAL_N_lactoyl_phenylalanine;chemical;24.0
@CHEMICAL_Nandrolone_Decanoate;@CHEMICAL_Nandrolone_Decanoate;chemical;24.0
@CHEMICAL_Norfloxacin;@CHEMICAL_Norfloxacin;chemical;24.0
@CHEMICAL_Oxytetracycline;@CHEMICAL_Oxytetracycline;chemical;24.0
@CHEMICAL_Panobinostat;@CHEMICAL_Panobinostat;chemical;24.0
@CHEMICAL_Quetiapine_Fumarate;@CHEMICAL_Quetiapine_Fumarate;chemical;24.0
@CHEMICAL_Racemethionine;@CHEMICAL_Racemethionine;chemical;24.0
@CHEMICAL_Stilbenes;@CHEMICAL_Stilbenes;chemical;24.0
@CHEMICAL_Testosterone_Propionate;@CHEMICAL_Testosterone_Propionate;chemical;24.0
@CHEMICAL_Thiosulfates;@CHEMICAL_Thiosulfates;chemical;24.0
@CHEMICAL_Trihexyphenidyl;@CHEMICAL_Trihexyphenidyl;chemical;24.0
@CHEMICAL_Vitamin_K_1;@CHEMICAL_Vitamin_K_1;chemical;24.0
@CHEMICAL_acetamiprid;@CHEMICAL_acetamiprid;chemical;24.0
@CHEMICAL_acetylshikonin;@CHEMICAL_acetylshikonin;chemical;24.0
@CHEMICAL_arsenite;@CHEMICAL_arsenite;chemical;24.0
@CHEMICAL_aucubin;@CHEMICAL_aucubin;chemical;24.0
@CHEMICAL_bergenin;@CHEMICAL_bergenin;chemical;24.0
@CHEMICAL_bismuth_vanadium_tetraoxide;@CHEMICAL_bismuth_vanadium_tetraoxide;chemical;24.0
@CHEMICAL_bufalin;@CHEMICAL_bufalin;chemical;24.0
@CHEMICAL_cannabigerol;@CHEMICAL_cannabigerol;chemical;24.0
@CHEMICAL_cynarine;@CHEMICAL_cynarine;chemical;24.0
@CHEMICAL_gambogic_acid;@CHEMICAL_gambogic_acid;chemical;24.0
@CHEMICAL_ginsenoside_Rg3;@CHEMICAL_ginsenoside_Rg3;chemical;24.0
@CHEMICAL_goethite;@CHEMICAL_goethite;chemical;24.0
@CHEMICAL_kaempferol_3_O_rutinoside;@CHEMICAL_kaempferol_3_O_rutinoside;chemical;24.0
@CHEMICAL_lanifibranor;@CHEMICAL_lanifibranor;chemical;24.0
@CHEMICAL_monophosphoryl_lipid_A;@CHEMICAL_monophosphoryl_lipid_A;chemical;24.0
@CHEMICAL_nerolidol;@CHEMICAL_nerolidol;chemical;24.0
@CHEMICAL_oxalylglycine;@CHEMICAL_oxalylglycine;chemical;24.0
@CHEMICAL_phlorofucofuroeckol_A;@CHEMICAL_phlorofucofuroeckol_A;chemical;24.0
@CHEMICAL_pipecolic_acid;@CHEMICAL_pipecolic_acid;chemical;24.0
@CHEMICAL_plerixafor;@CHEMICAL_plerixafor;chemical;24.0
@CHEMICAL_polyacrylamide;@CHEMICAL_polyacrylamide;chemical;24.0
@CHEMICAL_protoporphyrin_IX;@CHEMICAL_protoporphyrin_IX;chemical;24.0
@CHEMICAL_pseudolaric_acid_B;@CHEMICAL_pseudolaric_acid_B;chemical;24.0
@CHEMICAL_pyrazole;@CHEMICAL_pyrazole;chemical;24.0
@CHEMICAL_raubasine;@CHEMICAL_raubasine;chemical;24.0
@CHEMICAL_tamarixetin;@CHEMICAL_tamarixetin;chemical;24.0
@CHEMICAL_tapinarof;@CHEMICAL_tapinarof;chemical;24.0
@CHEMICAL_tectorigenin;@CHEMICAL_tectorigenin;chemical;24.0
@CHEMICAL_trimethylamine;@CHEMICAL_trimethylamine;chemical;24.0
@CHEMICAL_ubiquinol;@CHEMICAL_ubiquinol;chemical;24.0
@CHEMICAL_vanadyl_sulfate;@CHEMICAL_vanadyl_sulfate;chemical;24.0
@CHEMICAL_zerumbone;@CHEMICAL_zerumbone;chemical;24.0
@CHEMICAL_1_deoxysphingolipid;@CHEMICAL_1_deoxysphingolipid;chemical;23.0
@CHEMICAL_21_deoxycortisol;@CHEMICAL_21_deoxycortisol;chemical;23.0
@CHEMICAL_21_fluoro_16_ethyl_19_norprogesterone;@CHEMICAL_21_fluoro_16_ethyl_19_norprogesterone;chemical;23.0
@CHEMICAL_Acyl_Coenzyme_A;@CHEMICAL_Acyl_Coenzyme_A;chemical;23.0
@CHEMICAL_Ambroxol;@CHEMICAL_Ambroxol;chemical;23.0
@CHEMICAL_Atovaquone;@CHEMICAL_Atovaquone;chemical;23.0
@CHEMICAL_BMS201038;@CHEMICAL_BMS201038;chemical;23.0
@CHEMICAL_Carbon_Fiber;@CHEMICAL_Carbon_Fiber;chemical;23.0
@CHEMICAL_Cefotaxime;@CHEMICAL_Cefotaxime;chemical;23.0
@CHEMICAL_Diazinon;@CHEMICAL_Diazinon;chemical;23.0
@CHEMICAL_Europium;@CHEMICAL_Europium;chemical;23.0
@CHEMICAL_GLPG0634;@CHEMICAL_GLPG0634;chemical;23.0
@CHEMICAL_Gemfibrozil;@CHEMICAL_Gemfibrozil;chemical;23.0
@CHEMICAL_Indoles;@CHEMICAL_Indoles;chemical;23.0
@CHEMICAL_Kaolin;@CHEMICAL_Kaolin;chemical;23.0
@CHEMICAL_Lentinan;@CHEMICAL_Lentinan;chemical;23.0
@CHEMICAL_Lewis_Acids;@CHEMICAL_Lewis_Acids;chemical;23.0
@CHEMICAL_Methyl_Parathion;@CHEMICAL_Methyl_Parathion;chemical;23.0
@CHEMICAL_MitoTEMPO;@CHEMICAL_MitoTEMPO;chemical;23.0
@CHEMICAL_Myristic_Acid;@CHEMICAL_Myristic_Acid;chemical;23.0
@CHEMICAL_N_acetylphenylalanine;@CHEMICAL_N_acetylphenylalanine;chemical;23.0
@CHEMICAL_Penicillin_G;@CHEMICAL_Penicillin_G;chemical;23.0
@CHEMICAL_Thiazoles;@CHEMICAL_Thiazoles;chemical;23.0
@CHEMICAL_aluminum_phosphide;@CHEMICAL_aluminum_phosphide;chemical;23.0
@CHEMICAL_calcium_peroxide;@CHEMICAL_calcium_peroxide;chemical;23.0
@CHEMICAL_curdlan;@CHEMICAL_curdlan;chemical;23.0
@CHEMICAL_ferrous_citrate;@CHEMICAL_ferrous_citrate;chemical;23.0
@CHEMICAL_flumethrin;@CHEMICAL_flumethrin;chemical;23.0
@CHEMICAL_galactosylhydroxylysine;@CHEMICAL_galactosylhydroxylysine;chemical;23.0
@CHEMICAL_homoeriodictyol;@CHEMICAL_homoeriodictyol;chemical;23.0
@CHEMICAL_iguratimod;@CHEMICAL_iguratimod;chemical;23.0
@CHEMICAL_isoferulic_acid;@CHEMICAL_isoferulic_acid;chemical;23.0
@CHEMICAL_lead_acetate;@CHEMICAL_lead_acetate;chemical;23.0
@CHEMICAL_lercanidipine;@CHEMICAL_lercanidipine;chemical;23.0
@CHEMICAL_lignosulfuric_acid;@CHEMICAL_lignosulfuric_acid;chemical;23.0
@CHEMICAL_lorlatinib;@CHEMICAL_lorlatinib;chemical;23.0
@CHEMICAL_maltodextrin;@CHEMICAL_maltodextrin;chemical;23.0
@CHEMICAL_niraparib;@CHEMICAL_niraparib;chemical;23.0
@CHEMICAL_pectolinarigenin;@CHEMICAL_pectolinarigenin;chemical;23.0
@CHEMICAL_phytochlorin;@CHEMICAL_phytochlorin;chemical;23.0
@CHEMICAL_pitavastatin;@CHEMICAL_pitavastatin;chemical;23.0
@CHEMICAL_polyethylene_glycol_polyethyleneimine_nanogel;@CHEMICAL_polyethylene_glycol_polyethyleneimine_nanogel;chemical;23.0
@CHEMICAL_pyrite;@CHEMICAL_pyrite;chemical;23.0
@CHEMICAL_salubrinal;@CHEMICAL_salubrinal;chemical;23.0
@CHEMICAL_sodium_thiosulfate;@CHEMICAL_sodium_thiosulfate;chemical;23.0
@CHEMICAL_zanubrutinib;@CHEMICAL_zanubrutinib;chemical;23.0
@CHEMICAL_1_2_Dimethylhydrazine;@CHEMICAL_1_2_Dimethylhydrazine;chemical;22.0
@CHEMICAL_3_(4_methylphenylsulfonyl)_2_propenenitrile;@CHEMICAL_3_(4_methylphenylsulfonyl)_2_propenenitrile;chemical;22.0
@CHEMICAL_4_Aminobenzoic_Acid;@CHEMICAL_4_Aminobenzoic_Acid;chemical;22.0
@CHEMICAL_8_oxoberberine;@CHEMICAL_8_oxoberberine;chemical;22.0
@CHEMICAL_Alkanesulfonates;@CHEMICAL_Alkanesulfonates;chemical;22.0
@CHEMICAL_Amantadine;@CHEMICAL_Amantadine;chemical;22.0
@CHEMICAL_Amino_Acids_Sulfur;@CHEMICAL_Amino_Acids_Sulfur;chemical;22.0
@CHEMICAL_Anastrozole;@CHEMICAL_Anastrozole;chemical;22.0
@CHEMICAL_Baclofen;@CHEMICAL_Baclofen;chemical;22.0
@CHEMICAL_Benzyl_Alcohol;@CHEMICAL_Benzyl_Alcohol;chemical;22.0
@CHEMICAL_Biogenic_Amines;@CHEMICAL_Biogenic_Amines;chemical;22.0
@CHEMICAL_Bupropion;@CHEMICAL_Bupropion;chemical;22.0
@CHEMICAL_Diamide;@CHEMICAL_Diamide;chemical;22.0
@CHEMICAL_Diazoxide;@CHEMICAL_Diazoxide;chemical;22.0
@CHEMICAL_Drinking_Water;@CHEMICAL_Drinking_Water;chemical;22.0
@CHEMICAL_Gliclazide;@CHEMICAL_Gliclazide;chemical;22.0
@CHEMICAL_Glucans;@CHEMICAL_Glucans;chemical;22.0
@CHEMICAL_H_87;@CHEMICAL_H_87;chemical;22.0
@CHEMICAL_Hafnium;@CHEMICAL_Hafnium;chemical;22.0
@CHEMICAL_Luminol;@CHEMICAL_Luminol;chemical;22.0
@CHEMICAL_Maneb;@CHEMICAL_Maneb;chemical;22.0
@CHEMICAL_Mdivi_1;@CHEMICAL_Mdivi_1;chemical;22.0
@CHEMICAL_Metyrapone;@CHEMICAL_Metyrapone;chemical;22.0
@CHEMICAL_N_Methyl_3_4_methylenedioxyamphetamine;@CHEMICAL_N_Methyl_3_4_methylenedioxyamphetamine;chemical;22.0
@CHEMICAL_Ofloxacin;@CHEMICAL_Ofloxacin;chemical;22.0
@CHEMICAL_Oximes;@CHEMICAL_Oximes;chemical;22.0
@CHEMICAL_Phosphatidylglycerols;@CHEMICAL_Phosphatidylglycerols;chemical;22.0
@CHEMICAL_Pyrroles;@CHEMICAL_Pyrroles;chemical;22.0
@CHEMICAL_Rubidium;@CHEMICAL_Rubidium;chemical;22.0
@CHEMICAL_SRT1720;@CHEMICAL_SRT1720;chemical;22.0
@CHEMICAL_Soybean_Oil;@CHEMICAL_Soybean_Oil;chemical;22.0
@CHEMICAL_Steel;@CHEMICAL_Steel;chemical;22.0
@CHEMICAL_Suramin;@CHEMICAL_Suramin;chemical;22.0
@CHEMICAL_Tunicamycin;@CHEMICAL_Tunicamycin;chemical;22.0
@CHEMICAL_UiO_66;@CHEMICAL_UiO_66;chemical;22.0
@CHEMICAL_asphalt;@CHEMICAL_asphalt;chemical;22.0
@CHEMICAL_caprylic_aldehyde;@CHEMICAL_caprylic_aldehyde;chemical;22.0
@CHEMICAL_curcumol;@CHEMICAL_curcumol;chemical;22.0
@CHEMICAL_dibenzofuran;@CHEMICAL_dibenzofuran;chemical;22.0
@CHEMICAL_diisononyl_phthalate;@CHEMICAL_diisononyl_phthalate;chemical;22.0
@CHEMICAL_ethyl_ferulate;@CHEMICAL_ethyl_ferulate;chemical;22.0
@CHEMICAL_etonogestrel;@CHEMICAL_etonogestrel;chemical;22.0
@CHEMICAL_fluorodopa_F_18;@CHEMICAL_fluorodopa_F_18;chemical;22.0
@CHEMICAL_kaempferide;@CHEMICAL_kaempferide;chemical;22.0
@CHEMICAL_lyoniside;@CHEMICAL_lyoniside;chemical;22.0
@CHEMICAL_maleic_acid;@CHEMICAL_maleic_acid;chemical;22.0
@CHEMICAL_mecobalamin;@CHEMICAL_mecobalamin;chemical;22.0
@CHEMICAL_ornithylaspartate;@CHEMICAL_ornithylaspartate;chemical;22.0
@CHEMICAL_palmitoleic_acid;@CHEMICAL_palmitoleic_acid;chemical;22.0
@CHEMICAL_pentosidine;@CHEMICAL_pentosidine;chemical;22.0
@CHEMICAL_perillaldehyde;@CHEMICAL_perillaldehyde;chemical;22.0
@CHEMICAL_piperlongumine;@CHEMICAL_piperlongumine;chemical;22.0
@CHEMICAL_punicalin;@CHEMICAL_punicalin;chemical;22.0
@CHEMICAL_relugolix;@CHEMICAL_relugolix;chemical;22.0
@CHEMICAL_sakuranetin;@CHEMICAL_sakuranetin;chemical;22.0
@CHEMICAL_selenomethylselenocysteine;@CHEMICAL_selenomethylselenocysteine;chemical;22.0
@CHEMICAL_stachyose;@CHEMICAL_stachyose;chemical;22.0
@CHEMICAL_symmetric_dimethylarginine;@CHEMICAL_symmetric_dimethylarginine;chemical;22.0
@CHEMICAL_taurolidine;@CHEMICAL_taurolidine;chemical;22.0
@CHEMICAL_taxane;@CHEMICAL_taxane;chemical;22.0
@CHEMICAL_1_25_dihydroxyvitamin_D;@CHEMICAL_1_25_dihydroxyvitamin_D;chemical;21.0
@CHEMICAL_2_(N_morpholino)ethanesulfonic_acid;@CHEMICAL_2_(N_morpholino)ethanesulfonic_acid;chemical;21.0
@CHEMICAL_2_3'_4_4'_5_pentachlorobiphenyl;@CHEMICAL_2_3'_4_4'_5_pentachlorobiphenyl;chemical;21.0
@CHEMICAL_2_acetyl_1_pyrroline;@CHEMICAL_2_acetyl_1_pyrroline;chemical;21.0
@CHEMICAL_3_3'_4'_5_tetrachlorosalicylanilide;@CHEMICAL_3_3'_4'_5_tetrachlorosalicylanilide;chemical;21.0
@CHEMICAL_3_phenyllactic_acid;@CHEMICAL_3_phenyllactic_acid;chemical;21.0
@CHEMICAL_5_hydroxymethylcytosine;@CHEMICAL_5_hydroxymethylcytosine;chemical;21.0
@CHEMICAL_Argon;@CHEMICAL_Argon;chemical;21.0
@CHEMICAL_Betamethasone;@CHEMICAL_Betamethasone;chemical;21.0
@CHEMICAL_CB_839;@CHEMICAL_CB_839;chemical;21.0
@CHEMICAL_Calcifediol;@CHEMICAL_Calcifediol;chemical;21.0
@CHEMICAL_Californium;@CHEMICAL_Californium;chemical;21.0
@CHEMICAL_Carbon_14;@CHEMICAL_Carbon_14;chemical;21.0
@CHEMICAL_Chlorzoxazone;@CHEMICAL_Chlorzoxazone;chemical;21.0
@CHEMICAL_Cotinine;@CHEMICAL_Cotinine;chemical;21.0
@CHEMICAL_Etretinate;@CHEMICAL_Etretinate;chemical;21.0
@CHEMICAL_Gallium_68;@CHEMICAL_Gallium_68;chemical;21.0
@CHEMICAL_Glycochenodeoxycholic_Acid;@CHEMICAL_Glycochenodeoxycholic_Acid;chemical;21.0
@CHEMICAL_Hypromellose_Derivatives;@CHEMICAL_Hypromellose_Derivatives;chemical;21.0
@CHEMICAL_Inositol_Phosphates;@CHEMICAL_Inositol_Phosphates;chemical;21.0
@CHEMICAL_Lincomycin;@CHEMICAL_Lincomycin;chemical;21.0
@CHEMICAL_Loperamide;@CHEMICAL_Loperamide;chemical;21.0
@CHEMICAL_Loratadine;@CHEMICAL_Loratadine;chemical;21.0
@CHEMICAL_MK_2206;@CHEMICAL_MK_2206;chemical;21.0
@CHEMICAL_Metals_Alkali;@CHEMICAL_Metals_Alkali;chemical;21.0
@CHEMICAL_Naphthoquinones;@CHEMICAL_Naphthoquinones;chemical;21.0
@CHEMICAL_Ondansetron;@CHEMICAL_Ondansetron;chemical;21.0
@CHEMICAL_Pantoprazole;@CHEMICAL_Pantoprazole;chemical;21.0
@CHEMICAL_Pentoses;@CHEMICAL_Pentoses;chemical;21.0
@CHEMICAL_Peptide_Nucleic_Acids;@CHEMICAL_Peptide_Nucleic_Acids;chemical;21.0
@CHEMICAL_Phenylethyl_Alcohol;@CHEMICAL_Phenylethyl_Alcohol;chemical;21.0
@CHEMICAL_Pyrazines;@CHEMICAL_Pyrazines;chemical;21.0
@CHEMICAL_Remifentanil;@CHEMICAL_Remifentanil;chemical;21.0
@CHEMICAL_Rolipram;@CHEMICAL_Rolipram;chemical;21.0
@CHEMICAL_SW033291;@CHEMICAL_SW033291;chemical;21.0
@CHEMICAL_Silver_Nitrate;@CHEMICAL_Silver_Nitrate;chemical;21.0
@CHEMICAL_Simendan;@CHEMICAL_Simendan;chemical;21.0
@CHEMICAL_Sulbactam;@CHEMICAL_Sulbactam;chemical;21.0
@CHEMICAL_Thimerosal;@CHEMICAL_Thimerosal;chemical;21.0
@CHEMICAL_Thymidine;@CHEMICAL_Thymidine;chemical;21.0
@CHEMICAL_Trypan_Blue;@CHEMICAL_Trypan_Blue;chemical;21.0
@CHEMICAL_Ustekinumab;@CHEMICAL_Ustekinumab;chemical;21.0
@CHEMICAL_Verteporfin;@CHEMICAL_Verteporfin;chemical;21.0
@CHEMICAL_Zeaxanthins;@CHEMICAL_Zeaxanthins;chemical;21.0
@CHEMICAL_aliskiren;@CHEMICAL_aliskiren;chemical;21.0
@CHEMICAL_alpha_cyano_4_hydroxycinnamate;@CHEMICAL_alpha_cyano_4_hydroxycinnamate;chemical;21.0
@CHEMICAL_amorfrutin_A;@CHEMICAL_amorfrutin_A;chemical;21.0
@CHEMICAL_bimekizumab;@CHEMICAL_bimekizumab;chemical;21.0
@CHEMICAL_boron_nitride;@CHEMICAL_boron_nitride;chemical;21.0
@CHEMICAL_camphene;@CHEMICAL_camphene;chemical;21.0
@CHEMICAL_capivasertib;@CHEMICAL_capivasertib;chemical;21.0
@CHEMICAL_chicoric_acid;@CHEMICAL_chicoric_acid;chemical;21.0
@CHEMICAL_chlorobenzene;@CHEMICAL_chlorobenzene;chemical;21.0
@CHEMICAL_cholesteryl_sulfate;@CHEMICAL_cholesteryl_sulfate;chemical;21.0
@CHEMICAL_cobaltous_chloride;@CHEMICAL_cobaltous_chloride;chemical;21.0
@CHEMICAL_coniferaldehyde;@CHEMICAL_coniferaldehyde;chemical;21.0
@CHEMICAL_diallyl_disulfide;@CHEMICAL_diallyl_disulfide;chemical;21.0
@CHEMICAL_dienogest;@CHEMICAL_dienogest;chemical;21.0
@CHEMICAL_docosapentaenoic_acid;@CHEMICAL_docosapentaenoic_acid;chemical;21.0
@CHEMICAL_glucuronyl_glucosamine_glycan_sulfate;@CHEMICAL_glucuronyl_glucosamine_glycan_sulfate;chemical;21.0
@CHEMICAL_imciromab_pentetate;@CHEMICAL_imciromab_pentetate;chemical;21.0
@CHEMICAL_liproxstatin_1;@CHEMICAL_liproxstatin_1;chemical;21.0
@CHEMICAL_methylone;@CHEMICAL_methylone;chemical;21.0
@CHEMICAL_nervonic_acid;@CHEMICAL_nervonic_acid;chemical;21.0
@CHEMICAL_nickel_chloride;@CHEMICAL_nickel_chloride;chemical;21.0
@CHEMICAL_nicotiflorin;@CHEMICAL_nicotiflorin;chemical;21.0
@CHEMICAL_parthenolide;@CHEMICAL_parthenolide;chemical;21.0
@CHEMICAL_patchouli_alcohol;@CHEMICAL_patchouli_alcohol;chemical;21.0
@CHEMICAL_pelargonidin_3_glucoside;@CHEMICAL_pelargonidin_3_glucoside;chemical;21.0
@CHEMICAL_phenyl_N_tert_butylnitrone;@CHEMICAL_phenyl_N_tert_butylnitrone;chemical;21.0
@CHEMICAL_phenylacetylglycine;@CHEMICAL_phenylacetylglycine;chemical;21.0
@CHEMICAL_pimagedine;@CHEMICAL_pimagedine;chemical;21.0
@CHEMICAL_polysulfide;@CHEMICAL_polysulfide;chemical;21.0
@CHEMICAL_rhamnetin;@CHEMICAL_rhamnetin;chemical;21.0
@CHEMICAL_saxagliptin;@CHEMICAL_saxagliptin;chemical;21.0
@CHEMICAL_sodium_borohydride;@CHEMICAL_sodium_borohydride;chemical;21.0
@CHEMICAL_tafamidis;@CHEMICAL_tafamidis;chemical;21.0
@CHEMICAL_tebuconazole;@CHEMICAL_tebuconazole;chemical;21.0
@CHEMICAL_thiocyanate;@CHEMICAL_thiocyanate;chemical;21.0
@CHEMICAL_triphosphoric_acid;@CHEMICAL_triphosphoric_acid;chemical;21.0
@CHEMICAL_(R)_2_(3_((benzoxazol_2_yl_d4_(3_(4_methoxyphenoxy_d7)propyl)amino)methyl)phenoxy)_butanoic_acid;@CHEMICAL_(R)_2_(3_((benzoxazol_2_yl_d4_(3_(4_methoxyphenoxy_d7)propyl)amino)methyl)phenoxy)_butanoic_acid;chemical;20.0
@CHEMICAL_1_aminobenzotriazole;@CHEMICAL_1_aminobenzotriazole;chemical;20.0
@CHEMICAL_2_amino_3_methylimidazo(4_5_f)quinoline;@CHEMICAL_2_amino_3_methylimidazo(4_5_f)quinoline;chemical;20.0
@CHEMICAL_3_methoxytyramine;@CHEMICAL_3_methoxytyramine;chemical;20.0
@CHEMICAL_5_Methylcytosine;@CHEMICAL_5_Methylcytosine;chemical;20.0
@CHEMICAL_AZD_6244;@CHEMICAL_AZD_6244;chemical;20.0
@CHEMICAL_Aflatoxins;@CHEMICAL_Aflatoxins;chemical;20.0
@CHEMICAL_Aluminum_Hydroxide;@CHEMICAL_Aluminum_Hydroxide;chemical;20.0
@CHEMICAL_Betalains;@CHEMICAL_Betalains;chemical;20.0
@CHEMICAL_Cadaverine;@CHEMICAL_Cadaverine;chemical;20.0
@CHEMICAL_Clioquinol;@CHEMICAL_Clioquinol;chemical;20.0
@CHEMICAL_Dehydroascorbic_Acid;@CHEMICAL_Dehydroascorbic_Acid;chemical;20.0
@CHEMICAL_Deoxycytidine;@CHEMICAL_Deoxycytidine;chemical;20.0
@CHEMICAL_Diuron;@CHEMICAL_Diuron;chemical;20.0
@CHEMICAL_Eicosanoids;@CHEMICAL_Eicosanoids;chemical;20.0
@CHEMICAL_Enalapril;@CHEMICAL_Enalapril;chemical;20.0
@CHEMICAL_Etidronic_Acid;@CHEMICAL_Etidronic_Acid;chemical;20.0
@CHEMICAL_Fucose;@CHEMICAL_Fucose;chemical;20.0
@CHEMICAL_GSK_J4;@CHEMICAL_GSK_J4;chemical;20.0
@CHEMICAL_Gentisates;@CHEMICAL_Gentisates;chemical;20.0
@CHEMICAL_Germanium;@CHEMICAL_Germanium;chemical;20.0
@CHEMICAL_Halogens;@CHEMICAL_Halogens;chemical;20.0
@CHEMICAL_Homoarginine;@CHEMICAL_Homoarginine;chemical;20.0
@CHEMICAL_Iridium;@CHEMICAL_Iridium;chemical;20.0
@CHEMICAL_Isatin;@CHEMICAL_Isatin;chemical;20.0
@CHEMICAL_Lansoprazole;@CHEMICAL_Lansoprazole;chemical;20.0
@CHEMICAL_Magnesium_Chloride;@CHEMICAL_Magnesium_Chloride;chemical;20.0
@CHEMICAL_Mefenamic_Acid;@CHEMICAL_Mefenamic_Acid;chemical;20.0
@CHEMICAL_Monosaccharides;@CHEMICAL_Monosaccharides;chemical;20.0
@CHEMICAL_N_(4_aminophenethyl)spiroperidol;@CHEMICAL_N_(4_aminophenethyl)spiroperidol;chemical;20.0
@CHEMICAL_Nylons;@CHEMICAL_Nylons;chemical;20.0
@CHEMICAL_Orlistat;@CHEMICAL_Orlistat;chemical;20.0
@CHEMICAL_Phosphoenolpyruvate;@CHEMICAL_Phosphoenolpyruvate;chemical;20.0
@CHEMICAL_Phytol;@CHEMICAL_Phytol;chemical;20.0
@CHEMICAL_Plastics;@CHEMICAL_Plastics;chemical;20.0
@CHEMICAL_Poly(amidoamine);@CHEMICAL_Poly(amidoamine);chemical;20.0
@CHEMICAL_Pregnenolone;@CHEMICAL_Pregnenolone;chemical;20.0
@CHEMICAL_Purines;@CHEMICAL_Purines;chemical;20.0
@CHEMICAL_Pyrazinamide;@CHEMICAL_Pyrazinamide;chemical;20.0
@CHEMICAL_Pyrimidines;@CHEMICAL_Pyrimidines;chemical;20.0
@CHEMICAL_Rhodium;@CHEMICAL_Rhodium;chemical;20.0
@CHEMICAL_Roflumilast;@CHEMICAL_Roflumilast;chemical;20.0
@CHEMICAL_Scopoletin;@CHEMICAL_Scopoletin;chemical;20.0
@CHEMICAL_Silicates;@CHEMICAL_Silicates;chemical;20.0
@CHEMICAL_Sincalide;@CHEMICAL_Sincalide;chemical;20.0
@CHEMICAL_Sumatriptan;@CHEMICAL_Sumatriptan;chemical;20.0
@CHEMICAL_Tamsulosin;@CHEMICAL_Tamsulosin;chemical;20.0
@CHEMICAL_Triamcinolone;@CHEMICAL_Triamcinolone;chemical;20.0
@CHEMICAL_Yttrium_90;@CHEMICAL_Yttrium_90;chemical;20.0
@CHEMICAL_alloin;@CHEMICAL_alloin;chemical;20.0
@CHEMICAL_alpha_aminobutyric_acid;@CHEMICAL_alpha_aminobutyric_acid;chemical;20.0
@CHEMICAL_aluminum_sulfate;@CHEMICAL_aluminum_sulfate;chemical;20.0
@CHEMICAL_androsterone_glucuronide;@CHEMICAL_androsterone_glucuronide;chemical;20.0
@CHEMICAL_attapulgite;@CHEMICAL_attapulgite;chemical;20.0
@CHEMICAL_baohuoside_I;@CHEMICAL_baohuoside_I;chemical;20.0
@CHEMICAL_branebrutinib;@CHEMICAL_branebrutinib;chemical;20.0
@CHEMICAL_burosumab;@CHEMICAL_burosumab;chemical;20.0
@CHEMICAL_calcium_silicate;@CHEMICAL_calcium_silicate;chemical;20.0
@CHEMICAL_casticin;@CHEMICAL_casticin;chemical;20.0
@CHEMICAL_cytidylyl_3'_5'_guanosine;@CHEMICAL_cytidylyl_3'_5'_guanosine;chemical;20.0
@CHEMICAL_daratumumab;@CHEMICAL_daratumumab;chemical;20.0
@CHEMICAL_delphinidin;@CHEMICAL_delphinidin;chemical;20.0
@CHEMICAL_deoxypyridinoline;@CHEMICAL_deoxypyridinoline;chemical;20.0
@CHEMICAL_dictamnine;@CHEMICAL_dictamnine;chemical;20.0
@CHEMICAL_dihydro_3_coumaric_acid;@CHEMICAL_dihydro_3_coumaric_acid;chemical;20.0
@CHEMICAL_diphosphoric_acid;@CHEMICAL_diphosphoric_acid;chemical;20.0
@CHEMICAL_disilver_oxide;@CHEMICAL_disilver_oxide;chemical;20.0
@CHEMICAL_echinacoside;@CHEMICAL_echinacoside;chemical;20.0
@CHEMICAL_inermin;@CHEMICAL_inermin;chemical;20.0
@CHEMICAL_landiolol;@CHEMICAL_landiolol;chemical;20.0
@CHEMICAL_lipoteichoic_acid;@CHEMICAL_lipoteichoic_acid;chemical;20.0
@CHEMICAL_miglitol;@CHEMICAL_miglitol;chemical;20.0
@CHEMICAL_miglustat;@CHEMICAL_miglustat;chemical;20.0
@CHEMICAL_narcissin_flavonol;@CHEMICAL_narcissin_flavonol;chemical;20.0
@CHEMICAL_nickel_ferrite;@CHEMICAL_nickel_ferrite;chemical;20.0
@CHEMICAL_nirmatrelvir_and_ritonavir_drug_combination;@CHEMICAL_nirmatrelvir_and_ritonavir_drug_combination;chemical;20.0
@CHEMICAL_olokizumab;@CHEMICAL_olokizumab;chemical;20.0
@CHEMICAL_ovatodiolide;@CHEMICAL_ovatodiolide;chemical;20.0
@CHEMICAL_palladium_chloride;@CHEMICAL_palladium_chloride;chemical;20.0
@CHEMICAL_polyaspartate;@CHEMICAL_polyaspartate;chemical;20.0
@CHEMICAL_potassium_oxonate;@CHEMICAL_potassium_oxonate;chemical;20.0
@CHEMICAL_remimazolam;@CHEMICAL_remimazolam;chemical;20.0
@CHEMICAL_riociguat;@CHEMICAL_riociguat;chemical;20.0
@CHEMICAL_selinexor;@CHEMICAL_selinexor;chemical;20.0
@CHEMICAL_sodium_percarbonate;@CHEMICAL_sodium_percarbonate;chemical;20.0
@CHEMICAL_syringetin;@CHEMICAL_syringetin;chemical;20.0
@CHEMICAL_tetrahydrofuran;@CHEMICAL_tetrahydrofuran;chemical;20.0
@CHEMICAL_tetrandrine;@CHEMICAL_tetrandrine;chemical;20.0
@CHEMICAL_tocotrienol_delta;@CHEMICAL_tocotrienol_delta;chemical;20.0
@CHEMICAL_trans_sodium_crocetinate;@CHEMICAL_trans_sodium_crocetinate;chemical;20.0
@CHEMICAL_tricin;@CHEMICAL_tricin;chemical;20.0
@CHEMICAL_vericiguat;@CHEMICAL_vericiguat;chemical;20.0
@CHEMICAL_1_2_diaminobenzene;@CHEMICAL_1_2_diaminobenzene;chemical;19.0
@CHEMICAL_5_Methoxytryptamine;@CHEMICAL_5_Methoxytryptamine;chemical;19.0
@CHEMICAL_6_O_benzylguanine;@CHEMICAL_6_O_benzylguanine;chemical;19.0
@CHEMICAL_7_nitroindazole;@CHEMICAL_7_nitroindazole;chemical;19.0
@CHEMICAL_A73025;@CHEMICAL_A73025;chemical;19.0
@CHEMICAL_Acrylonitrile;@CHEMICAL_Acrylonitrile;chemical;19.0
@CHEMICAL_Alemtuzumab;@CHEMICAL_Alemtuzumab;chemical;19.0
@CHEMICAL_Alkanes;@CHEMICAL_Alkanes;chemical;19.0
@CHEMICAL_Alloxan;@CHEMICAL_Alloxan;chemical;19.0
@CHEMICAL_Amaranth_Dye;@CHEMICAL_Amaranth_Dye;chemical;19.0
@CHEMICAL_Aminopropionitrile;@CHEMICAL_Aminopropionitrile;chemical;19.0
@CHEMICAL_Arabinose;@CHEMICAL_Arabinose;chemical;19.0
@CHEMICAL_Carbon_11;@CHEMICAL_Carbon_11;chemical;19.0
@CHEMICAL_Coconut_Oil;@CHEMICAL_Coconut_Oil;chemical;19.0
@CHEMICAL_Cyproheptadine;@CHEMICAL_Cyproheptadine;chemical;19.0
@CHEMICAL_Dactinomycin;@CHEMICAL_Dactinomycin;chemical;19.0
@CHEMICAL_Daptomycin;@CHEMICAL_Daptomycin;chemical;19.0
@CHEMICAL_Desipramine;@CHEMICAL_Desipramine;chemical;19.0
@CHEMICAL_Dibenzofurans_Polychlorinated;@CHEMICAL_Dibenzofurans_Polychlorinated;chemical;19.0
@CHEMICAL_Dipyridamole;@CHEMICAL_Dipyridamole;chemical;19.0
@CHEMICAL_Dutasteride;@CHEMICAL_Dutasteride;chemical;19.0
@CHEMICAL_Esculin;@CHEMICAL_Esculin;chemical;19.0
@CHEMICAL_Eucalyptus_Oil;@CHEMICAL_Eucalyptus_Oil;chemical;19.0
@CHEMICAL_FSM_protocol;@CHEMICAL_FSM_protocol;chemical;19.0
@CHEMICAL_Fluvoxamine;@CHEMICAL_Fluvoxamine;chemical;19.0
@CHEMICAL_HCE;@CHEMICAL_HCE;chemical;19.0
@CHEMICAL_Heroin;@CHEMICAL_Heroin;chemical;19.0
@CHEMICAL_Ionomycin;@CHEMICAL_Ionomycin;chemical;19.0
@CHEMICAL_Lumefantrine;@CHEMICAL_Lumefantrine;chemical;19.0
@CHEMICAL_MDL_800;@CHEMICAL_MDL_800;chemical;19.0
@CHEMICAL_MLN_8237;@CHEMICAL_MLN_8237;chemical;19.0
@CHEMICAL_Methylazoxymethanol_Acetate;@CHEMICAL_Methylazoxymethanol_Acetate;chemical;19.0
@CHEMICAL_Methylprednisolone_Hemisuccinate;@CHEMICAL_Methylprednisolone_Hemisuccinate;chemical;19.0
@CHEMICAL_Modafinil;@CHEMICAL_Modafinil;chemical;19.0
@CHEMICAL_N_acetylmuramic_acid;@CHEMICAL_N_acetylmuramic_acid;chemical;19.0
@CHEMICAL_Nandrolone;@CHEMICAL_Nandrolone;chemical;19.0
@CHEMICAL_Neomycin;@CHEMICAL_Neomycin;chemical;19.0
@CHEMICAL_Oxysterols;@CHEMICAL_Oxysterols;chemical;19.0
@CHEMICAL_Plant_Oils;@CHEMICAL_Plant_Oils;chemical;19.0
@CHEMICAL_Rhodamines;@CHEMICAL_Rhodamines;chemical;19.0
@CHEMICAL_Sevelamer;@CHEMICAL_Sevelamer;chemical;19.0
@CHEMICAL_Stainless_Steel;@CHEMICAL_Stainless_Steel;chemical;19.0
@CHEMICAL_Struvite;@CHEMICAL_Struvite;chemical;19.0
@CHEMICAL_TRAM_34;@CHEMICAL_TRAM_34;chemical;19.0
@CHEMICAL_Tea_Tree_Oil;@CHEMICAL_Tea_Tree_Oil;chemical;19.0
@CHEMICAL_Tetrodotoxin;@CHEMICAL_Tetrodotoxin;chemical;19.0
@CHEMICAL_Torsemide;@CHEMICAL_Torsemide;chemical;19.0
@CHEMICAL_Valacyclovir;@CHEMICAL_Valacyclovir;chemical;19.0
@CHEMICAL_Vemurafenib;@CHEMICAL_Vemurafenib;chemical;19.0
@CHEMICAL_acetochlor;@CHEMICAL_acetochlor;chemical;19.0
@CHEMICAL_achyranthoside_D;@CHEMICAL_achyranthoside_D;chemical;19.0
@CHEMICAL_anthracene;@CHEMICAL_anthracene;chemical;19.0
@CHEMICAL_astilbin;@CHEMICAL_astilbin;chemical;19.0
@CHEMICAL_benzo_1_2_3_thiadiazole;@CHEMICAL_benzo_1_2_3_thiadiazole;chemical;19.0
@CHEMICAL_beta_resorcylic_acid;@CHEMICAL_beta_resorcylic_acid;chemical;19.0
@CHEMICAL_bismuth_wolframate;@CHEMICAL_bismuth_wolframate;chemical;19.0
@CHEMICAL_bromoxynil;@CHEMICAL_bromoxynil;chemical;19.0
@CHEMICAL_callose;@CHEMICAL_callose;chemical;19.0
@CHEMICAL_canakinumab;@CHEMICAL_canakinumab;chemical;19.0
@CHEMICAL_carfilzomib;@CHEMICAL_carfilzomib;chemical;19.0
@CHEMICAL_dihydrocapsaicin;@CHEMICAL_dihydrocapsaicin;chemical;19.0
@CHEMICAL_eltrombopag;@CHEMICAL_eltrombopag;chemical;19.0
@CHEMICAL_fatostatin;@CHEMICAL_fatostatin;chemical;19.0
@CHEMICAL_galactopyranosyl_1_4_paragloboside;@CHEMICAL_galactopyranosyl_1_4_paragloboside;chemical;19.0
@CHEMICAL_gentiopicroside;@CHEMICAL_gentiopicroside;chemical;19.0
@CHEMICAL_geranylgeranyl_pyrophosphate;@CHEMICAL_geranylgeranyl_pyrophosphate;chemical;19.0
@CHEMICAL_ginsenoside_Rd;@CHEMICAL_ginsenoside_Rd;chemical;19.0
@CHEMICAL_glucosyl_hesperidin;@CHEMICAL_glucosyl_hesperidin;chemical;19.0
@CHEMICAL_isosakuranetin;@CHEMICAL_isosakuranetin;chemical;19.0
@CHEMICAL_ivosidenib;@CHEMICAL_ivosidenib;chemical;19.0
@CHEMICAL_jatrorrhizine;@CHEMICAL_jatrorrhizine;chemical;19.0
@CHEMICAL_methyl_gallate;@CHEMICAL_methyl_gallate;chemical;19.0
@CHEMICAL_monotropein;@CHEMICAL_monotropein;chemical;19.0
@CHEMICAL_n_propylbenzene;@CHEMICAL_n_propylbenzene;chemical;19.0
@CHEMICAL_neobavaisoflavone;@CHEMICAL_neobavaisoflavone;chemical;19.0
@CHEMICAL_paeonol;@CHEMICAL_paeonol;chemical;19.0
@CHEMICAL_paricalcitol;@CHEMICAL_paricalcitol;chemical;19.0
@CHEMICAL_pegaspargase;@CHEMICAL_pegaspargase;chemical;19.0
@CHEMICAL_polyethylene_glycol_400;@CHEMICAL_polyethylene_glycol_400;chemical;19.0
@CHEMICAL_polyhydroxybutyrate;@CHEMICAL_polyhydroxybutyrate;chemical;19.0
@CHEMICAL_proanthocyanidin;@CHEMICAL_proanthocyanidin;chemical;19.0
@CHEMICAL_procyanidin;@CHEMICAL_procyanidin;chemical;19.0
@CHEMICAL_purpurin_anthraquinone;@CHEMICAL_purpurin_anthraquinone;chemical;19.0
@CHEMICAL_sodium_carbonate;@CHEMICAL_sodium_carbonate;chemical;19.0
@CHEMICAL_sodium_silicate;@CHEMICAL_sodium_silicate;chemical;19.0
@CHEMICAL_sonidegib;@CHEMICAL_sonidegib;chemical;19.0
@CHEMICAL_sotorasib;@CHEMICAL_sotorasib;chemical;19.0
@CHEMICAL_tanespimycin;@CHEMICAL_tanespimycin;chemical;19.0
@CHEMICAL_thallium_sulfate;@CHEMICAL_thallium_sulfate;chemical;19.0
@CHEMICAL_thiamet_G;@CHEMICAL_thiamet_G;chemical;19.0
@CHEMICAL_triclocarban;@CHEMICAL_triclocarban;chemical;19.0
@CHEMICAL_usnic_acid;@CHEMICAL_usnic_acid;chemical;19.0
@CHEMICAL_zinc_chloride;@CHEMICAL_zinc_chloride;chemical;19.0
@CHEMICAL_1_butyrylglycerol;@CHEMICAL_1_butyrylglycerol;chemical;18.0
@CHEMICAL_2_(1_1_dicyanopropenyl_2_)_6_dimethylaminonaphthaleney;@CHEMICAL_2_(1_1_dicyanopropenyl_2_)_6_dimethylaminonaphthaleney;chemical;18.0
@CHEMICAL_2_Propanol;@CHEMICAL_2_Propanol;chemical;18.0
@CHEMICAL_3_Pyridinecarboxylic_acid_1_4_dihydro_2_6_dimethyl_5_nitro_4_(2_(trifluoromethyl)phenyl)__Methyl_ester;@CHEMICAL_3_Pyridinecarboxylic_acid_1_4_dihydro_2_6_dimethyl_5_nitro_4_(2_(trifluoromethyl)phenyl)__Methyl_ester;chemical;18.0
@CHEMICAL_3_methoxy_4_hydroxymandelic_acid;@CHEMICAL_3_methoxy_4_hydroxymandelic_acid;chemical;18.0
@CHEMICAL_4PU30_cpd;@CHEMICAL_4PU30_cpd;chemical;18.0
@CHEMICAL_6_(1H_indazol_6_yl)_N_(4_morpholinophenyl)imidazo(1_2_a)pyrazin_8_amine;@CHEMICAL_6_(1H_indazol_6_yl)_N_(4_morpholinophenyl)imidazo(1_2_a)pyrazin_8_amine;chemical;18.0
@CHEMICAL_6_chloro_2_3_4_9_tetrahydro_1H_carbazole_1_carboxamide;@CHEMICAL_6_chloro_2_3_4_9_tetrahydro_1H_carbazole_1_carboxamide;chemical;18.0
@CHEMICAL_AICA_ribonucleotide;@CHEMICAL_AICA_ribonucleotide;chemical;18.0
@CHEMICAL_Benzbromarone;@CHEMICAL_Benzbromarone;chemical;18.0
@CHEMICAL_Bumetanide;@CHEMICAL_Bumetanide;chemical;18.0
@CHEMICAL_Cetirizine;@CHEMICAL_Cetirizine;chemical;18.0
@CHEMICAL_Codeine;@CHEMICAL_Codeine;chemical;18.0
@CHEMICAL_Cuprizone;@CHEMICAL_Cuprizone;chemical;18.0
@CHEMICAL_Cytidine;@CHEMICAL_Cytidine;chemical;18.0
@CHEMICAL_Desogestrel;@CHEMICAL_Desogestrel;chemical;18.0
@CHEMICAL_Edrecolomab;@CHEMICAL_Edrecolomab;chemical;18.0
@CHEMICAL_Galantamine;@CHEMICAL_Galantamine;chemical;18.0
@CHEMICAL_Indigo_Carmine;@CHEMICAL_Indigo_Carmine;chemical;18.0
@CHEMICAL_Lactulose;@CHEMICAL_Lactulose;chemical;18.0
@CHEMICAL_Lamivudine;@CHEMICAL_Lamivudine;chemical;18.0
@CHEMICAL_Lithium_Carbonate;@CHEMICAL_Lithium_Carbonate;chemical;18.0
@CHEMICAL_Metanephrine;@CHEMICAL_Metanephrine;chemical;18.0
@CHEMICAL_Nigericin;@CHEMICAL_Nigericin;chemical;18.0
@CHEMICAL_Potassium_Dichromate;@CHEMICAL_Potassium_Dichromate;chemical;18.0
@CHEMICAL_Pyrethrins;@CHEMICAL_Pyrethrins;chemical;18.0
@CHEMICAL_Pyrimethamine;@CHEMICAL_Pyrimethamine;chemical;18.0
@CHEMICAL_Quinine;@CHEMICAL_Quinine;chemical;18.0
@CHEMICAL_Radon;@CHEMICAL_Radon;chemical;18.0
@CHEMICAL_Ranitidine;@CHEMICAL_Ranitidine;chemical;18.0
@CHEMICAL_Sennosides;@CHEMICAL_Sennosides;chemical;18.0
@CHEMICAL_Staurosporine;@CHEMICAL_Staurosporine;chemical;18.0
@CHEMICAL_Thiazolidinediones;@CHEMICAL_Thiazolidinediones;chemical;18.0
@CHEMICAL_Thulium;@CHEMICAL_Thulium;chemical;18.0
@CHEMICAL_Vardenafil_Dihydrochloride;@CHEMICAL_Vardenafil_Dihydrochloride;chemical;18.0
@CHEMICAL_Venlafaxine_Hydrochloride;@CHEMICAL_Venlafaxine_Hydrochloride;chemical;18.0
@CHEMICAL_WAY_262611;@CHEMICAL_WAY_262611;chemical;18.0
@CHEMICAL_Yttrium;@CHEMICAL_Yttrium;chemical;18.0
@CHEMICAL_alpha_ketoisocaproic_acid;@CHEMICAL_alpha_ketoisocaproic_acid;chemical;18.0
@CHEMICAL_alpha_terpineol;@CHEMICAL_alpha_terpineol;chemical;18.0
@CHEMICAL_aroclor_1260;@CHEMICAL_aroclor_1260;chemical;18.0
@CHEMICAL_barbigerone;@CHEMICAL_barbigerone;chemical;18.0
@CHEMICAL_bavachinin;@CHEMICAL_bavachinin;chemical;18.0
@CHEMICAL_beta_ionone;@CHEMICAL_beta_ionone;chemical;18.0
@CHEMICAL_beta_thujaplicin;@CHEMICAL_beta_thujaplicin;chemical;18.0
@CHEMICAL_beta_tricalcium_phosphate;@CHEMICAL_beta_tricalcium_phosphate;chemical;18.0
@CHEMICAL_bicyclol;@CHEMICAL_bicyclol;chemical;18.0
@CHEMICAL_binimetinib;@CHEMICAL_binimetinib;chemical;18.0
@CHEMICAL_campesterol;@CHEMICAL_campesterol;chemical;18.0
@CHEMICAL_chlorophyll_b;@CHEMICAL_chlorophyll_b;chemical;18.0
@CHEMICAL_cucurbitacin_B;@CHEMICAL_cucurbitacin_B;chemical;18.0
@CHEMICAL_delta_tocopherol;@CHEMICAL_delta_tocopherol;chemical;18.0
@CHEMICAL_denatonium;@CHEMICAL_denatonium;chemical;18.0
@CHEMICAL_dihydroethidium;@CHEMICAL_dihydroethidium;chemical;18.0
@CHEMICAL_emamectin_benzoate;@CHEMICAL_emamectin_benzoate;chemical;18.0
@CHEMICAL_eriocitrin;@CHEMICAL_eriocitrin;chemical;18.0
@CHEMICAL_ezogabine;@CHEMICAL_ezogabine;chemical;18.0
@CHEMICAL_glucosylgalactosylhydroxylysine;@CHEMICAL_glucosylgalactosylhydroxylysine;chemical;18.0
@CHEMICAL_ibudilast;@CHEMICAL_ibudilast;chemical;18.0
@CHEMICAL_isoeugenol;@CHEMICAL_isoeugenol;chemical;18.0
@CHEMICAL_isopentenyl_pyrophosphate;@CHEMICAL_isopentenyl_pyrophosphate;chemical;18.0
@CHEMICAL_kanglexin;@CHEMICAL_kanglexin;chemical;18.0
@CHEMICAL_malvidin;@CHEMICAL_malvidin;chemical;18.0
@CHEMICAL_manganese_ferrite;@CHEMICAL_manganese_ferrite;chemical;18.0
@CHEMICAL_midostaurin;@CHEMICAL_midostaurin;chemical;18.0
@CHEMICAL_mitragynine;@CHEMICAL_mitragynine;chemical;18.0
@CHEMICAL_omadacycline;@CHEMICAL_omadacycline;chemical;18.0
@CHEMICAL_ozanimod;@CHEMICAL_ozanimod;chemical;18.0
@CHEMICAL_policosanol;@CHEMICAL_policosanol;chemical;18.0
@CHEMICAL_polyhistidine;@CHEMICAL_polyhistidine;chemical;18.0
@CHEMICAL_quercetin_3_O_glucopyranoside;@CHEMICAL_quercetin_3_O_glucopyranoside;chemical;18.0
@CHEMICAL_safranal;@CHEMICAL_safranal;chemical;18.0
@CHEMICAL_schisanhenol;@CHEMICAL_schisanhenol;chemical;18.0
@CHEMICAL_secoisolariciresinol_diglucoside;@CHEMICAL_secoisolariciresinol_diglucoside;chemical;18.0
@CHEMICAL_sesamol;@CHEMICAL_sesamol;chemical;18.0
@CHEMICAL_tetrathiomolybdate;@CHEMICAL_tetrathiomolybdate;chemical;18.0
@CHEMICAL_tranilast;@CHEMICAL_tranilast;chemical;18.0
@CHEMICAL_trastuzumab_deruxtecan;@CHEMICAL_trastuzumab_deruxtecan;chemical;18.0
@CHEMICAL_triphenylphosphine;@CHEMICAL_triphenylphosphine;chemical;18.0
@CHEMICAL_uranium_dioxide;@CHEMICAL_uranium_dioxide;chemical;18.0
@CHEMICAL_vanadium_pentoxide;@CHEMICAL_vanadium_pentoxide;chemical;18.0
@CHEMICAL_vedolizumab;@CHEMICAL_vedolizumab;chemical;18.0
@CHEMICAL_1_(2_(dodecyloxy)ethyl)pyrrolidine_hydrochloride;@CHEMICAL_1_(2_(dodecyloxy)ethyl)pyrrolidine_hydrochloride;chemical;17.0
@CHEMICAL_1_2_naphthoquinone;@CHEMICAL_1_2_naphthoquinone;chemical;17.0
@CHEMICAL_2_acetyltributylcitrate;@CHEMICAL_2_acetyltributylcitrate;chemical;17.0
@CHEMICAL_2_benzoquinone;@CHEMICAL_2_benzoquinone;chemical;17.0
@CHEMICAL_4_nonylphenol;@CHEMICAL_4_nonylphenol;chemical;17.0
@CHEMICAL_7_ketodeoxycholic_acid;@CHEMICAL_7_ketodeoxycholic_acid;chemical;17.0
@CHEMICAL_8_hydroxy_2_2_14_14_tetramethylpentadecanedioic_acid;@CHEMICAL_8_hydroxy_2_2_14_14_tetramethylpentadecanedioic_acid;chemical;17.0
@CHEMICAL_Acetylene;@CHEMICAL_Acetylene;chemical;17.0
@CHEMICAL_Amitriptyline;@CHEMICAL_Amitriptyline;chemical;17.0
@CHEMICAL_Aprepitant;@CHEMICAL_Aprepitant;chemical;17.0
@CHEMICAL_Argininosuccinic_Acid;@CHEMICAL_Argininosuccinic_Acid;chemical;17.0
@CHEMICAL_Beta_Cryptoxanthin;@CHEMICAL_Beta_Cryptoxanthin;chemical;17.0
@CHEMICAL_Bexarotene;@CHEMICAL_Bexarotene;chemical;17.0
@CHEMICAL_Bicuculline;@CHEMICAL_Bicuculline;chemical;17.0
@CHEMICAL_CLI_095;@CHEMICAL_CLI_095;chemical;17.0
@CHEMICAL_Chlortetracycline;@CHEMICAL_Chlortetracycline;chemical;17.0
@CHEMICAL_Cytidine_Diphosphate;@CHEMICAL_Cytidine_Diphosphate;chemical;17.0
@CHEMICAL_Dantrolene;@CHEMICAL_Dantrolene;chemical;17.0
@CHEMICAL_Diacetyl;@CHEMICAL_Diacetyl;chemical;17.0
@CHEMICAL_Dicofol;@CHEMICAL_Dicofol;chemical;17.0
@CHEMICAL_Dieldrin;@CHEMICAL_Dieldrin;chemical;17.0
@CHEMICAL_Dinoprost;@CHEMICAL_Dinoprost;chemical;17.0
@CHEMICAL_Iodoacetic_Acid;@CHEMICAL_Iodoacetic_Acid;chemical;17.0
@CHEMICAL_LC15_0444;@CHEMICAL_LC15_0444;chemical;17.0
@CHEMICAL_Mebendazole;@CHEMICAL_Mebendazole;chemical;17.0
@CHEMICAL_Meglumine_Antimoniate;@CHEMICAL_Meglumine_Antimoniate;chemical;17.0
@CHEMICAL_Metalloids;@CHEMICAL_Metalloids;chemical;17.0
@CHEMICAL_Monoglycerides;@CHEMICAL_Monoglycerides;chemical;17.0
@CHEMICAL_Osilodrostat;@CHEMICAL_Osilodrostat;chemical;17.0
@CHEMICAL_Oxcarbazepine;@CHEMICAL_Oxcarbazepine;chemical;17.0
@CHEMICAL_Oxytocin;@CHEMICAL_Oxytocin;chemical;17.0
@CHEMICAL_Sodium_Acetate;@CHEMICAL_Sodium_Acetate;chemical;17.0
@CHEMICAL_Theobromine;@CHEMICAL_Theobromine;chemical;17.0
@CHEMICAL_Thiophenes;@CHEMICAL_Thiophenes;chemical;17.0
@CHEMICAL_Uridine_Diphosphate_Glucuronic_Acid;@CHEMICAL_Uridine_Diphosphate_Glucuronic_Acid;chemical;17.0
@CHEMICAL_abiraterone;@CHEMICAL_abiraterone;chemical;17.0
@CHEMICAL_afzelin;@CHEMICAL_afzelin;chemical;17.0
@CHEMICAL_antroquinonol;@CHEMICAL_antroquinonol;chemical;17.0
@CHEMICAL_asciminib;@CHEMICAL_asciminib;chemical;17.0
@CHEMICAL_beta_elemene;@CHEMICAL_beta_elemene;chemical;17.0
@CHEMICAL_bis(monoacylglyceryl)phosphate;@CHEMICAL_bis(monoacylglyceryl)phosphate;chemical;17.0
@CHEMICAL_brine;@CHEMICAL_brine;chemical;17.0
@CHEMICAL_butein;@CHEMICAL_butein;chemical;17.0
@CHEMICAL_carvone;@CHEMICAL_carvone;chemical;17.0
@CHEMICAL_caryophyllene_oxide;@CHEMICAL_caryophyllene_oxide;chemical;17.0
@CHEMICAL_chikusetsu_saponin_IVa;@CHEMICAL_chikusetsu_saponin_IVa;chemical;17.0
@CHEMICAL_chlorantranilipole;@CHEMICAL_chlorantranilipole;chemical;17.0
@CHEMICAL_columbianadin;@CHEMICAL_columbianadin;chemical;17.0
@CHEMICAL_daidzin;@CHEMICAL_daidzin;chemical;17.0
@CHEMICAL_daphnetin;@CHEMICAL_daphnetin;chemical;17.0
@CHEMICAL_dexpanthenol;@CHEMICAL_dexpanthenol;chemical;17.0
@CHEMICAL_diepoxybutane;@CHEMICAL_diepoxybutane;chemical;17.0
@CHEMICAL_difenoconazole;@CHEMICAL_difenoconazole;chemical;17.0
@CHEMICAL_dihydroaustrasulfone_alcohol;@CHEMICAL_dihydroaustrasulfone_alcohol;chemical;17.0
@CHEMICAL_dimethyl_sulfone;@CHEMICAL_dimethyl_sulfone;chemical;17.0
@CHEMICAL_diphenyldiselenide;@CHEMICAL_diphenyldiselenide;chemical;17.0
@CHEMICAL_ethyl_vanillin;@CHEMICAL_ethyl_vanillin;chemical;17.0
@CHEMICAL_fludioxonil;@CHEMICAL_fludioxonil;chemical;17.0
@CHEMICAL_geldanamycin;@CHEMICAL_geldanamycin;chemical;17.0
@CHEMICAL_genistin;@CHEMICAL_genistin;chemical;17.0
@CHEMICAL_glutaric_acid;@CHEMICAL_glutaric_acid;chemical;17.0
@CHEMICAL_glyceryl_2_arachidonate;@CHEMICAL_glyceryl_2_arachidonate;chemical;17.0
@CHEMICAL_hexacosanoic_acid;@CHEMICAL_hexacosanoic_acid;chemical;17.0
@CHEMICAL_homocitrulline;@CHEMICAL_homocitrulline;chemical;17.0
@CHEMICAL_ivacaftor;@CHEMICAL_ivacaftor;chemical;17.0
@CHEMICAL_jervine;@CHEMICAL_jervine;chemical;17.0
@CHEMICAL_magnolol;@CHEMICAL_magnolol;chemical;17.0
@CHEMICAL_manganese_chloride;@CHEMICAL_manganese_chloride;chemical;17.0
@CHEMICAL_monobenzone;@CHEMICAL_monobenzone;chemical;17.0
@CHEMICAL_nafamostat;@CHEMICAL_nafamostat;chemical;17.0
@CHEMICAL_navitoclax;@CHEMICAL_navitoclax;chemical;17.0
@CHEMICAL_paquinimod;@CHEMICAL_paquinimod;chemical;17.0
@CHEMICAL_phosphorylethanolamine;@CHEMICAL_phosphorylethanolamine;chemical;17.0
@CHEMICAL_plastochromanol_8;@CHEMICAL_plastochromanol_8;chemical;17.0
@CHEMICAL_pycnogenols;@CHEMICAL_pycnogenols;chemical;17.0
@CHEMICAL_quercetagetin;@CHEMICAL_quercetagetin;chemical;17.0
@CHEMICAL_resorcinol;@CHEMICAL_resorcinol;chemical;17.0
@CHEMICAL_rhamnolipid;@CHEMICAL_rhamnolipid;chemical;17.0
@CHEMICAL_salicylsalicylic_acid;@CHEMICAL_salicylsalicylic_acid;chemical;17.0
@CHEMICAL_sarecycline;@CHEMICAL_sarecycline;chemical;17.0
@CHEMICAL_suberin;@CHEMICAL_suberin;chemical;17.0
@CHEMICAL_sulfate_radical;@CHEMICAL_sulfate_radical;chemical;17.0
@CHEMICAL_terephthalic_acid;@CHEMICAL_terephthalic_acid;chemical;17.0
@CHEMICAL_theabrownin;@CHEMICAL_theabrownin;chemical;17.0
@CHEMICAL_tramiprosate;@CHEMICAL_tramiprosate;chemical;17.0
@CHEMICAL_violacein;@CHEMICAL_violacein;chemical;17.0
@CHEMICAL_voglibose;@CHEMICAL_voglibose;chemical;17.0
@CHEMICAL_yoda_1;@CHEMICAL_yoda_1;chemical;17.0
@CHEMICAL_zofenopril;@CHEMICAL_zofenopril;chemical;17.0
@CHEMICAL_(3R)_((2_3_dihydro_5_methyl_3_((4_morpholinyl)methyl)pyrrolo_(1_2_3_de)_1_4_benzoxazin_6_yl)(1_naphthalenyl))methanone;@CHEMICAL_(3R)_((2_3_dihydro_5_methyl_3_((4_morpholinyl)methyl)pyrrolo_(1_2_3_de)_1_4_benzoxazin_6_yl)(1_naphthalenyl))methanone;chemical;16.0
@CHEMICAL_12_HPETE;@CHEMICAL_12_HPETE;chemical;16.0
@CHEMICAL_1_4_dihydropyridine;@CHEMICAL_1_4_dihydropyridine;chemical;16.0
@CHEMICAL_1_Methyl_3_isobutylxanthine;@CHEMICAL_1_Methyl_3_isobutylxanthine;chemical;16.0
@CHEMICAL_2'_7'_dichlorodihydrofluorescein_diacetate;@CHEMICAL_2'_7'_dichlorodihydrofluorescein_diacetate;chemical;16.0
@CHEMICAL_2_(4_(2_carboxyethyl)phenethylamino)_5'_N_ethylcarboxamidoadenosine;@CHEMICAL_2_(4_(2_carboxyethyl)phenethylamino)_5'_N_ethylcarboxamidoadenosine;chemical;16.0
@CHEMICAL_2_2'_4_4'_tetrabromodiphenyl_ether;@CHEMICAL_2_2'_4_4'_tetrabromodiphenyl_ether;chemical;16.0
@CHEMICAL_2_methylbutanoic_acid;@CHEMICAL_2_methylbutanoic_acid;chemical;16.0
@CHEMICAL_3_(8_amino_1_(2_phenylquinolin_7_yl)imidazo(1_5_a)pyrazin_3_yl)_1_methylcyclobutanol;@CHEMICAL_3_(8_amino_1_(2_phenylquinolin_7_yl)imidazo(1_5_a)pyrazin_3_yl)_1_methylcyclobutanol;chemical;16.0
@CHEMICAL_4_(5_benzo(1_3)dioxol_5_yl_4_pyridin_2_yl_1H_imidazol_2_yl)benzamide;@CHEMICAL_4_(5_benzo(1_3)dioxol_5_yl_4_pyridin_2_yl_1H_imidazol_2_yl)benzamide;chemical;16.0
@CHEMICAL_4_Aminopyridine;@CHEMICAL_4_Aminopyridine;chemical;16.0
@CHEMICAL_Alpelisib;@CHEMICAL_Alpelisib;chemical;16.0
@CHEMICAL_Alprazolam;@CHEMICAL_Alprazolam;chemical;16.0
@CHEMICAL_Beclomethasone;@CHEMICAL_Beclomethasone;chemical;16.0
@CHEMICAL_Benzoyl_Peroxide;@CHEMICAL_Benzoyl_Peroxide;chemical;16.0
@CHEMICAL_CC_90001;@CHEMICAL_CC_90001;chemical;16.0
@CHEMICAL_COF_protocol;@CHEMICAL_COF_protocol;chemical;16.0
@CHEMICAL_Ceruletide;@CHEMICAL_Ceruletide;chemical;16.0
@CHEMICAL_Diazomethane;@CHEMICAL_Diazomethane;chemical;16.0
@CHEMICAL_Diterpenes;@CHEMICAL_Diterpenes;chemical;16.0
@CHEMICAL_Fatty_Acids_Omega_6;@CHEMICAL_Fatty_Acids_Omega_6;chemical;16.0
@CHEMICAL_Ferric_Oxide_Saccharated;@CHEMICAL_Ferric_Oxide_Saccharated;chemical;16.0
@CHEMICAL_Fluorine_18;@CHEMICAL_Fluorine_18;chemical;16.0
@CHEMICAL_Fondaparinux;@CHEMICAL_Fondaparinux;chemical;16.0
@CHEMICAL_Glycodeoxycholic_Acid;@CHEMICAL_Glycodeoxycholic_Acid;chemical;16.0
@CHEMICAL_Hematoporphyrins;@CHEMICAL_Hematoporphyrins;chemical;16.0
@CHEMICAL_Leukotrienes;@CHEMICAL_Leukotrienes;chemical;16.0
@CHEMICAL_Lipopeptides;@CHEMICAL_Lipopeptides;chemical;16.0
@CHEMICAL_N(6)_(1_carboxyethyl)lysine;@CHEMICAL_N(6)_(1_carboxyethyl)lysine;chemical;16.0
@CHEMICAL_N_Formylmethionine_Leucyl_Phenylalanine;@CHEMICAL_N_Formylmethionine_Leucyl_Phenylalanine;chemical;16.0
@CHEMICAL_Nortriptyline;@CHEMICAL_Nortriptyline;chemical;16.0
@CHEMICAL_Oxacillin;@CHEMICAL_Oxacillin;chemical;16.0
@CHEMICAL_Phosphatidylinositol_4_5_Diphosphate;@CHEMICAL_Phosphatidylinositol_4_5_Diphosphate;chemical;16.0
@CHEMICAL_Phosphotyrosine;@CHEMICAL_Phosphotyrosine;chemical;16.0
@CHEMICAL_Promethazine;@CHEMICAL_Promethazine;chemical;16.0
@CHEMICAL_Propafenone;@CHEMICAL_Propafenone;chemical;16.0
@CHEMICAL_Purine_Nucleotides;@CHEMICAL_Purine_Nucleotides;chemical;16.0
@CHEMICAL_Pyocyanine;@CHEMICAL_Pyocyanine;chemical;16.0
@CHEMICAL_Quinidine;@CHEMICAL_Quinidine;chemical;16.0
@CHEMICAL_Rhamnose;@CHEMICAL_Rhamnose;chemical;16.0
@CHEMICAL_Rose_Bengal;@CHEMICAL_Rose_Bengal;chemical;16.0
@CHEMICAL_Taurolithocholic_Acid;@CHEMICAL_Taurolithocholic_Acid;chemical;16.0
@CHEMICAL_Thyrotropin;@CHEMICAL_Thyrotropin;chemical;16.0
@CHEMICAL_Trimethoprim;@CHEMICAL_Trimethoprim;chemical;16.0
@CHEMICAL_Waxes;@CHEMICAL_Waxes;chemical;16.0
@CHEMICAL_Zidovudine;@CHEMICAL_Zidovudine;chemical;16.0
@CHEMICAL_agomelatine;@CHEMICAL_agomelatine;chemical;16.0
@CHEMICAL_alogliptin;@CHEMICAL_alogliptin;chemical;16.0
@CHEMICAL_benzylaminopurine;@CHEMICAL_benzylaminopurine;chemical;16.0
@CHEMICAL_beta_glycerophosphoric_acid;@CHEMICAL_beta_glycerophosphoric_acid;chemical;16.0
@CHEMICAL_bismuth_oxychloride;@CHEMICAL_bismuth_oxychloride;chemical;16.0
@CHEMICAL_bismuth_sulfide;@CHEMICAL_bismuth_sulfide;chemical;16.0
@CHEMICAL_bromelain_and_acetylcysteine_drug_combination;@CHEMICAL_bromelain_and_acetylcysteine_drug_combination;chemical;16.0
@CHEMICAL_butylphen;@CHEMICAL_butylphen;chemical;16.0
@CHEMICAL_chrysosplenetin;@CHEMICAL_chrysosplenetin;chemical;16.0
@CHEMICAL_deoxyelephantopin;@CHEMICAL_deoxyelephantopin;chemical;16.0
@CHEMICAL_dimethylglycine;@CHEMICAL_dimethylglycine;chemical;16.0
@CHEMICAL_eckol;@CHEMICAL_eckol;chemical;16.0
@CHEMICAL_erdafitinib;@CHEMICAL_erdafitinib;chemical;16.0
@CHEMICAL_fenpropathrin;@CHEMICAL_fenpropathrin;chemical;16.0
@CHEMICAL_fullerene_C60;@CHEMICAL_fullerene_C60;chemical;16.0
@CHEMICAL_geniposidic_acid;@CHEMICAL_geniposidic_acid;chemical;16.0
@CHEMICAL_ginsenoside_Rc;@CHEMICAL_ginsenoside_Rc;chemical;16.0
@CHEMICAL_hydroxycitric_acid;@CHEMICAL_hydroxycitric_acid;chemical;16.0
@CHEMICAL_indolepropionic_acid;@CHEMICAL_indolepropionic_acid;chemical;16.0
@CHEMICAL_lawsone;@CHEMICAL_lawsone;chemical;16.0
@CHEMICAL_lifitegrast;@CHEMICAL_lifitegrast;chemical;16.0
@CHEMICAL_magnoflorine;@CHEMICAL_magnoflorine;chemical;16.0
@CHEMICAL_methyl_triclosan;@CHEMICAL_methyl_triclosan;chemical;16.0
@CHEMICAL_mineral_trioxide_aggregate;@CHEMICAL_mineral_trioxide_aggregate;chemical;16.0
@CHEMICAL_mogamulizumab;@CHEMICAL_mogamulizumab;chemical;16.0
@CHEMICAL_muricholic_acid;@CHEMICAL_muricholic_acid;chemical;16.0
@CHEMICAL_nifuroxazide;@CHEMICAL_nifuroxazide;chemical;16.0
@CHEMICAL_nile_red;@CHEMICAL_nile_red;chemical;16.0
@CHEMICAL_nitazoxanide;@CHEMICAL_nitazoxanide;chemical;16.0
@CHEMICAL_notoginsenoside_R1;@CHEMICAL_notoginsenoside_R1;chemical;16.0
@CHEMICAL_octanoic_acid;@CHEMICAL_octanoic_acid;chemical;16.0
@CHEMICAL_phenyl_2_aminoethyl_sulfide;@CHEMICAL_phenyl_2_aminoethyl_sulfide;chemical;16.0
@CHEMICAL_phosphinothricin;@CHEMICAL_phosphinothricin;chemical;16.0
@CHEMICAL_phosphogypsum;@CHEMICAL_phosphogypsum;chemical;16.0
@CHEMICAL_polygalasaponin_XXVIII;@CHEMICAL_polygalasaponin_XXVIII;chemical;16.0
@CHEMICAL_resmetirom;@CHEMICAL_resmetirom;chemical;16.0
@CHEMICAL_ricolinostat;@CHEMICAL_ricolinostat;chemical;16.0
@CHEMICAL_sabinene;@CHEMICAL_sabinene;chemical;16.0
@CHEMICAL_salvigenin;@CHEMICAL_salvigenin;chemical;16.0
@CHEMICAL_selpercatinib;@CHEMICAL_selpercatinib;chemical;16.0
@CHEMICAL_silodosin;@CHEMICAL_silodosin;chemical;16.0
@CHEMICAL_silver_phosphate;@CHEMICAL_silver_phosphate;chemical;16.0
@CHEMICAL_tricalcium_phosphate;@CHEMICAL_tricalcium_phosphate;chemical;16.0
@CHEMICAL_trilostane;@CHEMICAL_trilostane;chemical;16.0
@CHEMICAL_zafirlukast;@CHEMICAL_zafirlukast;chemical;16.0
@CHEMICAL_(1_6)_alpha_glucomannan;@CHEMICAL_(1_6)_alpha_glucomannan;chemical;15.0
@CHEMICAL_1_2_epoxybutane;@CHEMICAL_1_2_epoxybutane;chemical;15.0
@CHEMICAL_1_Methyl_4_phenylpyridinium;@CHEMICAL_1_Methyl_4_phenylpyridinium;chemical;15.0
@CHEMICAL_1_methylcyclopropene;@CHEMICAL_1_methylcyclopropene;chemical;15.0
@CHEMICAL_2_Methoxyestradiol;@CHEMICAL_2_Methoxyestradiol;chemical;15.0
@CHEMICAL_3_4_5_trimethoxycinnamic_acid;@CHEMICAL_3_4_5_trimethoxycinnamic_acid;chemical;15.0
@CHEMICAL_3_cresol;@CHEMICAL_3_cresol;chemical;15.0
@CHEMICAL_3_oxoadipic_acid;@CHEMICAL_3_oxoadipic_acid;chemical;15.0
@CHEMICAL_3_phenylpropionic_acid;@CHEMICAL_3_phenylpropionic_acid;chemical;15.0
@CHEMICAL_4_methylcatechol;@CHEMICAL_4_methylcatechol;chemical;15.0
@CHEMICAL_5_imidazolepropionic_acid;@CHEMICAL_5_imidazolepropionic_acid;chemical;15.0
@CHEMICAL_7_methyl_5_(1_((3_(trifluoromethyl)phenyl)acetyl)_2_3_dihydro_1H_indol_5_yl)_7H_pyrrolo(2_3_d)pyrimidin_4_amine;@CHEMICAL_7_methyl_5_(1_((3_(trifluoromethyl)phenyl)acetyl)_2_3_dihydro_1H_indol_5_yl)_7H_pyrrolo(2_3_d)pyrimidin_4_amine;chemical;15.0
@CHEMICAL_Acridine_Orange;@CHEMICAL_Acridine_Orange;chemical;15.0
@CHEMICAL_Acriflavine;@CHEMICAL_Acriflavine;chemical;15.0
@CHEMICAL_Amiloride;@CHEMICAL_Amiloride;chemical;15.0
@CHEMICAL_Artemether;@CHEMICAL_Artemether;chemical;15.0
@CHEMICAL_Benzoxazines;@CHEMICAL_Benzoxazines;chemical;15.0
@CHEMICAL_Bethanechol;@CHEMICAL_Bethanechol;chemical;15.0
@CHEMICAL_Boronic_Acids;@CHEMICAL_Boronic_Acids;chemical;15.0
@CHEMICAL_Bromides;@CHEMICAL_Bromides;chemical;15.0
@CHEMICAL_Buprenorphine;@CHEMICAL_Buprenorphine;chemical;15.0
@CHEMICAL_Cenobamate;@CHEMICAL_Cenobamate;chemical;15.0
@CHEMICAL_Chalcones;@CHEMICAL_Chalcones;chemical;15.0
@CHEMICAL_Chir_99021;@CHEMICAL_Chir_99021;chemical;15.0
@CHEMICAL_Chocolate_Brown_HT;@CHEMICAL_Chocolate_Brown_HT;chemical;15.0
@CHEMICAL_Citrinin;@CHEMICAL_Citrinin;chemical;15.0
@CHEMICAL_Cromolyn_Sodium;@CHEMICAL_Cromolyn_Sodium;chemical;15.0
@CHEMICAL_Dendrimers;@CHEMICAL_Dendrimers;chemical;15.0
@CHEMICAL_Diarylheptanoids;@CHEMICAL_Diarylheptanoids;chemical;15.0
@CHEMICAL_Diflunisal;@CHEMICAL_Diflunisal;chemical;15.0
@CHEMICAL_Eplerenone;@CHEMICAL_Eplerenone;chemical;15.0
@CHEMICAL_Estriol;@CHEMICAL_Estriol;chemical;15.0
@CHEMICAL_Fenitrothion;@CHEMICAL_Fenitrothion;chemical;15.0
@CHEMICAL_Fumigant_93;@CHEMICAL_Fumigant_93;chemical;15.0
@CHEMICAL_GW9508;@CHEMICAL_GW9508;chemical;15.0
@CHEMICAL_JBP_485;@CHEMICAL_JBP_485;chemical;15.0
@CHEMICAL_K_115;@CHEMICAL_K_115;chemical;15.0
@CHEMICAL_Mefloquine;@CHEMICAL_Mefloquine;chemical;15.0
@CHEMICAL_N(1)_methylnicotinamide;@CHEMICAL_N(1)_methylnicotinamide;chemical;15.0
@CHEMICAL_N_acetylglutamic_acid;@CHEMICAL_N_acetylglutamic_acid;chemical;15.0
@CHEMICAL_N_acetyltryptophan;@CHEMICAL_N_acetyltryptophan;chemical;15.0
@CHEMICAL_N_chlorotaurine;@CHEMICAL_N_chlorotaurine;chemical;15.0
@CHEMICAL_N_hydroxypipecolic_acid;@CHEMICAL_N_hydroxypipecolic_acid;chemical;15.0
@CHEMICAL_Norethindrone_Acetate;@CHEMICAL_Norethindrone_Acetate;chemical;15.0
@CHEMICAL_Oxycodone;@CHEMICAL_Oxycodone;chemical;15.0
@CHEMICAL_Parathion;@CHEMICAL_Parathion;chemical;15.0
@CHEMICAL_Patulin;@CHEMICAL_Patulin;chemical;15.0
@CHEMICAL_Pinacidil;@CHEMICAL_Pinacidil;chemical;15.0
@CHEMICAL_Polyglactin_910;@CHEMICAL_Polyglactin_910;chemical;15.0
@CHEMICAL_Praseodymium;@CHEMICAL_Praseodymium;chemical;15.0
@CHEMICAL_Prebiotics;@CHEMICAL_Prebiotics;chemical;15.0
@CHEMICAL_Pterins;@CHEMICAL_Pterins;chemical;15.0
@CHEMICAL_Quartz;@CHEMICAL_Quartz;chemical;15.0
@CHEMICAL_Rapeseed_Oil;@CHEMICAL_Rapeseed_Oil;chemical;15.0
@CHEMICAL_Rice_Bran_Oil;@CHEMICAL_Rice_Bran_Oil;chemical;15.0
@CHEMICAL_Silanes;@CHEMICAL_Silanes;chemical;15.0
@CHEMICAL_Sulfoglycosphingolipids;@CHEMICAL_Sulfoglycosphingolipids;chemical;15.0
@CHEMICAL_Trifluoperazine;@CHEMICAL_Trifluoperazine;chemical;15.0
@CHEMICAL_Vigabatrin;@CHEMICAL_Vigabatrin;chemical;15.0
@CHEMICAL_Zymosan;@CHEMICAL_Zymosan;chemical;15.0
@CHEMICAL_acetamide;@CHEMICAL_acetamide;chemical;15.0
@CHEMICAL_acetophenone;@CHEMICAL_acetophenone;chemical;15.0
@CHEMICAL_acrylic_acid;@CHEMICAL_acrylic_acid;chemical;15.0
@CHEMICAL_allyl_isothiocyanate;@CHEMICAL_allyl_isothiocyanate;chemical;15.0
@CHEMICAL_alpha_cyperone;@CHEMICAL_alpha_cyperone;chemical;15.0
@CHEMICAL_alpha_galactosylceramide;@CHEMICAL_alpha_galactosylceramide;chemical;15.0
@CHEMICAL_alpha_glycerophosphoric_acid;@CHEMICAL_alpha_glycerophosphoric_acid;chemical;15.0
@CHEMICAL_anandamide;@CHEMICAL_anandamide;chemical;15.0
@CHEMICAL_arctiin;@CHEMICAL_arctiin;chemical;15.0
@CHEMICAL_asarone;@CHEMICAL_asarone;chemical;15.0
@CHEMICAL_asiaticoside;@CHEMICAL_asiaticoside;chemical;15.0
@CHEMICAL_benzyloxycarbonylvalyl_alanyl_aspartyl_fluoromethyl_ketone;@CHEMICAL_benzyloxycarbonylvalyl_alanyl_aspartyl_fluoromethyl_ketone;chemical;15.0
@CHEMICAL_beta_eudesmol;@CHEMICAL_beta_eudesmol;chemical;15.0
@CHEMICAL_bismuth_oxide;@CHEMICAL_bismuth_oxide;chemical;15.0
@CHEMICAL_butylparaben;@CHEMICAL_butylparaben;chemical;15.0
@CHEMICAL_calcaratarin_D;@CHEMICAL_calcaratarin_D;chemical;15.0
@CHEMICAL_cepharanthine;@CHEMICAL_cepharanthine;chemical;15.0
@CHEMICAL_citrus_pectin;@CHEMICAL_citrus_pectin;chemical;15.0
@CHEMICAL_curdione;@CHEMICAL_curdione;chemical;15.0
@CHEMICAL_didymin;@CHEMICAL_didymin;chemical;15.0
@CHEMICAL_dimethyl_disulfide;@CHEMICAL_dimethyl_disulfide;chemical;15.0
@CHEMICAL_diphenyleneiodonium;@CHEMICAL_diphenyleneiodonium;chemical;15.0
@CHEMICAL_eculizumab;@CHEMICAL_eculizumab;chemical;15.0
@CHEMICAL_elesclomol;@CHEMICAL_elesclomol;chemical;15.0
@CHEMICAL_encorafenib;@CHEMICAL_encorafenib;chemical;15.0
@CHEMICAL_epimedin_B;@CHEMICAL_epimedin_B;chemical;15.0
@CHEMICAL_eribulin;@CHEMICAL_eribulin;chemical;15.0
@CHEMICAL_erucic_acid;@CHEMICAL_erucic_acid;chemical;15.0
@CHEMICAL_fortunellin;@CHEMICAL_fortunellin;chemical;15.0
@CHEMICAL_fostamatinib;@CHEMICAL_fostamatinib;chemical;15.0
@CHEMICAL_ganoderic_acid_A;@CHEMICAL_ganoderic_acid_A;chemical;15.0
@CHEMICAL_gigantol;@CHEMICAL_gigantol;chemical;15.0
@CHEMICAL_isazophos;@CHEMICAL_isazophos;chemical;15.0
@CHEMICAL_isorhamnetin_3_O_glucoside;@CHEMICAL_isorhamnetin_3_O_glucoside;chemical;15.0
@CHEMICAL_isovitexin_4'_O_glucoside;@CHEMICAL_isovitexin_4'_O_glucoside;chemical;15.0
@CHEMICAL_lactucin;@CHEMICAL_lactucin;chemical;15.0
@CHEMICAL_ligstroside;@CHEMICAL_ligstroside;chemical;15.0
@CHEMICAL_lipostabil;@CHEMICAL_lipostabil;chemical;15.0
@CHEMICAL_loganin;@CHEMICAL_loganin;chemical;15.0
@CHEMICAL_magnolin;@CHEMICAL_magnolin;chemical;15.0
@CHEMICAL_mancozeb;@CHEMICAL_mancozeb;chemical;15.0
@CHEMICAL_methyl_red;@CHEMICAL_methyl_red;chemical;15.0
@CHEMICAL_mogroside_V;@CHEMICAL_mogroside_V;chemical;15.0
@CHEMICAL_nodakenin;@CHEMICAL_nodakenin;chemical;15.0
@CHEMICAL_ornithine_phenylacetate;@CHEMICAL_ornithine_phenylacetate;chemical;15.0
@CHEMICAL_oxynide;@CHEMICAL_oxynide;chemical;15.0
@CHEMICAL_pantethine;@CHEMICAL_pantethine;chemical;15.0
@CHEMICAL_phenethyl_isothiocyanate;@CHEMICAL_phenethyl_isothiocyanate;chemical;15.0
@CHEMICAL_pheomelanin;@CHEMICAL_pheomelanin;chemical;15.0
@CHEMICAL_prolinedithiocarbamate;@CHEMICAL_prolinedithiocarbamate;chemical;15.0
@CHEMICAL_propionaldehyde;@CHEMICAL_propionaldehyde;chemical;15.0
@CHEMICAL_pyrotinib;@CHEMICAL_pyrotinib;chemical;15.0
@CHEMICAL_risankizumab;@CHEMICAL_risankizumab;chemical;15.0
@CHEMICAL_sacituzumab_govitecan;@CHEMICAL_sacituzumab_govitecan;chemical;15.0
@CHEMICAL_salinomycin;@CHEMICAL_salinomycin;chemical;15.0
@CHEMICAL_schisandrol_A;@CHEMICAL_schisandrol_A;chemical;15.0
@CHEMICAL_sclareol;@CHEMICAL_sclareol;chemical;15.0
@CHEMICAL_siderite;@CHEMICAL_siderite;chemical;15.0
@CHEMICAL_sodium_nitrate;@CHEMICAL_sodium_nitrate;chemical;15.0
@CHEMICAL_strontium_ranelate;@CHEMICAL_strontium_ranelate;chemical;15.0
@CHEMICAL_talazoparib;@CHEMICAL_talazoparib;chemical;15.0
@CHEMICAL_tepotinib;@CHEMICAL_tepotinib;chemical;15.0
@CHEMICAL_tetrahydrocurcumin;@CHEMICAL_tetrahydrocurcumin;chemical;15.0
@CHEMICAL_tirabrutinib;@CHEMICAL_tirabrutinib;chemical;15.0
@CHEMICAL_tocotrienol_alpha;@CHEMICAL_tocotrienol_alpha;chemical;15.0
@CHEMICAL_tremelimumab;@CHEMICAL_tremelimumab;chemical;15.0
@CHEMICAL_tungsten_oxide;@CHEMICAL_tungsten_oxide;chemical;15.0
@CHEMICAL_tyrosyl_proline;@CHEMICAL_tyrosyl_proline;chemical;15.0
@CHEMICAL_verlukast;@CHEMICAL_verlukast;chemical;15.0
@CHEMICAL_vitexin_rhamnoside;@CHEMICAL_vitexin_rhamnoside;chemical;15.0
@CHEMICAL_xanthatin;@CHEMICAL_xanthatin;chemical;15.0
@CHEMICAL_zileuton;@CHEMICAL_zileuton;chemical;15.0
@CHEMICAL_10_hydroxy_2_decenoic_acid;@CHEMICAL_10_hydroxy_2_decenoic_acid;chemical;14.0
@CHEMICAL_2_(N_cyclohexylamino)ethanesulfonic_acid;@CHEMICAL_2_(N_cyclohexylamino)ethanesulfonic_acid;chemical;14.0
@CHEMICAL_2_4_Dinitrophenol;@CHEMICAL_2_4_Dinitrophenol;chemical;14.0
@CHEMICAL_2_5_dichloro_4_bromophenol;@CHEMICAL_2_5_dichloro_4_bromophenol;chemical;14.0
@CHEMICAL_2_aminoethoxydiphenyl_borate;@CHEMICAL_2_aminoethoxydiphenyl_borate;chemical;14.0
@CHEMICAL_3_hydroxypropionaldehyde;@CHEMICAL_3_hydroxypropionaldehyde;chemical;14.0
@CHEMICAL_3_xylene;@CHEMICAL_3_xylene;chemical;14.0
@CHEMICAL_68Ga_FAPI;@CHEMICAL_68Ga_FAPI;chemical;14.0
@CHEMICAL_8_hydroxyguanine;@CHEMICAL_8_hydroxyguanine;chemical;14.0
@CHEMICAL_Acetals;@CHEMICAL_Acetals;chemical;14.0
@CHEMICAL_Adenosine_Diphosphate_Ribose;@CHEMICAL_Adenosine_Diphosphate_Ribose;chemical;14.0
@CHEMICAL_Alpha_Amanitin;@CHEMICAL_Alpha_Amanitin;chemical;14.0
@CHEMICAL_CDN1163;@CHEMICAL_CDN1163;chemical;14.0
@CHEMICAL_C_Peptide;@CHEMICAL_C_Peptide;chemical;14.0
@CHEMICAL_Chlorophenols;@CHEMICAL_Chlorophenols;chemical;14.0
@CHEMICAL_Cimetidine;@CHEMICAL_Cimetidine;chemical;14.0
@CHEMICAL_Clobetasol;@CHEMICAL_Clobetasol;chemical;14.0
@CHEMICAL_Danazol;@CHEMICAL_Danazol;chemical;14.0
@CHEMICAL_Dydrogesterone;@CHEMICAL_Dydrogesterone;chemical;14.0
@CHEMICAL_Endosulfan;@CHEMICAL_Endosulfan;chemical;14.0
@CHEMICAL_Flufenamic_Acid;@CHEMICAL_Flufenamic_Acid;chemical;14.0
@CHEMICAL_G(M1)_Ganglioside;@CHEMICAL_G(M1)_Ganglioside;chemical;14.0
@CHEMICAL_GSK690693;@CHEMICAL_GSK690693;chemical;14.0
@CHEMICAL_Glyceraldehyde;@CHEMICAL_Glyceraldehyde;chemical;14.0
@CHEMICAL_Harmine;@CHEMICAL_Harmine;chemical;14.0
@CHEMICAL_Hydrocodone;@CHEMICAL_Hydrocodone;chemical;14.0
@CHEMICAL_Lactones;@CHEMICAL_Lactones;chemical;14.0
@CHEMICAL_Latanoprost;@CHEMICAL_Latanoprost;chemical;14.0
@CHEMICAL_Lawrencium;@CHEMICAL_Lawrencium;chemical;14.0
@CHEMICAL_MYK_461;@CHEMICAL_MYK_461;chemical;14.0
@CHEMICAL_Methacholine_Chloride;@CHEMICAL_Methacholine_Chloride;chemical;14.0
@CHEMICAL_Methyl_Blue;@CHEMICAL_Methyl_Blue;chemical;14.0
@CHEMICAL_Metoclopramide;@CHEMICAL_Metoclopramide;chemical;14.0
@CHEMICAL_Monensin;@CHEMICAL_Monensin;chemical;14.0
@CHEMICAL_Neon;@CHEMICAL_Neon;chemical;14.0
@CHEMICAL_Organophosphonates;@CHEMICAL_Organophosphonates;chemical;14.0
@CHEMICAL_Phenylpropanolamine;@CHEMICAL_Phenylpropanolamine;chemical;14.0
@CHEMICAL_Phloroglucinol;@CHEMICAL_Phloroglucinol;chemical;14.0
@CHEMICAL_Plasmalogens;@CHEMICAL_Plasmalogens;chemical;14.0
@CHEMICAL_Polyelectrolytes;@CHEMICAL_Polyelectrolytes;chemical;14.0
@CHEMICAL_Polyphosphates;@CHEMICAL_Polyphosphates;chemical;14.0
@CHEMICAL_Prostaglandins_E;@CHEMICAL_Prostaglandins_E;chemical;14.0
@CHEMICAL_Saxitoxin;@CHEMICAL_Saxitoxin;chemical;14.0
@CHEMICAL_Senna_Extract;@CHEMICAL_Senna_Extract;chemical;14.0
@CHEMICAL_Succimer;@CHEMICAL_Succimer;chemical;14.0
@CHEMICAL_Sulfonylurea_Compounds;@CHEMICAL_Sulfonylurea_Compounds;chemical;14.0
@CHEMICAL_TIC10_compound;@CHEMICAL_TIC10_compound;chemical;14.0
@CHEMICAL_Tellurium;@CHEMICAL_Tellurium;chemical;14.0
@CHEMICAL_Thiazides;@CHEMICAL_Thiazides;chemical;14.0
@CHEMICAL_Thromboxane_A2;@CHEMICAL_Thromboxane_A2;chemical;14.0
@CHEMICAL_Thromboxane_B2;@CHEMICAL_Thromboxane_B2;chemical;14.0
@CHEMICAL_Urocanic_Acid;@CHEMICAL_Urocanic_Acid;chemical;14.0
@CHEMICAL_Vanadates;@CHEMICAL_Vanadates;chemical;14.0
@CHEMICAL_acetoacetic_acid;@CHEMICAL_acetoacetic_acid;chemical;14.0
@CHEMICAL_adrenic_acid;@CHEMICAL_adrenic_acid;chemical;14.0
@CHEMICAL_amlexanox;@CHEMICAL_amlexanox;chemical;14.0
@CHEMICAL_anacardic_acid;@CHEMICAL_anacardic_acid;chemical;14.0
@CHEMICAL_aromadedrin;@CHEMICAL_aromadedrin;chemical;14.0
@CHEMICAL_arsenic_acid;@CHEMICAL_arsenic_acid;chemical;14.0
@CHEMICAL_asunaprevir;@CHEMICAL_asunaprevir;chemical;14.0
@CHEMICAL_atraric_acid;@CHEMICAL_atraric_acid;chemical;14.0
@CHEMICAL_avacopan;@CHEMICAL_avacopan;chemical;14.0
@CHEMICAL_belimumab;@CHEMICAL_belimumab;chemical;14.0
@CHEMICAL_benserazide_levodopa_drug_combination;@CHEMICAL_benserazide_levodopa_drug_combination;chemical;14.0
@CHEMICAL_benzonidazole;@CHEMICAL_benzonidazole;chemical;14.0
@CHEMICAL_beta_hexachlorocyclohexane;@CHEMICAL_beta_hexachlorocyclohexane;chemical;14.0
@CHEMICAL_betamethasone_17_21_dipropionate;@CHEMICAL_betamethasone_17_21_dipropionate;chemical;14.0
@CHEMICAL_biphenyl;@CHEMICAL_biphenyl;chemical;14.0
@CHEMICAL_canadine;@CHEMICAL_canadine;chemical;14.0
@CHEMICAL_cannabidiolic_acid;@CHEMICAL_cannabidiolic_acid;chemical;14.0
@CHEMICAL_catechin_gallate;@CHEMICAL_catechin_gallate;chemical;14.0
@CHEMICAL_celastrol_methyl_ester;@CHEMICAL_celastrol_methyl_ester;chemical;14.0
@CHEMICAL_ceritinib;@CHEMICAL_ceritinib;chemical;14.0
@CHEMICAL_ciclesonide;@CHEMICAL_ciclesonide;chemical;14.0
@CHEMICAL_cinnabarinic_acid;@CHEMICAL_cinnabarinic_acid;chemical;14.0
@CHEMICAL_cistanoside_A;@CHEMICAL_cistanoside_A;chemical;14.0
@CHEMICAL_cobalt_oxide;@CHEMICAL_cobalt_oxide;chemical;14.0
@CHEMICAL_corosolic_acid;@CHEMICAL_corosolic_acid;chemical;14.0
@CHEMICAL_crebanine;@CHEMICAL_crebanine;chemical;14.0
@CHEMICAL_cresol;@CHEMICAL_cresol;chemical;14.0
@CHEMICAL_cyclic_guanosine_monophosphate_adenosine_monophosphate;@CHEMICAL_cyclic_guanosine_monophosphate_adenosine_monophosphate;chemical;14.0
@CHEMICAL_cytisine;@CHEMICAL_cytisine;chemical;14.0
@CHEMICAL_dauricine;@CHEMICAL_dauricine;chemical;14.0
@CHEMICAL_decursin;@CHEMICAL_decursin;chemical;14.0
@CHEMICAL_delta_hydroxylysylnorleucine;@CHEMICAL_delta_hydroxylysylnorleucine;chemical;14.0
@CHEMICAL_diethylenetriamine;@CHEMICAL_diethylenetriamine;chemical;14.0
@CHEMICAL_difluprednate;@CHEMICAL_difluprednate;chemical;14.0
@CHEMICAL_dotinurad;@CHEMICAL_dotinurad;chemical;14.0
@CHEMICAL_eldecalcitol;@CHEMICAL_eldecalcitol;chemical;14.0
@CHEMICAL_ethyl_gallate;@CHEMICAL_ethyl_gallate;chemical;14.0
@CHEMICAL_faricimab;@CHEMICAL_faricimab;chemical;14.0
@CHEMICAL_fasudil;@CHEMICAL_fasudil;chemical;14.0
@CHEMICAL_favipiravir;@CHEMICAL_favipiravir;chemical;14.0
@CHEMICAL_ferric_ammonium_citrate;@CHEMICAL_ferric_ammonium_citrate;chemical;14.0
@CHEMICAL_ferric_derisomaltose;@CHEMICAL_ferric_derisomaltose;chemical;14.0
@CHEMICAL_fraxinellone;@CHEMICAL_fraxinellone;chemical;14.0
@CHEMICAL_geranylgeraniol;@CHEMICAL_geranylgeraniol;chemical;14.0
@CHEMICAL_goitrin;@CHEMICAL_goitrin;chemical;14.0
@CHEMICAL_hymexazol;@CHEMICAL_hymexazol;chemical;14.0
@CHEMICAL_hypaconitine;@CHEMICAL_hypaconitine;chemical;14.0
@CHEMICAL_isobavachalcone;@CHEMICAL_isobavachalcone;chemical;14.0
@CHEMICAL_isolevuglandin;@CHEMICAL_isolevuglandin;chemical;14.0
@CHEMICAL_isovaleramide;@CHEMICAL_isovaleramide;chemical;14.0
@CHEMICAL_lewisite;@CHEMICAL_lewisite;chemical;14.0
@CHEMICAL_locust_bean_gum;@CHEMICAL_locust_bean_gum;chemical;14.0
@CHEMICAL_menatetrenone;@CHEMICAL_menatetrenone;chemical;14.0
@CHEMICAL_monomethyl_auristatin_E;@CHEMICAL_monomethyl_auristatin_E;chemical;14.0
@CHEMICAL_musk;@CHEMICAL_musk;chemical;14.0
@CHEMICAL_neratinib;@CHEMICAL_neratinib;chemical;14.0
@CHEMICAL_notopterol;@CHEMICAL_notopterol;chemical;14.0
@CHEMICAL_nuezhenide;@CHEMICAL_nuezhenide;chemical;14.0
@CHEMICAL_octane;@CHEMICAL_octane;chemical;14.0
@CHEMICAL_oxalyldiaminopropionic_acid;@CHEMICAL_oxalyldiaminopropionic_acid;chemical;14.0
@CHEMICAL_palmatine;@CHEMICAL_palmatine;chemical;14.0
@CHEMICAL_pelargonidin;@CHEMICAL_pelargonidin;chemical;14.0
@CHEMICAL_phenoxy_radical;@CHEMICAL_phenoxy_radical;chemical;14.0
@CHEMICAL_phenylacetylglutamine;@CHEMICAL_phenylacetylglutamine;chemical;14.0
@CHEMICAL_phoxim;@CHEMICAL_phoxim;chemical;14.0
@CHEMICAL_poly_N_isopropylacrylamide;@CHEMICAL_poly_N_isopropylacrylamide;chemical;14.0
@CHEMICAL_potassium_persulfate;@CHEMICAL_potassium_persulfate;chemical;14.0
@CHEMICAL_propylene_dichloride;@CHEMICAL_propylene_dichloride;chemical;14.0
@CHEMICAL_protopanaxadiol;@CHEMICAL_protopanaxadiol;chemical;14.0
@CHEMICAL_raspberry_ketone;@CHEMICAL_raspberry_ketone;chemical;14.0
@CHEMICAL_robinin;@CHEMICAL_robinin;chemical;14.0
@CHEMICAL_rottlerin;@CHEMICAL_rottlerin;chemical;14.0
@CHEMICAL_rucaparib;@CHEMICAL_rucaparib;chemical;14.0
@CHEMICAL_ruscogenin;@CHEMICAL_ruscogenin;chemical;14.0
@CHEMICAL_scoparone;@CHEMICAL_scoparone;chemical;14.0
@CHEMICAL_silver_chloride;@CHEMICAL_silver_chloride;chemical;14.0
@CHEMICAL_tetrachlorodian;@CHEMICAL_tetrachlorodian;chemical;14.0
@CHEMICAL_thermozymocidin;@CHEMICAL_thermozymocidin;chemical;14.0
@CHEMICAL_thiobarbituric_acid;@CHEMICAL_thiobarbituric_acid;chemical;14.0
@CHEMICAL_titanium_silicide;@CHEMICAL_titanium_silicide;chemical;14.0
@CHEMICAL_xanthan_gum;@CHEMICAL_xanthan_gum;chemical;14.0
@CHEMICAL_xylooligosaccharide;@CHEMICAL_xylooligosaccharide;chemical;14.0
@CHEMICAL_13_hydroperoxylinoleic_acid;@CHEMICAL_13_hydroperoxylinoleic_acid;chemical;13.0
@CHEMICAL_1_4_naphthoquinone;@CHEMICAL_1_4_naphthoquinone;chemical;13.0
@CHEMICAL_2_(3_4_dimethoxybenzyl)_7_(1_(1_hydroxyethyl)_4_phenylbutyl)_5_methylimidazo(5_1_f)(1_2_4)triazin_4_(3H)_one;@CHEMICAL_2_(3_4_dimethoxybenzyl)_7_(1_(1_hydroxyethyl)_4_phenylbutyl)_5_methylimidazo(5_1_f)(1_2_4)triazin_4_(3H)_one;chemical;13.0
@CHEMICAL_2_ethylhexyldiphenylphosphate;@CHEMICAL_2_ethylhexyldiphenylphosphate;chemical;13.0
@CHEMICAL_3_4_5_3'_4'_5'_hexachlorobiphenyl;@CHEMICAL_3_4_5_3'_4'_5'_hexachlorobiphenyl;chemical;13.0
@CHEMICAL_3_4_dimethoxycinnamic_acid;@CHEMICAL_3_4_dimethoxycinnamic_acid;chemical;13.0
@CHEMICAL_3_6_dichlorocarbazole;@CHEMICAL_3_6_dichlorocarbazole;chemical;13.0
@CHEMICAL_4_chlorophenyl_methyl_sulfide;@CHEMICAL_4_chlorophenyl_methyl_sulfide;chemical;13.0
@CHEMICAL_5'_methylthioadenosine;@CHEMICAL_5'_methylthioadenosine;chemical;13.0
@CHEMICAL_5_(1_(glucopyranosyloxymethyl)ethenyl)_2_methyl_2_cyclohexen_1_one;@CHEMICAL_5_(1_(glucopyranosyloxymethyl)ethenyl)_2_methyl_2_cyclohexen_1_one;chemical;13.0
@CHEMICAL_5_7_dimethoxyflavone;@CHEMICAL_5_7_dimethoxyflavone;chemical;13.0
@CHEMICAL_5_S_cysteinyldopamine;@CHEMICAL_5_S_cysteinyldopamine;chemical;13.0
@CHEMICAL_7_methylguanosine;@CHEMICAL_7_methylguanosine;chemical;13.0
@CHEMICAL_7_phloroeckol;@CHEMICAL_7_phloroeckol;chemical;13.0
@CHEMICAL_Antimycin_A;@CHEMICAL_Antimycin_A;chemical;13.0
@CHEMICAL_Apomorphine;@CHEMICAL_Apomorphine;chemical;13.0
@CHEMICAL_BH_3;@CHEMICAL_BH_3;chemical;13.0
@CHEMICAL_Bacitracin;@CHEMICAL_Bacitracin;chemical;13.0
@CHEMICAL_Benzopyrans;@CHEMICAL_Benzopyrans;chemical;13.0
@CHEMICAL_Carbon_Disulfide;@CHEMICAL_Carbon_Disulfide;chemical;13.0
@CHEMICAL_Cefixime;@CHEMICAL_Cefixime;chemical;13.0
@CHEMICAL_Clofibrate;@CHEMICAL_Clofibrate;chemical;13.0
@CHEMICAL_Cyclohexane;@CHEMICAL_Cyclohexane;chemical;13.0
@CHEMICAL_Dinitrofluorobenzene;@CHEMICAL_Dinitrofluorobenzene;chemical;13.0
@CHEMICAL_Dipyrone;@CHEMICAL_Dipyrone;chemical;13.0
@CHEMICAL_Disaccharides;@CHEMICAL_Disaccharides;chemical;13.0
@CHEMICAL_Dobutamine;@CHEMICAL_Dobutamine;chemical;13.0
@CHEMICAL_Erianin;@CHEMICAL_Erianin;chemical;13.0
@CHEMICAL_F2_Isoprostanes;@CHEMICAL_F2_Isoprostanes;chemical;13.0
@CHEMICAL_FMC_protocol;@CHEMICAL_FMC_protocol;chemical;13.0
@CHEMICAL_Fenclonine;@CHEMICAL_Fenclonine;chemical;13.0
@CHEMICAL_Formoterol_Fumarate;@CHEMICAL_Formoterol_Fumarate;chemical;13.0
@CHEMICAL_Gestodene;@CHEMICAL_Gestodene;chemical;13.0
@CHEMICAL_Glatiramer_Acetate;@CHEMICAL_Glatiramer_Acetate;chemical;13.0
@CHEMICAL_Hexosamines;@CHEMICAL_Hexosamines;chemical;13.0
@CHEMICAL_Inositol_1_4_5_Trisphosphate;@CHEMICAL_Inositol_1_4_5_Trisphosphate;chemical;13.0
@CHEMICAL_Lacosamide;@CHEMICAL_Lacosamide;chemical;13.0
@CHEMICAL_Lutetium;@CHEMICAL_Lutetium;chemical;13.0
@CHEMICAL_Methazolamide;@CHEMICAL_Methazolamide;chemical;13.0
@CHEMICAL_Methylnitrosourea;@CHEMICAL_Methylnitrosourea;chemical;13.0
@CHEMICAL_Mn(III)_meso_tetrakis(N_n_butoxyethylpyridinium_2_yl)porphyrin;@CHEMICAL_Mn(III)_meso_tetrakis(N_n_butoxyethylpyridinium_2_yl)porphyrin;chemical;13.0
@CHEMICAL_N_acetylserotonin;@CHEMICAL_N_acetylserotonin;chemical;13.0
@CHEMICAL_Polyketides;@CHEMICAL_Polyketides;chemical;13.0
@CHEMICAL_Prostaglandins_A;@CHEMICAL_Prostaglandins_A;chemical;13.0
@CHEMICAL_Pteridines;@CHEMICAL_Pteridines;chemical;13.0
@CHEMICAL_Ranibizumab;@CHEMICAL_Ranibizumab;chemical;13.0
@CHEMICAL_Ro_61_8048;@CHEMICAL_Ro_61_8048;chemical;13.0
@CHEMICAL_Rocuronium;@CHEMICAL_Rocuronium;chemical;13.0
@CHEMICAL_Roscovitine;@CHEMICAL_Roscovitine;chemical;13.0
@CHEMICAL_S_6;@CHEMICAL_S_6;chemical;13.0
@CHEMICAL_Shikimic_Acid;@CHEMICAL_Shikimic_Acid;chemical;13.0
@CHEMICAL_Tapentadol;@CHEMICAL_Tapentadol;chemical;13.0
@CHEMICAL_Thiostrepton;@CHEMICAL_Thiostrepton;chemical;13.0
@CHEMICAL_Trinitrobenzenesulfonic_Acid;@CHEMICAL_Trinitrobenzenesulfonic_Acid;chemical;13.0
@CHEMICAL_VX_agent;@CHEMICAL_VX_agent;chemical;13.0
@CHEMICAL_abrocitinib;@CHEMICAL_abrocitinib;chemical;13.0
@CHEMICAL_acetylcellulose;@CHEMICAL_acetylcellulose;chemical;13.0
@CHEMICAL_allantoic_acid;@CHEMICAL_allantoic_acid;chemical;13.0
@CHEMICAL_allocryptopine;@CHEMICAL_allocryptopine;chemical;13.0
@CHEMICAL_amino_propyl_triethoxysilane;@CHEMICAL_amino_propyl_triethoxysilane;chemical;13.0
@CHEMICAL_apalutamide;@CHEMICAL_apalutamide;chemical;13.0
@CHEMICAL_apigetrin;@CHEMICAL_apigetrin;chemical;13.0
@CHEMICAL_ascorbate_2_phosphate;@CHEMICAL_ascorbate_2_phosphate;chemical;13.0
@CHEMICAL_avermectin;@CHEMICAL_avermectin;chemical;13.0
@CHEMICAL_benzotriazole;@CHEMICAL_benzotriazole;chemical;13.0
@CHEMICAL_bis(3'_5')_cyclic_diguanylic_acid;@CHEMICAL_bis(3'_5')_cyclic_diguanylic_acid;chemical;13.0
@CHEMICAL_brodalumab;@CHEMICAL_brodalumab;chemical;13.0
@CHEMICAL_butylbenzyl_phthalate;@CHEMICAL_butylbenzyl_phthalate;chemical;13.0
@CHEMICAL_cabazitaxel;@CHEMICAL_cabazitaxel;chemical;13.0
@CHEMICAL_calcipotriene;@CHEMICAL_calcipotriene;chemical;13.0
@CHEMICAL_cirmtuzumab;@CHEMICAL_cirmtuzumab;chemical;13.0
@CHEMICAL_cobamamide;@CHEMICAL_cobamamide;chemical;13.0
@CHEMICAL_corylin;@CHEMICAL_corylin;chemical;13.0
@CHEMICAL_cucurbit(7)uril;@CHEMICAL_cucurbit(7)uril;chemical;13.0
@CHEMICAL_cyhalothrin;@CHEMICAL_cyhalothrin;chemical;13.0
@CHEMICAL_dehydroandrographolide;@CHEMICAL_dehydroandrographolide;chemical;13.0
@CHEMICAL_dieckol;@CHEMICAL_dieckol;chemical;13.0
@CHEMICAL_difamilast;@CHEMICAL_difamilast;chemical;13.0
@CHEMICAL_diisobutyl_phthalate;@CHEMICAL_diisobutyl_phthalate;chemical;13.0
@CHEMICAL_dorsomorphin;@CHEMICAL_dorsomorphin;chemical;13.0
@CHEMICAL_ethyl_glucuronide;@CHEMICAL_ethyl_glucuronide;chemical;13.0
@CHEMICAL_ethylenediamine;@CHEMICAL_ethylenediamine;chemical;13.0
@CHEMICAL_fangchinoline;@CHEMICAL_fangchinoline;chemical;13.0
@CHEMICAL_fluoranthene;@CHEMICAL_fluoranthene;chemical;13.0
@CHEMICAL_forsythiaside;@CHEMICAL_forsythiaside;chemical;13.0
@CHEMICAL_gallium_Ga_68_dotatate;@CHEMICAL_gallium_Ga_68_dotatate;chemical;13.0
@CHEMICAL_garcinoic_acid;@CHEMICAL_garcinoic_acid;chemical;13.0
@CHEMICAL_gilteritinib;@CHEMICAL_gilteritinib;chemical;13.0
@CHEMICAL_glycyl_histidyl_lysine;@CHEMICAL_glycyl_histidyl_lysine;chemical;13.0
@CHEMICAL_hydroxyethylcellulose;@CHEMICAL_hydroxyethylcellulose;chemical;13.0
@CHEMICAL_hydroxylysine_glycoside;@CHEMICAL_hydroxylysine_glycoside;chemical;13.0
@CHEMICAL_icenticaftor;@CHEMICAL_icenticaftor;chemical;13.0
@CHEMICAL_indium_oxide;@CHEMICAL_indium_oxide;chemical;13.0
@CHEMICAL_kurarinone;@CHEMICAL_kurarinone;chemical;13.0
@CHEMICAL_larotrectinib;@CHEMICAL_larotrectinib;chemical;13.0
@CHEMICAL_liposomal_doxorubicin;@CHEMICAL_liposomal_doxorubicin;chemical;13.0
@CHEMICAL_lipoxin_A4;@CHEMICAL_lipoxin_A4;chemical;13.0
@CHEMICAL_maleimide;@CHEMICAL_maleimide;chemical;13.0
@CHEMICAL_methionine_sulfoxide;@CHEMICAL_methionine_sulfoxide;chemical;13.0
@CHEMICAL_methyl_2_(2_acetoxy_6_7_dihydrothieno(3_2_c)pyridin_5(4H)_yl)_2_(2_chlorophenyl)acetate;@CHEMICAL_methyl_2_(2_acetoxy_6_7_dihydrothieno(3_2_c)pyridin_5(4H)_yl)_2_(2_chlorophenyl)acetate;chemical;13.0
@CHEMICAL_napabucasin;@CHEMICAL_napabucasin;chemical;13.0
@CHEMICAL_neocnidilide;@CHEMICAL_neocnidilide;chemical;13.0
@CHEMICAL_nimesulide;@CHEMICAL_nimesulide;chemical;13.0
@CHEMICAL_nitroxoline;@CHEMICAL_nitroxoline;chemical;13.0
@CHEMICAL_nonanal;@CHEMICAL_nonanal;chemical;13.0
@CHEMICAL_norharman;@CHEMICAL_norharman;chemical;13.0
@CHEMICAL_obinutuzumab;@CHEMICAL_obinutuzumab;chemical;13.0
@CHEMICAL_oleogels;@CHEMICAL_oleogels;chemical;13.0
@CHEMICAL_perillyl_alcohol;@CHEMICAL_perillyl_alcohol;chemical;13.0
@CHEMICAL_pinoresinol_diglucoside;@CHEMICAL_pinoresinol_diglucoside;chemical;13.0
@CHEMICAL_polyacrylonitrile;@CHEMICAL_polyacrylonitrile;chemical;13.0
@CHEMICAL_pomalidomide;@CHEMICAL_pomalidomide;chemical;13.0
@CHEMICAL_potassium_carbonate;@CHEMICAL_potassium_carbonate;chemical;13.0
@CHEMICAL_profenofos;@CHEMICAL_profenofos;chemical;13.0
@CHEMICAL_pulegone;@CHEMICAL_pulegone;chemical;13.0
@CHEMICAL_quercetin_3_O_rutinoside;@CHEMICAL_quercetin_3_O_rutinoside;chemical;13.0
@CHEMICAL_reactive_orange_16;@CHEMICAL_reactive_orange_16;chemical;13.0
@CHEMICAL_rhododendrol;@CHEMICAL_rhododendrol;chemical;13.0
@CHEMICAL_schizandrin_C;@CHEMICAL_schizandrin_C;chemical;13.0
@CHEMICAL_setrusumab;@CHEMICAL_setrusumab;chemical;13.0
@CHEMICAL_swertiamarin;@CHEMICAL_swertiamarin;chemical;13.0
@CHEMICAL_temsirolimus;@CHEMICAL_temsirolimus;chemical;13.0
@CHEMICAL_triethylamine;@CHEMICAL_triethylamine;chemical;13.0
@CHEMICAL_tryptophol;@CHEMICAL_tryptophol;chemical;13.0
@CHEMICAL_veratric_acid;@CHEMICAL_veratric_acid;chemical;13.0
@CHEMICAL_1_(2_hydroxy_3_methyoxypropyl)_2_chloro_4_nitroimidazole;@CHEMICAL_1_(2_hydroxy_3_methyoxypropyl)_2_chloro_4_nitroimidazole;chemical;12.0
@CHEMICAL_1_3_butadiene;@CHEMICAL_1_3_butadiene;chemical;12.0
@CHEMICAL_3'_O_(4_benzoyl)benzoyladenosine_5'_triphosphate;@CHEMICAL_3'_O_(4_benzoyl)benzoyladenosine_5'_triphosphate;chemical;12.0
@CHEMICAL_3_N_butyl_4_5_dihydrophthalide;@CHEMICAL_3_N_butyl_4_5_dihydrophthalide;chemical;12.0
@CHEMICAL_3_aminobenzeneboronic_acid;@CHEMICAL_3_aminobenzeneboronic_acid;chemical;12.0
@CHEMICAL_3_hydroxybutanal;@CHEMICAL_3_hydroxybutanal;chemical;12.0
@CHEMICAL_3_monochloropropane_1_2_diol_ester;@CHEMICAL_3_monochloropropane_1_2_diol_ester;chemical;12.0
@CHEMICAL_4_(N_methyl_N_nitrosamino)_1_(3_pyridyl)_1_butanone;@CHEMICAL_4_(N_methyl_N_nitrosamino)_1_(3_pyridyl)_1_butanone;chemical;12.0
@CHEMICAL_4_chlorophenol;@CHEMICAL_4_chlorophenol;chemical;12.0
@CHEMICAL_4_cresylglucuronide;@CHEMICAL_4_cresylglucuronide;chemical;12.0
@CHEMICAL_5_6_7_8_tetrahydrofolic_acid;@CHEMICAL_5_6_7_8_tetrahydrofolic_acid;chemical;12.0
@CHEMICAL_6_methylcoumarin;@CHEMICAL_6_methylcoumarin;chemical;12.0
@CHEMICAL_AG_490;@CHEMICAL_AG_490;chemical;12.0
@CHEMICAL_AZD8542;@CHEMICAL_AZD8542;chemical;12.0
@CHEMICAL_Alcian_Blue;@CHEMICAL_Alcian_Blue;chemical;12.0
@CHEMICAL_Atazanavir_Sulfate;@CHEMICAL_Atazanavir_Sulfate;chemical;12.0
@CHEMICAL_Bezafibrate;@CHEMICAL_Bezafibrate;chemical;12.0
@CHEMICAL_Calcimycin;@CHEMICAL_Calcimycin;chemical;12.0
@CHEMICAL_Carbofuran;@CHEMICAL_Carbofuran;chemical;12.0
@CHEMICAL_Cations;@CHEMICAL_Cations;chemical;12.0
@CHEMICAL_Ciclopirox;@CHEMICAL_Ciclopirox;chemical;12.0
@CHEMICAL_Clonazepam;@CHEMICAL_Clonazepam;chemical;12.0
@CHEMICAL_Clorgyline;@CHEMICAL_Clorgyline;chemical;12.0
@CHEMICAL_CuFe2O4;@CHEMICAL_CuFe2O4;chemical;12.0
@CHEMICAL_DDT;@CHEMICAL_DDT;chemical;12.0
@CHEMICAL_Dicarboxylic_Acids;@CHEMICAL_Dicarboxylic_Acids;chemical;12.0
@CHEMICAL_Domperidone;@CHEMICAL_Domperidone;chemical;12.0
@CHEMICAL_Eriochrome_Black_T;@CHEMICAL_Eriochrome_Black_T;chemical;12.0
@CHEMICAL_Estrogens_Catechol;@CHEMICAL_Estrogens_Catechol;chemical;12.0
@CHEMICAL_Ethane;@CHEMICAL_Ethane;chemical;12.0
@CHEMICAL_FAB_protocol;@CHEMICAL_FAB_protocol;chemical;12.0
@CHEMICAL_Flunitrazepam;@CHEMICAL_Flunitrazepam;chemical;12.0
@CHEMICAL_Furocoumarins;@CHEMICAL_Furocoumarins;chemical;12.0
@CHEMICAL_Glucosylceramides;@CHEMICAL_Glucosylceramides;chemical;12.0
@CHEMICAL_Guanosine_Diphosphate;@CHEMICAL_Guanosine_Diphosphate;chemical;12.0
@CHEMICAL_Hexoses;@CHEMICAL_Hexoses;chemical;12.0
@CHEMICAL_Iridoid_Glycosides;@CHEMICAL_Iridoid_Glycosides;chemical;12.0
@CHEMICAL_Kanamycin;@CHEMICAL_Kanamycin;chemical;12.0
@CHEMICAL_M_2_protocol;@CHEMICAL_M_2_protocol;chemical;12.0
@CHEMICAL_Masoprocol;@CHEMICAL_Masoprocol;chemical;12.0
@CHEMICAL_Medroxyprogesterone;@CHEMICAL_Medroxyprogesterone;chemical;12.0
@CHEMICAL_Mexiletine;@CHEMICAL_Mexiletine;chemical;12.0
@CHEMICAL_NSC_23766;@CHEMICAL_NSC_23766;chemical;12.0
@CHEMICAL_N_N_Dimethyltryptamine;@CHEMICAL_N_N_Dimethyltryptamine;chemical;12.0
@CHEMICAL_N_acetyltyrosine;@CHEMICAL_N_acetyltyrosine;chemical;12.0
@CHEMICAL_Nadroparin;@CHEMICAL_Nadroparin;chemical;12.0
@CHEMICAL_Nalbuphine;@CHEMICAL_Nalbuphine;chemical;12.0
@CHEMICAL_Nitrophenols;@CHEMICAL_Nitrophenols;chemical;12.0
@CHEMICAL_Oligopeptides;@CHEMICAL_Oligopeptides;chemical;12.0
@CHEMICAL_Organophosphates;@CHEMICAL_Organophosphates;chemical;12.0
@CHEMICAL_PEDOT_PSS;@CHEMICAL_PEDOT_PSS;chemical;12.0
@CHEMICAL_PF_4708671;@CHEMICAL_PF_4708671;chemical;12.0
@CHEMICAL_Phenethylamines;@CHEMICAL_Phenethylamines;chemical;12.0
@CHEMICAL_Piperacillin;@CHEMICAL_Piperacillin;chemical;12.0
@CHEMICAL_Polonium;@CHEMICAL_Polonium;chemical;12.0
@CHEMICAL_Potassium_Permanganate;@CHEMICAL_Potassium_Permanganate;chemical;12.0
@CHEMICAL_Pyranocoumarins;@CHEMICAL_Pyranocoumarins;chemical;12.0
@CHEMICAL_Pyridoxic_Acid;@CHEMICAL_Pyridoxic_Acid;chemical;12.0
@CHEMICAL_Quinazolines;@CHEMICAL_Quinazolines;chemical;12.0
@CHEMICAL_RGFP966;@CHEMICAL_RGFP966;chemical;12.0
@CHEMICAL_SMOFlipid;@CHEMICAL_SMOFlipid;chemical;12.0
@CHEMICAL_STF_62247;@CHEMICAL_STF_62247;chemical;12.0
@CHEMICAL_S_Nitrosothiols;@CHEMICAL_S_Nitrosothiols;chemical;12.0
@CHEMICAL_Sialic_Acids;@CHEMICAL_Sialic_Acids;chemical;12.0
@CHEMICAL_Sulfur_Hexafluoride;@CHEMICAL_Sulfur_Hexafluoride;chemical;12.0
@CHEMICAL_Thiamine_Pyrophosphate;@CHEMICAL_Thiamine_Pyrophosphate;chemical;12.0
@CHEMICAL_Thiamphenicol;@CHEMICAL_Thiamphenicol;chemical;12.0
@CHEMICAL_Tinidazole;@CHEMICAL_Tinidazole;chemical;12.0
@CHEMICAL_UCON_50_HB_5100;@CHEMICAL_UCON_50_HB_5100;chemical;12.0
@CHEMICAL_Vinorelbine;@CHEMICAL_Vinorelbine;chemical;12.0
@CHEMICAL_acetyl_11_ketoboswellic_acid;@CHEMICAL_acetyl_11_ketoboswellic_acid;chemical;12.0
@CHEMICAL_acrovestone;@CHEMICAL_acrovestone;chemical;12.0
@CHEMICAL_alpha_hydroxy_gamma_methylmercaptobutyric_acid;@CHEMICAL_alpha_hydroxy_gamma_methylmercaptobutyric_acid;chemical;12.0
@CHEMICAL_anifrolumab;@CHEMICAL_anifrolumab;chemical;12.0
@CHEMICAL_aurapten;@CHEMICAL_aurapten;chemical;12.0
@CHEMICAL_azelastine;@CHEMICAL_azelastine;chemical;12.0
@CHEMICAL_barium_chloride;@CHEMICAL_barium_chloride;chemical;12.0
@CHEMICAL_beta_Naphthoflavone;@CHEMICAL_beta_Naphthoflavone;chemical;12.0
@CHEMICAL_beta_cyclocitral;@CHEMICAL_beta_cyclocitral;chemical;12.0
@CHEMICAL_bictegravir;@CHEMICAL_bictegravir;chemical;12.0
@CHEMICAL_bismuth_oxybromide;@CHEMICAL_bismuth_oxybromide;chemical;12.0
@CHEMICAL_blinatumomab;@CHEMICAL_blinatumomab;chemical;12.0
@CHEMICAL_blosozumab;@CHEMICAL_blosozumab;chemical;12.0
@CHEMICAL_bromfenac;@CHEMICAL_bromfenac;chemical;12.0
@CHEMICAL_butyroside_D;@CHEMICAL_butyroside_D;chemical;12.0
@CHEMICAL_cadmium_telluride;@CHEMICAL_cadmium_telluride;chemical;12.0
@CHEMICAL_calcium_phosphate_dibasic_dihydrate;@CHEMICAL_calcium_phosphate_dibasic_dihydrate;chemical;12.0
@CHEMICAL_capsazepine;@CHEMICAL_capsazepine;chemical;12.0
@CHEMICAL_carboxyl_radical;@CHEMICAL_carboxyl_radical;chemical;12.0
@CHEMICAL_citronellol;@CHEMICAL_citronellol;chemical;12.0
@CHEMICAL_cornin_iridoid;@CHEMICAL_cornin_iridoid;chemical;12.0
@CHEMICAL_cycloastragenol;@CHEMICAL_cycloastragenol;chemical;12.0
@CHEMICAL_cylindrospermopsin;@CHEMICAL_cylindrospermopsin;chemical;12.0
@CHEMICAL_daclatasvir;@CHEMICAL_daclatasvir;chemical;12.0
@CHEMICAL_dalbavancin;@CHEMICAL_dalbavancin;chemical;12.0
@CHEMICAL_dehydrocorydalin;@CHEMICAL_dehydrocorydalin;chemical;12.0
@CHEMICAL_dihydroferulic_acid;@CHEMICAL_dihydroferulic_acid;chemical;12.0
@CHEMICAL_donafenib;@CHEMICAL_donafenib;chemical;12.0
@CHEMICAL_eliglustat;@CHEMICAL_eliglustat;chemical;12.0
@CHEMICAL_enfortumab_vedotin;@CHEMICAL_enfortumab_vedotin;chemical;12.0
@CHEMICAL_entrectinib;@CHEMICAL_entrectinib;chemical;12.0
@CHEMICAL_eravacycline;@CHEMICAL_eravacycline;chemical;12.0
@CHEMICAL_ethyl_3_hydroxybutyrate;@CHEMICAL_ethyl_3_hydroxybutyrate;chemical;12.0
@CHEMICAL_eupafolin;@CHEMICAL_eupafolin;chemical;12.0
@CHEMICAL_falcarindiol;@CHEMICAL_falcarindiol;chemical;12.0
@CHEMICAL_fenpyroximate;@CHEMICAL_fenpyroximate;chemical;12.0
@CHEMICAL_indole_3_carboxylic_acid;@CHEMICAL_indole_3_carboxylic_acid;chemical;12.0
@CHEMICAL_isomethyleugenol;@CHEMICAL_isomethyleugenol;chemical;12.0
@CHEMICAL_kaurenoic_acid;@CHEMICAL_kaurenoic_acid;chemical;12.0
@CHEMICAL_lactacystin;@CHEMICAL_lactacystin;chemical;12.0
@CHEMICAL_lappaconitine;@CHEMICAL_lappaconitine;chemical;12.0
@CHEMICAL_leonurine;@CHEMICAL_leonurine;chemical;12.0
@CHEMICAL_levan;@CHEMICAL_levan;chemical;12.0
@CHEMICAL_levocetirizine;@CHEMICAL_levocetirizine;chemical;12.0
@CHEMICAL_lithospermic_acid;@CHEMICAL_lithospermic_acid;chemical;12.0
@CHEMICAL_mandelic_acid;@CHEMICAL_mandelic_acid;chemical;12.0
@CHEMICAL_mangostin;@CHEMICAL_mangostin;chemical;12.0
@CHEMICAL_methylethyl_ketone;@CHEMICAL_methylethyl_ketone;chemical;12.0
@CHEMICAL_mirdametinib;@CHEMICAL_mirdametinib;chemical;12.0
@CHEMICAL_nitroxyl;@CHEMICAL_nitroxyl;chemical;12.0
@CHEMICAL_norcantharidin;@CHEMICAL_norcantharidin;chemical;12.0
@CHEMICAL_oleandrin;@CHEMICAL_oleandrin;chemical;12.0
@CHEMICAL_oleocanthal;@CHEMICAL_oleocanthal;chemical;12.0
@CHEMICAL_omaveloxolone;@CHEMICAL_omaveloxolone;chemical;12.0
@CHEMICAL_p_hydroxycinnamaldehyde;@CHEMICAL_p_hydroxycinnamaldehyde;chemical;12.0
@CHEMICAL_perfluorobutanesulfonic_acid;@CHEMICAL_perfluorobutanesulfonic_acid;chemical;12.0
@CHEMICAL_perhydroxyl_radical;@CHEMICAL_perhydroxyl_radical;chemical;12.0
@CHEMICAL_permanganic_acid;@CHEMICAL_permanganic_acid;chemical;12.0
@CHEMICAL_phenylhydrazine;@CHEMICAL_phenylhydrazine;chemical;12.0
@CHEMICAL_piperidine;@CHEMICAL_piperidine;chemical;12.0
@CHEMICAL_pirarubicin;@CHEMICAL_pirarubicin;chemical;12.0
@CHEMICAL_pirinixic_acid;@CHEMICAL_pirinixic_acid;chemical;12.0
@CHEMICAL_poly(vanillin_oxalate);@CHEMICAL_poly(vanillin_oxalate);chemical;12.0
@CHEMICAL_pralidoxime;@CHEMICAL_pralidoxime;chemical;12.0
@CHEMICAL_protopine;@CHEMICAL_protopine;chemical;12.0
@CHEMICAL_pyrrolidine_dithiocarbamic_acid;@CHEMICAL_pyrrolidine_dithiocarbamic_acid;chemical;12.0
@CHEMICAL_rimegepant_sulfate;@CHEMICAL_rimegepant_sulfate;chemical;12.0
@CHEMICAL_sappanone_A;@CHEMICAL_sappanone_A;chemical;12.0
@CHEMICAL_sarsasapogenin;@CHEMICAL_sarsasapogenin;chemical;12.0
@CHEMICAL_silver_bromide;@CHEMICAL_silver_bromide;chemical;12.0
@CHEMICAL_sodium_sulfide;@CHEMICAL_sodium_sulfide;chemical;12.0
@CHEMICAL_sweroside;@CHEMICAL_sweroside;chemical;12.0
@CHEMICAL_talinolol;@CHEMICAL_talinolol;chemical;12.0
@CHEMICAL_tenofovir_alafenamide;@CHEMICAL_tenofovir_alafenamide;chemical;12.0
@CHEMICAL_tetrahydropalmatine;@CHEMICAL_tetrahydropalmatine;chemical;12.0
@CHEMICAL_tianeptine;@CHEMICAL_tianeptine;chemical;12.0
@CHEMICAL_tributyrin;@CHEMICAL_tributyrin;chemical;12.0
@CHEMICAL_vermiculite;@CHEMICAL_vermiculite;chemical;12.0
@CHEMICAL_vorasidenib;@CHEMICAL_vorasidenib;chemical;12.0
@CHEMICAL_((3Z)_N_(3_chlorophenyl)_3_((3_5_dimethyl_4_((4_methylpiperazin_1_yl)carbonyl)_1H_pyrrol_2_yl)methylene)_N_methyl_2_oxo_2_3_dihydro_1H_indole_5_sulfonamide);@CHEMICAL_((3Z)_N_(3_chlorophenyl)_3_((3_5_dimethyl_4_((4_methylpiperazin_1_yl)carbonyl)_1H_pyrrol_2_yl)methylene)_N_methyl_2_oxo_2_3_dihydro_1H_indole_5_sulfonamide);chemical;11.0
@CHEMICAL_1_1_bis(4_hydroxyphenyl)cyclohexane;@CHEMICAL_1_1_bis(4_hydroxyphenyl)cyclohexane;chemical;11.0
@CHEMICAL_1_2_Dipalmitoylphosphatidylcholine;@CHEMICAL_1_2_Dipalmitoylphosphatidylcholine;chemical;11.0
@CHEMICAL_1_3_dipropyl_8_cyclopentylxanthine;@CHEMICAL_1_3_dipropyl_8_cyclopentylxanthine;chemical;11.0
@CHEMICAL_1_acetyl_beta_carboline;@CHEMICAL_1_acetyl_beta_carboline;chemical;11.0
@CHEMICAL_1_octene;@CHEMICAL_1_octene;chemical;11.0
@CHEMICAL_2_(1'_2'_3'_4'_tetrahydroxybutyl)thiazolidine_4_carboxylic_acid;@CHEMICAL_2_(1'_2'_3'_4'_tetrahydroxybutyl)thiazolidine_4_carboxylic_acid;chemical;11.0
@CHEMICAL_2_2'_3'_4_4'_5_hexachlorobiphenyl;@CHEMICAL_2_2'_3'_4_4'_5_hexachlorobiphenyl;chemical;11.0
@CHEMICAL_2_3_4_7_8_pentachlorodibenzofuran;@CHEMICAL_2_3_4_7_8_pentachlorodibenzofuran;chemical;11.0
@CHEMICAL_2_oxindole;@CHEMICAL_2_oxindole;chemical;11.0
@CHEMICAL_3_(4_t_butylphenyl)_N_(2_3_dihydrobenzo(b)(1_4)dioxin_6_yl)acrylamide;@CHEMICAL_3_(4_t_butylphenyl)_N_(2_3_dihydrobenzo(b)(1_4)dioxin_6_yl)acrylamide;chemical;11.0
@CHEMICAL_3_(5_(4_(cyclopentyloxy)_2_hydroxybenzoyl)_2_((3_hydroxy_1_2_benzisoxazol_6_yl)methoxy)phenyl)propionic_acid;@CHEMICAL_3_(5_(4_(cyclopentyloxy)_2_hydroxybenzoyl)_2_((3_hydroxy_1_2_benzisoxazol_6_yl)methoxy)phenyl)propionic_acid;chemical;11.0
@CHEMICAL_3_4_3'_4'_tetrachlorobiphenyl;@CHEMICAL_3_4_3'_4'_tetrachlorobiphenyl;chemical;11.0
@CHEMICAL_3_hydroxy_2'_methoxy_6_methylflavone;@CHEMICAL_3_hydroxy_2'_methoxy_6_methylflavone;chemical;11.0
@CHEMICAL_3_hydroxybenzoic_acid;@CHEMICAL_3_hydroxybenzoic_acid;chemical;11.0
@CHEMICAL_4_(4_(2_3_dihydrobenzo(1_4)dioxin_6_yl)_5_pyridin_2_yl_1H_imidazol_2_yl)benzamide;@CHEMICAL_4_(4_(2_3_dihydrobenzo(1_4)dioxin_6_yl)_5_pyridin_2_yl_1H_imidazol_2_yl)benzamide;chemical;11.0
@CHEMICAL_4_4'_thiodiphenol;@CHEMICAL_4_4'_thiodiphenol;chemical;11.0
@CHEMICAL_4_6_dimorpholino_N_(4_nitrophenyl)_1_3_5_triazin_2_amine;@CHEMICAL_4_6_dimorpholino_N_(4_nitrophenyl)_1_3_5_triazin_2_amine;chemical;11.0
@CHEMICAL_4_7_10_13_16_19_docosahexaenoic_acid_ethyl_ester;@CHEMICAL_4_7_10_13_16_19_docosahexaenoic_acid_ethyl_ester;chemical;11.0
@CHEMICAL_4_aminophenol;@CHEMICAL_4_aminophenol;chemical;11.0
@CHEMICAL_4_ethyl_6_oxa_1_azatricyclo(4.2.2.0)dodecan_5_one;@CHEMICAL_4_ethyl_6_oxa_1_azatricyclo(4.2.2.0)dodecan_5_one;chemical;11.0
@CHEMICAL_4_phenylbutylamine;@CHEMICAL_4_phenylbutylamine;chemical;11.0
@CHEMICAL_6_bromoindirubin_3'_oxime;@CHEMICAL_6_bromoindirubin_3'_oxime;chemical;11.0
@CHEMICAL_6_hydroxymelatonin;@CHEMICAL_6_hydroxymelatonin;chemical;11.0
@CHEMICAL_7_7'_dimethoxy_(4_4'_bi_1_3_benzodioxole)_5_5'_dicarboxylic_acid_dimethyl_ester;@CHEMICAL_7_7'_dimethoxy_(4_4'_bi_1_3_benzodioxole)_5_5'_dicarboxylic_acid_dimethyl_ester;chemical;11.0
@CHEMICAL_8_prenylgenistein;@CHEMICAL_8_prenylgenistein;chemical;11.0
@CHEMICAL_9_hydroxymegastigman_4_en_3_one_9_O_beta_D_glucopyranoside;@CHEMICAL_9_hydroxymegastigman_4_en_3_one_9_O_beta_D_glucopyranoside;chemical;11.0
@CHEMICAL_AC_5216;@CHEMICAL_AC_5216;chemical;11.0
@CHEMICAL_Acetylmuramyl_Alanyl_Isoglutamine;@CHEMICAL_Acetylmuramyl_Alanyl_Isoglutamine;chemical;11.0
@CHEMICAL_Aconitic_Acid;@CHEMICAL_Aconitic_Acid;chemical;11.0
@CHEMICAL_Acridines;@CHEMICAL_Acridines;chemical;11.0
@CHEMICAL_Amifostine;@CHEMICAL_Amifostine;chemical;11.0
@CHEMICAL_Artemether_Lumefantrine_Drug_Combination;@CHEMICAL_Artemether_Lumefantrine_Drug_Combination;chemical;11.0
@CHEMICAL_Biopolymers;@CHEMICAL_Biopolymers;chemical;11.0
@CHEMICAL_Borates;@CHEMICAL_Borates;chemical;11.0
@CHEMICAL_Bromodeoxyuridine;@CHEMICAL_Bromodeoxyuridine;chemical;11.0
@CHEMICAL_CGP_55_847;@CHEMICAL_CGP_55_847;chemical;11.0
@CHEMICAL_CL_331002;@CHEMICAL_CL_331002;chemical;11.0
@CHEMICAL_Cannabinol;@CHEMICAL_Cannabinol;chemical;11.0
@CHEMICAL_Clenbuterol;@CHEMICAL_Clenbuterol;chemical;11.0
@CHEMICAL_Clomipramine;@CHEMICAL_Clomipramine;chemical;11.0
@CHEMICAL_Crown_Ethers;@CHEMICAL_Crown_Ethers;chemical;11.0
@CHEMICAL_Cycloheximide;@CHEMICAL_Cycloheximide;chemical;11.0
@CHEMICAL_DCZ0358;@CHEMICAL_DCZ0358;chemical;11.0
@CHEMICAL_Dacarbazine;@CHEMICAL_Dacarbazine;chemical;11.0
@CHEMICAL_Dibenzofurans;@CHEMICAL_Dibenzofurans;chemical;11.0
@CHEMICAL_Dimercaprol;@CHEMICAL_Dimercaprol;chemical;11.0
@CHEMICAL_Dimethoate;@CHEMICAL_Dimethoate;chemical;11.0
@CHEMICAL_Dimethylformamide;@CHEMICAL_Dimethylformamide;chemical;11.0
@CHEMICAL_Erythrosine;@CHEMICAL_Erythrosine;chemical;11.0
@CHEMICAL_Excitatory_Amino_Acids;@CHEMICAL_Excitatory_Amino_Acids;chemical;11.0
@CHEMICAL_Fluocinolone_Acetonide;@CHEMICAL_Fluocinolone_Acetonide;chemical;11.0
@CHEMICAL_Fosinopril;@CHEMICAL_Fosinopril;chemical;11.0
@CHEMICAL_Growth_Hormone;@CHEMICAL_Growth_Hormone;chemical;11.0
@CHEMICAL_Isosorbide_Dinitrate;@CHEMICAL_Isosorbide_Dinitrate;chemical;11.0
@CHEMICAL_KL001;@CHEMICAL_KL001;chemical;11.0
@CHEMICAL_MCM_41;@CHEMICAL_MCM_41;chemical;11.0
@CHEMICAL_Membrane_Lipids;@CHEMICAL_Membrane_Lipids;chemical;11.0
@CHEMICAL_NXP031;@CHEMICAL_NXP031;chemical;11.0
@CHEMICAL_N_acetylasparagine;@CHEMICAL_N_acetylasparagine;chemical;11.0
@CHEMICAL_N_acetyltalosaminuronic_acid;@CHEMICAL_N_acetyltalosaminuronic_acid;chemical;11.0
@CHEMICAL_N_methyl_valyl_amiclenomycin;@CHEMICAL_N_methyl_valyl_amiclenomycin;chemical;11.0
@CHEMICAL_Nitro_Compounds;@CHEMICAL_Nitro_Compounds;chemical;11.0
@CHEMICAL_Oseltamivir;@CHEMICAL_Oseltamivir;chemical;11.0
@CHEMICAL_PF_3845;@CHEMICAL_PF_3845;chemical;11.0
@CHEMICAL_PH.3;@CHEMICAL_PH.3;chemical;11.0
@CHEMICAL_Paris_saponin_VII;@CHEMICAL_Paris_saponin_VII;chemical;11.0
@CHEMICAL_Pentanols;@CHEMICAL_Pentanols;chemical;11.0
@CHEMICAL_Pentetic_Acid;@CHEMICAL_Pentetic_Acid;chemical;11.0
@CHEMICAL_Phosphatidylethanolamines;@CHEMICAL_Phosphatidylethanolamines;chemical;11.0
@CHEMICAL_Phytochelatins;@CHEMICAL_Phytochelatins;chemical;11.0
@CHEMICAL_Piperazine;@CHEMICAL_Piperazine;chemical;11.0
@CHEMICAL_Poly_A;@CHEMICAL_Poly_A;chemical;11.0
@CHEMICAL_Procainamide;@CHEMICAL_Procainamide;chemical;11.0
@CHEMICAL_Quinoxalines;@CHEMICAL_Quinoxalines;chemical;11.0
@CHEMICAL_Radium_223;@CHEMICAL_Radium_223;chemical;11.0
@CHEMICAL_Rhodamine_123;@CHEMICAL_Rhodamine_123;chemical;11.0
@CHEMICAL_SRT2104;@CHEMICAL_SRT2104;chemical;11.0
@CHEMICAL_S_methylthiocitrulline;@CHEMICAL_S_methylthiocitrulline;chemical;11.0
@CHEMICAL_Silica_Gel;@CHEMICAL_Silica_Gel;chemical;11.0
@CHEMICAL_Silicone_Oils;@CHEMICAL_Silicone_Oils;chemical;11.0
@CHEMICAL_Sodium_Oxybate;@CHEMICAL_Sodium_Oxybate;chemical;11.0
@CHEMICAL_Sofosbuvir;@CHEMICAL_Sofosbuvir;chemical;11.0
@CHEMICAL_Soman;@CHEMICAL_Soman;chemical;11.0
@CHEMICAL_Sotalol;@CHEMICAL_Sotalol;chemical;11.0
@CHEMICAL_Sulfonic_Acids;@CHEMICAL_Sulfonic_Acids;chemical;11.0
@CHEMICAL_Taxoids;@CHEMICAL_Taxoids;chemical;11.0
@CHEMICAL_Tenuazonic_Acid;@CHEMICAL_Tenuazonic_Acid;chemical;11.0
@CHEMICAL_Terbinafine;@CHEMICAL_Terbinafine;chemical;11.0
@CHEMICAL_Thiosemicarbazones;@CHEMICAL_Thiosemicarbazones;chemical;11.0
@CHEMICAL_Timolol;@CHEMICAL_Timolol;chemical;11.0
@CHEMICAL_Topotecan;@CHEMICAL_Topotecan;chemical;11.0
@CHEMICAL_Tranylcypromine;@CHEMICAL_Tranylcypromine;chemical;11.0
@CHEMICAL_Trenbolone_Acetate;@CHEMICAL_Trenbolone_Acetate;chemical;11.0
@CHEMICAL_VP_protocol;@CHEMICAL_VP_protocol;chemical;11.0
@CHEMICAL_Valganciclovir;@CHEMICAL_Valganciclovir;chemical;11.0
@CHEMICAL_Vortioxetine;@CHEMICAL_Vortioxetine;chemical;11.0
@CHEMICAL_YZG_331;@CHEMICAL_YZG_331;chemical;11.0
@CHEMICAL_Zeatin;@CHEMICAL_Zeatin;chemical;11.0
@CHEMICAL_akebia_saponin_D;@CHEMICAL_akebia_saponin_D;chemical;11.0
@CHEMICAL_alpha_carotene;@CHEMICAL_alpha_carotene;chemical;11.0
@CHEMICAL_alpha_curcumene;@CHEMICAL_alpha_curcumene;chemical;11.0
@CHEMICAL_amiridine;@CHEMICAL_amiridine;chemical;11.0
@CHEMICAL_ammonia_borane;@CHEMICAL_ammonia_borane;chemical;11.0
@CHEMICAL_arachidic_acid;@CHEMICAL_arachidic_acid;chemical;11.0
@CHEMICAL_artemetin;@CHEMICAL_artemetin;chemical;11.0
@CHEMICAL_austalide_K;@CHEMICAL_austalide_K;chemical;11.0
@CHEMICAL_avanafil;@CHEMICAL_avanafil;chemical;11.0
@CHEMICAL_avenanthramide_2C;@CHEMICAL_avenanthramide_2C;chemical;11.0
@CHEMICAL_bedaquiline;@CHEMICAL_bedaquiline;chemical;11.0
@CHEMICAL_bosutinib;@CHEMICAL_bosutinib;chemical;11.0
@CHEMICAL_bruceine_A;@CHEMICAL_bruceine_A;chemical;11.0
@CHEMICAL_carbamic_acid;@CHEMICAL_carbamic_acid;chemical;11.0
@CHEMICAL_cotadutide;@CHEMICAL_cotadutide;chemical;11.0
@CHEMICAL_crotalphine;@CHEMICAL_crotalphine;chemical;11.0
@CHEMICAL_cyclo(phenylalanyl_prolyl);@CHEMICAL_cyclo(phenylalanyl_prolyl);chemical;11.0
@CHEMICAL_dacomitinib;@CHEMICAL_dacomitinib;chemical;11.0
@CHEMICAL_demethoxycurcumin;@CHEMICAL_demethoxycurcumin;chemical;11.0
@CHEMICAL_desloratadine;@CHEMICAL_desloratadine;chemical;11.0
@CHEMICAL_deutetrabenazine;@CHEMICAL_deutetrabenazine;chemical;11.0
@CHEMICAL_didecyldimethylammonium;@CHEMICAL_didecyldimethylammonium;chemical;11.0
@CHEMICAL_dimethyl_itaconate;@CHEMICAL_dimethyl_itaconate;chemical;11.0
@CHEMICAL_dofetilide;@CHEMICAL_dofetilide;chemical;11.0
@CHEMICAL_efgartigimod_alfa;@CHEMICAL_efgartigimod_alfa;chemical;11.0
@CHEMICAL_elacestrant;@CHEMICAL_elacestrant;chemical;11.0
@CHEMICAL_eleutheroside_E;@CHEMICAL_eleutheroside_E;chemical;11.0
@CHEMICAL_entinostat;@CHEMICAL_entinostat;chemical;11.0
@CHEMICAL_evolocumab;@CHEMICAL_evolocumab;chemical;11.0
@CHEMICAL_ferric_citrate;@CHEMICAL_ferric_citrate;chemical;11.0
@CHEMICAL_fexofenadine;@CHEMICAL_fexofenadine;chemical;11.0
@CHEMICAL_folfirinox;@CHEMICAL_folfirinox;chemical;11.0
@CHEMICAL_fraxetin;@CHEMICAL_fraxetin;chemical;11.0
@CHEMICAL_galactomannan;@CHEMICAL_galactomannan;chemical;11.0
@CHEMICAL_gamma_terpinene;@CHEMICAL_gamma_terpinene;chemical;11.0
@CHEMICAL_glimepiride;@CHEMICAL_glimepiride;chemical;11.0
@CHEMICAL_glycitein;@CHEMICAL_glycitein;chemical;11.0
@CHEMICAL_glycyl_prolyl_glutamic_acid;@CHEMICAL_glycyl_prolyl_glutamic_acid;chemical;11.0
@CHEMICAL_grandiamide_D;@CHEMICAL_grandiamide_D;chemical;11.0
@CHEMICAL_hordenine;@CHEMICAL_hordenine;chemical;11.0
@CHEMICAL_huperzine_A;@CHEMICAL_huperzine_A;chemical;11.0
@CHEMICAL_idelalisib;@CHEMICAL_idelalisib;chemical;11.0
@CHEMICAL_isoamyl_acetate;@CHEMICAL_isoamyl_acetate;chemical;11.0
@CHEMICAL_isofraxidin;@CHEMICAL_isofraxidin;chemical;11.0
@CHEMICAL_isonicotinamide;@CHEMICAL_isonicotinamide;chemical;11.0
@CHEMICAL_isovaleryl_coenzyme_A;@CHEMICAL_isovaleryl_coenzyme_A;chemical;11.0
@CHEMICAL_kalkitoxin;@CHEMICAL_kalkitoxin;chemical;11.0
@CHEMICAL_lilial;@CHEMICAL_lilial;chemical;11.0
@CHEMICAL_lysionotin;@CHEMICAL_lysionotin;chemical;11.0
@CHEMICAL_molybdenum_dioxide;@CHEMICAL_molybdenum_dioxide;chemical;11.0
@CHEMICAL_monoisoamyl_2_3_dimercaptosuccinate;@CHEMICAL_monoisoamyl_2_3_dimercaptosuccinate;chemical;11.0
@CHEMICAL_nonane;@CHEMICAL_nonane;chemical;11.0
@CHEMICAL_norisoboldine;@CHEMICAL_norisoboldine;chemical;11.0
@CHEMICAL_perilla_seed_oil;@CHEMICAL_perilla_seed_oil;chemical;11.0
@CHEMICAL_polygalacturonic_acid;@CHEMICAL_polygalacturonic_acid;chemical;11.0
@CHEMICAL_poncirin;@CHEMICAL_poncirin;chemical;11.0
@CHEMICAL_pontamine_sky_blue;@CHEMICAL_pontamine_sky_blue;chemical;11.0
@CHEMICAL_prednisolone_acetate;@CHEMICAL_prednisolone_acetate;chemical;11.0
@CHEMICAL_pregnanediol_3_alpha_glucuronide;@CHEMICAL_pregnanediol_3_alpha_glucuronide;chemical;11.0
@CHEMICAL_propylparaben;@CHEMICAL_propylparaben;chemical;11.0
@CHEMICAL_psicose;@CHEMICAL_psicose;chemical;11.0
@CHEMICAL_punicalagin;@CHEMICAL_punicalagin;chemical;11.0
@CHEMICAL_pyridazine;@CHEMICAL_pyridazine;chemical;11.0
@CHEMICAL_rebaudioside_A;@CHEMICAL_rebaudioside_A;chemical;11.0
@CHEMICAL_resolvin_D1;@CHEMICAL_resolvin_D1;chemical;11.0
@CHEMICAL_rhamnazin;@CHEMICAL_rhamnazin;chemical;11.0
@CHEMICAL_sephadex;@CHEMICAL_sephadex;chemical;11.0
@CHEMICAL_sinbaglustat;@CHEMICAL_sinbaglustat;chemical;11.0
@CHEMICAL_sodium_polymetaphosphate;@CHEMICAL_sodium_polymetaphosphate;chemical;11.0
@CHEMICAL_sphingosyl_beta_glucoside;@CHEMICAL_sphingosyl_beta_glucoside;chemical;11.0
@CHEMICAL_succinic_anhydride;@CHEMICAL_succinic_anhydride;chemical;11.0
@CHEMICAL_succinyl_coenzyme_A;@CHEMICAL_succinyl_coenzyme_A;chemical;11.0
@CHEMICAL_sudachitin;@CHEMICAL_sudachitin;chemical;11.0
@CHEMICAL_sulcotrione;@CHEMICAL_sulcotrione;chemical;11.0
@CHEMICAL_triacetyl_3_hydroxyphenyladenosine;@CHEMICAL_triacetyl_3_hydroxyphenyladenosine;chemical;11.0
@CHEMICAL_trichostatin_A;@CHEMICAL_trichostatin_A;chemical;11.0
@CHEMICAL_trimethyllysine;@CHEMICAL_trimethyllysine;chemical;11.0
@CHEMICAL_vandetanib;@CHEMICAL_vandetanib;chemical;11.0
@CHEMICAL_vexibinol;@CHEMICAL_vexibinol;chemical;11.0
@CHEMICAL_vosaroxin;@CHEMICAL_vosaroxin;chemical;11.0
@CHEMICAL_withaferin_A;@CHEMICAL_withaferin_A;chemical;11.0
@CHEMICAL_11_dehydrocorticosterone;@CHEMICAL_11_dehydrocorticosterone;chemical;10.0
@CHEMICAL_1_4_7_10_tetraazacyclododecane__1_4_7_10_tetraacetic_acid;@CHEMICAL_1_4_7_10_tetraazacyclododecane__1_4_7_10_tetraacetic_acid;chemical;10.0
@CHEMICAL_1_4_butanediol;@CHEMICAL_1_4_butanediol;chemical;10.0
@CHEMICAL_1_7_bis(4_hydroxyphenyl)_4_N_phenylaminocarbonylhepta_1_6_dien_3_5_dione;@CHEMICAL_1_7_bis(4_hydroxyphenyl)_4_N_phenylaminocarbonylhepta_1_6_dien_3_5_dione;chemical;10.0
@CHEMICAL_2_(1_(5_(cyclohexylcarbamoyl)_6_propylsulfanylpyridin_2_yl)_3_piperidyl)acetic_acid;@CHEMICAL_2_(1_(5_(cyclohexylcarbamoyl)_6_propylsulfanylpyridin_2_yl)_3_piperidyl)acetic_acid;chemical;10.0
@CHEMICAL_2_(2_(2_chloro_3_((1_3_dihydro_3_3_dimethyl_1_propyl_2H_indol_2_ylidene)ethylidene)_1_cyclohexen_1_yl)ethenyl)_3_3_dimethyl_1_propylindolium;@CHEMICAL_2_(2_(2_chloro_3_((1_3_dihydro_3_3_dimethyl_1_propyl_2H_indol_2_ylidene)ethylidene)_1_cyclohexen_1_yl)ethenyl)_3_3_dimethyl_1_propylindolium;chemical;10.0
@CHEMICAL_2_(6_(2_carboxyvinyl)_2_3_dihydroxyphenyl)_3_(3_4_dihydroxyphenyl)acrylic_acid;@CHEMICAL_2_(6_(2_carboxyvinyl)_2_3_dihydroxyphenyl)_3_(3_4_dihydroxyphenyl)acrylic_acid;chemical;10.0
@CHEMICAL_2_2_2_trichloroethanol;@CHEMICAL_2_2_2_trichloroethanol;chemical;10.0
@CHEMICAL_2_2_bis(4_glycidyloxyphenyl)propane;@CHEMICAL_2_2_bis(4_glycidyloxyphenyl)propane;chemical;10.0
@CHEMICAL_2_6_dimethoxy_1_4_benzoquinone;@CHEMICAL_2_6_dimethoxy_1_4_benzoquinone;chemical;10.0
@CHEMICAL_2_amino_3_8_dimethylimidazo(4_5_f)quinoxaline;@CHEMICAL_2_amino_3_8_dimethylimidazo(4_5_f)quinoxaline;chemical;10.0
@CHEMICAL_2_cyclohexylidenhydrazo_4_phenyl_thiazole;@CHEMICAL_2_cyclohexylidenhydrazo_4_phenyl_thiazole;chemical;10.0
@CHEMICAL_2_methyl_1_4_hydroquinone;@CHEMICAL_2_methyl_1_4_hydroquinone;chemical;10.0
@CHEMICAL_3_3'_4_5'_tetrahydroxystilbene;@CHEMICAL_3_3'_4_5'_tetrahydroxystilbene;chemical;10.0
@CHEMICAL_4_4'_Diisothiocyanostilbene_2_2'_Disulfonic_Acid;@CHEMICAL_4_4'_Diisothiocyanostilbene_2_2'_Disulfonic_Acid;chemical;10.0
@CHEMICAL_4_4_difluoro_4_bora_3a_4a_diaza_s_indacene;@CHEMICAL_4_4_difluoro_4_bora_3a_4a_diaza_s_indacene;chemical;10.0
@CHEMICAL_5_((2_6_dichlorobenzyl)sulfonyl)_3_((3_5_dimethyl_4_((2_(pyrrolidin_1_ylmethyl)pyrrolidin_1_yl)carbonyl)_1H_pyrrol_2_yl)methylene)_1_3_dihydro_2H_indol_2_one;@CHEMICAL_5_((2_6_dichlorobenzyl)sulfonyl)_3_((3_5_dimethyl_4_((2_(pyrrolidin_1_ylmethyl)pyrrolidin_1_yl)carbonyl)_1H_pyrrol_2_yl)methylene)_1_3_dihydro_2H_indol_2_one;chemical;10.0
@CHEMICAL_5_5_dimethyl_1_pyrroline_1_oxide;@CHEMICAL_5_5_dimethyl_1_pyrroline_1_oxide;chemical;10.0
@CHEMICAL_6_O_palmitoylascorbic_acid;@CHEMICAL_6_O_palmitoylascorbic_acid;chemical;10.0
@CHEMICAL_7_chloro_4_(phenylselanyl)_quinoline;@CHEMICAL_7_chloro_4_(phenylselanyl)_quinoline;chemical;10.0
@CHEMICAL_8_methylene_tert_butylamine_3'_5_7_trihydroxy_4'_methoxyflavanone;@CHEMICAL_8_methylene_tert_butylamine_3'_5_7_trihydroxy_4'_methoxyflavanone;chemical;10.0
@CHEMICAL_AS03_adjuvant;@CHEMICAL_AS03_adjuvant;chemical;10.0
@CHEMICAL_AZD_8931;@CHEMICAL_AZD_8931;chemical;10.0
@CHEMICAL_Amino_Sugars;@CHEMICAL_Amino_Sugars;chemical;10.0
@CHEMICAL_Aminosalicylic_Acid;@CHEMICAL_Aminosalicylic_Acid;chemical;10.0
@CHEMICAL_Androsterone;@CHEMICAL_Androsterone;chemical;10.0
@CHEMICAL_Anthralin;@CHEMICAL_Anthralin;chemical;10.0
@CHEMICAL_Bimatoprost;@CHEMICAL_Bimatoprost;chemical;10.0
@CHEMICAL_Calcium_Fluoride;@CHEMICAL_Calcium_Fluoride;chemical;10.0
@CHEMICAL_Chlorpheniramine;@CHEMICAL_Chlorpheniramine;chemical;10.0
@CHEMICAL_Chlorthalidone;@CHEMICAL_Chlorthalidone;chemical;10.0
@CHEMICAL_Cholestyramine_Resin;@CHEMICAL_Cholestyramine_Resin;chemical;10.0
@CHEMICAL_Cloxacillin;@CHEMICAL_Cloxacillin;chemical;10.0
@CHEMICAL_Cottonseed_Oil;@CHEMICAL_Cottonseed_Oil;chemical;10.0
@CHEMICAL_Cyanogen_Bromide;@CHEMICAL_Cyanogen_Bromide;chemical;10.0
@CHEMICAL_Cyproterone_Acetate;@CHEMICAL_Cyproterone_Acetate;chemical;10.0
@CHEMICAL_DOM_2_5_Dimethoxy_4_Methylamphetamine;@CHEMICAL_DOM_2_5_Dimethoxy_4_Methylamphetamine;chemical;10.0
@CHEMICAL_Demeclocycline;@CHEMICAL_Demeclocycline;chemical;10.0
@CHEMICAL_Diketopiperazines;@CHEMICAL_Diketopiperazines;chemical;10.0
@CHEMICAL_Dimyristoylphosphatidylcholine;@CHEMICAL_Dimyristoylphosphatidylcholine;chemical;10.0
@CHEMICAL_E_7386;@CHEMICAL_E_7386;chemical;10.0
@CHEMICAL_Emetine;@CHEMICAL_Emetine;chemical;10.0
@CHEMICAL_Ergocalciferols;@CHEMICAL_Ergocalciferols;chemical;10.0
@CHEMICAL_Erythritol;@CHEMICAL_Erythritol;chemical;10.0
@CHEMICAL_Ethidium;@CHEMICAL_Ethidium;chemical;10.0
@CHEMICAL_FR_167653;@CHEMICAL_FR_167653;chemical;10.0
@CHEMICAL_Famotidine;@CHEMICAL_Famotidine;chemical;10.0
@CHEMICAL_Flurbiprofen;@CHEMICAL_Flurbiprofen;chemical;10.0
@CHEMICAL_GSK2636771;@CHEMICAL_GSK2636771;chemical;10.0
@CHEMICAL_Glycerides;@CHEMICAL_Glycerides;chemical;10.0
@CHEMICAL_Glycosylphosphatidylinositols;@CHEMICAL_Glycosylphosphatidylinositols;chemical;10.0
@CHEMICAL_Guanfacine;@CHEMICAL_Guanfacine;chemical;10.0
@CHEMICAL_HET0016;@CHEMICAL_HET0016;chemical;10.0
@CHEMICAL_Halcinonide;@CHEMICAL_Halcinonide;chemical;10.0
@CHEMICAL_Human_Growth_Hormone;@CHEMICAL_Human_Growth_Hormone;chemical;10.0
@CHEMICAL_Hydrogen_Cyanide;@CHEMICAL_Hydrogen_Cyanide;chemical;10.0
@CHEMICAL_Hydromorphone;@CHEMICAL_Hydromorphone;chemical;10.0
@CHEMICAL_Hydroquinones;@CHEMICAL_Hydroquinones;chemical;10.0
@CHEMICAL_Indazoles;@CHEMICAL_Indazoles;chemical;10.0
@CHEMICAL_Iridoids;@CHEMICAL_Iridoids;chemical;10.0
@CHEMICAL_JHU083;@CHEMICAL_JHU083;chemical;10.0
@CHEMICAL_KBU2046;@CHEMICAL_KBU2046;chemical;10.0
@CHEMICAL_Keto_Acids;@CHEMICAL_Keto_Acids;chemical;10.0
@CHEMICAL_Ketotifen;@CHEMICAL_Ketotifen;chemical;10.0
@CHEMICAL_Kinetin;@CHEMICAL_Kinetin;chemical;10.0
@CHEMICAL_Lobeline;@CHEMICAL_Lobeline;chemical;10.0
@CHEMICAL_Lopinavir;@CHEMICAL_Lopinavir;chemical;10.0
@CHEMICAL_Mannans;@CHEMICAL_Mannans;chemical;10.0
@CHEMICAL_Methionine_Sulfoximine;@CHEMICAL_Methionine_Sulfoximine;chemical;10.0
@CHEMICAL_Monobactams;@CHEMICAL_Monobactams;chemical;10.0
@CHEMICAL_Morpholinos;@CHEMICAL_Morpholinos;chemical;10.0
@CHEMICAL_ND_630;@CHEMICAL_ND_630;chemical;10.0
@CHEMICAL_N_(2_amino_5_fluorobenzyl)_4_(N_(pyridine_3_acrylyl)aminomethyl)benzamide;@CHEMICAL_N_(2_amino_5_fluorobenzyl)_4_(N_(pyridine_3_acrylyl)aminomethyl)benzamide;chemical;10.0
@CHEMICAL_N_(2_cyclohexyloxy_4_nitrophenyl)methanesulfonamide;@CHEMICAL_N_(2_cyclohexyloxy_4_nitrophenyl)methanesulfonamide;chemical;10.0
@CHEMICAL_N_N_dimethyl_4_anisidine;@CHEMICAL_N_N_dimethyl_4_anisidine;chemical;10.0
@CHEMICAL_N_myristoyl_alaninol;@CHEMICAL_N_myristoyl_alaninol;chemical;10.0
@CHEMICAL_Nitrous_Acid;@CHEMICAL_Nitrous_Acid;chemical;10.0
@CHEMICAL_Novobiocin;@CHEMICAL_Novobiocin;chemical;10.0
@CHEMICAL_Organic_Chemicals;@CHEMICAL_Organic_Chemicals;chemical;10.0
@CHEMICAL_P_2;@CHEMICAL_P_2;chemical;10.0
@CHEMICAL_Paliperidone_Palmitate;@CHEMICAL_Paliperidone_Palmitate;chemical;10.0
@CHEMICAL_Penicillin_V;@CHEMICAL_Penicillin_V;chemical;10.0
@CHEMICAL_Permethrin;@CHEMICAL_Permethrin;chemical;10.0
@CHEMICAL_Phenylthiourea;@CHEMICAL_Phenylthiourea;chemical;10.0
@CHEMICAL_Poly_Adenosine_Diphosphate_Ribose;@CHEMICAL_Poly_Adenosine_Diphosphate_Ribose;chemical;10.0
@CHEMICAL_Prasugrel_Hydrochloride;@CHEMICAL_Prasugrel_Hydrochloride;chemical;10.0
@CHEMICAL_Pregnanolone;@CHEMICAL_Pregnanolone;chemical;10.0
@CHEMICAL_Propyl_Gallate;@CHEMICAL_Propyl_Gallate;chemical;10.0
@CHEMICAL_Quinazolinones;@CHEMICAL_Quinazolinones;chemical;10.0
@CHEMICAL_SB_3CT_compound;@CHEMICAL_SB_3CT_compound;chemical;10.0
@CHEMICAL_SHP099;@CHEMICAL_SHP099;chemical;10.0
@CHEMICAL_SNF472;@CHEMICAL_SNF472;chemical;10.0
@CHEMICAL_Semaxinib;@CHEMICAL_Semaxinib;chemical;10.0
@CHEMICAL_Sodium_Azide;@CHEMICAL_Sodium_Azide;chemical;10.0
@CHEMICAL_Sodium_Tetradecyl_Sulfate;@CHEMICAL_Sodium_Tetradecyl_Sulfate;chemical;10.0
@CHEMICAL_Sorbic_Acid;@CHEMICAL_Sorbic_Acid;chemical;10.0
@CHEMICAL_Squalene;@CHEMICAL_Squalene;chemical;10.0
@CHEMICAL_Sucralfate;@CHEMICAL_Sucralfate;chemical;10.0
@CHEMICAL_Sudan_Black_B;@CHEMICAL_Sudan_Black_B;chemical;10.0
@CHEMICAL_Sugammadex;@CHEMICAL_Sugammadex;chemical;10.0
@CHEMICAL_Sulindac;@CHEMICAL_Sulindac;chemical;10.0
@CHEMICAL_Swainsonine;@CHEMICAL_Swainsonine;chemical;10.0
@CHEMICAL_TH_302;@CHEMICAL_TH_302;chemical;10.0
@CHEMICAL_T_muurolol;@CHEMICAL_T_muurolol;chemical;10.0
@CHEMICAL_Tiopronin;@CHEMICAL_Tiopronin;chemical;10.0
@CHEMICAL_Tolvaptan;@CHEMICAL_Tolvaptan;chemical;10.0
@CHEMICAL_Triclabendazole;@CHEMICAL_Triclabendazole;chemical;10.0
@CHEMICAL_Uridine_Diphosphate_Glucose;@CHEMICAL_Uridine_Diphosphate_Glucose;chemical;10.0
@CHEMICAL_Xylitol;@CHEMICAL_Xylitol;chemical;10.0
@CHEMICAL_Y_27632;@CHEMICAL_Y_27632;chemical;10.0
@CHEMICAL_adipic_acid;@CHEMICAL_adipic_acid;chemical;10.0
@CHEMICAL_aegeline;@CHEMICAL_aegeline;chemical;10.0
@CHEMICAL_alantolactone;@CHEMICAL_alantolactone;chemical;10.0
@CHEMICAL_alpha_Chlorohydrin;@CHEMICAL_alpha_Chlorohydrin;chemical;10.0
@CHEMICAL_amarogentin;@CHEMICAL_amarogentin;chemical;10.0
@CHEMICAL_ammonium_peroxydisulfate;@CHEMICAL_ammonium_peroxydisulfate;chemical;10.0
@CHEMICAL_ar_turmerone;@CHEMICAL_ar_turmerone;chemical;10.0
@CHEMICAL_artemisitene;@CHEMICAL_artemisitene;chemical;10.0
@CHEMICAL_atractylodin;@CHEMICAL_atractylodin;chemical;10.0
@CHEMICAL_aumolertinib;@CHEMICAL_aumolertinib;chemical;10.0
@CHEMICAL_aurantio_obtusin;@CHEMICAL_aurantio_obtusin;chemical;10.0
@CHEMICAL_azodicarbonamide;@CHEMICAL_azodicarbonamide;chemical;10.0
@CHEMICAL_bakuchiol;@CHEMICAL_bakuchiol;chemical;10.0
@CHEMICAL_benzyltetrahydropalmatine;@CHEMICAL_benzyltetrahydropalmatine;chemical;10.0
@CHEMICAL_beta_Cyclodextrins;@CHEMICAL_beta_Cyclodextrins;chemical;10.0
@CHEMICAL_beta_thujone;@CHEMICAL_beta_thujone;chemical;10.0
@CHEMICAL_betanin;@CHEMICAL_betanin;chemical;10.0
@CHEMICAL_bionole;@CHEMICAL_bionole;chemical;10.0
@CHEMICAL_bisabosqual_A;@CHEMICAL_bisabosqual_A;chemical;10.0
@CHEMICAL_brucine;@CHEMICAL_brucine;chemical;10.0
@CHEMICAL_bucillamine;@CHEMICAL_bucillamine;chemical;10.0
@CHEMICAL_bufogenin;@CHEMICAL_bufogenin;chemical;10.0
@CHEMICAL_bulleyaconitine_A;@CHEMICAL_bulleyaconitine_A;chemical;10.0
@CHEMICAL_candesartan;@CHEMICAL_candesartan;chemical;10.0
@CHEMICAL_carbazole;@CHEMICAL_carbazole;chemical;10.0
@CHEMICAL_cardamonin;@CHEMICAL_cardamonin;chemical;10.0
@CHEMICAL_cedrol;@CHEMICAL_cedrol;chemical;10.0
@CHEMICAL_cemiplimab;@CHEMICAL_cemiplimab;chemical;10.0
@CHEMICAL_ceralasertib;@CHEMICAL_ceralasertib;chemical;10.0
@CHEMICAL_chebulagic_acid;@CHEMICAL_chebulagic_acid;chemical;10.0
@CHEMICAL_chiglitazar;@CHEMICAL_chiglitazar;chemical;10.0
@CHEMICAL_chlorite;@CHEMICAL_chlorite;chemical;10.0
@CHEMICAL_cimifugin;@CHEMICAL_cimifugin;chemical;10.0
@CHEMICAL_colloidal_silver;@CHEMICAL_colloidal_silver;chemical;10.0
@CHEMICAL_cubenol;@CHEMICAL_cubenol;chemical;10.0
@CHEMICAL_cucurbit(8)uril;@CHEMICAL_cucurbit(8)uril;chemical;10.0
@CHEMICAL_cupric_chloride;@CHEMICAL_cupric_chloride;chemical;10.0
@CHEMICAL_cyclic_arginine_glycine_aspartic_acid_peptide;@CHEMICAL_cyclic_arginine_glycine_aspartic_acid_peptide;chemical;10.0
@CHEMICAL_dibenzoylmethane;@CHEMICAL_dibenzoylmethane;chemical;10.0
@CHEMICAL_dihydrodibutylstilbestrol;@CHEMICAL_dihydrodibutylstilbestrol;chemical;10.0
@CHEMICAL_diisodecyl_phthalate;@CHEMICAL_diisodecyl_phthalate;chemical;10.0
@CHEMICAL_dimethyl_phthalate;@CHEMICAL_dimethyl_phthalate;chemical;10.0
@CHEMICAL_diphthamide;@CHEMICAL_diphthamide;chemical;10.0
@CHEMICAL_dubermatinib;@CHEMICAL_dubermatinib;chemical;10.0
@CHEMICAL_estradiol_17_beta_glucuronide;@CHEMICAL_estradiol_17_beta_glucuronide;chemical;10.0
@CHEMICAL_etelcalcetide_hydrochloride;@CHEMICAL_etelcalcetide_hydrochloride;chemical;10.0
@CHEMICAL_eurycomanone;@CHEMICAL_eurycomanone;chemical;10.0
@CHEMICAL_evening_primrose_oil;@CHEMICAL_evening_primrose_oil;chemical;10.0
@CHEMICAL_exophthalmos_producing_substance;@CHEMICAL_exophthalmos_producing_substance;chemical;10.0
@CHEMICAL_fargesin;@CHEMICAL_fargesin;chemical;10.0
@CHEMICAL_farnesylthiosalicylic_acid;@CHEMICAL_farnesylthiosalicylic_acid;chemical;10.0
@CHEMICAL_ferrous_oxide;@CHEMICAL_ferrous_oxide;chemical;10.0
@CHEMICAL_formosanin_C;@CHEMICAL_formosanin_C;chemical;10.0
@CHEMICAL_galaxolide;@CHEMICAL_galaxolide;chemical;10.0
@CHEMICAL_gemcitabine_oxaliplatin_regimen;@CHEMICAL_gemcitabine_oxaliplatin_regimen;chemical;10.0
@CHEMICAL_ginkgetin;@CHEMICAL_ginkgetin;chemical;10.0
@CHEMICAL_ginkgolic_acid;@CHEMICAL_ginkgolic_acid;chemical;10.0
@CHEMICAL_glucose_tetrasaccharide;@CHEMICAL_glucose_tetrasaccharide;chemical;10.0
@CHEMICAL_glycylleucine;@CHEMICAL_glycylleucine;chemical;10.0
@CHEMICAL_hesperetin_7_3'_O_dimethylether;@CHEMICAL_hesperetin_7_3'_O_dimethylether;chemical;10.0
@CHEMICAL_hexachloro_4_xylene;@CHEMICAL_hexachloro_4_xylene;chemical;10.0
@CHEMICAL_hibifolin;@CHEMICAL_hibifolin;chemical;10.0
@CHEMICAL_hydroxyethyl_methacrylate;@CHEMICAL_hydroxyethyl_methacrylate;chemical;10.0
@CHEMICAL_iberiotoxin;@CHEMICAL_iberiotoxin;chemical;10.0
@CHEMICAL_illite;@CHEMICAL_illite;chemical;10.0
@CHEMICAL_indium_tin_oxide;@CHEMICAL_indium_tin_oxide;chemical;10.0
@CHEMICAL_indobufen;@CHEMICAL_indobufen;chemical;10.0
@CHEMICAL_indole_3_carbinol;@CHEMICAL_indole_3_carbinol;chemical;10.0
@CHEMICAL_ipatasertib;@CHEMICAL_ipatasertib;chemical;10.0
@CHEMICAL_irilin_D;@CHEMICAL_irilin_D;chemical;10.0
@CHEMICAL_isoginkgetin;@CHEMICAL_isoginkgetin;chemical;10.0
@CHEMICAL_kosinostatin;@CHEMICAL_kosinostatin;chemical;10.0
@CHEMICAL_lathosterol;@CHEMICAL_lathosterol;chemical;10.0
@CHEMICAL_lycorine;@CHEMICAL_lycorine;chemical;10.0
@CHEMICAL_methylmercaptan;@CHEMICAL_methylmercaptan;chemical;10.0
@CHEMICAL_methylselenic_acid;@CHEMICAL_methylselenic_acid;chemical;10.0
@CHEMICAL_micheliolide;@CHEMICAL_micheliolide;chemical;10.0
@CHEMICAL_migalastat;@CHEMICAL_migalastat;chemical;10.0
@CHEMICAL_mirodenafil;@CHEMICAL_mirodenafil;chemical;10.0
@CHEMICAL_monascuspiloin;@CHEMICAL_monascuspiloin;chemical;10.0
@CHEMICAL_mono_benzyl_phthalate;@CHEMICAL_mono_benzyl_phthalate;chemical;10.0
@CHEMICAL_moracin_C;@CHEMICAL_moracin_C;chemical;10.0
@CHEMICAL_ocrelizumab;@CHEMICAL_ocrelizumab;chemical;10.0
@CHEMICAL_oenin;@CHEMICAL_oenin;chemical;10.0
@CHEMICAL_olverembatinib;@CHEMICAL_olverembatinib;chemical;10.0
@CHEMICAL_omipalisib;@CHEMICAL_omipalisib;chemical;10.0
@CHEMICAL_opicapone;@CHEMICAL_opicapone;chemical;10.0
@CHEMICAL_ornithine_alpha_ketoglutarate;@CHEMICAL_ornithine_alpha_ketoglutarate;chemical;10.0
@CHEMICAL_perfluorosulfonic_acid;@CHEMICAL_perfluorosulfonic_acid;chemical;10.0
@CHEMICAL_phosphatidylethanol;@CHEMICAL_phosphatidylethanol;chemical;10.0
@CHEMICAL_phosphine;@CHEMICAL_phosphine;chemical;10.0
@CHEMICAL_phytobacteriomycin;@CHEMICAL_phytobacteriomycin;chemical;10.0
@CHEMICAL_pinocembrin;@CHEMICAL_pinocembrin;chemical;10.0
@CHEMICAL_polihexanide;@CHEMICAL_polihexanide;chemical;10.0
@CHEMICAL_poly(3_4_ethylene_dioxythiophene);@CHEMICAL_poly(3_4_ethylene_dioxythiophene);chemical;10.0
@CHEMICAL_polyether_sulfone;@CHEMICAL_polyether_sulfone;chemical;10.0
@CHEMICAL_potassium_bicarbonate;@CHEMICAL_potassium_bicarbonate;chemical;10.0
@CHEMICAL_prunin;@CHEMICAL_prunin;chemical;10.0
@CHEMICAL_pyrimidin_2_one_beta_ribofuranoside;@CHEMICAL_pyrimidin_2_one_beta_ribofuranoside;chemical;10.0
@CHEMICAL_pyrithione_zinc;@CHEMICAL_pyrithione_zinc;chemical;10.0
@CHEMICAL_queuine;@CHEMICAL_queuine;chemical;10.0
@CHEMICAL_quinone_methide;@CHEMICAL_quinone_methide;chemical;10.0
@CHEMICAL_resolvin_D2;@CHEMICAL_resolvin_D2;chemical;10.0
@CHEMICAL_resolvin_D5;@CHEMICAL_resolvin_D5;chemical;10.0
@CHEMICAL_saccharolactone;@CHEMICAL_saccharolactone;chemical;10.0
@CHEMICAL_safranine_T;@CHEMICAL_safranine_T;chemical;10.0
@CHEMICAL_saracatinib;@CHEMICAL_saracatinib;chemical;10.0
@CHEMICAL_silicon_nitride;@CHEMICAL_silicon_nitride;chemical;10.0
@CHEMICAL_sinapyl_alcohol;@CHEMICAL_sinapyl_alcohol;chemical;10.0
@CHEMICAL_suberic_acid;@CHEMICAL_suberic_acid;chemical;10.0
@CHEMICAL_succinyl_trialanine_4_nitroanilide;@CHEMICAL_succinyl_trialanine_4_nitroanilide;chemical;10.0
@CHEMICAL_sulfonyl_chloride;@CHEMICAL_sulfonyl_chloride;chemical;10.0
@CHEMICAL_swarnabhasma;@CHEMICAL_swarnabhasma;chemical;10.0
@CHEMICAL_tetrabutylammonium;@CHEMICAL_tetrabutylammonium;chemical;10.0
@CHEMICAL_tetraphenylporphine_sulfonate;@CHEMICAL_tetraphenylporphine_sulfonate;chemical;10.0
@CHEMICAL_tivozanib;@CHEMICAL_tivozanib;chemical;10.0
@CHEMICAL_tribendimidine;@CHEMICAL_tribendimidine;chemical;10.0
@CHEMICAL_trifarotene;@CHEMICAL_trifarotene;chemical;10.0
@CHEMICAL_triphenyltin;@CHEMICAL_triphenyltin;chemical;10.0
@CHEMICAL_tris(2_butoxyethyl)_phosphate;@CHEMICAL_tris(2_butoxyethyl)_phosphate;chemical;10.0
@CHEMICAL_valbenazine;@CHEMICAL_valbenazine;chemical;10.0
@CHEMICAL_vitisin_A;@CHEMICAL_vitisin_A;chemical;10.0
@CHEMICAL_wedelolactone;@CHEMICAL_wedelolactone;chemical;10.0
@CHEMICAL_zinc_hyaluronate_complex;@CHEMICAL_zinc_hyaluronate_complex;chemical;10.0
@CHEMICAL_(all_E)_phytoene;@CHEMICAL_(all_E)_phytoene;chemical;9.0
@CHEMICAL_11_(2_pyrrolidin_1_ylethoxy)_14_19_dioxa_5_7_26_triazatetracyclo(19.3.1.1(2_6).1(8_12))heptacosa_1(25)_2(26)_3_5_8_10_12(27)_16_21_23_decaene;@CHEMICAL_11_(2_pyrrolidin_1_ylethoxy)_14_19_dioxa_5_7_26_triazatetracyclo(19.3.1.1(2_6).1(8_12))heptacosa_1(25)_2(26)_3_5_8_10_12(27)_16_21_23_decaene;chemical;9.0
@CHEMICAL_13_acetoxysarcocrassolide;@CHEMICAL_13_acetoxysarcocrassolide;chemical;9.0
@CHEMICAL_17_alpha_Hydroxypregnenolone;@CHEMICAL_17_alpha_Hydroxypregnenolone;chemical;9.0
@CHEMICAL_1_5_anhydroglucitol;@CHEMICAL_1_5_anhydroglucitol;chemical;9.0
@CHEMICAL_1_deamino_1_hydroxyxylostasin;@CHEMICAL_1_deamino_1_hydroxyxylostasin;chemical;9.0
@CHEMICAL_1_methylhistidine;@CHEMICAL_1_methylhistidine;chemical;9.0
@CHEMICAL_1_octen_3_ol;@CHEMICAL_1_octen_3_ol;chemical;9.0
@CHEMICAL_2'_7'_dichlorofluorescein;@CHEMICAL_2'_7'_dichlorofluorescein;chemical;9.0
@CHEMICAL_2_2'_Dipyridyl;@CHEMICAL_2_2'_Dipyridyl;chemical;9.0
@CHEMICAL_2_3_5_4'_tetrahydroxystilbene_2_O_glucopyranoside;@CHEMICAL_2_3_5_4'_tetrahydroxystilbene_2_O_glucopyranoside;chemical;9.0
@CHEMICAL_2_3_7_8_tetrachlorodibenzofuran;@CHEMICAL_2_3_7_8_tetrachlorodibenzofuran;chemical;9.0
@CHEMICAL_2_4_6_trichlorophenyl_4_nitrophenyl_ether;@CHEMICAL_2_4_6_trichlorophenyl_4_nitrophenyl_ether;chemical;9.0
@CHEMICAL_2_4_di_tert_butylphenol;@CHEMICAL_2_4_di_tert_butylphenol;chemical;9.0
@CHEMICAL_2_4_dichlorophenol;@CHEMICAL_2_4_dichlorophenol;chemical;9.0
@CHEMICAL_2_8_dihydroxyadenine;@CHEMICAL_2_8_dihydroxyadenine;chemical;9.0
@CHEMICAL_2_amino_3_(4'_N_N_bis(2_chloroethyl)amino)phenylpropionic_acid_N_oxide;@CHEMICAL_2_amino_3_(4'_N_N_bis(2_chloroethyl)amino)phenylpropionic_acid_N_oxide;chemical;9.0
@CHEMICAL_2_chloroethyl_ethyl_sulfide;@CHEMICAL_2_chloroethyl_ethyl_sulfide;chemical;9.0
@CHEMICAL_2_hydroxy_1_4_benzoquinone;@CHEMICAL_2_hydroxy_1_4_benzoquinone;chemical;9.0
@CHEMICAL_2_hydroxybutyric_acid;@CHEMICAL_2_hydroxybutyric_acid;chemical;9.0
@CHEMICAL_2_hydroxyestradiol;@CHEMICAL_2_hydroxyestradiol;chemical;9.0
@CHEMICAL_2_naphthol;@CHEMICAL_2_naphthol;chemical;9.0
@CHEMICAL_2_pentylfuran;@CHEMICAL_2_pentylfuran;chemical;9.0
@CHEMICAL_3_(carbamoylamino)_5_(3_fluorophenyl)_N_(3_piperidyl)thiophene_2_carboxamide;@CHEMICAL_3_(carbamoylamino)_5_(3_fluorophenyl)_N_(3_piperidyl)thiophene_2_carboxamide;chemical;9.0
@CHEMICAL_3_(indol_3_yl)propionic_acid;@CHEMICAL_3_(indol_3_yl)propionic_acid;chemical;9.0
@CHEMICAL_3_(methylamino)_2_((methylamino)methyl)propane_1_thiol;@CHEMICAL_3_(methylamino)_2_((methylamino)methyl)propane_1_thiol;chemical;9.0
@CHEMICAL_3_3_dimethylallyl_pyrophosphate;@CHEMICAL_3_3_dimethylallyl_pyrophosphate;chemical;9.0
@CHEMICAL_3_5_di_tert_butyl_4_hydroxybenzoic_acid;@CHEMICAL_3_5_di_tert_butyl_4_hydroxybenzoic_acid;chemical;9.0
@CHEMICAL_3_aminobutyric_acid;@CHEMICAL_3_aminobutyric_acid;chemical;9.0
@CHEMICAL_4_(1_(4_hydroxyphenyl)_2_phenylbuten_1_yl)phenoxy_n_butyric_acid;@CHEMICAL_4_(1_(4_hydroxyphenyl)_2_phenylbuten_1_yl)phenoxy_n_butyric_acid;chemical;9.0
@CHEMICAL_4_amino_5_fluoro_3_(5_(4_methylpiperazin_1_yl)_1H_benzimidazol_2_yl)quinolin_2(1H)_one;@CHEMICAL_4_amino_5_fluoro_3_(5_(4_methylpiperazin_1_yl)_1H_benzimidazol_2_yl)quinolin_2(1H)_one;chemical;9.0
@CHEMICAL_4_boronophenylalanine;@CHEMICAL_4_boronophenylalanine;chemical;9.0
@CHEMICAL_4_hydroxybutyric_acid;@CHEMICAL_4_hydroxybutyric_acid;chemical;9.0
@CHEMICAL_4_hydroxyestradiol;@CHEMICAL_4_hydroxyestradiol;chemical;9.0
@CHEMICAL_4_hydroxyphenylacetate;@CHEMICAL_4_hydroxyphenylacetate;chemical;9.0
@CHEMICAL_4_iodobenzenesulfonamide;@CHEMICAL_4_iodobenzenesulfonamide;chemical;9.0
@CHEMICAL_4_vinylguaiacol;@CHEMICAL_4_vinylguaiacol;chemical;9.0
@CHEMICAL_8_Hydroxy_2_(di_n_propylamino)tetralin;@CHEMICAL_8_Hydroxy_2_(di_n_propylamino)tetralin;chemical;9.0
@CHEMICAL_8_prenylnaringenin;@CHEMICAL_8_prenylnaringenin;chemical;9.0
@CHEMICAL_9_fluoroprednisolone;@CHEMICAL_9_fluoroprednisolone;chemical;9.0
@CHEMICAL_9_hydroxyoctadecadienoic_acid;@CHEMICAL_9_hydroxyoctadecadienoic_acid;chemical;9.0
@CHEMICAL_AP20187;@CHEMICAL_AP20187;chemical;9.0
@CHEMICAL_Aconitine;@CHEMICAL_Aconitine;chemical;9.0
@CHEMICAL_Acrodermatitis_enteropathica;@CHEMICAL_Acrodermatitis_enteropathica;chemical;9.0
@CHEMICAL_Aligeron;@CHEMICAL_Aligeron;chemical;9.0
@CHEMICAL_Alitretinoin;@CHEMICAL_Alitretinoin;chemical;9.0
@CHEMICAL_Ampyrone;@CHEMICAL_Ampyrone;chemical;9.0
@CHEMICAL_Antibodies_Monoclonal;@CHEMICAL_Antibodies_Monoclonal;chemical;9.0
@CHEMICAL_BAP_regimen;@CHEMICAL_BAP_regimen;chemical;9.0
@CHEMICAL_BVT.14225;@CHEMICAL_BVT.14225;chemical;9.0
@CHEMICAL_Benserazide;@CHEMICAL_Benserazide;chemical;9.0
@CHEMICAL_Benzophenones;@CHEMICAL_Benzophenones;chemical;9.0
@CHEMICAL_Bongkrekic_Acid;@CHEMICAL_Bongkrekic_Acid;chemical;9.0
@CHEMICAL_Carticaine;@CHEMICAL_Carticaine;chemical;9.0
@CHEMICAL_Copper_64;@CHEMICAL_Copper_64;chemical;9.0
@CHEMICAL_Coumestrol;@CHEMICAL_Coumestrol;chemical;9.0
@CHEMICAL_Deoxyepinephrine;@CHEMICAL_Deoxyepinephrine;chemical;9.0
@CHEMICAL_Dermatan_Sulfate;@CHEMICAL_Dermatan_Sulfate;chemical;9.0
@CHEMICAL_Dichlorodiphenyl_Dichloroethylene;@CHEMICAL_Dichlorodiphenyl_Dichloroethylene;chemical;9.0
@CHEMICAL_Dicumarol;@CHEMICAL_Dicumarol;chemical;9.0
@CHEMICAL_Didanosine;@CHEMICAL_Didanosine;chemical;9.0
@CHEMICAL_Dimenhydrinate;@CHEMICAL_Dimenhydrinate;chemical;9.0
@CHEMICAL_Dimethylhydrazines;@CHEMICAL_Dimethylhydrazines;chemical;9.0
@CHEMICAL_Ditiocarb;@CHEMICAL_Ditiocarb;chemical;9.0
@CHEMICAL_Enbucrilate;@CHEMICAL_Enbucrilate;chemical;9.0
@CHEMICAL_Ethiodized_Oil;@CHEMICAL_Ethiodized_Oil;chemical;9.0
@CHEMICAL_Felodipine;@CHEMICAL_Felodipine;chemical;9.0
@CHEMICAL_Fenfluramine;@CHEMICAL_Fenfluramine;chemical;9.0
@CHEMICAL_Fluorescein_5_isothiocyanate;@CHEMICAL_Fluorescein_5_isothiocyanate;chemical;9.0
@CHEMICAL_Follicle_Stimulating_Hormone;@CHEMICAL_Follicle_Stimulating_Hormone;chemical;9.0
@CHEMICAL_GLPG1690;@CHEMICAL_GLPG1690;chemical;9.0
@CHEMICAL_GPR39_C3;@CHEMICAL_GPR39_C3;chemical;9.0
@CHEMICAL_Glyceraldehyde_3_Phosphate;@CHEMICAL_Glyceraldehyde_3_Phosphate;chemical;9.0
@CHEMICAL_HMPL_013;@CHEMICAL_HMPL_013;chemical;9.0
@CHEMICAL_Homoharringtonine;@CHEMICAL_Homoharringtonine;chemical;9.0
@CHEMICAL_Hydrazines;@CHEMICAL_Hydrazines;chemical;9.0
@CHEMICAL_Hydroxybenzoates;@CHEMICAL_Hydroxybenzoates;chemical;9.0
@CHEMICAL_ICG_001;@CHEMICAL_ICG_001;chemical;9.0
@CHEMICAL_Idarubicin;@CHEMICAL_Idarubicin;chemical;9.0
@CHEMICAL_Imlunestrant;@CHEMICAL_Imlunestrant;chemical;9.0
@CHEMICAL_Inotersen;@CHEMICAL_Inotersen;chemical;9.0
@CHEMICAL_Ivabradine;@CHEMICAL_Ivabradine;chemical;9.0
@CHEMICAL_Ketanserin;@CHEMICAL_Ketanserin;chemical;9.0
@CHEMICAL_Lecithins;@CHEMICAL_Lecithins;chemical;9.0
@CHEMICAL_Linoleic_Acids_Conjugated;@CHEMICAL_Linoleic_Acids_Conjugated;chemical;9.0
@CHEMICAL_Lipid_A;@CHEMICAL_Lipid_A;chemical;9.0
@CHEMICAL_Lorazepam;@CHEMICAL_Lorazepam;chemical;9.0
@CHEMICAL_Lutetium_177;@CHEMICAL_Lutetium_177;chemical;9.0
@CHEMICAL_MFL_protocol;@CHEMICAL_MFL_protocol;chemical;9.0
@CHEMICAL_Magnesium_Hydroxide;@CHEMICAL_Magnesium_Hydroxide;chemical;9.0
@CHEMICAL_Maraviroc;@CHEMICAL_Maraviroc;chemical;9.0
@CHEMICAL_Megestrol_Acetate;@CHEMICAL_Megestrol_Acetate;chemical;9.0
@CHEMICAL_Methylcholanthrene;@CHEMICAL_Methylcholanthrene;chemical;9.0
@CHEMICAL_Methylprednisolone_Acetate;@CHEMICAL_Methylprednisolone_Acetate;chemical;9.0
@CHEMICAL_Mineral_Oil;@CHEMICAL_Mineral_Oil;chemical;9.0
@CHEMICAL_Mometasone_Furoate;@CHEMICAL_Mometasone_Furoate;chemical;9.0
@CHEMICAL_N_(3_(1_((4_(3_4_difluorophenoxy)phenyl)methyl)(4_piperidyl))_4_methylphenyl)_2_methylpropanamide;@CHEMICAL_N_(3_(1_((4_(3_4_difluorophenoxy)phenyl)methyl)(4_piperidyl))_4_methylphenyl)_2_methylpropanamide;chemical;9.0
@CHEMICAL_Nadolol;@CHEMICAL_Nadolol;chemical;9.0
@CHEMICAL_Natalizumab;@CHEMICAL_Natalizumab;chemical;9.0
@CHEMICAL_Nitriles;@CHEMICAL_Nitriles;chemical;9.0
@CHEMICAL_Nitroblue_Tetrazolium;@CHEMICAL_Nitroblue_Tetrazolium;chemical;9.0
@CHEMICAL_Nitrofurazone;@CHEMICAL_Nitrofurazone;chemical;9.0
@CHEMICAL_O_O_diethyl_O_3_5_6_trichloro_2_pyridyl_phosphate;@CHEMICAL_O_O_diethyl_O_3_5_6_trichloro_2_pyridyl_phosphate;chemical;9.0
@CHEMICAL_O_deacetyl_platelet_activating_factor;@CHEMICAL_O_deacetyl_platelet_activating_factor;chemical;9.0
@CHEMICAL_Octoxynol;@CHEMICAL_Octoxynol;chemical;9.0
@CHEMICAL_Oxazolone;@CHEMICAL_Oxazolone;chemical;9.0
@CHEMICAL_Paraoxon;@CHEMICAL_Paraoxon;chemical;9.0
@CHEMICAL_Peptoids;@CHEMICAL_Peptoids;chemical;9.0
@CHEMICAL_Phenelzine;@CHEMICAL_Phenelzine;chemical;9.0
@CHEMICAL_Polydeoxyribonucleotides;@CHEMICAL_Polydeoxyribonucleotides;chemical;9.0
@CHEMICAL_Polyglutamic_Acid;@CHEMICAL_Polyglutamic_Acid;chemical;9.0
@CHEMICAL_Polynucleotides;@CHEMICAL_Polynucleotides;chemical;9.0
@CHEMICAL_Pregnenolone_Carbonitrile;@CHEMICAL_Pregnenolone_Carbonitrile;chemical;9.0
@CHEMICAL_Psilocybin;@CHEMICAL_Psilocybin;chemical;9.0
@CHEMICAL_Psychosine;@CHEMICAL_Psychosine;chemical;9.0
@CHEMICAL_RG7388;@CHEMICAL_RG7388;chemical;9.0
@CHEMICAL_RRx_001;@CHEMICAL_RRx_001;chemical;9.0
@CHEMICAL_Raffinose;@CHEMICAL_Raffinose;chemical;9.0
@CHEMICAL_Raltegravir_Potassium;@CHEMICAL_Raltegravir_Potassium;chemical;9.0
@CHEMICAL_Remazol_black_B;@CHEMICAL_Remazol_black_B;chemical;9.0
@CHEMICAL_Ribitol;@CHEMICAL_Ribitol;chemical;9.0
@CHEMICAL_Robuvit;@CHEMICAL_Robuvit;chemical;9.0
@CHEMICAL_SBA_15;@CHEMICAL_SBA_15;chemical;9.0
@CHEMICAL_Steam;@CHEMICAL_Steam;chemical;9.0
@CHEMICAL_Sulfamonomethoxine;@CHEMICAL_Sulfamonomethoxine;chemical;9.0
@CHEMICAL_TEMPO;@CHEMICAL_TEMPO;chemical;9.0
@CHEMICAL_Tetrabenazine;@CHEMICAL_Tetrabenazine;chemical;9.0
@CHEMICAL_Thromboxanes;@CHEMICAL_Thromboxanes;chemical;9.0
@CHEMICAL_Trace_Elements;@CHEMICAL_Trace_Elements;chemical;9.0
@CHEMICAL_Trans_Fatty_Acids;@CHEMICAL_Trans_Fatty_Acids;chemical;9.0
@CHEMICAL_Triazines;@CHEMICAL_Triazines;chemical;9.0
@CHEMICAL_Trichodermin;@CHEMICAL_Trichodermin;chemical;9.0
@CHEMICAL_Troglitazone;@CHEMICAL_Troglitazone;chemical;9.0
@CHEMICAL_Tryptamines;@CHEMICAL_Tryptamines;chemical;9.0
@CHEMICAL_Uridine_Diphosphate_Galactose;@CHEMICAL_Uridine_Diphosphate_Galactose;chemical;9.0
@CHEMICAL_Uronic_Acids;@CHEMICAL_Uronic_Acids;chemical;9.0
@CHEMICAL_VS_5584;@CHEMICAL_VS_5584;chemical;9.0
@CHEMICAL_WP1066;@CHEMICAL_WP1066;chemical;9.0
@CHEMICAL_WT161;@CHEMICAL_WT161;chemical;9.0
@CHEMICAL_Xylazine;@CHEMICAL_Xylazine;chemical;9.0
@CHEMICAL_Yohimbine;@CHEMICAL_Yohimbine;chemical;9.0
@CHEMICAL_acetylleucine;@CHEMICAL_acetylleucine;chemical;9.0
@CHEMICAL_adagrasib;@CHEMICAL_adagrasib;chemical;9.0
@CHEMICAL_adavosertib;@CHEMICAL_adavosertib;chemical;9.0
@CHEMICAL_allysine;@CHEMICAL_allysine;chemical;9.0
@CHEMICAL_alpha_eudesmol;@CHEMICAL_alpha_eudesmol;chemical;9.0
@CHEMICAL_amatoxin;@CHEMICAL_amatoxin;chemical;9.0
@CHEMICAL_ambrisentan;@CHEMICAL_ambrisentan;chemical;9.0
@CHEMICAL_arabinosyl_2'_fluoro_2'_deoxynicotinamide_mononucleotide;@CHEMICAL_arabinosyl_2'_fluoro_2'_deoxynicotinamide_mononucleotide;chemical;9.0
@CHEMICAL_aramchol;@CHEMICAL_aramchol;chemical;9.0
@CHEMICAL_asphaltene;@CHEMICAL_asphaltene;chemical;9.0
@CHEMICAL_astringin;@CHEMICAL_astringin;chemical;9.0
@CHEMICAL_azoxystrobin;@CHEMICAL_azoxystrobin;chemical;9.0
@CHEMICAL_bafilomycin_A1;@CHEMICAL_bafilomycin_A1;chemical;9.0
@CHEMICAL_bagasse;@CHEMICAL_bagasse;chemical;9.0
@CHEMICAL_barium_titanate(IV);@CHEMICAL_barium_titanate(IV);chemical;9.0
@CHEMICAL_beeswax;@CHEMICAL_beeswax;chemical;9.0
@CHEMICAL_belnacasan;@CHEMICAL_belnacasan;chemical;9.0
@CHEMICAL_benzimidazole;@CHEMICAL_benzimidazole;chemical;9.0
@CHEMICAL_benzothiazole;@CHEMICAL_benzothiazole;chemical;9.0
@CHEMICAL_benzoylpaeoniflorin;@CHEMICAL_benzoylpaeoniflorin;chemical;9.0
@CHEMICAL_betulin;@CHEMICAL_betulin;chemical;9.0
@CHEMICAL_bilirubin_glucuronate;@CHEMICAL_bilirubin_glucuronate;chemical;9.0
@CHEMICAL_bis(2_ethylhexyl)_2_3_4_5_tetrabromophthalate;@CHEMICAL_bis(2_ethylhexyl)_2_3_4_5_tetrabromophthalate;chemical;9.0
@CHEMICAL_bisdemethoxycurcumin;@CHEMICAL_bisdemethoxycurcumin;chemical;9.0
@CHEMICAL_brinzolamide;@CHEMICAL_brinzolamide;chemical;9.0
@CHEMICAL_cadmium_oxide;@CHEMICAL_cadmium_oxide;chemical;9.0
@CHEMICAL_calamenene;@CHEMICAL_calamenene;chemical;9.0
@CHEMICAL_ceftolozane_tazobactam_drug_combination;@CHEMICAL_ceftolozane_tazobactam_drug_combination;chemical;9.0
@CHEMICAL_cirsimaritin;@CHEMICAL_cirsimaritin;chemical;9.0
@CHEMICAL_clobetasone_butyrate;@CHEMICAL_clobetasone_butyrate;chemical;9.0
@CHEMICAL_clothianidin;@CHEMICAL_clothianidin;chemical;9.0
@CHEMICAL_cobaltous_sulfide;@CHEMICAL_cobaltous_sulfide;chemical;9.0
@CHEMICAL_coniferin;@CHEMICAL_coniferin;chemical;9.0
@CHEMICAL_cupric_hydroxide;@CHEMICAL_cupric_hydroxide;chemical;9.0
@CHEMICAL_cyantraniliprole;@CHEMICAL_cyantraniliprole;chemical;9.0
@CHEMICAL_d_limonene_medium_chain_monoglyceride;@CHEMICAL_d_limonene_medium_chain_monoglyceride;chemical;9.0
@CHEMICAL_decabromodiphenyl_ethane;@CHEMICAL_decabromodiphenyl_ethane;chemical;9.0
@CHEMICAL_decanoic_acid;@CHEMICAL_decanoic_acid;chemical;9.0
@CHEMICAL_deflazacort;@CHEMICAL_deflazacort;chemical;9.0
@CHEMICAL_deguelin;@CHEMICAL_deguelin;chemical;9.0
@CHEMICAL_di_2_pyridylketone_4_cyclohexyl_4_methyl_3_thiosemicarbazone;@CHEMICAL_di_2_pyridylketone_4_cyclohexyl_4_methyl_3_thiosemicarbazone;chemical;9.0
@CHEMICAL_diatomite;@CHEMICAL_diatomite;chemical;9.0
@CHEMICAL_dichlormid;@CHEMICAL_dichlormid;chemical;9.0
@CHEMICAL_diflucortolone_valerate;@CHEMICAL_diflucortolone_valerate;chemical;9.0
@CHEMICAL_diphenylarsinic_acid;@CHEMICAL_diphenylarsinic_acid;chemical;9.0
@CHEMICAL_dipicolinic_acid;@CHEMICAL_dipicolinic_acid;chemical;9.0
@CHEMICAL_dithianone;@CHEMICAL_dithianone;chemical;9.0
@CHEMICAL_essential_303_forte;@CHEMICAL_essential_303_forte;chemical;9.0
@CHEMICAL_ethyl_linoleate;@CHEMICAL_ethyl_linoleate;chemical;9.0
@CHEMICAL_eupatorin;@CHEMICAL_eupatorin;chemical;9.0
@CHEMICAL_exemestane;@CHEMICAL_exemestane;chemical;9.0
@CHEMICAL_ferric_hydroxide;@CHEMICAL_ferric_hydroxide;chemical;9.0
@CHEMICAL_fluorene;@CHEMICAL_fluorene;chemical;9.0
@CHEMICAL_fraxin;@CHEMICAL_fraxin;chemical;9.0
@CHEMICAL_gallic_acid_g_chitosan;@CHEMICAL_gallic_acid_g_chitosan;chemical;9.0
@CHEMICAL_ginkgolide_A;@CHEMICAL_ginkgolide_A;chemical;9.0
@CHEMICAL_ginsenoside_Rh2;@CHEMICAL_ginsenoside_Rh2;chemical;9.0
@CHEMICAL_glycoursodeoxycholic_acid;@CHEMICAL_glycoursodeoxycholic_acid;chemical;9.0
@CHEMICAL_goralatide;@CHEMICAL_goralatide;chemical;9.0
@CHEMICAL_halobetasol;@CHEMICAL_halobetasol;chemical;9.0
@CHEMICAL_histosol;@CHEMICAL_histosol;chemical;9.0
@CHEMICAL_hydrogen_sulfite;@CHEMICAL_hydrogen_sulfite;chemical;9.0
@CHEMICAL_hypocrellin_A;@CHEMICAL_hypocrellin_A;chemical;9.0
@CHEMICAL_icotinib;@CHEMICAL_icotinib;chemical;9.0
@CHEMICAL_imazapic;@CHEMICAL_imazapic;chemical;9.0
@CHEMICAL_indole_3_acetaldehyde;@CHEMICAL_indole_3_acetaldehyde;chemical;9.0
@CHEMICAL_infigratinib;@CHEMICAL_infigratinib;chemical;9.0
@CHEMICAL_isavuconazole;@CHEMICAL_isavuconazole;chemical;9.0
@CHEMICAL_isoliensinine;@CHEMICAL_isoliensinine;chemical;9.0
@CHEMICAL_kartogenin;@CHEMICAL_kartogenin;chemical;9.0
@CHEMICAL_kolaviron;@CHEMICAL_kolaviron;chemical;9.0
@CHEMICAL_lanthionine;@CHEMICAL_lanthionine;chemical;9.0
@CHEMICAL_licochalcone_D;@CHEMICAL_licochalcone_D;chemical;9.0
@CHEMICAL_liriodendrin;@CHEMICAL_liriodendrin;chemical;9.0
@CHEMICAL_lobetyolin;@CHEMICAL_lobetyolin;chemical;9.0
@CHEMICAL_lucifer_yellow;@CHEMICAL_lucifer_yellow;chemical;9.0
@CHEMICAL_lysophosphatidylethanolamine;@CHEMICAL_lysophosphatidylethanolamine;chemical;9.0
@CHEMICAL_madecassoside;@CHEMICAL_madecassoside;chemical;9.0
@CHEMICAL_manoalide;@CHEMICAL_manoalide;chemical;9.0
@CHEMICAL_merocyanine_dye;@CHEMICAL_merocyanine_dye;chemical;9.0
@CHEMICAL_metaphosphoric_acid;@CHEMICAL_metaphosphoric_acid;chemical;9.0
@CHEMICAL_methyl_tert_butyl_ether;@CHEMICAL_methyl_tert_butyl_ether;chemical;9.0
@CHEMICAL_mimulone;@CHEMICAL_mimulone;chemical;9.0
@CHEMICAL_monolaurin;@CHEMICAL_monolaurin;chemical;9.0
@CHEMICAL_neobractatin;@CHEMICAL_neobractatin;chemical;9.0
@CHEMICAL_nitidine;@CHEMICAL_nitidine;chemical;9.0
@CHEMICAL_nusinersen;@CHEMICAL_nusinersen;chemical;9.0
@CHEMICAL_peficitinib;@CHEMICAL_peficitinib;chemical;9.0
@CHEMICAL_pellitorine;@CHEMICAL_pellitorine;chemical;9.0
@CHEMICAL_pentanal;@CHEMICAL_pentanal;chemical;9.0
@CHEMICAL_phenazine;@CHEMICAL_phenazine;chemical;9.0
@CHEMICAL_phenyl_salicylate;@CHEMICAL_phenyl_salicylate;chemical;9.0
@CHEMICAL_phenylacetaldehyde;@CHEMICAL_phenylacetaldehyde;chemical;9.0
@CHEMICAL_phosphonic_acid;@CHEMICAL_phosphonic_acid;chemical;9.0
@CHEMICAL_pimobendan;@CHEMICAL_pimobendan;chemical;9.0
@CHEMICAL_piperonylic_acid;@CHEMICAL_piperonylic_acid;chemical;9.0
@CHEMICAL_pirtobrutinib;@CHEMICAL_pirtobrutinib;chemical;9.0
@CHEMICAL_polyphyllin_VII;@CHEMICAL_polyphyllin_VII;chemical;9.0
@CHEMICAL_potassium_peroxymonosulfuric_acid;@CHEMICAL_potassium_peroxymonosulfuric_acid;chemical;9.0
@CHEMICAL_pregnenolone_sulfate;@CHEMICAL_pregnenolone_sulfate;chemical;9.0
@CHEMICAL_propolin_G;@CHEMICAL_propolin_G;chemical;9.0
@CHEMICAL_ramelteon;@CHEMICAL_ramelteon;chemical;9.0
@CHEMICAL_ramucirumab;@CHEMICAL_ramucirumab;chemical;9.0
@CHEMICAL_relatlimab;@CHEMICAL_relatlimab;chemical;9.0
@CHEMICAL_retinol_palmitate;@CHEMICAL_retinol_palmitate;chemical;9.0
@CHEMICAL_rhamnogalacturonan_I;@CHEMICAL_rhamnogalacturonan_I;chemical;9.0
@CHEMICAL_rhodionin;@CHEMICAL_rhodionin;chemical;9.0
@CHEMICAL_ripretinib;@CHEMICAL_ripretinib;chemical;9.0
@CHEMICAL_safingol;@CHEMICAL_safingol;chemical;9.0
@CHEMICAL_salicylamide;@CHEMICAL_salicylamide;chemical;9.0
@CHEMICAL_schizandrin;@CHEMICAL_schizandrin;chemical;9.0
@CHEMICAL_schwertmannite;@CHEMICAL_schwertmannite;chemical;9.0
@CHEMICAL_sitafloxacin;@CHEMICAL_sitafloxacin;chemical;9.0
@CHEMICAL_sodium_thiocyanate;@CHEMICAL_sodium_thiocyanate;chemical;9.0
@CHEMICAL_sparfloxacin;@CHEMICAL_sparfloxacin;chemical;9.0
@CHEMICAL_starch_deferoxamine;@CHEMICAL_starch_deferoxamine;chemical;9.0
@CHEMICAL_stevioside;@CHEMICAL_stevioside;chemical;9.0
@CHEMICAL_sulfilimine;@CHEMICAL_sulfilimine;chemical;9.0
@CHEMICAL_sulfur_trioxide;@CHEMICAL_sulfur_trioxide;chemical;9.0
@CHEMICAL_taniborbactam;@CHEMICAL_taniborbactam;chemical;9.0
@CHEMICAL_teprotumumab;@CHEMICAL_teprotumumab;chemical;9.0
@CHEMICAL_terpinenol_4;@CHEMICAL_terpinenol_4;chemical;9.0
@CHEMICAL_testosterone_enanthate;@CHEMICAL_testosterone_enanthate;chemical;9.0
@CHEMICAL_thioflavin_T;@CHEMICAL_thioflavin_T;chemical;9.0
@CHEMICAL_tibolone;@CHEMICAL_tibolone;chemical;9.0
@CHEMICAL_tofersen;@CHEMICAL_tofersen;chemical;9.0
@CHEMICAL_traxoprodil_mesylate;@CHEMICAL_traxoprodil_mesylate;chemical;9.0
@CHEMICAL_trifolirhizin;@CHEMICAL_trifolirhizin;chemical;9.0
@CHEMICAL_trimellitic_anhydride;@CHEMICAL_trimellitic_anhydride;chemical;9.0
@CHEMICAL_ulipristal_acetate;@CHEMICAL_ulipristal_acetate;chemical;9.0
@CHEMICAL_valtrate;@CHEMICAL_valtrate;chemical;9.0
@CHEMICAL_vanillyl_alcohol;@CHEMICAL_vanillyl_alcohol;chemical;9.0
@CHEMICAL_vomifoliol;@CHEMICAL_vomifoliol;chemical;9.0
@CHEMICAL_zinc_hydroxide_nitrate;@CHEMICAL_zinc_hydroxide_nitrate;chemical;9.0
@CHEMICAL_(2S_3R_4R_5S_6R)_2_(4_chloro_3_(4_ethoxybenzyl)phenyl)_6_(methylthio)tetrahydro_2H_pyran_3_4_5_triol;@CHEMICAL_(2S_3R_4R_5S_6R)_2_(4_chloro_3_(4_ethoxybenzyl)phenyl)_6_(methylthio)tetrahydro_2H_pyran_3_4_5_triol;chemical;8.0
@CHEMICAL_(4_toluoyl_3_nitro)piperazine;@CHEMICAL_(4_toluoyl_3_nitro)piperazine;chemical;8.0
@CHEMICAL_10_propargyl_10_deazaaminopterin;@CHEMICAL_10_propargyl_10_deazaaminopterin;chemical;8.0
@CHEMICAL_15_Hydroxy_11_alpha_9_alpha_(epoxymethano)prosta_5_13_dienoic_Acid;@CHEMICAL_15_Hydroxy_11_alpha_9_alpha_(epoxymethano)prosta_5_13_dienoic_Acid;chemical;8.0
@CHEMICAL_1_(1_(imidazo(1_2_a)pyridin_6_yl)ethyl)_6_(1_methyl_1H_pyrazol_4_yl)_1H_(1_2_3)triazolo(4_5_b)pyrazine;@CHEMICAL_1_(1_(imidazo(1_2_a)pyridin_6_yl)ethyl)_6_(1_methyl_1H_pyrazol_4_yl)_1H_(1_2_3)triazolo(4_5_b)pyrazine;chemical;8.0
@CHEMICAL_1_(3_tert_butyl_1_phenyl_1H_pyrazol_5_yl)_3_(2_fluoro_4_(3_oxo_3_4_dihydropyrido(3_2_b)pyrazin_8_yloxy)phenyl)urea;@CHEMICAL_1_(3_tert_butyl_1_phenyl_1H_pyrazol_5_yl)_3_(2_fluoro_4_(3_oxo_3_4_dihydropyrido(3_2_b)pyrazin_8_yloxy)phenyl)urea;chemical;8.0
@CHEMICAL_1_(6_(3_5_dichloro_4_hydroxyphenyl)_4_((4_((dimethylamino)methyl)cyclohexyl)amino)_1_5_naphthyridin_3_yl)ethanone;@CHEMICAL_1_(6_(3_5_dichloro_4_hydroxyphenyl)_4_((4_((dimethylamino)methyl)cyclohexyl)amino)_1_5_naphthyridin_3_yl)ethanone;chemical;8.0
@CHEMICAL_1_2_distearoyl_sn_glycero_3_phosphoethanolamine_N_methoxy_poly(ethylene_glycol_2000);@CHEMICAL_1_2_distearoyl_sn_glycero_3_phosphoethanolamine_N_methoxy_poly(ethylene_glycol_2000);chemical;8.0
@CHEMICAL_1_2_oleoylphosphatidylcholine;@CHEMICAL_1_2_oleoylphosphatidylcholine;chemical;8.0
@CHEMICAL_1_3_4_oxadiazole;@CHEMICAL_1_3_4_oxadiazole;chemical;8.0
@CHEMICAL_1_4_dioxin;@CHEMICAL_1_4_dioxin;chemical;8.0
@CHEMICAL_1_8_diazabicyclo(5.4.0)undec_7_ene;@CHEMICAL_1_8_diazabicyclo(5.4.0)undec_7_ene;chemical;8.0
@CHEMICAL_1_hexene;@CHEMICAL_1_hexene;chemical;8.0
@CHEMICAL_1_stearoyl_2_arachidonoylglycerol;@CHEMICAL_1_stearoyl_2_arachidonoylglycerol;chemical;8.0
@CHEMICAL_2'_deoxyguanosine_5'_phosphate;@CHEMICAL_2'_deoxyguanosine_5'_phosphate;chemical;8.0
@CHEMICAL_2_((3_((4_((5_(2_((3_fluorophenyl)amino)_2_oxoethyl)_1H_pyrazol_3_yl)amino)quinazolin_7_yl)oxy)propyl)(ethyl)amino)ethyl_dihydrogen_phosphate;@CHEMICAL_2_((3_((4_((5_(2_((3_fluorophenyl)amino)_2_oxoethyl)_1H_pyrazol_3_yl)amino)quinazolin_7_yl)oxy)propyl)(ethyl)amino)ethyl_dihydrogen_phosphate;chemical;8.0
@CHEMICAL_2_(5_benzo(1_3)dioxol_5_yl_2_tert_butyl_3H_imidazol_4_yl)_6_methylpyridine_hydrochloride;@CHEMICAL_2_(5_benzo(1_3)dioxol_5_yl_2_tert_butyl_3H_imidazol_4_yl)_6_methylpyridine_hydrochloride;chemical;8.0
@CHEMICAL_2_4_thiazolidinedione;@CHEMICAL_2_4_thiazolidinedione;chemical;8.0
@CHEMICAL_2_5_dihydroxyterephthalic_acid;@CHEMICAL_2_5_dihydroxyterephthalic_acid;chemical;8.0
@CHEMICAL_2_5_dimethylpyrazine;@CHEMICAL_2_5_dimethylpyrazine;chemical;8.0
@CHEMICAL_2_CPIYA;@CHEMICAL_2_CPIYA;chemical;8.0
@CHEMICAL_2_C_methylerythritol_4_phosphate;@CHEMICAL_2_C_methylerythritol_4_phosphate;chemical;8.0
@CHEMICAL_2_chloro_5_nitrobenzanilide;@CHEMICAL_2_chloro_5_nitrobenzanilide;chemical;8.0
@CHEMICAL_2_chloro_N_(4_chlorobiphenyl_2_yl)nicotinamide;@CHEMICAL_2_chloro_N_(4_chlorobiphenyl_2_yl)nicotinamide;chemical;8.0
@CHEMICAL_2_hydroxycinnamic_acid;@CHEMICAL_2_hydroxycinnamic_acid;chemical;8.0
@CHEMICAL_3_(2_4_dimethoxybenzylidene)anabaseine;@CHEMICAL_3_(2_4_dimethoxybenzylidene)anabaseine;chemical;8.0
@CHEMICAL_3_5_6_trichloro_2_pyridinol;@CHEMICAL_3_5_6_trichloro_2_pyridinol;chemical;8.0
@CHEMICAL_3_DCHFO;@CHEMICAL_3_DCHFO;chemical;8.0
@CHEMICAL_3_N_1(spermine)_7_24_dihydroxy_5_cholestane_24_sulfate;@CHEMICAL_3_N_1(spermine)_7_24_dihydroxy_5_cholestane_24_sulfate;chemical;8.0
@CHEMICAL_3_beta_(2_(diethylamino)ethoxy)androst_5_en_17_one;@CHEMICAL_3_beta_(2_(diethylamino)ethoxy)androst_5_en_17_one;chemical;8.0
@CHEMICAL_3_cyclopropyl_3_(3_((2_(5_5_dimethylcyclopent_1_en_1_yl)_2'_fluoro_5'_methoxy_(1_1'_biphenyl)_4_yl)methoxy)phenyl)propanoic_acid;@CHEMICAL_3_cyclopropyl_3_(3_((2_(5_5_dimethylcyclopent_1_en_1_yl)_2'_fluoro_5'_methoxy_(1_1'_biphenyl)_4_yl)methoxy)phenyl)propanoic_acid;chemical;8.0
@CHEMICAL_3_methoxytyrosine;@CHEMICAL_3_methoxytyrosine;chemical;8.0
@CHEMICAL_3_methylbutyrylcarnitine;@CHEMICAL_3_methylbutyrylcarnitine;chemical;8.0
@CHEMICAL_4_(2_4_difluorophenyl)_2_(1H_indol_3_yl)_4_oxobutanoic_acid;@CHEMICAL_4_(2_4_difluorophenyl)_2_(1H_indol_3_yl)_4_oxobutanoic_acid;chemical;8.0
@CHEMICAL_4_(4_fluorophenyl)_2_(4_hydroxyphenyl)_5_(4_pyridyl)imidazole;@CHEMICAL_4_(4_fluorophenyl)_2_(4_hydroxyphenyl)_5_(4_pyridyl)imidazole;chemical;8.0
@CHEMICAL_4_amino_4'_hydroxylaminodiphenylsulfone;@CHEMICAL_4_amino_4'_hydroxylaminodiphenylsulfone;chemical;8.0
@CHEMICAL_4_hydroxyisoleucine;@CHEMICAL_4_hydroxyisoleucine;chemical;8.0
@CHEMICAL_4_nitroaniline;@CHEMICAL_4_nitroaniline;chemical;8.0
@CHEMICAL_5'_N_Ethylcarboxamidoadenosine;@CHEMICAL_5'_N_Ethylcarboxamidoadenosine;chemical;8.0
@CHEMICAL_5_(5_(4_fluoro_2_hydroxyphenyl)furan_2_ylmethylene)thiazolidine_2_4_dione;@CHEMICAL_5_(5_(4_fluoro_2_hydroxyphenyl)furan_2_ylmethylene)thiazolidine_2_4_dione;chemical;8.0
@CHEMICAL_5_7_dihydroxy_4_methylcoumarin;@CHEMICAL_5_7_dihydroxy_4_methylcoumarin;chemical;8.0
@CHEMICAL_5_hydroxyindole;@CHEMICAL_5_hydroxyindole;chemical;8.0
@CHEMICAL_6_6'_bieckol;@CHEMICAL_6_6'_bieckol;chemical;8.0
@CHEMICAL_6_chloro_2_(1_piperazinyl)pyrazine;@CHEMICAL_6_chloro_2_(1_piperazinyl)pyrazine;chemical;8.0
@CHEMICAL_AC1Q3QWB;@CHEMICAL_AC1Q3QWB;chemical;8.0
@CHEMICAL_AGRO_100;@CHEMICAL_AGRO_100;chemical;8.0
@CHEMICAL_AM_251;@CHEMICAL_AM_251;chemical;8.0
@CHEMICAL_Acrylic_Resins;@CHEMICAL_Acrylic_Resins;chemical;8.0
@CHEMICAL_Adamantane;@CHEMICAL_Adamantane;chemical;8.0
@CHEMICAL_Ado_Trastuzumab_Emtansine;@CHEMICAL_Ado_Trastuzumab_Emtansine;chemical;8.0
@CHEMICAL_Alginic_Acid;@CHEMICAL_Alginic_Acid;chemical;8.0
@CHEMICAL_Allura_Red_AC_Dye;@CHEMICAL_Allura_Red_AC_Dye;chemical;8.0
@CHEMICAL_Americium;@CHEMICAL_Americium;chemical;8.0
@CHEMICAL_Aminooxyacetic_Acid;@CHEMICAL_Aminooxyacetic_Acid;chemical;8.0
@CHEMICAL_Aminophylline;@CHEMICAL_Aminophylline;chemical;8.0
@CHEMICAL_Aminopyrine;@CHEMICAL_Aminopyrine;chemical;8.0
@CHEMICAL_Aniline_Compounds;@CHEMICAL_Aniline_Compounds;chemical;8.0
@CHEMICAL_Anions;@CHEMICAL_Anions;chemical;8.0
@CHEMICAL_Benzalkonium_Compounds;@CHEMICAL_Benzalkonium_Compounds;chemical;8.0
@CHEMICAL_Bibenzyls;@CHEMICAL_Bibenzyls;chemical;8.0
@CHEMICAL_CDw17_antigen;@CHEMICAL_CDw17_antigen;chemical;8.0
@CHEMICAL_Carbamates;@CHEMICAL_Carbamates;chemical;8.0
@CHEMICAL_Carbenoxolone;@CHEMICAL_Carbenoxolone;chemical;8.0
@CHEMICAL_Carbonyl_Cyanide_m_Chlorophenyl_Hydrazone;@CHEMICAL_Carbonyl_Cyanide_m_Chlorophenyl_Hydrazone;chemical;8.0
@CHEMICAL_Carbonyl_Cyanide_p_Trifluoromethoxyphenylhydrazone;@CHEMICAL_Carbonyl_Cyanide_p_Trifluoromethoxyphenylhydrazone;chemical;8.0
@CHEMICAL_Cephalexin;@CHEMICAL_Cephalexin;chemical;8.0
@CHEMICAL_Cerebrosides;@CHEMICAL_Cerebrosides;chemical;8.0
@CHEMICAL_Chlorotrianisene;@CHEMICAL_Chlorotrianisene;chemical;8.0
@CHEMICAL_Cholestanol;@CHEMICAL_Cholestanol;chemical;8.0
@CHEMICAL_Corn_Oil;@CHEMICAL_Corn_Oil;chemical;8.0
@CHEMICAL_Croton_Oil;@CHEMICAL_Croton_Oil;chemical;8.0
@CHEMICAL_Cyanamide;@CHEMICAL_Cyanamide;chemical;8.0
@CHEMICAL_Dextroamphetamine;@CHEMICAL_Dextroamphetamine;chemical;8.0
@CHEMICAL_Diphenhydramine;@CHEMICAL_Diphenhydramine;chemical;8.0
@CHEMICAL_Escin;@CHEMICAL_Escin;chemical;8.0
@CHEMICAL_FPS_ZM1;@CHEMICAL_FPS_ZM1;chemical;8.0
@CHEMICAL_Fermium;@CHEMICAL_Fermium;chemical;8.0
@CHEMICAL_Francium;@CHEMICAL_Francium;chemical;8.0
@CHEMICAL_G(M3)_Ganglioside;@CHEMICAL_G(M3)_Ganglioside;chemical;8.0
@CHEMICAL_GW8510;@CHEMICAL_GW8510;chemical;8.0
@CHEMICAL_Gold_Sodium_Thiomalate;@CHEMICAL_Gold_Sodium_Thiomalate;chemical;8.0
@CHEMICAL_Griseofulvin;@CHEMICAL_Griseofulvin;chemical;8.0
@CHEMICAL_HS_173;@CHEMICAL_HS_173;chemical;8.0
@CHEMICAL_Hydroxybutyrates;@CHEMICAL_Hydroxybutyrates;chemical;8.0
@CHEMICAL_Hydroxyzine;@CHEMICAL_Hydroxyzine;chemical;8.0
@CHEMICAL_INU_101;@CHEMICAL_INU_101;chemical;8.0
@CHEMICAL_Ibogaine;@CHEMICAL_Ibogaine;chemical;8.0
@CHEMICAL_Indapamide;@CHEMICAL_Indapamide;chemical;8.0
@CHEMICAL_Isoxazoles;@CHEMICAL_Isoxazoles;chemical;8.0
@CHEMICAL_JTE_013;@CHEMICAL_JTE_013;chemical;8.0
@CHEMICAL_Keratan_Sulfate;@CHEMICAL_Keratan_Sulfate;chemical;8.0
@CHEMICAL_LY_2157299;@CHEMICAL_LY_2157299;chemical;8.0
@CHEMICAL_L_borneolum;@CHEMICAL_L_borneolum;chemical;8.0
@CHEMICAL_LiFePO4;@CHEMICAL_LiFePO4;chemical;8.0
@CHEMICAL_Lubiprostone;@CHEMICAL_Lubiprostone;chemical;8.0
@CHEMICAL_Lugol's_solution;@CHEMICAL_Lugol's_solution;chemical;8.0
@CHEMICAL_Lysophospholipids;@CHEMICAL_Lysophospholipids;chemical;8.0
@CHEMICAL_MK_886;@CHEMICAL_MK_886;chemical;8.0
@CHEMICAL_Methoxyflurane;@CHEMICAL_Methoxyflurane;chemical;8.0
@CHEMICAL_NAADP;@CHEMICAL_NAADP;chemical;8.0
@CHEMICAL_N_desmethylstobadine;@CHEMICAL_N_desmethylstobadine;chemical;8.0
@CHEMICAL_Naphthaleneacetic_Acids;@CHEMICAL_Naphthaleneacetic_Acids;chemical;8.0
@CHEMICAL_Nevirapine;@CHEMICAL_Nevirapine;chemical;8.0
@CHEMICAL_ORALIT;@CHEMICAL_ORALIT;chemical;8.0
@CHEMICAL_Organophosphorus_Compounds;@CHEMICAL_Organophosphorus_Compounds;chemical;8.0
@CHEMICAL_Palmitoyl_Coenzyme_A;@CHEMICAL_Palmitoyl_Coenzyme_A;chemical;8.0
@CHEMICAL_Palmitoylcarnitine;@CHEMICAL_Palmitoylcarnitine;chemical;8.0
@CHEMICAL_Phentolamine;@CHEMICAL_Phentolamine;chemical;8.0
@CHEMICAL_Phenylbutyrates;@CHEMICAL_Phenylbutyrates;chemical;8.0
@CHEMICAL_Piracetam;@CHEMICAL_Piracetam;chemical;8.0
@CHEMICAL_Polychloroterphenyl_Compounds;@CHEMICAL_Polychloroterphenyl_Compounds;chemical;8.0
@CHEMICAL_Potassium_Citrate;@CHEMICAL_Potassium_Citrate;chemical;8.0
@CHEMICAL_Primaquine;@CHEMICAL_Primaquine;chemical;8.0
@CHEMICAL_Pseudoephedrine;@CHEMICAL_Pseudoephedrine;chemical;8.0
@CHEMICAL_RO5126766;@CHEMICAL_RO5126766;chemical;8.0
@CHEMICAL_RU.521;@CHEMICAL_RU.521;chemical;8.0
@CHEMICAL_Relaxin;@CHEMICAL_Relaxin;chemical;8.0
@CHEMICAL_Sarin;@CHEMICAL_Sarin;chemical;8.0
@CHEMICAL_Stearates;@CHEMICAL_Stearates;chemical;8.0
@CHEMICAL_TPN171;@CHEMICAL_TPN171;chemical;8.0
@CHEMICAL_Talc;@CHEMICAL_Talc;chemical;8.0
@CHEMICAL_Tolcapone;@CHEMICAL_Tolcapone;chemical;8.0
@CHEMICAL_Triamterene;@CHEMICAL_Triamterene;chemical;8.0
@CHEMICAL_Trifluridine;@CHEMICAL_Trifluridine;chemical;8.0
@CHEMICAL_Trihalomethanes;@CHEMICAL_Trihalomethanes;chemical;8.0
@CHEMICAL_VBP15_compound;@CHEMICAL_VBP15_compound;chemical;8.0
@CHEMICAL_ZIF_90;@CHEMICAL_ZIF_90;chemical;8.0
@CHEMICAL_Zalcitabine;@CHEMICAL_Zalcitabine;chemical;8.0
@CHEMICAL_Zimeldine;@CHEMICAL_Zimeldine;chemical;8.0
@CHEMICAL_Zirconium_89;@CHEMICAL_Zirconium_89;chemical;8.0
@CHEMICAL_aflutinib;@CHEMICAL_aflutinib;chemical;8.0
@CHEMICAL_alfacalcidol;@CHEMICAL_alfacalcidol;chemical;8.0
@CHEMICAL_alkannin;@CHEMICAL_alkannin;chemical;8.0
@CHEMICAL_alpha_cyclodextrin;@CHEMICAL_alpha_cyclodextrin;chemical;8.0
@CHEMICAL_alpha_resorcylic_acid;@CHEMICAL_alpha_resorcylic_acid;chemical;8.0
@CHEMICAL_ammonium_2_3_3_3_tetrafluoro_2_(heptafluoropropoxy)_propanoate;@CHEMICAL_ammonium_2_3_3_3_tetrafluoro_2_(heptafluoropropoxy)_propanoate;chemical;8.0
@CHEMICAL_arabitol;@CHEMICAL_arabitol;chemical;8.0
@CHEMICAL_arctigenin;@CHEMICAL_arctigenin;chemical;8.0
@CHEMICAL_argpyrimidine;@CHEMICAL_argpyrimidine;chemical;8.0
@CHEMICAL_arjunolic_acid;@CHEMICAL_arjunolic_acid;chemical;8.0
@CHEMICAL_asiatic_acid;@CHEMICAL_asiatic_acid;chemical;8.0
@CHEMICAL_atabecestat;@CHEMICAL_atabecestat;chemical;8.0
@CHEMICAL_atractylenolide_II;@CHEMICAL_atractylenolide_II;chemical;8.0
@CHEMICAL_avapritinib;@CHEMICAL_avapritinib;chemical;8.0
@CHEMICAL_azo_rubin_S;@CHEMICAL_azo_rubin_S;chemical;8.0
@CHEMICAL_barbatic_acid;@CHEMICAL_barbatic_acid;chemical;8.0
@CHEMICAL_bavachin;@CHEMICAL_bavachin;chemical;8.0
@CHEMICAL_bemcentinib;@CHEMICAL_bemcentinib;chemical;8.0
@CHEMICAL_benazepril;@CHEMICAL_benazepril;chemical;8.0
@CHEMICAL_benzamide;@CHEMICAL_benzamide;chemical;8.0
@CHEMICAL_benzophenone;@CHEMICAL_benzophenone;chemical;8.0
@CHEMICAL_beryllium_oxide;@CHEMICAL_beryllium_oxide;chemical;8.0
@CHEMICAL_beta_glucan_(1_3)(1_4)_;@CHEMICAL_beta_glucan_(1_3)(1_4)_;chemical;8.0
@CHEMICAL_beta_glucono_1_5_lactone;@CHEMICAL_beta_glucono_1_5_lactone;chemical;8.0
@CHEMICAL_bis(cyclohexylammonium)sulfate;@CHEMICAL_bis(cyclohexylammonium)sulfate;chemical;8.0
@CHEMICAL_brilliant_green;@CHEMICAL_brilliant_green;chemical;8.0
@CHEMICAL_brofaromine;@CHEMICAL_brofaromine;chemical;8.0
@CHEMICAL_buriti_oil;@CHEMICAL_buriti_oil;chemical;8.0
@CHEMICAL_butyl_acetate;@CHEMICAL_butyl_acetate;chemical;8.0
@CHEMICAL_butylidenephthalide;@CHEMICAL_butylidenephthalide;chemical;8.0
@CHEMICAL_cangrelor;@CHEMICAL_cangrelor;chemical;8.0
@CHEMICAL_cannabigerolic_acid;@CHEMICAL_cannabigerolic_acid;chemical;8.0
@CHEMICAL_carbetocin;@CHEMICAL_carbetocin;chemical;8.0
@CHEMICAL_carglumic_acid;@CHEMICAL_carglumic_acid;chemical;8.0
@CHEMICAL_casuarinin;@CHEMICAL_casuarinin;chemical;8.0
@CHEMICAL_chaetoglobosins;@CHEMICAL_chaetoglobosins;chemical;8.0
@CHEMICAL_chloramine_T;@CHEMICAL_chloramine_T;chemical;8.0
@CHEMICAL_cinnamyl_acetate;@CHEMICAL_cinnamyl_acetate;chemical;8.0
@CHEMICAL_citronellal;@CHEMICAL_citronellal;chemical;8.0
@CHEMICAL_cornuside;@CHEMICAL_cornuside;chemical;8.0
@CHEMICAL_costunolide;@CHEMICAL_costunolide;chemical;8.0
@CHEMICAL_cuminaldehyde;@CHEMICAL_cuminaldehyde;chemical;8.0
@CHEMICAL_curculigoside;@CHEMICAL_curculigoside;chemical;8.0
@CHEMICAL_cyclocreatine;@CHEMICAL_cyclocreatine;chemical;8.0
@CHEMICAL_decamethylcyclopentasiloxane;@CHEMICAL_decamethylcyclopentasiloxane;chemical;8.0
@CHEMICAL_demethylzeylasteral;@CHEMICAL_demethylzeylasteral;chemical;8.0
@CHEMICAL_dextrin_2_sulfate;@CHEMICAL_dextrin_2_sulfate;chemical;8.0
@CHEMICAL_dihydroresveratrol;@CHEMICAL_dihydroresveratrol;chemical;8.0
@CHEMICAL_dioxinodehydroeckol;@CHEMICAL_dioxinodehydroeckol;chemical;8.0
@CHEMICAL_diphlorethohydroxycarmalol;@CHEMICAL_diphlorethohydroxycarmalol;chemical;8.0
@CHEMICAL_dithiol;@CHEMICAL_dithiol;chemical;8.0
@CHEMICAL_dodecyldimethylamine_oxide;@CHEMICAL_dodecyldimethylamine_oxide;chemical;8.0
@CHEMICAL_edoxudin;@CHEMICAL_edoxudin;chemical;8.0
@CHEMICAL_emblicanin_A;@CHEMICAL_emblicanin_A;chemical;8.0
@CHEMICAL_ethyl_cellulose;@CHEMICAL_ethyl_cellulose;chemical;8.0
@CHEMICAL_ethyl_nitrate;@CHEMICAL_ethyl_nitrate;chemical;8.0
@CHEMICAL_ethyl_p_hydroxybenzoate;@CHEMICAL_ethyl_p_hydroxybenzoate;chemical;8.0
@CHEMICAL_farrerol;@CHEMICAL_farrerol;chemical;8.0
@CHEMICAL_ferrous_sulfide;@CHEMICAL_ferrous_sulfide;chemical;8.0
@CHEMICAL_fluorescein_isothiocyanate_dextran;@CHEMICAL_fluorescein_isothiocyanate_dextran;chemical;8.0
@CHEMICAL_friedelin;@CHEMICAL_friedelin;chemical;8.0
@CHEMICAL_fumonisin_B1;@CHEMICAL_fumonisin_B1;chemical;8.0
@CHEMICAL_futoxide;@CHEMICAL_futoxide;chemical;8.0
@CHEMICAL_fuzi_drug_herbal;@CHEMICAL_fuzi_drug_herbal;chemical;8.0
@CHEMICAL_ganglioside_GD3;@CHEMICAL_ganglioside_GD3;chemical;8.0
@CHEMICAL_genkwanin;@CHEMICAL_genkwanin;chemical;8.0
@CHEMICAL_germacrene_D;@CHEMICAL_germacrene_D;chemical;8.0
@CHEMICAL_germacrone;@CHEMICAL_germacrone;chemical;8.0
@CHEMICAL_ginkgolide_B;@CHEMICAL_ginkgolide_B;chemical;8.0
@CHEMICAL_ginsenoside_M1;@CHEMICAL_ginsenoside_M1;chemical;8.0
@CHEMICAL_glutaryl_coenzyme_A;@CHEMICAL_glutaryl_coenzyme_A;chemical;8.0
@CHEMICAL_glyceollin;@CHEMICAL_glyceollin;chemical;8.0
@CHEMICAL_glycerophosphoethanolamine;@CHEMICAL_glycerophosphoethanolamine;chemical;8.0
@CHEMICAL_glycolithocholic_acid;@CHEMICAL_glycolithocholic_acid;chemical;8.0
@CHEMICAL_gramine;@CHEMICAL_gramine;chemical;8.0
@CHEMICAL_guanosine_5'_monophosphorothioate;@CHEMICAL_guanosine_5'_monophosphorothioate;chemical;8.0
@CHEMICAL_halofuginone;@CHEMICAL_halofuginone;chemical;8.0
@CHEMICAL_hinokiflavone;@CHEMICAL_hinokiflavone;chemical;8.0
@CHEMICAL_hydronium_ion;@CHEMICAL_hydronium_ion;chemical;8.0
@CHEMICAL_hypoiodous_acid;@CHEMICAL_hypoiodous_acid;chemical;8.0
@CHEMICAL_indirubin;@CHEMICAL_indirubin;chemical;8.0
@CHEMICAL_indol_3_yl_pyruvic_acid;@CHEMICAL_indol_3_yl_pyruvic_acid;chemical;8.0
@CHEMICAL_indoxacarb;@CHEMICAL_indoxacarb;chemical;8.0
@CHEMICAL_ishophloroglucin_A;@CHEMICAL_ishophloroglucin_A;chemical;8.0
@CHEMICAL_isoaaptamine;@CHEMICAL_isoaaptamine;chemical;8.0
@CHEMICAL_isoalantolactone;@CHEMICAL_isoalantolactone;chemical;8.0
@CHEMICAL_isomangiferin;@CHEMICAL_isomangiferin;chemical;8.0
@CHEMICAL_isopentyl_alcohol;@CHEMICAL_isopentyl_alcohol;chemical;8.0
@CHEMICAL_jasmonoyl_isoleucine;@CHEMICAL_jasmonoyl_isoleucine;chemical;8.0
@CHEMICAL_koenimbin;@CHEMICAL_koenimbin;chemical;8.0
@CHEMICAL_lactobionic_acid;@CHEMICAL_lactobionic_acid;chemical;8.0
@CHEMICAL_licofelone;@CHEMICAL_licofelone;chemical;8.0
@CHEMICAL_limonin;@CHEMICAL_limonin;chemical;8.0
@CHEMICAL_lornoxicam;@CHEMICAL_lornoxicam;chemical;8.0
@CHEMICAL_luteolin_7_glucuronide;@CHEMICAL_luteolin_7_glucuronide;chemical;8.0
@CHEMICAL_lysophosphatidylinositol;@CHEMICAL_lysophosphatidylinositol;chemical;8.0
@CHEMICAL_mannose_6_phosphate;@CHEMICAL_mannose_6_phosphate;chemical;8.0
@CHEMICAL_margaric_acid;@CHEMICAL_margaric_acid;chemical;8.0
@CHEMICAL_maxacalcitol;@CHEMICAL_maxacalcitol;chemical;8.0
@CHEMICAL_medrysone;@CHEMICAL_medrysone;chemical;8.0
@CHEMICAL_mesotrione;@CHEMICAL_mesotrione;chemical;8.0
@CHEMICAL_metabisulfite;@CHEMICAL_metabisulfite;chemical;8.0
@CHEMICAL_methyl_cinnamate;@CHEMICAL_methyl_cinnamate;chemical;8.0
@CHEMICAL_methylophiopogonanone_A;@CHEMICAL_methylophiopogonanone_A;chemical;8.0
@CHEMICAL_morphine_3_glucuronide;@CHEMICAL_morphine_3_glucuronide;chemical;8.0
@CHEMICAL_muconic_acid;@CHEMICAL_muconic_acid;chemical;8.0
@CHEMICAL_n_dodecane;@CHEMICAL_n_dodecane;chemical;8.0
@CHEMICAL_naphthenic_acid;@CHEMICAL_naphthenic_acid;chemical;8.0
@CHEMICAL_niobium_pentoxide;@CHEMICAL_niobium_pentoxide;chemical;8.0
@CHEMICAL_nirmatrelvir;@CHEMICAL_nirmatrelvir;chemical;8.0
@CHEMICAL_nitrones;@CHEMICAL_nitrones;chemical;8.0
@CHEMICAL_nonachlor;@CHEMICAL_nonachlor;chemical;8.0
@CHEMICAL_norgestimate;@CHEMICAL_norgestimate;chemical;8.0
@CHEMICAL_octopine;@CHEMICAL_octopine;chemical;8.0
@CHEMICAL_olsalazine;@CHEMICAL_olsalazine;chemical;8.0
@CHEMICAL_patiromer;@CHEMICAL_patiromer;chemical;8.0
@CHEMICAL_perfluorodecanoic_acid;@CHEMICAL_perfluorodecanoic_acid;chemical;8.0
@CHEMICAL_phenethylamine;@CHEMICAL_phenethylamine;chemical;8.0
@CHEMICAL_phillyrin;@CHEMICAL_phillyrin;chemical;8.0
@CHEMICAL_phloretic_acid;@CHEMICAL_phloretic_acid;chemical;8.0
@CHEMICAL_phthalocyanine;@CHEMICAL_phthalocyanine;chemical;8.0
@CHEMICAL_pinobanksin;@CHEMICAL_pinobanksin;chemical;8.0
@CHEMICAL_pinostilbene;@CHEMICAL_pinostilbene;chemical;8.0
@CHEMICAL_poly(benzimidazole);@CHEMICAL_poly(benzimidazole);chemical;8.0
@CHEMICAL_polyphyllin_I;@CHEMICAL_polyphyllin_I;chemical;8.0
@CHEMICAL_polysulfone_P_1700;@CHEMICAL_polysulfone_P_1700;chemical;8.0
@CHEMICAL_procyanidin_B;@CHEMICAL_procyanidin_B;chemical;8.0
@CHEMICAL_procyanidin_B1;@CHEMICAL_procyanidin_B1;chemical;8.0
@CHEMICAL_propionylcarnitine;@CHEMICAL_propionylcarnitine;chemical;8.0
@CHEMICAL_propylene_glycol_monoacrylate;@CHEMICAL_propylene_glycol_monoacrylate;chemical;8.0
@CHEMICAL_ropinirole;@CHEMICAL_ropinirole;chemical;8.0
@CHEMICAL_salicylaldehyde;@CHEMICAL_salicylaldehyde;chemical;8.0
@CHEMICAL_sepantronium;@CHEMICAL_sepantronium;chemical;8.0
@CHEMICAL_sibutramine;@CHEMICAL_sibutramine;chemical;8.0
@CHEMICAL_silicon_carbide;@CHEMICAL_silicon_carbide;chemical;8.0
@CHEMICAL_silver_iodide;@CHEMICAL_silver_iodide;chemical;8.0
@CHEMICAL_stearidonic_acid;@CHEMICAL_stearidonic_acid;chemical;8.0
@CHEMICAL_stearoyl_coenzyme_A;@CHEMICAL_stearoyl_coenzyme_A;chemical;8.0
@CHEMICAL_tectoridin;@CHEMICAL_tectoridin;chemical;8.0
@CHEMICAL_tephrosin;@CHEMICAL_tephrosin;chemical;8.0
@CHEMICAL_thiosemicarbazide;@CHEMICAL_thiosemicarbazide;chemical;8.0
@CHEMICAL_tourmaline;@CHEMICAL_tourmaline;chemical;8.0
@CHEMICAL_triethyl_phosphate;@CHEMICAL_triethyl_phosphate;chemical;8.0
@CHEMICAL_uridine_triacetate;@CHEMICAL_uridine_triacetate;chemical;8.0
@CHEMICAL_veratryl_alcohol;@CHEMICAL_veratryl_alcohol;chemical;8.0
@CHEMICAL_(4_(((2_(3_fluoro_4_(trifluoromethyl)phenyl)_4_methyl_1_3_thiazol_5_yl)methyl)sulfanyl)_2_methylphenoxy)acetic_acid;@CHEMICAL_(4_(((2_(3_fluoro_4_(trifluoromethyl)phenyl)_4_methyl_1_3_thiazol_5_yl)methyl)sulfanyl)_2_methylphenoxy)acetic_acid;chemical;7.0
@CHEMICAL_17_(dimethylaminoethylamino)_17_demethoxygeldanamycin;@CHEMICAL_17_(dimethylaminoethylamino)_17_demethoxygeldanamycin;chemical;7.0
@CHEMICAL_1_10_phenanthroline;@CHEMICAL_1_10_phenanthroline;chemical;7.0
@CHEMICAL_1_1_1_trifluoro_2_(4_(1H_pyrazol_1_yl)phenyl)_3_(4_((1_(trifluoromethyl)cyclopropyl)methyl)_1H_imidazol_2_yl)propan_2_ol;@CHEMICAL_1_1_1_trifluoro_2_(4_(1H_pyrazol_1_yl)phenyl)_3_(4_((1_(trifluoromethyl)cyclopropyl)methyl)_1H_imidazol_2_yl)propan_2_ol;chemical;7.0
@CHEMICAL_1_2_3_4_tetrahydroquinoline;@CHEMICAL_1_2_3_4_tetrahydroquinoline;chemical;7.0
@CHEMICAL_1_2_diamino_1_2_N_N'_carbonyl_1_2_dideoxyglucose_hydrate;@CHEMICAL_1_2_diamino_1_2_N_N'_carbonyl_1_2_dideoxyglucose_hydrate;chemical;7.0
@CHEMICAL_1_4_bis(2_3_epoxypropoxy)butane;@CHEMICAL_1_4_bis(2_3_epoxypropoxy)butane;chemical;7.0
@CHEMICAL_1_5_dihydro_FAD;@CHEMICAL_1_5_dihydro_FAD;chemical;7.0
@CHEMICAL_1_alpha_hydroxyergocalciferol;@CHEMICAL_1_alpha_hydroxyergocalciferol;chemical;7.0
@CHEMICAL_1_aminocyclopropane_1_carboxylic_acid;@CHEMICAL_1_aminocyclopropane_1_carboxylic_acid;chemical;7.0
@CHEMICAL_25D_NBOMe;@CHEMICAL_25D_NBOMe;chemical;7.0
@CHEMICAL_2_2'_azobis(2_amidinopropane);@CHEMICAL_2_2'_azobis(2_amidinopropane);chemical;7.0
@CHEMICAL_2_3_diaminophenazine;@CHEMICAL_2_3_diaminophenazine;chemical;7.0
@CHEMICAL_2_amino_3_(4_((5_amino_2_phenylbenzo(d)oxazol_7_yl)methoxy)_3_5_dichlorophenyl)propanoic_acid;@CHEMICAL_2_amino_3_(4_((5_amino_2_phenylbenzo(d)oxazol_7_yl)methoxy)_3_5_dichlorophenyl)propanoic_acid;chemical;7.0
@CHEMICAL_2_aminoacetophenone;@CHEMICAL_2_aminoacetophenone;chemical;7.0
@CHEMICAL_2_dichlorobenzene;@CHEMICAL_2_dichlorobenzene;chemical;7.0
@CHEMICAL_2_hexenal;@CHEMICAL_2_hexenal;chemical;7.0
@CHEMICAL_2_hydroxy_3_methylanthraquinone;@CHEMICAL_2_hydroxy_3_methylanthraquinone;chemical;7.0
@CHEMICAL_2_hydroxyestrone;@CHEMICAL_2_hydroxyestrone;chemical;7.0
@CHEMICAL_2_hydroxyphenylacetic_acid;@CHEMICAL_2_hydroxyphenylacetic_acid;chemical;7.0
@CHEMICAL_2_morpholin_4_yl_6_thianthren_1_yl_pyran_4_one;@CHEMICAL_2_morpholin_4_yl_6_thianthren_1_yl_pyran_4_one;chemical;7.0
@CHEMICAL_2_succinocysteine;@CHEMICAL_2_succinocysteine;chemical;7.0
@CHEMICAL_3_4_Dichloro_N_methyl_N_(2_(1_pyrrolidinyl)_cyclohexyl)_benzeneacetamide_(trans)_Isomer;@CHEMICAL_3_4_Dichloro_N_methyl_N_(2_(1_pyrrolidinyl)_cyclohexyl)_benzeneacetamide_(trans)_Isomer;chemical;7.0
@CHEMICAL_3_4_dihydroxybenzoate;@CHEMICAL_3_4_dihydroxybenzoate;chemical;7.0
@CHEMICAL_3_4_dihydroxyphenylglycol;@CHEMICAL_3_4_dihydroxyphenylglycol;chemical;7.0
@CHEMICAL_3_5_diethoxycarbonyl_1_4_dihydrocollidine;@CHEMICAL_3_5_diethoxycarbonyl_1_4_dihydrocollidine;chemical;7.0
@CHEMICAL_3_amino_4_hydroxybenzoic_acid;@CHEMICAL_3_amino_4_hydroxybenzoic_acid;chemical;7.0
@CHEMICAL_3_chloro_2_methyl_N_(4_(2_(4_methyl_1_piperazinyl)_2_oxoethyl)_1_3_thiazol_2_yl)benzenesulfonamide;@CHEMICAL_3_chloro_2_methyl_N_(4_(2_(4_methyl_1_piperazinyl)_2_oxoethyl)_1_3_thiazol_2_yl)benzenesulfonamide;chemical;7.0
@CHEMICAL_3_hydroxy_1_(3'_5'_dimethoxy_4'_hydroxyphenyl)_hexan_5_one;@CHEMICAL_3_hydroxy_1_(3'_5'_dimethoxy_4'_hydroxyphenyl)_hexan_5_one;chemical;7.0
@CHEMICAL_3_isopropylmalic_acid;@CHEMICAL_3_isopropylmalic_acid;chemical;7.0
@CHEMICAL_3_methylsalicylic_acid;@CHEMICAL_3_methylsalicylic_acid;chemical;7.0
@CHEMICAL_3_phenoxybenzoic_acid;@CHEMICAL_3_phenoxybenzoic_acid;chemical;7.0
@CHEMICAL_4'_chlorodiazepam;@CHEMICAL_4'_chlorodiazepam;chemical;7.0
@CHEMICAL_4'_hydroxywogonin;@CHEMICAL_4'_hydroxywogonin;chemical;7.0
@CHEMICAL_4_4'_dinitro_2_2'_stilbenedisulfonic_acid;@CHEMICAL_4_4'_dinitro_2_2'_stilbenedisulfonic_acid;chemical;7.0
@CHEMICAL_4_hydroxybenzoic_acid_hydrazide;@CHEMICAL_4_hydroxybenzoic_acid_hydrazide;chemical;7.0
@CHEMICAL_4_hydroxyestrone;@CHEMICAL_4_hydroxyestrone;chemical;7.0
@CHEMICAL_5_5'_6_6'_tetrachloro_1_1'_3_3'_tetraethylbenzimidazolocarbocyanine;@CHEMICAL_5_5'_6_6'_tetrachloro_1_1'_3_3'_tetraethylbenzimidazolocarbocyanine;chemical;7.0
@CHEMICAL_5_6_dihydroxy_2_indolylcarboxylic_acid;@CHEMICAL_5_6_dihydroxy_2_indolylcarboxylic_acid;chemical;7.0
@CHEMICAL_6_hydroxyluteolin;@CHEMICAL_6_hydroxyluteolin;chemical;7.0
@CHEMICAL_6_methoxypodophyllotoxin;@CHEMICAL_6_methoxypodophyllotoxin;chemical;7.0
@CHEMICAL_7_ketositosterol;@CHEMICAL_7_ketositosterol;chemical;7.0
@CHEMICAL_8_11_14_Eicosatrienoic_Acid;@CHEMICAL_8_11_14_Eicosatrienoic_Acid;chemical;7.0
@CHEMICAL_8_epidiosbulbin_E_acetate;@CHEMICAL_8_epidiosbulbin_E_acetate;chemical;7.0
@CHEMICAL_8_hydroxypinoresinol;@CHEMICAL_8_hydroxypinoresinol;chemical;7.0
@CHEMICAL_8_nitroguanine;@CHEMICAL_8_nitroguanine;chemical;7.0
@CHEMICAL_ABT_737;@CHEMICAL_ABT_737;chemical;7.0
@CHEMICAL_ACE_protocol_1;@CHEMICAL_ACE_protocol_1;chemical;7.0
@CHEMICAL_AMG_487;@CHEMICAL_AMG_487;chemical;7.0
@CHEMICAL_AZD3463;@CHEMICAL_AZD3463;chemical;7.0
@CHEMICAL_AZD4831;@CHEMICAL_AZD4831;chemical;7.0
@CHEMICAL_AZD8529;@CHEMICAL_AZD8529;chemical;7.0
@CHEMICAL_Adenosine_Phosphosulfate;@CHEMICAL_Adenosine_Phosphosulfate;chemical;7.0
@CHEMICAL_BHQ880;@CHEMICAL_BHQ880;chemical;7.0
@CHEMICAL_BODIPY_FL_prazosin;@CHEMICAL_BODIPY_FL_prazosin;chemical;7.0
@CHEMICAL_Barium_Sulfate;@CHEMICAL_Barium_Sulfate;chemical;7.0
@CHEMICAL_Borohydrides;@CHEMICAL_Borohydrides;chemical;7.0
@CHEMICAL_CDAA;@CHEMICAL_CDAA;chemical;7.0
@CHEMICAL_CDRI_85_287;@CHEMICAL_CDRI_85_287;chemical;7.0
@CHEMICAL_COP_protocol_2;@CHEMICAL_COP_protocol_2;chemical;7.0
@CHEMICAL_CX_5461;@CHEMICAL_CX_5461;chemical;7.0
@CHEMICAL_Calcium_Gluconate;@CHEMICAL_Calcium_Gluconate;chemical;7.0
@CHEMICAL_Calcium_Pyrophosphate;@CHEMICAL_Calcium_Pyrophosphate;chemical;7.0
@CHEMICAL_Carbachol;@CHEMICAL_Carbachol;chemical;7.0
@CHEMICAL_Castor_Oil;@CHEMICAL_Castor_Oil;chemical;7.0
@CHEMICAL_Chlormequat;@CHEMICAL_Chlormequat;chemical;7.0
@CHEMICAL_Chlorothiazide;@CHEMICAL_Chlorothiazide;chemical;7.0
@CHEMICAL_Cilastatin_Imipenem_Drug_Combination;@CHEMICAL_Cilastatin_Imipenem_Drug_Combination;chemical;7.0
@CHEMICAL_Clavulanic_Acid;@CHEMICAL_Clavulanic_Acid;chemical;7.0
@CHEMICAL_Darunavir;@CHEMICAL_Darunavir;chemical;7.0
@CHEMICAL_Deoxyguanosine;@CHEMICAL_Deoxyguanosine;chemical;7.0
@CHEMICAL_Dexrazoxane;@CHEMICAL_Dexrazoxane;chemical;7.0
@CHEMICAL_Diatrizoate;@CHEMICAL_Diatrizoate;chemical;7.0
@CHEMICAL_Dicamba;@CHEMICAL_Dicamba;chemical;7.0
@CHEMICAL_Dihematoporphyrin_Ether;@CHEMICAL_Dihematoporphyrin_Ether;chemical;7.0
@CHEMICAL_Dysprosium;@CHEMICAL_Dysprosium;chemical;7.0
@CHEMICAL_EAI045;@CHEMICAL_EAI045;chemical;7.0
@CHEMICAL_EBC_46;@CHEMICAL_EBC_46;chemical;7.0
@CHEMICAL_ELB00824;@CHEMICAL_ELB00824;chemical;7.0
@CHEMICAL_Egtazic_Acid;@CHEMICAL_Egtazic_Acid;chemical;7.0
@CHEMICAL_Erbium;@CHEMICAL_Erbium;chemical;7.0
@CHEMICAL_Etomidate;@CHEMICAL_Etomidate;chemical;7.0
@CHEMICAL_FTY_720P;@CHEMICAL_FTY_720P;chemical;7.0
@CHEMICAL_FYX_051;@CHEMICAL_FYX_051;chemical;7.0
@CHEMICAL_Fenoprofen;@CHEMICAL_Fenoprofen;chemical;7.0
@CHEMICAL_Fenthion;@CHEMICAL_Fenthion;chemical;7.0
@CHEMICAL_Fluphenazine;@CHEMICAL_Fluphenazine;chemical;7.0
@CHEMICAL_Fumonisins;@CHEMICAL_Fumonisins;chemical;7.0
@CHEMICAL_Fusidic_Acid;@CHEMICAL_Fusidic_Acid;chemical;7.0
@CHEMICAL_GGMDA;@CHEMICAL_GGMDA;chemical;7.0
@CHEMICAL_GSK2656157;@CHEMICAL_GSK2656157;chemical;7.0
@CHEMICAL_GW_4064;@CHEMICAL_GW_4064;chemical;7.0
@CHEMICAL_HDAC_42;@CHEMICAL_HDAC_42;chemical;7.0
@CHEMICAL_Heterocyclic_Compounds;@CHEMICAL_Heterocyclic_Compounds;chemical;7.0
@CHEMICAL_High_Fructose_Corn_Syrup;@CHEMICAL_High_Fructose_Corn_Syrup;chemical;7.0
@CHEMICAL_Hydroxocobalamin;@CHEMICAL_Hydroxocobalamin;chemical;7.0
@CHEMICAL_KN_93;@CHEMICAL_KN_93;chemical;7.0
@CHEMICAL_LB100;@CHEMICAL_LB100;chemical;7.0
@CHEMICAL_LCS1269;@CHEMICAL_LCS1269;chemical;7.0
@CHEMICAL_LGK974;@CHEMICAL_LGK974;chemical;7.0
@CHEMICAL_LY_341495;@CHEMICAL_LY_341495;chemical;7.0
@CHEMICAL_Labetalol;@CHEMICAL_Labetalol;chemical;7.0
@CHEMICAL_Latex;@CHEMICAL_Latex;chemical;7.0
@CHEMICAL_Lurasidone_Hydrochloride;@CHEMICAL_Lurasidone_Hydrochloride;chemical;7.0
@CHEMICAL_Meperidine;@CHEMICAL_Meperidine;chemical;7.0
@CHEMICAL_Methapyrilene;@CHEMICAL_Methapyrilene;chemical;7.0
@CHEMICAL_Microcystins;@CHEMICAL_Microcystins;chemical;7.0
@CHEMICAL_Milnacipran;@CHEMICAL_Milnacipran;chemical;7.0
@CHEMICAL_N'_methyl_4_pyridone_3_carboxamide;@CHEMICAL_N'_methyl_4_pyridone_3_carboxamide;chemical;7.0
@CHEMICAL_NMS_P937;@CHEMICAL_NMS_P937;chemical;7.0
@CHEMICAL_N_hydroxysuccinimide;@CHEMICAL_N_hydroxysuccinimide;chemical;7.0
@CHEMICAL_Nicardipine;@CHEMICAL_Nicardipine;chemical;7.0
@CHEMICAL_Octopamine;@CHEMICAL_Octopamine;chemical;7.0
@CHEMICAL_Oligodeoxyribonucleotides;@CHEMICAL_Oligodeoxyribonucleotides;chemical;7.0
@CHEMICAL_Ouabain;@CHEMICAL_Ouabain;chemical;7.0
@CHEMICAL_Oxonic_Acid;@CHEMICAL_Oxonic_Acid;chemical;7.0
@CHEMICAL_PS_5;@CHEMICAL_PS_5;chemical;7.0
@CHEMICAL_Pargyline;@CHEMICAL_Pargyline;chemical;7.0
@CHEMICAL_Pefloxacin;@CHEMICAL_Pefloxacin;chemical;7.0
@CHEMICAL_Periodic_Acid;@CHEMICAL_Periodic_Acid;chemical;7.0
@CHEMICAL_Phenanthrolines;@CHEMICAL_Phenanthrolines;chemical;7.0
@CHEMICAL_Pheniramine;@CHEMICAL_Pheniramine;chemical;7.0
@CHEMICAL_Phenylbutazone;@CHEMICAL_Phenylbutazone;chemical;7.0
@CHEMICAL_Phosphoadenosine_Phosphosulfate;@CHEMICAL_Phosphoadenosine_Phosphosulfate;chemical;7.0
@CHEMICAL_Phosphotungstic_Acid;@CHEMICAL_Phosphotungstic_Acid;chemical;7.0
@CHEMICAL_Pirinitramide;@CHEMICAL_Pirinitramide;chemical;7.0
@CHEMICAL_Plutonium;@CHEMICAL_Plutonium;chemical;7.0
@CHEMICAL_Polidocanol;@CHEMICAL_Polidocanol;chemical;7.0
@CHEMICAL_Potassium_Cyanide;@CHEMICAL_Potassium_Cyanide;chemical;7.0
@CHEMICAL_Pregnanediol;@CHEMICAL_Pregnanediol;chemical;7.0
@CHEMICAL_Propane;@CHEMICAL_Propane;chemical;7.0
@CHEMICAL_Pyridoxamine;@CHEMICAL_Pyridoxamine;chemical;7.0
@CHEMICAL_Quinacrine;@CHEMICAL_Quinacrine;chemical;7.0
@CHEMICAL_Remazol_Brilliant_Blue_R;@CHEMICAL_Remazol_Brilliant_Blue_R;chemical;7.0
@CHEMICAL_Retinyl_Esters;@CHEMICAL_Retinyl_Esters;chemical;7.0
@CHEMICAL_SB_225002;@CHEMICAL_SB_225002;chemical;7.0
@CHEMICAL_SCH772984;@CHEMICAL_SCH772984;chemical;7.0
@CHEMICAL_SHR_1701;@CHEMICAL_SHR_1701;chemical;7.0
@CHEMICAL_S_allylmercapto_N_acetylcysteine;@CHEMICAL_S_allylmercapto_N_acetylcysteine;chemical;7.0
@CHEMICAL_Saccharin;@CHEMICAL_Saccharin;chemical;7.0
@CHEMICAL_Silicic_Acid;@CHEMICAL_Silicic_Acid;chemical;7.0
@CHEMICAL_Skatole;@CHEMICAL_Skatole;chemical;7.0
@CHEMICAL_Succinylcholine;@CHEMICAL_Succinylcholine;chemical;7.0
@CHEMICAL_Sulfamethazine;@CHEMICAL_Sulfamethazine;chemical;7.0
@CHEMICAL_Sulpiride;@CHEMICAL_Sulpiride;chemical;7.0
@CHEMICAL_Talaporfin;@CHEMICAL_Talaporfin;chemical;7.0
@CHEMICAL_Technetium_Tc_99m_Pyrophosphate;@CHEMICAL_Technetium_Tc_99m_Pyrophosphate;chemical;7.0
@CHEMICAL_Tegafur;@CHEMICAL_Tegafur;chemical;7.0
@CHEMICAL_Trientine;@CHEMICAL_Trientine;chemical;7.0
@CHEMICAL_Triolein;@CHEMICAL_Triolein;chemical;7.0
@CHEMICAL_Tromethamine;@CHEMICAL_Tromethamine;chemical;7.0
@CHEMICAL_Tropicamide;@CHEMICAL_Tropicamide;chemical;7.0
@CHEMICAL_Tropisetron;@CHEMICAL_Tropisetron;chemical;7.0
@CHEMICAL_Tylosin;@CHEMICAL_Tylosin;chemical;7.0
@CHEMICAL_VPC_regimen;@CHEMICAL_VPC_regimen;chemical;7.0
@CHEMICAL_Vidarabine;@CHEMICAL_Vidarabine;chemical;7.0
@CHEMICAL_Wortmannin;@CHEMICAL_Wortmannin;chemical;7.0
@CHEMICAL_Xanthones;@CHEMICAL_Xanthones;chemical;7.0
@CHEMICAL_Xenon;@CHEMICAL_Xenon;chemical;7.0
@CHEMICAL_YM753_compound;@CHEMICAL_YM753_compound;chemical;7.0
@CHEMICAL_acadesine;@CHEMICAL_acadesine;chemical;7.0
@CHEMICAL_actein;@CHEMICAL_actein;chemical;7.0
@CHEMICAL_adenylyl(3'_5')cytidine_3'_phosphate;@CHEMICAL_adenylyl(3'_5')cytidine_3'_phosphate;chemical;7.0
@CHEMICAL_aerobactin;@CHEMICAL_aerobactin;chemical;7.0
@CHEMICAL_alirocumab;@CHEMICAL_alirocumab;chemical;7.0
@CHEMICAL_alpha_Amino_3_hydroxy_5_methyl_4_isoxazolepropionic_Acid;@CHEMICAL_alpha_Amino_3_hydroxy_5_methyl_4_isoxazolepropionic_Acid;chemical;7.0
@CHEMICAL_alpha_ketobutyric_acid;@CHEMICAL_alpha_ketobutyric_acid;chemical;7.0
@CHEMICAL_alpha_ketoisovalerate;@CHEMICAL_alpha_ketoisovalerate;chemical;7.0
@CHEMICAL_alpha_methyltryptophan;@CHEMICAL_alpha_methyltryptophan;chemical;7.0
@CHEMICAL_aluminosilicate;@CHEMICAL_aluminosilicate;chemical;7.0
@CHEMICAL_ambrosin;@CHEMICAL_ambrosin;chemical;7.0
@CHEMICAL_aminochrome_1;@CHEMICAL_aminochrome_1;chemical;7.0
@CHEMICAL_amorphous_calcium_phosphate;@CHEMICAL_amorphous_calcium_phosphate;chemical;7.0
@CHEMICAL_apigenin_7_O_glucuronide;@CHEMICAL_apigenin_7_O_glucuronide;chemical;7.0
@CHEMICAL_apramycin;@CHEMICAL_apramycin;chemical;7.0
@CHEMICAL_argatroban;@CHEMICAL_argatroban;chemical;7.0
@CHEMICAL_arnebinol;@CHEMICAL_arnebinol;chemical;7.0
@CHEMICAL_atranorin;@CHEMICAL_atranorin;chemical;7.0
@CHEMICAL_avasopasem_manganese;@CHEMICAL_avasopasem_manganese;chemical;7.0
@CHEMICAL_azimexon;@CHEMICAL_azimexon;chemical;7.0
@CHEMICAL_azomycin;@CHEMICAL_azomycin;chemical;7.0
@CHEMICAL_benphothiamine;@CHEMICAL_benphothiamine;chemical;7.0
@CHEMICAL_benzenesulfonamide;@CHEMICAL_benzenesulfonamide;chemical;7.0
@CHEMICAL_bergamot_oil;@CHEMICAL_bergamot_oil;chemical;7.0
@CHEMICAL_beta_1_3_glucan;@CHEMICAL_beta_1_3_glucan;chemical;7.0
@CHEMICAL_beta_phellandrene;@CHEMICAL_beta_phellandrene;chemical;7.0
@CHEMICAL_bindarit;@CHEMICAL_bindarit;chemical;7.0
@CHEMICAL_boswellic_acid;@CHEMICAL_boswellic_acid;chemical;7.0
@CHEMICAL_brevetoxin;@CHEMICAL_brevetoxin;chemical;7.0
@CHEMICAL_bromuconazole;@CHEMICAL_bromuconazole;chemical;7.0
@CHEMICAL_broxyquinoline;@CHEMICAL_broxyquinoline;chemical;7.0
@CHEMICAL_cadmium_sulfide;@CHEMICAL_cadmium_sulfide;chemical;7.0
@CHEMICAL_caffeoylquinic_acid;@CHEMICAL_caffeoylquinic_acid;chemical;7.0
@CHEMICAL_calcium_acetate;@CHEMICAL_calcium_acetate;chemical;7.0
@CHEMICAL_cannabichromene;@CHEMICAL_cannabichromene;chemical;7.0
@CHEMICAL_catalposide;@CHEMICAL_catalposide;chemical;7.0
@CHEMICAL_ceftiofur;@CHEMICAL_ceftiofur;chemical;7.0
@CHEMICAL_cerous_chloride;@CHEMICAL_cerous_chloride;chemical;7.0
@CHEMICAL_cetene;@CHEMICAL_cetene;chemical;7.0
@CHEMICAL_chlorhexidine_gluconate;@CHEMICAL_chlorhexidine_gluconate;chemical;7.0
@CHEMICAL_cholesteryl_oleate;@CHEMICAL_cholesteryl_oleate;chemical;7.0
@CHEMICAL_cirsiliol;@CHEMICAL_cirsiliol;chemical;7.0
@CHEMICAL_cis_9_trans_11_conjugated_linoleic_acid;@CHEMICAL_cis_9_trans_11_conjugated_linoleic_acid;chemical;7.0
@CHEMICAL_cobalt_phthalocyanine;@CHEMICAL_cobalt_phthalocyanine;chemical;7.0
@CHEMICAL_cobaltiprotoporphyrin;@CHEMICAL_cobaltiprotoporphyrin;chemical;7.0
@CHEMICAL_compound_21;@CHEMICAL_compound_21;chemical;7.0
@CHEMICAL_coniferyl_alcohol;@CHEMICAL_coniferyl_alcohol;chemical;7.0
@CHEMICAL_coronene;@CHEMICAL_coronene;chemical;7.0
@CHEMICAL_cucurbitacin_E;@CHEMICAL_cucurbitacin_E;chemical;7.0
@CHEMICAL_cyanine_dye_5;@CHEMICAL_cyanine_dye_5;chemical;7.0
@CHEMICAL_cyclohexyl_methylphosphonofluoridate;@CHEMICAL_cyclohexyl_methylphosphonofluoridate;chemical;7.0
@CHEMICAL_cysteinylglycine;@CHEMICAL_cysteinylglycine;chemical;7.0
@CHEMICAL_danaparoid;@CHEMICAL_danaparoid;chemical;7.0
@CHEMICAL_decan_4_olide;@CHEMICAL_decan_4_olide;chemical;7.0
@CHEMICAL_defactinib;@CHEMICAL_defactinib;chemical;7.0
@CHEMICAL_dehydrodivanillin;@CHEMICAL_dehydrodivanillin;chemical;7.0
@CHEMICAL_delphinidin_3_O_glucopyranoside;@CHEMICAL_delphinidin_3_O_glucopyranoside;chemical;7.0
@CHEMICAL_dexamethasone_21_phosphate;@CHEMICAL_dexamethasone_21_phosphate;chemical;7.0
@CHEMICAL_dibromoacetonitrile;@CHEMICAL_dibromoacetonitrile;chemical;7.0
@CHEMICAL_diosbulbin_B;@CHEMICAL_diosbulbin_B;chemical;7.0
@CHEMICAL_domatinostat;@CHEMICAL_domatinostat;chemical;7.0
@CHEMICAL_doramectin;@CHEMICAL_doramectin;chemical;7.0
@CHEMICAL_elemicin;@CHEMICAL_elemicin;chemical;7.0
@CHEMICAL_enasidenib;@CHEMICAL_enasidenib;chemical;7.0
@CHEMICAL_enniatins;@CHEMICAL_enniatins;chemical;7.0
@CHEMICAL_enoxaparin_sodium;@CHEMICAL_enoxaparin_sodium;chemical;7.0
@CHEMICAL_epimedokoreanin_B;@CHEMICAL_epimedokoreanin_B;chemical;7.0
@CHEMICAL_epothilone_B;@CHEMICAL_epothilone_B;chemical;7.0
@CHEMICAL_eptinezumab;@CHEMICAL_eptinezumab;chemical;7.0
@CHEMICAL_etomoxir;@CHEMICAL_etomoxir;chemical;7.0
@CHEMICAL_ferric_phosphate;@CHEMICAL_ferric_phosphate;chemical;7.0
@CHEMICAL_ferrous_phosphate;@CHEMICAL_ferrous_phosphate;chemical;7.0
@CHEMICAL_flavone_acetic_acid;@CHEMICAL_flavone_acetic_acid;chemical;7.0
@CHEMICAL_fluorotelomer_phosphate_diesters;@CHEMICAL_fluorotelomer_phosphate_diesters;chemical;7.0
@CHEMICAL_flupirtine;@CHEMICAL_flupirtine;chemical;7.0
@CHEMICAL_forodesine;@CHEMICAL_forodesine;chemical;7.0
@CHEMICAL_forsythoside_B;@CHEMICAL_forsythoside_B;chemical;7.0
@CHEMICAL_galacturonic_acid;@CHEMICAL_galacturonic_acid;chemical;7.0
@CHEMICAL_gallium_arsenide;@CHEMICAL_gallium_arsenide;chemical;7.0
@CHEMICAL_gallocatechin_gallate;@CHEMICAL_gallocatechin_gallate;chemical;7.0
@CHEMICAL_gamma_valerolactone;@CHEMICAL_gamma_valerolactone;chemical;7.0
@CHEMICAL_ganoderic_acid_S;@CHEMICAL_ganoderic_acid_S;chemical;7.0
@CHEMICAL_ginsenoside_Ro;@CHEMICAL_ginsenoside_Ro;chemical;7.0
@CHEMICAL_harmol;@CHEMICAL_harmol;chemical;7.0
@CHEMICAL_henagliflozin;@CHEMICAL_henagliflozin;chemical;7.0
@CHEMICAL_hesperetin_7_O_glucuronide;@CHEMICAL_hesperetin_7_O_glucuronide;chemical;7.0
@CHEMICAL_heterophyllin_B;@CHEMICAL_heterophyllin_B;chemical;7.0
@CHEMICAL_hydroxybutyrylcarnitine;@CHEMICAL_hydroxybutyrylcarnitine;chemical;7.0
@CHEMICAL_hyodeoxycholic_acid;@CHEMICAL_hyodeoxycholic_acid;chemical;7.0
@CHEMICAL_indole_3_propionate;@CHEMICAL_indole_3_propionate;chemical;7.0
@CHEMICAL_ingenol;@CHEMICAL_ingenol;chemical;7.0
@CHEMICAL_irinotecan_sucrosofate;@CHEMICAL_irinotecan_sucrosofate;chemical;7.0
@CHEMICAL_isatuximab;@CHEMICAL_isatuximab;chemical;7.0
@CHEMICAL_isobornyl_acrylate;@CHEMICAL_isobornyl_acrylate;chemical;7.0
@CHEMICAL_isobutyryl_coenzyme_A;@CHEMICAL_isobutyryl_coenzyme_A;chemical;7.0
@CHEMICAL_isochlorogenic_acid;@CHEMICAL_isochlorogenic_acid;chemical;7.0
@CHEMICAL_laminaran;@CHEMICAL_laminaran;chemical;7.0
@CHEMICAL_lenticin;@CHEMICAL_lenticin;chemical;7.0
@CHEMICAL_letermovir;@CHEMICAL_letermovir;chemical;7.0
@CHEMICAL_lomerizine;@CHEMICAL_lomerizine;chemical;7.0
@CHEMICAL_lonafarnib;@CHEMICAL_lonafarnib;chemical;7.0
@CHEMICAL_lopinavir_ritonavir_drug_combination;@CHEMICAL_lopinavir_ritonavir_drug_combination;chemical;7.0
@CHEMICAL_loureirin_A;@CHEMICAL_loureirin_A;chemical;7.0
@CHEMICAL_lysicamine;@CHEMICAL_lysicamine;chemical;7.0
@CHEMICAL_manganese_carbonate;@CHEMICAL_manganese_carbonate;chemical;7.0
@CHEMICAL_melanoidin_polymers;@CHEMICAL_melanoidin_polymers;chemical;7.0
@CHEMICAL_mephedrone;@CHEMICAL_mephedrone;chemical;7.0
@CHEMICAL_meropenem_and_vaborbactam;@CHEMICAL_meropenem_and_vaborbactam;chemical;7.0
@CHEMICAL_methylmethacrylate_methacrylic_acid_copolymer;@CHEMICAL_methylmethacrylate_methacrylic_acid_copolymer;chemical;7.0
@CHEMICAL_molybdenum_trioxide;@CHEMICAL_molybdenum_trioxide;chemical;7.0
@CHEMICAL_morusin;@CHEMICAL_morusin;chemical;7.0
@CHEMICAL_mycophenolic_acid_glucuronide;@CHEMICAL_mycophenolic_acid_glucuronide;chemical;7.0
@CHEMICAL_myrtenol;@CHEMICAL_myrtenol;chemical;7.0
@CHEMICAL_naltrindole_benzofuran;@CHEMICAL_naltrindole_benzofuran;chemical;7.0
@CHEMICAL_necrostatin_1;@CHEMICAL_necrostatin_1;chemical;7.0
@CHEMICAL_neodymium_oxide;@CHEMICAL_neodymium_oxide;chemical;7.0
@CHEMICAL_new_methylene_blue;@CHEMICAL_new_methylene_blue;chemical;7.0
@CHEMICAL_nicotianamine;@CHEMICAL_nicotianamine;chemical;7.0
@CHEMICAL_oleoyl_estrone;@CHEMICAL_oleoyl_estrone;chemical;7.0
@CHEMICAL_oligandrin;@CHEMICAL_oligandrin;chemical;7.0
@CHEMICAL_pedunculoside;@CHEMICAL_pedunculoside;chemical;7.0
@CHEMICAL_penpulimab;@CHEMICAL_penpulimab;chemical;7.0
@CHEMICAL_pentalenolactone_F_methyl_ester;@CHEMICAL_pentalenolactone_F_methyl_ester;chemical;7.0
@CHEMICAL_peonidin;@CHEMICAL_peonidin;chemical;7.0
@CHEMICAL_peroxyformic_acid;@CHEMICAL_peroxyformic_acid;chemical;7.0
@CHEMICAL_petunidin;@CHEMICAL_petunidin;chemical;7.0
@CHEMICAL_phenol_formaldehyde_resin;@CHEMICAL_phenol_formaldehyde_resin;chemical;7.0
@CHEMICAL_phenothiazine;@CHEMICAL_phenothiazine;chemical;7.0
@CHEMICAL_phenylglyoxylic_acid;@CHEMICAL_phenylglyoxylic_acid;chemical;7.0
@CHEMICAL_phosphocellulose;@CHEMICAL_phosphocellulose;chemical;7.0
@CHEMICAL_phytosphingosine;@CHEMICAL_phytosphingosine;chemical;7.0
@CHEMICAL_phytyl_diphosphate;@CHEMICAL_phytyl_diphosphate;chemical;7.0
@CHEMICAL_poly(dG_dA)n.poly(dC_dT)n;@CHEMICAL_poly(dG_dA)n.poly(dC_dT)n;chemical;7.0
@CHEMICAL_poly(ethylene_glycol)diacrylate;@CHEMICAL_poly(ethylene_glycol)diacrylate;chemical;7.0
@CHEMICAL_polyarginine;@CHEMICAL_polyarginine;chemical;7.0
@CHEMICAL_polyglutamine;@CHEMICAL_polyglutamine;chemical;7.0
@CHEMICAL_polyrotaxane;@CHEMICAL_polyrotaxane;chemical;7.0
@CHEMICAL_polystyrene_sulfonic_acid;@CHEMICAL_polystyrene_sulfonic_acid;chemical;7.0
@CHEMICAL_polyurethane_foam;@CHEMICAL_polyurethane_foam;chemical;7.0
@CHEMICAL_pregna_4_17_diene_3_16_dione;@CHEMICAL_pregna_4_17_diene_3_16_dione;chemical;7.0
@CHEMICAL_prochloraz;@CHEMICAL_prochloraz;chemical;7.0
@CHEMICAL_propionyl_coenzyme_A;@CHEMICAL_propionyl_coenzyme_A;chemical;7.0
@CHEMICAL_propylene;@CHEMICAL_propylene;chemical;7.0
@CHEMICAL_psilocin;@CHEMICAL_psilocin;chemical;7.0
@CHEMICAL_pyranoprofen;@CHEMICAL_pyranoprofen;chemical;7.0
@CHEMICAL_pyrogallol_1_3_dimethyl_ether;@CHEMICAL_pyrogallol_1_3_dimethyl_ether;chemical;7.0
@CHEMICAL_ribose_5_phosphate;@CHEMICAL_ribose_5_phosphate;chemical;7.0
@CHEMICAL_rosemary_oil;@CHEMICAL_rosemary_oil;chemical;7.0
@CHEMICAL_salicin;@CHEMICAL_salicin;chemical;7.0
@CHEMICAL_salicylurate;@CHEMICAL_salicylurate;chemical;7.0
@CHEMICAL_sapanisertib;@CHEMICAL_sapanisertib;chemical;7.0
@CHEMICAL_sarilumab;@CHEMICAL_sarilumab;chemical;7.0
@CHEMICAL_scriptaid;@CHEMICAL_scriptaid;chemical;7.0
@CHEMICAL_serabelisib;@CHEMICAL_serabelisib;chemical;7.0
@CHEMICAL_sesamolin;@CHEMICAL_sesamolin;chemical;7.0
@CHEMICAL_sigmoidin_B;@CHEMICAL_sigmoidin_B;chemical;7.0
@CHEMICAL_silver_diamine_fluoride;@CHEMICAL_silver_diamine_fluoride;chemical;7.0
@CHEMICAL_sinapaldehyde;@CHEMICAL_sinapaldehyde;chemical;7.0
@CHEMICAL_sinigrin;@CHEMICAL_sinigrin;chemical;7.0
@CHEMICAL_siponimod;@CHEMICAL_siponimod;chemical;7.0
@CHEMICAL_sitravatinib;@CHEMICAL_sitravatinib;chemical;7.0
@CHEMICAL_sivelestat;@CHEMICAL_sivelestat;chemical;7.0
@CHEMICAL_sodium_propionate;@CHEMICAL_sodium_propionate;chemical;7.0
@CHEMICAL_solriamfetol;@CHEMICAL_solriamfetol;chemical;7.0
@CHEMICAL_soyasaponin_I;@CHEMICAL_soyasaponin_I;chemical;7.0
@CHEMICAL_spathulenol;@CHEMICAL_spathulenol;chemical;7.0
@CHEMICAL_stephanine;@CHEMICAL_stephanine;chemical;7.0
@CHEMICAL_stiripentol;@CHEMICAL_stiripentol;chemical;7.0
@CHEMICAL_sulbactam_durlobactam;@CHEMICAL_sulbactam_durlobactam;chemical;7.0
@CHEMICAL_syringaresinol;@CHEMICAL_syringaresinol;chemical;7.0
@CHEMICAL_taccalonolide_A;@CHEMICAL_taccalonolide_A;chemical;7.0
@CHEMICAL_tanshinone_II_A_sodium_sulfonate;@CHEMICAL_tanshinone_II_A_sodium_sulfonate;chemical;7.0
@CHEMICAL_tetraethylene_glycol;@CHEMICAL_tetraethylene_glycol;chemical;7.0
@CHEMICAL_tetrakispivaloyloxymethyl_2_(thiazole_2_ylamino)ethylidene_1_1_bisphosphonate;@CHEMICAL_tetrakispivaloyloxymethyl_2_(thiazole_2_ylamino)ethylidene_1_1_bisphosphonate;chemical;7.0
@CHEMICAL_tioconazole;@CHEMICAL_tioconazole;chemical;7.0
@CHEMICAL_tremulacin;@CHEMICAL_tremulacin;chemical;7.0
@CHEMICAL_tryptanthrine;@CHEMICAL_tryptanthrine;chemical;7.0
@CHEMICAL_tungstate;@CHEMICAL_tungstate;chemical;7.0
@CHEMICAL_ulvan;@CHEMICAL_ulvan;chemical;7.0
@CHEMICAL_undecan_2_one;@CHEMICAL_undecan_2_one;chemical;7.0
@CHEMICAL_valyl_prolyl_proline;@CHEMICAL_valyl_prolyl_proline;chemical;7.0
@CHEMICAL_verubecestat;@CHEMICAL_verubecestat;chemical;7.0
@CHEMICAL_xuesetong;@CHEMICAL_xuesetong;chemical;7.0
@CHEMICAL_xylobiose;@CHEMICAL_xylobiose;chemical;7.0
@CHEMICAL_yakuchinone_A;@CHEMICAL_yakuchinone_A;chemical;7.0
@CHEMICAL_(+_)_dichlorobenzoylcyclopropane_carboxylic_acid;@CHEMICAL_(+_)_dichlorobenzoylcyclopropane_carboxylic_acid;chemical;6.0
@CHEMICAL_(2_(2'_3'_dihydrobenzo(1_4)dioxin_6'_yl)_2_hydroxy_1_pyrrolidin_1_ylmethylethyl)nonanoic_acid_amide;@CHEMICAL_(2_(2'_3'_dihydrobenzo(1_4)dioxin_6'_yl)_2_hydroxy_1_pyrrolidin_1_ylmethylethyl)nonanoic_acid_amide;chemical;6.0
@CHEMICAL_11_12_epoxy_5_8_14_eicosatrienoic_acid;@CHEMICAL_11_12_epoxy_5_8_14_eicosatrienoic_acid;chemical;6.0
@CHEMICAL_11_methoxytabersonine;@CHEMICAL_11_methoxytabersonine;chemical;6.0
@CHEMICAL_12_Hydroxy_5_8_10_14_eicosatetraenoic_Acid;@CHEMICAL_12_Hydroxy_5_8_10_14_eicosatetraenoic_Acid;chemical;6.0
@CHEMICAL_16_nitroxystearic_acid;@CHEMICAL_16_nitroxystearic_acid;chemical;6.0
@CHEMICAL_1_(2_pyridylazo)_2_naphthol;@CHEMICAL_1_(2_pyridylazo)_2_naphthol;chemical;6.0
@CHEMICAL_1_(4_cyanobutyl)_N_(2_phenylpropan_2_yl)_1H_indazole_3_carboxamide;@CHEMICAL_1_(4_cyanobutyl)_N_(2_phenylpropan_2_yl)_1H_indazole_3_carboxamide;chemical;6.0
@CHEMICAL_1_2_3_4_butanetetracarboxylic_acid;@CHEMICAL_1_2_3_4_butanetetracarboxylic_acid;chemical;6.0
@CHEMICAL_1_2_DCVC;@CHEMICAL_1_2_DCVC;chemical;6.0
@CHEMICAL_1_3_5_8_tetrahydroxyxanthone;@CHEMICAL_1_3_5_8_tetrahydroxyxanthone;chemical;6.0
@CHEMICAL_1_3_butylene_glycol;@CHEMICAL_1_3_butylene_glycol;chemical;6.0
@CHEMICAL_1_5_diaminonaphthalene;@CHEMICAL_1_5_diaminonaphthalene;chemical;6.0
@CHEMICAL_1_O_indol_3_ylacetylglucose;@CHEMICAL_1_O_indol_3_ylacetylglucose;chemical;6.0
@CHEMICAL_1_Octanol;@CHEMICAL_1_Octanol;chemical;6.0
@CHEMICAL_1_acetyl_5_phenyl_1H_pyrrol_3_ylacetate;@CHEMICAL_1_acetyl_5_phenyl_1H_pyrrol_3_ylacetate;chemical;6.0
@CHEMICAL_1_methoxypyrene;@CHEMICAL_1_methoxypyrene;chemical;6.0
@CHEMICAL_1_naphthol;@CHEMICAL_1_naphthol;chemical;6.0
@CHEMICAL_2'_3_4_trihydroxyacetophenone;@CHEMICAL_2'_3_4_trihydroxyacetophenone;chemical;6.0
@CHEMICAL_2'_4'_dihydroxychalcone;@CHEMICAL_2'_4'_dihydroxychalcone;chemical;6.0
@CHEMICAL_2'_deoxyadenosine;@CHEMICAL_2'_deoxyadenosine;chemical;6.0
@CHEMICAL_2_((4_methylphenyl)sulfonyl)_5_nitrofuran;@CHEMICAL_2_((4_methylphenyl)sulfonyl)_5_nitrofuran;chemical;6.0
@CHEMICAL_2_(1'H_indole_3'_carbonyl)thiazole_4_carboxylic_acid_methyl_ester;@CHEMICAL_2_(1'H_indole_3'_carbonyl)thiazole_4_carboxylic_acid_methyl_ester;chemical;6.0
@CHEMICAL_2_(1H_indazol_4_yl)_6_(4_methanesulfonylpiperazin_1_ylmethyl)_4_morpholin_4_ylthieno(3_2_d)pyrimidine;@CHEMICAL_2_(1H_indazol_4_yl)_6_(4_methanesulfonylpiperazin_1_ylmethyl)_4_morpholin_4_ylthieno(3_2_d)pyrimidine;chemical;6.0
@CHEMICAL_2_(2_6_dimethyl_4_(3_(4_(methylthio)phenyl)_3_oxo_1_propenyl)phenoxyl)_2_methylpropanoic_acid;@CHEMICAL_2_(2_6_dimethyl_4_(3_(4_(methylthio)phenyl)_3_oxo_1_propenyl)phenoxyl)_2_methylpropanoic_acid;chemical;6.0
@CHEMICAL_2_(4_(6_chloro_1_3_benzoxazol_2_yloxy)phenoxy)_2'_fluoro_N_methylpropionanilide;@CHEMICAL_2_(4_(6_chloro_1_3_benzoxazol_2_yloxy)phenoxy)_2'_fluoro_N_methylpropionanilide;chemical;6.0
@CHEMICAL_2_2_dichloro_12_(p_chlorophenyl)_dodecanoic_acid;@CHEMICAL_2_2_dichloro_12_(p_chlorophenyl)_dodecanoic_acid;chemical;6.0
@CHEMICAL_2_6_TNS;@CHEMICAL_2_6_TNS;chemical;6.0
@CHEMICAL_2_6_dichlorobenzamide;@CHEMICAL_2_6_dichlorobenzamide;chemical;6.0
@CHEMICAL_2_aminoethyl_diphenylborinate;@CHEMICAL_2_aminoethyl_diphenylborinate;chemical;6.0
@CHEMICAL_2_ethylhexyl_salicylate;@CHEMICAL_2_ethylhexyl_salicylate;chemical;6.0
@CHEMICAL_2_hydroxyisobutyric_acid;@CHEMICAL_2_hydroxyisobutyric_acid;chemical;6.0
@CHEMICAL_2_methoxy_4_vinylphenol;@CHEMICAL_2_methoxy_4_vinylphenol;chemical;6.0
@CHEMICAL_2_methyl_1_4_benzoquinone;@CHEMICAL_2_methyl_1_4_benzoquinone;chemical;6.0
@CHEMICAL_2_methylhippuric_acid;@CHEMICAL_2_methylhippuric_acid;chemical;6.0
@CHEMICAL_2_methylisoborneol;@CHEMICAL_2_methylisoborneol;chemical;6.0
@CHEMICAL_2_thiomalic_acid;@CHEMICAL_2_thiomalic_acid;chemical;6.0
@CHEMICAL_3'_hydroxypterostilbene;@CHEMICAL_3'_hydroxypterostilbene;chemical;6.0
@CHEMICAL_3_4_di_O_caffeoylquinic_acid;@CHEMICAL_3_4_di_O_caffeoylquinic_acid;chemical;6.0
@CHEMICAL_3_4_dihydroxyphenylacetaldehyde;@CHEMICAL_3_4_dihydroxyphenylacetaldehyde;chemical;6.0
@CHEMICAL_3_5_dimethoxy_4_hydroxybenzoic_acid;@CHEMICAL_3_5_dimethoxy_4_hydroxybenzoic_acid;chemical;6.0
@CHEMICAL_3_9_bis((ethylthio)methyl)_K_252a;@CHEMICAL_3_9_bis((ethylthio)methyl)_K_252a;chemical;6.0
@CHEMICAL_3_azido_2_7_naphthalene_disulfonate;@CHEMICAL_3_azido_2_7_naphthalene_disulfonate;chemical;6.0
@CHEMICAL_3_deoxyglucosone;@CHEMICAL_3_deoxyglucosone;chemical;6.0
@CHEMICAL_3_glucopyranosyloxybutanolide;@CHEMICAL_3_glucopyranosyloxybutanolide;chemical;6.0
@CHEMICAL_3_hydroxybenzeneacetic_acid;@CHEMICAL_3_hydroxybenzeneacetic_acid;chemical;6.0
@CHEMICAL_3_hydroxyphenylacetate;@CHEMICAL_3_hydroxyphenylacetate;chemical;6.0
@CHEMICAL_3_methyl_2H_furo(2_3_c)pyran_2_one;@CHEMICAL_3_methyl_2H_furo(2_3_c)pyran_2_one;chemical;6.0
@CHEMICAL_3_tyrosine;@CHEMICAL_3_tyrosine;chemical;6.0
@CHEMICAL_4_(4_(3_(4_trifluoromethoxy_phenyl)ureido)cyclohexyloxy)benzoic_acid;@CHEMICAL_4_(4_(3_(4_trifluoromethoxy_phenyl)ureido)cyclohexyloxy)benzoic_acid;chemical;6.0
@CHEMICAL_4_5_6_7_tetrabromobenzotriazole;@CHEMICAL_4_5_6_7_tetrabromobenzotriazole;chemical;6.0
@CHEMICAL_4_anisidine;@CHEMICAL_4_anisidine;chemical;6.0
@CHEMICAL_4_biphenylamine;@CHEMICAL_4_biphenylamine;chemical;6.0
@CHEMICAL_4_methylthiobutyl_isothiocyanate;@CHEMICAL_4_methylthiobutyl_isothiocyanate;chemical;6.0
@CHEMICAL_4_tert_octylphenol;@CHEMICAL_4_tert_octylphenol;chemical;6.0
@CHEMICAL_5S_12R_18R_trihydroxy_6Z_8E_10E_14Z_16E_eicosapentaenoic_acid;@CHEMICAL_5S_12R_18R_trihydroxy_6Z_8E_10E_14Z_16E_eicosapentaenoic_acid;chemical;6.0
@CHEMICAL_5_amino_7_(2_phenylethyl)_2_(2_furyl)pyrazolo(4_3_e)_1_2_4_triazolo(1_5_c)pyrimidine;@CHEMICAL_5_amino_7_(2_phenylethyl)_2_(2_furyl)pyrazolo(4_3_e)_1_2_4_triazolo(1_5_c)pyrimidine;chemical;6.0
@CHEMICAL_5_aminovaleric_acid;@CHEMICAL_5_aminovaleric_acid;chemical;6.0
@CHEMICAL_5_hydroxy_6_8_11_14_eicosatetraenoic_acid;@CHEMICAL_5_hydroxy_6_8_11_14_eicosatetraenoic_acid;chemical;6.0
@CHEMICAL_5_hydroxy_7_8_dimethoxyflavone;@CHEMICAL_5_hydroxy_7_8_dimethoxyflavone;chemical;6.0
@CHEMICAL_5_hydroxydantrolene;@CHEMICAL_5_hydroxydantrolene;chemical;6.0
@CHEMICAL_5_thio_D_glucose;@CHEMICAL_5_thio_D_glucose;chemical;6.0
@CHEMICAL_6_((4_ethylphenyl)methyl)_3'_4'_5'_6'_tetrahydro_6'_(hydroxymethyl)spiro(isobenzofuran_1(3H)_2'_(2H)pyran)_3'_4'_5'_triol;@CHEMICAL_6_((4_ethylphenyl)methyl)_3'_4'_5'_6'_tetrahydro_6'_(hydroxymethyl)spiro(isobenzofuran_1(3H)_2'_(2H)pyran)_3'_4'_5'_triol;chemical;6.0
@CHEMICAL_6_11_dimethylbenzo(b)naphtho(2_3_d)thiophene;@CHEMICAL_6_11_dimethylbenzo(b)naphtho(2_3_d)thiophene;chemical;6.0
@CHEMICAL_6_Cyano_7_nitroquinoxaline_2_3_dione;@CHEMICAL_6_Cyano_7_nitroquinoxaline_2_3_dione;chemical;6.0
@CHEMICAL_6_isopropoxy_9_oxoxanthene_2_carboxylic_acid;@CHEMICAL_6_isopropoxy_9_oxoxanthene_2_carboxylic_acid;chemical;6.0
@CHEMICAL_7_hydroxy_5_11_dioxotetranorprostane_1_16_dioic_acid;@CHEMICAL_7_hydroxy_5_11_dioxotetranorprostane_1_16_dioic_acid;chemical;6.0
@CHEMICAL_8_dehydroxythienamycin;@CHEMICAL_8_dehydroxythienamycin;chemical;6.0
@CHEMICAL_9_10_phenanthrenequinone;@CHEMICAL_9_10_phenanthrenequinone;chemical;6.0
@CHEMICAL_ABP_501;@CHEMICAL_ABP_501;chemical;6.0
@CHEMICAL_ACES;@CHEMICAL_ACES;chemical;6.0
@CHEMICAL_AM5;@CHEMICAL_AM5;chemical;6.0
@CHEMICAL_AN_7_peptide_complex;@CHEMICAL_AN_7_peptide_complex;chemical;6.0
@CHEMICAL_APO_866;@CHEMICAL_APO_866;chemical;6.0
@CHEMICAL_ARQ_197;@CHEMICAL_ARQ_197;chemical;6.0
@CHEMICAL_ARV_825;@CHEMICAL_ARV_825;chemical;6.0
@CHEMICAL_AVE_0991;@CHEMICAL_AVE_0991;chemical;6.0
@CHEMICAL_Alizarin_Red_S;@CHEMICAL_Alizarin_Red_S;chemical;6.0
@CHEMICAL_Amifampridine;@CHEMICAL_Amifampridine;chemical;6.0
@CHEMICAL_Amino_Acids_Neutral;@CHEMICAL_Amino_Acids_Neutral;chemical;6.0
@CHEMICAL_Amphetamines;@CHEMICAL_Amphetamines;chemical;6.0
@CHEMICAL_Androstenediol;@CHEMICAL_Androstenediol;chemical;6.0
@CHEMICAL_BIX_01294;@CHEMICAL_BIX_01294;chemical;6.0
@CHEMICAL_Bi(2)MoO(6);@CHEMICAL_Bi(2)MoO(6);chemical;6.0
@CHEMICAL_Bio_Oss;@CHEMICAL_Bio_Oss;chemical;6.0
@CHEMICAL_Bithionol;@CHEMICAL_Bithionol;chemical;6.0
@CHEMICAL_Brefeldin_A;@CHEMICAL_Brefeldin_A;chemical;6.0
@CHEMICAL_Brimonidine_Tartrate;@CHEMICAL_Brimonidine_Tartrate;chemical;6.0
@CHEMICAL_Calcium_Citrate;@CHEMICAL_Calcium_Citrate;chemical;6.0
@CHEMICAL_Calixarenes;@CHEMICAL_Calixarenes;chemical;6.0
@CHEMICAL_Carbodiimides;@CHEMICAL_Carbodiimides;chemical;6.0
@CHEMICAL_Cardiac_Glycosides;@CHEMICAL_Cardiac_Glycosides;chemical;6.0
@CHEMICAL_Carmine;@CHEMICAL_Carmine;chemical;6.0
@CHEMICAL_Caspofungin;@CHEMICAL_Caspofungin;chemical;6.0
@CHEMICAL_Cefmetazole;@CHEMICAL_Cefmetazole;chemical;6.0
@CHEMICAL_Cell_Penetrating_Peptides;@CHEMICAL_Cell_Penetrating_Peptides;chemical;6.0
@CHEMICAL_Cerulenin;@CHEMICAL_Cerulenin;chemical;6.0
@CHEMICAL_Cesium_137;@CHEMICAL_Cesium_137;chemical;6.0
@CHEMICAL_Chlordecone;@CHEMICAL_Chlordecone;chemical;6.0
@CHEMICAL_Chlormadinone_Acetate;@CHEMICAL_Chlormadinone_Acetate;chemical;6.0
@CHEMICAL_Cinnamates;@CHEMICAL_Cinnamates;chemical;6.0
@CHEMICAL_Clemastine;@CHEMICAL_Clemastine;chemical;6.0
@CHEMICAL_Cod_Liver_Oil;@CHEMICAL_Cod_Liver_Oil;chemical;6.0
@CHEMICAL_CyADIC_regimen;@CHEMICAL_CyADIC_regimen;chemical;6.0
@CHEMICAL_Cymarine;@CHEMICAL_Cymarine;chemical;6.0
@CHEMICAL_DAQ;@CHEMICAL_DAQ;chemical;6.0
@CHEMICAL_DCC_2036;@CHEMICAL_DCC_2036;chemical;6.0
@CHEMICAL_DEET;@CHEMICAL_DEET;chemical;6.0
@CHEMICAL_Deoxyribose;@CHEMICAL_Deoxyribose;chemical;6.0
@CHEMICAL_Dichlorophen;@CHEMICAL_Dichlorophen;chemical;6.0
@CHEMICAL_Dihydroergotamine;@CHEMICAL_Dihydroergotamine;chemical;6.0
@CHEMICAL_Dihydroxyacetone_Phosphate;@CHEMICAL_Dihydroxyacetone_Phosphate;chemical;6.0
@CHEMICAL_Diminazene;@CHEMICAL_Diminazene;chemical;6.0
@CHEMICAL_Doxazosin;@CHEMICAL_Doxazosin;chemical;6.0
@CHEMICAL_E_3330;@CHEMICAL_E_3330;chemical;6.0
@CHEMICAL_E_5555;@CHEMICAL_E_5555;chemical;6.0
@CHEMICAL_Echinocandins;@CHEMICAL_Echinocandins;chemical;6.0
@CHEMICAL_Ethionamide;@CHEMICAL_Ethionamide;chemical;6.0
@CHEMICAL_Ethylmaleimide;@CHEMICAL_Ethylmaleimide;chemical;6.0
@CHEMICAL_Floxuridine;@CHEMICAL_Floxuridine;chemical;6.0
@CHEMICAL_Formazans;@CHEMICAL_Formazans;chemical;6.0
@CHEMICAL_Geraniin;@CHEMICAL_Geraniin;chemical;6.0
@CHEMICAL_Glucaric_Acid;@CHEMICAL_Glucaric_Acid;chemical;6.0
@CHEMICAL_Glycoconjugates;@CHEMICAL_Glycoconjugates;chemical;6.0
@CHEMICAL_Go_6976;@CHEMICAL_Go_6976;chemical;6.0
@CHEMICAL_Halothane;@CHEMICAL_Halothane;chemical;6.0
@CHEMICAL_Harmaline;@CHEMICAL_Harmaline;chemical;6.0
@CHEMICAL_Heptanoates;@CHEMICAL_Heptanoates;chemical;6.0
@CHEMICAL_His_His_His_His_His_His;@CHEMICAL_His_His_His_His_His_His;chemical;6.0
@CHEMICAL_Homoserine;@CHEMICAL_Homoserine;chemical;6.0
@CHEMICAL_Ibotenic_Acid;@CHEMICAL_Ibotenic_Acid;chemical;6.0
@CHEMICAL_Isoprostanes;@CHEMICAL_Isoprostanes;chemical;6.0
@CHEMICAL_JZL_184;@CHEMICAL_JZL_184;chemical;6.0
@CHEMICAL_KS_I;@CHEMICAL_KS_I;chemical;6.0
@CHEMICAL_LY_573636;@CHEMICAL_LY_573636;chemical;6.0
@CHEMICAL_L_012;@CHEMICAL_L_012;chemical;6.0
@CHEMICAL_Leukotriene_C4;@CHEMICAL_Leukotriene_C4;chemical;6.0
@CHEMICAL_Mesna;@CHEMICAL_Mesna;chemical;6.0
@CHEMICAL_Methylcellulose;@CHEMICAL_Methylcellulose;chemical;6.0
@CHEMICAL_Methylhistidines;@CHEMICAL_Methylhistidines;chemical;6.0
@CHEMICAL_Methylmethacrylate;@CHEMICAL_Methylmethacrylate;chemical;6.0
@CHEMICAL_Mibefradil;@CHEMICAL_Mibefradil;chemical;6.0
@CHEMICAL_Micafungin;@CHEMICAL_Micafungin;chemical;6.0
@CHEMICAL_Mineral_Waters;@CHEMICAL_Mineral_Waters;chemical;6.0
@CHEMICAL_Misoprostol;@CHEMICAL_Misoprostol;chemical;6.0
@CHEMICAL_N(delta)_acetylornithine;@CHEMICAL_N(delta)_acetylornithine;chemical;6.0
@CHEMICAL_N_((4_dimethylaminophenyl)methyl)_N_(4_isopropylphenyl)_7_methoxy_1_2_3_4_tetrahydronaphthalen_1_carboxamide;@CHEMICAL_N_((4_dimethylaminophenyl)methyl)_N_(4_isopropylphenyl)_7_methoxy_1_2_3_4_tetrahydronaphthalen_1_carboxamide;chemical;6.0
@CHEMICAL_N_(3_4_5_trichlorophenyl)succinimide;@CHEMICAL_N_(3_4_5_trichlorophenyl)succinimide;chemical;6.0
@CHEMICAL_N_(oxo_5_6_dihydrophenanthridin_2_yl)_N_N_dimethylacetamide_hydrochloride;@CHEMICAL_N_(oxo_5_6_dihydrophenanthridin_2_yl)_N_N_dimethylacetamide_hydrochloride;chemical;6.0
@CHEMICAL_N_Formylmethionine;@CHEMICAL_N_Formylmethionine;chemical;6.0
@CHEMICAL_N_acetylmethionine;@CHEMICAL_N_acetylmethionine;chemical;6.0
@CHEMICAL_N_methylnicotinamide;@CHEMICAL_N_methylnicotinamide;chemical;6.0
@CHEMICAL_Neonicotinoids;@CHEMICAL_Neonicotinoids;chemical;6.0
@CHEMICAL_Nitrogen_Compounds;@CHEMICAL_Nitrogen_Compounds;chemical;6.0
@CHEMICAL_Nitroimidazoles;@CHEMICAL_Nitroimidazoles;chemical;6.0
@CHEMICAL_Norleucine;@CHEMICAL_Norleucine;chemical;6.0
@CHEMICAL_Noscapine;@CHEMICAL_Noscapine;chemical;6.0
@CHEMICAL_Nucleotides_Cyclic;@CHEMICAL_Nucleotides_Cyclic;chemical;6.0
@CHEMICAL_OTR_4131;@CHEMICAL_OTR_4131;chemical;6.0
@CHEMICAL_Oligomycins;@CHEMICAL_Oligomycins;chemical;6.0
@CHEMICAL_Olmesartan_Medoxomil;@CHEMICAL_Olmesartan_Medoxomil;chemical;6.0
@CHEMICAL_Opiate_Alkaloids;@CHEMICAL_Opiate_Alkaloids;chemical;6.0
@CHEMICAL_Oxazoles;@CHEMICAL_Oxazoles;chemical;6.0
@CHEMICAL_Oxyquinoline;@CHEMICAL_Oxyquinoline;chemical;6.0
@CHEMICAL_PLX5622;@CHEMICAL_PLX5622;chemical;6.0
@CHEMICAL_Papaverine;@CHEMICAL_Papaverine;chemical;6.0
@CHEMICAL_Pegloticase;@CHEMICAL_Pegloticase;chemical;6.0
@CHEMICAL_Petrolatum;@CHEMICAL_Petrolatum;chemical;6.0
@CHEMICAL_Plicamycin;@CHEMICAL_Plicamycin;chemical;6.0
@CHEMICAL_Polonite;@CHEMICAL_Polonite;chemical;6.0
@CHEMICAL_Pramipexole;@CHEMICAL_Pramipexole;chemical;6.0
@CHEMICAL_Probucol;@CHEMICAL_Probucol;chemical;6.0
@CHEMICAL_Pseudouridine;@CHEMICAL_Pseudouridine;chemical;6.0
@CHEMICAL_Ptychodiscus_brevis_T2_toxin;@CHEMICAL_Ptychodiscus_brevis_T2_toxin;chemical;6.0
@CHEMICAL_QX_314;@CHEMICAL_QX_314;chemical;6.0
@CHEMICAL_Ristocetin;@CHEMICAL_Ristocetin;chemical;6.0
@CHEMICAL_SRT3025;@CHEMICAL_SRT3025;chemical;6.0
@CHEMICAL_S_Nitrosoglutathione;@CHEMICAL_S_Nitrosoglutathione;chemical;6.0
@CHEMICAL_S_methyl_thiobutanoate;@CHEMICAL_S_methyl_thiobutanoate;chemical;6.0
@CHEMICAL_Safflower_Oil;@CHEMICAL_Safflower_Oil;chemical;6.0
@CHEMICAL_Selenic_Acid;@CHEMICAL_Selenic_Acid;chemical;6.0
@CHEMICAL_Sesame_Oil;@CHEMICAL_Sesame_Oil;chemical;6.0
@CHEMICAL_Sodium_Cholate;@CHEMICAL_Sodium_Cholate;chemical;6.0
@CHEMICAL_Solifenacin_Succinate;@CHEMICAL_Solifenacin_Succinate;chemical;6.0
@CHEMICAL_Sulfadimethoxine;@CHEMICAL_Sulfadimethoxine;chemical;6.0
@CHEMICAL_Synephrine;@CHEMICAL_Synephrine;chemical;6.0
@CHEMICAL_TCIPP_compound;@CHEMICAL_TCIPP_compound;chemical;6.0
@CHEMICAL_TDO_inhibitor_LM10;@CHEMICAL_TDO_inhibitor_LM10;chemical;6.0
@CHEMICAL_Tacrine;@CHEMICAL_Tacrine;chemical;6.0
@CHEMICAL_Technetium_Tc_99m_Medronate;@CHEMICAL_Technetium_Tc_99m_Medronate;chemical;6.0
@CHEMICAL_Tetraethylammonium;@CHEMICAL_Tetraethylammonium;chemical;6.0
@CHEMICAL_Tetrapyrroles;@CHEMICAL_Tetrapyrroles;chemical;6.0
@CHEMICAL_Thioglycosides;@CHEMICAL_Thioglycosides;chemical;6.0
@CHEMICAL_Thioridazine;@CHEMICAL_Thioridazine;chemical;6.0
@CHEMICAL_Thymidine_Monophosphate;@CHEMICAL_Thymidine_Monophosphate;chemical;6.0
@CHEMICAL_Tritolyl_Phosphates;@CHEMICAL_Tritolyl_Phosphates;chemical;6.0
@CHEMICAL_Unithiol;@CHEMICAL_Unithiol;chemical;6.0
@CHEMICAL_Viloxazine;@CHEMICAL_Viloxazine;chemical;6.0
@CHEMICAL_Zonarol;@CHEMICAL_Zonarol;chemical;6.0
@CHEMICAL_abietic_acid;@CHEMICAL_abietic_acid;chemical;6.0
@CHEMICAL_abivertinib;@CHEMICAL_abivertinib;chemical;6.0
@CHEMICAL_aceclofenac;@CHEMICAL_aceclofenac;chemical;6.0
@CHEMICAL_agrimonolide;@CHEMICAL_agrimonolide;chemical;6.0
@CHEMICAL_alkyl_nitrite;@CHEMICAL_alkyl_nitrite;chemical;6.0
@CHEMICAL_alvocidib;@CHEMICAL_alvocidib;chemical;6.0
@CHEMICAL_alyssin;@CHEMICAL_alyssin;chemical;6.0
@CHEMICAL_amivantamab;@CHEMICAL_amivantamab;chemical;6.0
@CHEMICAL_angelicin;@CHEMICAL_angelicin;chemical;6.0
@CHEMICAL_anisodine;@CHEMICAL_anisodine;chemical;6.0
@CHEMICAL_anthraquinone_2_carboxylic_acid;@CHEMICAL_anthraquinone_2_carboxylic_acid;chemical;6.0
@CHEMICAL_apitegromab;@CHEMICAL_apitegromab;chemical;6.0
@CHEMICAL_arbekacin;@CHEMICAL_arbekacin;chemical;6.0
@CHEMICAL_ardisiacrispin_B;@CHEMICAL_ardisiacrispin_B;chemical;6.0
@CHEMICAL_arimoclomol;@CHEMICAL_arimoclomol;chemical;6.0
@CHEMICAL_atogepant;@CHEMICAL_atogepant;chemical;6.0
@CHEMICAL_avicularin;@CHEMICAL_avicularin;chemical;6.0
@CHEMICAL_azeliragon;@CHEMICAL_azeliragon;chemical;6.0
@CHEMICAL_azobis(isobutyronitrile);@CHEMICAL_azobis(isobutyronitrile);chemical;6.0
@CHEMICAL_azomethine;@CHEMICAL_azomethine;chemical;6.0
@CHEMICAL_benralizumab;@CHEMICAL_benralizumab;chemical;6.0
@CHEMICAL_benzoyl_coenzyme_A;@CHEMICAL_benzoyl_coenzyme_A;chemical;6.0
@CHEMICAL_berberrubine;@CHEMICAL_berberrubine;chemical;6.0
@CHEMICAL_bergaptol;@CHEMICAL_bergaptol;chemical;6.0
@CHEMICAL_beta_farnesene;@CHEMICAL_beta_farnesene;chemical;6.0
@CHEMICAL_bilobetin;@CHEMICAL_bilobetin;chemical;6.0
@CHEMICAL_bismerthiazol;@CHEMICAL_bismerthiazol;chemical;6.0
@CHEMICAL_boldine;@CHEMICAL_boldine;chemical;6.0
@CHEMICAL_borax;@CHEMICAL_borax;chemical;6.0
@CHEMICAL_brusatol;@CHEMICAL_brusatol;chemical;6.0
@CHEMICAL_calanquinone_A;@CHEMICAL_calanquinone_A;chemical;6.0
@CHEMICAL_carbonyl_3_chlorophenylhydrazone;@CHEMICAL_carbonyl_3_chlorophenylhydrazone;chemical;6.0
@CHEMICAL_cellobionic_acid;@CHEMICAL_cellobionic_acid;chemical;6.0
@CHEMICAL_chelerythrine;@CHEMICAL_chelerythrine;chemical;6.0
@CHEMICAL_cholestane_3_5_6_triol;@CHEMICAL_cholestane_3_5_6_triol;chemical;6.0
@CHEMICAL_cintirorgon;@CHEMICAL_cintirorgon;chemical;6.0
@CHEMICAL_citraconic_acid;@CHEMICAL_citraconic_acid;chemical;6.0
@CHEMICAL_citreorosein;@CHEMICAL_citreorosein;chemical;6.0
@CHEMICAL_clinoptilolite;@CHEMICAL_clinoptilolite;chemical;6.0
@CHEMICAL_copanlisib;@CHEMICAL_copanlisib;chemical;6.0
@CHEMICAL_corynoline;@CHEMICAL_corynoline;chemical;6.0
@CHEMICAL_crisaborole;@CHEMICAL_crisaborole;chemical;6.0
@CHEMICAL_cuprous_chloride;@CHEMICAL_cuprous_chloride;chemical;6.0
@CHEMICAL_cyclonite;@CHEMICAL_cyclonite;chemical;6.0
@CHEMICAL_darolutamide;@CHEMICAL_darolutamide;chemical;6.0
@CHEMICAL_dehydroalanine;@CHEMICAL_dehydroalanine;chemical;6.0
@CHEMICAL_dehydrodiconiferyl_alcohol;@CHEMICAL_dehydrodiconiferyl_alcohol;chemical;6.0
@CHEMICAL_denudatine;@CHEMICAL_denudatine;chemical;6.0
@CHEMICAL_deuterohemin_alanyl_histidyl_threonyl_valyl_glutamyl_lysine;@CHEMICAL_deuterohemin_alanyl_histidyl_threonyl_valyl_glutamyl_lysine;chemical;6.0
@CHEMICAL_dexketoprofen_trometamol;@CHEMICAL_dexketoprofen_trometamol;chemical;6.0
@CHEMICAL_dichloroacetonitrile;@CHEMICAL_dichloroacetonitrile;chemical;6.0
@CHEMICAL_diethyl_succinate;@CHEMICAL_diethyl_succinate;chemical;6.0
@CHEMICAL_diethylene_glycol_dibenzoate;@CHEMICAL_diethylene_glycol_dibenzoate;chemical;6.0
@CHEMICAL_difelikefalin;@CHEMICAL_difelikefalin;chemical;6.0
@CHEMICAL_dihydrokainic_acid;@CHEMICAL_dihydrokainic_acid;chemical;6.0
@CHEMICAL_dihydrosphingosine_1_phosphate;@CHEMICAL_dihydrosphingosine_1_phosphate;chemical;6.0
@CHEMICAL_dimethyl_azelate;@CHEMICAL_dimethyl_azelate;chemical;6.0
@CHEMICAL_dimethyl_trisulfide;@CHEMICAL_dimethyl_trisulfide;chemical;6.0
@CHEMICAL_diphenylalanine;@CHEMICAL_diphenylalanine;chemical;6.0
@CHEMICAL_discoidin_binding_polysaccharide;@CHEMICAL_discoidin_binding_polysaccharide;chemical;6.0
@CHEMICAL_eburnamonine;@CHEMICAL_eburnamonine;chemical;6.0
@CHEMICAL_eicosapentaenoic_acid_ethyl_ester;@CHEMICAL_eicosapentaenoic_acid_ethyl_ester;chemical;6.0
@CHEMICAL_eluxadoline;@CHEMICAL_eluxadoline;chemical;6.0
@CHEMICAL_endothall;@CHEMICAL_endothall;chemical;6.0
@CHEMICAL_engeletin;@CHEMICAL_engeletin;chemical;6.0
@CHEMICAL_envafolimab;@CHEMICAL_envafolimab;chemical;6.0
@CHEMICAL_etesevimab;@CHEMICAL_etesevimab;chemical;6.0
@CHEMICAL_ethephon;@CHEMICAL_ethephon;chemical;6.0
@CHEMICAL_ethyl_caffeate;@CHEMICAL_ethyl_caffeate;chemical;6.0
@CHEMICAL_ethyl_propionate;@CHEMICAL_ethyl_propionate;chemical;6.0
@CHEMICAL_ethylhexyl_methoxycinnamate;@CHEMICAL_ethylhexyl_methoxycinnamate;chemical;6.0
@CHEMICAL_etirinotecan_pegol;@CHEMICAL_etirinotecan_pegol;chemical;6.0
@CHEMICAL_etoxazole;@CHEMICAL_etoxazole;chemical;6.0
@CHEMICAL_ettringite;@CHEMICAL_ettringite;chemical;6.0
@CHEMICAL_eudesmin;@CHEMICAL_eudesmin;chemical;6.0
@CHEMICAL_evinacumab;@CHEMICAL_evinacumab;chemical;6.0
@CHEMICAL_fenebrutinib;@CHEMICAL_fenebrutinib;chemical;6.0
@CHEMICAL_fensulfothion;@CHEMICAL_fensulfothion;chemical;6.0
@CHEMICAL_feruloyl_CoA;@CHEMICAL_feruloyl_CoA;chemical;6.0
@CHEMICAL_flavan_3_ol;@CHEMICAL_flavan_3_ol;chemical;6.0
@CHEMICAL_flavokawain_A;@CHEMICAL_flavokawain_A;chemical;6.0
@CHEMICAL_fludrocortisone_acetate;@CHEMICAL_fludrocortisone_acetate;chemical;6.0
@CHEMICAL_flunixin_meglumine;@CHEMICAL_flunixin_meglumine;chemical;6.0
@CHEMICAL_fructose_1_6_diphosphate;@CHEMICAL_fructose_1_6_diphosphate;chemical;6.0
@CHEMICAL_furfuryl_mercaptan;@CHEMICAL_furfuryl_mercaptan;chemical;6.0
@CHEMICAL_gallium_oxide;@CHEMICAL_gallium_oxide;chemical;6.0
@CHEMICAL_gallocyanine;@CHEMICAL_gallocyanine;chemical;6.0
@CHEMICAL_geranyl_acetate;@CHEMICAL_geranyl_acetate;chemical;6.0
@CHEMICAL_ginsenoside_Rg5;@CHEMICAL_ginsenoside_Rg5;chemical;6.0
@CHEMICAL_ginsenoside_Rh4;@CHEMICAL_ginsenoside_Rh4;chemical;6.0
@CHEMICAL_glutarylcarnitine;@CHEMICAL_glutarylcarnitine;chemical;6.0
@CHEMICAL_glyceollin_II;@CHEMICAL_glyceollin_II;chemical;6.0
@CHEMICAL_glyceryl_monostearate;@CHEMICAL_glyceryl_monostearate;chemical;6.0
@CHEMICAL_glypallichalcone;@CHEMICAL_glypallichalcone;chemical;6.0
@CHEMICAL_gold_tetrachloride_acid;@CHEMICAL_gold_tetrachloride_acid;chemical;6.0
@CHEMICAL_gossypol_acetic_acid;@CHEMICAL_gossypol_acetic_acid;chemical;6.0
@CHEMICAL_gymnemic_acid;@CHEMICAL_gymnemic_acid;chemical;6.0
@CHEMICAL_haloperidol_decanoate;@CHEMICAL_haloperidol_decanoate;chemical;6.0
@CHEMICAL_hernandezine;@CHEMICAL_hernandezine;chemical;6.0
@CHEMICAL_heteronemin;@CHEMICAL_heteronemin;chemical;6.0
@CHEMICAL_hexabrominated_diphenyl_ether_153;@CHEMICAL_hexabrominated_diphenyl_ether_153;chemical;6.0
@CHEMICAL_higenamine;@CHEMICAL_higenamine;chemical;6.0
@CHEMICAL_hispolon;@CHEMICAL_hispolon;chemical;6.0
@CHEMICAL_histidylglycine;@CHEMICAL_histidylglycine;chemical;6.0
@CHEMICAL_homobrassinolide;@CHEMICAL_homobrassinolide;chemical;6.0
@CHEMICAL_homoorientin;@CHEMICAL_homoorientin;chemical;6.0
@CHEMICAL_hydroxygenkwanin;@CHEMICAL_hydroxygenkwanin;chemical;6.0
@CHEMICAL_hypobromous_acid;@CHEMICAL_hypobromous_acid;chemical;6.0
@CHEMICAL_ibutilide;@CHEMICAL_ibutilide;chemical;6.0
@CHEMICAL_ilimaquinone;@CHEMICAL_ilimaquinone;chemical;6.0
@CHEMICAL_imidazoleacetic_acid;@CHEMICAL_imidazoleacetic_acid;chemical;6.0
@CHEMICAL_imidazolone;@CHEMICAL_imidazolone;chemical;6.0
@CHEMICAL_indan;@CHEMICAL_indan;chemical;6.0
@CHEMICAL_indolebutyric_acid;@CHEMICAL_indolebutyric_acid;chemical;6.0
@CHEMICAL_iodobromine;@CHEMICAL_iodobromine;chemical;6.0
@CHEMICAL_isochorismic_acid;@CHEMICAL_isochorismic_acid;chemical;6.0
@CHEMICAL_isosafrole;@CHEMICAL_isosafrole;chemical;6.0
@CHEMICAL_isovalerylshikonin;@CHEMICAL_isovalerylshikonin;chemical;6.0
@CHEMICAL_ixazomib;@CHEMICAL_ixazomib;chemical;6.0
@CHEMICAL_jaceosidin;@CHEMICAL_jaceosidin;chemical;6.0
@CHEMICAL_jasmone;@CHEMICAL_jasmone;chemical;6.0
@CHEMICAL_kadsuphilactone_B;@CHEMICAL_kadsuphilactone_B;chemical;6.0
@CHEMICAL_karanjin;@CHEMICAL_karanjin;chemical;6.0
@CHEMICAL_larazotide_acetate;@CHEMICAL_larazotide_acetate;chemical;6.0
@CHEMICAL_lavender_oil;@CHEMICAL_lavender_oil;chemical;6.0
@CHEMICAL_levistilide_A;@CHEMICAL_levistilide_A;chemical;6.0
@CHEMICAL_levulinic_acid;@CHEMICAL_levulinic_acid;chemical;6.0
@CHEMICAL_linoleamide;@CHEMICAL_linoleamide;chemical;6.0
@CHEMICAL_lipoamide;@CHEMICAL_lipoamide;chemical;6.0
@CHEMICAL_malealdehyde;@CHEMICAL_malealdehyde;chemical;6.0
@CHEMICAL_marimastat;@CHEMICAL_marimastat;chemical;6.0
@CHEMICAL_metaflumizone;@CHEMICAL_metaflumizone;chemical;6.0
@CHEMICAL_methyl_beta_cyclodextrin;@CHEMICAL_methyl_beta_cyclodextrin;chemical;6.0
@CHEMICAL_methyl_isobutyl_ketone;@CHEMICAL_methyl_isobutyl_ketone;chemical;6.0
@CHEMICAL_methyl_vanillate;@CHEMICAL_methyl_vanillate;chemical;6.0
@CHEMICAL_metolachlor;@CHEMICAL_metolachlor;chemical;6.0
@CHEMICAL_mifamurtide;@CHEMICAL_mifamurtide;chemical;6.0
@CHEMICAL_militarine;@CHEMICAL_militarine;chemical;6.0
@CHEMICAL_mirogabalin;@CHEMICAL_mirogabalin;chemical;6.0
@CHEMICAL_mitapivat;@CHEMICAL_mitapivat;chemical;6.0
@CHEMICAL_mitiglinide;@CHEMICAL_mitiglinide;chemical;6.0
@CHEMICAL_mitoquinol;@CHEMICAL_mitoquinol;chemical;6.0
@CHEMICAL_monomethoxypolyethylene_glycol;@CHEMICAL_monomethoxypolyethylene_glycol;chemical;6.0
@CHEMICAL_myricitrin;@CHEMICAL_myricitrin;chemical;6.0
@CHEMICAL_myrrh_resin;@CHEMICAL_myrrh_resin;chemical;6.0
@CHEMICAL_naringenin_chalcone;@CHEMICAL_naringenin_chalcone;chemical;6.0
@CHEMICAL_necrox_7;@CHEMICAL_necrox_7;chemical;6.0
@CHEMICAL_nedaplatin;@CHEMICAL_nedaplatin;chemical;6.0
@CHEMICAL_nepafenac;@CHEMICAL_nepafenac;chemical;6.0
@CHEMICAL_nomegestrol_acetate;@CHEMICAL_nomegestrol_acetate;chemical;6.0
@CHEMICAL_nutlin_3;@CHEMICAL_nutlin_3;chemical;6.0
@CHEMICAL_octacalcium_phosphate;@CHEMICAL_octacalcium_phosphate;chemical;6.0
@CHEMICAL_oenothein_B;@CHEMICAL_oenothein_B;chemical;6.0
@CHEMICAL_ofatumumab;@CHEMICAL_ofatumumab;chemical;6.0
@CHEMICAL_olmesartan;@CHEMICAL_olmesartan;chemical;6.0
@CHEMICAL_ophiopogonin_D;@CHEMICAL_ophiopogonin_D;chemical;6.0
@CHEMICAL_p_Methoxy_N_methylphenethylamine;@CHEMICAL_p_Methoxy_N_methylphenethylamine;chemical;6.0
@CHEMICAL_p_hydroxyphenyllactic_acid;@CHEMICAL_p_hydroxyphenyllactic_acid;chemical;6.0
@CHEMICAL_paclobutrazol;@CHEMICAL_paclobutrazol;chemical;6.0
@CHEMICAL_pelargonic_acid;@CHEMICAL_pelargonic_acid;chemical;6.0
@CHEMICAL_pentadecanoic_acid;@CHEMICAL_pentadecanoic_acid;chemical;6.0
@CHEMICAL_perchlorate;@CHEMICAL_perchlorate;chemical;6.0
@CHEMICAL_periplocin;@CHEMICAL_periplocin;chemical;6.0
@CHEMICAL_phenylalanyl_valine;@CHEMICAL_phenylalanyl_valine;chemical;6.0
@CHEMICAL_phosphatidylinositol_4_phosphate;@CHEMICAL_phosphatidylinositol_4_phosphate;chemical;6.0
@CHEMICAL_phosphomolybdic_acid;@CHEMICAL_phosphomolybdic_acid;chemical;6.0
@CHEMICAL_phthiocol;@CHEMICAL_phthiocol;chemical;6.0
@CHEMICAL_physcione;@CHEMICAL_physcione;chemical;6.0
@CHEMICAL_picric_acid;@CHEMICAL_picric_acid;chemical;6.0
@CHEMICAL_picroside_II;@CHEMICAL_picroside_II;chemical;6.0
@CHEMICAL_pifithrin;@CHEMICAL_pifithrin;chemical;6.0
@CHEMICAL_pinosylvin;@CHEMICAL_pinosylvin;chemical;6.0
@CHEMICAL_platycodin_D;@CHEMICAL_platycodin_D;chemical;6.0
@CHEMICAL_poly(I).poly(c12_U);@CHEMICAL_poly(I).poly(c12_U);chemical;6.0
@CHEMICAL_polythiophene;@CHEMICAL_polythiophene;chemical;6.0
@CHEMICAL_ponceau_4R;@CHEMICAL_ponceau_4R;chemical;6.0
@CHEMICAL_poricoic_acid_A;@CHEMICAL_poricoic_acid_A;chemical;6.0
@CHEMICAL_porphyran;@CHEMICAL_porphyran;chemical;6.0
@CHEMICAL_praeruptorin_A;@CHEMICAL_praeruptorin_A;chemical;6.0
@CHEMICAL_prenol;@CHEMICAL_prenol;chemical;6.0
@CHEMICAL_prolyl_glycyl_proline;@CHEMICAL_prolyl_glycyl_proline;chemical;6.0
@CHEMICAL_puberulic_acid;@CHEMICAL_puberulic_acid;chemical;6.0
@CHEMICAL_purpurogallin;@CHEMICAL_purpurogallin;chemical;6.0
@CHEMICAL_pyriproxyfen;@CHEMICAL_pyriproxyfen;chemical;6.0
@CHEMICAL_pyrrolidine;@CHEMICAL_pyrrolidine;chemical;6.0
@CHEMICAL_quemliclustat;@CHEMICAL_quemliclustat;chemical;6.0
@CHEMICAL_quinaprilat;@CHEMICAL_quinaprilat;chemical;6.0
@CHEMICAL_quizartinib;@CHEMICAL_quizartinib;chemical;6.0
@CHEMICAL_rasagiline;@CHEMICAL_rasagiline;chemical;6.0
@CHEMICAL_rhamnolipid_hemolysin_Pseudomonas_aeruginosa;@CHEMICAL_rhamnolipid_hemolysin_Pseudomonas_aeruginosa;chemical;6.0
@CHEMICAL_rhodamine_B_hydrazide;@CHEMICAL_rhodamine_B_hydrazide;chemical;6.0
@CHEMICAL_rifapentine;@CHEMICAL_rifapentine;chemical;6.0
@CHEMICAL_rosin;@CHEMICAL_rosin;chemical;6.0
@CHEMICAL_saccharopine;@CHEMICAL_saccharopine;chemical;6.0
@CHEMICAL_salvianolic_acid;@CHEMICAL_salvianolic_acid;chemical;6.0
@CHEMICAL_sarafloxacin;@CHEMICAL_sarafloxacin;chemical;6.0
@CHEMICAL_sarisan;@CHEMICAL_sarisan;chemical;6.0
@CHEMICAL_schaftoside;@CHEMICAL_schaftoside;chemical;6.0
@CHEMICAL_schisantherin_B;@CHEMICAL_schisantherin_B;chemical;6.0
@CHEMICAL_selenoneine;@CHEMICAL_selenoneine;chemical;6.0
@CHEMICAL_silver_sulfide;@CHEMICAL_silver_sulfide;chemical;6.0
@CHEMICAL_sinapine;@CHEMICAL_sinapine;chemical;6.0
@CHEMICAL_skimmianine;@CHEMICAL_skimmianine;chemical;6.0
@CHEMICAL_sodium_iodate;@CHEMICAL_sodium_iodate;chemical;6.0
@CHEMICAL_sodium_tungstate(VI);@CHEMICAL_sodium_tungstate(VI);chemical;6.0
@CHEMICAL_sophoricoside;@CHEMICAL_sophoricoside;chemical;6.0
@CHEMICAL_spinell;@CHEMICAL_spinell;chemical;6.0
@CHEMICAL_spiraeoside;@CHEMICAL_spiraeoside;chemical;6.0
@CHEMICAL_spisulosine;@CHEMICAL_spisulosine;chemical;6.0
@CHEMICAL_succinylacetoacetate;@CHEMICAL_succinylacetoacetate;chemical;6.0
@CHEMICAL_sulfoxaflor;@CHEMICAL_sulfoxaflor;chemical;6.0
@CHEMICAL_sulfoxide;@CHEMICAL_sulfoxide;chemical;6.0
@CHEMICAL_syringaresinol_4''_O_glucoside;@CHEMICAL_syringaresinol_4''_O_glucoside;chemical;6.0
@CHEMICAL_talipexole;@CHEMICAL_talipexole;chemical;6.0
@CHEMICAL_tandospirone;@CHEMICAL_tandospirone;chemical;6.0
@CHEMICAL_tazemetostat;@CHEMICAL_tazemetostat;chemical;6.0
@CHEMICAL_tenuifolin_diterpene;@CHEMICAL_tenuifolin_diterpene;chemical;6.0
@CHEMICAL_teriflunomide;@CHEMICAL_teriflunomide;chemical;6.0
@CHEMICAL_testosterone_undecanoate;@CHEMICAL_testosterone_undecanoate;chemical;6.0
@CHEMICAL_theasinensin_A;@CHEMICAL_theasinensin_A;chemical;6.0
@CHEMICAL_thifluzamide;@CHEMICAL_thifluzamide;chemical;6.0
@CHEMICAL_thionine;@CHEMICAL_thionine;chemical;6.0
@CHEMICAL_thiotaurine;@CHEMICAL_thiotaurine;chemical;6.0
@CHEMICAL_tilmicosin;@CHEMICAL_tilmicosin;chemical;6.0
@CHEMICAL_tin_protoporphyrin_IX;@CHEMICAL_tin_protoporphyrin_IX;chemical;6.0
@CHEMICAL_tin_sulfide;@CHEMICAL_tin_sulfide;chemical;6.0
@CHEMICAL_tizoxanide;@CHEMICAL_tizoxanide;chemical;6.0
@CHEMICAL_tralokinumab;@CHEMICAL_tralokinumab;chemical;6.0
@CHEMICAL_triadimefon;@CHEMICAL_triadimefon;chemical;6.0
@CHEMICAL_tricetin;@CHEMICAL_tricetin;chemical;6.0
@CHEMICAL_tricyclazole;@CHEMICAL_tricyclazole;chemical;6.0
@CHEMICAL_triflusal;@CHEMICAL_triflusal;chemical;6.0
@CHEMICAL_triphenylene;@CHEMICAL_triphenylene;chemical;6.0
@CHEMICAL_triphenyltetrazolium;@CHEMICAL_triphenyltetrazolium;chemical;6.0
@CHEMICAL_uralenin;@CHEMICAL_uralenin;chemical;6.0
@CHEMICAL_urolithin_C;@CHEMICAL_urolithin_C;chemical;6.0
@CHEMICAL_vadadustat;@CHEMICAL_vadadustat;chemical;6.0
@CHEMICAL_vadimezan;@CHEMICAL_vadimezan;chemical;6.0
@CHEMICAL_valproic_acid_glucuronide;@CHEMICAL_valproic_acid_glucuronide;chemical;6.0
@CHEMICAL_vesatolimod;@CHEMICAL_vesatolimod;chemical;6.0
@CHEMICAL_vidofludimus;@CHEMICAL_vidofludimus;chemical;6.0
@CHEMICAL_vorapaxar;@CHEMICAL_vorapaxar;chemical;6.0
@CHEMICAL_xanthone;@CHEMICAL_xanthone;chemical;6.0
@CHEMICAL_10_10'_dimethyl_9_9'_biacridinium;@CHEMICAL_10_10'_dimethyl_9_9'_biacridinium;chemical;5.0
@CHEMICAL_12_oxophytodienoic_acid;@CHEMICAL_12_oxophytodienoic_acid;chemical;5.0
@CHEMICAL_17_octadecynoic_acid;@CHEMICAL_17_octadecynoic_acid;chemical;5.0
@CHEMICAL_1_(4_((3_(4_methylpiperazin_1_yl)propyl)amino)benzyl)_5_(trifluoromethyl)pyridin_2(1H)_one;@CHEMICAL_1_(4_((3_(4_methylpiperazin_1_yl)propyl)amino)benzyl)_5_(trifluoromethyl)pyridin_2(1H)_one;chemical;5.0
@CHEMICAL_1_2_bis(2_aminophenoxy)ethane_N_N_N'_N'_tetraacetic_acid;@CHEMICAL_1_2_bis(2_aminophenoxy)ethane_N_N_N'_N'_tetraacetic_acid;chemical;5.0
@CHEMICAL_1_2_bis(2_aminophenoxy)ethane_N_N_N'_N'_tetraacetic_acid_acetoxymethyl_ester;@CHEMICAL_1_2_bis(2_aminophenoxy)ethane_N_N_N'_N'_tetraacetic_acid_acetoxymethyl_ester;chemical;5.0
@CHEMICAL_1_3_6_8_pyrene_tetrasulfonate;@CHEMICAL_1_3_6_8_pyrene_tetrasulfonate;chemical;5.0
@CHEMICAL_1_3_DTCTI;@CHEMICAL_1_3_DTCTI;chemical;5.0
@CHEMICAL_1_4_(4_4'_Bis_((4_(dimethylamine)pyridinium_1_yl)_methyl)diphenyl)butane_dibromide;@CHEMICAL_1_4_(4_4'_Bis_((4_(dimethylamine)pyridinium_1_yl)_methyl)diphenyl)butane_dibromide;chemical;5.0
@CHEMICAL_1_6_anhydro_beta_glucopyranose;@CHEMICAL_1_6_anhydro_beta_glucopyranose;chemical;5.0
@CHEMICAL_1_8_dihydroxynaphthalene;@CHEMICAL_1_8_dihydroxynaphthalene;chemical;5.0
@CHEMICAL_1_Propanol;@CHEMICAL_1_Propanol;chemical;5.0
@CHEMICAL_1_ethyl_3_methylimidazolium;@CHEMICAL_1_ethyl_3_methylimidazolium;chemical;5.0
@CHEMICAL_1_methyl_3_(4_(1_methylethyl)phenyl)_2_5_pyrrolidinedione;@CHEMICAL_1_methyl_3_(4_(1_methylethyl)phenyl)_2_5_pyrrolidinedione;chemical;5.0
@CHEMICAL_1_myristoyl_2_(12_((5_dimethylamino_1_naphthalenesulfonyl)amino)dodecanoyl)_sn_glycero_3_phosphocholine;@CHEMICAL_1_myristoyl_2_(12_((5_dimethylamino_1_naphthalenesulfonyl)amino)dodecanoyl)_sn_glycero_3_phosphocholine;chemical;5.0
@CHEMICAL_1_pentene_3_one;@CHEMICAL_1_pentene_3_one;chemical;5.0
@CHEMICAL_1_pyrenecarboxylic_acid;@CHEMICAL_1_pyrenecarboxylic_acid;chemical;5.0
@CHEMICAL_1_tuberculosinyladenosine;@CHEMICAL_1_tuberculosinyladenosine;chemical;5.0
@CHEMICAL_2'_hydroxyflavanone;@CHEMICAL_2'_hydroxyflavanone;chemical;5.0
@CHEMICAL_2_((aminocarbonyl)amino)_5_(4_fluorophenyl)_3_thiophenecarboxamide;@CHEMICAL_2_((aminocarbonyl)amino)_5_(4_fluorophenyl)_3_thiophenecarboxamide;chemical;5.0
@CHEMICAL_2_(1_3_dimethyl_2_6_dioxo_1_2_3_6_tetrahydro_7H_purin_7_yl)_N_(4_isopropylphenyl)acetamide;@CHEMICAL_2_(1_3_dimethyl_2_6_dioxo_1_2_3_6_tetrahydro_7H_purin_7_yl)_N_(4_isopropylphenyl)acetamide;chemical;5.0
@CHEMICAL_2_(1_carboxy_2_(3_(3_5_dichlorobenzyl)_3H_imidazol_4_yl)ethylamino)_4_methylpentanoic_acid;@CHEMICAL_2_(1_carboxy_2_(3_(3_5_dichlorobenzyl)_3H_imidazol_4_yl)ethylamino)_4_methylpentanoic_acid;chemical;5.0
@CHEMICAL_2_(2'_(5_ethyl_3_4_diphenyl_1H_pyrazol_1_yl)biphenyl_3_yloxy)acetic_acid;@CHEMICAL_2_(2'_(5_ethyl_3_4_diphenyl_1H_pyrazol_1_yl)biphenyl_3_yloxy)acetic_acid;chemical;5.0
@CHEMICAL_2_(5_(3_chlorophenyl)_6_(4_chlorophenyl)_1_(1_(isopropylsulfonyl)_3_methylbutan_2_yl)_3_methyl_2_oxopiperidin_3_yl)acetic_acid;@CHEMICAL_2_(5_(3_chlorophenyl)_6_(4_chlorophenyl)_1_(1_(isopropylsulfonyl)_3_methylbutan_2_yl)_3_methyl_2_oxopiperidin_3_yl)acetic_acid;chemical;5.0
@CHEMICAL_2_3'_5'_6_tetrahydroxy_trans_stilbene;@CHEMICAL_2_3'_5'_6_tetrahydroxy_trans_stilbene;chemical;5.0
@CHEMICAL_2_3_butylene_glycol;@CHEMICAL_2_3_butylene_glycol;chemical;5.0
@CHEMICAL_2_4_6_tribromophenol;@CHEMICAL_2_4_6_tribromophenol;chemical;5.0
@CHEMICAL_2_4_6_triphenyl_1_hexene;@CHEMICAL_2_4_6_triphenyl_1_hexene;chemical;5.0
@CHEMICAL_2_5_2'_5'_tetrachlorobiphenyl;@CHEMICAL_2_5_2'_5'_tetrachlorobiphenyl;chemical;5.0
@CHEMICAL_2_6_dichloro_(1_4)benzoquinone;@CHEMICAL_2_6_dichloro_(1_4)benzoquinone;chemical;5.0
@CHEMICAL_2_7''_phloroglucinol_6_6'_bieckol;@CHEMICAL_2_7''_phloroglucinol_6_6'_bieckol;chemical;5.0
@CHEMICAL_2_cresol;@CHEMICAL_2_cresol;chemical;5.0
@CHEMICAL_2_ethylhexanol;@CHEMICAL_2_ethylhexanol;chemical;5.0
@CHEMICAL_2_hydroxyethylmercapturic_acid;@CHEMICAL_2_hydroxyethylmercapturic_acid;chemical;5.0
@CHEMICAL_2_iodomelatonin;@CHEMICAL_2_iodomelatonin;chemical;5.0
@CHEMICAL_3'_deamino_3''_4'_anhydro_(2''_methoxy_3''_oxy_4''_morpholinyl)doxorubicin;@CHEMICAL_3'_deamino_3''_4'_anhydro_(2''_methoxy_3''_oxy_4''_morpholinyl)doxorubicin;chemical;5.0
@CHEMICAL_3_(2_(2_4_6_trimethylphenyl)thioethyl)_4_methylsydnone;@CHEMICAL_3_(2_(2_4_6_trimethylphenyl)thioethyl)_4_methylsydnone;chemical;5.0
@CHEMICAL_3_(2_ethylphenoxy)_1_(1_2_3_4_tetrahydronaphth_1_ylamino)_2_propanol_oxalate;@CHEMICAL_3_(2_ethylphenoxy)_1_(1_2_3_4_tetrahydronaphth_1_ylamino)_2_propanol_oxalate;chemical;5.0
@CHEMICAL_3_(4_bromophenyl)_3_(3_pyridyl)allylamine;@CHEMICAL_3_(4_bromophenyl)_3_(3_pyridyl)allylamine;chemical;5.0
@CHEMICAL_3_acrylamidophenylboronic_acid;@CHEMICAL_3_acrylamidophenylboronic_acid;chemical;5.0
@CHEMICAL_3_aminopiperidine_2_one;@CHEMICAL_3_aminopiperidine_2_one;chemical;5.0
@CHEMICAL_3_dehydroshikimate;@CHEMICAL_3_dehydroshikimate;chemical;5.0
@CHEMICAL_3_hydroxyglutaric_acid;@CHEMICAL_3_hydroxyglutaric_acid;chemical;5.0
@CHEMICAL_4'_phosphopantetheine;@CHEMICAL_4'_phosphopantetheine;chemical;5.0
@CHEMICAL_4(G)_alpha_glucopyranosyl_rutin;@CHEMICAL_4(G)_alpha_glucopyranosyl_rutin;chemical;5.0
@CHEMICAL_4_((3_bromophenyl)amino)_6_7_dimethoxyquinazoline;@CHEMICAL_4_((3_bromophenyl)amino)_6_7_dimethoxyquinazoline;chemical;5.0
@CHEMICAL_4_(2_pyridylazo)resorcinol;@CHEMICAL_4_(2_pyridylazo)resorcinol;chemical;5.0
@CHEMICAL_4_4_'_4''_4'''_(carbonylbis(imino_5_1_3_benzenetriylbis(carbonylimino)))tetrakis(benzene_1_3_disulfonate);@CHEMICAL_4_4_'_4''_4'''_(carbonylbis(imino_5_1_3_benzenetriylbis(carbonylimino)))tetrakis(benzene_1_3_disulfonate);chemical;5.0
@CHEMICAL_4_Nitroquinoline_1_oxide;@CHEMICAL_4_Nitroquinoline_1_oxide;chemical;5.0
@CHEMICAL_4_anisaldehyde;@CHEMICAL_4_anisaldehyde;chemical;5.0
@CHEMICAL_4_benzyl_2_methyl_1_2_4_thiadiazolidine_3_5_dione;@CHEMICAL_4_benzyl_2_methyl_1_2_4_thiadiazolidine_3_5_dione;chemical;5.0
@CHEMICAL_4_chloronitrobenzene;@CHEMICAL_4_chloronitrobenzene;chemical;5.0
@CHEMICAL_4_fluoroamphetamine;@CHEMICAL_4_fluoroamphetamine;chemical;5.0
@CHEMICAL_4_hydroxymandelic_acid;@CHEMICAL_4_hydroxymandelic_acid;chemical;5.0
@CHEMICAL_4_hydroxyphenyllactic_acid;@CHEMICAL_4_hydroxyphenyllactic_acid;chemical;5.0
@CHEMICAL_4_hydroxypropranolol;@CHEMICAL_4_hydroxypropranolol;chemical;5.0
@CHEMICAL_4_methyl_2_4_bis(4_hydroxyphenyl)pent_1_ene;@CHEMICAL_4_methyl_2_4_bis(4_hydroxyphenyl)pent_1_ene;chemical;5.0
@CHEMICAL_4_methylesculetin;@CHEMICAL_4_methylesculetin;chemical;5.0
@CHEMICAL_4_sulfophenylmethallyl_ether;@CHEMICAL_4_sulfophenylmethallyl_ether;chemical;5.0
@CHEMICAL_5'_palmitoyl_cytarabine;@CHEMICAL_5'_palmitoyl_cytarabine;chemical;5.0
@CHEMICAL_5_ethynyl_2'_deoxyuridine;@CHEMICAL_5_ethynyl_2'_deoxyuridine;chemical;5.0
@CHEMICAL_5_heptadecylresorcinol;@CHEMICAL_5_heptadecylresorcinol;chemical;5.0
@CHEMICAL_5_methyl_2_furfural;@CHEMICAL_5_methyl_2_furfural;chemical;5.0
@CHEMICAL_6'_7'_dihydroxybergamottin;@CHEMICAL_6'_7'_dihydroxybergamottin;chemical;5.0
@CHEMICAL_6_(4_(3_(methylsulfonyl)benzylamino)_5_(trifluoromethyl)pyrimidin_2_ylamino)_3_4_dihydroquinolin_2(1H)_one;@CHEMICAL_6_(4_(3_(methylsulfonyl)benzylamino)_5_(trifluoromethyl)pyrimidin_2_ylamino)_3_4_dihydroquinolin_2(1H)_one;chemical;5.0
@CHEMICAL_6_(4_chlorophenyl)imidazo(2_1_b)(1_3)thiazole_5_carbaldehyde_O_(3_4_dichlorobenzyl)oxime;@CHEMICAL_6_(4_chlorophenyl)imidazo(2_1_b)(1_3)thiazole_5_carbaldehyde_O_(3_4_dichlorobenzyl)oxime;chemical;5.0
@CHEMICAL_6_TSQ;@CHEMICAL_6_TSQ;chemical;5.0
@CHEMICAL_6_methoxy_4'_5_dihydroxyflavone_7_O_glucoside;@CHEMICAL_6_methoxy_4'_5_dihydroxyflavone_7_O_glucoside;chemical;5.0
@CHEMICAL_6_thioguanylic_acid;@CHEMICAL_6_thioguanylic_acid;chemical;5.0
@CHEMICAL_7_8_dimethoxycoumarin;@CHEMICAL_7_8_dimethoxycoumarin;chemical;5.0
@CHEMICAL_7_ethyl_10_hydroxycamptothecin_beta_glucuronide;@CHEMICAL_7_ethyl_10_hydroxycamptothecin_beta_glucuronide;chemical;5.0
@CHEMICAL_7_hydroxymitragynine;@CHEMICAL_7_hydroxymitragynine;chemical;5.0
@CHEMICAL_7_methylxanthine;@CHEMICAL_7_methylxanthine;chemical;5.0
@CHEMICAL_7_oxozeanol;@CHEMICAL_7_oxozeanol;chemical;5.0
@CHEMICAL_8_(N_N_diethyl)_methyl_amino_3'_5_7_trihydroxy_4'_methoxyflavanone;@CHEMICAL_8_(N_N_diethyl)_methyl_amino_3'_5_7_trihydroxy_4'_methoxyflavanone;chemical;5.0
@CHEMICAL_9_(tetrahydro_2_furyl)_adenine;@CHEMICAL_9_(tetrahydro_2_furyl)_adenine;chemical;5.0
@CHEMICAL_ADU_S100;@CHEMICAL_ADU_S100;chemical;5.0
@CHEMICAL_AWD_131_138;@CHEMICAL_AWD_131_138;chemical;5.0
@CHEMICAL_AZD_7545;@CHEMICAL_AZD_7545;chemical;5.0
@CHEMICAL_Acetoin;@CHEMICAL_Acetoin;chemical;5.0
@CHEMICAL_Adenine_Nucleotides;@CHEMICAL_Adenine_Nucleotides;chemical;5.0
@CHEMICAL_Aflatoxin_M1;@CHEMICAL_Aflatoxin_M1;chemical;5.0
@CHEMICAL_Alfentanil;@CHEMICAL_Alfentanil;chemical;5.0
@CHEMICAL_Altretamine;@CHEMICAL_Altretamine;chemical;5.0
@CHEMICAL_Aminobenzoates;@CHEMICAL_Aminobenzoates;chemical;5.0
@CHEMICAL_Aminocaproic_Acid;@CHEMICAL_Aminocaproic_Acid;chemical;5.0
@CHEMICAL_Aminophenols;@CHEMICAL_Aminophenols;chemical;5.0
@CHEMICAL_Amplex_Red;@CHEMICAL_Amplex_Red;chemical;5.0
@CHEMICAL_Amylopectin;@CHEMICAL_Amylopectin;chemical;5.0
@CHEMICAL_Azetidinecarboxylic_Acid;@CHEMICAL_Azetidinecarboxylic_Acid;chemical;5.0
@CHEMICAL_BA_1;@CHEMICAL_BA_1;chemical;5.0
@CHEMICAL_BI_6727;@CHEMICAL_BI_6727;chemical;5.0
@CHEMICAL_BI_9564;@CHEMICAL_BI_9564;chemical;5.0
@CHEMICAL_Benzocaine;@CHEMICAL_Benzocaine;chemical;5.0
@CHEMICAL_Brentuximab_Vedotin;@CHEMICAL_Brentuximab_Vedotin;chemical;5.0
@CHEMICAL_Brij_35;@CHEMICAL_Brij_35;chemical;5.0
@CHEMICAL_Bromates;@CHEMICAL_Bromates;chemical;5.0
@CHEMICAL_CBLC137;@CHEMICAL_CBLC137;chemical;5.0
@CHEMICAL_CMX_2043;@CHEMICAL_CMX_2043;chemical;5.0
@CHEMICAL_CS_1003;@CHEMICAL_CS_1003;chemical;5.0
@CHEMICAL_CT_P13;@CHEMICAL_CT_P13;chemical;5.0
@CHEMICAL_Calcium_Dobesilate;@CHEMICAL_Calcium_Dobesilate;chemical;5.0
@CHEMICAL_Carbaryl;@CHEMICAL_Carbaryl;chemical;5.0
@CHEMICAL_Carbonated_Water;@CHEMICAL_Carbonated_Water;chemical;5.0
@CHEMICAL_Cefoperazone;@CHEMICAL_Cefoperazone;chemical;5.0
@CHEMICAL_Cefotiam;@CHEMICAL_Cefotiam;chemical;5.0
@CHEMICAL_Cellobiose;@CHEMICAL_Cellobiose;chemical;5.0
@CHEMICAL_Cephalothin;@CHEMICAL_Cephalothin;chemical;5.0
@CHEMICAL_Chloramines;@CHEMICAL_Chloramines;chemical;5.0
@CHEMICAL_Chlormethiazole;@CHEMICAL_Chlormethiazole;chemical;5.0
@CHEMICAL_Chlorobenzenes;@CHEMICAL_Chlorobenzenes;chemical;5.0
@CHEMICAL_Cilastatin;@CHEMICAL_Cilastatin;chemical;5.0
@CHEMICAL_Cryptoxanthins;@CHEMICAL_Cryptoxanthins;chemical;5.0
@CHEMICAL_Cyanoacrylates;@CHEMICAL_Cyanoacrylates;chemical;5.0
@CHEMICAL_DDB;@CHEMICAL_DDB;chemical;5.0
@CHEMICAL_DOPA_melanin;@CHEMICAL_DOPA_melanin;chemical;5.0
@CHEMICAL_Daclizumab;@CHEMICAL_Daclizumab;chemical;5.0
@CHEMICAL_Dalteparin;@CHEMICAL_Dalteparin;chemical;5.0
@CHEMICAL_Dapivirine;@CHEMICAL_Dapivirine;chemical;5.0
@CHEMICAL_Deoxyuridine;@CHEMICAL_Deoxyuridine;chemical;5.0
@CHEMICAL_Dextrins;@CHEMICAL_Dextrins;chemical;5.0
@CHEMICAL_Dichlorvos;@CHEMICAL_Dichlorvos;chemical;5.0
@CHEMICAL_Dienestrol;@CHEMICAL_Dienestrol;chemical;5.0
@CHEMICAL_Dithizone;@CHEMICAL_Dithizone;chemical;5.0
@CHEMICAL_Enterobactin;@CHEMICAL_Enterobactin;chemical;5.0
@CHEMICAL_Ertapenem;@CHEMICAL_Ertapenem;chemical;5.0
@CHEMICAL_Ethers;@CHEMICAL_Ethers;chemical;5.0
@CHEMICAL_Ethynodiol_Diacetate;@CHEMICAL_Ethynodiol_Diacetate;chemical;5.0
@CHEMICAL_Eudragit_E_PO;@CHEMICAL_Eudragit_E_PO;chemical;5.0
@CHEMICAL_FLAP_regimen;@CHEMICAL_FLAP_regimen;chemical;5.0
@CHEMICAL_FR_180204;@CHEMICAL_FR_180204;chemical;5.0
@CHEMICAL_Fatty_Acids_Essential;@CHEMICAL_Fatty_Acids_Essential;chemical;5.0
@CHEMICAL_Fatty_Alcohols;@CHEMICAL_Fatty_Alcohols;chemical;5.0
@CHEMICAL_Fenton's_reagent;@CHEMICAL_Fenton's_reagent;chemical;5.0
@CHEMICAL_Fibric_Acids;@CHEMICAL_Fibric_Acids;chemical;5.0
@CHEMICAL_Flavins;@CHEMICAL_Flavins;chemical;5.0
@CHEMICAL_Florisil;@CHEMICAL_Florisil;chemical;5.0
@CHEMICAL_Flumazenil;@CHEMICAL_Flumazenil;chemical;5.0
@CHEMICAL_Fructans;@CHEMICAL_Fructans;chemical;5.0
@CHEMICAL_Fructosamine;@CHEMICAL_Fructosamine;chemical;5.0
@CHEMICAL_Fullerenes;@CHEMICAL_Fullerenes;chemical;5.0
@CHEMICAL_GDC_0326;@CHEMICAL_GDC_0326;chemical;5.0
@CHEMICAL_GSK1210151A;@CHEMICAL_GSK1210151A;chemical;5.0
@CHEMICAL_Galactitol;@CHEMICAL_Galactitol;chemical;5.0
@CHEMICAL_Galactosamine;@CHEMICAL_Galactosamine;chemical;5.0
@CHEMICAL_Glucerna;@CHEMICAL_Glucerna;chemical;5.0
@CHEMICAL_Glucosides;@CHEMICAL_Glucosides;chemical;5.0
@CHEMICAL_Glutarates;@CHEMICAL_Glutarates;chemical;5.0
@CHEMICAL_Glycols;@CHEMICAL_Glycols;chemical;5.0
@CHEMICAL_HCoO2;@CHEMICAL_HCoO2;chemical;5.0
@CHEMICAL_Hydrocarbons_Chlorinated;@CHEMICAL_Hydrocarbons_Chlorinated;chemical;5.0
@CHEMICAL_Hydroxamic_Acids;@CHEMICAL_Hydroxamic_Acids;chemical;5.0
@CHEMICAL_Hydroxides;@CHEMICAL_Hydroxides;chemical;5.0
@CHEMICAL_ICI_D2788;@CHEMICAL_ICI_D2788;chemical;5.0
@CHEMICAL_IR_820;@CHEMICAL_IR_820;chemical;5.0
@CHEMICAL_ISIS_304801;@CHEMICAL_ISIS_304801;chemical;5.0
@CHEMICAL_Imrecoxib;@CHEMICAL_Imrecoxib;chemical;5.0
@CHEMICAL_Iohexol;@CHEMICAL_Iohexol;chemical;5.0
@CHEMICAL_Ions;@CHEMICAL_Ions;chemical;5.0
@CHEMICAL_Isoaspartic_Acid;@CHEMICAL_Isoaspartic_Acid;chemical;5.0
@CHEMICAL_Isocyanates;@CHEMICAL_Isocyanates;chemical;5.0
@CHEMICAL_JTP_117968;@CHEMICAL_JTP_117968;chemical;5.0
@CHEMICAL_KP372_1;@CHEMICAL_KP372_1;chemical;5.0
@CHEMICAL_Karaya_Gum;@CHEMICAL_Karaya_Gum;chemical;5.0
@CHEMICAL_L_902688;@CHEMICAL_L_902688;chemical;5.0
@CHEMICAL_Lanosterol;@CHEMICAL_Lanosterol;chemical;5.0
@CHEMICAL_Leukotriene_E4;@CHEMICAL_Leukotriene_E4;chemical;5.0
@CHEMICAL_Lysergic_Acid_Diethylamide;@CHEMICAL_Lysergic_Acid_Diethylamide;chemical;5.0
@CHEMICAL_MGK_264;@CHEMICAL_MGK_264;chemical;5.0
@CHEMICAL_ML_7;@CHEMICAL_ML_7;chemical;5.0
@CHEMICAL_MRI_1867;@CHEMICAL_MRI_1867;chemical;5.0
@CHEMICAL_Maleic_Anhydrides;@CHEMICAL_Maleic_Anhydrides;chemical;5.0
@CHEMICAL_Methenamine;@CHEMICAL_Methenamine;chemical;5.0
@CHEMICAL_Methoxychlor;@CHEMICAL_Methoxychlor;chemical;5.0
@CHEMICAL_Miransertib;@CHEMICAL_Miransertib;chemical;5.0
@CHEMICAL_Mn(III)_tetrakis(4_benzoic_acid)porphyrin;@CHEMICAL_Mn(III)_tetrakis(4_benzoic_acid)porphyrin;chemical;5.0
@CHEMICAL_Moclobemide;@CHEMICAL_Moclobemide;chemical;5.0
@CHEMICAL_Mulberrin;@CHEMICAL_Mulberrin;chemical;5.0
@CHEMICAL_Mycofix;@CHEMICAL_Mycofix;chemical;5.0
@CHEMICAL_N(6)_acetyl_N(6)_hydroxylysine;@CHEMICAL_N(6)_acetyl_N(6)_hydroxylysine;chemical;5.0
@CHEMICAL_N6_(2_hydroxyethyl)adenosine;@CHEMICAL_N6_(2_hydroxyethyl)adenosine;chemical;5.0
@CHEMICAL_NCT_503;@CHEMICAL_NCT_503;chemical;5.0
@CHEMICAL_NSC_74859;@CHEMICAL_NSC_74859;chemical;5.0
@CHEMICAL_NVP_BHG712;@CHEMICAL_NVP_BHG712;chemical;5.0
@CHEMICAL_NVP_BKM120;@CHEMICAL_NVP_BKM120;chemical;5.0
@CHEMICAL_N_(2_(4_(2_methoxyphenyl)_1_piperazinyl)ethyl)_N_(2_pyridinyl)cyclohexanecarboxamide;@CHEMICAL_N_(2_(4_(2_methoxyphenyl)_1_piperazinyl)ethyl)_N_(2_pyridinyl)cyclohexanecarboxamide;chemical;5.0
@CHEMICAL_N_(2_hydroxy_3_(2_cyano_3_chlorophenoxy)propyl)_1_1_dimethyl_2_(2_nephthyl)ethylamine;@CHEMICAL_N_(2_hydroxy_3_(2_cyano_3_chlorophenoxy)propyl)_1_1_dimethyl_2_(2_nephthyl)ethylamine;chemical;5.0
@CHEMICAL_N_(2_mercaptoethyl)_1_3_diaminopropane;@CHEMICAL_N_(2_mercaptoethyl)_1_3_diaminopropane;chemical;5.0
@CHEMICAL_N_N_N'_N'_tetrakis(2_pyridylmethyl)ethylenediamine;@CHEMICAL_N_N_N'_N'_tetrakis(2_pyridylmethyl)ethylenediamine;chemical;5.0
@CHEMICAL_N_acetyl_L_arginine;@CHEMICAL_N_acetyl_L_arginine;chemical;5.0
@CHEMICAL_N_acetyl_S_(2_carbamoylethyl)_L_cysteine;@CHEMICAL_N_acetyl_S_(2_carbamoylethyl)_L_cysteine;chemical;5.0
@CHEMICAL_N_acetylcysteine_lysinate;@CHEMICAL_N_acetylcysteine_lysinate;chemical;5.0
@CHEMICAL_N_acetylcytidine;@CHEMICAL_N_acetylcytidine;chemical;5.0
@CHEMICAL_N_acetylneuraminoyllactose;@CHEMICAL_N_acetylneuraminoyllactose;chemical;5.0
@CHEMICAL_N_dihydrogalactochitosan;@CHEMICAL_N_dihydrogalactochitosan;chemical;5.0
@CHEMICAL_N_nitroso_tris_chloroethylurea;@CHEMICAL_N_nitroso_tris_chloroethylurea;chemical;5.0
@CHEMICAL_Neutral_Red;@CHEMICAL_Neutral_Red;chemical;5.0
@CHEMICAL_Niclofolan;@CHEMICAL_Niclofolan;chemical;5.0
@CHEMICAL_Nitroarginine;@CHEMICAL_Nitroarginine;chemical;5.0
@CHEMICAL_Nucleoside_Q;@CHEMICAL_Nucleoside_Q;chemical;5.0
@CHEMICAL_OATD_01;@CHEMICAL_OATD_01;chemical;5.0
@CHEMICAL_OPC_67683;@CHEMICAL_OPC_67683;chemical;5.0
@CHEMICAL_OSU_6162;@CHEMICAL_OSU_6162;chemical;5.0
@CHEMICAL_OTS514;@CHEMICAL_OTS514;chemical;5.0
@CHEMICAL_O_carboxymethylchitosan;@CHEMICAL_O_carboxymethylchitosan;chemical;5.0
@CHEMICAL_Octanols;@CHEMICAL_Octanols;chemical;5.0
@CHEMICAL_PND_1186;@CHEMICAL_PND_1186;chemical;5.0
@CHEMICAL_PO_2;@CHEMICAL_PO_2;chemical;5.0
@CHEMICAL_PT2385;@CHEMICAL_PT2385;chemical;5.0
@CHEMICAL_Palonosetron;@CHEMICAL_Palonosetron;chemical;5.0
@CHEMICAL_Phenformin;@CHEMICAL_Phenformin;chemical;5.0
@CHEMICAL_Piroxicam;@CHEMICAL_Piroxicam;chemical;5.0
@CHEMICAL_Porphobilinogen;@CHEMICAL_Porphobilinogen;chemical;5.0
@CHEMICAL_Pristinamycin;@CHEMICAL_Pristinamycin;chemical;5.0
@CHEMICAL_Pyrimidine_Nucleotides;@CHEMICAL_Pyrimidine_Nucleotides;chemical;5.0
@CHEMICAL_Pyrrolizidine_Alkaloids;@CHEMICAL_Pyrrolizidine_Alkaloids;chemical;5.0
@CHEMICAL_QS_7;@CHEMICAL_QS_7;chemical;5.0
@CHEMICAL_RG100204;@CHEMICAL_RG100204;chemical;5.0
@CHEMICAL_RXP03;@CHEMICAL_RXP03;chemical;5.0
@CHEMICAL_Ro_25_6981;@CHEMICAL_Ro_25_6981;chemical;5.0
@CHEMICAL_Roxithromycin;@CHEMICAL_Roxithromycin;chemical;5.0
@CHEMICAL_SAG1.3;@CHEMICAL_SAG1.3;chemical;5.0
@CHEMICAL_SBE4_beta_cyclodextrin;@CHEMICAL_SBE4_beta_cyclodextrin;chemical;5.0
@CHEMICAL_SC75741;@CHEMICAL_SC75741;chemical;5.0
@CHEMICAL_SCH_23390;@CHEMICAL_SCH_23390;chemical;5.0
@CHEMICAL_S_2_aminoethyl_cysteine;@CHEMICAL_S_2_aminoethyl_cysteine;chemical;5.0
@CHEMICAL_S_allylcysteine;@CHEMICAL_S_allylcysteine;chemical;5.0
@CHEMICAL_S_benzyl_N_acetyl_L_cysteine;@CHEMICAL_S_benzyl_N_acetyl_L_cysteine;chemical;5.0
@CHEMICAL_S_sulphocysteine;@CHEMICAL_S_sulphocysteine;chemical;5.0
@CHEMICAL_Saquinavir;@CHEMICAL_Saquinavir;chemical;5.0
@CHEMICAL_Sar_Arg_Val_Tyr_Ile_His_Pro_Ala_OH;@CHEMICAL_Sar_Arg_Val_Tyr_Ile_His_Pro_Ala_OH;chemical;5.0
@CHEMICAL_Silicone_Elastomers;@CHEMICAL_Silicone_Elastomers;chemical;5.0
@CHEMICAL_Siloxanes;@CHEMICAL_Siloxanes;chemical;5.0
@CHEMICAL_Silver_Sulfadiazine;@CHEMICAL_Silver_Sulfadiazine;chemical;5.0
@CHEMICAL_Smectite;@CHEMICAL_Smectite;chemical;5.0
@CHEMICAL_Sodium_Lactate;@CHEMICAL_Sodium_Lactate;chemical;5.0
@CHEMICAL_Sodium_Pertechnetate_Tc_99m;@CHEMICAL_Sodium_Pertechnetate_Tc_99m;chemical;5.0
@CHEMICAL_Spectinomycin;@CHEMICAL_Spectinomycin;chemical;5.0
@CHEMICAL_Sulfones;@CHEMICAL_Sulfones;chemical;5.0
@CHEMICAL_Sulfur_Oxides;@CHEMICAL_Sulfur_Oxides;chemical;5.0
@CHEMICAL_Suprofen;@CHEMICAL_Suprofen;chemical;5.0
@CHEMICAL_TCN_201;@CHEMICAL_TCN_201;chemical;5.0
@CHEMICAL_TES;@CHEMICAL_TES;chemical;5.0
@CHEMICAL_Terbutaline;@CHEMICAL_Terbutaline;chemical;5.0
@CHEMICAL_Tetrahydrocortisone;@CHEMICAL_Tetrahydrocortisone;chemical;5.0
@CHEMICAL_Tinzaparin;@CHEMICAL_Tinzaparin;chemical;5.0
@CHEMICAL_Tirapazamine;@CHEMICAL_Tirapazamine;chemical;5.0
@CHEMICAL_Tobramycin_Dexamethasone_Drug_Combination;@CHEMICAL_Tobramycin_Dexamethasone_Drug_Combination;chemical;5.0
@CHEMICAL_Trazodone;@CHEMICAL_Trazodone;chemical;5.0
@CHEMICAL_Triacetoneamine_N_Oxyl;@CHEMICAL_Triacetoneamine_N_Oxyl;chemical;5.0
@CHEMICAL_Uridine_Monophosphate;@CHEMICAL_Uridine_Monophosphate;chemical;5.0
@CHEMICAL_WZ4003;@CHEMICAL_WZ4003;chemical;5.0
@CHEMICAL_WZB117;@CHEMICAL_WZB117;chemical;5.0
@CHEMICAL_YS_49;@CHEMICAL_YS_49;chemical;5.0
@CHEMICAL_Zonisamide;@CHEMICAL_Zonisamide;chemical;5.0
@CHEMICAL_acetic_anhydride;@CHEMICAL_acetic_anhydride;chemical;5.0
@CHEMICAL_acetosyringone;@CHEMICAL_acetosyringone;chemical;5.0
@CHEMICAL_acetyl_2_naphthylalanyl_3_chlorophenylalanyl_1_oxohexadecyl_seryl_4_aminophenylalanyl(hydroorotyl)_4_aminophenylalanyl(carbamoyl)_leucyl_ILys_prolyl_alaninamide;@CHEMICAL_acetyl_2_naphthylalanyl_3_chlorophenylalanyl_1_oxohexadecyl_seryl_4_aminophenylalanyl(hydroorotyl)_4_aminophenylalanyl(carbamoyl)_leucyl_ILys_prolyl_alaninamide;chemical;5.0
@CHEMICAL_albanol_B;@CHEMICAL_albanol_B;chemical;5.0
@CHEMICAL_alexandrite;@CHEMICAL_alexandrite;chemical;5.0
@CHEMICAL_alkoxyl_radical;@CHEMICAL_alkoxyl_radical;chemical;5.0
@CHEMICAL_alkylbenzyl_sulfonic_acid;@CHEMICAL_alkylbenzyl_sulfonic_acid;chemical;5.0
@CHEMICAL_alpha_naphthoflavone;@CHEMICAL_alpha_naphthoflavone;chemical;5.0
@CHEMICAL_alternariol;@CHEMICAL_alternariol;chemical;5.0
@CHEMICAL_aluminum_oxide_hydroxide;@CHEMICAL_aluminum_oxide_hydroxide;chemical;5.0
@CHEMICAL_ammonium_acetate;@CHEMICAL_ammonium_acetate;chemical;5.0
@CHEMICAL_ammonium_phosphate;@CHEMICAL_ammonium_phosphate;chemical;5.0
@CHEMICAL_androst_16_en_3_one;@CHEMICAL_androst_16_en_3_one;chemical;5.0
@CHEMICAL_aniline_blue;@CHEMICAL_aniline_blue;chemical;5.0
@CHEMICAL_antiarrhythmic_peptide;@CHEMICAL_antiarrhythmic_peptide;chemical;5.0
@CHEMICAL_antimony_trisulfide;@CHEMICAL_antimony_trisulfide;chemical;5.0
@CHEMICAL_apcin;@CHEMICAL_apcin;chemical;5.0
@CHEMICAL_apigenin_6_8_di_C_glycopyranoside;@CHEMICAL_apigenin_6_8_di_C_glycopyranoside;chemical;5.0
@CHEMICAL_arginine_glutamate;@CHEMICAL_arginine_glutamate;chemical;5.0
@CHEMICAL_arginyl_2_'6'_dimethyltyrosyl_lysyl_phenylalaninamide;@CHEMICAL_arginyl_2_'6'_dimethyltyrosyl_lysyl_phenylalaninamide;chemical;5.0
@CHEMICAL_arsenobetaine;@CHEMICAL_arsenobetaine;chemical;5.0
@CHEMICAL_aschantin;@CHEMICAL_aschantin;chemical;5.0
@CHEMICAL_avatrombopag;@CHEMICAL_avatrombopag;chemical;5.0
@CHEMICAL_avibactam;@CHEMICAL_avibactam;chemical;5.0
@CHEMICAL_azathiopurine;@CHEMICAL_azathiopurine;chemical;5.0
@CHEMICAL_bacterioruberin;@CHEMICAL_bacterioruberin;chemical;5.0
@CHEMICAL_bardoxolone;@CHEMICAL_bardoxolone;chemical;5.0
@CHEMICAL_befiradol;@CHEMICAL_befiradol;chemical;5.0
@CHEMICAL_behenic_acid;@CHEMICAL_behenic_acid;chemical;5.0
@CHEMICAL_benzyloxycarbonyltyrosyl_valyl_alanyl_aspartic_acid_fluoromethyl_ketone;@CHEMICAL_benzyloxycarbonyltyrosyl_valyl_alanyl_aspartic_acid_fluoromethyl_ketone;chemical;5.0
@CHEMICAL_beta_myrcene;@CHEMICAL_beta_myrcene;chemical;5.0
@CHEMICAL_beta_solamarine;@CHEMICAL_beta_solamarine;chemical;5.0
@CHEMICAL_bis(1_3_5_benzenetricarboxylate)tricopper(II);@CHEMICAL_bis(1_3_5_benzenetricarboxylate)tricopper(II);chemical;5.0
@CHEMICAL_bisleuconothine_A;@CHEMICAL_bisleuconothine_A;chemical;5.0
@CHEMICAL_brassicasterol;@CHEMICAL_brassicasterol;chemical;5.0
@CHEMICAL_brigatinib;@CHEMICAL_brigatinib;chemical;5.0
@CHEMICAL_calpeptin;@CHEMICAL_calpeptin;chemical;5.0
@CHEMICAL_camalexin;@CHEMICAL_camalexin;chemical;5.0
@CHEMICAL_carbene;@CHEMICAL_carbene;chemical;5.0
@CHEMICAL_carbonyl_sulfide;@CHEMICAL_carbonyl_sulfide;chemical;5.0
@CHEMICAL_carpropamid;@CHEMICAL_carpropamid;chemical;5.0
@CHEMICAL_cathinone;@CHEMICAL_cathinone;chemical;5.0
@CHEMICAL_chalcopyrite;@CHEMICAL_chalcopyrite;chemical;5.0
@CHEMICAL_chloramine;@CHEMICAL_chloramine;chemical;5.0
@CHEMICAL_chlorophyllin;@CHEMICAL_chlorophyllin;chemical;5.0
@CHEMICAL_cholest_5_en_3_beta_7_alpha_diol;@CHEMICAL_cholest_5_en_3_beta_7_alpha_diol;chemical;5.0
@CHEMICAL_chondroitin_sulfate_succinimidyl_succinate;@CHEMICAL_chondroitin_sulfate_succinimidyl_succinate;chemical;5.0
@CHEMICAL_chromic_oxide;@CHEMICAL_chromic_oxide;chemical;5.0
@CHEMICAL_citramalate;@CHEMICAL_citramalate;chemical;5.0
@CHEMICAL_convallatoxin;@CHEMICAL_convallatoxin;chemical;5.0
@CHEMICAL_coomassie_Brilliant_Blue;@CHEMICAL_coomassie_Brilliant_Blue;chemical;5.0
@CHEMICAL_corrole;@CHEMICAL_corrole;chemical;5.0
@CHEMICAL_cortol;@CHEMICAL_cortol;chemical;5.0
@CHEMICAL_cudratricusxanthone_A;@CHEMICAL_cudratricusxanthone_A;chemical;5.0
@CHEMICAL_cyanuric_acid;@CHEMICAL_cyanuric_acid;chemical;5.0
@CHEMICAL_cyclo(Trp_Asp_Pro_Val_Leu);@CHEMICAL_cyclo(Trp_Asp_Pro_Val_Leu);chemical;5.0
@CHEMICAL_cycloartenol;@CHEMICAL_cycloartenol;chemical;5.0
@CHEMICAL_cyclodextrin_polymer;@CHEMICAL_cyclodextrin_polymer;chemical;5.0
@CHEMICAL_cyclohexenoesculetin_beta_galactoside;@CHEMICAL_cyclohexenoesculetin_beta_galactoside;chemical;5.0
@CHEMICAL_dehydrobutyrine;@CHEMICAL_dehydrobutyrine;chemical;5.0
@CHEMICAL_dehydroxymethylepoxyquinomicin;@CHEMICAL_dehydroxymethylepoxyquinomicin;chemical;5.0
@CHEMICAL_di_2_pyridylketone_4_4_dimethyl_3_thiosemicarbazone;@CHEMICAL_di_2_pyridylketone_4_4_dimethyl_3_thiosemicarbazone;chemical;5.0
@CHEMICAL_dialdehyde_starch;@CHEMICAL_dialdehyde_starch;chemical;5.0
@CHEMICAL_dicyclohexyl_2_3_epoxysuccinate;@CHEMICAL_dicyclohexyl_2_3_epoxysuccinate;chemical;5.0
@CHEMICAL_diethyl_sulfate;@CHEMICAL_diethyl_sulfate;chemical;5.0
@CHEMICAL_dihydrosanguinarine;@CHEMICAL_dihydrosanguinarine;chemical;5.0
@CHEMICAL_dimethyl_phosphate;@CHEMICAL_dimethyl_phosphate;chemical;5.0
@CHEMICAL_dimethylamine;@CHEMICAL_dimethylamine;chemical;5.0
@CHEMICAL_diphenylphosphorazidate;@CHEMICAL_diphenylphosphorazidate;chemical;5.0
@CHEMICAL_dopachrome;@CHEMICAL_dopachrome;chemical;5.0
@CHEMICAL_dopaquinone;@CHEMICAL_dopaquinone;chemical;5.0
@CHEMICAL_dracorhodin;@CHEMICAL_dracorhodin;chemical;5.0
@CHEMICAL_durlobactam;@CHEMICAL_durlobactam;chemical;5.0
@CHEMICAL_duvelisib;@CHEMICAL_duvelisib;chemical;5.0
@CHEMICAL_echinocystic_acid;@CHEMICAL_echinocystic_acid;chemical;5.0
@CHEMICAL_edoxaban;@CHEMICAL_edoxaban;chemical;5.0
@CHEMICAL_effusol;@CHEMICAL_effusol;chemical;5.0
@CHEMICAL_eleclazine;@CHEMICAL_eleclazine;chemical;5.0
@CHEMICAL_ellagitannin;@CHEMICAL_ellagitannin;chemical;5.0
@CHEMICAL_ensitrelvir;@CHEMICAL_ensitrelvir;chemical;5.0
@CHEMICAL_entacapone;@CHEMICAL_entacapone;chemical;5.0
@CHEMICAL_enzacamene;@CHEMICAL_enzacamene;chemical;5.0
@CHEMICAL_epacadostat;@CHEMICAL_epacadostat;chemical;5.0
@CHEMICAL_episalvan;@CHEMICAL_episalvan;chemical;5.0
@CHEMICAL_erdosteine;@CHEMICAL_erdosteine;chemical;5.0
@CHEMICAL_estrone_3_glucuronide;@CHEMICAL_estrone_3_glucuronide;chemical;5.0
@CHEMICAL_ethinyl_estradiol_levonorgestrel_drug_combination;@CHEMICAL_ethinyl_estradiol_levonorgestrel_drug_combination;chemical;5.0
@CHEMICAL_ethyl_levulinate;@CHEMICAL_ethyl_levulinate;chemical;5.0
@CHEMICAL_ethyl_maltol;@CHEMICAL_ethyl_maltol;chemical;5.0
@CHEMICAL_ethylamine;@CHEMICAL_ethylamine;chemical;5.0
@CHEMICAL_falcarinol;@CHEMICAL_falcarinol;chemical;5.0
@CHEMICAL_farnesyl_pyrophosphate;@CHEMICAL_farnesyl_pyrophosphate;chemical;5.0
@CHEMICAL_ferric_pyrophosphate;@CHEMICAL_ferric_pyrophosphate;chemical;5.0
@CHEMICAL_ferrite;@CHEMICAL_ferrite;chemical;5.0
@CHEMICAL_ferroporphyrin;@CHEMICAL_ferroporphyrin;chemical;5.0
@CHEMICAL_ferrous_chloride;@CHEMICAL_ferrous_chloride;chemical;5.0
@CHEMICAL_ferrous_gluconate;@CHEMICAL_ferrous_gluconate;chemical;5.0
@CHEMICAL_feruloyltyramine;@CHEMICAL_feruloyltyramine;chemical;5.0
@CHEMICAL_firsocostat;@CHEMICAL_firsocostat;chemical;5.0
@CHEMICAL_florfenicol;@CHEMICAL_florfenicol;chemical;5.0
@CHEMICAL_fluciclovine_F_18;@CHEMICAL_fluciclovine_F_18;chemical;5.0
@CHEMICAL_fluridone;@CHEMICAL_fluridone;chemical;5.0
@CHEMICAL_fluxapyroxad;@CHEMICAL_fluxapyroxad;chemical;5.0
@CHEMICAL_fosbretabulin;@CHEMICAL_fosbretabulin;chemical;5.0
@CHEMICAL_gallein;@CHEMICAL_gallein;chemical;5.0
@CHEMICAL_gamma_glutamylglutamine;@CHEMICAL_gamma_glutamylglutamine;chemical;5.0
@CHEMICAL_garcinone_C;@CHEMICAL_garcinone_C;chemical;5.0
@CHEMICAL_gardenin_A;@CHEMICAL_gardenin_A;chemical;5.0
@CHEMICAL_geranyl_diphosphate;@CHEMICAL_geranyl_diphosphate;chemical;5.0
@CHEMICAL_geranylhydroquinone;@CHEMICAL_geranylhydroquinone;chemical;5.0
@CHEMICAL_ginsenoside_F1;@CHEMICAL_ginsenoside_F1;chemical;5.0
@CHEMICAL_ginsenoside_Rf;@CHEMICAL_ginsenoside_Rf;chemical;5.0
@CHEMICAL_glasdegib;@CHEMICAL_glasdegib;chemical;5.0
@CHEMICAL_glecaprevir_and_pibrentasvir;@CHEMICAL_glecaprevir_and_pibrentasvir;chemical;5.0
@CHEMICAL_glofitamab;@CHEMICAL_glofitamab;chemical;5.0
@CHEMICAL_glucose_1_phosphate;@CHEMICAL_glucose_1_phosphate;chemical;5.0
@CHEMICAL_glycyrrhetyl_3_monoglucuronide;@CHEMICAL_glycyrrhetyl_3_monoglucuronide;chemical;5.0
@CHEMICAL_heparosan;@CHEMICAL_heparosan;chemical;5.0
@CHEMICAL_heptanal;@CHEMICAL_heptanal;chemical;5.0
@CHEMICAL_hesperetin_7_glucoside;@CHEMICAL_hesperetin_7_glucoside;chemical;5.0
@CHEMICAL_hesperidin_methylchalcone;@CHEMICAL_hesperidin_methylchalcone;chemical;5.0
@CHEMICAL_hetrombopag;@CHEMICAL_hetrombopag;chemical;5.0
@CHEMICAL_hexabromocyclododecane;@CHEMICAL_hexabromocyclododecane;chemical;5.0
@CHEMICAL_hexamethylene_glycol;@CHEMICAL_hexamethylene_glycol;chemical;5.0
@CHEMICAL_hydrocortisone_hemisuccinate;@CHEMICAL_hydrocortisone_hemisuccinate;chemical;5.0
@CHEMICAL_hydromethylthionine;@CHEMICAL_hydromethylthionine;chemical;5.0
@CHEMICAL_hydronidone;@CHEMICAL_hydronidone;chemical;5.0
@CHEMICAL_hydroxycamptothecinum;@CHEMICAL_hydroxycamptothecinum;chemical;5.0
@CHEMICAL_hydroxycotinine;@CHEMICAL_hydroxycotinine;chemical;5.0
@CHEMICAL_hypoglycin;@CHEMICAL_hypoglycin;chemical;5.0
@CHEMICAL_ifenprodil;@CHEMICAL_ifenprodil;chemical;5.0
@CHEMICAL_indigoidine;@CHEMICAL_indigoidine;chemical;5.0
@CHEMICAL_isocarbophos;@CHEMICAL_isocarbophos;chemical;5.0
@CHEMICAL_isoschaftoside;@CHEMICAL_isoschaftoside;chemical;5.0
@CHEMICAL_isosorbide_5_mononitrate;@CHEMICAL_isosorbide_5_mononitrate;chemical;5.0
@CHEMICAL_ivarmacitinib;@CHEMICAL_ivarmacitinib;chemical;5.0
@CHEMICAL_kenpaullone;@CHEMICAL_kenpaullone;chemical;5.0
@CHEMICAL_kifunensine;@CHEMICAL_kifunensine;chemical;5.0
@CHEMICAL_kobusin;@CHEMICAL_kobusin;chemical;5.0
@CHEMICAL_lazertinib;@CHEMICAL_lazertinib;chemical;5.0
@CHEMICAL_lead_oxide;@CHEMICAL_lead_oxide;chemical;5.0
@CHEMICAL_leriglitazone;@CHEMICAL_leriglitazone;chemical;5.0
@CHEMICAL_lesinurad;@CHEMICAL_lesinurad;chemical;5.0
@CHEMICAL_lespenefril;@CHEMICAL_lespenefril;chemical;5.0
@CHEMICAL_lipoarabinomannan;@CHEMICAL_lipoarabinomannan;chemical;5.0
@CHEMICAL_lisavanbulin;@CHEMICAL_lisavanbulin;chemical;5.0
@CHEMICAL_lisofylline;@CHEMICAL_lisofylline;chemical;5.0
@CHEMICAL_lithium_sulfate;@CHEMICAL_lithium_sulfate;chemical;5.0
@CHEMICAL_lonidamine;@CHEMICAL_lonidamine;chemical;5.0
@CHEMICAL_lorcaserin;@CHEMICAL_lorcaserin;chemical;5.0
@CHEMICAL_lutetium_Lu_177_dotatate;@CHEMICAL_lutetium_Lu_177_dotatate;chemical;5.0
@CHEMICAL_macitentan;@CHEMICAL_macitentan;chemical;5.0
@CHEMICAL_malyl_coenzyme_A;@CHEMICAL_malyl_coenzyme_A;chemical;5.0
@CHEMICAL_martinostat;@CHEMICAL_martinostat;chemical;5.0
@CHEMICAL_mesdopetam;@CHEMICAL_mesdopetam;chemical;5.0
@CHEMICAL_mesoglycan;@CHEMICAL_mesoglycan;chemical;5.0
@CHEMICAL_metalaxyl;@CHEMICAL_metalaxyl;chemical;5.0
@CHEMICAL_metanil_yellow;@CHEMICAL_metanil_yellow;chemical;5.0
@CHEMICAL_methotrexate_polyglutamate;@CHEMICAL_methotrexate_polyglutamate;chemical;5.0
@CHEMICAL_methyl_bensulfuron;@CHEMICAL_methyl_bensulfuron;chemical;5.0
@CHEMICAL_methyl_carbonate;@CHEMICAL_methyl_carbonate;chemical;5.0
@CHEMICAL_methyl_malonate;@CHEMICAL_methyl_malonate;chemical;5.0
@CHEMICAL_microcystin;@CHEMICAL_microcystin;chemical;5.0
@CHEMICAL_molnupiravir;@CHEMICAL_molnupiravir;chemical;5.0
@CHEMICAL_molybdate;@CHEMICAL_molybdate;chemical;5.0
@CHEMICAL_monodansylcadaverine;@CHEMICAL_monodansylcadaverine;chemical;5.0
@CHEMICAL_morphine_6_glucuronide;@CHEMICAL_morphine_6_glucuronide;chemical;5.0
@CHEMICAL_mycolactone;@CHEMICAL_mycolactone;chemical;5.0
@CHEMICAL_n_pentanol;@CHEMICAL_n_pentanol;chemical;5.0
@CHEMICAL_navoximod;@CHEMICAL_navoximod;chemical;5.0
@CHEMICAL_necitumumab;@CHEMICAL_necitumumab;chemical;5.0
@CHEMICAL_netakimab;@CHEMICAL_netakimab;chemical;5.0
@CHEMICAL_netupitant_palosentron_drug_combination;@CHEMICAL_netupitant_palosentron_drug_combination;chemical;5.0
@CHEMICAL_nimotuzumab;@CHEMICAL_nimotuzumab;chemical;5.0
@CHEMICAL_nitrosoproline;@CHEMICAL_nitrosoproline;chemical;5.0
@CHEMICAL_nylon_6;@CHEMICAL_nylon_6;chemical;5.0
@CHEMICAL_odanacatib;@CHEMICAL_odanacatib;chemical;5.0
@CHEMICAL_oleacein;@CHEMICAL_oleacein;chemical;5.0
@CHEMICAL_oleylamide;@CHEMICAL_oleylamide;chemical;5.0
@CHEMICAL_omecamtiv_mecarbil;@CHEMICAL_omecamtiv_mecarbil;chemical;5.0
@CHEMICAL_oryzalin;@CHEMICAL_oryzalin;chemical;5.0
@CHEMICAL_osalmide;@CHEMICAL_osalmide;chemical;5.0
@CHEMICAL_oxophenylarsine;@CHEMICAL_oxophenylarsine;chemical;5.0
@CHEMICAL_oxybenzone;@CHEMICAL_oxybenzone;chemical;5.0
@CHEMICAL_oxysophoridine;@CHEMICAL_oxysophoridine;chemical;5.0
@CHEMICAL_p_Chloroamphetamine;@CHEMICAL_p_Chloroamphetamine;chemical;5.0
@CHEMICAL_p_Hydroxynorephedrine;@CHEMICAL_p_Hydroxynorephedrine;chemical;5.0
@CHEMICAL_pearl_powder;@CHEMICAL_pearl_powder;chemical;5.0
@CHEMICAL_penetratin;@CHEMICAL_penetratin;chemical;5.0
@CHEMICAL_pentabromodiphenyl_ether;@CHEMICAL_pentabromodiphenyl_ether;chemical;5.0
@CHEMICAL_pentadecylidenemalonate_1b;@CHEMICAL_pentadecylidenemalonate_1b;chemical;5.0
@CHEMICAL_perfluoro_n_nonanoic_acid;@CHEMICAL_perfluoro_n_nonanoic_acid;chemical;5.0
@CHEMICAL_perylenediimide;@CHEMICAL_perylenediimide;chemical;5.0
@CHEMICAL_phenylacetyl_coenzyme_A;@CHEMICAL_phenylacetyl_coenzyme_A;chemical;5.0
@CHEMICAL_phenylalanine_arginine_beta_naphthylamide;@CHEMICAL_phenylalanine_arginine_beta_naphthylamide;chemical;5.0
@CHEMICAL_phenylnitrene;@CHEMICAL_phenylnitrene;chemical;5.0
@CHEMICAL_physalin_D;@CHEMICAL_physalin_D;chemical;5.0
@CHEMICAL_piericidin_A;@CHEMICAL_piericidin_A;chemical;5.0
@CHEMICAL_pinoresinol;@CHEMICAL_pinoresinol;chemical;5.0
@CHEMICAL_piperic_acid;@CHEMICAL_piperic_acid;chemical;5.0
@CHEMICAL_polatuzumab_vedotin;@CHEMICAL_polatuzumab_vedotin;chemical;5.0
@CHEMICAL_poly(glutamic_acid_lysine);@CHEMICAL_poly(glutamic_acid_lysine);chemical;5.0
@CHEMICAL_poly_N_N_dimethyl_N_N_diallylammonium_chloride;@CHEMICAL_poly_N_N_dimethyl_N_N_diallylammonium_chloride;chemical;5.0
@CHEMICAL_polyalanine;@CHEMICAL_polyalanine;chemical;5.0
@CHEMICAL_polyethylene_glycol_methacrylate;@CHEMICAL_polyethylene_glycol_methacrylate;chemical;5.0
@CHEMICAL_polyethylene_glycol_poly(lactide_co_glycolide);@CHEMICAL_polyethylene_glycol_poly(lactide_co_glycolide);chemical;5.0
@CHEMICAL_polyphenylalanine;@CHEMICAL_polyphenylalanine;chemical;5.0
@CHEMICAL_polyurea;@CHEMICAL_polyurea;chemical;5.0
@CHEMICAL_polyvinylamine;@CHEMICAL_polyvinylamine;chemical;5.0
@CHEMICAL_potassium_ferricyanide;@CHEMICAL_potassium_ferricyanide;chemical;5.0
@CHEMICAL_prothioconazole;@CHEMICAL_prothioconazole;chemical;5.0
@CHEMICAL_pyoverdin;@CHEMICAL_pyoverdin;chemical;5.0
@CHEMICAL_pyrene_1_aldehyde;@CHEMICAL_pyrene_1_aldehyde;chemical;5.0
@CHEMICAL_quaternium_15;@CHEMICAL_quaternium_15;chemical;5.0
@CHEMICAL_quinaldic_acid;@CHEMICAL_quinaldic_acid;chemical;5.0
@CHEMICAL_quinalphos;@CHEMICAL_quinalphos;chemical;5.0
@CHEMICAL_ravulizumab;@CHEMICAL_ravulizumab;chemical;5.0
@CHEMICAL_repaglinide;@CHEMICAL_repaglinide;chemical;5.0
@CHEMICAL_repotrectinib;@CHEMICAL_repotrectinib;chemical;5.0
@CHEMICAL_romidepsin;@CHEMICAL_romidepsin;chemical;5.0
@CHEMICAL_salicyl_alcohol;@CHEMICAL_salicyl_alcohol;chemical;5.0
@CHEMICAL_sarkosyl;@CHEMICAL_sarkosyl;chemical;5.0
@CHEMICAL_sarpogrelate;@CHEMICAL_sarpogrelate;chemical;5.0
@CHEMICAL_satralizumab;@CHEMICAL_satralizumab;chemical;5.0
@CHEMICAL_selenocystine;@CHEMICAL_selenocystine;chemical;5.0
@CHEMICAL_senecionine;@CHEMICAL_senecionine;chemical;5.0
@CHEMICAL_senkyunolide_H;@CHEMICAL_senkyunolide_H;chemical;5.0
@CHEMICAL_sepiapterin;@CHEMICAL_sepiapterin;chemical;5.0
@CHEMICAL_silmitasertib;@CHEMICAL_silmitasertib;chemical;5.0
@CHEMICAL_sodium_persulfate;@CHEMICAL_sodium_persulfate;chemical;5.0
@CHEMICAL_sodium_pyrophosphate;@CHEMICAL_sodium_pyrophosphate;chemical;5.0
@CHEMICAL_solanesol;@CHEMICAL_solanesol;chemical;5.0
@CHEMICAL_sorbitan_monooleate;@CHEMICAL_sorbitan_monooleate;chemical;5.0
@CHEMICAL_spesolimab;@CHEMICAL_spesolimab;chemical;5.0
@CHEMICAL_splitomicin;@CHEMICAL_splitomicin;chemical;5.0
@CHEMICAL_staurosporine_aglycone;@CHEMICAL_staurosporine_aglycone;chemical;5.0
@CHEMICAL_stearylamine;@CHEMICAL_stearylamine;chemical;5.0
@CHEMICAL_stepharine;@CHEMICAL_stepharine;chemical;5.0
@CHEMICAL_superphosphate;@CHEMICAL_superphosphate;chemical;5.0
@CHEMICAL_taraxasterol;@CHEMICAL_taraxasterol;chemical;5.0
@CHEMICAL_telotristat_ethyl;@CHEMICAL_telotristat_ethyl;chemical;5.0
@CHEMICAL_terminalin;@CHEMICAL_terminalin;chemical;5.0
@CHEMICAL_tert_Butyl_Alcohol;@CHEMICAL_tert_Butyl_Alcohol;chemical;5.0
@CHEMICAL_tetracarboxyphenylporphine;@CHEMICAL_tetracarboxyphenylporphine;chemical;5.0
@CHEMICAL_tetraethoxysilane;@CHEMICAL_tetraethoxysilane;chemical;5.0
@CHEMICAL_tezacaftor;@CHEMICAL_tezacaftor;chemical;5.0
@CHEMICAL_thiocolchicoside;@CHEMICAL_thiocolchicoside;chemical;5.0
@CHEMICAL_tiaprofenic_acid;@CHEMICAL_tiaprofenic_acid;chemical;5.0
@CHEMICAL_tiglylglycine;@CHEMICAL_tiglylglycine;chemical;5.0
@CHEMICAL_tisotumab_vedotin;@CHEMICAL_tisotumab_vedotin;chemical;5.0
@CHEMICAL_titanium_nitride;@CHEMICAL_titanium_nitride;chemical;5.0
@CHEMICAL_titanium_tetrachloride;@CHEMICAL_titanium_tetrachloride;chemical;5.0
@CHEMICAL_tocol;@CHEMICAL_tocol;chemical;5.0
@CHEMICAL_triacsin_C;@CHEMICAL_triacsin_C;chemical;5.0
@CHEMICAL_tricalcium_silicate;@CHEMICAL_tricalcium_silicate;chemical;5.0
@CHEMICAL_triethanolamine;@CHEMICAL_triethanolamine;chemical;5.0
@CHEMICAL_triethylenediamine;@CHEMICAL_triethylenediamine;chemical;5.0
@CHEMICAL_trilobatin;@CHEMICAL_trilobatin;chemical;5.0
@CHEMICAL_triptonide;@CHEMICAL_triptonide;chemical;5.0
@CHEMICAL_tris(1_3_dichloroisopropyl)_phosphate;@CHEMICAL_tris(1_3_dichloroisopropyl)_phosphate;chemical;5.0
@CHEMICAL_tubastatin_A;@CHEMICAL_tubastatin_A;chemical;5.0
@CHEMICAL_tyrosine_methyl_ester;@CHEMICAL_tyrosine_methyl_ester;chemical;5.0
@CHEMICAL_tyrphostin_A9;@CHEMICAL_tyrphostin_A9;chemical;5.0
@CHEMICAL_ubiquinone_8;@CHEMICAL_ubiquinone_8;chemical;5.0
@CHEMICAL_ubiquinone_9;@CHEMICAL_ubiquinone_9;chemical;5.0
@CHEMICAL_valencene;@CHEMICAL_valencene;chemical;5.0
@CHEMICAL_verbenone;@CHEMICAL_verbenone;chemical;5.0
@CHEMICAL_visnagin;@CHEMICAL_visnagin;chemical;5.0
@CHEMICAL_zimberelimab;@CHEMICAL_zimberelimab;chemical;5.0
@CHEMICAL_zinc_phosphide;@CHEMICAL_zinc_phosphide;chemical;5.0
@CHEMICAL_zinc_sulfide;@CHEMICAL_zinc_sulfide;chemical;5.0
@CHEMICAL_(18)AV_1451;@CHEMICAL_(18)AV_1451;chemical;4.0
@CHEMICAL_(18F)fluoroethyltyrosine;@CHEMICAL_(18F)fluoroethyltyrosine;chemical;4.0
@CHEMICAL_(3_5_bis((4_fluorophenyl)methylidene)_1_((1_hydroxy_2_2_5_5_tetramethyl_2_5_dihydro_1H_pyrrol_3_yl)methyl)piperidin_4_one);@CHEMICAL_(3_5_bis((4_fluorophenyl)methylidene)_1_((1_hydroxy_2_2_5_5_tetramethyl_2_5_dihydro_1H_pyrrol_3_yl)methyl)piperidin_4_one);chemical;4.0
@CHEMICAL_(5_(2_4_bis((3S)_3_methylmorpholin_4_yl)pyrido(2_3_d)pyrimidin_7_yl)_2_methoxyphenyl)methanol;@CHEMICAL_(5_(2_4_bis((3S)_3_methylmorpholin_4_yl)pyrido(2_3_d)pyrimidin_7_yl)_2_methoxyphenyl)methanol;chemical;4.0
@CHEMICAL_(Ru(bpy)3);@CHEMICAL_(Ru(bpy)3);chemical;4.0
@CHEMICAL_(ae)CP;@CHEMICAL_(ae)CP;chemical;4.0
@CHEMICAL_11_hydroxyandrostenedione;@CHEMICAL_11_hydroxyandrostenedione;chemical;4.0
@CHEMICAL_13_cis_retinal;@CHEMICAL_13_cis_retinal;chemical;4.0
@CHEMICAL_13_hydroperoxy_9_11_octadecadienoic_acid;@CHEMICAL_13_hydroperoxy_9_11_octadecadienoic_acid;chemical;4.0
@CHEMICAL_13_hydroxy_9_11_octadecadienoic_acid;@CHEMICAL_13_hydroxy_9_11_octadecadienoic_acid;chemical;4.0
@CHEMICAL_15_deoxyprostaglandin_J2;@CHEMICAL_15_deoxyprostaglandin_J2;chemical;4.0
@CHEMICAL_16_bromoepiandrosterone;@CHEMICAL_16_bromoepiandrosterone;chemical;4.0
@CHEMICAL_17_hydroxyjolkinolide_B;@CHEMICAL_17_hydroxyjolkinolide_B;chemical;4.0
@CHEMICAL_1H_imidazole_4_acetaldehyde;@CHEMICAL_1H_imidazole_4_acetaldehyde;chemical;4.0
@CHEMICAL_1_(((2S_3S_4S)_3_ethyl_4_fluoro_5_oxopyrrolidin_2_yl)methoxy)_7_methoxyisoquinoline_6_carboxamide;@CHEMICAL_1_(((2S_3S_4S)_3_ethyl_4_fluoro_5_oxopyrrolidin_2_yl)methoxy)_7_methoxyisoquinoline_6_carboxamide;chemical;4.0
@CHEMICAL_1_2_5_8_tetrahydroxy_anthraquinone;@CHEMICAL_1_2_5_8_tetrahydroxy_anthraquinone;chemical;4.0
@CHEMICAL_1_3_5_7_cyclooctatetraene;@CHEMICAL_1_3_5_7_cyclooctatetraene;chemical;4.0
@CHEMICAL_1_3_di_O_feruloylquinic_acid;@CHEMICAL_1_3_di_O_feruloylquinic_acid;chemical;4.0
@CHEMICAL_1_3_dimethylthiourea;@CHEMICAL_1_3_dimethylthiourea;chemical;4.0
@CHEMICAL_1_4_7_triazacyclononane_N_N'_N''_triacetic_acid;@CHEMICAL_1_4_7_triazacyclononane_N_N'_N''_triacetic_acid;chemical;4.0
@CHEMICAL_1_4_BDPOB;@CHEMICAL_1_4_BDPOB;chemical;4.0
@CHEMICAL_1_7_dimethylxanthine;@CHEMICAL_1_7_dimethylxanthine;chemical;4.0
@CHEMICAL_1_8_bis(dimethylamino)naphthalene;@CHEMICAL_1_8_bis(dimethylamino)naphthalene;chemical;4.0
@CHEMICAL_1_N_acetylspermidine;@CHEMICAL_1_N_acetylspermidine;chemical;4.0
@CHEMICAL_1_Naphthylisothiocyanate;@CHEMICAL_1_Naphthylisothiocyanate;chemical;4.0
@CHEMICAL_1_butyl_3_methylimidazolium_chloride;@CHEMICAL_1_butyl_3_methylimidazolium_chloride;chemical;4.0
@CHEMICAL_1_hydroxypyrene;@CHEMICAL_1_hydroxypyrene;chemical;4.0
@CHEMICAL_1_methoxy_5_methylphenazinium_methyl_sulfate;@CHEMICAL_1_methoxy_5_methylphenazinium_methyl_sulfate;chemical;4.0
@CHEMICAL_1_phenylazo_2_naphthol;@CHEMICAL_1_phenylazo_2_naphthol;chemical;4.0
@CHEMICAL_2''_O_rhamnosyl_icariside_II;@CHEMICAL_2''_O_rhamnosyl_icariside_II;chemical;4.0
@CHEMICAL_2_2'_bipyridine_N_N'_dioxide;@CHEMICAL_2_2'_bipyridine_N_N'_dioxide;chemical;4.0
@CHEMICAL_2_2'_dithiodiethanesulfonic_acid;@CHEMICAL_2_2'_dithiodiethanesulfonic_acid;chemical;4.0
@CHEMICAL_2_2_5_7_8_pentamethyl_1_hydroxychroman;@CHEMICAL_2_2_5_7_8_pentamethyl_1_hydroxychroman;chemical;4.0
@CHEMICAL_2_3_bis(3'_hydroxybenzyl)butane_1_4_diol;@CHEMICAL_2_3_bis(3'_hydroxybenzyl)butane_1_4_diol;chemical;4.0
@CHEMICAL_2_3_dimethoxy_1_4_naphthoquinone;@CHEMICAL_2_3_dimethoxy_1_4_naphthoquinone;chemical;4.0
@CHEMICAL_2_4_5_2'_4'_5'_hexabromobiphenyl;@CHEMICAL_2_4_5_2'_4'_5'_hexabromobiphenyl;chemical;4.0
@CHEMICAL_2_4_6_trihydroxybenzoic_acid;@CHEMICAL_2_4_6_trihydroxybenzoic_acid;chemical;4.0
@CHEMICAL_2_4_diacetylphloroglucinol;@CHEMICAL_2_4_diacetylphloroglucinol;chemical;4.0
@CHEMICAL_2_4_dibromophenol;@CHEMICAL_2_4_dibromophenol;chemical;4.0
@CHEMICAL_2_5_7_8_tetramethyl_2R_(4R_8R_12_trimethyltridecyl)chroman_6_yloxy_acetic_acid;@CHEMICAL_2_5_7_8_tetramethyl_2R_(4R_8R_12_trimethyltridecyl)chroman_6_yloxy_acetic_acid;chemical;4.0
@CHEMICAL_2_5_dimethylfuran;@CHEMICAL_2_5_dimethylfuran;chemical;4.0
@CHEMICAL_2_5_xylenol;@CHEMICAL_2_5_xylenol;chemical;4.0
@CHEMICAL_2_FHMPN;@CHEMICAL_2_FHMPN;chemical;4.0
@CHEMICAL_2_chloro_4_(3_hydroxy_3_methyl_8_azabicyclo(3.2.1)oct_8_yl)_3_methylbenzonitrile;@CHEMICAL_2_chloro_4_(3_hydroxy_3_methyl_8_azabicyclo(3.2.1)oct_8_yl)_3_methylbenzonitrile;chemical;4.0
@CHEMICAL_2_chlorophenol;@CHEMICAL_2_chlorophenol;chemical;4.0
@CHEMICAL_2_cyclopentyl_4_(5_phenyl_1H_pyrrolo(2_3_b)pyridin_3_yl)_benzoic_acid;@CHEMICAL_2_cyclopentyl_4_(5_phenyl_1H_pyrrolo(2_3_b)pyridin_3_yl)_benzoic_acid;chemical;4.0
@CHEMICAL_2_ethylhexanoic_acid_tin(II)_salt;@CHEMICAL_2_ethylhexanoic_acid_tin(II)_salt;chemical;4.0
@CHEMICAL_2_hydroxy_4_methoxybenzaldehyde;@CHEMICAL_2_hydroxy_4_methoxybenzaldehyde;chemical;4.0
@CHEMICAL_2_methoxybenzoic_acid;@CHEMICAL_2_methoxybenzoic_acid;chemical;4.0
@CHEMICAL_2_nitrophenol;@CHEMICAL_2_nitrophenol;chemical;4.0
@CHEMICAL_2_pentanone;@CHEMICAL_2_pentanone;chemical;4.0
@CHEMICAL_2_pyrrolecarboxylic_acid;@CHEMICAL_2_pyrrolecarboxylic_acid;chemical;4.0
@CHEMICAL_2_toluenesulfonamide;@CHEMICAL_2_toluenesulfonamide;chemical;4.0
@CHEMICAL_3_(5'_hydroxymethyl_2'_furyl)_1_benzylindazole;@CHEMICAL_3_(5'_hydroxymethyl_2'_furyl)_1_benzylindazole;chemical;4.0
@CHEMICAL_3_3'_Diaminobenzidine;@CHEMICAL_3_3'_Diaminobenzidine;chemical;4.0
@CHEMICAL_3_3'_diindolylmethane;@CHEMICAL_3_3'_diindolylmethane;chemical;4.0
@CHEMICAL_3_3_dimethylbutan_1_ol;@CHEMICAL_3_3_dimethylbutan_1_ol;chemical;4.0
@CHEMICAL_3_4_O_isopropylidene_3_3'_4_5'_tetrahydroxystilbene;@CHEMICAL_3_4_O_isopropylidene_3_3'_4_5'_tetrahydroxystilbene;chemical;4.0
@CHEMICAL_3_4_methylenedioxyethamphetamine;@CHEMICAL_3_4_methylenedioxyethamphetamine;chemical;4.0
@CHEMICAL_3_acetylpyridine;@CHEMICAL_3_acetylpyridine;chemical;4.0
@CHEMICAL_3_aminopyridine_2_carboxaldehyde_thiosemicarbazone;@CHEMICAL_3_aminopyridine_2_carboxaldehyde_thiosemicarbazone;chemical;4.0
@CHEMICAL_3_benzamido_N_(4_(perfluoropropan_2_yl)phenyl)benzamide;@CHEMICAL_3_benzamido_N_(4_(perfluoropropan_2_yl)phenyl)benzamide;chemical;4.0
@CHEMICAL_3_coumaric_acid;@CHEMICAL_3_coumaric_acid;chemical;4.0
@CHEMICAL_3_hydroxybenzylhydrazine;@CHEMICAL_3_hydroxybenzylhydrazine;chemical;4.0
@CHEMICAL_3_hydroxyproline;@CHEMICAL_3_hydroxyproline;chemical;4.0
@CHEMICAL_3_keto_N_aminoethylaminoethylcaproyldihydrocinnamoyl_cyclopamine;@CHEMICAL_3_keto_N_aminoethylaminoethylcaproyldihydrocinnamoyl_cyclopamine;chemical;4.0
@CHEMICAL_3_nitrophthalic_acid;@CHEMICAL_3_nitrophthalic_acid;chemical;4.0
@CHEMICAL_4_(3_thioxo_3H_1_2_dithiol_5_yl)phenyl_2_((4_(nitrooxy)butanoyl)oxy)benzoate;@CHEMICAL_4_(3_thioxo_3H_1_2_dithiol_5_yl)phenyl_2_((4_(nitrooxy)butanoyl)oxy)benzoate;chemical;4.0
@CHEMICAL_4_4'_5'_trimethylazapsoralen;@CHEMICAL_4_4'_5'_trimethylazapsoralen;chemical;4.0
@CHEMICAL_4_4'_azobis(phenol);@CHEMICAL_4_4'_azobis(phenol);chemical;4.0
@CHEMICAL_4_4_dimethylcholesta_8_14_24_trienol;@CHEMICAL_4_4_dimethylcholesta_8_14_24_trienol;chemical;4.0
@CHEMICAL_4_5_diamino_2_thiouracil;@CHEMICAL_4_5_diamino_2_thiouracil;chemical;4.0
@CHEMICAL_4_S_cysteaminylphenol;@CHEMICAL_4_S_cysteaminylphenol;chemical;4.0
@CHEMICAL_4_aminobenzhydrazide;@CHEMICAL_4_aminobenzhydrazide;chemical;4.0
@CHEMICAL_4_aminothiophenol;@CHEMICAL_4_aminothiophenol;chemical;4.0
@CHEMICAL_4_benzyl_1_methyl_1_2_3_6_tetrahydropyridine;@CHEMICAL_4_benzyl_1_methyl_1_2_3_6_tetrahydropyridine;chemical;4.0
@CHEMICAL_4_coumaroylserotonin;@CHEMICAL_4_coumaroylserotonin;chemical;4.0
@CHEMICAL_4_hydroxy_3_(4_(2_hydroxyphenyl)phenyl)_6_oxo_7H_thieno(2_3_b)pyridine_5_carbonitrile;@CHEMICAL_4_hydroxy_3_(4_(2_hydroxyphenyl)phenyl)_6_oxo_7H_thieno(2_3_b)pyridine_5_carbonitrile;chemical;4.0
@CHEMICAL_4_hydroxy_3_5_dimethoxybenzaldehyde;@CHEMICAL_4_hydroxy_3_5_dimethoxybenzaldehyde;chemical;4.0
@CHEMICAL_4_hydroxyacetophenone;@CHEMICAL_4_hydroxyacetophenone;chemical;4.0
@CHEMICAL_4_hydroxychalcone;@CHEMICAL_4_hydroxychalcone;chemical;4.0
@CHEMICAL_4_hydroxyhippuric_acid;@CHEMICAL_4_hydroxyhippuric_acid;chemical;4.0
@CHEMICAL_4_n_butylresorcinol;@CHEMICAL_4_n_butylresorcinol;chemical;4.0
@CHEMICAL_4_oxime_uridine;@CHEMICAL_4_oxime_uridine;chemical;4.0
@CHEMICAL_4_phenylenediamine;@CHEMICAL_4_phenylenediamine;chemical;4.0
@CHEMICAL_4_toluenesulfonic_acid;@CHEMICAL_4_toluenesulfonic_acid;chemical;4.0
@CHEMICAL_5_(3_methoxy_4_((4_methoxybenzyl)oxy)benzyl)pyrimidine_2_4_diamine;@CHEMICAL_5_(3_methoxy_4_((4_methoxybenzyl)oxy)benzyl)pyrimidine_2_4_diamine;chemical;4.0
@CHEMICAL_5_(6'_triphenylphosphoniumhexyl)_5_6_dihydro_6_phenyl_3_8_phenanthridinediammine;@CHEMICAL_5_(6'_triphenylphosphoniumhexyl)_5_6_dihydro_6_phenyl_3_8_phenanthridinediammine;chemical;4.0
@CHEMICAL_5_2'_4'_trihydroxy_6_7_5'_trimethoxyflavone;@CHEMICAL_5_2'_4'_trihydroxy_6_7_5'_trimethoxyflavone;chemical;4.0
@CHEMICAL_5_6_dihydroxyindole;@CHEMICAL_5_6_dihydroxyindole;chemical;4.0
@CHEMICAL_5_amino_7_(cyclohexylamino)_1_ethyl_6_fluoro_4_oxo_1_4_dihydroquinoline_3_carboxylic_acid;@CHEMICAL_5_amino_7_(cyclohexylamino)_1_ethyl_6_fluoro_4_oxo_1_4_dihydroquinoline_3_carboxylic_acid;chemical;4.0
@CHEMICAL_5_doxylstearic_acid;@CHEMICAL_5_doxylstearic_acid;chemical;4.0
@CHEMICAL_5_methoxyindoleacetic_acid;@CHEMICAL_5_methoxyindoleacetic_acid;chemical;4.0
@CHEMICAL_5_nitro_6_7_8_9_tetrahydrobenzo(G)indole_2_3_dione_3_oxime;@CHEMICAL_5_nitro_6_7_8_9_tetrahydrobenzo(G)indole_2_3_dione_3_oxime;chemical;4.0
@CHEMICAL_5_taurinomethyluridine;@CHEMICAL_5_taurinomethyluridine;chemical;4.0
@CHEMICAL_6_Ketoprostaglandin_F1_alpha;@CHEMICAL_6_Ketoprostaglandin_F1_alpha;chemical;4.0
@CHEMICAL_6_PPD;@CHEMICAL_6_PPD;chemical;4.0
@CHEMICAL_6_deoxyerythronolide_B;@CHEMICAL_6_deoxyerythronolide_B;chemical;4.0
@CHEMICAL_6_hydroxy_4_sphingenine;@CHEMICAL_6_hydroxy_4_sphingenine;chemical;4.0
@CHEMICAL_6_methylthiopurine;@CHEMICAL_6_methylthiopurine;chemical;4.0
@CHEMICAL_6_nitrodopamine;@CHEMICAL_6_nitrodopamine;chemical;4.0
@CHEMICAL_6_phosphogluconic_acid;@CHEMICAL_6_phosphogluconic_acid;chemical;4.0
@CHEMICAL_6_thioguanosine;@CHEMICAL_6_thioguanosine;chemical;4.0
@CHEMICAL_7_4'_di_O_methylisoscutellarein;@CHEMICAL_7_4'_di_O_methylisoscutellarein;chemical;4.0
@CHEMICAL_7_dehydrocholesterol;@CHEMICAL_7_dehydrocholesterol;chemical;4.0
@CHEMICAL_7_hydroxystaurosporine;@CHEMICAL_7_hydroxystaurosporine;chemical;4.0
@CHEMICAL_8_9_anhydroerythromycin_A_6_9_hemiketal;@CHEMICAL_8_9_anhydroerythromycin_A_6_9_hemiketal;chemical;4.0
@CHEMICAL_8_O_acetylharpagide;@CHEMICAL_8_O_acetylharpagide;chemical;4.0
@CHEMICAL_8_aminoquinoline;@CHEMICAL_8_aminoquinoline;chemical;4.0
@CHEMICAL_8_dibenzothiophen_4_yl_2_morpholin_4_yl_chromen_4_one;@CHEMICAL_8_dibenzothiophen_4_yl_2_morpholin_4_yl_chromen_4_one;chemical;4.0
@CHEMICAL_8_hydroxyguanosine;@CHEMICAL_8_hydroxyguanosine;chemical;4.0
@CHEMICAL_8_prenyldaidzein;@CHEMICAL_8_prenyldaidzein;chemical;4.0
@CHEMICAL_9_10_anthraquinone;@CHEMICAL_9_10_anthraquinone;chemical;4.0
@CHEMICAL_9_chloro_2_(2_furyl)_(1_2_4)triazolo(1_5_c)quinazolin_5_imine;@CHEMICAL_9_chloro_2_(2_furyl)_(1_2_4)triazolo(1_5_c)quinazolin_5_imine;chemical;4.0
@CHEMICAL_9_hydroperoxy_11_12_octadecadienoic_acid;@CHEMICAL_9_hydroperoxy_11_12_octadecadienoic_acid;chemical;4.0
@CHEMICAL_9_tetradecenoic_acid;@CHEMICAL_9_tetradecenoic_acid;chemical;4.0
@CHEMICAL_ACT001;@CHEMICAL_ACT001;chemical;4.0
@CHEMICAL_AS_8;@CHEMICAL_AS_8;chemical;4.0
@CHEMICAL_AZD0156;@CHEMICAL_AZD0156;chemical;4.0
@CHEMICAL_A_1331852;@CHEMICAL_A_1331852;chemical;4.0
@CHEMICAL_Abiraterone_Acetate;@CHEMICAL_Abiraterone_Acetate;chemical;4.0
@CHEMICAL_Acepromazine;@CHEMICAL_Acepromazine;chemical;4.0
@CHEMICAL_Actinoid_Series_Elements;@CHEMICAL_Actinoid_Series_Elements;chemical;4.0
@CHEMICAL_Alamethicin;@CHEMICAL_Alamethicin;chemical;4.0
@CHEMICAL_Alloys;@CHEMICAL_Alloys;chemical;4.0
@CHEMICAL_Amino_Acids_Basic;@CHEMICAL_Amino_Acids_Basic;chemical;4.0
@CHEMICAL_Aminobutyrates;@CHEMICAL_Aminobutyrates;chemical;4.0
@CHEMICAL_Amitrole;@CHEMICAL_Amitrole;chemical;4.0
@CHEMICAL_Apatites;@CHEMICAL_Apatites;chemical;4.0
@CHEMICAL_Arabinofuranosylcytosine_Triphosphate;@CHEMICAL_Arabinofuranosylcytosine_Triphosphate;chemical;4.0
@CHEMICAL_Arsenicals;@CHEMICAL_Arsenicals;chemical;4.0
@CHEMICAL_Atracurium;@CHEMICAL_Atracurium;chemical;4.0
@CHEMICAL_Azure_A;@CHEMICAL_Azure_A;chemical;4.0
@CHEMICAL_BAY_11_7085;@CHEMICAL_BAY_11_7085;chemical;4.0
@CHEMICAL_BAY_1436032;@CHEMICAL_BAY_1436032;chemical;4.0
@CHEMICAL_BAY_1895344;@CHEMICAL_BAY_1895344;chemical;4.0
@CHEMICAL_BAY_869766;@CHEMICAL_BAY_869766;chemical;4.0
@CHEMICAL_BI_3406;@CHEMICAL_BI_3406;chemical;4.0
@CHEMICAL_BRD4780;@CHEMICAL_BRD4780;chemical;4.0
@CHEMICAL_Barbiturates;@CHEMICAL_Barbiturates;chemical;4.0
@CHEMICAL_Benzethonium;@CHEMICAL_Benzethonium;chemical;4.0
@CHEMICAL_Berkelium;@CHEMICAL_Berkelium;chemical;4.0
@CHEMICAL_Bromosuccinimide;@CHEMICAL_Bromosuccinimide;chemical;4.0
@CHEMICAL_Buspirone;@CHEMICAL_Buspirone;chemical;4.0
@CHEMICAL_Butorphanol;@CHEMICAL_Butorphanol;chemical;4.0
@CHEMICAL_Butoxamine;@CHEMICAL_Butoxamine;chemical;4.0
@CHEMICAL_CCG_1423;@CHEMICAL_CCG_1423;chemical;4.0
@CHEMICAL_CDM_3008;@CHEMICAL_CDM_3008;chemical;4.0
@CHEMICAL_CORM_401;@CHEMICAL_CORM_401;chemical;4.0
@CHEMICAL_Canavanine;@CHEMICAL_Canavanine;chemical;4.0
@CHEMICAL_CdZnTe;@CHEMICAL_CdZnTe;chemical;4.0
@CHEMICAL_Cetylpyridinium;@CHEMICAL_Cetylpyridinium;chemical;4.0
@CHEMICAL_Charybdotoxin;@CHEMICAL_Charybdotoxin;chemical;4.0
@CHEMICAL_Chloral_Hydrate;@CHEMICAL_Chloral_Hydrate;chemical;4.0
@CHEMICAL_Cholates;@CHEMICAL_Cholates;chemical;4.0
@CHEMICAL_Chondroitin;@CHEMICAL_Chondroitin;chemical;4.0
@CHEMICAL_Cidofovir;@CHEMICAL_Cidofovir;chemical;4.0
@CHEMICAL_Clobazam;@CHEMICAL_Clobazam;chemical;4.0
@CHEMICAL_Clofarabine;@CHEMICAL_Clofarabine;chemical;4.0
@CHEMICAL_Cobalt_60;@CHEMICAL_Cobalt_60;chemical;4.0
@CHEMICAL_Copper_61;@CHEMICAL_Copper_61;chemical;4.0
@CHEMICAL_Cyclic_ADP_Ribose;@CHEMICAL_Cyclic_ADP_Ribose;chemical;4.0
@CHEMICAL_Cyproterone;@CHEMICAL_Cyproterone;chemical;4.0
@CHEMICAL_Cystamine;@CHEMICAL_Cystamine;chemical;4.0
@CHEMICAL_Cytidine_Monophosphate;@CHEMICAL_Cytidine_Monophosphate;chemical;4.0
@CHEMICAL_DCAC50;@CHEMICAL_DCAC50;chemical;4.0
@CHEMICAL_Desoxycorticosterone_Acetate;@CHEMICAL_Desoxycorticosterone_Acetate;chemical;4.0
@CHEMICAL_Dextrorphan;@CHEMICAL_Dextrorphan;chemical;4.0
@CHEMICAL_Diethylpropion;@CHEMICAL_Diethylpropion;chemical;4.0
@CHEMICAL_Digitonin;@CHEMICAL_Digitonin;chemical;4.0
@CHEMICAL_Dimaprit;@CHEMICAL_Dimaprit;chemical;4.0
@CHEMICAL_Diterpenes_Clerodane;@CHEMICAL_Diterpenes_Clerodane;chemical;4.0
@CHEMICAL_Dithionitrobenzoic_Acid;@CHEMICAL_Dithionitrobenzoic_Acid;chemical;4.0
@CHEMICAL_Dronedarone;@CHEMICAL_Dronedarone;chemical;4.0
@CHEMICAL_EGCG3''Me;@CHEMICAL_EGCG3''Me;chemical;4.0
@CHEMICAL_EMA_CO_protocol;@CHEMICAL_EMA_CO_protocol;chemical;4.0
@CHEMICAL_E_64;@CHEMICAL_E_64;chemical;4.0
@CHEMICAL_Ecdysteroids;@CHEMICAL_Ecdysteroids;chemical;4.0
@CHEMICAL_Ecdysterone;@CHEMICAL_Ecdysterone;chemical;4.0
@CHEMICAL_Elacridar;@CHEMICAL_Elacridar;chemical;4.0
@CHEMICAL_Ensaculin;@CHEMICAL_Ensaculin;chemical;4.0
@CHEMICAL_Estetrol;@CHEMICAL_Estetrol;chemical;4.0
@CHEMICAL_Estramustine;@CHEMICAL_Estramustine;chemical;4.0
@CHEMICAL_FAPI_46;@CHEMICAL_FAPI_46;chemical;4.0
@CHEMICAL_FH535;@CHEMICAL_FH535;chemical;4.0
@CHEMICAL_Fe(II)_EDTA;@CHEMICAL_Fe(II)_EDTA;chemical;4.0
@CHEMICAL_Fe(III)_EDTA;@CHEMICAL_Fe(III)_EDTA;chemical;4.0
@CHEMICAL_Flavonolignans;@CHEMICAL_Flavonolignans;chemical;4.0
@CHEMICAL_Foscarnet;@CHEMICAL_Foscarnet;chemical;4.0
@CHEMICAL_G007_LK;@CHEMICAL_G007_LK;chemical;4.0
@CHEMICAL_GM_6001;@CHEMICAL_GM_6001;chemical;4.0
@CHEMICAL_GP2017;@CHEMICAL_GP2017;chemical;4.0
@CHEMICAL_GSK_1016790A;@CHEMICAL_GSK_1016790A;chemical;4.0
@CHEMICAL_GSK_2816126;@CHEMICAL_GSK_2816126;chemical;4.0
@CHEMICAL_GSK_461364;@CHEMICAL_GSK_461364;chemical;4.0
@CHEMICAL_GW_6471;@CHEMICAL_GW_6471;chemical;4.0
@CHEMICAL_GYY_4137;@CHEMICAL_GYY_4137;chemical;4.0
@CHEMICAL_Galactosylceramides;@CHEMICAL_Galactosylceramides;chemical;4.0
@CHEMICAL_Gefapixant;@CHEMICAL_Gefapixant;chemical;4.0
@CHEMICAL_Glutamates;@CHEMICAL_Glutamates;chemical;4.0
@CHEMICAL_Glycopyrrolate;@CHEMICAL_Glycopyrrolate;chemical;4.0
@CHEMICAL_Guaifenesin;@CHEMICAL_Guaifenesin;chemical;4.0
@CHEMICAL_HEPES;@CHEMICAL_HEPES;chemical;4.0
@CHEMICAL_HTS_466284;@CHEMICAL_HTS_466284;chemical;4.0
@CHEMICAL_Hexadimethrine_Bromide;@CHEMICAL_Hexadimethrine_Bromide;chemical;4.0
@CHEMICAL_Hydrolyzable_Tannins;@CHEMICAL_Hydrolyzable_Tannins;chemical;4.0
@CHEMICAL_Hydroxy_Acids;@CHEMICAL_Hydroxy_Acids;chemical;4.0
@CHEMICAL_Hydroxyeicosatetraenoic_Acids;@CHEMICAL_Hydroxyeicosatetraenoic_Acids;chemical;4.0
@CHEMICAL_IBS008738;@CHEMICAL_IBS008738;chemical;4.0
@CHEMICAL_INCB_13739;@CHEMICAL_INCB_13739;chemical;4.0
@CHEMICAL_IPI_549;@CHEMICAL_IPI_549;chemical;4.0
@CHEMICAL_Imidazoles;@CHEMICAL_Imidazoles;chemical;4.0
@CHEMICAL_Indole_Alkaloids;@CHEMICAL_Indole_Alkaloids;chemical;4.0
@CHEMICAL_Inotuzumab_Ozogamicin;@CHEMICAL_Inotuzumab_Ozogamicin;chemical;4.0
@CHEMICAL_Iodoacetates;@CHEMICAL_Iodoacetates;chemical;4.0
@CHEMICAL_Iodophors;@CHEMICAL_Iodophors;chemical;4.0
@CHEMICAL_Ipratropium;@CHEMICAL_Ipratropium;chemical;4.0
@CHEMICAL_KM_819;@CHEMICAL_KM_819;chemical;4.0
@CHEMICAL_LY2183240;@CHEMICAL_LY2183240;chemical;4.0
@CHEMICAL_Leukotriene_A4;@CHEMICAL_Leukotriene_A4;chemical;4.0
@CHEMICAL_Leukotriene_D4;@CHEMICAL_Leukotriene_D4;chemical;4.0
@CHEMICAL_Levoleucovorin;@CHEMICAL_Levoleucovorin;chemical;4.0
@CHEMICAL_Lisuride;@CHEMICAL_Lisuride;chemical;4.0
@CHEMICAL_Loteprednol_Etabonate;@CHEMICAL_Loteprednol_Etabonate;chemical;4.0
@CHEMICAL_Lucanthone;@CHEMICAL_Lucanthone;chemical;4.0
@CHEMICAL_MCO;@CHEMICAL_MCO;chemical;4.0
@CHEMICAL_MIA_690;@CHEMICAL_MIA_690;chemical;4.0
@CHEMICAL_MIDD0301;@CHEMICAL_MIDD0301;chemical;4.0
@CHEMICAL_MIL;@CHEMICAL_MIL;chemical;4.0
@CHEMICAL_MKC_231;@CHEMICAL_MKC_231;chemical;4.0
@CHEMICAL_MK_4618;@CHEMICAL_MK_4618;chemical;4.0
@CHEMICAL_Mannich_Bases;@CHEMICAL_Mannich_Bases;chemical;4.0
@CHEMICAL_Mendelevium;@CHEMICAL_Mendelevium;chemical;4.0
@CHEMICAL_Metals_Alkaline_Earth;@CHEMICAL_Metals_Alkaline_Earth;chemical;4.0
@CHEMICAL_Milrinone;@CHEMICAL_Milrinone;chemical;4.0
@CHEMICAL_Mivacurium;@CHEMICAL_Mivacurium;chemical;4.0
@CHEMICAL_N'_nitrosonornicotine;@CHEMICAL_N'_nitrosonornicotine;chemical;4.0
@CHEMICAL_N(6)_carboxyethyllysine;@CHEMICAL_N(6)_carboxyethyllysine;chemical;4.0
@CHEMICAL_N6_(4_hydroxybenzyl)adenosine;@CHEMICAL_N6_(4_hydroxybenzyl)adenosine;chemical;4.0
@CHEMICAL_NS_1619;@CHEMICAL_NS_1619;chemical;4.0
@CHEMICAL_N_(1_naphthyl)ethylenediamine;@CHEMICAL_N_(1_naphthyl)ethylenediamine;chemical;4.0
@CHEMICAL_N_(3_5_dichlorophenyl)succinimide;@CHEMICAL_N_(3_5_dichlorophenyl)succinimide;chemical;4.0
@CHEMICAL_N_(carboxymethyl)serine;@CHEMICAL_N_(carboxymethyl)serine;chemical;4.0
@CHEMICAL_N_N'_dipyridoxylethylenediamine_N_N'_diacetic_acid;@CHEMICAL_N_N'_dipyridoxylethylenediamine_N_N'_diacetic_acid;chemical;4.0
@CHEMICAL_N_acetylalanine;@CHEMICAL_N_acetylalanine;chemical;4.0
@CHEMICAL_N_acetylputrescine;@CHEMICAL_N_acetylputrescine;chemical;4.0
@CHEMICAL_N_carboxyethylchitosan;@CHEMICAL_N_carboxyethylchitosan;chemical;4.0
@CHEMICAL_N_hydroxyphthalimide;@CHEMICAL_N_hydroxyphthalimide;chemical;4.0
@CHEMICAL_N_pivaloyloxymethylchlorpromazine;@CHEMICAL_N_pivaloyloxymethylchlorpromazine;chemical;4.0
@CHEMICAL_N_succinimidyl_3_(2_pyridyldithio)propionate;@CHEMICAL_N_succinimidyl_3_(2_pyridyldithio)propionate;chemical;4.0
@CHEMICAL_Naphazoline;@CHEMICAL_Naphazoline;chemical;4.0
@CHEMICAL_Natamycin;@CHEMICAL_Natamycin;chemical;4.0
@CHEMICAL_Nateglinide;@CHEMICAL_Nateglinide;chemical;4.0
@CHEMICAL_Netilmicin;@CHEMICAL_Netilmicin;chemical;4.0
@CHEMICAL_Nikethamide;@CHEMICAL_Nikethamide;chemical;4.0
@CHEMICAL_Ninhydrin;@CHEMICAL_Ninhydrin;chemical;4.0
@CHEMICAL_O(6)_methyl_2'_deoxyguanosine;@CHEMICAL_O(6)_methyl_2'_deoxyguanosine;chemical;4.0
@CHEMICAL_OSI_027;@CHEMICAL_OSI_027;chemical;4.0
@CHEMICAL_Ochratoxins;@CHEMICAL_Ochratoxins;chemical;4.0
@CHEMICAL_Olopatadine_Hydrochloride;@CHEMICAL_Olopatadine_Hydrochloride;chemical;4.0
@CHEMICAL_Organotin_Compounds;@CHEMICAL_Organotin_Compounds;chemical;4.0
@CHEMICAL_Osmium;@CHEMICAL_Osmium;chemical;4.0
@CHEMICAL_Ospemifene;@CHEMICAL_Ospemifene;chemical;4.0
@CHEMICAL_Oxazepines;@CHEMICAL_Oxazepines;chemical;4.0
@CHEMICAL_Oxymetazoline;@CHEMICAL_Oxymetazoline;chemical;4.0
@CHEMICAL_PD_123319;@CHEMICAL_PD_123319;chemical;4.0
@CHEMICAL_Pemoline;@CHEMICAL_Pemoline;chemical;4.0
@CHEMICAL_Penicillin_G_Benzathine;@CHEMICAL_Penicillin_G_Benzathine;chemical;4.0
@CHEMICAL_Pentamidine;@CHEMICAL_Pentamidine;chemical;4.0
@CHEMICAL_Pentanoic_Acids;@CHEMICAL_Pentanoic_Acids;chemical;4.0
@CHEMICAL_Pentolinium_Tartrate;@CHEMICAL_Pentolinium_Tartrate;chemical;4.0
@CHEMICAL_Perlite;@CHEMICAL_Perlite;chemical;4.0
@CHEMICAL_Phenacetin;@CHEMICAL_Phenacetin;chemical;4.0
@CHEMICAL_Phenazines;@CHEMICAL_Phenazines;chemical;4.0
@CHEMICAL_Phencyclidine;@CHEMICAL_Phencyclidine;chemical;4.0
@CHEMICAL_Phenolsulfonphthalein;@CHEMICAL_Phenolsulfonphthalein;chemical;4.0
@CHEMICAL_Phosphoribosyl_Pyrophosphate;@CHEMICAL_Phosphoribosyl_Pyrophosphate;chemical;4.0
@CHEMICAL_Phosphorus_32;@CHEMICAL_Phosphorus_32;chemical;4.0
@CHEMICAL_Polyethylene_Glycol_6000;@CHEMICAL_Polyethylene_Glycol_6000;chemical;4.0
@CHEMICAL_Procaine;@CHEMICAL_Procaine;chemical;4.0
@CHEMICAL_Prodigiosin;@CHEMICAL_Prodigiosin;chemical;4.0
@CHEMICAL_Proflavine;@CHEMICAL_Proflavine;chemical;4.0
@CHEMICAL_Prolactin;@CHEMICAL_Prolactin;chemical;4.0
@CHEMICAL_Propidium;@CHEMICAL_Propidium;chemical;4.0
@CHEMICAL_Proscillaridin;@CHEMICAL_Proscillaridin;chemical;4.0
@CHEMICAL_Prostaglandin_H2;@CHEMICAL_Prostaglandin_H2;chemical;4.0
@CHEMICAL_Prostaglandins_F;@CHEMICAL_Prostaglandins_F;chemical;4.0
@CHEMICAL_Prostaglandins_Synthetic;@CHEMICAL_Prostaglandins_Synthetic;chemical;4.0
@CHEMICAL_Quaternary_Ammonium_Compounds;@CHEMICAL_Quaternary_Ammonium_Compounds;chemical;4.0
@CHEMICAL_Quinapril;@CHEMICAL_Quinapril;chemical;4.0
@CHEMICAL_Quinestrol;@CHEMICAL_Quinestrol;chemical;4.0
@CHEMICAL_RG7800;@CHEMICAL_RG7800;chemical;4.0
@CHEMICAL_RNS60;@CHEMICAL_RNS60;chemical;4.0
@CHEMICAL_Rivastigmine;@CHEMICAL_Rivastigmine;chemical;4.0
@CHEMICAL_Ro_106_9920;@CHEMICAL_Ro_106_9920;chemical;4.0
@CHEMICAL_Roxarsone;@CHEMICAL_Roxarsone;chemical;4.0
@CHEMICAL_Ruthenium_106;@CHEMICAL_Ruthenium_106;chemical;4.0
@CHEMICAL_S63845;@CHEMICAL_S63845;chemical;4.0
@CHEMICAL_SMe1EC2;@CHEMICAL_SMe1EC2;chemical;4.0
@CHEMICAL_SR18292;@CHEMICAL_SR18292;chemical;4.0
@CHEMICAL_SR9009;@CHEMICAL_SR9009;chemical;4.0
@CHEMICAL_STA_9090;@CHEMICAL_STA_9090;chemical;4.0
@CHEMICAL_Sodium_Cyanide;@CHEMICAL_Sodium_Cyanide;chemical;4.0
@CHEMICAL_Sonazoid;@CHEMICAL_Sonazoid;chemical;4.0
@CHEMICAL_Stanozolol;@CHEMICAL_Stanozolol;chemical;4.0
@CHEMICAL_Stavudine;@CHEMICAL_Stavudine;chemical;4.0
@CHEMICAL_Strychnine;@CHEMICAL_Strychnine;chemical;4.0
@CHEMICAL_Sulfanilic_Acids;@CHEMICAL_Sulfanilic_Acids;chemical;4.0
@CHEMICAL_Sulfoxides;@CHEMICAL_Sulfoxides;chemical;4.0
@CHEMICAL_Surgicel;@CHEMICAL_Surgicel;chemical;4.0
@CHEMICAL_Synthetic_Cathinone;@CHEMICAL_Synthetic_Cathinone;chemical;4.0
@CHEMICAL_TP0586532;@CHEMICAL_TP0586532;chemical;4.0
@CHEMICAL_T_cadinol;@CHEMICAL_T_cadinol;chemical;4.0
@CHEMICAL_Tazobactam;@CHEMICAL_Tazobactam;chemical;4.0
@CHEMICAL_Teniposide;@CHEMICAL_Teniposide;chemical;4.0
@CHEMICAL_Terazosin;@CHEMICAL_Terazosin;chemical;4.0
@CHEMICAL_Tetrahydrocortisol;@CHEMICAL_Tetrahydrocortisol;chemical;4.0
@CHEMICAL_Tetrazolium_Salts;@CHEMICAL_Tetrazolium_Salts;chemical;4.0
@CHEMICAL_Thiabendazole;@CHEMICAL_Thiabendazole;chemical;4.0
@CHEMICAL_Thiazolidines;@CHEMICAL_Thiazolidines;chemical;4.0
@CHEMICAL_Ticlopidine;@CHEMICAL_Ticlopidine;chemical;4.0
@CHEMICAL_Tin_Fluorides;@CHEMICAL_Tin_Fluorides;chemical;4.0
@CHEMICAL_Tolonium_Chloride;@CHEMICAL_Tolonium_Chloride;chemical;4.0
@CHEMICAL_Transition_Elements;@CHEMICAL_Transition_Elements;chemical;4.0
@CHEMICAL_Trichlormethiazide;@CHEMICAL_Trichlormethiazide;chemical;4.0
@CHEMICAL_Trimetrexate;@CHEMICAL_Trimetrexate;chemical;4.0
@CHEMICAL_Trinitrotoluene;@CHEMICAL_Trinitrotoluene;chemical;4.0
@CHEMICAL_Trisaccharides;@CHEMICAL_Trisaccharides;chemical;4.0
@CHEMICAL_Troleandomycin;@CHEMICAL_Troleandomycin;chemical;4.0
@CHEMICAL_UDP_rhamnose;@CHEMICAL_UDP_rhamnose;chemical;4.0
@CHEMICAL_Ubiquinone_Q1;@CHEMICAL_Ubiquinone_Q1;chemical;4.0
@CHEMICAL_Uridine_Diphosphate;@CHEMICAL_Uridine_Diphosphate;chemical;4.0
@CHEMICAL_Uridine_Diphosphate_N_Acetylglucosamine;@CHEMICAL_Uridine_Diphosphate_N_Acetylglucosamine;chemical;4.0
@CHEMICAL_Uridine_Triphosphate;@CHEMICAL_Uridine_Triphosphate;chemical;4.0
@CHEMICAL_VIT_2763;@CHEMICAL_VIT_2763;chemical;4.0
@CHEMICAL_Vindesine;@CHEMICAL_Vindesine;chemical;4.0
@CHEMICAL_XMU_MP_1;@CHEMICAL_XMU_MP_1;chemical;4.0
@CHEMICAL_ZLY06;@CHEMICAL_ZLY06;chemical;4.0
@CHEMICAL_ZM_241385;@CHEMICAL_ZM_241385;chemical;4.0
@CHEMICAL_Zinc_Acetate;@CHEMICAL_Zinc_Acetate;chemical;4.0
@CHEMICAL_abamectin;@CHEMICAL_abamectin;chemical;4.0
@CHEMICAL_acetoacetyl_CoA;@CHEMICAL_acetoacetyl_CoA;chemical;4.0
@CHEMICAL_acetyl_aspartyl_glutamyl_valyl_aspartal;@CHEMICAL_acetyl_aspartyl_glutamyl_valyl_aspartal;chemical;4.0
@CHEMICAL_acryloyl_coenzyme_A;@CHEMICAL_acryloyl_coenzyme_A;chemical;4.0
@CHEMICAL_alpha_beta_dihydroxyisovaleric_acid;@CHEMICAL_alpha_beta_dihydroxyisovaleric_acid;chemical;4.0
@CHEMICAL_alpha_beta_methyleneadenosine_5'_diphosphate;@CHEMICAL_alpha_beta_methyleneadenosine_5'_diphosphate;chemical;4.0
@CHEMICAL_alpha_fluoromethylhistidine;@CHEMICAL_alpha_fluoromethylhistidine;chemical;4.0
@CHEMICAL_alpha_pyrone_4_6_dicarboxylic_acid;@CHEMICAL_alpha_pyrone_4_6_dicarboxylic_acid;chemical;4.0
@CHEMICAL_altersolanol_A;@CHEMICAL_altersolanol_A;chemical;4.0
@CHEMICAL_amidoxime;@CHEMICAL_amidoxime;chemical;4.0
@CHEMICAL_aminoquinuride;@CHEMICAL_aminoquinuride;chemical;4.0
@CHEMICAL_ammonium_dinitramide;@CHEMICAL_ammonium_dinitramide;chemical;4.0
@CHEMICAL_ammonium_nitrate;@CHEMICAL_ammonium_nitrate;chemical;4.0
@CHEMICAL_amorpha_4_11_diene;@CHEMICAL_amorpha_4_11_diene;chemical;4.0
@CHEMICAL_amthamine;@CHEMICAL_amthamine;chemical;4.0
@CHEMICAL_anise_oil;@CHEMICAL_anise_oil;chemical;4.0
@CHEMICAL_anthraglycoside_B;@CHEMICAL_anthraglycoside_B;chemical;4.0
@CHEMICAL_anthraquinone_2_6_disulfonate;@CHEMICAL_anthraquinone_2_6_disulfonate;chemical;4.0
@CHEMICAL_apigenin_6_8_digalactoside;@CHEMICAL_apigenin_6_8_digalactoside;chemical;4.0
@CHEMICAL_apilimod;@CHEMICAL_apilimod;chemical;4.0
@CHEMICAL_arsenic_disulfide;@CHEMICAL_arsenic_disulfide;chemical;4.0
@CHEMICAL_artepillin_C;@CHEMICAL_artepillin_C;chemical;4.0
@CHEMICAL_arzanol;@CHEMICAL_arzanol;chemical;4.0
@CHEMICAL_ascorbic_acid_2_O_glucoside;@CHEMICAL_ascorbic_acid_2_O_glucoside;chemical;4.0
@CHEMICAL_ascorbic_acid_2_sulfate;@CHEMICAL_ascorbic_acid_2_sulfate;chemical;4.0
@CHEMICAL_aspartimide;@CHEMICAL_aspartimide;chemical;4.0
@CHEMICAL_ataluren;@CHEMICAL_ataluren;chemical;4.0
@CHEMICAL_atovaquone_proguanil_drug_combination;@CHEMICAL_atovaquone_proguanil_drug_combination;chemical;4.0
@CHEMICAL_bacoside_A;@CHEMICAL_bacoside_A;chemical;4.0
@CHEMICAL_baloxavir;@CHEMICAL_baloxavir;chemical;4.0
@CHEMICAL_bamlanivimab;@CHEMICAL_bamlanivimab;chemical;4.0
@CHEMICAL_barbituric_acid;@CHEMICAL_barbituric_acid;chemical;4.0
@CHEMICAL_batimastat;@CHEMICAL_batimastat;chemical;4.0
@CHEMICAL_belinostat;@CHEMICAL_belinostat;chemical;4.0
@CHEMICAL_benzyl_2_naphthyl_ether;@CHEMICAL_benzyl_2_naphthyl_ether;chemical;4.0
@CHEMICAL_benzyl_cyanide;@CHEMICAL_benzyl_cyanide;chemical;4.0
@CHEMICAL_beta_ocimene;@CHEMICAL_beta_ocimene;chemical;4.0
@CHEMICAL_bicinchoninic_acid;@CHEMICAL_bicinchoninic_acid;chemical;4.0
@CHEMICAL_birnessite;@CHEMICAL_birnessite;chemical;4.0
@CHEMICAL_bismuth_tripotassium_dicitrate;@CHEMICAL_bismuth_tripotassium_dicitrate;chemical;4.0
@CHEMICAL_brexpiprazole;@CHEMICAL_brexpiprazole;chemical;4.0
@CHEMICAL_bromoxynil_octanoate;@CHEMICAL_bromoxynil_octanoate;chemical;4.0
@CHEMICAL_cabotegravir;@CHEMICAL_cabotegravir;chemical;4.0
@CHEMICAL_cafestol;@CHEMICAL_cafestol;chemical;4.0
@CHEMICAL_caftaric_acid;@CHEMICAL_caftaric_acid;chemical;4.0
@CHEMICAL_cantharidin_methylimide;@CHEMICAL_cantharidin_methylimide;chemical;4.0
@CHEMICAL_carbamylhydrazine;@CHEMICAL_carbamylhydrazine;chemical;4.0
@CHEMICAL_carbitol;@CHEMICAL_carbitol;chemical;4.0
@CHEMICAL_carbomer;@CHEMICAL_carbomer;chemical;4.0
@CHEMICAL_carbon_11_methionine;@CHEMICAL_carbon_11_methionine;chemical;4.0
@CHEMICAL_carboxyamido_triazole;@CHEMICAL_carboxyamido_triazole;chemical;4.0
@CHEMICAL_carboxymethyl_starch;@CHEMICAL_carboxymethyl_starch;chemical;4.0
@CHEMICAL_carnauba_wax;@CHEMICAL_carnauba_wax;chemical;4.0
@CHEMICAL_cediranib;@CHEMICAL_cediranib;chemical;4.0
@CHEMICAL_cephaelin;@CHEMICAL_cephaelin;chemical;4.0
@CHEMICAL_cesium_chloride;@CHEMICAL_cesium_chloride;chemical;4.0
@CHEMICAL_chaetocin;@CHEMICAL_chaetocin;chemical;4.0
@CHEMICAL_chelidonine;@CHEMICAL_chelidonine;chemical;4.0
@CHEMICAL_chloroacetic_acid;@CHEMICAL_chloroacetic_acid;chemical;4.0
@CHEMICAL_chloroxylenol;@CHEMICAL_chloroxylenol;chemical;4.0
@CHEMICAL_cholest_4_en_3_one;@CHEMICAL_cholest_4_en_3_one;chemical;4.0
@CHEMICAL_choline_salicylate;@CHEMICAL_choline_salicylate;chemical;4.0
@CHEMICAL_chondroitin_sulfate_glycosaminoglycan;@CHEMICAL_chondroitin_sulfate_glycosaminoglycan;chemical;4.0
@CHEMICAL_cilofexor;@CHEMICAL_cilofexor;chemical;4.0
@CHEMICAL_cobimetinib;@CHEMICAL_cobimetinib;chemical;4.0
@CHEMICAL_colibactin;@CHEMICAL_colibactin;chemical;4.0
@CHEMICAL_coniferyl_ferulate;@CHEMICAL_coniferyl_ferulate;chemical;4.0
@CHEMICAL_copper_pyrithione;@CHEMICAL_copper_pyrithione;chemical;4.0
@CHEMICAL_corvitin;@CHEMICAL_corvitin;chemical;4.0
@CHEMICAL_coumarin_6;@CHEMICAL_coumarin_6;chemical;4.0
@CHEMICAL_cowanin;@CHEMICAL_cowanin;chemical;4.0
@CHEMICAL_crenigacestat;@CHEMICAL_crenigacestat;chemical;4.0
@CHEMICAL_cucurbit(n)uril;@CHEMICAL_cucurbit(n)uril;chemical;4.0
@CHEMICAL_cyanidin_3_galactoside;@CHEMICAL_cyanidin_3_galactoside;chemical;4.0
@CHEMICAL_cyclohexyl_carbamic_acid_3'_carbamoylbiphenyl_3_yl_ester;@CHEMICAL_cyclohexyl_carbamic_acid_3'_carbamoylbiphenyl_3_yl_ester;chemical;4.0
@CHEMICAL_cynaropicrin;@CHEMICAL_cynaropicrin;chemical;4.0
@CHEMICAL_dalpiciclib;@CHEMICAL_dalpiciclib;chemical;4.0
@CHEMICAL_daurisoline;@CHEMICAL_daurisoline;chemical;4.0
@CHEMICAL_decane;@CHEMICAL_decane;chemical;4.0
@CHEMICAL_dechromose_A_chrommycin_A3;@CHEMICAL_dechromose_A_chrommycin_A3;chemical;4.0
@CHEMICAL_dehydrodiisoeugenol;@CHEMICAL_dehydrodiisoeugenol;chemical;4.0
@CHEMICAL_dehydroeffusol;@CHEMICAL_dehydroeffusol;chemical;4.0
@CHEMICAL_deoxyinosine;@CHEMICAL_deoxyinosine;chemical;4.0
@CHEMICAL_deoxynyboquinone;@CHEMICAL_deoxynyboquinone;chemical;4.0
@CHEMICAL_dexamethasone_21_methanesulfonate;@CHEMICAL_dexamethasone_21_methanesulfonate;chemical;4.0
@CHEMICAL_dihydroberberine;@CHEMICAL_dihydroberberine;chemical;4.0
@CHEMICAL_dihydrochalcone;@CHEMICAL_dihydrochalcone;chemical;4.0
@CHEMICAL_diisopropanolnitrosamine;@CHEMICAL_diisopropanolnitrosamine;chemical;4.0
@CHEMICAL_dimethyl_sulfate;@CHEMICAL_dimethyl_sulfate;chemical;4.0
@CHEMICAL_dimethyl_sulfide;@CHEMICAL_dimethyl_sulfide;chemical;4.0
@CHEMICAL_dimethylmonothioarsinic_acid;@CHEMICAL_dimethylmonothioarsinic_acid;chemical;4.0
@CHEMICAL_dinitrophenyl_aminopropyl_methylamine;@CHEMICAL_dinitrophenyl_aminopropyl_methylamine;chemical;4.0
@CHEMICAL_diphenylthiosulfinate;@CHEMICAL_diphenylthiosulfinate;chemical;4.0
@CHEMICAL_dipropylacetamide;@CHEMICAL_dipropylacetamide;chemical;4.0
@CHEMICAL_direct_black_22;@CHEMICAL_direct_black_22;chemical;4.0
@CHEMICAL_discretamine;@CHEMICAL_discretamine;chemical;4.0
@CHEMICAL_divinyl_sulfone;@CHEMICAL_divinyl_sulfone;chemical;4.0
@CHEMICAL_dopamine_quinone;@CHEMICAL_dopamine_quinone;chemical;4.0
@CHEMICAL_ebastine;@CHEMICAL_ebastine;chemical;4.0
@CHEMICAL_echinatin;@CHEMICAL_echinatin;chemical;4.0
@CHEMICAL_echinoside_A;@CHEMICAL_echinoside_A;chemical;4.0
@CHEMICAL_elexacaftor;@CHEMICAL_elexacaftor;chemical;4.0
@CHEMICAL_emedastine;@CHEMICAL_emedastine;chemical;4.0
@CHEMICAL_endomorphin_1;@CHEMICAL_endomorphin_1;chemical;4.0
@CHEMICAL_erinacine_A;@CHEMICAL_erinacine_A;chemical;4.0
@CHEMICAL_esaxerenone;@CHEMICAL_esaxerenone;chemical;4.0
@CHEMICAL_esmolol;@CHEMICAL_esmolol;chemical;4.0
@CHEMICAL_estradiol_valerate_dienogest;@CHEMICAL_estradiol_valerate_dienogest;chemical;4.0
@CHEMICAL_estropipate;@CHEMICAL_estropipate;chemical;4.0
@CHEMICAL_ethyl_4_methoxycinnamate;@CHEMICAL_ethyl_4_methoxycinnamate;chemical;4.0
@CHEMICAL_ethylglyoxal_bis(thiosemicarbazonato)copper(II);@CHEMICAL_ethylglyoxal_bis(thiosemicarbazonato)copper(II);chemical;4.0
@CHEMICAL_etimicin;@CHEMICAL_etimicin;chemical;4.0
@CHEMICAL_etravirine;@CHEMICAL_etravirine;chemical;4.0
@CHEMICAL_evernic_acid;@CHEMICAL_evernic_acid;chemical;4.0
@CHEMICAL_fagomine;@CHEMICAL_fagomine;chemical;4.0
@CHEMICAL_femoston;@CHEMICAL_femoston;chemical;4.0
@CHEMICAL_firibastat;@CHEMICAL_firibastat;chemical;4.0
@CHEMICAL_flubendazole;@CHEMICAL_flubendazole;chemical;4.0
@CHEMICAL_fluoroazomycin_arabinoside;@CHEMICAL_fluoroazomycin_arabinoside;chemical;4.0
@CHEMICAL_fluprostenol;@CHEMICAL_fluprostenol;chemical;4.0
@CHEMICAL_flurbiprofen_benzyl_nitrate;@CHEMICAL_flurbiprofen_benzyl_nitrate;chemical;4.0
@CHEMICAL_formestane;@CHEMICAL_formestane;chemical;4.0
@CHEMICAL_formycin_diphosphate;@CHEMICAL_formycin_diphosphate;chemical;4.0
@CHEMICAL_fructose_6_phosphate;@CHEMICAL_fructose_6_phosphate;chemical;4.0
@CHEMICAL_fructosyl_lysine;@CHEMICAL_fructosyl_lysine;chemical;4.0
@CHEMICAL_fucosylated_chondroitin_sulfate;@CHEMICAL_fucosylated_chondroitin_sulfate;chemical;4.0
@CHEMICAL_gadolinium_ethoxybenzyl_DTPA;@CHEMICAL_gadolinium_ethoxybenzyl_DTPA;chemical;4.0
@CHEMICAL_ganodermanontriol;@CHEMICAL_ganodermanontriol;chemical;4.0
@CHEMICAL_garcinol;@CHEMICAL_garcinol;chemical;4.0
@CHEMICAL_gentiakochianin;@CHEMICAL_gentiakochianin;chemical;4.0
@CHEMICAL_geranyl_pyrophosphate;@CHEMICAL_geranyl_pyrophosphate;chemical;4.0
@CHEMICAL_geranylgeranylacetone;@CHEMICAL_geranylgeranylacetone;chemical;4.0
@CHEMICAL_ginsenoside_F2;@CHEMICAL_ginsenoside_F2;chemical;4.0
@CHEMICAL_ginsenoside_Rg2;@CHEMICAL_ginsenoside_Rg2;chemical;4.0
@CHEMICAL_glabrol;@CHEMICAL_glabrol;chemical;4.0
@CHEMICAL_glaucine;@CHEMICAL_glaucine;chemical;4.0
@CHEMICAL_globotriaosylceramide;@CHEMICAL_globotriaosylceramide;chemical;4.0
@CHEMICAL_glucoraphanin;@CHEMICAL_glucoraphanin;chemical;4.0
@CHEMICAL_glutaconic_acid;@CHEMICAL_glutaconic_acid;chemical;4.0
@CHEMICAL_glyceric_acid;@CHEMICAL_glyceric_acid;chemical;4.0
@CHEMICAL_glycidamide;@CHEMICAL_glycidamide;chemical;4.0
@CHEMICAL_glycol_salicylate;@CHEMICAL_glycol_salicylate;chemical;4.0
@CHEMICAL_glycolaldehyde;@CHEMICAL_glycolaldehyde;chemical;4.0
@CHEMICAL_golotimod;@CHEMICAL_golotimod;chemical;4.0
@CHEMICAL_halometasone;@CHEMICAL_halometasone;chemical;4.0
@CHEMICAL_hamamelitannin;@CHEMICAL_hamamelitannin;chemical;4.0
@CHEMICAL_heptakis(2_6_O_dimethyl)beta_cyclodextrin;@CHEMICAL_heptakis(2_6_O_dimethyl)beta_cyclodextrin;chemical;4.0
@CHEMICAL_hexachlorocyclotriphosphazene;@CHEMICAL_hexachlorocyclotriphosphazene;chemical;4.0
@CHEMICAL_hexafluoroisopropanol;@CHEMICAL_hexafluoroisopropanol;chemical;4.0
@CHEMICAL_hexanoylcarnitine;@CHEMICAL_hexanoylcarnitine;chemical;4.0
@CHEMICAL_homoserine_lactone;@CHEMICAL_homoserine_lactone;chemical;4.0
@CHEMICAL_hydrangenol;@CHEMICAL_hydrangenol;chemical;4.0
@CHEMICAL_hydrocinnamate_cyclo(ornithyl_prolyl_cyclohexylalanyl_tryptophyl_arginyl);@CHEMICAL_hydrocinnamate_cyclo(ornithyl_prolyl_cyclohexylalanyl_tryptophyl_arginyl);chemical;4.0
@CHEMICAL_hydrotalcite;@CHEMICAL_hydrotalcite;chemical;4.0
@CHEMICAL_hyperforin;@CHEMICAL_hyperforin;chemical;4.0
@CHEMICAL_iminodiacetic_acid;@CHEMICAL_iminodiacetic_acid;chemical;4.0
@CHEMICAL_importazole;@CHEMICAL_importazole;chemical;4.0
@CHEMICAL_incomptine_A;@CHEMICAL_incomptine_A;chemical;4.0
@CHEMICAL_indene;@CHEMICAL_indene;chemical;4.0
@CHEMICAL_indoleacetamide;@CHEMICAL_indoleacetamide;chemical;4.0
@CHEMICAL_inecalcitol;@CHEMICAL_inecalcitol;chemical;4.0
@CHEMICAL_inositol_1_4_bisphosphate_5_phosphorothioate;@CHEMICAL_inositol_1_4_bisphosphate_5_phosphorothioate;chemical;4.0
@CHEMICAL_iodopravadoline;@CHEMICAL_iodopravadoline;chemical;4.0
@CHEMICAL_irisquinone;@CHEMICAL_irisquinone;chemical;4.0
@CHEMICAL_isatoic_anhydride;@CHEMICAL_isatoic_anhydride;chemical;4.0
@CHEMICAL_islatravir;@CHEMICAL_islatravir;chemical;4.0
@CHEMICAL_isocucurbitacin_B;@CHEMICAL_isocucurbitacin_B;chemical;4.0
@CHEMICAL_isovanillin;@CHEMICAL_isovanillin;chemical;4.0
@CHEMICAL_jadomycin_B;@CHEMICAL_jadomycin_B;chemical;4.0
@CHEMICAL_kaempferol_3_O_glucoside;@CHEMICAL_kaempferol_3_O_glucoside;chemical;4.0
@CHEMICAL_kaempferol_7_O_alpha_L_rhamnopyranoside;@CHEMICAL_kaempferol_7_O_alpha_L_rhamnopyranoside;chemical;4.0
@CHEMICAL_kaempferol__3_O_(6_malonyl)_glucoside;@CHEMICAL_kaempferol__3_O_(6_malonyl)_glucoside;chemical;4.0
@CHEMICAL_ketoprofen_lysine;@CHEMICAL_ketoprofen_lysine;chemical;4.0
@CHEMICAL_kokusaginine;@CHEMICAL_kokusaginine;chemical;4.0
@CHEMICAL_kuraridin;@CHEMICAL_kuraridin;chemical;4.0
@CHEMICAL_lacto_N_neotetraose;@CHEMICAL_lacto_N_neotetraose;chemical;4.0
@CHEMICAL_lanthanum_carbonate;@CHEMICAL_lanthanum_carbonate;chemical;4.0
@CHEMICAL_lanthanum_oxide;@CHEMICAL_lanthanum_oxide;chemical;4.0
@CHEMICAL_lapachol;@CHEMICAL_lapachol;chemical;4.0
@CHEMICAL_laponite;@CHEMICAL_laponite;chemical;4.0
@CHEMICAL_lariciresinol;@CHEMICAL_lariciresinol;chemical;4.0
@CHEMICAL_leptomycin_B;@CHEMICAL_leptomycin_B;chemical;4.0
@CHEMICAL_liensinine;@CHEMICAL_liensinine;chemical;4.0
@CHEMICAL_linalyl_acetate;@CHEMICAL_linalyl_acetate;chemical;4.0
@CHEMICAL_linsidomine;@CHEMICAL_linsidomine;chemical;4.0
@CHEMICAL_liposomal_amphotericin_B;@CHEMICAL_liposomal_amphotericin_B;chemical;4.0
@CHEMICAL_lithium_aluminum_hydride;@CHEMICAL_lithium_aluminum_hydride;chemical;4.0
@CHEMICAL_lithium_fluoride;@CHEMICAL_lithium_fluoride;chemical;4.0
@CHEMICAL_lithium_hydroxide;@CHEMICAL_lithium_hydroxide;chemical;4.0
@CHEMICAL_loliolide;@CHEMICAL_loliolide;chemical;4.0
@CHEMICAL_maculosin;@CHEMICAL_maculosin;chemical;4.0
@CHEMICAL_magnesium_ferrite;@CHEMICAL_magnesium_ferrite;chemical;4.0
@CHEMICAL_magnesium_phosphate;@CHEMICAL_magnesium_phosphate;chemical;4.0
@CHEMICAL_magnesium_titanate;@CHEMICAL_magnesium_titanate;chemical;4.0
@CHEMICAL_maltoheptaose;@CHEMICAL_maltoheptaose;chemical;4.0
@CHEMICAL_maltose_tetrapalmitate;@CHEMICAL_maltose_tetrapalmitate;chemical;4.0
@CHEMICAL_mammea_A_BB;@CHEMICAL_mammea_A_BB;chemical;4.0
@CHEMICAL_marrubiin;@CHEMICAL_marrubiin;chemical;4.0
@CHEMICAL_maslinic_acid;@CHEMICAL_maslinic_acid;chemical;4.0
@CHEMICAL_menthol_glucuronide;@CHEMICAL_menthol_glucuronide;chemical;4.0
@CHEMICAL_menthone;@CHEMICAL_menthone;chemical;4.0
@CHEMICAL_mesitylene;@CHEMICAL_mesitylene;chemical;4.0
@CHEMICAL_metaxalone;@CHEMICAL_metaxalone;chemical;4.0
@CHEMICAL_methoxytryptophol;@CHEMICAL_methoxytryptophol;chemical;4.0
@CHEMICAL_methylazoxymethanol;@CHEMICAL_methylazoxymethanol;chemical;4.0
@CHEMICAL_methylene_green;@CHEMICAL_methylene_green;chemical;4.0
@CHEMICAL_micropeptides;@CHEMICAL_micropeptides;chemical;4.0
@CHEMICAL_miltefosine;@CHEMICAL_miltefosine;chemical;4.0
@CHEMICAL_mitocurcumin;@CHEMICAL_mitocurcumin;chemical;4.0
@CHEMICAL_moexipril;@CHEMICAL_moexipril;chemical;4.0
@CHEMICAL_molybdenum_oxide;@CHEMICAL_molybdenum_oxide;chemical;4.0
@CHEMICAL_monoacetylphloroglucinol;@CHEMICAL_monoacetylphloroglucinol;chemical;4.0
@CHEMICAL_monobutyl_phthalate;@CHEMICAL_monobutyl_phthalate;chemical;4.0
@CHEMICAL_monooctanoin;@CHEMICAL_monooctanoin;chemical;4.0
@CHEMICAL_morpholine;@CHEMICAL_morpholine;chemical;4.0
@CHEMICAL_mycobactins;@CHEMICAL_mycobactins;chemical;4.0
@CHEMICAL_nadifloxacin;@CHEMICAL_nadifloxacin;chemical;4.0
@CHEMICAL_nalmefene;@CHEMICAL_nalmefene;chemical;4.0
@CHEMICAL_nardosinone;@CHEMICAL_nardosinone;chemical;4.0
@CHEMICAL_neoeriocitrin;@CHEMICAL_neoeriocitrin;chemical;4.0
@CHEMICAL_neohesperidin_dihydrochalcone;@CHEMICAL_neohesperidin_dihydrochalcone;chemical;4.0
@CHEMICAL_neotame;@CHEMICAL_neotame;chemical;4.0
@CHEMICAL_neozone;@CHEMICAL_neozone;chemical;4.0
@CHEMICAL_netarsudil;@CHEMICAL_netarsudil;chemical;4.0
@CHEMICAL_nickel_hydroxide;@CHEMICAL_nickel_hydroxide;chemical;4.0
@CHEMICAL_nickel_sulfate;@CHEMICAL_nickel_sulfate;chemical;4.0
@CHEMICAL_norclozapine;@CHEMICAL_norclozapine;chemical;4.0
@CHEMICAL_norwogonin;@CHEMICAL_norwogonin;chemical;4.0
@CHEMICAL_octachlorodibenzo_4_dioxin;@CHEMICAL_octachlorodibenzo_4_dioxin;chemical;4.0
@CHEMICAL_octachlorodibenzofuran;@CHEMICAL_octachlorodibenzofuran;chemical;4.0
@CHEMICAL_octadecyltrimethylammonium;@CHEMICAL_octadecyltrimethylammonium;chemical;4.0
@CHEMICAL_octanoylcarnitine;@CHEMICAL_octanoylcarnitine;chemical;4.0
@CHEMICAL_octyl_gallate;@CHEMICAL_octyl_gallate;chemical;4.0
@CHEMICAL_olivine;@CHEMICAL_olivine;chemical;4.0
@CHEMICAL_oltipraz;@CHEMICAL_oltipraz;chemical;4.0
@CHEMICAL_onapristone;@CHEMICAL_onapristone;chemical;4.0
@CHEMICAL_ophthalmic_acid;@CHEMICAL_ophthalmic_acid;chemical;4.0
@CHEMICAL_oroxindin;@CHEMICAL_oroxindin;chemical;4.0
@CHEMICAL_oxaluric_acid;@CHEMICAL_oxaluric_acid;chemical;4.0
@CHEMICAL_oxidized_L_alpha_1_palmitoyl_2_arachidonoyl_sn_glycero_3_phosphorylcholine;@CHEMICAL_oxidized_L_alpha_1_palmitoyl_2_arachidonoyl_sn_glycero_3_phosphorylcholine;chemical;4.0
@CHEMICAL_p_tert_butyl_catechol;@CHEMICAL_p_tert_butyl_catechol;chemical;4.0
@CHEMICAL_pachastrissamine;@CHEMICAL_pachastrissamine;chemical;4.0
@CHEMICAL_pachymaran;@CHEMICAL_pachymaran;chemical;4.0
@CHEMICAL_palladium_oxide;@CHEMICAL_palladium_oxide;chemical;4.0
@CHEMICAL_panduratin_A;@CHEMICAL_panduratin_A;chemical;4.0
@CHEMICAL_perampanel;@CHEMICAL_perampanel;chemical;4.0
@CHEMICAL_perfluorobutane;@CHEMICAL_perfluorobutane;chemical;4.0
@CHEMICAL_perifosine;@CHEMICAL_perifosine;chemical;4.0
@CHEMICAL_persulfides;@CHEMICAL_persulfides;chemical;4.0
@CHEMICAL_phosphatidylinositol_3_4_5_triphosphate;@CHEMICAL_phosphatidylinositol_3_4_5_triphosphate;chemical;4.0
@CHEMICAL_phosphatidylinositol_3_phosphate;@CHEMICAL_phosphatidylinositol_3_phosphate;chemical;4.0
@CHEMICAL_phthalide;@CHEMICAL_phthalide;chemical;4.0
@CHEMICAL_picroside_I;@CHEMICAL_picroside_I;chemical;4.0
@CHEMICAL_poly(3_4_dihydroxyphenylalanine);@CHEMICAL_poly(3_4_dihydroxyphenylalanine);chemical;4.0
@CHEMICAL_poly(beta_amino_ester);@CHEMICAL_poly(beta_amino_ester);chemical;4.0
@CHEMICAL_poly(beta_cyclodextrin);@CHEMICAL_poly(beta_cyclodextrin);chemical;4.0
@CHEMICAL_poly(butylene_adipate_co_butylene_terephthalate);@CHEMICAL_poly(butylene_adipate_co_butylene_terephthalate);chemical;4.0
@CHEMICAL_poly(ethylsiloxane);@CHEMICAL_poly(ethylsiloxane);chemical;4.0
@CHEMICAL_poly_N_vinylcaprolactam;@CHEMICAL_poly_N_vinylcaprolactam;chemical;4.0
@CHEMICAL_poly_beta_hydroxybutyrate;@CHEMICAL_poly_beta_hydroxybutyrate;chemical;4.0
@CHEMICAL_polyallylamine;@CHEMICAL_polyallylamine;chemical;4.0
@CHEMICAL_polymethacrylic_acid;@CHEMICAL_polymethacrylic_acid;chemical;4.0
@CHEMICAL_polysialic_acid;@CHEMICAL_polysialic_acid;chemical;4.0
@CHEMICAL_polyvinyl_alcohol_hydrogel;@CHEMICAL_polyvinyl_alcohol_hydrogel;chemical;4.0
@CHEMICAL_poractant_alfa;@CHEMICAL_poractant_alfa;chemical;4.0
@CHEMICAL_potassium_bromate;@CHEMICAL_potassium_bromate;chemical;4.0
@CHEMICAL_potassium_phosphate;@CHEMICAL_potassium_phosphate;chemical;4.0
@CHEMICAL_pretomanid;@CHEMICAL_pretomanid;chemical;4.0
@CHEMICAL_proline_nitric_oxide;@CHEMICAL_proline_nitric_oxide;chemical;4.0
@CHEMICAL_propargylglycine;@CHEMICAL_propargylglycine;chemical;4.0
@CHEMICAL_propiolic_acid;@CHEMICAL_propiolic_acid;chemical;4.0
@CHEMICAL_protoporphyrinogen;@CHEMICAL_protoporphyrinogen;chemical;4.0
@CHEMICAL_pseudocumene;@CHEMICAL_pseudocumene;chemical;4.0
@CHEMICAL_pyrimethanil;@CHEMICAL_pyrimethanil;chemical;4.0
@CHEMICAL_ramosetron;@CHEMICAL_ramosetron;chemical;4.0
@CHEMICAL_resorufin;@CHEMICAL_resorufin;chemical;4.0
@CHEMICAL_retrorsine;@CHEMICAL_retrorsine;chemical;4.0
@CHEMICAL_rotigotine;@CHEMICAL_rotigotine;chemical;4.0
@CHEMICAL_rutinose;@CHEMICAL_rutinose;chemical;4.0
@CHEMICAL_sacran;@CHEMICAL_sacran;chemical;4.0
@CHEMICAL_safinamide;@CHEMICAL_safinamide;chemical;4.0
@CHEMICAL_samarium_oxide;@CHEMICAL_samarium_oxide;chemical;4.0
@CHEMICAL_serpentine_(alkaloid);@CHEMICAL_serpentine_(alkaloid);chemical;4.0
@CHEMICAL_shellac;@CHEMICAL_shellac;chemical;4.0
@CHEMICAL_silanol;@CHEMICAL_silanol;chemical;4.0
@CHEMICAL_silver_carbonate;@CHEMICAL_silver_carbonate;chemical;4.0
@CHEMICAL_silychristin;@CHEMICAL_silychristin;chemical;4.0
@CHEMICAL_sirtinol;@CHEMICAL_sirtinol;chemical;4.0
@CHEMICAL_skyrin;@CHEMICAL_skyrin;chemical;4.0
@CHEMICAL_sodium_houttuyfonate;@CHEMICAL_sodium_houttuyfonate;chemical;4.0
@CHEMICAL_sodium_metabisulfite;@CHEMICAL_sodium_metabisulfite;chemical;4.0
@CHEMICAL_sodium_phosphate;@CHEMICAL_sodium_phosphate;chemical;4.0
@CHEMICAL_sodium_sulfite;@CHEMICAL_sodium_sulfite;chemical;4.0
@CHEMICAL_solanesyl_pyrophosphate;@CHEMICAL_solanesyl_pyrophosphate;chemical;4.0
@CHEMICAL_sphingosine_phosphorylcholine;@CHEMICAL_sphingosine_phosphorylcholine;chemical;4.0
@CHEMICAL_sporopollenin;@CHEMICAL_sporopollenin;chemical;4.0
@CHEMICAL_stannous_chloride;@CHEMICAL_stannous_chloride;chemical;4.0
@CHEMICAL_staphyloxanthin;@CHEMICAL_staphyloxanthin;chemical;4.0
@CHEMICAL_strontium_titanium_oxide;@CHEMICAL_strontium_titanium_oxide;chemical;4.0
@CHEMICAL_succinoglycan;@CHEMICAL_succinoglycan;chemical;4.0
@CHEMICAL_sulfolithocholic_acid;@CHEMICAL_sulfolithocholic_acid;chemical;4.0
@CHEMICAL_surufatinib;@CHEMICAL_surufatinib;chemical;4.0
@CHEMICAL_tafenoquine;@CHEMICAL_tafenoquine;chemical;4.0
@CHEMICAL_talabostat;@CHEMICAL_talabostat;chemical;4.0
@CHEMICAL_taurultam;@CHEMICAL_taurultam;chemical;4.0
@CHEMICAL_tazarotene;@CHEMICAL_tazarotene;chemical;4.0
@CHEMICAL_teduglutide;@CHEMICAL_teduglutide;chemical;4.0
@CHEMICAL_telaprevir;@CHEMICAL_telaprevir;chemical;4.0
@CHEMICAL_tert_butylserine;@CHEMICAL_tert_butylserine;chemical;4.0
@CHEMICAL_testosterone_glucuronate;@CHEMICAL_testosterone_glucuronate;chemical;4.0
@CHEMICAL_tetrahydrodeoxycorticosterone;@CHEMICAL_tetrahydrodeoxycorticosterone;chemical;4.0
@CHEMICAL_thermospermine;@CHEMICAL_thermospermine;chemical;4.0
@CHEMICAL_thiacloprid;@CHEMICAL_thiacloprid;chemical;4.0
@CHEMICAL_thiazolidine_2_4_dione;@CHEMICAL_thiazolidine_2_4_dione;chemical;4.0
@CHEMICAL_threonic_acid;@CHEMICAL_threonic_acid;chemical;4.0
@CHEMICAL_tirilazad;@CHEMICAL_tirilazad;chemical;4.0
@CHEMICAL_tissue_polypeptide_specific_antigen;@CHEMICAL_tissue_polypeptide_specific_antigen;chemical;4.0
@CHEMICAL_titanium_carbide;@CHEMICAL_titanium_carbide;chemical;4.0
@CHEMICAL_tolrestat;@CHEMICAL_tolrestat;chemical;4.0
@CHEMICAL_tosufloxacin;@CHEMICAL_tosufloxacin;chemical;4.0
@CHEMICAL_trandolapril;@CHEMICAL_trandolapril;chemical;4.0
@CHEMICAL_triciribine;@CHEMICAL_triciribine;chemical;4.0
@CHEMICAL_trifloxystrobin;@CHEMICAL_trifloxystrobin;chemical;4.0
@CHEMICAL_triuret;@CHEMICAL_triuret;chemical;4.0
@CHEMICAL_tropifexor;@CHEMICAL_tropifexor;chemical;4.0
@CHEMICAL_typhaneoside;@CHEMICAL_typhaneoside;chemical;4.0
@CHEMICAL_tyrosinol;@CHEMICAL_tyrosinol;chemical;4.0
@CHEMICAL_ubrogepant;@CHEMICAL_ubrogepant;chemical;4.0
@CHEMICAL_ulixertinib;@CHEMICAL_ulixertinib;chemical;4.0
@CHEMICAL_ultra_high_molecular_weight_polyethylene;@CHEMICAL_ultra_high_molecular_weight_polyethylene;chemical;4.0
@CHEMICAL_vanillactic_acid;@CHEMICAL_vanillactic_acid;chemical;4.0
@CHEMICAL_vanillylamine;@CHEMICAL_vanillylamine;chemical;4.0
@CHEMICAL_vatalanib;@CHEMICAL_vatalanib;chemical;4.0
@CHEMICAL_vernakalant;@CHEMICAL_vernakalant;chemical;4.0
@CHEMICAL_violuric_acid;@CHEMICAL_violuric_acid;chemical;4.0
@CHEMICAL_voxelotor;@CHEMICAL_voxelotor;chemical;4.0
@CHEMICAL_xylotriose;@CHEMICAL_xylotriose;chemical;4.0
@CHEMICAL_zinc_carbonate;@CHEMICAL_zinc_carbonate;chemical;4.0
@CHEMICAL_ziprasidone;@CHEMICAL_ziprasidone;chemical;4.0
@CHEMICAL_zolbetuximab;@CHEMICAL_zolbetuximab;chemical;4.0
@CHEMICAL_zopiclone;@CHEMICAL_zopiclone;chemical;4.0
@CHEMICAL_(18)F_P3BZA;@CHEMICAL_(18)F_P3BZA;chemical;3.0
@CHEMICAL_(2'_(4_aminophenyl)_(2_5'_bi_1H_benzimidazol)_5_amine);@CHEMICAL_(2'_(4_aminophenyl)_(2_5'_bi_1H_benzimidazol)_5_amine);chemical;3.0
@CHEMICAL_(E)_4_hydroxy_3_methylbut_2_enyl_diphosphate;@CHEMICAL_(E)_4_hydroxy_3_methylbut_2_enyl_diphosphate;chemical;3.0
@CHEMICAL_(Pen(5)_DTrp(7)_Orn(8))hU_II(4_11);@CHEMICAL_(Pen(5)_DTrp(7)_Orn(8))hU_II(4_11);chemical;3.0
@CHEMICAL_(S)_3_4_dihydroxybutyric_acid;@CHEMICAL_(S)_3_4_dihydroxybutyric_acid;chemical;3.0
@CHEMICAL_(_)_5_(3'_4'_dihydroxyphenyl)_valerolactone;@CHEMICAL_(_)_5_(3'_4'_dihydroxyphenyl)_valerolactone;chemical;3.0
@CHEMICAL_(ethylenedinitrilo)_tetramethylenephosphonic_acid;@CHEMICAL_(ethylenedinitrilo)_tetramethylenephosphonic_acid;chemical;3.0
@CHEMICAL_(morpholinyl_2_methoxy)_8_tetrahydro_1_2_3_4_quinoline;@CHEMICAL_(morpholinyl_2_methoxy)_8_tetrahydro_1_2_3_4_quinoline;chemical;3.0
@CHEMICAL_10_hydroxycamptothecin;@CHEMICAL_10_hydroxycamptothecin;chemical;3.0
@CHEMICAL_11_dehydro_thromboxane_B2;@CHEMICAL_11_dehydro_thromboxane_B2;chemical;3.0
@CHEMICAL_11_octadecenoic_acid;@CHEMICAL_11_octadecenoic_acid;chemical;3.0
@CHEMICAL_13_oxo_9_11_octadecadienoic_acid;@CHEMICAL_13_oxo_9_11_octadecadienoic_acid;chemical;3.0
@CHEMICAL_1400_W;@CHEMICAL_1400_W;chemical;3.0
@CHEMICAL_15_crown_5;@CHEMICAL_15_crown_5;chemical;3.0
@CHEMICAL_15_hydroxy_5_8_11_13_eicosatetraenoic_acid;@CHEMICAL_15_hydroxy_5_8_11_13_eicosatetraenoic_acid;chemical;3.0
@CHEMICAL_15_ketoprostaglandin_E2;@CHEMICAL_15_ketoprostaglandin_E2;chemical;3.0
@CHEMICAL_17_Ketosteroids;@CHEMICAL_17_Ketosteroids;chemical;3.0
@CHEMICAL_17_hydroxyestrane_3_carbonitrile;@CHEMICAL_17_hydroxyestrane_3_carbonitrile;chemical;3.0
@CHEMICAL_18_crown_6;@CHEMICAL_18_crown_6;chemical;3.0
@CHEMICAL_1V209;@CHEMICAL_1V209;chemical;3.0
@CHEMICAL_1_(5_((2_4_difluorophenyl)thio)_4_nitrothiophen_2_yl)ethanone;@CHEMICAL_1_(5_((2_4_difluorophenyl)thio)_4_nitrothiophen_2_yl)ethanone;chemical;3.0
@CHEMICAL_1_(5_(2_fluorophenyl)_1_(pyridin_3_ylsulfonyl)_1H_pyrrol_3_yl)_N_methylmethanamine;@CHEMICAL_1_(5_(2_fluorophenyl)_1_(pyridin_3_ylsulfonyl)_1H_pyrrol_3_yl)_N_methylmethanamine;chemical;3.0
@CHEMICAL_1_(5_chloro_2_4_dimethoxyphenyl)_3_(5_methylisoxazol_3_yl)urea;@CHEMICAL_1_(5_chloro_2_4_dimethoxyphenyl)_3_(5_methylisoxazol_3_yl)urea;chemical;3.0
@CHEMICAL_1_(6_((3_methoxyestra_1_3_5(10)_trien_17_yl)amino)hexyl)_1H_pyrrole_2_5_dione;@CHEMICAL_1_(6_((3_methoxyestra_1_3_5(10)_trien_17_yl)amino)hexyl)_1H_pyrrole_2_5_dione;chemical;3.0
@CHEMICAL_1_(9_fluorenyl)methyl_chloroformate;@CHEMICAL_1_(9_fluorenyl)methyl_chloroformate;chemical;3.0
@CHEMICAL_1_(N_acetyl_6_aminohexyl)_3_hydroxy_2_methylpyridin_4_one;@CHEMICAL_1_(N_acetyl_6_aminohexyl)_3_hydroxy_2_methylpyridin_4_one;chemical;3.0
@CHEMICAL_1_1_1_trichloroethane;@CHEMICAL_1_1_1_trichloroethane;chemical;3.0
@CHEMICAL_1_2_4_trichlorobenzene;@CHEMICAL_1_2_4_trichlorobenzene;chemical;3.0
@CHEMICAL_1_2_4_trioxane;@CHEMICAL_1_2_4_trioxane;chemical;3.0
@CHEMICAL_1_2_dihydroxynaphthalene;@CHEMICAL_1_2_dihydroxynaphthalene;chemical;3.0
@CHEMICAL_1_2_dithiolane_4_carboxylic_acid;@CHEMICAL_1_2_dithiolane_4_carboxylic_acid;chemical;3.0
@CHEMICAL_1_4_7_triazacyclononane;@CHEMICAL_1_4_7_triazacyclononane;chemical;3.0
@CHEMICAL_1_6_anhydro_3_4_dideoxyhex_3_enopyran_2_ulose;@CHEMICAL_1_6_anhydro_3_4_dideoxyhex_3_enopyran_2_ulose;chemical;3.0
@CHEMICAL_1_Carboxyglutamic_Acid;@CHEMICAL_1_Carboxyglutamic_Acid;chemical;3.0
@CHEMICAL_1_Naphthylamine;@CHEMICAL_1_Naphthylamine;chemical;3.0
@CHEMICAL_1_cyclohexyl_2_(5H_imidazo(5_1_a)isoindol_5_yl)ethanol;@CHEMICAL_1_cyclohexyl_2_(5H_imidazo(5_1_a)isoindol_5_yl)ethanol;chemical;3.0
@CHEMICAL_1_deoxymethylsphinganine;@CHEMICAL_1_deoxymethylsphinganine;chemical;3.0
@CHEMICAL_1_hexadecyl_3_trifluoroethylglycero_sn_2_phosphomethanol;@CHEMICAL_1_hexadecyl_3_trifluoroethylglycero_sn_2_phosphomethanol;chemical;3.0
@CHEMICAL_1_hexanol;@CHEMICAL_1_hexanol;chemical;3.0
@CHEMICAL_1_hydroxy_2_naphthoic_acid;@CHEMICAL_1_hydroxy_2_naphthoic_acid;chemical;3.0
@CHEMICAL_1_hydroxybenzotriazole;@CHEMICAL_1_hydroxybenzotriazole;chemical;3.0
@CHEMICAL_1_hydroxyphenanthrene;@CHEMICAL_1_hydroxyphenanthrene;chemical;3.0
@CHEMICAL_1_methyladenosine;@CHEMICAL_1_methyladenosine;chemical;3.0
@CHEMICAL_1_methylimidazole;@CHEMICAL_1_methylimidazole;chemical;3.0
@CHEMICAL_1_naphthoic_acid;@CHEMICAL_1_naphthoic_acid;chemical;3.0
@CHEMICAL_1_nitropropane;@CHEMICAL_1_nitropropane;chemical;3.0
@CHEMICAL_1_nitroso_2_naphthol;@CHEMICAL_1_nitroso_2_naphthol;chemical;3.0
@CHEMICAL_1_phenyl_6_7_dimethoxy_1_2_3_4_tetrahydroisoquinoline;@CHEMICAL_1_phenyl_6_7_dimethoxy_1_2_3_4_tetrahydroisoquinoline;chemical;3.0
@CHEMICAL_2'_3'_dihydroxy_4'_6'_dimethoxychalcone;@CHEMICAL_2'_3'_dihydroxy_4'_6'_dimethoxychalcone;chemical;3.0
@CHEMICAL_2'_4'_7_trihydroxyisoflavone;@CHEMICAL_2'_4'_7_trihydroxyisoflavone;chemical;3.0
@CHEMICAL_2'_hydroxy_4'_6'_dimethoxy_3'_methylchalcone;@CHEMICAL_2'_hydroxy_4'_6'_dimethoxy_3'_methylchalcone;chemical;3.0
@CHEMICAL_23_25_dihydroxyvitamin_D3;@CHEMICAL_23_25_dihydroxyvitamin_D3;chemical;3.0
@CHEMICAL_23_seleno_25_homotaurocholic_acid;@CHEMICAL_23_seleno_25_homotaurocholic_acid;chemical;3.0
@CHEMICAL_2_(4_(1_(hydroxyimino)_2_3_dihydro_1H_inden_5_yl)_3_(pyridin_4_yl)_1H_pyrazol_1_yl)ethan_1_ol;@CHEMICAL_2_(4_(1_(hydroxyimino)_2_3_dihydro_1H_inden_5_yl)_3_(pyridin_4_yl)_1H_pyrazol_1_yl)ethan_1_ol;chemical;3.0
@CHEMICAL_2_(4_chloro_6_(2_3_dimethylphenylamino)pyrimidin_2_ylthio)octanoic_acid;@CHEMICAL_2_(4_chloro_6_(2_3_dimethylphenylamino)pyrimidin_2_ylthio)octanoic_acid;chemical;3.0
@CHEMICAL_2_(dimethylamino)ethyl_methacrylate;@CHEMICAL_2_(dimethylamino)ethyl_methacrylate;chemical;3.0
@CHEMICAL_2_2'_dipicolylamine;@CHEMICAL_2_2'_dipicolylamine;chemical;3.0
@CHEMICAL_2_2_dimethyl_3_hydroxybutyric_acid;@CHEMICAL_2_2_dimethyl_3_hydroxybutyric_acid;chemical;3.0
@CHEMICAL_2_3_4_5_Tetrahydro_7_8_dihydroxy_1_phenyl_1H_3_benzazepine;@CHEMICAL_2_3_4_5_Tetrahydro_7_8_dihydroxy_1_phenyl_1H_3_benzazepine;chemical;3.0
@CHEMICAL_2_3_bis(3'_hydroxybenzyl)butyrolactone;@CHEMICAL_2_3_bis(3'_hydroxybenzyl)butyrolactone;chemical;3.0
@CHEMICAL_2_3_dioxo_6_nitro_7_sulfamoylbenzo(f)quinoxaline;@CHEMICAL_2_3_dioxo_6_nitro_7_sulfamoylbenzo(f)quinoxaline;chemical;3.0
@CHEMICAL_2_3_pentanedione;@CHEMICAL_2_3_pentanedione;chemical;3.0
@CHEMICAL_2_4_3'_5'_tetramethoxystilbene;@CHEMICAL_2_4_3'_5'_tetramethoxystilbene;chemical;3.0
@CHEMICAL_2_4_6_trihydroxyacetophenone;@CHEMICAL_2_4_6_trihydroxyacetophenone;chemical;3.0
@CHEMICAL_2_4_6_trimethylphenol;@CHEMICAL_2_4_6_trimethylphenol;chemical;3.0
@CHEMICAL_2_4_dihydroxypyridine;@CHEMICAL_2_4_dihydroxypyridine;chemical;3.0
@CHEMICAL_2_4_dinitrophenylhydrazine;@CHEMICAL_2_4_dinitrophenylhydrazine;chemical;3.0
@CHEMICAL_2_4_nonadienal;@CHEMICAL_2_4_nonadienal;chemical;3.0
@CHEMICAL_2_5_Pyridinedicarboxylic_acid;@CHEMICAL_2_5_Pyridinedicarboxylic_acid;chemical;3.0
@CHEMICAL_2_5_dihydroxypyridine;@CHEMICAL_2_5_dihydroxypyridine;chemical;3.0
@CHEMICAL_2_6_dichlorobenzoquinone;@CHEMICAL_2_6_dichlorobenzoquinone;chemical;3.0
@CHEMICAL_2_CEMA;@CHEMICAL_2_CEMA;chemical;3.0
@CHEMICAL_2_acetylphenothiazine;@CHEMICAL_2_acetylphenothiazine;chemical;3.0
@CHEMICAL_2_amino_3_4_dimethylimidazo(4_5_f)quinoline;@CHEMICAL_2_amino_3_4_dimethylimidazo(4_5_f)quinoline;chemical;3.0
@CHEMICAL_2_amino_N_(2_(4_(3_(2_trifluoromethylphenothiazin_10_yl)propyl)piperazin_1_yl)ethyl)acetamide;@CHEMICAL_2_amino_N_(2_(4_(3_(2_trifluoromethylphenothiazin_10_yl)propyl)piperazin_1_yl)ethyl)acetamide;chemical;3.0
@CHEMICAL_2_aminoisobutyric_acid;@CHEMICAL_2_aminoisobutyric_acid;chemical;3.0
@CHEMICAL_2_aminothiazole;@CHEMICAL_2_aminothiazole;chemical;3.0
@CHEMICAL_2_chloro_1_4_benzoquinone;@CHEMICAL_2_chloro_1_4_benzoquinone;chemical;3.0
@CHEMICAL_2_chloro_4_((2_hydroxy_2_methylcyclopentyl)amino)_3_methylbenzonitrile;@CHEMICAL_2_chloro_4_((2_hydroxy_2_methylcyclopentyl)amino)_3_methylbenzonitrile;chemical;3.0
@CHEMICAL_2_chlorodibenzo_4_dioxin;@CHEMICAL_2_chlorodibenzo_4_dioxin;chemical;3.0
@CHEMICAL_2_deoxy_2_fluoro_L_fucose;@CHEMICAL_2_deoxy_2_fluoro_L_fucose;chemical;3.0
@CHEMICAL_2_diethylaminoethanol;@CHEMICAL_2_diethylaminoethanol;chemical;3.0
@CHEMICAL_2_hydroxyisovaleric_acid;@CHEMICAL_2_hydroxyisovaleric_acid;chemical;3.0
@CHEMICAL_2_isopropyl_3_methoxypyrazine;@CHEMICAL_2_isopropyl_3_methoxypyrazine;chemical;3.0
@CHEMICAL_2_mercaptoacetate;@CHEMICAL_2_mercaptoacetate;chemical;3.0
@CHEMICAL_2_methylcitric_acid;@CHEMICAL_2_methylcitric_acid;chemical;3.0
@CHEMICAL_2_norbornene;@CHEMICAL_2_norbornene;chemical;3.0
@CHEMICAL_2_phenylethyl_acetate;@CHEMICAL_2_phenylethyl_acetate;chemical;3.0
@CHEMICAL_2_phenylphenol;@CHEMICAL_2_phenylphenol;chemical;3.0
@CHEMICAL_3_(2'_pyridyldithio)benzyldiazoacetate;@CHEMICAL_3_(2'_pyridyldithio)benzyldiazoacetate;chemical;3.0
@CHEMICAL_3_(6_isobutyl_9_methoxy_1_4_dioxo_1_2_3_4_6_7_12_12a_octahydropyrazino(1'_2'_1_6)pyrido(3_4_b)indol_3_yl)propionic_acid_tert_butyl_ester;@CHEMICAL_3_(6_isobutyl_9_methoxy_1_4_dioxo_1_2_3_4_6_7_12_12a_octahydropyrazino(1'_2'_1_6)pyrido(3_4_b)indol_3_yl)propionic_acid_tert_butyl_ester;chemical;3.0
@CHEMICAL_3_(cyclopropylmethyl)_7_((4_phenyl_1_piperidinyl)methyl)_8_(trifluoromethyl)_1_2_4_triazolo(4_3_a)pyridine;@CHEMICAL_3_(cyclopropylmethyl)_7_((4_phenyl_1_piperidinyl)methyl)_8_(trifluoromethyl)_1_2_4_triazolo(4_3_a)pyridine;chemical;3.0
@CHEMICAL_3_3'_iminodipropionitrile;@CHEMICAL_3_3'_iminodipropionitrile;chemical;3.0
@CHEMICAL_3_4_dichloroaniline;@CHEMICAL_3_4_dichloroaniline;chemical;3.0
@CHEMICAL_3_4_dihydrocoumarin;@CHEMICAL_3_4_dihydrocoumarin;chemical;3.0
@CHEMICAL_3_4_dihydroxybenzohydroxamic_acid;@CHEMICAL_3_4_dihydroxybenzohydroxamic_acid;chemical;3.0
@CHEMICAL_3_4_epoxy_1_butene;@CHEMICAL_3_4_epoxy_1_butene;chemical;3.0
@CHEMICAL_3_7_dioxolanosta_8_24_dien_26_oic_acid;@CHEMICAL_3_7_dioxolanosta_8_24_dien_26_oic_acid;chemical;3.0
@CHEMICAL_3_aminobenzamide;@CHEMICAL_3_aminobenzamide;chemical;3.0
@CHEMICAL_3_anisidine;@CHEMICAL_3_anisidine;chemical;3.0
@CHEMICAL_3_bromocarbazole;@CHEMICAL_3_bromocarbazole;chemical;3.0
@CHEMICAL_3_chloro_4_hydroxybenzoate;@CHEMICAL_3_chloro_4_hydroxybenzoate;chemical;3.0
@CHEMICAL_3_chlorobenzoic_acid;@CHEMICAL_3_chlorobenzoic_acid;chemical;3.0
@CHEMICAL_3_chlorocarbazole;@CHEMICAL_3_chlorocarbazole;chemical;3.0
@CHEMICAL_3_cyano_N_(1_3_diphenyl_1H_pyrazol_5_yl)benzamide;@CHEMICAL_3_cyano_N_(1_3_diphenyl_1H_pyrazol_5_yl)benzamide;chemical;3.0
@CHEMICAL_3_deoxy_D_arabino_heptulosonate_7_phosphate;@CHEMICAL_3_deoxy_D_arabino_heptulosonate_7_phosphate;chemical;3.0
@CHEMICAL_3_hexaprenyl_4_hydroxybenzoic_acid;@CHEMICAL_3_hexaprenyl_4_hydroxybenzoic_acid;chemical;3.0
@CHEMICAL_3_hydroxy_2_naphthoic_acid;@CHEMICAL_3_hydroxy_2_naphthoic_acid;chemical;3.0
@CHEMICAL_3_hydroxybenzaldehyde;@CHEMICAL_3_hydroxybenzaldehyde;chemical;3.0
@CHEMICAL_3_hydroxyoctanoic_acid;@CHEMICAL_3_hydroxyoctanoic_acid;chemical;3.0
@CHEMICAL_3_hydroxyolean_12_en_27_oic_acid;@CHEMICAL_3_hydroxyolean_12_en_27_oic_acid;chemical;3.0
@CHEMICAL_3_methyladipic_acid;@CHEMICAL_3_methyladipic_acid;chemical;3.0
@CHEMICAL_3_methylglutaconic_acid;@CHEMICAL_3_methylglutaconic_acid;chemical;3.0
@CHEMICAL_3_phosphoglycerate;@CHEMICAL_3_phosphoglycerate;chemical;3.0
@CHEMICAL_3_sulfopropyl_methacrylate;@CHEMICAL_3_sulfopropyl_methacrylate;chemical;3.0
@CHEMICAL_4'_hydroxychalcone;@CHEMICAL_4'_hydroxychalcone;chemical;3.0
@CHEMICAL_4'_hydroxydiclofenac;@CHEMICAL_4'_hydroxydiclofenac;chemical;3.0
@CHEMICAL_4'_hydroxyflavanone;@CHEMICAL_4'_hydroxyflavanone;chemical;3.0
@CHEMICAL_4_((2_carboxyethyl)hydroxyphosphinyl)_3_oxobutyrate;@CHEMICAL_4_((2_carboxyethyl)hydroxyphosphinyl)_3_oxobutyrate;chemical;3.0
@CHEMICAL_4_(2_(2_hydroxycyclohexylamino)benzothiazol_6_yloxy)pyridine_2_carboxylic_acid_methylamide;@CHEMICAL_4_(2_(2_hydroxycyclohexylamino)benzothiazol_6_yloxy)pyridine_2_carboxylic_acid_methylamide;chemical;3.0
@CHEMICAL_4_(3_amino_4_(2_4_5_trifluorophenyl)butanoyl)_3_(tert_butoxymethyl)piperazin_2_one;@CHEMICAL_4_(3_amino_4_(2_4_5_trifluorophenyl)butanoyl)_3_(tert_butoxymethyl)piperazin_2_one;chemical;3.0
@CHEMICAL_4_(4_(3_adamantan_1_ylureido)cyclohexyloxy)benzoic_acid;@CHEMICAL_4_(4_(3_adamantan_1_ylureido)cyclohexyloxy)benzoic_acid;chemical;3.0
@CHEMICAL_4_(4_(trifluoromethyl)phenyl)_N_(6_fluoro_1H_indazol_5_yl)_2_methyl_6_oxo_1_4_5_6_tetrahydro_3_pyridinecarboxamide;@CHEMICAL_4_(4_(trifluoromethyl)phenyl)_N_(6_fluoro_1H_indazol_5_yl)_2_methyl_6_oxo_1_4_5_6_tetrahydro_3_pyridinecarboxamide;chemical;3.0
@CHEMICAL_4_(4_cyanophenyl)_2_(2_cyclopentylidenehydrazinyl)thiazole;@CHEMICAL_4_(4_cyanophenyl)_2_(2_cyclopentylidenehydrazinyl)thiazole;chemical;3.0
@CHEMICAL_4_(benzylamino)_2_((2_(3_chloro_4_hydroxyphenyl)ethyl)amino)pyrimidine_5_carboxamide;@CHEMICAL_4_(benzylamino)_2_((2_(3_chloro_4_hydroxyphenyl)ethyl)amino)pyrimidine_5_carboxamide;chemical;3.0
@CHEMICAL_4_4_difluoro_5_(2_thienyl)_4_bora_3a_4a_diaza_s_indacene_3_dodecanoic_acid;@CHEMICAL_4_4_difluoro_5_(2_thienyl)_4_bora_3a_4a_diaza_s_indacene_3_dodecanoic_acid;chemical;3.0
@CHEMICAL_4_O_carboxymethylascochlorin;@CHEMICAL_4_O_carboxymethylascochlorin;chemical;3.0
@CHEMICAL_4_allylphenol;@CHEMICAL_4_allylphenol;chemical;3.0
@CHEMICAL_4_aminophenylalanine;@CHEMICAL_4_aminophenylalanine;chemical;3.0
@CHEMICAL_4_aminophenylphosphate;@CHEMICAL_4_aminophenylphosphate;chemical;3.0
@CHEMICAL_4_chloro_3_ethylphenol;@CHEMICAL_4_chloro_3_ethylphenol;chemical;3.0
@CHEMICAL_4_chlorobenzoic_acid;@CHEMICAL_4_chlorobenzoic_acid;chemical;3.0
@CHEMICAL_4_coumaroyl_coenzyme_A;@CHEMICAL_4_coumaroyl_coenzyme_A;chemical;3.0
@CHEMICAL_4_ethylphenol;@CHEMICAL_4_ethylphenol;chemical;3.0
@CHEMICAL_4_hydroxy_5_methyl_3(2H)_furanone;@CHEMICAL_4_hydroxy_5_methyl_3(2H)_furanone;chemical;3.0
@CHEMICAL_4_hydroxybenzoic_acid_2_bromobenzylidene_hydrazide;@CHEMICAL_4_hydroxybenzoic_acid_2_bromobenzylidene_hydrazide;chemical;3.0
@CHEMICAL_4_hydroxycoumarin;@CHEMICAL_4_hydroxycoumarin;chemical;3.0
@CHEMICAL_4_methyl_N1_(3_phenylpropyl)benzene_1_2_diamine;@CHEMICAL_4_methyl_N1_(3_phenylpropyl)benzene_1_2_diamine;chemical;3.0
@CHEMICAL_4_nitrophenyl_acetate;@CHEMICAL_4_nitrophenyl_acetate;chemical;3.0
@CHEMICAL_4_t_butylphenyl_N_(4_imidazol_1_ylphenyl)sulfonamide;@CHEMICAL_4_t_butylphenyl_N_(4_imidazol_1_ylphenyl)sulfonamide;chemical;3.0
@CHEMICAL_4_trifluoromethylphenol;@CHEMICAL_4_trifluoromethylphenol;chemical;3.0
@CHEMICAL_4_vinylpyridine;@CHEMICAL_4_vinylpyridine;chemical;3.0
@CHEMICAL_5'_deoxy_5'_phosphonomethyladenosine_phosphate;@CHEMICAL_5'_deoxy_5'_phosphonomethyladenosine_phosphate;chemical;3.0
@CHEMICAL_5_10_15_20_tetra(4_hydroxyphenyl)porphyrin;@CHEMICAL_5_10_15_20_tetra(4_hydroxyphenyl)porphyrin;chemical;3.0
@CHEMICAL_5_10_dihydro_5_methylphenazine;@CHEMICAL_5_10_dihydro_5_methylphenazine;chemical;3.0
@CHEMICAL_5_M_FP_2_Py;@CHEMICAL_5_M_FP_2_Py;chemical;3.0
@CHEMICAL_5_chloro_2_mercaptobenzothiazole;@CHEMICAL_5_chloro_2_mercaptobenzothiazole;chemical;3.0
@CHEMICAL_5_fluorotryptophan;@CHEMICAL_5_fluorotryptophan;chemical;3.0
@CHEMICAL_5_hydroxymethyl_2'_deoxyuridine;@CHEMICAL_5_hydroxymethyl_2'_deoxyuridine;chemical;3.0
@CHEMICAL_5_iodouracil;@CHEMICAL_5_iodouracil;chemical;3.0
@CHEMICAL_5_methylcytidine;@CHEMICAL_5_methylcytidine;chemical;3.0
@CHEMICAL_67Ga_DOTATOC;@CHEMICAL_67Ga_DOTATOC;chemical;3.0
@CHEMICAL_6_(2_tert_butyl_5_(6_methylpyridin_2_yl)_1H_imidazol_4_yl)quinoxaline;@CHEMICAL_6_(2_tert_butyl_5_(6_methylpyridin_2_yl)_1H_imidazol_4_yl)quinoxaline;chemical;3.0
@CHEMICAL_6_(4_(3_4_dichlorophenyl)piperazine_1_carbonyl)_1H_pyrimidine_2_4_dione;@CHEMICAL_6_(4_(3_4_dichlorophenyl)piperazine_1_carbonyl)_1H_pyrimidine_2_4_dione;chemical;3.0
@CHEMICAL_6_O_monoacetylmorphine;@CHEMICAL_6_O_monoacetylmorphine;chemical;3.0
@CHEMICAL_6_beta_galactinol;@CHEMICAL_6_beta_galactinol;chemical;3.0
@CHEMICAL_6_cyano_5_methoxyindolo(2_3_a)carbazole;@CHEMICAL_6_cyano_5_methoxyindolo(2_3_a)carbazole;chemical;3.0
@CHEMICAL_6_ethyl_3_7_dihydroxycholan_24_ol;@CHEMICAL_6_ethyl_3_7_dihydroxycholan_24_ol;chemical;3.0
@CHEMICAL_6_hydroxydopa;@CHEMICAL_6_hydroxydopa;chemical;3.0
@CHEMICAL_6_hydroxytaxol;@CHEMICAL_6_hydroxytaxol;chemical;3.0
@CHEMICAL_6_paradol;@CHEMICAL_6_paradol;chemical;3.0
@CHEMICAL_7_8_dihydrobiopterin;@CHEMICAL_7_8_dihydrobiopterin;chemical;3.0
@CHEMICAL_7_hydroxymethotrexate;@CHEMICAL_7_hydroxymethotrexate;chemical;3.0
@CHEMICAL_7_methylguanine;@CHEMICAL_7_methylguanine;chemical;3.0
@CHEMICAL_8_Bromo_Cyclic_Adenosine_Monophosphate;@CHEMICAL_8_Bromo_Cyclic_Adenosine_Monophosphate;chemical;3.0
@CHEMICAL_8_hydroxyadenine;@CHEMICAL_8_hydroxyadenine;chemical;3.0
@CHEMICAL_8_nitroguanosine_3'_5'_cyclic_monophosphate;@CHEMICAL_8_nitroguanosine_3'_5'_cyclic_monophosphate;chemical;3.0
@CHEMICAL_ABR_238901;@CHEMICAL_ABR_238901;chemical;3.0
@CHEMICAL_AGN_193109;@CHEMICAL_AGN_193109;chemical;3.0
@CHEMICAL_ALZ_801;@CHEMICAL_ALZ_801;chemical;3.0
@CHEMICAL_AM6545;@CHEMICAL_AM6545;chemical;3.0
@CHEMICAL_AST_120;@CHEMICAL_AST_120;chemical;3.0
@CHEMICAL_AZD4547;@CHEMICAL_AZD4547;chemical;3.0
@CHEMICAL_AZD7648;@CHEMICAL_AZD7648;chemical;3.0
@CHEMICAL_AZD9833;@CHEMICAL_AZD9833;chemical;3.0
@CHEMICAL_A_19;@CHEMICAL_A_19;chemical;3.0
@CHEMICAL_A_967079;@CHEMICAL_A_967079;chemical;3.0
@CHEMICAL_Acetylgalactosamine;@CHEMICAL_Acetylgalactosamine;chemical;3.0
@CHEMICAL_Acid_Blue_158;@CHEMICAL_Acid_Blue_158;chemical;3.0
@CHEMICAL_Acrylamides;@CHEMICAL_Acrylamides;chemical;3.0
@CHEMICAL_Aldrin;@CHEMICAL_Aldrin;chemical;3.0
@CHEMICAL_Amdinocillin;@CHEMICAL_Amdinocillin;chemical;3.0
@CHEMICAL_Amidines;@CHEMICAL_Amidines;chemical;3.0
@CHEMICAL_Aminacrine;@CHEMICAL_Aminacrine;chemical;3.0
@CHEMICAL_Aminoglutethimide;@CHEMICAL_Aminoglutethimide;chemical;3.0
@CHEMICAL_Aminoimidazole_Carboxamide;@CHEMICAL_Aminoimidazole_Carboxamide;chemical;3.0
@CHEMICAL_Amisulpride;@CHEMICAL_Amisulpride;chemical;3.0
@CHEMICAL_Ammonium_Hydroxide;@CHEMICAL_Ammonium_Hydroxide;chemical;3.0
@CHEMICAL_Amodiaquine;@CHEMICAL_Amodiaquine;chemical;3.0
@CHEMICAL_Anhydrides;@CHEMICAL_Anhydrides;chemical;3.0
@CHEMICAL_Anisomycin;@CHEMICAL_Anisomycin;chemical;3.0
@CHEMICAL_Antimony_Sodium_Gluconate;@CHEMICAL_Antimony_Sodium_Gluconate;chemical;3.0
@CHEMICAL_Aristolochic_Acids;@CHEMICAL_Aristolochic_Acids;chemical;3.0
@CHEMICAL_BCTC_cpd;@CHEMICAL_BCTC_cpd;chemical;3.0
@CHEMICAL_BMS_189453;@CHEMICAL_BMS_189453;chemical;3.0
@CHEMICAL_BMS_777607;@CHEMICAL_BMS_777607;chemical;3.0
@CHEMICAL_BNC375;@CHEMICAL_BNC375;chemical;3.0
@CHEMICAL_Bendroflumethiazide;@CHEMICAL_Bendroflumethiazide;chemical;3.0
@CHEMICAL_Benzaldehydes;@CHEMICAL_Benzaldehydes;chemical;3.0
@CHEMICAL_Benzamides;@CHEMICAL_Benzamides;chemical;3.0
@CHEMICAL_Benzoin;@CHEMICAL_Benzoin;chemical;3.0
@CHEMICAL_Benzydamine;@CHEMICAL_Benzydamine;chemical;3.0
@CHEMICAL_Biflavonoids;@CHEMICAL_Biflavonoids;chemical;3.0
@CHEMICAL_Biperiden;@CHEMICAL_Biperiden;chemical;3.0
@CHEMICAL_Bromcresol_Green;@CHEMICAL_Bromcresol_Green;chemical;3.0
@CHEMICAL_Bromhexine;@CHEMICAL_Bromhexine;chemical;3.0
@CHEMICAL_Bromthymol_Blue;@CHEMICAL_Bromthymol_Blue;chemical;3.0
@CHEMICAL_Butanones;@CHEMICAL_Butanones;chemical;3.0
@CHEMICAL_Butylscopolammonium_Bromide;@CHEMICAL_Butylscopolammonium_Bromide;chemical;3.0
@CHEMICAL_CCV_protocol;@CHEMICAL_CCV_protocol;chemical;3.0
@CHEMICAL_CGA_protein_human;@CHEMICAL_CGA_protein_human;chemical;3.0
@CHEMICAL_CLP257;@CHEMICAL_CLP257;chemical;3.0
@CHEMICAL_CL_316_243;@CHEMICAL_CL_316_243;chemical;3.0
@CHEMICAL_CM_chitin;@CHEMICAL_CM_chitin;chemical;3.0
@CHEMICAL_CPI203;@CHEMICAL_CPI203;chemical;3.0
@CHEMICAL_CP_31398;@CHEMICAL_CP_31398;chemical;3.0
@CHEMICAL_CR_6;@CHEMICAL_CR_6;chemical;3.0
@CHEMICAL_Cacodylic_Acid;@CHEMICAL_Cacodylic_Acid;chemical;3.0
@CHEMICAL_Cantharidin;@CHEMICAL_Cantharidin;chemical;3.0
@CHEMICAL_Canthaxanthin;@CHEMICAL_Canthaxanthin;chemical;3.0
@CHEMICAL_Carbocysteine;@CHEMICAL_Carbocysteine;chemical;3.0
@CHEMICAL_Carbonic_Acid;@CHEMICAL_Carbonic_Acid;chemical;3.0
@CHEMICAL_Carisoprodol;@CHEMICAL_Carisoprodol;chemical;3.0
@CHEMICAL_Cartap;@CHEMICAL_Cartap;chemical;3.0
@CHEMICAL_Carubicin;@CHEMICAL_Carubicin;chemical;3.0
@CHEMICAL_Catechols;@CHEMICAL_Catechols;chemical;3.0
@CHEMICAL_Chalcogens;@CHEMICAL_Chalcogens;chemical;3.0
@CHEMICAL_Chloranil;@CHEMICAL_Chloranil;chemical;3.0
@CHEMICAL_Chorismic_Acid;@CHEMICAL_Chorismic_Acid;chemical;3.0
@CHEMICAL_Ciguatoxins;@CHEMICAL_Ciguatoxins;chemical;3.0
@CHEMICAL_Cilomilast;@CHEMICAL_Cilomilast;chemical;3.0
@CHEMICAL_Citrates;@CHEMICAL_Citrates;chemical;3.0
@CHEMICAL_Clofibric_Acid;@CHEMICAL_Clofibric_Acid;chemical;3.0
@CHEMICAL_Coordination_Complexes;@CHEMICAL_Coordination_Complexes;chemical;3.0
@CHEMICAL_Cresols;@CHEMICAL_Cresols;chemical;3.0
@CHEMICAL_Cucurbitacins;@CHEMICAL_Cucurbitacins;chemical;3.0
@CHEMICAL_Cyanates;@CHEMICAL_Cyanates;chemical;3.0
@CHEMICAL_Cyclooctanes;@CHEMICAL_Cyclooctanes;chemical;3.0
@CHEMICAL_Cyclotides;@CHEMICAL_Cyclotides;chemical;3.0
@CHEMICAL_Cytochalasin_D;@CHEMICAL_Cytochalasin_D;chemical;3.0
@CHEMICAL_DMP_450;@CHEMICAL_DMP_450;chemical;3.0
@CHEMICAL_DONS;@CHEMICAL_DONS;chemical;3.0
@CHEMICAL_DT2216;@CHEMICAL_DT2216;chemical;3.0
@CHEMICAL_D_Glucaric_acid_1_4_lactone;@CHEMICAL_D_Glucaric_acid_1_4_lactone;chemical;3.0
@CHEMICAL_Dequalinium;@CHEMICAL_Dequalinium;chemical;3.0
@CHEMICAL_Desflurane;@CHEMICAL_Desflurane;chemical;3.0
@CHEMICAL_Desmosine;@CHEMICAL_Desmosine;chemical;3.0
@CHEMICAL_Desmosterol;@CHEMICAL_Desmosterol;chemical;3.0
@CHEMICAL_Deuterium_Oxide;@CHEMICAL_Deuterium_Oxide;chemical;3.0
@CHEMICAL_Diamines;@CHEMICAL_Diamines;chemical;3.0
@CHEMICAL_Diaminopimelic_Acid;@CHEMICAL_Diaminopimelic_Acid;chemical;3.0
@CHEMICAL_Diamond;@CHEMICAL_Diamond;chemical;3.0
@CHEMICAL_Digitalis_Glycosides;@CHEMICAL_Digitalis_Glycosides;chemical;3.0
@CHEMICAL_Dihydroxyacetone;@CHEMICAL_Dihydroxyacetone;chemical;3.0
@CHEMICAL_Direct_Red_12B;@CHEMICAL_Direct_Red_12B;chemical;3.0
@CHEMICAL_Dnp_SG;@CHEMICAL_Dnp_SG;chemical;3.0
@CHEMICAL_Droxidopa;@CHEMICAL_Droxidopa;chemical;3.0
@CHEMICAL_DuraSeal_spinal_sealant;@CHEMICAL_DuraSeal_spinal_sealant;chemical;3.0
@CHEMICAL_Dyphylline;@CHEMICAL_Dyphylline;chemical;3.0
@CHEMICAL_E_10;@CHEMICAL_E_10;chemical;3.0
@CHEMICAL_E_7070;@CHEMICAL_E_7070;chemical;3.0
@CHEMICAL_Eicosanoic_Acids;@CHEMICAL_Eicosanoic_Acids;chemical;3.0
@CHEMICAL_Emtricitabine;@CHEMICAL_Emtricitabine;chemical;3.0
@CHEMICAL_Enalaprilat;@CHEMICAL_Enalaprilat;chemical;3.0
@CHEMICAL_Ethionine;@CHEMICAL_Ethionine;chemical;3.0
@CHEMICAL_Ethosuximide;@CHEMICAL_Ethosuximide;chemical;3.0
@CHEMICAL_Ethoxzolamide;@CHEMICAL_Ethoxzolamide;chemical;3.0
@CHEMICAL_Eudragit_RS;@CHEMICAL_Eudragit_RS;chemical;3.0
@CHEMICAL_FAM_S_protocol;@CHEMICAL_FAM_S_protocol;chemical;3.0
@CHEMICAL_Fast_Blue_BB;@CHEMICAL_Fast_Blue_BB;chemical;3.0
@CHEMICAL_Fenoterol;@CHEMICAL_Fenoterol;chemical;3.0
@CHEMICAL_Flunarizine;@CHEMICAL_Flunarizine;chemical;3.0
@CHEMICAL_Flurothyl;@CHEMICAL_Flurothyl;chemical;3.0
@CHEMICAL_Frankincense;@CHEMICAL_Frankincense;chemical;3.0
@CHEMICAL_G(M2)_Ganglioside;@CHEMICAL_G(M2)_Ganglioside;chemical;3.0
@CHEMICAL_GANT58;@CHEMICAL_GANT58;chemical;3.0
@CHEMICAL_GDC_0084;@CHEMICAL_GDC_0084;chemical;3.0
@CHEMICAL_GNF_351;@CHEMICAL_GNF_351;chemical;3.0
@CHEMICAL_GP1111;@CHEMICAL_GP1111;chemical;3.0
@CHEMICAL_GRL_8234;@CHEMICAL_GRL_8234;chemical;3.0
@CHEMICAL_GSK872;@CHEMICAL_GSK872;chemical;3.0
@CHEMICAL_GSK_1070916;@CHEMICAL_GSK_1070916;chemical;3.0
@CHEMICAL_GV_971;@CHEMICAL_GV_971;chemical;3.0
@CHEMICAL_GW_3965;@CHEMICAL_GW_3965;chemical;3.0
@CHEMICAL_Galactans;@CHEMICAL_Galactans;chemical;3.0
@CHEMICAL_Gallamine_Triethiodide;@CHEMICAL_Gallamine_Triethiodide;chemical;3.0
@CHEMICAL_Ghee;@CHEMICAL_Ghee;chemical;3.0
@CHEMICAL_Guanine_Nucleotides;@CHEMICAL_Guanine_Nucleotides;chemical;3.0
@CHEMICAL_Guanosine_Diphosphate_Mannose;@CHEMICAL_Guanosine_Diphosphate_Mannose;chemical;3.0
@CHEMICAL_Guanosine_Pentaphosphate;@CHEMICAL_Guanosine_Pentaphosphate;chemical;3.0
@CHEMICAL_Heparinoids;@CHEMICAL_Heparinoids;chemical;3.0
@CHEMICAL_Hexylresorcinol;@CHEMICAL_Hexylresorcinol;chemical;3.0
@CHEMICAL_Hydrocarbons_Halogenated;@CHEMICAL_Hydrocarbons_Halogenated;chemical;3.0
@CHEMICAL_Hydrofluoric_Acid;@CHEMICAL_Hydrofluoric_Acid;chemical;3.0
@CHEMICAL_Hypercholanemia_Familial;@CHEMICAL_Hypercholanemia_Familial;chemical;3.0
@CHEMICAL_Iloprost;@CHEMICAL_Iloprost;chemical;3.0
@CHEMICAL_Indium_111;@CHEMICAL_Indium_111;chemical;3.0
@CHEMICAL_Isothiocyanates;@CHEMICAL_Isothiocyanates;chemical;3.0
@CHEMICAL_JIB_04;@CHEMICAL_JIB_04;chemical;3.0
@CHEMICAL_JK184;@CHEMICAL_JK184;chemical;3.0
@CHEMICAL_KNK_437;@CHEMICAL_KNK_437;chemical;3.0
@CHEMICAL_KRASG12D_inhibitor_MRTX1133;@CHEMICAL_KRASG12D_inhibitor_MRTX1133;chemical;3.0
@CHEMICAL_KYA1797K;@CHEMICAL_KYA1797K;chemical;3.0
@CHEMICAL_Ketorolac_Tromethamine;@CHEMICAL_Ketorolac_Tromethamine;chemical;3.0
@CHEMICAL_LCL161;@CHEMICAL_LCL161;chemical;3.0
@CHEMICAL_LC_1_compound;@CHEMICAL_LC_1_compound;chemical;3.0
@CHEMICAL_LIT_001;@CHEMICAL_LIT_001;chemical;3.0
@CHEMICAL_LY2109761;@CHEMICAL_LY2109761;chemical;3.0
@CHEMICAL_LY2940680;@CHEMICAL_LY2940680;chemical;3.0
@CHEMICAL_LY3214996;@CHEMICAL_LY3214996;chemical;3.0
@CHEMICAL_LY_255283;@CHEMICAL_LY_255283;chemical;3.0
@CHEMICAL_LY_411_575;@CHEMICAL_LY_411_575;chemical;3.0
@CHEMICAL_Lactates;@CHEMICAL_Lactates;chemical;3.0
@CHEMICAL_Lead_212;@CHEMICAL_Lead_212;chemical;3.0
@CHEMICAL_Levobupivacaine;@CHEMICAL_Levobupivacaine;chemical;3.0
@CHEMICAL_Lisdexamfetamine_Dimesylate;@CHEMICAL_Lisdexamfetamine_Dimesylate;chemical;3.0
@CHEMICAL_ML_792;@CHEMICAL_ML_792;chemical;3.0
@CHEMICAL_MTT_formazan;@CHEMICAL_MTT_formazan;chemical;3.0
@CHEMICAL_Malonyl_Coenzyme_A;@CHEMICAL_Malonyl_Coenzyme_A;chemical;3.0
@CHEMICAL_Maytansine;@CHEMICAL_Maytansine;chemical;3.0
@CHEMICAL_Meclofenamic_Acid;@CHEMICAL_Meclofenamic_Acid;chemical;3.0
@CHEMICAL_Mercaptoethanol;@CHEMICAL_Mercaptoethanol;chemical;3.0
@CHEMICAL_Methacrylates;@CHEMICAL_Methacrylates;chemical;3.0
@CHEMICAL_Mianserin;@CHEMICAL_Mianserin;chemical;3.0
@CHEMICAL_Midodrine;@CHEMICAL_Midodrine;chemical;3.0
@CHEMICAL_Moricizine;@CHEMICAL_Moricizine;chemical;3.0
@CHEMICAL_Mycolic_Acids;@CHEMICAL_Mycolic_Acids;chemical;3.0
@CHEMICAL_N'_(3_4_dihydroxybenzylidene)_3_hydroxy_2_naphthahydrazide;@CHEMICAL_N'_(3_4_dihydroxybenzylidene)_3_hydroxy_2_naphthahydrazide;chemical;3.0
@CHEMICAL_N(2)_N(2)_dimethylguanosine;@CHEMICAL_N(2)_N(2)_dimethylguanosine;chemical;3.0
@CHEMICAL_N(6)_benzyladenosine;@CHEMICAL_N(6)_benzyladenosine;chemical;3.0
@CHEMICAL_N(omega)_propylarginine;@CHEMICAL_N(omega)_propylarginine;chemical;3.0
@CHEMICAL_NSC319726;@CHEMICAL_NSC319726;chemical;3.0
@CHEMICAL_N_((2_(hydroxyaminocarbonyl)methyl)_4_methylpentanoyl)_3_(2'_naphthyl)alanylalanine_2_aminoethylamide;@CHEMICAL_N_((2_(hydroxyaminocarbonyl)methyl)_4_methylpentanoyl)_3_(2'_naphthyl)alanylalanine_2_aminoethylamide;chemical;3.0
@CHEMICAL_N_(1_cyclohexylpiperidin_4_yl)_2_(4_isopropyl_1_4_diazepan_1_yl)_6_methoxy_7_(3_(piperidin_1_yl)propoxy)quinazolin_4_amine;@CHEMICAL_N_(1_cyclohexylpiperidin_4_yl)_2_(4_isopropyl_1_4_diazepan_1_yl)_6_methoxy_7_(3_(piperidin_1_yl)propoxy)quinazolin_4_amine;chemical;3.0
@CHEMICAL_N_(3_methoxyphenyl)_4_chlorocinnamanilide;@CHEMICAL_N_(3_methoxyphenyl)_4_chlorocinnamanilide;chemical;3.0
@CHEMICAL_N_(4'_fluorobutyrophenone)_4_(4_chlorophenyl)pyridinium;@CHEMICAL_N_(4'_fluorobutyrophenone)_4_(4_chlorophenyl)pyridinium;chemical;3.0
@CHEMICAL_N_(4_(N_(3_methoxypyrazin_2_yl)sulfamoyl)phenyl)_3_(5_nitrothiophene_2_yl)acrylamide;@CHEMICAL_N_(4_(N_(3_methoxypyrazin_2_yl)sulfamoyl)phenyl)_3_(5_nitrothiophene_2_yl)acrylamide;chemical;3.0
@CHEMICAL_N_N'_methylenebisacrylamide;@CHEMICAL_N_N'_methylenebisacrylamide;chemical;3.0
@CHEMICAL_N_N_N_trimethyl_5_aminovaleric_acid;@CHEMICAL_N_N_N_trimethyl_5_aminovaleric_acid;chemical;3.0
@CHEMICAL_N_N_dimethylacrylamide;@CHEMICAL_N_N_dimethylacrylamide;chemical;3.0
@CHEMICAL_N_acetyl_N_nitrosotryptophan;@CHEMICAL_N_acetyl_N_nitrosotryptophan;chemical;3.0
@CHEMICAL_N_acetyl_S_(2_cyanoethyl)cysteine;@CHEMICAL_N_acetyl_S_(2_cyanoethyl)cysteine;chemical;3.0
@CHEMICAL_N_acylethanolamines;@CHEMICAL_N_acylethanolamines;chemical;3.0
@CHEMICAL_N_benzoylphenylalanylphenylalinol_acetate;@CHEMICAL_N_benzoylphenylalanylphenylalinol_acetate;chemical;3.0
@CHEMICAL_N_fluorobenzenesulfonimide;@CHEMICAL_N_fluorobenzenesulfonimide;chemical;3.0
@CHEMICAL_N_formylmethionylphenylalanine;@CHEMICAL_N_formylmethionylphenylalanine;chemical;3.0
@CHEMICAL_N_hydroxy_2_aminopyrene;@CHEMICAL_N_hydroxy_2_aminopyrene;chemical;3.0
@CHEMICAL_N_methyl_4_aminophenol;@CHEMICAL_N_methyl_4_aminophenol;chemical;3.0
@CHEMICAL_N_methylproline;@CHEMICAL_N_methylproline;chemical;3.0
@CHEMICAL_N_palmitoylsphingosine;@CHEMICAL_N_palmitoylsphingosine;chemical;3.0
@CHEMICAL_N_valyltryptophan;@CHEMICAL_N_valyltryptophan;chemical;3.0
@CHEMICAL_Naphthol_Blue_Black;@CHEMICAL_Naphthol_Blue_Black;chemical;3.0
@CHEMICAL_Natriuretic_Peptides;@CHEMICAL_Natriuretic_Peptides;chemical;3.0
@CHEMICAL_Nefopam;@CHEMICAL_Nefopam;chemical;3.0
@CHEMICAL_Neostigmine;@CHEMICAL_Neostigmine;chemical;3.0
@CHEMICAL_Neuroprostanes;@CHEMICAL_Neuroprostanes;chemical;3.0
@CHEMICAL_Nitrendipine;@CHEMICAL_Nitrendipine;chemical;3.0
@CHEMICAL_Nitrobenzenes;@CHEMICAL_Nitrobenzenes;chemical;3.0
@CHEMICAL_Nystatin;@CHEMICAL_Nystatin;chemical;3.0
@CHEMICAL_OKN_007;@CHEMICAL_OKN_007;chemical;3.0
@CHEMICAL_O_(2_fluoroethyl)tyrosine;@CHEMICAL_O_(2_fluoroethyl)tyrosine;chemical;3.0
@CHEMICAL_O_Antigens;@CHEMICAL_O_Antigens;chemical;3.0
@CHEMICAL_Oxadiazoles;@CHEMICAL_Oxadiazoles;chemical;3.0
@CHEMICAL_Oxandrolone;@CHEMICAL_Oxandrolone;chemical;3.0
@CHEMICAL_Oxazepam;@CHEMICAL_Oxazepam;chemical;3.0
@CHEMICAL_Oxypurinol;@CHEMICAL_Oxypurinol;chemical;3.0
@CHEMICAL_P(HB_co_HV);@CHEMICAL_P(HB_co_HV);chemical;3.0
@CHEMICAL_PD_176252;@CHEMICAL_PD_176252;chemical;3.0
@CHEMICAL_PF_543;@CHEMICAL_PF_543;chemical;3.0
@CHEMICAL_PLX_4720;@CHEMICAL_PLX_4720;chemical;3.0
@CHEMICAL_PVB_protocol;@CHEMICAL_PVB_protocol;chemical;3.0
@CHEMICAL_P_3F(ax)_Neu5Ac;@CHEMICAL_P_3F(ax)_Neu5Ac;chemical;3.0
@CHEMICAL_Pafolacianine;@CHEMICAL_Pafolacianine;chemical;3.0
@CHEMICAL_Palmitic_Acids;@CHEMICAL_Palmitic_Acids;chemical;3.0
@CHEMICAL_Pentazocine;@CHEMICAL_Pentazocine;chemical;3.0
@CHEMICAL_Pentobarbital;@CHEMICAL_Pentobarbital;chemical;3.0
@CHEMICAL_Pentosan_Sulfuric_Polyester;@CHEMICAL_Pentosan_Sulfuric_Polyester;chemical;3.0
@CHEMICAL_Pentostatin;@CHEMICAL_Pentostatin;chemical;3.0
@CHEMICAL_Peptaibols;@CHEMICAL_Peptaibols;chemical;3.0
@CHEMICAL_Perphenazine;@CHEMICAL_Perphenazine;chemical;3.0
@CHEMICAL_Perylene;@CHEMICAL_Perylene;chemical;3.0
@CHEMICAL_Phosphites;@CHEMICAL_Phosphites;chemical;3.0
@CHEMICAL_Phosphoserine;@CHEMICAL_Phosphoserine;chemical;3.0
@CHEMICAL_Physostigmine;@CHEMICAL_Physostigmine;chemical;3.0
@CHEMICAL_Picrotoxin;@CHEMICAL_Picrotoxin;chemical;3.0
@CHEMICAL_Pimozide;@CHEMICAL_Pimozide;chemical;3.0
@CHEMICAL_Piperonyl_Butoxide;@CHEMICAL_Piperonyl_Butoxide;chemical;3.0
@CHEMICAL_Pituitary_Hormones;@CHEMICAL_Pituitary_Hormones;chemical;3.0
@CHEMICAL_Pituitary_Hormones_Posterior;@CHEMICAL_Pituitary_Hormones_Posterior;chemical;3.0
@CHEMICAL_Platelet_Activating_Factor;@CHEMICAL_Platelet_Activating_Factor;chemical;3.0
@CHEMICAL_Polyanhydrides;@CHEMICAL_Polyanhydrides;chemical;3.0
@CHEMICAL_Proadifen;@CHEMICAL_Proadifen;chemical;3.0
@CHEMICAL_Promegestone;@CHEMICAL_Promegestone;chemical;3.0
@CHEMICAL_Prostaglandins_D;@CHEMICAL_Prostaglandins_D;chemical;3.0
@CHEMICAL_Prostaglandins_G;@CHEMICAL_Prostaglandins_G;chemical;3.0
@CHEMICAL_Puromycin;@CHEMICAL_Puromycin;chemical;3.0
@CHEMICAL_Pyridones;@CHEMICAL_Pyridones;chemical;3.0
@CHEMICAL_Pyrithioxin;@CHEMICAL_Pyrithioxin;chemical;3.0
@CHEMICAL_Pyrroloiminoquinones;@CHEMICAL_Pyrroloiminoquinones;chemical;3.0
@CHEMICAL_Raclopride;@CHEMICAL_Raclopride;chemical;3.0
@CHEMICAL_Ramalin;@CHEMICAL_Ramalin;chemical;3.0
@CHEMICAL_Red_DND_99;@CHEMICAL_Red_DND_99;chemical;3.0
@CHEMICAL_Rimonabant;@CHEMICAL_Rimonabant;chemical;3.0
@CHEMICAL_SBI_0206965;@CHEMICAL_SBI_0206965;chemical;3.0
@CHEMICAL_SBI_115;@CHEMICAL_SBI_115;chemical;3.0
@CHEMICAL_SB_705498;@CHEMICAL_SB_705498;chemical;3.0
@CHEMICAL_SB_742881;@CHEMICAL_SB_742881;chemical;3.0
@CHEMICAL_SB_743921;@CHEMICAL_SB_743921;chemical;3.0
@CHEMICAL_SCO_267;@CHEMICAL_SCO_267;chemical;3.0
@CHEMICAL_SK&F_82958;@CHEMICAL_SK&F_82958;chemical;3.0
@CHEMICAL_SP2509;@CHEMICAL_SP2509;chemical;3.0
@CHEMICAL_SRPIN340;@CHEMICAL_SRPIN340;chemical;3.0
@CHEMICAL_S_ethyl_glutathione;@CHEMICAL_S_ethyl_glutathione;chemical;3.0
@CHEMICAL_S_nitroso_N_acetylcysteine;@CHEMICAL_S_nitroso_N_acetylcysteine;chemical;3.0
@CHEMICAL_S_nitrosocysteine;@CHEMICAL_S_nitrosocysteine;chemical;3.0
@CHEMICAL_S_phenyl_N_acetylcysteine;@CHEMICAL_S_phenyl_N_acetylcysteine;chemical;3.0
@CHEMICAL_S_phosphocysteine;@CHEMICAL_S_phosphocysteine;chemical;3.0
@CHEMICAL_Selenium_Oxides;@CHEMICAL_Selenium_Oxides;chemical;3.0
@CHEMICAL_Sodium_Iodide;@CHEMICAL_Sodium_Iodide;chemical;3.0
@CHEMICAL_Solutol_HS_15;@CHEMICAL_Solutol_HS_15;chemical;3.0
@CHEMICAL_Spherex;@CHEMICAL_Spherex;chemical;3.0
@CHEMICAL_Strobilurins;@CHEMICAL_Strobilurins;chemical;3.0
@CHEMICAL_Strontium_89;@CHEMICAL_Strontium_89;chemical;3.0
@CHEMICAL_Sugar_Alcohols;@CHEMICAL_Sugar_Alcohols;chemical;3.0
@CHEMICAL_Sulfinic_Acids;@CHEMICAL_Sulfinic_Acids;chemical;3.0
@CHEMICAL_Sulfisoxazole;@CHEMICAL_Sulfisoxazole;chemical;3.0
@CHEMICAL_Sulfur_35;@CHEMICAL_Sulfur_35;chemical;3.0
@CHEMICAL_Sulfur_Compounds;@CHEMICAL_Sulfur_Compounds;chemical;3.0
@CHEMICAL_TAK_779;@CHEMICAL_TAK_779;chemical;3.0
@CHEMICAL_TAK_875;@CHEMICAL_TAK_875;chemical;3.0
@CHEMICAL_TGX_221;@CHEMICAL_TGX_221;chemical;3.0
@CHEMICAL_TMF_protocol;@CHEMICAL_TMF_protocol;chemical;3.0
@CHEMICAL_TWS_119;@CHEMICAL_TWS_119;chemical;3.0
@CHEMICAL_TX1_85_1;@CHEMICAL_TX1_85_1;chemical;3.0
@CHEMICAL_Tetrahydroisoquinolines;@CHEMICAL_Tetrahydroisoquinolines;chemical;3.0
@CHEMICAL_Thiocholine;@CHEMICAL_Thiocholine;chemical;3.0
@CHEMICAL_Thiones;@CHEMICAL_Thiones;chemical;3.0
@CHEMICAL_Thiopental;@CHEMICAL_Thiopental;chemical;3.0
@CHEMICAL_Triprolidine;@CHEMICAL_Triprolidine;chemical;3.0
@CHEMICAL_Tropolone;@CHEMICAL_Tropolone;chemical;3.0
@CHEMICAL_UMI_77;@CHEMICAL_UMI_77;chemical;3.0
@CHEMICAL_UNC_0638;@CHEMICAL_UNC_0638;chemical;3.0
@CHEMICAL_Umibecestat;@CHEMICAL_Umibecestat;chemical;3.0
@CHEMICAL_VASE_peptide;@CHEMICAL_VASE_peptide;chemical;3.0
@CHEMICAL_VER_155008;@CHEMICAL_VER_155008;chemical;3.0
@CHEMICAL_VU0453595;@CHEMICAL_VU0453595;chemical;3.0
@CHEMICAL_Veratrum_Alkaloids;@CHEMICAL_Veratrum_Alkaloids;chemical;3.0
@CHEMICAL_WYE_354;@CHEMICAL_WYE_354;chemical;3.0
@CHEMICAL_Withanolides;@CHEMICAL_Withanolides;chemical;3.0
@CHEMICAL_YKL_05_099;@CHEMICAL_YKL_05_099;chemical;3.0
@CHEMICAL_ZCL278;@CHEMICAL_ZCL278;chemical;3.0
@CHEMICAL_ZD4054;@CHEMICAL_ZD4054;chemical;3.0
@CHEMICAL_ZLN005;@CHEMICAL_ZLN005;chemical;3.0
@CHEMICAL_Zirconocene_dichloride;@CHEMICAL_Zirconocene_dichloride;chemical;3.0
@CHEMICAL_absinthium;@CHEMICAL_absinthium;chemical;3.0
@CHEMICAL_acetyl_acetonate;@CHEMICAL_acetyl_acetonate;chemical;3.0
@CHEMICAL_acid_red_88;@CHEMICAL_acid_red_88;chemical;3.0
@CHEMICAL_adefovir;@CHEMICAL_adefovir;chemical;3.0
@CHEMICAL_adenosine_3'_5'_cyclic_phosphorothioate;@CHEMICAL_adenosine_3'_5'_cyclic_phosphorothioate;chemical;3.0
@CHEMICAL_adepren;@CHEMICAL_adepren;chemical;3.0
@CHEMICAL_adomeglivant;@CHEMICAL_adomeglivant;chemical;3.0
@CHEMICAL_adrenosterone;@CHEMICAL_adrenosterone;chemical;3.0
@CHEMICAL_agaricoglyceride_A;@CHEMICAL_agaricoglyceride_A;chemical;3.0
@CHEMICAL_alanylalanine;@CHEMICAL_alanylalanine;chemical;3.0
@CHEMICAL_alanylglutamic_acid;@CHEMICAL_alanylglutamic_acid;chemical;3.0
@CHEMICAL_alfatradiol;@CHEMICAL_alfatradiol;chemical;3.0
@CHEMICAL_alliin;@CHEMICAL_alliin;chemical;3.0
@CHEMICAL_allyl_sulfide;@CHEMICAL_allyl_sulfide;chemical;3.0
@CHEMICAL_almond_oil;@CHEMICAL_almond_oil;chemical;3.0
@CHEMICAL_alpha_1_3_glucan;@CHEMICAL_alpha_1_3_glucan;chemical;3.0
@CHEMICAL_alpha_aminopyridine;@CHEMICAL_alpha_aminopyridine;chemical;3.0
@CHEMICAL_alpha_beta_diacryloxypropionic_acid;@CHEMICAL_alpha_beta_diacryloxypropionic_acid;chemical;3.0
@CHEMICAL_alpha_farnesene;@CHEMICAL_alpha_farnesene;chemical;3.0
@CHEMICAL_alpha_hydroxyisocaproic_acid;@CHEMICAL_alpha_hydroxyisocaproic_acid;chemical;3.0
@CHEMICAL_alpha_keto_beta_methylvaleric_acid;@CHEMICAL_alpha_keto_beta_methylvaleric_acid;chemical;3.0
@CHEMICAL_aluminum_fluoride;@CHEMICAL_aluminum_fluoride;chemical;3.0
@CHEMICAL_ambroxol_theophylline_7_acetate;@CHEMICAL_ambroxol_theophylline_7_acetate;chemical;3.0
@CHEMICAL_ametantrone;@CHEMICAL_ametantrone;chemical;3.0
@CHEMICAL_amminedichloro(2_methylpyridine)platinum(II);@CHEMICAL_amminedichloro(2_methylpyridine)platinum(II);chemical;3.0
@CHEMICAL_ammoxetine;@CHEMICAL_ammoxetine;chemical;3.0
@CHEMICAL_amorolfine;@CHEMICAL_amorolfine;chemical;3.0
@CHEMICAL_ampelopsin;@CHEMICAL_ampelopsin;chemical;3.0
@CHEMICAL_amphotericin_B_deoxycholate_drug_combination;@CHEMICAL_amphotericin_B_deoxycholate_drug_combination;chemical;3.0
@CHEMICAL_amrubicin;@CHEMICAL_amrubicin;chemical;3.0
@CHEMICAL_androsterone_sulfate;@CHEMICAL_androsterone_sulfate;chemical;3.0
@CHEMICAL_anethole;@CHEMICAL_anethole;chemical;3.0
@CHEMICAL_anisole;@CHEMICAL_anisole;chemical;3.0
@CHEMICAL_anomalin;@CHEMICAL_anomalin;chemical;3.0
@CHEMICAL_antofine;@CHEMICAL_antofine;chemical;3.0
@CHEMICAL_apalcillin;@CHEMICAL_apalcillin;chemical;3.0
@CHEMICAL_apraclonidine;@CHEMICAL_apraclonidine;chemical;3.0
@CHEMICAL_araban;@CHEMICAL_araban;chemical;3.0
@CHEMICAL_arabinogalactan;@CHEMICAL_arabinogalactan;chemical;3.0
@CHEMICAL_araloside_A;@CHEMICAL_araloside_A;chemical;3.0
@CHEMICAL_arsenic_pentoxide;@CHEMICAL_arsenic_pentoxide;chemical;3.0
@CHEMICAL_asenapine;@CHEMICAL_asenapine;chemical;3.0
@CHEMICAL_atrolactic_acid;@CHEMICAL_atrolactic_acid;chemical;3.0
@CHEMICAL_azelnidipine;@CHEMICAL_azelnidipine;chemical;3.0
@CHEMICAL_bacillibactin;@CHEMICAL_bacillibactin;chemical;3.0
@CHEMICAL_basic_fuchsin;@CHEMICAL_basic_fuchsin;chemical;3.0
@CHEMICAL_benzofuran;@CHEMICAL_benzofuran;chemical;3.0
@CHEMICAL_benzonitrile;@CHEMICAL_benzonitrile;chemical;3.0
@CHEMICAL_benzoylamido_4'_aminostilbene_2_2'_disulfonate;@CHEMICAL_benzoylamido_4'_aminostilbene_2_2'_disulfonate;chemical;3.0
@CHEMICAL_benzyl_acetate;@CHEMICAL_benzyl_acetate;chemical;3.0
@CHEMICAL_benzylamine;@CHEMICAL_benzylamine;chemical;3.0
@CHEMICAL_bergamottin;@CHEMICAL_bergamottin;chemical;3.0
@CHEMICAL_beta_Tocopherol;@CHEMICAL_beta_Tocopherol;chemical;3.0
@CHEMICAL_beta_beta_dimethylacryloyl_alkannin;@CHEMICAL_beta_beta_dimethylacryloyl_alkannin;chemical;3.0
@CHEMICAL_beta_nitrostyrene;@CHEMICAL_beta_nitrostyrene;chemical;3.0
@CHEMICAL_beta_phenylcysteine;@CHEMICAL_beta_phenylcysteine;chemical;3.0
@CHEMICAL_biotite;@CHEMICAL_biotite;chemical;3.0
@CHEMICAL_biphenyl_indanone_A;@CHEMICAL_biphenyl_indanone_A;chemical;3.0
@CHEMICAL_bismuth_selenide;@CHEMICAL_bismuth_selenide;chemical;3.0
@CHEMICAL_bismuth_subcarbonate;@CHEMICAL_bismuth_subcarbonate;chemical;3.0
@CHEMICAL_bixin;@CHEMICAL_bixin;chemical;3.0
@CHEMICAL_brevilin_A;@CHEMICAL_brevilin_A;chemical;3.0
@CHEMICAL_brigimadlin;@CHEMICAL_brigimadlin;chemical;3.0
@CHEMICAL_brilliant_blue;@CHEMICAL_brilliant_blue;chemical;3.0
@CHEMICAL_bulevirtide;@CHEMICAL_bulevirtide;chemical;3.0
@CHEMICAL_buparvaquone;@CHEMICAL_buparvaquone;chemical;3.0
@CHEMICAL_butane;@CHEMICAL_butane;chemical;3.0
@CHEMICAL_butyrylcarnitine;@CHEMICAL_butyrylcarnitine;chemical;3.0
@CHEMICAL_calcium_ascorbate;@CHEMICAL_calcium_ascorbate;chemical;3.0
@CHEMICAL_calcium_lignosulfonate;@CHEMICAL_calcium_lignosulfonate;chemical;3.0
@CHEMICAL_calcium_phosphate_dibasic_anhydrous;@CHEMICAL_calcium_phosphate_dibasic_anhydrous;chemical;3.0
@CHEMICAL_calix(4)arene;@CHEMICAL_calix(4)arene;chemical;3.0
@CHEMICAL_capmatinib;@CHEMICAL_capmatinib;chemical;3.0
@CHEMICAL_carbaspirin_calcium;@CHEMICAL_carbaspirin_calcium;chemical;3.0
@CHEMICAL_carprofen;@CHEMICAL_carprofen;chemical;3.0
@CHEMICAL_cenerimod;@CHEMICAL_cenerimod;chemical;3.0
@CHEMICAL_cephamycin_C;@CHEMICAL_cephamycin_C;chemical;3.0
@CHEMICAL_certoparin;@CHEMICAL_certoparin;chemical;3.0
@CHEMICAL_chitobiose;@CHEMICAL_chitobiose;chemical;3.0
@CHEMICAL_chlorethylclonidine;@CHEMICAL_chlorethylclonidine;chemical;3.0
@CHEMICAL_chlorosulfonic_acid;@CHEMICAL_chlorosulfonic_acid;chemical;3.0
@CHEMICAL_cholest_5_ene_3_4_diol;@CHEMICAL_cholest_5_ene_3_4_diol;chemical;3.0
@CHEMICAL_chrysoidine;@CHEMICAL_chrysoidine;chemical;3.0
@CHEMICAL_chrysotoxine;@CHEMICAL_chrysotoxine;chemical;3.0
@CHEMICAL_chuangxinmycin;@CHEMICAL_chuangxinmycin;chemical;3.0
@CHEMICAL_ciliobrevin_A;@CHEMICAL_ciliobrevin_A;chemical;3.0
@CHEMICAL_cilnidipine;@CHEMICAL_cilnidipine;chemical;3.0
@CHEMICAL_cinchonine;@CHEMICAL_cinchonine;chemical;3.0
@CHEMICAL_cinnamyl_alcohol;@CHEMICAL_cinnamyl_alcohol;chemical;3.0
@CHEMICAL_cinobufagin;@CHEMICAL_cinobufagin;chemical;3.0
@CHEMICAL_ciproxifan;@CHEMICAL_ciproxifan;chemical;3.0
@CHEMICAL_circumdatin_G;@CHEMICAL_circumdatin_G;chemical;3.0
@CHEMICAL_clethodim;@CHEMICAL_clethodim;chemical;3.0
@CHEMICAL_cocaethylene;@CHEMICAL_cocaethylene;chemical;3.0
@CHEMICAL_copper_hydroxide;@CHEMICAL_copper_hydroxide;chemical;3.0
@CHEMICAL_cortolone;@CHEMICAL_cortolone;chemical;3.0
@CHEMICAL_crocein_orange_G;@CHEMICAL_crocein_orange_G;chemical;3.0
@CHEMICAL_crotonyl_coenzyme_A;@CHEMICAL_crotonyl_coenzyme_A;chemical;3.0
@CHEMICAL_cutin;@CHEMICAL_cutin;chemical;3.0
@CHEMICAL_cyclamin;@CHEMICAL_cyclamin;chemical;3.0
@CHEMICAL_cyclic_citrullinated_peptide;@CHEMICAL_cyclic_citrullinated_peptide;chemical;3.0
@CHEMICAL_cycloartobiloxanthone;@CHEMICAL_cycloartobiloxanthone;chemical;3.0
@CHEMICAL_cyclohexane_1_2_4_tris(methylenesulfonate);@CHEMICAL_cyclohexane_1_2_4_tris(methylenesulfonate);chemical;3.0
@CHEMICAL_cyclohexanone;@CHEMICAL_cyclohexanone;chemical;3.0
@CHEMICAL_cyclopentanone;@CHEMICAL_cyclopentanone;chemical;3.0
@CHEMICAL_cyclopropane;@CHEMICAL_cyclopropane;chemical;3.0
@CHEMICAL_cysteinyl_leukotriene;@CHEMICAL_cysteinyl_leukotriene;chemical;3.0
@CHEMICAL_damnacanthal;@CHEMICAL_damnacanthal;chemical;3.0
@CHEMICAL_danthron;@CHEMICAL_danthron;chemical;3.0
@CHEMICAL_danusertib;@CHEMICAL_danusertib;chemical;3.0
@CHEMICAL_decanoylcarnitine;@CHEMICAL_decanoylcarnitine;chemical;3.0
@CHEMICAL_decaprenoic_acid;@CHEMICAL_decaprenoic_acid;chemical;3.0
@CHEMICAL_dehydrohistidinohydroxymerodesmosine;@CHEMICAL_dehydrohistidinohydroxymerodesmosine;chemical;3.0
@CHEMICAL_delrin;@CHEMICAL_delrin;chemical;3.0
@CHEMICAL_delta(1)_pyrroline;@CHEMICAL_delta(1)_pyrroline;chemical;3.0
@CHEMICAL_delta_1_pyrroline_5_carboxylate;@CHEMICAL_delta_1_pyrroline_5_carboxylate;chemical;3.0
@CHEMICAL_demethyleneberberine;@CHEMICAL_demethyleneberberine;chemical;3.0
@CHEMICAL_deoxythymidylyl_3'_5'_deoxyadenylate;@CHEMICAL_deoxythymidylyl_3'_5'_deoxyadenylate;chemical;3.0
@CHEMICAL_desformylflustrabromine;@CHEMICAL_desformylflustrabromine;chemical;3.0
@CHEMICAL_diacetoxyscirpenol;@CHEMICAL_diacetoxyscirpenol;chemical;3.0
@CHEMICAL_diallyl_trisulfide;@CHEMICAL_diallyl_trisulfide;chemical;3.0
@CHEMICAL_dianhydromannitol;@CHEMICAL_dianhydromannitol;chemical;3.0
@CHEMICAL_diazeniumdiolate;@CHEMICAL_diazeniumdiolate;chemical;3.0
@CHEMICAL_dibenzo(1_4)dioxin;@CHEMICAL_dibenzo(1_4)dioxin;chemical;3.0
@CHEMICAL_dichlorodifluoromethane;@CHEMICAL_dichlorodifluoromethane;chemical;3.0
@CHEMICAL_diclofenac_etalhyaluronate;@CHEMICAL_diclofenac_etalhyaluronate;chemical;3.0
@CHEMICAL_diethanolamine;@CHEMICAL_diethanolamine;chemical;3.0
@CHEMICAL_diethyl_maleate;@CHEMICAL_diethyl_maleate;chemical;3.0
@CHEMICAL_diethyl_phosphate;@CHEMICAL_diethyl_phosphate;chemical;3.0
@CHEMICAL_dihydroceramide;@CHEMICAL_dihydroceramide;chemical;3.0
@CHEMICAL_diisononyl_adipate;@CHEMICAL_diisononyl_adipate;chemical;3.0
@CHEMICAL_dimethomorph;@CHEMICAL_dimethomorph;chemical;3.0
@CHEMICAL_dimethyl_2_oxoglutarate;@CHEMICAL_dimethyl_2_oxoglutarate;chemical;3.0
@CHEMICAL_dimethyl_4_phthalate;@CHEMICAL_dimethyl_4_phthalate;chemical;3.0
@CHEMICAL_dimethyl_alpha_ketoglutarate;@CHEMICAL_dimethyl_alpha_ketoglutarate;chemical;3.0
@CHEMICAL_dimethylacetamide;@CHEMICAL_dimethylacetamide;chemical;3.0
@CHEMICAL_dimethylarginine;@CHEMICAL_dimethylarginine;chemical;3.0
@CHEMICAL_dinaciclib;@CHEMICAL_dinaciclib;chemical;3.0
@CHEMICAL_dinutuximab;@CHEMICAL_dinutuximab;chemical;3.0
@CHEMICAL_dioxotechnetium;@CHEMICAL_dioxotechnetium;chemical;3.0
@CHEMICAL_diphenylguanidine;@CHEMICAL_diphenylguanidine;chemical;3.0
@CHEMICAL_disitamab_vedotin;@CHEMICAL_disitamab_vedotin;chemical;3.0
@CHEMICAL_divinyl_benzene;@CHEMICAL_divinyl_benzene;chemical;3.0
@CHEMICAL_dodecylamine;@CHEMICAL_dodecylamine;chemical;3.0
@CHEMICAL_dodecylbenzenesulfonic_acid;@CHEMICAL_dodecylbenzenesulfonic_acid;chemical;3.0
@CHEMICAL_dodine;@CHEMICAL_dodine;chemical;3.0
@CHEMICAL_dorzolamide;@CHEMICAL_dorzolamide;chemical;3.0
@CHEMICAL_ecopipam;@CHEMICAL_ecopipam;chemical;3.0
@CHEMICAL_eleutherol;@CHEMICAL_eleutherol;chemical;3.0
@CHEMICAL_eliprodil;@CHEMICAL_eliprodil;chemical;3.0
@CHEMICAL_elotuzumab;@CHEMICAL_elotuzumab;chemical;3.0
@CHEMICAL_ensartinib;@CHEMICAL_ensartinib;chemical;3.0
@CHEMICAL_ermanin;@CHEMICAL_ermanin;chemical;3.0
@CHEMICAL_ervogastat;@CHEMICAL_ervogastat;chemical;3.0
@CHEMICAL_estradiol_3_benzoate;@CHEMICAL_estradiol_3_benzoate;chemical;3.0
@CHEMICAL_estragole;@CHEMICAL_estragole;chemical;3.0
@CHEMICAL_ethyl_2_methylthio_4_methyl_5_pyrimidine_carboxylate;@CHEMICAL_ethyl_2_methylthio_4_methyl_5_pyrimidine_carboxylate;chemical;3.0
@CHEMICAL_ethyl_caprylate;@CHEMICAL_ethyl_caprylate;chemical;3.0
@CHEMICAL_ethyl_formate;@CHEMICAL_ethyl_formate;chemical;3.0
@CHEMICAL_ethyl_methylphosphonic_acid;@CHEMICAL_ethyl_methylphosphonic_acid;chemical;3.0
@CHEMICAL_ethylenebis(isothiocyanate);@CHEMICAL_ethylenebis(isothiocyanate);chemical;3.0
@CHEMICAL_ethylisopropylamiloride;@CHEMICAL_ethylisopropylamiloride;chemical;3.0
@CHEMICAL_ethylmalonic_acid;@CHEMICAL_ethylmalonic_acid;chemical;3.0
@CHEMICAL_euxanthone;@CHEMICAL_euxanthone;chemical;3.0
@CHEMICAL_exatecan;@CHEMICAL_exatecan;chemical;3.0
@CHEMICAL_exendin_(9_39);@CHEMICAL_exendin_(9_39);chemical;3.0
@CHEMICAL_fatty_aldehyde;@CHEMICAL_fatty_aldehyde;chemical;3.0
@CHEMICAL_ferric_nitrilotriacetate;@CHEMICAL_ferric_nitrilotriacetate;chemical;3.0
@CHEMICAL_ferrum_lek;@CHEMICAL_ferrum_lek;chemical;3.0
@CHEMICAL_fipronil_sulfone;@CHEMICAL_fipronil_sulfone;chemical;3.0
@CHEMICAL_flazin;@CHEMICAL_flazin;chemical;3.0
@CHEMICAL_fludarabine_phosphate;@CHEMICAL_fludarabine_phosphate;chemical;3.0
@CHEMICAL_fluorapatite;@CHEMICAL_fluorapatite;chemical;3.0
@CHEMICAL_fluorenyl_9_methoxycarbonyl_diphenylalanine;@CHEMICAL_fluorenyl_9_methoxycarbonyl_diphenylalanine;chemical;3.0
@CHEMICAL_fluorescent_bezafibrate;@CHEMICAL_fluorescent_bezafibrate;chemical;3.0
@CHEMICAL_fluorotelomer_sulfonic_acids;@CHEMICAL_fluorotelomer_sulfonic_acids;chemical;3.0
@CHEMICAL_fosmidomycin;@CHEMICAL_fosmidomycin;chemical;3.0
@CHEMICAL_fostriecin;@CHEMICAL_fostriecin;chemical;3.0
@CHEMICAL_fumagillin;@CHEMICAL_fumagillin;chemical;3.0
@CHEMICAL_furfuryl_alcohol;@CHEMICAL_furfuryl_alcohol;chemical;3.0
@CHEMICAL_furosemide_glucuronide;@CHEMICAL_furosemide_glucuronide;chemical;3.0
@CHEMICAL_galcanezumab;@CHEMICAL_galcanezumab;chemical;3.0
@CHEMICAL_gallium_68_PSMA_11;@CHEMICAL_gallium_68_PSMA_11;chemical;3.0
@CHEMICAL_gallium_nitrate;@CHEMICAL_gallium_nitrate;chemical;3.0
@CHEMICAL_gamma_cyclodextrin;@CHEMICAL_gamma_cyclodextrin;chemical;3.0
@CHEMICAL_gamma_glutamine_4_nitroanilide;@CHEMICAL_gamma_glutamine_4_nitroanilide;chemical;3.0
@CHEMICAL_gamma_glutamylaminomethylsulfonic_acid;@CHEMICAL_gamma_glutamylaminomethylsulfonic_acid;chemical;3.0
@CHEMICAL_ganhuangenin;@CHEMICAL_ganhuangenin;chemical;3.0
@CHEMICAL_gedatolisib;@CHEMICAL_gedatolisib;chemical;3.0
@CHEMICAL_geosmin;@CHEMICAL_geosmin;chemical;3.0
@CHEMICAL_germylene;@CHEMICAL_germylene;chemical;3.0
@CHEMICAL_glucuronolactone;@CHEMICAL_glucuronolactone;chemical;3.0
@CHEMICAL_glycerol_phenylbutyrate;@CHEMICAL_glycerol_phenylbutyrate;chemical;3.0
@CHEMICAL_glycyltyrosine;@CHEMICAL_glycyltyrosine;chemical;3.0
@CHEMICAL_grifolic_acid;@CHEMICAL_grifolic_acid;chemical;3.0
@CHEMICAL_guhong;@CHEMICAL_guhong;chemical;3.0
@CHEMICAL_gulonic_acid;@CHEMICAL_gulonic_acid;chemical;3.0
@CHEMICAL_gypenoside_IX;@CHEMICAL_gypenoside_IX;chemical;3.0
@CHEMICAL_hafnium_oxide;@CHEMICAL_hafnium_oxide;chemical;3.0
@CHEMICAL_hawkinsin;@CHEMICAL_hawkinsin;chemical;3.0
@CHEMICAL_hecogenin;@CHEMICAL_hecogenin;chemical;3.0
@CHEMICAL_heliannone_B;@CHEMICAL_heliannone_B;chemical;3.0
@CHEMICAL_hexacyanoferrate_III;@CHEMICAL_hexacyanoferrate_III;chemical;3.0
@CHEMICAL_homocysteine_thiolactone;@CHEMICAL_homocysteine_thiolactone;chemical;3.0
@CHEMICAL_homophthalic_acid;@CHEMICAL_homophthalic_acid;chemical;3.0
@CHEMICAL_hydratropic_acid;@CHEMICAL_hydratropic_acid;chemical;3.0
@CHEMICAL_hydroxypropyl_methylcellulose_phthalate;@CHEMICAL_hydroxypropyl_methylcellulose_phthalate;chemical;3.0
@CHEMICAL_hypocrellin_B;@CHEMICAL_hypocrellin_B;chemical;3.0
@CHEMICAL_ilaprazole;@CHEMICAL_ilaprazole;chemical;3.0
@CHEMICAL_ilmenite;@CHEMICAL_ilmenite;chemical;3.0
@CHEMICAL_imazethapyr;@CHEMICAL_imazethapyr;chemical;3.0
@CHEMICAL_imeglimin;@CHEMICAL_imeglimin;chemical;3.0
@CHEMICAL_imidazole_ketone_erastin;@CHEMICAL_imidazole_ketone_erastin;chemical;3.0
@CHEMICAL_imisopasem_manganese;@CHEMICAL_imisopasem_manganese;chemical;3.0
@CHEMICAL_indium_phosphide;@CHEMICAL_indium_phosphide;chemical;3.0
@CHEMICAL_indolepropanol_phosphate;@CHEMICAL_indolepropanol_phosphate;chemical;3.0
@CHEMICAL_indolin_2_one;@CHEMICAL_indolin_2_one;chemical;3.0
@CHEMICAL_indoline;@CHEMICAL_indoline;chemical;3.0
@CHEMICAL_indoxyl_glucuronide;@CHEMICAL_indoxyl_glucuronide;chemical;3.0
@CHEMICAL_inositol_pentaphosphate;@CHEMICAL_inositol_pentaphosphate;chemical;3.0
@CHEMICAL_inulin_trinicotinate_monomethochloride;@CHEMICAL_inulin_trinicotinate_monomethochloride;chemical;3.0
@CHEMICAL_iocarmate_meglumine;@CHEMICAL_iocarmate_meglumine;chemical;3.0
@CHEMICAL_iodoform;@CHEMICAL_iodoform;chemical;3.0
@CHEMICAL_ioflupane;@CHEMICAL_ioflupane;chemical;3.0
@CHEMICAL_iopromide;@CHEMICAL_iopromide;chemical;3.0
@CHEMICAL_iridium_oxide;@CHEMICAL_iridium_oxide;chemical;3.0
@CHEMICAL_irigenin;@CHEMICAL_irigenin;chemical;3.0
@CHEMICAL_irisolidone;@CHEMICAL_irisolidone;chemical;3.0
@CHEMICAL_iron_phthalocyanine;@CHEMICAL_iron_phthalocyanine;chemical;3.0
@CHEMICAL_isoacteoside;@CHEMICAL_isoacteoside;chemical;3.0
@CHEMICAL_isobutyl_alcohol;@CHEMICAL_isobutyl_alcohol;chemical;3.0
@CHEMICAL_isobutyryl_1_carnitine;@CHEMICAL_isobutyryl_1_carnitine;chemical;3.0
@CHEMICAL_isocaproic_acid;@CHEMICAL_isocaproic_acid;chemical;3.0
@CHEMICAL_isoimperatorin;@CHEMICAL_isoimperatorin;chemical;3.0
@CHEMICAL_isopropyl_glycidyl_ether;@CHEMICAL_isopropyl_glycidyl_ether;chemical;3.0
@CHEMICAL_isosilybin_A;@CHEMICAL_isosilybin_A;chemical;3.0
@CHEMICAL_isosteviol;@CHEMICAL_isosteviol;chemical;3.0
@CHEMICAL_isovalerylaldehyde;@CHEMICAL_isovalerylaldehyde;chemical;3.0
@CHEMICAL_isovaline;@CHEMICAL_isovaline;chemical;3.0
@CHEMICAL_isovanillic_acid;@CHEMICAL_isovanillic_acid;chemical;3.0
@CHEMICAL_jasminodiol;@CHEMICAL_jasminodiol;chemical;3.0
@CHEMICAL_jatropholone_B;@CHEMICAL_jatropholone_B;chemical;3.0
@CHEMICAL_lard;@CHEMICAL_lard;chemical;3.0
@CHEMICAL_laricitrin;@CHEMICAL_laricitrin;chemical;3.0
@CHEMICAL_laurocapram;@CHEMICAL_laurocapram;chemical;3.0
@CHEMICAL_lecanemab;@CHEMICAL_lecanemab;chemical;3.0
@CHEMICAL_levilimab;@CHEMICAL_levilimab;chemical;3.0
@CHEMICAL_liarozole;@CHEMICAL_liarozole;chemical;3.0
@CHEMICAL_liquid_crystal_polymer;@CHEMICAL_liquid_crystal_polymer;chemical;3.0
@CHEMICAL_lithium_perchlorate;@CHEMICAL_lithium_perchlorate;chemical;3.0
@CHEMICAL_lixisenatide;@CHEMICAL_lixisenatide;chemical;3.0
@CHEMICAL_locked_nucleic_acid;@CHEMICAL_locked_nucleic_acid;chemical;3.0
@CHEMICAL_lormetazepam;@CHEMICAL_lormetazepam;chemical;3.0
@CHEMICAL_loxoprofen;@CHEMICAL_loxoprofen;chemical;3.0
@CHEMICAL_lubeluzole;@CHEMICAL_lubeluzole;chemical;3.0
@CHEMICAL_lumiflavin;@CHEMICAL_lumiflavin;chemical;3.0
@CHEMICAL_lunularin;@CHEMICAL_lunularin;chemical;3.0
@CHEMICAL_lysine_tyrosylquinone;@CHEMICAL_lysine_tyrosylquinone;chemical;3.0
@CHEMICAL_magnesium_citrate;@CHEMICAL_magnesium_citrate;chemical;3.0
@CHEMICAL_magnesium_orotate;@CHEMICAL_magnesium_orotate;chemical;3.0
@CHEMICAL_magnesium_trisilicate;@CHEMICAL_magnesium_trisilicate;chemical;3.0
@CHEMICAL_malachite;@CHEMICAL_malachite;chemical;3.0
@CHEMICAL_malaoxon;@CHEMICAL_malaoxon;chemical;3.0
@CHEMICAL_maleylpyruvic_acid;@CHEMICAL_maleylpyruvic_acid;chemical;3.0
@CHEMICAL_malvidin_3_galactoside;@CHEMICAL_malvidin_3_galactoside;chemical;3.0
@CHEMICAL_manganese_sulfate;@CHEMICAL_manganese_sulfate;chemical;3.0
@CHEMICAL_mannuronic_acid;@CHEMICAL_mannuronic_acid;chemical;3.0
@CHEMICAL_methacrylic_acid;@CHEMICAL_methacrylic_acid;chemical;3.0
@CHEMICAL_methanopterin;@CHEMICAL_methanopterin;chemical;3.0
@CHEMICAL_methyl_acrylate;@CHEMICAL_methyl_acrylate;chemical;3.0
@CHEMICAL_methyl_isocyanate;@CHEMICAL_methyl_isocyanate;chemical;3.0
@CHEMICAL_methyl_radical;@CHEMICAL_methyl_radical;chemical;3.0
@CHEMICAL_methyl_thioglycolate;@CHEMICAL_methyl_thioglycolate;chemical;3.0
@CHEMICAL_methylglucoside;@CHEMICAL_methylglucoside;chemical;3.0
@CHEMICAL_methylheptenone;@CHEMICAL_methylheptenone;chemical;3.0
@CHEMICAL_methylparaoxon;@CHEMICAL_methylparaoxon;chemical;3.0
@CHEMICAL_methylphenylsulfide;@CHEMICAL_methylphenylsulfide;chemical;3.0
@CHEMICAL_methylsuccinic_acid;@CHEMICAL_methylsuccinic_acid;chemical;3.0
@CHEMICAL_microcystin_RR;@CHEMICAL_microcystin_RR;chemical;3.0
@CHEMICAL_mobocertinib;@CHEMICAL_mobocertinib;chemical;3.0
@CHEMICAL_mono(2_ethyl_5_oxohexyl)phthalate;@CHEMICAL_mono(2_ethyl_5_oxohexyl)phthalate;chemical;3.0
@CHEMICAL_monoglucosyl_rutin;@CHEMICAL_monoglucosyl_rutin;chemical;3.0
@CHEMICAL_monolysocardiolipin;@CHEMICAL_monolysocardiolipin;chemical;3.0
@CHEMICAL_monomethylmonothioarsonic_acid;@CHEMICAL_monomethylmonothioarsonic_acid;chemical;3.0
@CHEMICAL_monoolein;@CHEMICAL_monoolein;chemical;3.0
@CHEMICAL_mordenite;@CHEMICAL_mordenite;chemical;3.0
@CHEMICAL_morellic_acid;@CHEMICAL_morellic_acid;chemical;3.0
@CHEMICAL_morusinol;@CHEMICAL_morusinol;chemical;3.0
@CHEMICAL_mustard_oil;@CHEMICAL_mustard_oil;chemical;3.0
@CHEMICAL_myrmicacin;@CHEMICAL_myrmicacin;chemical;3.0
@CHEMICAL_naftifine;@CHEMICAL_naftifine;chemical;3.0
@CHEMICAL_namilumab;@CHEMICAL_namilumab;chemical;3.0
@CHEMICAL_naphthazarin;@CHEMICAL_naphthazarin;chemical;3.0
@CHEMICAL_naphthol_AS_E_phosphate;@CHEMICAL_naphthol_AS_E_phosphate;chemical;3.0
@CHEMICAL_neocuproine;@CHEMICAL_neocuproine;chemical;3.0
@CHEMICAL_neridienone_A;@CHEMICAL_neridienone_A;chemical;3.0
@CHEMICAL_netupitant;@CHEMICAL_netupitant;chemical;3.0
@CHEMICAL_nicotine_N_glucuronide;@CHEMICAL_nicotine_N_glucuronide;chemical;3.0
@CHEMICAL_niobium_carbide;@CHEMICAL_niobium_carbide;chemical;3.0
@CHEMICAL_nitinol;@CHEMICAL_nitinol;chemical;3.0
@CHEMICAL_nitrogen_iodide;@CHEMICAL_nitrogen_iodide;chemical;3.0
@CHEMICAL_norbinaltorphimine;@CHEMICAL_norbinaltorphimine;chemical;3.0
@CHEMICAL_norzoanthamine;@CHEMICAL_norzoanthamine;chemical;3.0
@CHEMICAL_o_Phthalaldehyde;@CHEMICAL_o_Phthalaldehyde;chemical;3.0
@CHEMICAL_oblimersen;@CHEMICAL_oblimersen;chemical;3.0
@CHEMICAL_occidiofungin;@CHEMICAL_occidiofungin;chemical;3.0
@CHEMICAL_octenidine;@CHEMICAL_octenidine;chemical;3.0
@CHEMICAL_octocrylene;@CHEMICAL_octocrylene;chemical;3.0
@CHEMICAL_oleoylethanolamide;@CHEMICAL_oleoylethanolamide;chemical;3.0
@CHEMICAL_oleylamine;@CHEMICAL_oleylamine;chemical;3.0
@CHEMICAL_oligonol;@CHEMICAL_oligonol;chemical;3.0
@CHEMICAL_olvanil;@CHEMICAL_olvanil;chemical;3.0
@CHEMICAL_omega_N_Methylarginine;@CHEMICAL_omega_N_Methylarginine;chemical;3.0
@CHEMICAL_ortho_Aminobenzoates;@CHEMICAL_ortho_Aminobenzoates;chemical;3.0
@CHEMICAL_osmium_tetroxide_2_2'_bipyridine;@CHEMICAL_osmium_tetroxide_2_2'_bipyridine;chemical;3.0
@CHEMICAL_ovothiol_C;@CHEMICAL_ovothiol_C;chemical;3.0
@CHEMICAL_oxalyl_chloride;@CHEMICAL_oxalyl_chloride;chemical;3.0
@CHEMICAL_oxophoebine;@CHEMICAL_oxophoebine;chemical;3.0
@CHEMICAL_oxovanadium_IV;@CHEMICAL_oxovanadium_IV;chemical;3.0
@CHEMICAL_oxychlordane;@CHEMICAL_oxychlordane;chemical;3.0
@CHEMICAL_p_Dimethylaminoazobenzene;@CHEMICAL_p_Dimethylaminoazobenzene;chemical;3.0
@CHEMICAL_pachypodol;@CHEMICAL_pachypodol;chemical;3.0
@CHEMICAL_panaxatriol;@CHEMICAL_panaxatriol;chemical;3.0
@CHEMICAL_panaxydol;@CHEMICAL_panaxydol;chemical;3.0
@CHEMICAL_paraform;@CHEMICAL_paraform;chemical;3.0
@CHEMICAL_paramylon;@CHEMICAL_paramylon;chemical;3.0
@CHEMICAL_parecoxib;@CHEMICAL_parecoxib;chemical;3.0
@CHEMICAL_paulownin;@CHEMICAL_paulownin;chemical;3.0
@CHEMICAL_paxilline;@CHEMICAL_paxilline;chemical;3.0
@CHEMICAL_pegvisomant;@CHEMICAL_pegvisomant;chemical;3.0
@CHEMICAL_penclomedine;@CHEMICAL_penclomedine;chemical;3.0
@CHEMICAL_penflufen;@CHEMICAL_penflufen;chemical;3.0
@CHEMICAL_penicillactam;@CHEMICAL_penicillactam;chemical;3.0
@CHEMICAL_perflexane;@CHEMICAL_perflexane;chemical;3.0
@CHEMICAL_perfluorohexanesulfonic_acid;@CHEMICAL_perfluorohexanesulfonic_acid;chemical;3.0
@CHEMICAL_perflutren;@CHEMICAL_perflutren;chemical;3.0
@CHEMICAL_phellodendrine;@CHEMICAL_phellodendrine;chemical;3.0
@CHEMICAL_phenanthriplatin;@CHEMICAL_phenanthriplatin;chemical;3.0
@CHEMICAL_phenothrin;@CHEMICAL_phenothrin;chemical;3.0
@CHEMICAL_phenoxyacetic_acid;@CHEMICAL_phenoxyacetic_acid;chemical;3.0
@CHEMICAL_phenylacetylene;@CHEMICAL_phenylacetylene;chemical;3.0
@CHEMICAL_phenylalanyltryptophan;@CHEMICAL_phenylalanyltryptophan;chemical;3.0
@CHEMICAL_phenylphosphate;@CHEMICAL_phenylphosphate;chemical;3.0
@CHEMICAL_pheophytin_a;@CHEMICAL_pheophytin_a;chemical;3.0
@CHEMICAL_phosphatidal_ethanolamines;@CHEMICAL_phosphatidal_ethanolamines;chemical;3.0
@CHEMICAL_phosphatidylinositol_3_5_diphosphate;@CHEMICAL_phosphatidylinositol_3_5_diphosphate;chemical;3.0
@CHEMICAL_physalin_A;@CHEMICAL_physalin_A;chemical;3.0
@CHEMICAL_piascledine;@CHEMICAL_piascledine;chemical;3.0
@CHEMICAL_pillar(6)arene;@CHEMICAL_pillar(6)arene;chemical;3.0
@CHEMICAL_pinellic_acid;@CHEMICAL_pinellic_acid;chemical;3.0
@CHEMICAL_piperaquine;@CHEMICAL_piperaquine;chemical;3.0
@CHEMICAL_poly(2_ethyl_2_oxazoline);@CHEMICAL_poly(2_ethyl_2_oxazoline);chemical;3.0
@CHEMICAL_poly(3_hexylthiophene_2_5_diyl);@CHEMICAL_poly(3_hexylthiophene_2_5_diyl);chemical;3.0
@CHEMICAL_poly(acrylamide_co_acrylic_acid);@CHEMICAL_poly(acrylamide_co_acrylic_acid);chemical;3.0
@CHEMICAL_poly(ethylene_oxide)_b_poly(caprolactone);@CHEMICAL_poly(ethylene_oxide)_b_poly(caprolactone);chemical;3.0
@CHEMICAL_poly(hydroxybutyrate_co_hydroxyvalerate);@CHEMICAL_poly(hydroxybutyrate_co_hydroxyvalerate);chemical;3.0
@CHEMICAL_polyacrylamide_gels;@CHEMICAL_polyacrylamide_gels;chemical;3.0
@CHEMICAL_polydiacetylene;@CHEMICAL_polydiacetylene;chemical;3.0
@CHEMICAL_polyethylene_glycol_monooctylphenyl_ether;@CHEMICAL_polyethylene_glycol_monooctylphenyl_ether;chemical;3.0
@CHEMICAL_polyglucosan;@CHEMICAL_polyglucosan;chemical;3.0
@CHEMICAL_polyhexamethyleneguanidine;@CHEMICAL_polyhexamethyleneguanidine;chemical;3.0
@CHEMICAL_polyproline;@CHEMICAL_polyproline;chemical;3.0
@CHEMICAL_polyvinylpolypyrrolidone;@CHEMICAL_polyvinylpolypyrrolidone;chemical;3.0
@CHEMICAL_potassium_sulfate;@CHEMICAL_potassium_sulfate;chemical;3.0
@CHEMICAL_potassium_titanylphosphate;@CHEMICAL_potassium_titanylphosphate;chemical;3.0
@CHEMICAL_pretyrosine;@CHEMICAL_pretyrosine;chemical;3.0
@CHEMICAL_preussin_B;@CHEMICAL_preussin_B;chemical;3.0
@CHEMICAL_pridopidine;@CHEMICAL_pridopidine;chemical;3.0
@CHEMICAL_prim_O_glucosylcimifugin;@CHEMICAL_prim_O_glucosylcimifugin;chemical;3.0
@CHEMICAL_pristanic_acid;@CHEMICAL_pristanic_acid;chemical;3.0
@CHEMICAL_propadiene;@CHEMICAL_propadiene;chemical;3.0
@CHEMICAL_propagermanium;@CHEMICAL_propagermanium;chemical;3.0
@CHEMICAL_propionitrile;@CHEMICAL_propionitrile;chemical;3.0
@CHEMICAL_proroxan;@CHEMICAL_proroxan;chemical;3.0
@CHEMICAL_prostaglandin_A1;@CHEMICAL_prostaglandin_A1;chemical;3.0
@CHEMICAL_przewaquinone_A;@CHEMICAL_przewaquinone_A;chemical;3.0
@CHEMICAL_punicic_acid;@CHEMICAL_punicic_acid;chemical;3.0
@CHEMICAL_pyoluteorin;@CHEMICAL_pyoluteorin;chemical;3.0
@CHEMICAL_pyrenemethyl_laurate;@CHEMICAL_pyrenemethyl_laurate;chemical;3.0
@CHEMICAL_pyridostatin;@CHEMICAL_pyridostatin;chemical;3.0
@CHEMICAL_pyropheophorbide_a;@CHEMICAL_pyropheophorbide_a;chemical;3.0
@CHEMICAL_raddeanin_A;@CHEMICAL_raddeanin_A;chemical;3.0
@CHEMICAL_raptinal;@CHEMICAL_raptinal;chemical;3.0
@CHEMICAL_ravoxertinib;@CHEMICAL_ravoxertinib;chemical;3.0
@CHEMICAL_reactive_red_195;@CHEMICAL_reactive_red_195;chemical;3.0
@CHEMICAL_rebastinib;@CHEMICAL_rebastinib;chemical;3.0
@CHEMICAL_resazurin;@CHEMICAL_resazurin;chemical;3.0
@CHEMICAL_resiniferatoxin;@CHEMICAL_resiniferatoxin;chemical;3.0
@CHEMICAL_retinol_acetate;@CHEMICAL_retinol_acetate;chemical;3.0
@CHEMICAL_reynoutrin;@CHEMICAL_reynoutrin;chemical;3.0
@CHEMICAL_rhapontigenin;@CHEMICAL_rhapontigenin;chemical;3.0
@CHEMICAL_rhein_lysinate;@CHEMICAL_rhein_lysinate;chemical;3.0
@CHEMICAL_rhodamine_isothiocyanate;@CHEMICAL_rhodamine_isothiocyanate;chemical;3.0
@CHEMICAL_rhodoquinone;@CHEMICAL_rhodoquinone;chemical;3.0
@CHEMICAL_ribulose_5_phosphate;@CHEMICAL_ribulose_5_phosphate;chemical;3.0
@CHEMICAL_riccardin_C;@CHEMICAL_riccardin_C;chemical;3.0
@CHEMICAL_rice_bran_saccharide;@CHEMICAL_rice_bran_saccharide;chemical;3.0
@CHEMICAL_rifamycin_B;@CHEMICAL_rifamycin_B;chemical;3.0
@CHEMICAL_rifamycin_SV;@CHEMICAL_rifamycin_SV;chemical;3.0
@CHEMICAL_robinetin;@CHEMICAL_robinetin;chemical;3.0
@CHEMICAL_rociletinib;@CHEMICAL_rociletinib;chemical;3.0
@CHEMICAL_santamarine;@CHEMICAL_santamarine;chemical;3.0
@CHEMICAL_sanyrene;@CHEMICAL_sanyrene;chemical;3.0
@CHEMICAL_scyllitol;@CHEMICAL_scyllitol;chemical;3.0
@CHEMICAL_selexipag;@CHEMICAL_selexipag;chemical;3.0
@CHEMICAL_setanaxib;@CHEMICAL_setanaxib;chemical;3.0
@CHEMICAL_siltuximab;@CHEMICAL_siltuximab;chemical;3.0
@CHEMICAL_sobrerol;@CHEMICAL_sobrerol;chemical;3.0
@CHEMICAL_sobuzoxane;@CHEMICAL_sobuzoxane;chemical;3.0
@CHEMICAL_sodium_bromide;@CHEMICAL_sodium_bromide;chemical;3.0
@CHEMICAL_sodium_hydrogen_sulfite;@CHEMICAL_sodium_hydrogen_sulfite;chemical;3.0
@CHEMICAL_sodium_metasilicate;@CHEMICAL_sodium_metasilicate;chemical;3.0
@CHEMICAL_sophorolipid;@CHEMICAL_sophorolipid;chemical;3.0
@CHEMICAL_sorbinil;@CHEMICAL_sorbinil;chemical;3.0
@CHEMICAL_sotrastaurin;@CHEMICAL_sotrastaurin;chemical;3.0
@CHEMICAL_sotrovimab;@CHEMICAL_sotrovimab;chemical;3.0
@CHEMICAL_sparsentan;@CHEMICAL_sparsentan;chemical;3.0
@CHEMICAL_spinosad;@CHEMICAL_spinosad;chemical;3.0
@CHEMICAL_spiropyran;@CHEMICAL_spiropyran;chemical;3.0
@CHEMICAL_stattic;@CHEMICAL_stattic;chemical;3.0
@CHEMICAL_styrene_butadiene_rubber;@CHEMICAL_styrene_butadiene_rubber;chemical;3.0
@CHEMICAL_substance_S;@CHEMICAL_substance_S;chemical;3.0
@CHEMICAL_sulfamic_acid;@CHEMICAL_sulfamic_acid;chemical;3.0
@CHEMICAL_sulfan_blue;@CHEMICAL_sulfan_blue;chemical;3.0
@CHEMICAL_sulfolane;@CHEMICAL_sulfolane;chemical;3.0
@CHEMICAL_sulfophosphovanillin;@CHEMICAL_sulfophosphovanillin;chemical;3.0
@CHEMICAL_tangshenoside_I;@CHEMICAL_tangshenoside_I;chemical;3.0
@CHEMICAL_taraxacin;@CHEMICAL_taraxacin;chemical;3.0
@CHEMICAL_tasquinimod;@CHEMICAL_tasquinimod;chemical;3.0
@CHEMICAL_taurocyamine;@CHEMICAL_taurocyamine;chemical;3.0
@CHEMICAL_tauromuricholic_acid;@CHEMICAL_tauromuricholic_acid;chemical;3.0
@CHEMICAL_tebuthiuron;@CHEMICAL_tebuthiuron;chemical;3.0
@CHEMICAL_tecovirimat;@CHEMICAL_tecovirimat;chemical;3.0
@CHEMICAL_tedizolid;@CHEMICAL_tedizolid;chemical;3.0
@CHEMICAL_temoporfin;@CHEMICAL_temoporfin;chemical;3.0
@CHEMICAL_tert_butylacrylamide;@CHEMICAL_tert_butylacrylamide;chemical;3.0
@CHEMICAL_tetrafluoro_4_hydroxybenzoic_acid;@CHEMICAL_tetrafluoro_4_hydroxybenzoic_acid;chemical;3.0
@CHEMICAL_tetrahydro_11_deoxycortisol;@CHEMICAL_tetrahydro_11_deoxycortisol;chemical;3.0
@CHEMICAL_tetramethylene_hemicyanine;@CHEMICAL_tetramethylene_hemicyanine;chemical;3.0
@CHEMICAL_tetrapropylenebenzyl_sulfonate;@CHEMICAL_tetrapropylenebenzyl_sulfonate;chemical;3.0
@CHEMICAL_tezepelumab;@CHEMICAL_tezepelumab;chemical;3.0
@CHEMICAL_theodrenaline;@CHEMICAL_theodrenaline;chemical;3.0
@CHEMICAL_thiazolyl_blue;@CHEMICAL_thiazolyl_blue;chemical;3.0
@CHEMICAL_thienopyridine;@CHEMICAL_thienopyridine;chemical;3.0
@CHEMICAL_thiocarbohydrazide;@CHEMICAL_thiocarbohydrazide;chemical;3.0
@CHEMICAL_thioperamide;@CHEMICAL_thioperamide;chemical;3.0
@CHEMICAL_thonningianin_A;@CHEMICAL_thonningianin_A;chemical;3.0
@CHEMICAL_thrombin_receptor_peptide_(42_47);@CHEMICAL_thrombin_receptor_peptide_(42_47);chemical;3.0
@CHEMICAL_thymidine_5'_triphosphate;@CHEMICAL_thymidine_5'_triphosphate;chemical;3.0
@CHEMICAL_thymol_blue;@CHEMICAL_thymol_blue;chemical;3.0
@CHEMICAL_timosaponin_B_II;@CHEMICAL_timosaponin_B_II;chemical;3.0
@CHEMICAL_tipiracil;@CHEMICAL_tipiracil;chemical;3.0
@CHEMICAL_tocotrienol_beta;@CHEMICAL_tocotrienol_beta;chemical;3.0
@CHEMICAL_tolfenamic_acid;@CHEMICAL_tolfenamic_acid;chemical;3.0
@CHEMICAL_tozuleristide;@CHEMICAL_tozuleristide;chemical;3.0
@CHEMICAL_trehalose_6_phosphate;@CHEMICAL_trehalose_6_phosphate;chemical;3.0
@CHEMICAL_treosulfan;@CHEMICAL_treosulfan;chemical;3.0
@CHEMICAL_treprostinil;@CHEMICAL_treprostinil;chemical;3.0
@CHEMICAL_tri_o_cresyl_phosphate;@CHEMICAL_tri_o_cresyl_phosphate;chemical;3.0
@CHEMICAL_tributyl_citrate;@CHEMICAL_tributyl_citrate;chemical;3.0
@CHEMICAL_tricaine;@CHEMICAL_tricaine;chemical;3.0
@CHEMICAL_triheptanoin;@CHEMICAL_triheptanoin;chemical;3.0
@CHEMICAL_trimetaphosphoric_acid;@CHEMICAL_trimetaphosphoric_acid;chemical;3.0
@CHEMICAL_trimethyltin;@CHEMICAL_trimethyltin;chemical;3.0
@CHEMICAL_trioctylmethylammonium;@CHEMICAL_trioctylmethylammonium;chemical;3.0
@CHEMICAL_tris(2_carboxyethyl)phosphine;@CHEMICAL_tris(2_carboxyethyl)phosphine;chemical;3.0
@CHEMICAL_trisodium_citrate;@CHEMICAL_trisodium_citrate;chemical;3.0
@CHEMICAL_tryptoline;@CHEMICAL_tryptoline;chemical;3.0
@CHEMICAL_tryptophyltyrosine;@CHEMICAL_tryptophyltyrosine;chemical;3.0
@CHEMICAL_tyloxapol;@CHEMICAL_tyloxapol;chemical;3.0
@CHEMICAL_tyramine_deoxysorbitol;@CHEMICAL_tyramine_deoxysorbitol;chemical;3.0
@CHEMICAL_ureidosuccinic_acid;@CHEMICAL_ureidosuccinic_acid;chemical;3.0
@CHEMICAL_utomilumab;@CHEMICAL_utomilumab;chemical;3.0
@CHEMICAL_vaborbactam;@CHEMICAL_vaborbactam;chemical;3.0
@CHEMICAL_velagliflozin;@CHEMICAL_velagliflozin;chemical;3.0
@CHEMICAL_velsecorat;@CHEMICAL_velsecorat;chemical;3.0
@CHEMICAL_veratraldehyde;@CHEMICAL_veratraldehyde;chemical;3.0
@CHEMICAL_wrenchnolol;@CHEMICAL_wrenchnolol;chemical;3.0
@CHEMICAL_xylometazoline;@CHEMICAL_xylometazoline;chemical;3.0
@CHEMICAL_xylonic_acid;@CHEMICAL_xylonic_acid;chemical;3.0
@CHEMICAL_zearalenol;@CHEMICAL_zearalenol;chemical;3.0
@CHEMICAL_zederone;@CHEMICAL_zederone;chemical;3.0
@CHEMICAL_zinc_aspartate;@CHEMICAL_zinc_aspartate;chemical;3.0
@CHEMICAL_zinc_nitrate;@CHEMICAL_zinc_nitrate;chemical;3.0
@CHEMICAL_zinc_phosphate;@CHEMICAL_zinc_phosphate;chemical;3.0
@CHEMICAL_zirconium_phosphate;@CHEMICAL_zirconium_phosphate;chemical;3.0
@CHEMICAL_(11C)UCB_J;@CHEMICAL_(11C)UCB_J;chemical;2.0
@CHEMICAL_(18)F_FP_CIT;@CHEMICAL_(18)F_FP_CIT;chemical;2.0
@CHEMICAL_(2S)_N_((2S)_1_(((2S)_1_(1_3_benzothiazol_2_yl)_5_(diaminomethylideneamino)_1_oxopentan_2_yl)amino)_1_oxo_3_phenylpropan_2_yl)_2_(methanesulfonamido)pentanediamide);@CHEMICAL_(2S)_N_((2S)_1_(((2S)_1_(1_3_benzothiazol_2_yl)_5_(diaminomethylideneamino)_1_oxopentan_2_yl)amino)_1_oxo_3_phenylpropan_2_yl)_2_(methanesulfonamido)pentanediamide);chemical;2.0
@CHEMICAL_(2_2'_6'_2'')_terpyridine;@CHEMICAL_(2_2'_6'_2'')_terpyridine;chemical;2.0
@CHEMICAL_(4_(bis(4_chlorophenyl)methyl)_1_piperazinyl)(5_methyl_4_nitro_1_2_oxazol_3_yl)methanone;@CHEMICAL_(4_(bis(4_chlorophenyl)methyl)_1_piperazinyl)(5_methyl_4_nitro_1_2_oxazol_3_yl)methanone;chemical;2.0
@CHEMICAL_(R)_(N_(3_(4'_fluorophenyl)_3_(4'_phenylphenoxy)propyl))sarcosine;@CHEMICAL_(R)_(N_(3_(4'_fluorophenyl)_3_(4'_phenylphenoxy)propyl))sarcosine;chemical;2.0
@CHEMICAL_(S)_ethyl_1_(3_(4_chlorophenoxy)_2_hydroxypropyl)_3_(4_methoxyphenyl)_1H_pyrazole_5_carboxylate;@CHEMICAL_(S)_ethyl_1_(3_(4_chlorophenoxy)_2_hydroxypropyl)_3_(4_methoxyphenyl)_1H_pyrazole_5_carboxylate;chemical;2.0
@CHEMICAL_(S_S)_ethylenediaminedisuccinate;@CHEMICAL_(S_S)_ethylenediaminedisuccinate;chemical;2.0
@CHEMICAL_(polyethylene_acrylic_acid)_copolymer;@CHEMICAL_(polyethylene_acrylic_acid)_copolymer;chemical;2.0
@CHEMICAL_1'_acetoxychavicol_acetate;@CHEMICAL_1'_acetoxychavicol_acetate;chemical;2.0
@CHEMICAL_1018_oligonucleotide;@CHEMICAL_1018_oligonucleotide;chemical;2.0
@CHEMICAL_10_(6'_plastoquinonyl)decyltriphenylphosphonium;@CHEMICAL_10_(6'_plastoquinonyl)decyltriphenylphosphonium;chemical;2.0
@CHEMICAL_10_10_bis(4_pyridinylmethyl)_9(10H)_anthracenone;@CHEMICAL_10_10_bis(4_pyridinylmethyl)_9(10H)_anthracenone;chemical;2.0
@CHEMICAL_10_decarbamoylmitomycin_C;@CHEMICAL_10_decarbamoylmitomycin_C;chemical;2.0
@CHEMICAL_10_hydroxyaloin_B;@CHEMICAL_10_hydroxyaloin_B;chemical;2.0
@CHEMICAL_11_mercaptoundecanoic_acid;@CHEMICAL_11_mercaptoundecanoic_acid;chemical;2.0
@CHEMICAL_11_nor_delta(9)_tetrahydrocannabinol_9_carboxylic_acid;@CHEMICAL_11_nor_delta(9)_tetrahydrocannabinol_9_carboxylic_acid;chemical;2.0
@CHEMICAL_15_deoxy_12_14_prostaglandin_J2;@CHEMICAL_15_deoxy_12_14_prostaglandin_J2;chemical;2.0
@CHEMICAL_16_hydroxyestrone;@CHEMICAL_16_hydroxyestrone;chemical;2.0
@CHEMICAL_177Lu_octreotate;@CHEMICAL_177Lu_octreotate;chemical;2.0
@CHEMICAL_17_hydroxyandrostane_3_glucuronide;@CHEMICAL_17_hydroxyandrostane_3_glucuronide;chemical;2.0
@CHEMICAL_17_hydroxyexemestane_17_O_glucuronide;@CHEMICAL_17_hydroxyexemestane_17_O_glucuronide;chemical;2.0
@CHEMICAL_18F_JK_PSMA_7;@CHEMICAL_18F_JK_PSMA_7;chemical;2.0
@CHEMICAL_18_hydroxytetrahydrocorticosterone;@CHEMICAL_18_hydroxytetrahydrocorticosterone;chemical;2.0
@CHEMICAL_1H_(1_2_4)oxadiazolo(4_3_a)quinoxalin_1_one;@CHEMICAL_1H_(1_2_4)oxadiazolo(4_3_a)quinoxalin_1_one;chemical;2.0
@CHEMICAL_1H_tetrazole;@CHEMICAL_1H_tetrazole;chemical;2.0
@CHEMICAL_1_(1_phenylcyclohexyl)_3_methylpiperidine;@CHEMICAL_1_(1_phenylcyclohexyl)_3_methylpiperidine;chemical;2.0
@CHEMICAL_1_(5_amino_5_carboxypentyl)_3_((5_amino_5_carboxypentylamino)methyl)_5_hydroxypyridinium;@CHEMICAL_1_(5_amino_5_carboxypentyl)_3_((5_amino_5_carboxypentylamino)methyl)_5_hydroxypyridinium;chemical;2.0
@CHEMICAL_1_11_O_o_methylbenzylidene_7_O_p_cyanobenzoyl_1_7_11_trideacetylpyripyropene_A;@CHEMICAL_1_11_O_o_methylbenzylidene_7_O_p_cyanobenzoyl_1_7_11_trideacetylpyripyropene_A;chemical;2.0
@CHEMICAL_1_1_3_3_tetramethoxypropane;@CHEMICAL_1_1_3_3_tetramethoxypropane;chemical;2.0
@CHEMICAL_1_1_3_3_tetramethylguanidine;@CHEMICAL_1_1_3_3_tetramethylguanidine;chemical;2.0
@CHEMICAL_1_1_diethyl_2_hydroxy_2_nitrosohydrazine;@CHEMICAL_1_1_diethyl_2_hydroxy_2_nitrosohydrazine;chemical;2.0
@CHEMICAL_1_2_3_4_5_6_hexachloronaphthalene;@CHEMICAL_1_2_3_4_5_6_hexachloronaphthalene;chemical;2.0
@CHEMICAL_1_2_3_4_6_7_8_heptachlorodibenzodioxin;@CHEMICAL_1_2_3_4_6_7_8_heptachlorodibenzodioxin;chemical;2.0
@CHEMICAL_1_2_3_4_6_7_8_heptachlorodibenzofuran;@CHEMICAL_1_2_3_4_6_7_8_heptachlorodibenzofuran;chemical;2.0
@CHEMICAL_1_2_3_4_tetrachlorodibenzodioxin;@CHEMICAL_1_2_3_4_tetrachlorodibenzodioxin;chemical;2.0
@CHEMICAL_1_2_3_7_8_pentachlorodibenzo_p_dioxin;@CHEMICAL_1_2_3_7_8_pentachlorodibenzo_p_dioxin;chemical;2.0
@CHEMICAL_1_2_4_5_benzenetetraamine;@CHEMICAL_1_2_4_5_benzenetetraamine;chemical;2.0
@CHEMICAL_1_2_dehydrosalsolinol;@CHEMICAL_1_2_dehydrosalsolinol;chemical;2.0
@CHEMICAL_1_2_diamino_4_nitrobenzene;@CHEMICAL_1_2_diamino_4_nitrobenzene;chemical;2.0
@CHEMICAL_1_2_dilauroylphosphatidylcholine;@CHEMICAL_1_2_dilauroylphosphatidylcholine;chemical;2.0
@CHEMICAL_1_2_distearoyllecithin;@CHEMICAL_1_2_distearoyllecithin;chemical;2.0
@CHEMICAL_1_2_distearoylphosphatidylethanolamine;@CHEMICAL_1_2_distearoylphosphatidylethanolamine;chemical;2.0
@CHEMICAL_1_3_5_benzene_tricarbonyl_trichloride;@CHEMICAL_1_3_5_benzene_tricarbonyl_trichloride;chemical;2.0
@CHEMICAL_1_3_7_9_tetramethyluric_acid;@CHEMICAL_1_3_7_9_tetramethyluric_acid;chemical;2.0
@CHEMICAL_1_3_diMe_2_4_quinazolinedione;@CHEMICAL_1_3_diMe_2_4_quinazolinedione;chemical;2.0
@CHEMICAL_1_3_dichlorobenzene;@CHEMICAL_1_3_dichlorobenzene;chemical;2.0
@CHEMICAL_1_4_7_triazacyclononane_1_glutaric_acid_4_7_acetic_acid;@CHEMICAL_1_4_7_triazacyclononane_1_glutaric_acid_4_7_acetic_acid;chemical;2.0
@CHEMICAL_1_4_benzoquinone_dioxime;@CHEMICAL_1_4_benzoquinone_dioxime;chemical;2.0
@CHEMICAL_1_4_dihydroxy_2_naphthoic_acid;@CHEMICAL_1_4_dihydroxy_2_naphthoic_acid;chemical;2.0
@CHEMICAL_1_6_diaminohexane;@CHEMICAL_1_6_diaminohexane;chemical;2.0
@CHEMICAL_1_6_hexamethylene_diisocyanate;@CHEMICAL_1_6_hexamethylene_diisocyanate;chemical;2.0
@CHEMICAL_1_6_hexanediol_diacrylate;@CHEMICAL_1_6_hexanediol_diacrylate;chemical;2.0
@CHEMICAL_1_7_7_trimethylbicyclo(2.2.1)heptan_2_yl_3_(3_4_dihydroxyphenyl)_2_hydroxypropanoate;@CHEMICAL_1_7_7_trimethylbicyclo(2.2.1)heptan_2_yl_3_(3_4_dihydroxyphenyl)_2_hydroxypropanoate;chemical;2.0
@CHEMICAL_1_8_diaminonaphthalene;@CHEMICAL_1_8_diaminonaphthalene;chemical;2.0
@CHEMICAL_1_8_dihydroxynaphthalene_melanin;@CHEMICAL_1_8_dihydroxynaphthalene_melanin;chemical;2.0
@CHEMICAL_1_O_(2_((2'_6'_dichlorophenyl)amino)phenylacetyl)glucopyranuronic_acid;@CHEMICAL_1_O_(2_((2'_6'_dichlorophenyl)amino)phenylacetyl)glucopyranuronic_acid;chemical;2.0
@CHEMICAL_1_azidonaphthalene_5_sulfonate;@CHEMICAL_1_azidonaphthalene_5_sulfonate;chemical;2.0
@CHEMICAL_1_bromoacetyl_3_3_dinitroazetidine;@CHEMICAL_1_bromoacetyl_3_3_dinitroazetidine;chemical;2.0
@CHEMICAL_1_cyclopropyl_3_(3_(5_morpholin_4_ylmethyl_1H_benzoimidazol_2_yl)_1H_pyrazol_4_yl)urea;@CHEMICAL_1_cyclopropyl_3_(3_(5_morpholin_4_ylmethyl_1H_benzoimidazol_2_yl)_1H_pyrazol_4_yl)urea;chemical;2.0
@CHEMICAL_1_ethyl_3_(3_dimethylaminopropyl)carbodiimide_N_hydroxysuccinimide;@CHEMICAL_1_ethyl_3_(3_dimethylaminopropyl)carbodiimide_N_hydroxysuccinimide;chemical;2.0
@CHEMICAL_1_hexyl_3_methylimidazolium_bis(trifluoromethylsulfonyl)_imide;@CHEMICAL_1_hexyl_3_methylimidazolium_bis(trifluoromethylsulfonyl)_imide;chemical;2.0
@CHEMICAL_1_hydroxypyrene_glucuronide;@CHEMICAL_1_hydroxypyrene_glucuronide;chemical;2.0
@CHEMICAL_1_octadecene;@CHEMICAL_1_octadecene;chemical;2.0
@CHEMICAL_1_octen_3_one;@CHEMICAL_1_octen_3_one;chemical;2.0
@CHEMICAL_1_oleoyl_2_palmitoylphosphatidylcholine;@CHEMICAL_1_oleoyl_2_palmitoylphosphatidylcholine;chemical;2.0
@CHEMICAL_1_palmitoyl_2_oleoylphosphatidylcholine;@CHEMICAL_1_palmitoyl_2_oleoylphosphatidylcholine;chemical;2.0
@CHEMICAL_1_phenazinecarboxylic_acid;@CHEMICAL_1_phenazinecarboxylic_acid;chemical;2.0
@CHEMICAL_1_testosterone;@CHEMICAL_1_testosterone;chemical;2.0
@CHEMICAL_2'_3'_4'_trihydroxyflavone;@CHEMICAL_2'_3'_4'_trihydroxyflavone;chemical;2.0
@CHEMICAL_2'_deoxy_2'_fluoro_2'_C_methyluridine;@CHEMICAL_2'_deoxy_2'_fluoro_2'_C_methyluridine;chemical;2.0
@CHEMICAL_2'_deoxy_5'_adenosine_monophosphate;@CHEMICAL_2'_deoxy_5'_adenosine_monophosphate;chemical;2.0
@CHEMICAL_2'_deoxyadenosine_triphosphate;@CHEMICAL_2'_deoxyadenosine_triphosphate;chemical;2.0
@CHEMICAL_2'_deoxymugineic_acid;@CHEMICAL_2'_deoxymugineic_acid;chemical;2.0
@CHEMICAL_2'_fluoro_5_ethylarabinosyluracil;@CHEMICAL_2'_fluoro_5_ethylarabinosyluracil;chemical;2.0
@CHEMICAL_20_alpha_Dihydroprogesterone;@CHEMICAL_20_alpha_Dihydroprogesterone;chemical;2.0
@CHEMICAL_23_24_dihydrocucurbitacin_B;@CHEMICAL_23_24_dihydrocucurbitacin_B;chemical;2.0
@CHEMICAL_24_25_epoxycholesterol;@CHEMICAL_24_25_epoxycholesterol;chemical;2.0
@CHEMICAL_25_hydroxycholesterol;@CHEMICAL_25_hydroxycholesterol;chemical;2.0
@CHEMICAL_2_((2_4_dichlorphenyl)amino)_N_((tetrahydro_2H_pyran_4_yl)methyl)_4_(trifluoromethyl)_5_pyrimidinecarboxamide;@CHEMICAL_2_((2_4_dichlorphenyl)amino)_N_((tetrahydro_2H_pyran_4_yl)methyl)_4_(trifluoromethyl)_5_pyrimidinecarboxamide;chemical;2.0
@CHEMICAL_2_(2_(4_(4_nitrobenzyloxy)phenyl)ethyl)isothiourea_methanesulfonate;@CHEMICAL_2_(2_(4_(4_nitrobenzyloxy)phenyl)ethyl)isothiourea_methanesulfonate;chemical;2.0
@CHEMICAL_2_(2_chloro_4_iodophenylamino)_N_3_4_difluorobenzoic_acid;@CHEMICAL_2_(2_chloro_4_iodophenylamino)_N_3_4_difluorobenzoic_acid;chemical;2.0
@CHEMICAL_2_(3_methoxyphenyl)_2_(ethylamino)cyclohexanone;@CHEMICAL_2_(3_methoxyphenyl)_2_(ethylamino)cyclohexanone;chemical;2.0
@CHEMICAL_2_(4_(2_methylpyridin_4_yl)phenyl)_N_(4_(pyridin_3_yl)phenyl)acetamide;@CHEMICAL_2_(4_(2_methylpyridin_4_yl)phenyl)_N_(4_(pyridin_3_yl)phenyl)acetamide;chemical;2.0
@CHEMICAL_2_(4_amino_4_carboxybutylamino)_8_(5_amino_5_carboxypentyl)_6_hydroxy_3_4_dihydropyrido(2_3_d)pyrimidin_8_ium;@CHEMICAL_2_(4_amino_4_carboxybutylamino)_8_(5_amino_5_carboxypentyl)_6_hydroxy_3_4_dihydropyrido(2_3_d)pyrimidin_8_ium;chemical;2.0
@CHEMICAL_2_(N_N_diisopropylamino)ethanethiol;@CHEMICAL_2_(N_N_diisopropylamino)ethanethiol;chemical;2.0
@CHEMICAL_2_(nicotinamide)_1_3_4_thiadiazole;@CHEMICAL_2_(nicotinamide)_1_3_4_thiadiazole;chemical;2.0
@CHEMICAL_2_2'_biphenol;@CHEMICAL_2_2'_biphenol;chemical;2.0
@CHEMICAL_2_2'_dihydroxychalcone;@CHEMICAL_2_2'_dihydroxychalcone;chemical;2.0
@CHEMICAL_2_2'_thiobis(ethyl_acetoacetate);@CHEMICAL_2_2'_thiobis(ethyl_acetoacetate);chemical;2.0
@CHEMICAL_2_2_dichloroacetamide;@CHEMICAL_2_2_dichloroacetamide;chemical;2.0
@CHEMICAL_2_2_dimethyl_N_(6_oxo_6_7_dihydro_5H_dibenzo(b_d)azepin_7_yl)_N'_(2_2_3_3_3_pentafluoropropyl)malonamide;@CHEMICAL_2_2_dimethyl_N_(6_oxo_6_7_dihydro_5H_dibenzo(b_d)azepin_7_yl)_N'_(2_2_3_3_3_pentafluoropropyl)malonamide;chemical;2.0
@CHEMICAL_2_3_3'_4_4'_5_hexachlorobiphenyl;@CHEMICAL_2_3_3'_4_4'_5_hexachlorobiphenyl;chemical;2.0
@CHEMICAL_2_3_4_tri_O_acetylarabinopyranosyl_isothiocyanate;@CHEMICAL_2_3_4_tri_O_acetylarabinopyranosyl_isothiocyanate;chemical;2.0
@CHEMICAL_2_3_5_4'_tetrahydroxystilbene_2_O_beta_D_glucopyranoside;@CHEMICAL_2_3_5_4'_tetrahydroxystilbene_2_O_beta_D_glucopyranoside;chemical;2.0
@CHEMICAL_2_3_BHPPN;@CHEMICAL_2_3_BHPPN;chemical;2.0
@CHEMICAL_2_3_Diphosphoglycerate;@CHEMICAL_2_3_Diphosphoglycerate;chemical;2.0
@CHEMICAL_2_3_dihydroxybenzaldehyde;@CHEMICAL_2_3_dihydroxybenzaldehyde;chemical;2.0
@CHEMICAL_2_3_oxidosqualene;@CHEMICAL_2_3_oxidosqualene;chemical;2.0
@CHEMICAL_2_4_5_2'_5'_pentachlorobiphenyl;@CHEMICAL_2_4_5_2'_5'_pentachlorobiphenyl;chemical;2.0
@CHEMICAL_2_4_6_trichloroanisole;@CHEMICAL_2_4_6_trichloroanisole;chemical;2.0
@CHEMICAL_2_4_bis(4_methoxyphenyl)_1_3_2_4_dithiadiphosphetane_2_4_disulfide;@CHEMICAL_2_4_bis(4_methoxyphenyl)_1_3_2_4_dithiadiphosphetane_2_4_disulfide;chemical;2.0
@CHEMICAL_2_4_decadienal;@CHEMICAL_2_4_decadienal;chemical;2.0
@CHEMICAL_2_4_dihydroxy_7_methoxy_1_4_benzoxazin_3_one;@CHEMICAL_2_4_dihydroxy_7_methoxy_1_4_benzoxazin_3_one;chemical;2.0
@CHEMICAL_2_4_dinitrofluorobenzene_sulfonic_acid;@CHEMICAL_2_4_dinitrofluorobenzene_sulfonic_acid;chemical;2.0
@CHEMICAL_2_4_heptadienal;@CHEMICAL_2_4_heptadienal;chemical;2.0
@CHEMICAL_2_5_bis(hydroxymethyl)furan;@CHEMICAL_2_5_bis(hydroxymethyl)furan;chemical;2.0
@CHEMICAL_2_5_diphenylfuran;@CHEMICAL_2_5_diphenylfuran;chemical;2.0
@CHEMICAL_2_5_furandicarboxylic_acid;@CHEMICAL_2_5_furandicarboxylic_acid;chemical;2.0
@CHEMICAL_2_6_Dichloroindophenol;@CHEMICAL_2_6_Dichloroindophenol;chemical;2.0
@CHEMICAL_2_6_diaminopurine;@CHEMICAL_2_6_diaminopurine;chemical;2.0
@CHEMICAL_2_6_dichloroisonicotinic_acid;@CHEMICAL_2_6_dichloroisonicotinic_acid;chemical;2.0
@CHEMICAL_2_6_dichlorophenol;@CHEMICAL_2_6_dichlorophenol;chemical;2.0
@CHEMICAL_2_6_xylidine;@CHEMICAL_2_6_xylidine;chemical;2.0
@CHEMICAL_2_8_dichlorodibenzo_4_dioxin;@CHEMICAL_2_8_dichlorodibenzo_4_dioxin;chemical;2.0
@CHEMICAL_2_Acetylaminofluorene;@CHEMICAL_2_Acetylaminofluorene;chemical;2.0
@CHEMICAL_2_Cl_IB_MECA;@CHEMICAL_2_Cl_IB_MECA;chemical;2.0
@CHEMICAL_2_SPBN;@CHEMICAL_2_SPBN;chemical;2.0
@CHEMICAL_2_amino_4_hydroxy_6_formylpteridine;@CHEMICAL_2_amino_4_hydroxy_6_formylpteridine;chemical;2.0
@CHEMICAL_2_amino_4_phenylbutyric_acid;@CHEMICAL_2_amino_4_phenylbutyric_acid;chemical;2.0
@CHEMICAL_2_amino_9H_pyrido(2_3_b)indole;@CHEMICAL_2_amino_9H_pyrido(2_3_b)indole;chemical;2.0
@CHEMICAL_2_aminophenol;@CHEMICAL_2_aminophenol;chemical;2.0
@CHEMICAL_2_bromoethanesulfonic_acid;@CHEMICAL_2_bromoethanesulfonic_acid;chemical;2.0
@CHEMICAL_2_bromopalmitate;@CHEMICAL_2_bromopalmitate;chemical;2.0
@CHEMICAL_2_butenal;@CHEMICAL_2_butenal;chemical;2.0
@CHEMICAL_2_cyano_1_((1S)_1_phenylethyl)_3_quinolin_5_ylguanidine;@CHEMICAL_2_cyano_1_((1S)_1_phenylethyl)_3_quinolin_5_ylguanidine;chemical;2.0
@CHEMICAL_2_cyanobenzothiazole;@CHEMICAL_2_cyanobenzothiazole;chemical;2.0
@CHEMICAL_2_deoxyribose_5_phosphate;@CHEMICAL_2_deoxyribose_5_phosphate;chemical;2.0
@CHEMICAL_2_deoxystreptamine;@CHEMICAL_2_deoxystreptamine;chemical;2.0
@CHEMICAL_2_ethoxyethanol;@CHEMICAL_2_ethoxyethanol;chemical;2.0
@CHEMICAL_2_hydroxy_4_(4_(5_(2_methyl_3_phenylprop_2_enylidene)_4_oxo_2_sulfanylidene_1_3_thiazolidin_3_yl)butanoylamino)benzoic_acid;@CHEMICAL_2_hydroxy_4_(4_(5_(2_methyl_3_phenylprop_2_enylidene)_4_oxo_2_sulfanylidene_1_3_thiazolidin_3_yl)butanoylamino)benzoic_acid;chemical;2.0
@CHEMICAL_2_hydroxyfluorene;@CHEMICAL_2_hydroxyfluorene;chemical;2.0
@CHEMICAL_2_hydroxyoleic_acid;@CHEMICAL_2_hydroxyoleic_acid;chemical;2.0
@CHEMICAL_2_hydroxypyridine;@CHEMICAL_2_hydroxypyridine;chemical;2.0
@CHEMICAL_2_linoleoylglycerol;@CHEMICAL_2_linoleoylglycerol;chemical;2.0
@CHEMICAL_2_mercaptobenzoxazole;@CHEMICAL_2_mercaptobenzoxazole;chemical;2.0
@CHEMICAL_2_methoxy_1_4_naphthoquinone;@CHEMICAL_2_methoxy_1_4_naphthoquinone;chemical;2.0
@CHEMICAL_2_methyl_4_isothiazolin_3_one;@CHEMICAL_2_methyl_4_isothiazolin_3_one;chemical;2.0
@CHEMICAL_2_methylimidazole;@CHEMICAL_2_methylimidazole;chemical;2.0
@CHEMICAL_2_methyltetrahydrofuran;@CHEMICAL_2_methyltetrahydrofuran;chemical;2.0
@CHEMICAL_2_nitrobenzoate;@CHEMICAL_2_nitrobenzoate;chemical;2.0
@CHEMICAL_2_nonanol;@CHEMICAL_2_nonanol;chemical;2.0
@CHEMICAL_2_phenylacetylenesulfonamide;@CHEMICAL_2_phenylacetylenesulfonamide;chemical;2.0
@CHEMICAL_2_propyl_4_pentenoic_acid;@CHEMICAL_2_propyl_4_pentenoic_acid;chemical;2.0
@CHEMICAL_2_quinoxaline_carboxamide_N_adamantan_1_yl;@CHEMICAL_2_quinoxaline_carboxamide_N_adamantan_1_yl;chemical;2.0
@CHEMICAL_2_thio_6_azathymine;@CHEMICAL_2_thio_6_azathymine;chemical;2.0
@CHEMICAL_2_tridecanone;@CHEMICAL_2_tridecanone;chemical;2.0
@CHEMICAL_3_(2_carboxyindol_3_yl)propionic_acid;@CHEMICAL_3_(2_carboxyindol_3_yl)propionic_acid;chemical;2.0
@CHEMICAL_3_(2_pyridyl)_5_6_diphenyl_1_2_4_triazine;@CHEMICAL_3_(2_pyridyl)_5_6_diphenyl_1_2_4_triazine;chemical;2.0
@CHEMICAL_3_(3_(pyridine_3_yl)_1_2_4_oxadiazol_5_yl)benzonitrile;@CHEMICAL_3_(3_(pyridine_3_yl)_1_2_4_oxadiazol_5_yl)benzonitrile;chemical;2.0
@CHEMICAL_3_(4_(2_(2_chloro_4_fluorophenyl)_1_(1H_indazol_5_yl)but_1_en_1_yl)phenyl)acrylic_acid;@CHEMICAL_3_(4_(2_(2_chloro_4_fluorophenyl)_1_(1H_indazol_5_yl)but_1_en_1_yl)phenyl)acrylic_acid;chemical;2.0
@CHEMICAL_3_(4_(2_(3_chlorophenylamino)pyrimidin_4_yl)pyridin_2_ylamino)propanol;@CHEMICAL_3_(4_(2_(3_chlorophenylamino)pyrimidin_4_yl)pyridin_2_ylamino)propanol;chemical;2.0
@CHEMICAL_3_(4_5_dimethylthiazol_2_yl)_5_(3_carboxymethoxyphenyl)_2_(4_sulfophenyl)_2H_tetrazolium;@CHEMICAL_3_(4_5_dimethylthiazol_2_yl)_5_(3_carboxymethoxyphenyl)_2_(4_sulfophenyl)_2H_tetrazolium;chemical;2.0
@CHEMICAL_3_(4_chlorophenyl)_adamantane_1_carboxylic_acid_(pyridin_4_ylmethyl)amide;@CHEMICAL_3_(4_chlorophenyl)_adamantane_1_carboxylic_acid_(pyridin_4_ylmethyl)amide;chemical;2.0
@CHEMICAL_3_(9_fluoro_2_(piperidin_1_ylcarbonyl)_1_2_3_4_tetrahydro(1_4)diazepino(6_7_1_hi)indol_7_yl)_4_imidazo(1_2_a)pyridin_3_yl_1H_pyrrole_2_5_dione;@CHEMICAL_3_(9_fluoro_2_(piperidin_1_ylcarbonyl)_1_2_3_4_tetrahydro(1_4)diazepino(6_7_1_hi)indol_7_yl)_4_imidazo(1_2_a)pyridin_3_yl_1H_pyrrole_2_5_dione;chemical;2.0
@CHEMICAL_3_3'_dihexyl_2_2'_oxacarbocyanine;@CHEMICAL_3_3'_dihexyl_2_2'_oxacarbocyanine;chemical;2.0
@CHEMICAL_3_4_8_trimethylimidazo(4_5_f)quinoxalin_2_amine;@CHEMICAL_3_4_8_trimethylimidazo(4_5_f)quinoxalin_2_amine;chemical;2.0
@CHEMICAL_3_4_dichlorophenol;@CHEMICAL_3_4_dichlorophenol;chemical;2.0
@CHEMICAL_3_5_7_3'_4'_pentamethoxyflavone;@CHEMICAL_3_5_7_3'_4'_pentamethoxyflavone;chemical;2.0
@CHEMICAL_3_5_dichloro_2_hydroxybenzoic_acid;@CHEMICAL_3_5_dichloro_2_hydroxybenzoic_acid;chemical;2.0
@CHEMICAL_3_5_dihydroxy_4_methoxybenzyl_alcohol;@CHEMICAL_3_5_dihydroxy_4_methoxybenzyl_alcohol;chemical;2.0
@CHEMICAL_3_5_xylenol;@CHEMICAL_3_5_xylenol;chemical;2.0
@CHEMICAL_3_6'_disinapoylsucrose;@CHEMICAL_3_6'_disinapoylsucrose;chemical;2.0
@CHEMICAL_3_7_dimethyl_1_5(E)_7_octatrien_3_ol;@CHEMICAL_3_7_dimethyl_1_5(E)_7_octatrien_3_ol;chemical;2.0
@CHEMICAL_3_Mercaptopropionic_Acid;@CHEMICAL_3_Mercaptopropionic_Acid;chemical;2.0
@CHEMICAL_3_O_methyltolcapone;@CHEMICAL_3_O_methyltolcapone;chemical;2.0
@CHEMICAL_3_Tyr_octreotide;@CHEMICAL_3_Tyr_octreotide;chemical;2.0
@CHEMICAL_3_amino_1_propanol;@CHEMICAL_3_amino_1_propanol;chemical;2.0
@CHEMICAL_3_aminobenzoic_acid;@CHEMICAL_3_aminobenzoic_acid;chemical;2.0
@CHEMICAL_3_aminopropionaldehyde;@CHEMICAL_3_aminopropionaldehyde;chemical;2.0
@CHEMICAL_3_aminopyridine;@CHEMICAL_3_aminopyridine;chemical;2.0
@CHEMICAL_3_cyanoalanine;@CHEMICAL_3_cyanoalanine;chemical;2.0
@CHEMICAL_3_deazaneplanocin;@CHEMICAL_3_deazaneplanocin;chemical;2.0
@CHEMICAL_3_dehydroquinic_acid;@CHEMICAL_3_dehydroquinic_acid;chemical;2.0
@CHEMICAL_3_ethoxycarbonyl_2_methyl_4_(2_nitrophenyl)_4_11_dihydro_1H_pyrido(2_3_b)(1_5)benzodiazepine;@CHEMICAL_3_ethoxycarbonyl_2_methyl_4_(2_nitrophenyl)_4_11_dihydro_1H_pyrido(2_3_b)(1_5)benzodiazepine;chemical;2.0
@CHEMICAL_3_fluorobenzoic_acid;@CHEMICAL_3_fluorobenzoic_acid;chemical;2.0
@CHEMICAL_3_glycidyloxypropyltrimethoxysilane;@CHEMICAL_3_glycidyloxypropyltrimethoxysilane;chemical;2.0
@CHEMICAL_3_hexen_1_ol;@CHEMICAL_3_hexen_1_ol;chemical;2.0
@CHEMICAL_3_hydroxymethylantipyrine;@CHEMICAL_3_hydroxymethylantipyrine;chemical;2.0
@CHEMICAL_3_hydroxypicolinic_acid;@CHEMICAL_3_hydroxypicolinic_acid;chemical;2.0
@CHEMICAL_3_iodotyrosine;@CHEMICAL_3_iodotyrosine;chemical;2.0
@CHEMICAL_3_isothiazolone;@CHEMICAL_3_isothiazolone;chemical;2.0
@CHEMICAL_3_methylcatechol;@CHEMICAL_3_methylcatechol;chemical;2.0
@CHEMICAL_3_nitro_2_pyridinesulfenyl;@CHEMICAL_3_nitro_2_pyridinesulfenyl;chemical;2.0
@CHEMICAL_3_nitrotoluene;@CHEMICAL_3_nitrotoluene;chemical;2.0
@CHEMICAL_3_rhamnopyranosyl(1_4)_glucopyranosyl_12_diacetoxy_20_hydroxywitha_5_24_dienolide;@CHEMICAL_3_rhamnopyranosyl(1_4)_glucopyranosyl_12_diacetoxy_20_hydroxywitha_5_24_dienolide;chemical;2.0
@CHEMICAL_3_tropinone;@CHEMICAL_3_tropinone;chemical;2.0
@CHEMICAL_4'_methoxy_3'_5_7_trihydroxyisoflavone;@CHEMICAL_4'_methoxy_3'_5_7_trihydroxyisoflavone;chemical;2.0
@CHEMICAL_4(2'_aminoethyl)amino_1_8_dimethylimidazo(1_2_a)quinoxaline;@CHEMICAL_4(2'_aminoethyl)amino_1_8_dimethylimidazo(1_2_a)quinoxaline;chemical;2.0
@CHEMICAL_4_(2_(5_6_7_8_tetrahydro_5_5_8_8_tetramethyl_2_naphthalenyl)_1_propenyl)benzoic_acid;@CHEMICAL_4_(2_(5_6_7_8_tetrahydro_5_5_8_8_tetramethyl_2_naphthalenyl)_1_propenyl)benzoic_acid;chemical;2.0
@CHEMICAL_4_(2_aminoethyl)benzenesulfonylfluoride;@CHEMICAL_4_(2_aminoethyl)benzenesulfonylfluoride;chemical;2.0
@CHEMICAL_4_4'_4''_tri_tert_butyl_2_2'_6'_2''_terpyridine;@CHEMICAL_4_4'_4''_tri_tert_butyl_2_2'_6'_2''_terpyridine;chemical;2.0
@CHEMICAL_4_4'_bipyridyl;@CHEMICAL_4_4'_bipyridyl;chemical;2.0
@CHEMICAL_4_4_dicarboxy_5_pyridoxylproline;@CHEMICAL_4_4_dicarboxy_5_pyridoxylproline;chemical;2.0
@CHEMICAL_4_4_dimethyl_5_alpha_cholesta_(8_24)_dien_3_beta_ol;@CHEMICAL_4_4_dimethyl_5_alpha_cholesta_(8_24)_dien_3_beta_ol;chemical;2.0
@CHEMICAL_4_5_dianilinophthalimide;@CHEMICAL_4_5_dianilinophthalimide;chemical;2.0
@CHEMICAL_4_8_dimethyl_1_3_7_nonatriene;@CHEMICAL_4_8_dimethyl_1_3_7_nonatriene;chemical;2.0
@CHEMICAL_4_Butyrolactone;@CHEMICAL_4_Butyrolactone;chemical;2.0
@CHEMICAL_4_HOPC4A;@CHEMICAL_4_HOPC4A;chemical;2.0
@CHEMICAL_4_S_(propionic_acid)sulfidocyclophosphamide;@CHEMICAL_4_S_(propionic_acid)sulfidocyclophosphamide;chemical;2.0
@CHEMICAL_4_aminopiperidine;@CHEMICAL_4_aminopiperidine;chemical;2.0
@CHEMICAL_4_azidophenylalanine;@CHEMICAL_4_azidophenylalanine;chemical;2.0
@CHEMICAL_4_benzylideneamino_2_2_6_6_tetramethylpiperidine_1_oxyl;@CHEMICAL_4_benzylideneamino_2_2_6_6_tetramethylpiperidine_1_oxyl;chemical;2.0
@CHEMICAL_4_chlorophenylacetic_acid;@CHEMICAL_4_chlorophenylacetic_acid;chemical;2.0
@CHEMICAL_4_cyanotryptophan;@CHEMICAL_4_cyanotryptophan;chemical;2.0
@CHEMICAL_4_deoxypyridoxine;@CHEMICAL_4_deoxypyridoxine;chemical;2.0
@CHEMICAL_4_diethoxyphosphorylmethyl_N_(4_bromo_2_cyanophenyl)benzamide;@CHEMICAL_4_diethoxyphosphorylmethyl_N_(4_bromo_2_cyanophenyl)benzamide;chemical;2.0
@CHEMICAL_4_formylphenylboronic_acid;@CHEMICAL_4_formylphenylboronic_acid;chemical;2.0
@CHEMICAL_4_hydroxy_2_hexenal;@CHEMICAL_4_hydroxy_2_hexenal;chemical;2.0
@CHEMICAL_4_hydroxy_2_oxovalerate;@CHEMICAL_4_hydroxy_2_oxovalerate;chemical;2.0
@CHEMICAL_4_hydroxybenzylcyanide;@CHEMICAL_4_hydroxybenzylcyanide;chemical;2.0
@CHEMICAL_4_hydroxymercuribenzoate;@CHEMICAL_4_hydroxymercuribenzoate;chemical;2.0
@CHEMICAL_4_hydroxyphenethylene_glycol;@CHEMICAL_4_hydroxyphenethylene_glycol;chemical;2.0
@CHEMICAL_4_hydroxypropiophenone;@CHEMICAL_4_hydroxypropiophenone;chemical;2.0
@CHEMICAL_4_hydroxyretinoic_acid;@CHEMICAL_4_hydroxyretinoic_acid;chemical;2.0
@CHEMICAL_4_mercaptobenzoate;@CHEMICAL_4_mercaptobenzoate;chemical;2.0
@CHEMICAL_4_methoxy_2_2_6_6_tetramethylpiperidinyl_1_oxy;@CHEMICAL_4_methoxy_2_2_6_6_tetramethylpiperidinyl_1_oxy;chemical;2.0
@CHEMICAL_4_methyl_N_(3_(4_methylimidazol_1_yl)_5_trifluoromethylphenyl)_3_(4_pyrazin_2_ylpyrimidin_2_ylamino)benzamide;@CHEMICAL_4_methyl_N_(3_(4_methylimidazol_1_yl)_5_trifluoromethylphenyl)_3_(4_pyrazin_2_ylpyrimidin_2_ylamino)benzamide;chemical;2.0
@CHEMICAL_4_methylpiperazine_2_6_dione;@CHEMICAL_4_methylpiperazine_2_6_dione;chemical;2.0
@CHEMICAL_4_methylpiperidine;@CHEMICAL_4_methylpiperidine;chemical;2.0
@CHEMICAL_4_nitro_3_cresol;@CHEMICAL_4_nitro_3_cresol;chemical;2.0
@CHEMICAL_4_nitrobenzoic_acid;@CHEMICAL_4_nitrobenzoic_acid;chemical;2.0
@CHEMICAL_4_nitrophenyl_sulfate;@CHEMICAL_4_nitrophenyl_sulfate;chemical;2.0
@CHEMICAL_4_nitrophenylglucuronide;@CHEMICAL_4_nitrophenylglucuronide;chemical;2.0
@CHEMICAL_4_octylphenol;@CHEMICAL_4_octylphenol;chemical;2.0
@CHEMICAL_4_phenoxyphenol;@CHEMICAL_4_phenoxyphenol;chemical;2.0
@CHEMICAL_4_phenyl_1_2_4_triazoline_3_5_dione;@CHEMICAL_4_phenyl_1_2_4_triazoline_3_5_dione;chemical;2.0
@CHEMICAL_4_phenyl_3_butenoic_acid;@CHEMICAL_4_phenyl_3_butenoic_acid;chemical;2.0
@CHEMICAL_4_toluenesulfonamide;@CHEMICAL_4_toluenesulfonamide;chemical;2.0
@CHEMICAL_5'_fluoro_5'_deoxyadenosine;@CHEMICAL_5'_fluoro_5'_deoxyadenosine;chemical;2.0
@CHEMICAL_5_(2_4_dihydroxy_5_isopropylphenyl)_4_(4_morpholin_4_ylmethylphenyl)isoxazole_3_carboxylic_acid_ethylamide;@CHEMICAL_5_(2_4_dihydroxy_5_isopropylphenyl)_4_(4_morpholin_4_ylmethylphenyl)isoxazole_3_carboxylic_acid_ethylamide;chemical;2.0
@CHEMICAL_5_(6)_carboxyfluorescein_diacetate_succinimidyl_ester;@CHEMICAL_5_(6)_carboxyfluorescein_diacetate_succinimidyl_ester;chemical;2.0
@CHEMICAL_5_10_15_20_tetrakis(4_carboxyphenyl)porphinatocopper(II);@CHEMICAL_5_10_15_20_tetrakis(4_carboxyphenyl)porphinatocopper(II);chemical;2.0
@CHEMICAL_5_6_dihydroxy_2_methylaminotetralin;@CHEMICAL_5_6_dihydroxy_2_methylaminotetralin;chemical;2.0
@CHEMICAL_5_7_2'_3'_tetrahydroxyflavone;@CHEMICAL_5_7_2'_3'_tetrahydroxyflavone;chemical;2.0
@CHEMICAL_5_alpha_Dihydroprogesterone;@CHEMICAL_5_alpha_Dihydroprogesterone;chemical;2.0
@CHEMICAL_5_aminofluorescein;@CHEMICAL_5_aminofluorescein;chemical;2.0
@CHEMICAL_5_aminoisoquinoline;@CHEMICAL_5_aminoisoquinoline;chemical;2.0
@CHEMICAL_5_dehydro_3_deoxy_D_arabino_heptulosonic_acid_7_phosphate;@CHEMICAL_5_dehydro_3_deoxy_D_arabino_heptulosonic_acid_7_phosphate;chemical;2.0
@CHEMICAL_5_furan_2yl_isoxazole_3_carboxylic_acid_(3_imidazol_1yl_propyl)_amide;@CHEMICAL_5_furan_2yl_isoxazole_3_carboxylic_acid_(3_imidazol_1yl_propyl)_amide;chemical;2.0
@CHEMICAL_5_hydroxy_3_(2_hydroxyethyl)indole;@CHEMICAL_5_hydroxy_3_(2_hydroxyethyl)indole;chemical;2.0
@CHEMICAL_5_hydroxy_6_methoxy_2_indolylcarboxylic_acid;@CHEMICAL_5_hydroxy_6_methoxy_2_indolylcarboxylic_acid;chemical;2.0
@CHEMICAL_5_hydroxydecanoic_acid;@CHEMICAL_5_hydroxydecanoic_acid;chemical;2.0
@CHEMICAL_5_hydroxyflavone;@CHEMICAL_5_hydroxyflavone;chemical;2.0
@CHEMICAL_5_nitroisophthalic_acid;@CHEMICAL_5_nitroisophthalic_acid;chemical;2.0
@CHEMICAL_5_octadecenoic_acid;@CHEMICAL_5_octadecenoic_acid;chemical;2.0
@CHEMICAL_6'_O_caffeoylarbutin;@CHEMICAL_6'_O_caffeoylarbutin;chemical;2.0
@CHEMICAL_6_amino_1_hydroxyhexane_1_1_diphosphonate;@CHEMICAL_6_amino_1_hydroxyhexane_1_1_diphosphonate;chemical;2.0
@CHEMICAL_6_aminoquinolyl_N_hydroxysuccinimidyl_carbamate;@CHEMICAL_6_aminoquinolyl_N_hydroxysuccinimidyl_carbamate;chemical;2.0
@CHEMICAL_6_azaindole;@CHEMICAL_6_azaindole;chemical;2.0
@CHEMICAL_6_azido_FAD;@CHEMICAL_6_azido_FAD;chemical;2.0
@CHEMICAL_6_deoxy_6_fluoroascorbic_acid;@CHEMICAL_6_deoxy_6_fluoroascorbic_acid;chemical;2.0
@CHEMICAL_6_hydroxy_5_methoxy_2_indolylcarboxylic_acid;@CHEMICAL_6_hydroxy_5_methoxy_2_indolylcarboxylic_acid;chemical;2.0
@CHEMICAL_6_hydroxy_5_methoxyindole_glucuronide;@CHEMICAL_6_hydroxy_5_methoxyindole_glucuronide;chemical;2.0
@CHEMICAL_6_hydroxynicotinic_acid;@CHEMICAL_6_hydroxynicotinic_acid;chemical;2.0
@CHEMICAL_7_8_dihydromethysticin;@CHEMICAL_7_8_dihydromethysticin;chemical;2.0
@CHEMICAL_7_alpha_hydroxy_3_oxo_4_cholestenoic_acid;@CHEMICAL_7_alpha_hydroxy_3_oxo_4_cholestenoic_acid;chemical;2.0
@CHEMICAL_7_amino_4_methylcoumarin;@CHEMICAL_7_amino_4_methylcoumarin;chemical;2.0
@CHEMICAL_7_deazaxanthine;@CHEMICAL_7_deazaxanthine;chemical;2.0
@CHEMICAL_7_ethyl_10_hydroxycamptothecin_glucuronide;@CHEMICAL_7_ethyl_10_hydroxycamptothecin_glucuronide;chemical;2.0
@CHEMICAL_7_ethylcamptothecin;@CHEMICAL_7_ethylcamptothecin;chemical;2.0
@CHEMICAL_7_hydroxycoumarin_3_carboxylic_acid;@CHEMICAL_7_hydroxycoumarin_3_carboxylic_acid;chemical;2.0
@CHEMICAL_7_hydroxytropolone;@CHEMICAL_7_hydroxytropolone;chemical;2.0
@CHEMICAL_7_methoxytacrine;@CHEMICAL_7_methoxytacrine;chemical;2.0
@CHEMICAL_7_methylinosine;@CHEMICAL_7_methylinosine;chemical;2.0
@CHEMICAL_8_(bis(2_methylphenyl)methyl)_3_phenyl_8_azabicyclo(3.2.1)octan_3_ol;@CHEMICAL_8_(bis(2_methylphenyl)methyl)_3_phenyl_8_azabicyclo(3.2.1)octan_3_ol;chemical;2.0
@CHEMICAL_8_oxo_7_8_dihydro_2'_deoxyguanosine_5'_monophosphate;@CHEMICAL_8_oxo_7_8_dihydro_2'_deoxyguanosine_5'_monophosphate;chemical;2.0
@CHEMICAL_8_oxodeoxyguanosine_triphosphate;@CHEMICAL_8_oxodeoxyguanosine_triphosphate;chemical;2.0
@CHEMICAL_9_10_dimethylanthracene;@CHEMICAL_9_10_dimethylanthracene;chemical;2.0
@CHEMICAL_9_aminocamptothecin;@CHEMICAL_9_aminocamptothecin;chemical;2.0
@CHEMICAL_9_fluorenone;@CHEMICAL_9_fluorenone;chemical;2.0
@CHEMICAL_ABTL0812;@CHEMICAL_ABTL0812;chemical;2.0
@CHEMICAL_ACT_389949;@CHEMICAL_ACT_389949;chemical;2.0
@CHEMICAL_ACY_738;@CHEMICAL_ACY_738;chemical;2.0
@CHEMICAL_AKB_9778;@CHEMICAL_AKB_9778;chemical;2.0
@CHEMICAL_AM_6527;@CHEMICAL_AM_6527;chemical;2.0
@CHEMICAL_APT;@CHEMICAL_APT;chemical;2.0
@CHEMICAL_AR_C155858;@CHEMICAL_AR_C155858;chemical;2.0
@CHEMICAL_AS2471907;@CHEMICAL_AS2471907;chemical;2.0
@CHEMICAL_ATH434;@CHEMICAL_ATH434;chemical;2.0
@CHEMICAL_ATP_biotin;@CHEMICAL_ATP_biotin;chemical;2.0
@CHEMICAL_ATX_inhibitor_BBT_877;@CHEMICAL_ATX_inhibitor_BBT_877;chemical;2.0
@CHEMICAL_AT_406;@CHEMICAL_AT_406;chemical;2.0
@CHEMICAL_AZD3839;@CHEMICAL_AZD3839;chemical;2.0
@CHEMICAL_AZD5069;@CHEMICAL_AZD5069;chemical;2.0
@CHEMICAL_AZD5991;@CHEMICAL_AZD5991;chemical;2.0
@CHEMICAL_A_83_01;@CHEMICAL_A_83_01;chemical;2.0
@CHEMICAL_AcPhe(ornithine_Pro_cyclohexylamine_Trp_Arg);@CHEMICAL_AcPhe(ornithine_Pro_cyclohexylamine_Trp_Arg);chemical;2.0
@CHEMICAL_Acebutolol;@CHEMICAL_Acebutolol;chemical;2.0
@CHEMICAL_Acetohexamide;@CHEMICAL_Acetohexamide;chemical;2.0
@CHEMICAL_Acetophenones;@CHEMICAL_Acetophenones;chemical;2.0
@CHEMICAL_Acetylthiocholine;@CHEMICAL_Acetylthiocholine;chemical;2.0
@CHEMICAL_Acid_Violet_90;@CHEMICAL_Acid_Violet_90;chemical;2.0
@CHEMICAL_Actinium_225;@CHEMICAL_Actinium_225;chemical;2.0
@CHEMICAL_Acyl_Butyrolactones;@CHEMICAL_Acyl_Butyrolactones;chemical;2.0
@CHEMICAL_Almitrine;@CHEMICAL_Almitrine;chemical;2.0
@CHEMICAL_Amberlite_XAD_2_resin;@CHEMICAL_Amberlite_XAD_2_resin;chemical;2.0
@CHEMICAL_Amido_Black;@CHEMICAL_Amido_Black;chemical;2.0
@CHEMICAL_Amino_Acids_Cyclic;@CHEMICAL_Amino_Acids_Cyclic;chemical;2.0
@CHEMICAL_Amoxapine;@CHEMICAL_Amoxapine;chemical;2.0
@CHEMICAL_Ancitabine;@CHEMICAL_Ancitabine;chemical;2.0
@CHEMICAL_Asbestos_Amphibole;@CHEMICAL_Asbestos_Amphibole;chemical;2.0
@CHEMICAL_Asbestos_Serpentine;@CHEMICAL_Asbestos_Serpentine;chemical;2.0
@CHEMICAL_Astatine;@CHEMICAL_Astatine;chemical;2.0
@CHEMICAL_Astatine_211;@CHEMICAL_Astatine_211;chemical;2.0
@CHEMICAL_Atrasentan;@CHEMICAL_Atrasentan;chemical;2.0
@CHEMICAL_Azaserine;@CHEMICAL_Azaserine;chemical;2.0
@CHEMICAL_BI_1002494;@CHEMICAL_BI_1002494;chemical;2.0
@CHEMICAL_BI_2536;@CHEMICAL_BI_2536;chemical;2.0
@CHEMICAL_BLU9931;@CHEMICAL_BLU9931;chemical;2.0
@CHEMICAL_BMS202;@CHEMICAL_BMS202;chemical;2.0
@CHEMICAL_BMS_742413;@CHEMICAL_BMS_742413;chemical;2.0
@CHEMICAL_BMS_833923;@CHEMICAL_BMS_833923;chemical;2.0
@CHEMICAL_BMS_986202;@CHEMICAL_BMS_986202;chemical;2.0
@CHEMICAL_Benzothiazoles;@CHEMICAL_Benzothiazoles;chemical;2.0
@CHEMICAL_Benzoxazoles;@CHEMICAL_Benzoxazoles;chemical;2.0
@CHEMICAL_Betacyanins;@CHEMICAL_Betacyanins;chemical;2.0
@CHEMICAL_Bicyclic_Monoterpenes;@CHEMICAL_Bicyclic_Monoterpenes;chemical;2.0
@CHEMICAL_Biguanides;@CHEMICAL_Biguanides;chemical;2.0
@CHEMICAL_Biureas;@CHEMICAL_Biureas;chemical;2.0
@CHEMICAL_Boranes;@CHEMICAL_Boranes;chemical;2.0
@CHEMICAL_Bucladesine;@CHEMICAL_Bucladesine;chemical;2.0
@CHEMICAL_Bulkamid;@CHEMICAL_Bulkamid;chemical;2.0
@CHEMICAL_C.I._Direct_Red_23;@CHEMICAL_C.I._Direct_Red_23;chemical;2.0
@CHEMICAL_C11_BODIPY(581_591);@CHEMICAL_C11_BODIPY(581_591);chemical;2.0
@CHEMICAL_C188_9_compound;@CHEMICAL_C188_9_compound;chemical;2.0
@CHEMICAL_C4a_hydroperoxyflavin;@CHEMICAL_C4a_hydroperoxyflavin;chemical;2.0
@CHEMICAL_CAF_protocol;@CHEMICAL_CAF_protocol;chemical;2.0
@CHEMICAL_CA_074_methyl_ester;@CHEMICAL_CA_074_methyl_ester;chemical;2.0
@CHEMICAL_CEP_37440;@CHEMICAL_CEP_37440;chemical;2.0
@CHEMICAL_CEP_combination;@CHEMICAL_CEP_combination;chemical;2.0
@CHEMICAL_CGK_733;@CHEMICAL_CGK_733;chemical;2.0
@CHEMICAL_CGS_24012;@CHEMICAL_CGS_24012;chemical;2.0
@CHEMICAL_CYM_5520;@CHEMICAL_CYM_5520;chemical;2.0
@CHEMICAL_C_27;@CHEMICAL_C_27;chemical;2.0
@CHEMICAL_C_glycosyltryptophan;@CHEMICAL_C_glycosyltryptophan;chemical;2.0
@CHEMICAL_Caffeic_Acids;@CHEMICAL_Caffeic_Acids;chemical;2.0
@CHEMICAL_Carbenicillin;@CHEMICAL_Carbenicillin;chemical;2.0
@CHEMICAL_Carbolines;@CHEMICAL_Carbolines;chemical;2.0
@CHEMICAL_Cefmenoxime;@CHEMICAL_Cefmenoxime;chemical;2.0
@CHEMICAL_Celsior;@CHEMICAL_Celsior;chemical;2.0
@CHEMICAL_Ceroid;@CHEMICAL_Ceroid;chemical;2.0
@CHEMICAL_Chelex_100;@CHEMICAL_Chelex_100;chemical;2.0
@CHEMICAL_Chloralose;@CHEMICAL_Chloralose;chemical;2.0
@CHEMICAL_Chlorates;@CHEMICAL_Chlorates;chemical;2.0
@CHEMICAL_Cholecystokinin;@CHEMICAL_Cholecystokinin;chemical;2.0
@CHEMICAL_Cholic_Acids;@CHEMICAL_Cholic_Acids;chemical;2.0
@CHEMICAL_Chromates;@CHEMICAL_Chromates;chemical;2.0
@CHEMICAL_Chromones;@CHEMICAL_Chromones;chemical;2.0
@CHEMICAL_Citraconic_Anhydrides;@CHEMICAL_Citraconic_Anhydrides;chemical;2.0
@CHEMICAL_Cyanex_272;@CHEMICAL_Cyanex_272;chemical;2.0
@CHEMICAL_Cyclobutanes;@CHEMICAL_Cyclobutanes;chemical;2.0
@CHEMICAL_Cyclohexanones;@CHEMICAL_Cyclohexanones;chemical;2.0
@CHEMICAL_Cycloparaffins;@CHEMICAL_Cycloparaffins;chemical;2.0
@CHEMICAL_Cyproterone_acetate_ethinyl_estradiol_drug_combination;@CHEMICAL_Cyproterone_acetate_ethinyl_estradiol_drug_combination;chemical;2.0
@CHEMICAL_Cytidine_Diphosphate_Diglycerides;@CHEMICAL_Cytidine_Diphosphate_Diglycerides;chemical;2.0
@CHEMICAL_Cytidine_Triphosphate;@CHEMICAL_Cytidine_Triphosphate;chemical;2.0
@CHEMICAL_DACM;@CHEMICAL_DACM;chemical;2.0
@CHEMICAL_DAIBS;@CHEMICAL_DAIBS;chemical;2.0
@CHEMICAL_DAPI;@CHEMICAL_DAPI;chemical;2.0
@CHEMICAL_DEAE_Cellulose;@CHEMICAL_DEAE_Cellulose;chemical;2.0
@CHEMICAL_DFG_peptide;@CHEMICAL_DFG_peptide;chemical;2.0
@CHEMICAL_Debrisoquin;@CHEMICAL_Debrisoquin;chemical;2.0
@CHEMICAL_Deoxycytidine_Monophosphate;@CHEMICAL_Deoxycytidine_Monophosphate;chemical;2.0
@CHEMICAL_Deoxyribonucleotides;@CHEMICAL_Deoxyribonucleotides;chemical;2.0
@CHEMICAL_Depsides;@CHEMICAL_Depsides;chemical;2.0
@CHEMICAL_Desonide;@CHEMICAL_Desonide;chemical;2.0
@CHEMICAL_Desvenlafaxine_Succinate;@CHEMICAL_Desvenlafaxine_Succinate;chemical;2.0
@CHEMICAL_Dichlorodiphenyldichloroethane;@CHEMICAL_Dichlorodiphenyldichloroethane;chemical;2.0
@CHEMICAL_Dietary_Advanced_Glycation_End_Products;@CHEMICAL_Dietary_Advanced_Glycation_End_Products;chemical;2.0
@CHEMICAL_Diethyl_Pyrocarbonate;@CHEMICAL_Diethyl_Pyrocarbonate;chemical;2.0
@CHEMICAL_Digitoxin;@CHEMICAL_Digitoxin;chemical;2.0
@CHEMICAL_Dihydrostreptomycin_Sulfate;@CHEMICAL_Dihydrostreptomycin_Sulfate;chemical;2.0
@CHEMICAL_Dimethylphenylpiperazinium_Iodide;@CHEMICAL_Dimethylphenylpiperazinium_Iodide;chemical;2.0
@CHEMICAL_Diphenoxylate;@CHEMICAL_Diphenoxylate;chemical;2.0
@CHEMICAL_Diphenylamine;@CHEMICAL_Diphenylamine;chemical;2.0
@CHEMICAL_Diphenylcarbazide;@CHEMICAL_Diphenylcarbazide;chemical;2.0
@CHEMICAL_Disopyramide;@CHEMICAL_Disopyramide;chemical;2.0
@CHEMICAL_Doripenem;@CHEMICAL_Doripenem;chemical;2.0
@CHEMICAL_Dothiepin;@CHEMICAL_Dothiepin;chemical;2.0
@CHEMICAL_Droperidol;@CHEMICAL_Droperidol;chemical;2.0
@CHEMICAL_E7820;@CHEMICAL_E7820;chemical;2.0
@CHEMICAL_EPOCH_protocol;@CHEMICAL_EPOCH_protocol;chemical;2.0
@CHEMICAL_ERB_041;@CHEMICAL_ERB_041;chemical;2.0
@CHEMICAL_ETC_159;@CHEMICAL_ETC_159;chemical;2.0
@CHEMICAL_Ecdysone;@CHEMICAL_Ecdysone;chemical;2.0
@CHEMICAL_Econazole;@CHEMICAL_Econazole;chemical;2.0
@CHEMICAL_Edotreotide;@CHEMICAL_Edotreotide;chemical;2.0
@CHEMICAL_Eflornithine;@CHEMICAL_Eflornithine;chemical;2.0
@CHEMICAL_Elements;@CHEMICAL_Elements;chemical;2.0
@CHEMICAL_Encainide;@CHEMICAL_Encainide;chemical;2.0
@CHEMICAL_Eosine_I_Bluish;@CHEMICAL_Eosine_I_Bluish;chemical;2.0
@CHEMICAL_Epitestosterone;@CHEMICAL_Epitestosterone;chemical;2.0
@CHEMICAL_Ethamsylate;@CHEMICAL_Ethamsylate;chemical;2.0
@CHEMICAL_Ethanolamines;@CHEMICAL_Ethanolamines;chemical;2.0
@CHEMICAL_Ethyldimethylaminopropyl_Carbodiimide;@CHEMICAL_Ethyldimethylaminopropyl_Carbodiimide;chemical;2.0
@CHEMICAL_Etiocholanolone;@CHEMICAL_Etiocholanolone;chemical;2.0
@CHEMICAL_Etodolac;@CHEMICAL_Etodolac;chemical;2.0
@CHEMICAL_FM1_43;@CHEMICAL_FM1_43;chemical;2.0
@CHEMICAL_FR900359;@CHEMICAL_FR900359;chemical;2.0
@CHEMICAL_F_4;@CHEMICAL_F_4;chemical;2.0
@CHEMICAL_Fast_Green_FCF;@CHEMICAL_Fast_Green_FCF;chemical;2.0
@CHEMICAL_Fenbendazole;@CHEMICAL_Fenbendazole;chemical;2.0
@CHEMICAL_Ferrozine;@CHEMICAL_Ferrozine;chemical;2.0
@CHEMICAL_Flumethasone;@CHEMICAL_Flumethasone;chemical;2.0
@CHEMICAL_Fluo_3;@CHEMICAL_Fluo_3;chemical;2.0
@CHEMICAL_Fluocinonide;@CHEMICAL_Fluocinonide;chemical;2.0
@CHEMICAL_Fluoro_Ruby;@CHEMICAL_Fluoro_Ruby;chemical;2.0
@CHEMICAL_Fluoroacetates;@CHEMICAL_Fluoroacetates;chemical;2.0
@CHEMICAL_Friedel's_salt;@CHEMICAL_Friedel's_salt;chemical;2.0
@CHEMICAL_Furazolidone;@CHEMICAL_Furazolidone;chemical;2.0
@CHEMICAL_Fusaric_Acid;@CHEMICAL_Fusaric_Acid;chemical;2.0
@CHEMICAL_G(A1)_ganglioside;@CHEMICAL_G(A1)_ganglioside;chemical;2.0
@CHEMICAL_GC_1_compound;@CHEMICAL_GC_1_compound;chemical;2.0
@CHEMICAL_GHRP_6_Lys(3)_;@CHEMICAL_GHRP_6_Lys(3)_;chemical;2.0
@CHEMICAL_GSK2141795;@CHEMICAL_GSK2141795;chemical;2.0
@CHEMICAL_GSK2193874;@CHEMICAL_GSK2193874;chemical;2.0
@CHEMICAL_GSK2256098;@CHEMICAL_GSK2256098;chemical;2.0
@CHEMICAL_GS_441524;@CHEMICAL_GS_441524;chemical;2.0
@CHEMICAL_GW280264X;@CHEMICAL_GW280264X;chemical;2.0
@CHEMICAL_GW_4869;@CHEMICAL_GW_4869;chemical;2.0
@CHEMICAL_GW_7647;@CHEMICAL_GW_7647;chemical;2.0
@CHEMICAL_Gallium_67;@CHEMICAL_Gallium_67;chemical;2.0
@CHEMICAL_Gemtuzumab;@CHEMICAL_Gemtuzumab;chemical;2.0
@CHEMICAL_Gestrinone;@CHEMICAL_Gestrinone;chemical;2.0
@CHEMICAL_Ginkgolides;@CHEMICAL_Ginkgolides;chemical;2.0
@CHEMICAL_Glipizide;@CHEMICAL_Glipizide;chemical;2.0
@CHEMICAL_Golytely;@CHEMICAL_Golytely;chemical;2.0
@CHEMICAL_GpG;@CHEMICAL_GpG;chemical;2.0
@CHEMICAL_Guanethidine;@CHEMICAL_Guanethidine;chemical;2.0
@CHEMICAL_Guanosine_Monophosphate;@CHEMICAL_Guanosine_Monophosphate;chemical;2.0
@CHEMICAL_HLM006474;@CHEMICAL_HLM006474;chemical;2.0
@CHEMICAL_HS_3;@CHEMICAL_HS_3;chemical;2.0
@CHEMICAL_HS_6;@CHEMICAL_HS_6;chemical;2.0
@CHEMICAL_H_Phe_Ser_Leu_Leu_Arg_Tyr_NH2;@CHEMICAL_H_Phe_Ser_Leu_Leu_Arg_Tyr_NH2;chemical;2.0
@CHEMICAL_Hemicholinium_3;@CHEMICAL_Hemicholinium_3;chemical;2.0
@CHEMICAL_Heptanoic_Acids;@CHEMICAL_Heptanoic_Acids;chemical;2.0
@CHEMICAL_Hexobarbital;@CHEMICAL_Hexobarbital;chemical;2.0
@CHEMICAL_Hydantoins;@CHEMICAL_Hydantoins;chemical;2.0
@CHEMICAL_Hydrobromic_Acid;@CHEMICAL_Hydrobromic_Acid;chemical;2.0
@CHEMICAL_Hydrocarbons_Cyclic;@CHEMICAL_Hydrocarbons_Cyclic;chemical;2.0
@CHEMICAL_IRDye800;@CHEMICAL_IRDye800;chemical;2.0
@CHEMICAL_IRDye_800CW;@CHEMICAL_IRDye_800CW;chemical;2.0
@CHEMICAL_ITH15004;@CHEMICAL_ITH15004;chemical;2.0
@CHEMICAL_Idazoxan;@CHEMICAL_Idazoxan;chemical;2.0
@CHEMICAL_Iduronic_Acid;@CHEMICAL_Iduronic_Acid;chemical;2.0
@CHEMICAL_Imidazolidines;@CHEMICAL_Imidazolidines;chemical;2.0
@CHEMICAL_Imino_Sugars;@CHEMICAL_Imino_Sugars;chemical;2.0
@CHEMICAL_Indolizines;@CHEMICAL_Indolizines;chemical;2.0
@CHEMICAL_Iodates;@CHEMICAL_Iodates;chemical;2.0
@CHEMICAL_Iodine_123;@CHEMICAL_Iodine_123;chemical;2.0
@CHEMICAL_Iridoid_Glucosides;@CHEMICAL_Iridoid_Glucosides;chemical;2.0
@CHEMICAL_Iron_59;@CHEMICAL_Iron_59;chemical;2.0
@CHEMICAL_Isocoumarins;@CHEMICAL_Isocoumarins;chemical;2.0
@CHEMICAL_Isodesmosine;@CHEMICAL_Isodesmosine;chemical;2.0
@CHEMICAL_Isonicotinic_Acids;@CHEMICAL_Isonicotinic_Acids;chemical;2.0
@CHEMICAL_Isopropyl_Thiogalactoside;@CHEMICAL_Isopropyl_Thiogalactoside;chemical;2.0
@CHEMICAL_JD5037;@CHEMICAL_JD5037;chemical;2.0
@CHEMICAL_JP_153;@CHEMICAL_JP_153;chemical;2.0
@CHEMICAL_JT010;@CHEMICAL_JT010;chemical;2.0
@CHEMICAL_JZL195;@CHEMICAL_JZL195;chemical;2.0
@CHEMICAL_KIRA6;@CHEMICAL_KIRA6;chemical;2.0
@CHEMICAL_KN_62;@CHEMICAL_KN_62;chemical;2.0
@CHEMICAL_KRIBB_11;@CHEMICAL_KRIBB_11;chemical;2.0
@CHEMICAL_Ketoses;@CHEMICAL_Ketoses;chemical;2.0
@CHEMICAL_LDN_OSU_0212320;@CHEMICAL_LDN_OSU_0212320;chemical;2.0
@CHEMICAL_LS_75;@CHEMICAL_LS_75;chemical;2.0
@CHEMICAL_LTX_315;@CHEMICAL_LTX_315;chemical;2.0
@CHEMICAL_LY3009120;@CHEMICAL_LY3009120;chemical;2.0
@CHEMICAL_Lead_203;@CHEMICAL_Lead_203;chemical;2.0
@CHEMICAL_Lidocaine_Prilocaine_Drug_Combination;@CHEMICAL_Lidocaine_Prilocaine_Drug_Combination;chemical;2.0
@CHEMICAL_Linuron;@CHEMICAL_Linuron;chemical;2.0
@CHEMICAL_Loxapine;@CHEMICAL_Loxapine;chemical;2.0
@CHEMICAL_MEVAP_protocol;@CHEMICAL_MEVAP_protocol;chemical;2.0
@CHEMICAL_MIMIU;@CHEMICAL_MIMIU;chemical;2.0
@CHEMICAL_MPPPUP;@CHEMICAL_MPPPUP;chemical;2.0
@CHEMICAL_M_VAC_protocol;@CHEMICAL_M_VAC_protocol;chemical;2.0
@CHEMICAL_Margarine;@CHEMICAL_Margarine;chemical;2.0
@CHEMICAL_Meclofenoxate;@CHEMICAL_Meclofenoxate;chemical;2.0
@CHEMICAL_Melibiose;@CHEMICAL_Melibiose;chemical;2.0
@CHEMICAL_Mephenytoin;@CHEMICAL_Mephenytoin;chemical;2.0
@CHEMICAL_Mersalyl;@CHEMICAL_Mersalyl;chemical;2.0
@CHEMICAL_Metalloporphyrins;@CHEMICAL_Metalloporphyrins;chemical;2.0
@CHEMICAL_Metaraminol;@CHEMICAL_Metaraminol;chemical;2.0
@CHEMICAL_Methacycline;@CHEMICAL_Methacycline;chemical;2.0
@CHEMICAL_Methocarbamol;@CHEMICAL_Methocarbamol;chemical;2.0
@CHEMICAL_Methotrimeprazine;@CHEMICAL_Methotrimeprazine;chemical;2.0
@CHEMICAL_Methyl_Green;@CHEMICAL_Methyl_Green;chemical;2.0
@CHEMICAL_Methylphenazonium_Methosulfate;@CHEMICAL_Methylphenazonium_Methosulfate;chemical;2.0
@CHEMICAL_Mezlocillin;@CHEMICAL_Mezlocillin;chemical;2.0
@CHEMICAL_Mg_Al_Zn_Mn_Si_Cu_alloy;@CHEMICAL_Mg_Al_Zn_Mn_Si_Cu_alloy;chemical;2.0
@CHEMICAL_MitoSox_Red;@CHEMICAL_MitoSox_Red;chemical;2.0
@CHEMICAL_Mitotane;@CHEMICAL_Mitotane;chemical;2.0
@CHEMICAL_Muromonab_CD3;@CHEMICAL_Muromonab_CD3;chemical;2.0
@CHEMICAL_N(1)_acetylphenylhydrazine;@CHEMICAL_N(1)_acetylphenylhydrazine;chemical;2.0
@CHEMICAL_N(6)_N(6)_dimethyladenosine;@CHEMICAL_N(6)_N(6)_dimethyladenosine;chemical;2.0
@CHEMICAL_N(6)_cyclohexyladenosine;@CHEMICAL_N(6)_cyclohexyladenosine;chemical;2.0
@CHEMICAL_N(alpha)_lauroylarginine_ethyl_ester;@CHEMICAL_N(alpha)_lauroylarginine_ethyl_ester;chemical;2.0
@CHEMICAL_NMS_P118;@CHEMICAL_NMS_P118;chemical;2.0
@CHEMICAL_NPC_16;@CHEMICAL_NPC_16;chemical;2.0
@CHEMICAL_NPI_2358;@CHEMICAL_NPI_2358;chemical;2.0
@CHEMICAL_NSC_632839;@CHEMICAL_NSC_632839;chemical;2.0
@CHEMICAL_NUC_1031;@CHEMICAL_NUC_1031;chemical;2.0
@CHEMICAL_N_(3_propylcarbamoyloxirane_2_carbonyl)_isoleucyl_proline;@CHEMICAL_N_(3_propylcarbamoyloxirane_2_carbonyl)_isoleucyl_proline;chemical;2.0
@CHEMICAL_N_(4_hydroxyphenyl)arachidonylamide;@CHEMICAL_N_(4_hydroxyphenyl)arachidonylamide;chemical;2.0
@CHEMICAL_N_(6_(2_aminophenylamino)_6_oxohexyl)_4_methylbenzamide;@CHEMICAL_N_(6_(2_aminophenylamino)_6_oxohexyl)_4_methylbenzamide;chemical;2.0
@CHEMICAL_N_7_GAGua;@CHEMICAL_N_7_GAGua;chemical;2.0
@CHEMICAL_N_N'_bis((2_chloroethyl)nitrosocarbamoyl)cystamine;@CHEMICAL_N_N'_bis((2_chloroethyl)nitrosocarbamoyl)cystamine;chemical;2.0
@CHEMICAL_N_N_carbonyldiimidazole;@CHEMICAL_N_N_carbonyldiimidazole;chemical;2.0
@CHEMICAL_N_N_dicyclohexyl_isoborneol_10_sulfonamide;@CHEMICAL_N_N_dicyclohexyl_isoborneol_10_sulfonamide;chemical;2.0
@CHEMICAL_N_N_diethyl_4_phenylenediamine;@CHEMICAL_N_N_diethyl_4_phenylenediamine;chemical;2.0
@CHEMICAL_N_acetoacetyl_N_deacetylcolchicine;@CHEMICAL_N_acetoacetyl_N_deacetylcolchicine;chemical;2.0
@CHEMICAL_N_acetyl_S_(2_carbamoyl_2_hydroxyethyl)_L_cysteine;@CHEMICAL_N_acetyl_S_(2_carbamoyl_2_hydroxyethyl)_L_cysteine;chemical;2.0
@CHEMICAL_N_acetyllactosamine;@CHEMICAL_N_acetyllactosamine;chemical;2.0
@CHEMICAL_N_acetylmannosamine;@CHEMICAL_N_acetylmannosamine;chemical;2.0
@CHEMICAL_N_benzyl_N_N_dimethylamine;@CHEMICAL_N_benzyl_N_N_dimethylamine;chemical;2.0
@CHEMICAL_N_butyrylglycine;@CHEMICAL_N_butyrylglycine;chemical;2.0
@CHEMICAL_N_end_cysteine_peptide_tumor_homing_peptide;@CHEMICAL_N_end_cysteine_peptide_tumor_homing_peptide;chemical;2.0
@CHEMICAL_N_ethyl_N_(2_hydroxy_3_sulfopropyl)_3_toluidine;@CHEMICAL_N_ethyl_N_(2_hydroxy_3_sulfopropyl)_3_toluidine;chemical;2.0
@CHEMICAL_N_ethyl_N_methyl_2_methylsufinylpropanamide;@CHEMICAL_N_ethyl_N_methyl_2_methylsufinylpropanamide;chemical;2.0
@CHEMICAL_N_feruloylserotonin;@CHEMICAL_N_feruloylserotonin;chemical;2.0
@CHEMICAL_N_halamine;@CHEMICAL_N_halamine;chemical;2.0
@CHEMICAL_N_hexanoic_Tyr_Ile_(6)_aminohexanoic_amide;@CHEMICAL_N_hexanoic_Tyr_Ile_(6)_aminohexanoic_amide;chemical;2.0
@CHEMICAL_N_isovalerylglycine;@CHEMICAL_N_isovalerylglycine;chemical;2.0
@CHEMICAL_N_methyl_3_(1_(4_(piperazin_1_yl)phenyl)_5_(4'_(trifluoromethyl)_(1_1'_biphenyl)_4_yl)_1H_pyrazol_3_yl)propanamide;@CHEMICAL_N_methyl_3_(1_(4_(piperazin_1_yl)phenyl)_5_(4'_(trifluoromethyl)_(1_1'_biphenyl)_4_yl)_1H_pyrazol_3_yl)propanamide;chemical;2.0
@CHEMICAL_N_methyl_N_(3_((2_(2_oxo_2_3_dihydro_1H_indol_5_ylamino)_5_trifluoromethyl_pyrimidin_4_ylamino)_methyl)_pyridin_2_yl)_methanesulfonamide;@CHEMICAL_N_methyl_N_(3_((2_(2_oxo_2_3_dihydro_1H_indol_5_ylamino)_5_trifluoromethyl_pyrimidin_4_ylamino)_methyl)_pyridin_2_yl)_methanesulfonamide;chemical;2.0
@CHEMICAL_N_methyl_N_benzylnitrosamine;@CHEMICAL_N_methyl_N_benzylnitrosamine;chemical;2.0
@CHEMICAL_N_methyldiethanolamine;@CHEMICAL_N_methyldiethanolamine;chemical;2.0
@CHEMICAL_N_methylprotoporphyrin_IX;@CHEMICAL_N_methylprotoporphyrin_IX;chemical;2.0
@CHEMICAL_N_methylpyrrolidone;@CHEMICAL_N_methylpyrrolidone;chemical;2.0
@CHEMICAL_N_nitrosopiperidine;@CHEMICAL_N_nitrosopiperidine;chemical;2.0
@CHEMICAL_N_phenylacetylphenylalanine;@CHEMICAL_N_phenylacetylphenylalanine;chemical;2.0
@CHEMICAL_N_vinylimidazole;@CHEMICAL_N_vinylimidazole;chemical;2.0
@CHEMICAL_NaGdF4;@CHEMICAL_NaGdF4;chemical;2.0
@CHEMICAL_Nalorphine;@CHEMICAL_Nalorphine;chemical;2.0
@CHEMICAL_Nanogels;@CHEMICAL_Nanogels;chemical;2.0
@CHEMICAL_Naphthalenes;@CHEMICAL_Naphthalenes;chemical;2.0
@CHEMICAL_Naphthalimides;@CHEMICAL_Naphthalimides;chemical;2.0
@CHEMICAL_Naphthols;@CHEMICAL_Naphthols;chemical;2.0
@CHEMICAL_Nelfinavir;@CHEMICAL_Nelfinavir;chemical;2.0
@CHEMICAL_Nogalamycin;@CHEMICAL_Nogalamycin;chemical;2.0
@CHEMICAL_Nonidet_P_40;@CHEMICAL_Nonidet_P_40;chemical;2.0
@CHEMICAL_OAP_protocol;@CHEMICAL_OAP_protocol;chemical;2.0
@CHEMICAL_ONO2506;@CHEMICAL_ONO2506;chemical;2.0
@CHEMICAL_Opipramol;@CHEMICAL_Opipramol;chemical;2.0
@CHEMICAL_Ornidazole;@CHEMICAL_Ornidazole;chemical;2.0
@CHEMICAL_Oxamic_Acid;@CHEMICAL_Oxamic_Acid;chemical;2.0
@CHEMICAL_Oxazolidinones;@CHEMICAL_Oxazolidinones;chemical;2.0
@CHEMICAL_PAMAM_Starburst;@CHEMICAL_PAMAM_Starburst;chemical;2.0
@CHEMICAL_PD_173074;@CHEMICAL_PD_173074;chemical;2.0
@CHEMICAL_PFL_protocol;@CHEMICAL_PFL_protocol;chemical;2.0
@CHEMICAL_PK_11195;@CHEMICAL_PK_11195;chemical;2.0
@CHEMICAL_PRG_Barrier_Coat;@CHEMICAL_PRG_Barrier_Coat;chemical;2.0
@CHEMICAL_PS_15;@CHEMICAL_PS_15;chemical;2.0
@CHEMICAL_PT2399;@CHEMICAL_PT2399;chemical;2.0
@CHEMICAL_Pactamycin;@CHEMICAL_Pactamycin;chemical;2.0
@CHEMICAL_Paromomycin;@CHEMICAL_Paromomycin;chemical;2.0
@CHEMICAL_Pentagastrin;@CHEMICAL_Pentagastrin;chemical;2.0
@CHEMICAL_Peptichemio;@CHEMICAL_Peptichemio;chemical;2.0
@CHEMICAL_Pevisone;@CHEMICAL_Pevisone;chemical;2.0
@CHEMICAL_Phentermine;@CHEMICAL_Phentermine;chemical;2.0
@CHEMICAL_Phleomycins;@CHEMICAL_Phleomycins;chemical;2.0
@CHEMICAL_Phosphatidylinositol_Phosphates;@CHEMICAL_Phosphatidylinositol_Phosphates;chemical;2.0
@CHEMICAL_Phosphoric_Acids;@CHEMICAL_Phosphoric_Acids;chemical;2.0
@CHEMICAL_Phycobilins;@CHEMICAL_Phycobilins;chemical;2.0
@CHEMICAL_Phytanic_Acid;@CHEMICAL_Phytanic_Acid;chemical;2.0
@CHEMICAL_Picryl_Chloride;@CHEMICAL_Picryl_Chloride;chemical;2.0
@CHEMICAL_Piribedil;@CHEMICAL_Piribedil;chemical;2.0
@CHEMICAL_Plasma_Gases;@CHEMICAL_Plasma_Gases;chemical;2.0
@CHEMICAL_Plasmalyte_A;@CHEMICAL_Plasmalyte_A;chemical;2.0
@CHEMICAL_Poly_dA_dT;@CHEMICAL_Poly_dA_dT;chemical;2.0
@CHEMICAL_Polyprenols;@CHEMICAL_Polyprenols;chemical;2.0
@CHEMICAL_Potassium_Acetate;@CHEMICAL_Potassium_Acetate;chemical;2.0
@CHEMICAL_Practolol;@CHEMICAL_Practolol;chemical;2.0
@CHEMICAL_Prometryne;@CHEMICAL_Prometryne;chemical;2.0
@CHEMICAL_Protriptyline;@CHEMICAL_Protriptyline;chemical;2.0
@CHEMICAL_Pteroylpolyglutamic_Acids;@CHEMICAL_Pteroylpolyglutamic_Acids;chemical;2.0
@CHEMICAL_Pulsatilla_saponin_A;@CHEMICAL_Pulsatilla_saponin_A;chemical;2.0
@CHEMICAL_Purine_Nucleosides;@CHEMICAL_Purine_Nucleosides;chemical;2.0
@CHEMICAL_Puromycin_Aminonucleoside;@CHEMICAL_Puromycin_Aminonucleoside;chemical;2.0
@CHEMICAL_Pyridoxal;@CHEMICAL_Pyridoxal;chemical;2.0
@CHEMICAL_Pyrimidine_Dimers;@CHEMICAL_Pyrimidine_Dimers;chemical;2.0
@CHEMICAL_Pyrimidinones;@CHEMICAL_Pyrimidinones;chemical;2.0
@CHEMICAL_Quinolizidine_Alkaloids;@CHEMICAL_Quinolizidine_Alkaloids;chemical;2.0
@CHEMICAL_Quinpirole;@CHEMICAL_Quinpirole;chemical;2.0
@CHEMICAL_RG7112;@CHEMICAL_RG7112;chemical;2.0
@CHEMICAL_RN_1747;@CHEMICAL_RN_1747;chemical;2.0
@CHEMICAL_RO_3306;@CHEMICAL_RO_3306;chemical;2.0
@CHEMICAL_RP_697;@CHEMICAL_RP_697;chemical;2.0
@CHEMICAL_RS_102895;@CHEMICAL_RS_102895;chemical;2.0
@CHEMICAL_Rabeprazole;@CHEMICAL_Rabeprazole;chemical;2.0
@CHEMICAL_Radioisotopes;@CHEMICAL_Radioisotopes;chemical;2.0
@CHEMICAL_Rhamnogalacturonans;@CHEMICAL_Rhamnogalacturonans;chemical;2.0
@CHEMICAL_Ribonucleotides;@CHEMICAL_Ribonucleotides;chemical;2.0
@CHEMICAL_Rilpivirine;@CHEMICAL_Rilpivirine;chemical;2.0
@CHEMICAL_Ritodrine;@CHEMICAL_Ritodrine;chemical;2.0
@CHEMICAL_Ryanodine;@CHEMICAL_Ryanodine;chemical;2.0
@CHEMICAL_SB_271046;@CHEMICAL_SB_271046;chemical;2.0
@CHEMICAL_SB_290157;@CHEMICAL_SB_290157;chemical;2.0
@CHEMICAL_SB_611812;@CHEMICAL_SB_611812;chemical;2.0
@CHEMICAL_SCIO_469;@CHEMICAL_SCIO_469;chemical;2.0
@CHEMICAL_SD_208;@CHEMICAL_SD_208;chemical;2.0
@CHEMICAL_SEW2871;@CHEMICAL_SEW2871;chemical;2.0
@CHEMICAL_SH045;@CHEMICAL_SH045;chemical;2.0
@CHEMICAL_SPD_304;@CHEMICAL_SPD_304;chemical;2.0
@CHEMICAL_SQ_29548;@CHEMICAL_SQ_29548;chemical;2.0
@CHEMICAL_SRS_A;@CHEMICAL_SRS_A;chemical;2.0
@CHEMICAL_SR_12813;@CHEMICAL_SR_12813;chemical;2.0
@CHEMICAL_SR_8278;@CHEMICAL_SR_8278;chemical;2.0
@CHEMICAL_STF_31;@CHEMICAL_STF_31;chemical;2.0
@CHEMICAL_SU_6656;@CHEMICAL_SU_6656;chemical;2.0
@CHEMICAL_S_(4_nitrobenzyl)glutathione;@CHEMICAL_S_(4_nitrobenzyl)glutathione;chemical;2.0
@CHEMICAL_S_Nitroso_N_Acetylpenicillamine;@CHEMICAL_S_Nitroso_N_Acetylpenicillamine;chemical;2.0
@CHEMICAL_Saralasin;@CHEMICAL_Saralasin;chemical;2.0
@CHEMICAL_Sizofiran;@CHEMICAL_Sizofiran;chemical;2.0
@CHEMICAL_Sodium_22;@CHEMICAL_Sodium_22;chemical;2.0
@CHEMICAL_Sterigmatocystin;@CHEMICAL_Sterigmatocystin;chemical;2.0
@CHEMICAL_Strontium_90;@CHEMICAL_Strontium_90;chemical;2.0
@CHEMICAL_Succinates;@CHEMICAL_Succinates;chemical;2.0
@CHEMICAL_Sugar_Acids;@CHEMICAL_Sugar_Acids;chemical;2.0
@CHEMICAL_Sugar_Phosphates;@CHEMICAL_Sugar_Phosphates;chemical;2.0
@CHEMICAL_Sulfameter;@CHEMICAL_Sulfameter;chemical;2.0
@CHEMICAL_Sulfathiazole;@CHEMICAL_Sulfathiazole;chemical;2.0
@CHEMICAL_Sulfenic_Acids;@CHEMICAL_Sulfenic_Acids;chemical;2.0
@CHEMICAL_Sulfuric_Acids;@CHEMICAL_Sulfuric_Acids;chemical;2.0
@CHEMICAL_T0901317;@CHEMICAL_T0901317;chemical;2.0
@CHEMICAL_TAK_243;@CHEMICAL_TAK_243;chemical;2.0
@CHEMICAL_TBP1901;@CHEMICAL_TBP1901;chemical;2.0
@CHEMICAL_TOPS;@CHEMICAL_TOPS;chemical;2.0
@CHEMICAL_TRPV4_inhibitor_HC067047;@CHEMICAL_TRPV4_inhibitor_HC067047;chemical;2.0
@CHEMICAL_TVB_2640;@CHEMICAL_TVB_2640;chemical;2.0
@CHEMICAL_Temazepam;@CHEMICAL_Temazepam;chemical;2.0
@CHEMICAL_Terphenyl_Compounds;@CHEMICAL_Terphenyl_Compounds;chemical;2.0
@CHEMICAL_Thiadiazoles;@CHEMICAL_Thiadiazoles;chemical;2.0
@CHEMICAL_Thiocarbamates;@CHEMICAL_Thiocarbamates;chemical;2.0
@CHEMICAL_Thiophanate;@CHEMICAL_Thiophanate;chemical;2.0
@CHEMICAL_Tiapride_Hydrochloride;@CHEMICAL_Tiapride_Hydrochloride;chemical;2.0
@CHEMICAL_Ticrynafen;@CHEMICAL_Ticrynafen;chemical;2.0
@CHEMICAL_Tolbutamide;@CHEMICAL_Tolbutamide;chemical;2.0
@CHEMICAL_Tolmetin;@CHEMICAL_Tolmetin;chemical;2.0
@CHEMICAL_Trabectedin;@CHEMICAL_Trabectedin;chemical;2.0
@CHEMICAL_Tragacanth;@CHEMICAL_Tragacanth;chemical;2.0
@CHEMICAL_Trapidil;@CHEMICAL_Trapidil;chemical;2.0
@CHEMICAL_Travoprost;@CHEMICAL_Travoprost;chemical;2.0
@CHEMICAL_Triazolam;@CHEMICAL_Triazolam;chemical;2.0
@CHEMICAL_Trichlorfon;@CHEMICAL_Trichlorfon;chemical;2.0
@CHEMICAL_Trp_Lys_Tyr_Met_Val_Met;@CHEMICAL_Trp_Lys_Tyr_Met_Val_Met;chemical;2.0
@CHEMICAL_UV328;@CHEMICAL_UV328;chemical;2.0
@CHEMICAL_VA_061;@CHEMICAL_VA_061;chemical;2.0
@CHEMICAL_VTP50469;@CHEMICAL_VTP50469;chemical;2.0
@CHEMICAL_Valproic_acid_antenatal_infection;@CHEMICAL_Valproic_acid_antenatal_infection;chemical;2.0
@CHEMICAL_Vitamin_U;@CHEMICAL_Vitamin_U;chemical;2.0
@CHEMICAL_WIN_62577;@CHEMICAL_WIN_62577;chemical;2.0
@CHEMICAL_W_7;@CHEMICAL_W_7;chemical;2.0
@CHEMICAL_XCT790;@CHEMICAL_XCT790;chemical;2.0
@CHEMICAL_YH_439;@CHEMICAL_YH_439;chemical;2.0
@CHEMICAL_YM_254890;@CHEMICAL_YM_254890;chemical;2.0
@CHEMICAL_Ytterbium;@CHEMICAL_Ytterbium;chemical;2.0
@CHEMICAL_Zanamivir;@CHEMICAL_Zanamivir;chemical;2.0
@CHEMICAL_Zolpidem;@CHEMICAL_Zolpidem;chemical;2.0
@CHEMICAL_acetaminophen_glucuronide;@CHEMICAL_acetaminophen_glucuronide;chemical;2.0
@CHEMICAL_acetosulfame;@CHEMICAL_acetosulfame;chemical;2.0
@CHEMICAL_acetylsalicylic_acid_lysinate;@CHEMICAL_acetylsalicylic_acid_lysinate;chemical;2.0
@CHEMICAL_achillin;@CHEMICAL_achillin;chemical;2.0
@CHEMICAL_acid_orange_8;@CHEMICAL_acid_orange_8;chemical;2.0
@CHEMICAL_acidified_zeolitic_imidazolate_framework_8;@CHEMICAL_acidified_zeolitic_imidazolate_framework_8;chemical;2.0
@CHEMICAL_aclonifen;@CHEMICAL_aclonifen;chemical;2.0
@CHEMICAL_actinorhodin;@CHEMICAL_actinorhodin;chemical;2.0
@CHEMICAL_acutissimalignan_B;@CHEMICAL_acutissimalignan_B;chemical;2.0
@CHEMICAL_adenosine_5'_phosphorothioate;@CHEMICAL_adenosine_5'_phosphorothioate;chemical;2.0
@CHEMICAL_adenylosuccinate;@CHEMICAL_adenylosuccinate;chemical;2.0
@CHEMICAL_aflatoxin_B1_2_3_oxide;@CHEMICAL_aflatoxin_B1_2_3_oxide;chemical;2.0
@CHEMICAL_afzelechin;@CHEMICAL_afzelechin;chemical;2.0
@CHEMICAL_akaganeite;@CHEMICAL_akaganeite;chemical;2.0
@CHEMICAL_alamandine;@CHEMICAL_alamandine;chemical;2.0
@CHEMICAL_alanosine;@CHEMICAL_alanosine;chemical;2.0
@CHEMICAL_alanyl_glutamyl_aspartyl_glycine;@CHEMICAL_alanyl_glutamyl_aspartyl_glycine;chemical;2.0
@CHEMICAL_alanylglutamine;@CHEMICAL_alanylglutamine;chemical;2.0
@CHEMICAL_alanylhistidine;@CHEMICAL_alanylhistidine;chemical;2.0
@CHEMICAL_alanyltyrosine;@CHEMICAL_alanyltyrosine;chemical;2.0
@CHEMICAL_alarin;@CHEMICAL_alarin;chemical;2.0
@CHEMICAL_allyl_alcohol;@CHEMICAL_allyl_alcohol;chemical;2.0
@CHEMICAL_allyl_bromide;@CHEMICAL_allyl_bromide;chemical;2.0
@CHEMICAL_alpha_Methyltyrosine;@CHEMICAL_alpha_Methyltyrosine;chemical;2.0
@CHEMICAL_alpha_amyrin;@CHEMICAL_alpha_amyrin;chemical;2.0
@CHEMICAL_alpha_cryptoxanthin;@CHEMICAL_alpha_cryptoxanthin;chemical;2.0
@CHEMICAL_alpha_keto_delta_guanidinovaleric_acid;@CHEMICAL_alpha_keto_delta_guanidinovaleric_acid;chemical;2.0
@CHEMICAL_alpha_ketoadipic_acid;@CHEMICAL_alpha_ketoadipic_acid;chemical;2.0
@CHEMICAL_alpha_methylene_gamma_butyrolactone;@CHEMICAL_alpha_methylene_gamma_butyrolactone;chemical;2.0
@CHEMICAL_alpha_phenylacetoacetonitrile;@CHEMICAL_alpha_phenylacetoacetonitrile;chemical;2.0
@CHEMICAL_alpha_pyrrolidinohexiophenone;@CHEMICAL_alpha_pyrrolidinohexiophenone;chemical;2.0
@CHEMICAL_alpha_tocopheramine;@CHEMICAL_alpha_tocopheramine;chemical;2.0
@CHEMICAL_alpha_tocotrienol_quinone;@CHEMICAL_alpha_tocotrienol_quinone;chemical;2.0
@CHEMICAL_alpha_toxicarol;@CHEMICAL_alpha_toxicarol;chemical;2.0
@CHEMICAL_alpha_tricalcium_phosphate;@CHEMICAL_alpha_tricalcium_phosphate;chemical;2.0
@CHEMICAL_alternagin_C;@CHEMICAL_alternagin_C;chemical;2.0
@CHEMICAL_aluminum_gallium_nitride;@CHEMICAL_aluminum_gallium_nitride;chemical;2.0
@CHEMICAL_aluminum_magnesium_oxide;@CHEMICAL_aluminum_magnesium_oxide;chemical;2.0
@CHEMICAL_amberlyst_A21;@CHEMICAL_amberlyst_A21;chemical;2.0
@CHEMICAL_amezinium;@CHEMICAL_amezinium;chemical;2.0
@CHEMICAL_aminoarabinose;@CHEMICAL_aminoarabinose;chemical;2.0
@CHEMICAL_aminoethoxyvinylglycine;@CHEMICAL_aminoethoxyvinylglycine;chemical;2.0
@CHEMICAL_aminomethylphosphonic_acid_(AMPA);@CHEMICAL_aminomethylphosphonic_acid_(AMPA);chemical;2.0
@CHEMICAL_ammonium_bicarbonate;@CHEMICAL_ammonium_bicarbonate;chemical;2.0
@CHEMICAL_ammonium_trichloro(dioxoethylene_O_O'_)tellurate;@CHEMICAL_ammonium_trichloro(dioxoethylene_O_O'_)tellurate;chemical;2.0
@CHEMICAL_androstane_3_17_dione;@CHEMICAL_androstane_3_17_dione;chemical;2.0
@CHEMICAL_anhydroicaritin;@CHEMICAL_anhydroicaritin;chemical;2.0
@CHEMICAL_annatto;@CHEMICAL_annatto;chemical;2.0
@CHEMICAL_antibiotic_G_418;@CHEMICAL_antibiotic_G_418;chemical;2.0
@CHEMICAL_antimony_trichloride;@CHEMICAL_antimony_trichloride;chemical;2.0
@CHEMICAL_apiin;@CHEMICAL_apiin;chemical;2.0
@CHEMICAL_aplysinopsin;@CHEMICAL_aplysinopsin;chemical;2.0
@CHEMICAL_apoptozole;@CHEMICAL_apoptozole;chemical;2.0
@CHEMICAL_aquacobalamin;@CHEMICAL_aquacobalamin;chemical;2.0
@CHEMICAL_arachidonyltrifluoromethane;@CHEMICAL_arachidonyltrifluoromethane;chemical;2.0
@CHEMICAL_arsenic_trisulfide;@CHEMICAL_arsenic_trisulfide;chemical;2.0
@CHEMICAL_arvanil;@CHEMICAL_arvanil;chemical;2.0
@CHEMICAL_asperphenamate;@CHEMICAL_asperphenamate;chemical;2.0
@CHEMICAL_asukamycin;@CHEMICAL_asukamycin;chemical;2.0
@CHEMICAL_atosiban;@CHEMICAL_atosiban;chemical;2.0
@CHEMICAL_auristatin;@CHEMICAL_auristatin;chemical;2.0
@CHEMICAL_avobenzone;@CHEMICAL_avobenzone;chemical;2.0
@CHEMICAL_azadirachtin;@CHEMICAL_azadirachtin;chemical;2.0
@CHEMICAL_azetidine;@CHEMICAL_azetidine;chemical;2.0
@CHEMICAL_azinox;@CHEMICAL_azinox;chemical;2.0
@CHEMICAL_azosemide;@CHEMICAL_azosemide;chemical;2.0
@CHEMICAL_azvudine;@CHEMICAL_azvudine;chemical;2.0
@CHEMICAL_bacillithiol;@CHEMICAL_bacillithiol;chemical;2.0
@CHEMICAL_bafilomycin_D;@CHEMICAL_bafilomycin_D;chemical;2.0
@CHEMICAL_basalt;@CHEMICAL_basalt;chemical;2.0
@CHEMICAL_belantamab_mafodotin;@CHEMICAL_belantamab_mafodotin;chemical;2.0
@CHEMICAL_bellidifolin;@CHEMICAL_bellidifolin;chemical;2.0
@CHEMICAL_benalfocin;@CHEMICAL_benalfocin;chemical;2.0
@CHEMICAL_bendazac_lysine;@CHEMICAL_bendazac_lysine;chemical;2.0
@CHEMICAL_bentiromide;@CHEMICAL_bentiromide;chemical;2.0
@CHEMICAL_benzathine_cefotaxime;@CHEMICAL_benzathine_cefotaxime;chemical;2.0
@CHEMICAL_benzenearsonic_acid;@CHEMICAL_benzenearsonic_acid;chemical;2.0
@CHEMICAL_benzimidazolone;@CHEMICAL_benzimidazolone;chemical;2.0
@CHEMICAL_benzoyl_chloride;@CHEMICAL_benzoyl_chloride;chemical;2.0
@CHEMICAL_benzyl_salicylate;@CHEMICAL_benzyl_salicylate;chemical;2.0
@CHEMICAL_benzyloxycarbonyltyrosylalanine_diazomethane;@CHEMICAL_benzyloxycarbonyltyrosylalanine_diazomethane;chemical;2.0
@CHEMICAL_bepotastine;@CHEMICAL_bepotastine;chemical;2.0
@CHEMICAL_beta_2'_deoxythioguanosine;@CHEMICAL_beta_2'_deoxythioguanosine;chemical;2.0
@CHEMICAL_beta_N_methylamino_L_alanine;@CHEMICAL_beta_N_methylamino_L_alanine;chemical;2.0
@CHEMICAL_beta_amyrin;@CHEMICAL_beta_amyrin;chemical;2.0
@CHEMICAL_beta_pinene;@CHEMICAL_beta_pinene;chemical;2.0
@CHEMICAL_biapenem;@CHEMICAL_biapenem;chemical;2.0
@CHEMICAL_bicyclopyrone;@CHEMICAL_bicyclopyrone;chemical;2.0
@CHEMICAL_bilastine;@CHEMICAL_bilastine;chemical;2.0
@CHEMICAL_bis(monochloroacetyl)ajmaline;@CHEMICAL_bis(monochloroacetyl)ajmaline;chemical;2.0
@CHEMICAL_bismuth_subgallate;@CHEMICAL_bismuth_subgallate;chemical;2.0
@CHEMICAL_blattellaquinone;@CHEMICAL_blattellaquinone;chemical;2.0
@CHEMICAL_bornyl_acetate;@CHEMICAL_bornyl_acetate;chemical;2.0
@CHEMICAL_boron_trifluoride_etherate;@CHEMICAL_boron_trifluoride_etherate;chemical;2.0
@CHEMICAL_brassinazole;@CHEMICAL_brassinazole;chemical;2.0
@CHEMICAL_brensocatib;@CHEMICAL_brensocatib;chemical;2.0
@CHEMICAL_brevifolincarboxylic_acid;@CHEMICAL_brevifolincarboxylic_acid;chemical;2.0
@CHEMICAL_brilliant_black_1;@CHEMICAL_brilliant_black_1;chemical;2.0
@CHEMICAL_brilliant_crocein;@CHEMICAL_brilliant_crocein;chemical;2.0
@CHEMICAL_bromobenzene;@CHEMICAL_bromobenzene;chemical;2.0
@CHEMICAL_bromochloroacetonitrile;@CHEMICAL_bromochloroacetonitrile;chemical;2.0
@CHEMICAL_bromopyruvate;@CHEMICAL_bromopyruvate;chemical;2.0
@CHEMICAL_butachlor;@CHEMICAL_butachlor;chemical;2.0
@CHEMICAL_butin;@CHEMICAL_butin;chemical;2.0
@CHEMICAL_butyraldehyde;@CHEMICAL_butyraldehyde;chemical;2.0
@CHEMICAL_cadmium_sulfate;@CHEMICAL_cadmium_sulfate;chemical;2.0
@CHEMICAL_calaspargase_pegol;@CHEMICAL_calaspargase_pegol;chemical;2.0
@CHEMICAL_calcium_ammonium_nitrate;@CHEMICAL_calcium_ammonium_nitrate;chemical;2.0
@CHEMICAL_calcium_carbide;@CHEMICAL_calcium_carbide;chemical;2.0
@CHEMICAL_calcium_magnesium_carbonate;@CHEMICAL_calcium_magnesium_carbonate;chemical;2.0
@CHEMICAL_calcium_phosphate_monobasic_anhydrous;@CHEMICAL_calcium_phosphate_monobasic_anhydrous;chemical;2.0
@CHEMICAL_calmagite;@CHEMICAL_calmagite;chemical;2.0
@CHEMICAL_calphostin_C;@CHEMICAL_calphostin_C;chemical;2.0
@CHEMICAL_calyculin_A;@CHEMICAL_calyculin_A;chemical;2.0
@CHEMICAL_capsiate;@CHEMICAL_capsiate;chemical;2.0
@CHEMICAL_captax;@CHEMICAL_captax;chemical;2.0
@CHEMICAL_carbinoxamine;@CHEMICAL_carbinoxamine;chemical;2.0
@CHEMICAL_carbohydrazide;@CHEMICAL_carbohydrazide;chemical;2.0
@CHEMICAL_carbovir_triphosphate;@CHEMICAL_carbovir_triphosphate;chemical;2.0
@CHEMICAL_carboxymethyl_dextran;@CHEMICAL_carboxymethyl_dextran;chemical;2.0
@CHEMICAL_carboxymethyl_guar_gum;@CHEMICAL_carboxymethyl_guar_gum;chemical;2.0
@CHEMICAL_carboxypeptidase_B_activation_peptide;@CHEMICAL_carboxypeptidase_B_activation_peptide;chemical;2.0
@CHEMICAL_carfentanil;@CHEMICAL_carfentanil;chemical;2.0
@CHEMICAL_carpaine;@CHEMICAL_carpaine;chemical;2.0
@CHEMICAL_carveol;@CHEMICAL_carveol;chemical;2.0
@CHEMICAL_cefditoren;@CHEMICAL_cefditoren;chemical;2.0
@CHEMICAL_cefepime_zidebactam;@CHEMICAL_cefepime_zidebactam;chemical;2.0
@CHEMICAL_cefpodoxime;@CHEMICAL_cefpodoxime;chemical;2.0
@CHEMICAL_centratherin;@CHEMICAL_centratherin;chemical;2.0
@CHEMICAL_ceragenins;@CHEMICAL_ceragenins;chemical;2.0
@CHEMICAL_ceramide_1_phosphate;@CHEMICAL_ceramide_1_phosphate;chemical;2.0
@CHEMICAL_cerium_phosphate;@CHEMICAL_cerium_phosphate;chemical;2.0
@CHEMICAL_chinese_ink;@CHEMICAL_chinese_ink;chemical;2.0
@CHEMICAL_chitosan_poly(gamma_glutamic_acid);@CHEMICAL_chitosan_poly(gamma_glutamic_acid);chemical;2.0
@CHEMICAL_chloric_acid;@CHEMICAL_chloric_acid;chemical;2.0
@CHEMICAL_chlorin_e6_triacetoxymethyl_ester;@CHEMICAL_chlorin_e6_triacetoxymethyl_ester;chemical;2.0
@CHEMICAL_chloro(5_10_15_20_tetraphenylporphyrinato)manganese(III);@CHEMICAL_chloro(5_10_15_20_tetraphenylporphyrinato)manganese(III);chemical;2.0
@CHEMICAL_chloroacetamide;@CHEMICAL_chloroacetamide;chemical;2.0
@CHEMICAL_chlorophyll_P_700;@CHEMICAL_chlorophyll_P_700;chemical;2.0
@CHEMICAL_chlorophyllide_a;@CHEMICAL_chlorophyllide_a;chemical;2.0
@CHEMICAL_chlorophyllide_b;@CHEMICAL_chlorophyllide_b;chemical;2.0
@CHEMICAL_cholecystokinin_8;@CHEMICAL_cholecystokinin_8;chemical;2.0
@CHEMICAL_cholesta_5_7_24_trien_3_beta_ol;@CHEMICAL_cholesta_5_7_24_trien_3_beta_ol;chemical;2.0
@CHEMICAL_cholesteryl_lignocerate;@CHEMICAL_cholesteryl_lignocerate;chemical;2.0
@CHEMICAL_cholesteryl_palmitate;@CHEMICAL_cholesteryl_palmitate;chemical;2.0
@CHEMICAL_chondroitin_sulfate_sodium_hyaluronate_drug_combination;@CHEMICAL_chondroitin_sulfate_sodium_hyaluronate_drug_combination;chemical;2.0
@CHEMICAL_chromium_dioxide;@CHEMICAL_chromium_dioxide;chemical;2.0
@CHEMICAL_chrysene;@CHEMICAL_chrysene;chemical;2.0
@CHEMICAL_chrysophanol_8_O_glucoside;@CHEMICAL_chrysophanol_8_O_glucoside;chemical;2.0
@CHEMICAL_ciglitazone;@CHEMICAL_ciglitazone;chemical;2.0
@CHEMICAL_cinchonidine;@CHEMICAL_cinchonidine;chemical;2.0
@CHEMICAL_cinnabar;@CHEMICAL_cinnabar;chemical;2.0
@CHEMICAL_clebopride;@CHEMICAL_clebopride;chemical;2.0
@CHEMICAL_clozapine_N_oxide;@CHEMICAL_clozapine_N_oxide;chemical;2.0
@CHEMICAL_co(polyether)polyurethane;@CHEMICAL_co(polyether)polyurethane;chemical;2.0
@CHEMICAL_cobaloxime;@CHEMICAL_cobaloxime;chemical;2.0
@CHEMICAL_cobaltous_nitrate;@CHEMICAL_cobaltous_nitrate;chemical;2.0
@CHEMICAL_codrituzumab;@CHEMICAL_codrituzumab;chemical;2.0
@CHEMICAL_coelenterazine;@CHEMICAL_coelenterazine;chemical;2.0
@CHEMICAL_coenzyme_F420;@CHEMICAL_coenzyme_F420;chemical;2.0
@CHEMICAL_colfosceril_palmitate;@CHEMICAL_colfosceril_palmitate;chemical;2.0
@CHEMICAL_copper(II)_citrate;@CHEMICAL_copper(II)_citrate;chemical;2.0
@CHEMICAL_copper_phthalocyanine;@CHEMICAL_copper_phthalocyanine;chemical;2.0
@CHEMICAL_copper_protoporphyrin_IX;@CHEMICAL_copper_protoporphyrin_IX;chemical;2.0
@CHEMICAL_corynoxine_B;@CHEMICAL_corynoxine_B;chemical;2.0
@CHEMICAL_coumarin_343;@CHEMICAL_coumarin_343;chemical;2.0
@CHEMICAL_crizanlizumab;@CHEMICAL_crizanlizumab;chemical;2.0
@CHEMICAL_cryolite;@CHEMICAL_cryolite;chemical;2.0
@CHEMICAL_cryptolepine;@CHEMICAL_cryptolepine;chemical;2.0
@CHEMICAL_cuprous_ion;@CHEMICAL_cuprous_ion;chemical;2.0
@CHEMICAL_curcumenol;@CHEMICAL_curcumenol;chemical;2.0
@CHEMICAL_cyanidin_3_rutinoside;@CHEMICAL_cyanidin_3_rutinoside;chemical;2.0
@CHEMICAL_cyanoacetic_acid;@CHEMICAL_cyanoacetic_acid;chemical;2.0
@CHEMICAL_cyclen;@CHEMICAL_cyclen;chemical;2.0
@CHEMICAL_cyclo(prolyl_valyl);@CHEMICAL_cyclo(prolyl_valyl);chemical;2.0
@CHEMICAL_cyclo_(L_Pro_L_Phe);@CHEMICAL_cyclo_(L_Pro_L_Phe);chemical;2.0
@CHEMICAL_cyclobenzaprine;@CHEMICAL_cyclobenzaprine;chemical;2.0
@CHEMICAL_cyclohexanecarboxylic_acid;@CHEMICAL_cyclohexanecarboxylic_acid;chemical;2.0
@CHEMICAL_cycloxydim;@CHEMICAL_cycloxydim;chemical;2.0
@CHEMICAL_cysteine_persulfide;@CHEMICAL_cysteine_persulfide;chemical;2.0
@CHEMICAL_cytidine_5'_monophosphate_3_deoxy_manno_octulosonic_acid;@CHEMICAL_cytidine_5'_monophosphate_3_deoxy_manno_octulosonic_acid;chemical;2.0
@CHEMICAL_danicopan;@CHEMICAL_danicopan;chemical;2.0
@CHEMICAL_daphnoretin;@CHEMICAL_daphnoretin;chemical;2.0
@CHEMICAL_davunetide;@CHEMICAL_davunetide;chemical;2.0
@CHEMICAL_decanaldehyde;@CHEMICAL_decanaldehyde;chemical;2.0
@CHEMICAL_dechlorane_plus;@CHEMICAL_dechlorane_plus;chemical;2.0
@CHEMICAL_dehydrotanshinone_II_A;@CHEMICAL_dehydrotanshinone_II_A;chemical;2.0
@CHEMICAL_delgocitinib;@CHEMICAL_delgocitinib;chemical;2.0
@CHEMICAL_delta_cadinene;@CHEMICAL_delta_cadinene;chemical;2.0
@CHEMICAL_deoxyshikonin;@CHEMICAL_deoxyshikonin;chemical;2.0
@CHEMICAL_dexamethasone_acetate;@CHEMICAL_dexamethasone_acetate;chemical;2.0
@CHEMICAL_dexamisole;@CHEMICAL_dexamisole;chemical;2.0
@CHEMICAL_diazene;@CHEMICAL_diazene;chemical;2.0
@CHEMICAL_diazoresin;@CHEMICAL_diazoresin;chemical;2.0
@CHEMICAL_dibenzyl_ether;@CHEMICAL_dibenzyl_ether;chemical;2.0
@CHEMICAL_dichlorobis(azomycin)platinum_II;@CHEMICAL_dichlorobis(azomycin)platinum_II;chemical;2.0
@CHEMICAL_dichlorofluoromethane;@CHEMICAL_dichlorofluoromethane;chemical;2.0
@CHEMICAL_diclazuril;@CHEMICAL_diclazuril;chemical;2.0
@CHEMICAL_diclofenac_hydroxyethylpyrrolidine;@CHEMICAL_diclofenac_hydroxyethylpyrrolidine;chemical;2.0
@CHEMICAL_dicyandiamido;@CHEMICAL_dicyandiamido;chemical;2.0
@CHEMICAL_dicyanmethane;@CHEMICAL_dicyanmethane;chemical;2.0
@CHEMICAL_dicyclohexyl_phthalate;@CHEMICAL_dicyclohexyl_phthalate;chemical;2.0
@CHEMICAL_diethylene_glycol;@CHEMICAL_diethylene_glycol;chemical;2.0
@CHEMICAL_difructose_anhydride_III;@CHEMICAL_difructose_anhydride_III;chemical;2.0
@CHEMICAL_dihydrofolate;@CHEMICAL_dihydrofolate;chemical;2.0
@CHEMICAL_dihydrosterculic_acid;@CHEMICAL_dihydrosterculic_acid;chemical;2.0
@CHEMICAL_dihydrouracil;@CHEMICAL_dihydrouracil;chemical;2.0
@CHEMICAL_diisobutyl_ketone;@CHEMICAL_diisobutyl_ketone;chemical;2.0
@CHEMICAL_diisopropylamine_dichloroacetate;@CHEMICAL_diisopropylamine_dichloroacetate;chemical;2.0
@CHEMICAL_diketopyrrolopyrrole_dye;@CHEMICAL_diketopyrrolopyrrole_dye;chemical;2.0
@CHEMICAL_dimethylmethylene_blue;@CHEMICAL_dimethylmethylene_blue;chemical;2.0
@CHEMICAL_dimethyloxallyl_glycine;@CHEMICAL_dimethyloxallyl_glycine;chemical;2.0
@CHEMICAL_diminazene_aceturate;@CHEMICAL_diminazene_aceturate;chemical;2.0
@CHEMICAL_dinotefuran;@CHEMICAL_dinotefuran;chemical;2.0
@CHEMICAL_dioctyl_adipate;@CHEMICAL_dioctyl_adipate;chemical;2.0
@CHEMICAL_dioleoyl_phosphatidylethanolamine;@CHEMICAL_dioleoyl_phosphatidylethanolamine;chemical;2.0
@CHEMICAL_dioxetanone;@CHEMICAL_dioxetanone;chemical;2.0
@CHEMICAL_diphenyltin;@CHEMICAL_diphenyltin;chemical;2.0
@CHEMICAL_diplacone;@CHEMICAL_diplacone;chemical;2.0
@CHEMICAL_direct_blue_6;@CHEMICAL_direct_blue_6;chemical;2.0
@CHEMICAL_disialyllacto_N_tetraose;@CHEMICAL_disialyllacto_N_tetraose;chemical;2.0
@CHEMICAL_dodecamethylcyclohexasiloxane;@CHEMICAL_dodecamethylcyclohexasiloxane;chemical;2.0
@CHEMICAL_doravirine;@CHEMICAL_doravirine;chemical;2.0
@CHEMICAL_ecgonine;@CHEMICAL_ecgonine;chemical;2.0
@CHEMICAL_ecgonine_methyl_ester;@CHEMICAL_ecgonine_methyl_ester;chemical;2.0
@CHEMICAL_elobixibat;@CHEMICAL_elobixibat;chemical;2.0
@CHEMICAL_emicizumab;@CHEMICAL_emicizumab;chemical;2.0
@CHEMICAL_emvododstat;@CHEMICAL_emvododstat;chemical;2.0
@CHEMICAL_epidithiodiketopiperazine;@CHEMICAL_epidithiodiketopiperazine;chemical;2.0
@CHEMICAL_epiglucan;@CHEMICAL_epiglucan;chemical;2.0
@CHEMICAL_epimedin_C;@CHEMICAL_epimedin_C;chemical;2.0
@CHEMICAL_epoxiconazole;@CHEMICAL_epoxiconazole;chemical;2.0
@CHEMICAL_epoxidized_soybean_oil;@CHEMICAL_epoxidized_soybean_oil;chemical;2.0
@CHEMICAL_erbium_oxide;@CHEMICAL_erbium_oxide;chemical;2.0
@CHEMICAL_erythro_guaiacylglycerol_beta_ferulic_acid_ether;@CHEMICAL_erythro_guaiacylglycerol_beta_ferulic_acid_ether;chemical;2.0
@CHEMICAL_erythronic_acid;@CHEMICAL_erythronic_acid;chemical;2.0
@CHEMICAL_erythrose_4_phosphate;@CHEMICAL_erythrose_4_phosphate;chemical;2.0
@CHEMICAL_etafilcon;@CHEMICAL_etafilcon;chemical;2.0
@CHEMICAL_ethion;@CHEMICAL_ethion;chemical;2.0
@CHEMICAL_ethyl_3_mercaptopropionate;@CHEMICAL_ethyl_3_mercaptopropionate;chemical;2.0
@CHEMICAL_ethyl_hexanoate;@CHEMICAL_ethyl_hexanoate;chemical;2.0
@CHEMICAL_ethyl_isovalerate;@CHEMICAL_ethyl_isovalerate;chemical;2.0
@CHEMICAL_ethyl_lactate;@CHEMICAL_ethyl_lactate;chemical;2.0
@CHEMICAL_ethyl_tert_butyl_ether;@CHEMICAL_ethyl_tert_butyl_ether;chemical;2.0
@CHEMICAL_ethylbenzene_hydroperoxide;@CHEMICAL_ethylbenzene_hydroperoxide;chemical;2.0
@CHEMICAL_ethylenevinylacetate_copolymer;@CHEMICAL_ethylenevinylacetate_copolymer;chemical;2.0
@CHEMICAL_evocalcet;@CHEMICAL_evocalcet;chemical;2.0
@CHEMICAL_fedratinib;@CHEMICAL_fedratinib;chemical;2.0
@CHEMICAL_feldspar;@CHEMICAL_feldspar;chemical;2.0
@CHEMICAL_fenuron;@CHEMICAL_fenuron;chemical;2.0
@CHEMICAL_ferrate_ion;@CHEMICAL_ferrate_ion;chemical;2.0
@CHEMICAL_ferrioxalate;@CHEMICAL_ferrioxalate;chemical;2.0
@CHEMICAL_ferrioxamine_B;@CHEMICAL_ferrioxamine_B;chemical;2.0
@CHEMICAL_ferrous_phthalocyanine;@CHEMICAL_ferrous_phthalocyanine;chemical;2.0
@CHEMICAL_ferulaldehyde;@CHEMICAL_ferulaldehyde;chemical;2.0
@CHEMICAL_fialuridine;@CHEMICAL_fialuridine;chemical;2.0
@CHEMICAL_flexirubins;@CHEMICAL_flexirubins;chemical;2.0
@CHEMICAL_fluazifop_butyl;@CHEMICAL_fluazifop_butyl;chemical;2.0
@CHEMICAL_flubendiamide;@CHEMICAL_flubendiamide;chemical;2.0
@CHEMICAL_flunixin;@CHEMICAL_flunixin;chemical;2.0
@CHEMICAL_fluorene_9_bisphenol;@CHEMICAL_fluorene_9_bisphenol;chemical;2.0
@CHEMICAL_fluorexon;@CHEMICAL_fluorexon;chemical;2.0
@CHEMICAL_fluoro_jade;@CHEMICAL_fluoro_jade;chemical;2.0
@CHEMICAL_flurbiprofen_axetil;@CHEMICAL_flurbiprofen_axetil;chemical;2.0
@CHEMICAL_flusilazole;@CHEMICAL_flusilazole;chemical;2.0
@CHEMICAL_fluticasone_furoate;@CHEMICAL_fluticasone_furoate;chemical;2.0
@CHEMICAL_fluzoparib;@CHEMICAL_fluzoparib;chemical;2.0
@CHEMICAL_fomesafen;@CHEMICAL_fomesafen;chemical;2.0
@CHEMICAL_fonazine;@CHEMICAL_fonazine;chemical;2.0
@CHEMICAL_formaldehyde_hydrazone;@CHEMICAL_formaldehyde_hydrazone;chemical;2.0
@CHEMICAL_formaldoxime;@CHEMICAL_formaldoxime;chemical;2.0
@CHEMICAL_fosphenytoin;@CHEMICAL_fosphenytoin;chemical;2.0
@CHEMICAL_fullerenol;@CHEMICAL_fullerenol;chemical;2.0
@CHEMICAL_furfuryl_glycidyl_ether;@CHEMICAL_furfuryl_glycidyl_ether;chemical;2.0
@CHEMICAL_gadodiamide;@CHEMICAL_gadodiamide;chemical;2.0
@CHEMICAL_gadoterate_meglumine;@CHEMICAL_gadoterate_meglumine;chemical;2.0
@CHEMICAL_galactaric_acid;@CHEMICAL_galactaric_acid;chemical;2.0
@CHEMICAL_galactosaminogalactan;@CHEMICAL_galactosaminogalactan;chemical;2.0
@CHEMICAL_galactosyl_(1_3)galactose;@CHEMICAL_galactosyl_(1_3)galactose;chemical;2.0
@CHEMICAL_gallium_citrate;@CHEMICAL_gallium_citrate;chemical;2.0
@CHEMICAL_gamma_glutamylcysteine;@CHEMICAL_gamma_glutamylcysteine;chemical;2.0
@CHEMICAL_gamma_glutamylglutamate;@CHEMICAL_gamma_glutamylglutamate;chemical;2.0
@CHEMICAL_gamma_glutamylphenylalanine;@CHEMICAL_gamma_glutamylphenylalanine;chemical;2.0
@CHEMICAL_gamma_resorcylic_acid;@CHEMICAL_gamma_resorcylic_acid;chemical;2.0
@CHEMICAL_ganglioside_GD2;@CHEMICAL_ganglioside_GD2;chemical;2.0
@CHEMICAL_geissoschizine_methylether;@CHEMICAL_geissoschizine_methylether;chemical;2.0
@CHEMICAL_genipin_1_gentiobioside;@CHEMICAL_genipin_1_gentiobioside;chemical;2.0
@CHEMICAL_gentisin;@CHEMICAL_gentisin;chemical;2.0
@CHEMICAL_germanium_oxide;@CHEMICAL_germanium_oxide;chemical;2.0
@CHEMICAL_gibberellin_A4;@CHEMICAL_gibberellin_A4;chemical;2.0
@CHEMICAL_gingerdione;@CHEMICAL_gingerdione;chemical;2.0
@CHEMICAL_gingerglycolipid_B;@CHEMICAL_gingerglycolipid_B;chemical;2.0
@CHEMICAL_ginnalin_A;@CHEMICAL_ginnalin_A;chemical;2.0
@CHEMICAL_ginsenoside_Rk3;@CHEMICAL_ginsenoside_Rk3;chemical;2.0
@CHEMICAL_givinostat;@CHEMICAL_givinostat;chemical;2.0
@CHEMICAL_glass_ionomer;@CHEMICAL_glass_ionomer;chemical;2.0
@CHEMICAL_glucobrassicin;@CHEMICAL_glucobrassicin;chemical;2.0
@CHEMICAL_glucose_mycolate;@CHEMICAL_glucose_mycolate;chemical;2.0
@CHEMICAL_glucuronoxylan;@CHEMICAL_glucuronoxylan;chemical;2.0
@CHEMICAL_glutaconyl_coenzyme_A;@CHEMICAL_glutaconyl_coenzyme_A;chemical;2.0
@CHEMICAL_glutamate_1_semialdehyde;@CHEMICAL_glutamate_1_semialdehyde;chemical;2.0
@CHEMICAL_glycochenodeoxycholate_3_sulfate;@CHEMICAL_glycochenodeoxycholate_3_sulfate;chemical;2.0
@CHEMICAL_glycylproline;@CHEMICAL_glycylproline;chemical;2.0
@CHEMICAL_gossypetin;@CHEMICAL_gossypetin;chemical;2.0
@CHEMICAL_granite;@CHEMICAL_granite;chemical;2.0
@CHEMICAL_graphdiyne;@CHEMICAL_graphdiyne;chemical;2.0
@CHEMICAL_grayanotoxin_I;@CHEMICAL_grayanotoxin_I;chemical;2.0
@CHEMICAL_grifolin;@CHEMICAL_grifolin;chemical;2.0
@CHEMICAL_guaijaverin;@CHEMICAL_guaijaverin;chemical;2.0
@CHEMICAL_guarana_powder;@CHEMICAL_guarana_powder;chemical;2.0
@CHEMICAL_guttiferone_K;@CHEMICAL_guttiferone_K;chemical;2.0
@CHEMICAL_harman;@CHEMICAL_harman;chemical;2.0
@CHEMICAL_hederacoside_C;@CHEMICAL_hederacoside_C;chemical;2.0
@CHEMICAL_hemimellitene;@CHEMICAL_hemimellitene;chemical;2.0
@CHEMICAL_hercynine;@CHEMICAL_hercynine;chemical;2.0
@CHEMICAL_herniarin;@CHEMICAL_herniarin;chemical;2.0
@CHEMICAL_hesperetin_5_O_glucoside;@CHEMICAL_hesperetin_5_O_glucoside;chemical;2.0
@CHEMICAL_hesperetin_7_O_lauryl_ether;@CHEMICAL_hesperetin_7_O_lauryl_ether;chemical;2.0
@CHEMICAL_hexacyanoferrate_II;@CHEMICAL_hexacyanoferrate_II;chemical;2.0
@CHEMICAL_hexadecanal;@CHEMICAL_hexadecanal;chemical;2.0
@CHEMICAL_hinesol;@CHEMICAL_hinesol;chemical;2.0
@CHEMICAL_hinokiol;@CHEMICAL_hinokiol;chemical;2.0
@CHEMICAL_hispidin;@CHEMICAL_hispidin;chemical;2.0
@CHEMICAL_histidinohydroxylysinonorleucine;@CHEMICAL_histidinohydroxylysinonorleucine;chemical;2.0
@CHEMICAL_histidinohydroxymerodesmosine;@CHEMICAL_histidinohydroxymerodesmosine;chemical;2.0
@CHEMICAL_holothurin_A;@CHEMICAL_holothurin_A;chemical;2.0
@CHEMICAL_homocysteic_acid;@CHEMICAL_homocysteic_acid;chemical;2.0
@CHEMICAL_humulene;@CHEMICAL_humulene;chemical;2.0
@CHEMICAL_hydracrylic_acid;@CHEMICAL_hydracrylic_acid;chemical;2.0
@CHEMICAL_hydrazinonicotinic_acid;@CHEMICAL_hydrazinonicotinic_acid;chemical;2.0
@CHEMICAL_hydrocortisone_acetate;@CHEMICAL_hydrocortisone_acetate;chemical;2.0
@CHEMICAL_hydrogen_uranyl_phosphate;@CHEMICAL_hydrogen_uranyl_phosphate;chemical;2.0
@CHEMICAL_hydroiodic_acid;@CHEMICAL_hydroiodic_acid;chemical;2.0
@CHEMICAL_hydroxy_aluminum_polymer;@CHEMICAL_hydroxy_aluminum_polymer;chemical;2.0
@CHEMICAL_hydroxyallysine;@CHEMICAL_hydroxyallysine;chemical;2.0
@CHEMICAL_hydroxyhydroquinone;@CHEMICAL_hydroxyhydroquinone;chemical;2.0
@CHEMICAL_hydroxypropylcellulose;@CHEMICAL_hydroxypropylcellulose;chemical;2.0
@CHEMICAL_hygromycin_A;@CHEMICAL_hygromycin_A;chemical;2.0
@CHEMICAL_ibopamine;@CHEMICAL_ibopamine;chemical;2.0
@CHEMICAL_icilin;@CHEMICAL_icilin;chemical;2.0
@CHEMICAL_idarucizumab;@CHEMICAL_idarucizumab;chemical;2.0
@CHEMICAL_incomplete_Freund's_adjuvant;@CHEMICAL_incomplete_Freund's_adjuvant;chemical;2.0
@CHEMICAL_indacaterol;@CHEMICAL_indacaterol;chemical;2.0
@CHEMICAL_indium_arsenide;@CHEMICAL_indium_arsenide;chemical;2.0
@CHEMICAL_indoline_2_3_dione;@CHEMICAL_indoline_2_3_dione;chemical;2.0
@CHEMICAL_insulin_degludec;@CHEMICAL_insulin_degludec;chemical;2.0
@CHEMICAL_iodine_monochloride;@CHEMICAL_iodine_monochloride;chemical;2.0
@CHEMICAL_iodosobenzene;@CHEMICAL_iodosobenzene;chemical;2.0
@CHEMICAL_ipragliflozin;@CHEMICAL_ipragliflozin;chemical;2.0
@CHEMICAL_iron_carbide;@CHEMICAL_iron_carbide;chemical;2.0
@CHEMICAL_isoallolithocholic_acid;@CHEMICAL_isoallolithocholic_acid;chemical;2.0
@CHEMICAL_isoalloxazine;@CHEMICAL_isoalloxazine;chemical;2.0
@CHEMICAL_isobutyraldehyde;@CHEMICAL_isobutyraldehyde;chemical;2.0
@CHEMICAL_isoelemicin;@CHEMICAL_isoelemicin;chemical;2.0
@CHEMICAL_isoformononetin;@CHEMICAL_isoformononetin;chemical;2.0
@CHEMICAL_isoindigotin;@CHEMICAL_isoindigotin;chemical;2.0
@CHEMICAL_isoleucyl_prolyl_proline;@CHEMICAL_isoleucyl_prolyl_proline;chemical;2.0
@CHEMICAL_isophorone;@CHEMICAL_isophorone;chemical;2.0
@CHEMICAL_isorhamnetin_3_O_neohesperidoside;@CHEMICAL_isorhamnetin_3_O_neohesperidoside;chemical;2.0
@CHEMICAL_isoshinanolone;@CHEMICAL_isoshinanolone;chemical;2.0
@CHEMICAL_itolizumab;@CHEMICAL_itolizumab;chemical;2.0
@CHEMICAL_itopride;@CHEMICAL_itopride;chemical;2.0
@CHEMICAL_janus_green;@CHEMICAL_janus_green;chemical;2.0
@CHEMICAL_kaempferol_3_O_galactoside;@CHEMICAL_kaempferol_3_O_galactoside;chemical;2.0
@CHEMICAL_kaempferol_3_O_glucoside_7_O_rhamnoside;@CHEMICAL_kaempferol_3_O_glucoside_7_O_rhamnoside;chemical;2.0
@CHEMICAL_kaempferol_3_O_glucuronide;@CHEMICAL_kaempferol_3_O_glucuronide;chemical;2.0
@CHEMICAL_kaempferol_3_O_sophoroside;@CHEMICAL_kaempferol_3_O_sophoroside;chemical;2.0
@CHEMICAL_kaempferol_7_O_glucoside;@CHEMICAL_kaempferol_7_O_glucoside;chemical;2.0
@CHEMICAL_kaempferol_7_neohesperidoside;@CHEMICAL_kaempferol_7_neohesperidoside;chemical;2.0
@CHEMICAL_ketene;@CHEMICAL_ketene;chemical;2.0
@CHEMICAL_lactosamine;@CHEMICAL_lactosamine;chemical;2.0
@CHEMICAL_lalistat_2;@CHEMICAL_lalistat_2;chemical;2.0
@CHEMICAL_lanthanum_iron_oxide;@CHEMICAL_lanthanum_iron_oxide;chemical;2.0
@CHEMICAL_latrunculin_A;@CHEMICAL_latrunculin_A;chemical;2.0
@CHEMICAL_laurolitsine;@CHEMICAL_laurolitsine;chemical;2.0
@CHEMICAL_lead_chloride;@CHEMICAL_lead_chloride;chemical;2.0
@CHEMICAL_lead_nitrate;@CHEMICAL_lead_nitrate;chemical;2.0
@CHEMICAL_lead_sulfide;@CHEMICAL_lead_sulfide;chemical;2.0
@CHEMICAL_ledipasvir;@CHEMICAL_ledipasvir;chemical;2.0
@CHEMICAL_leniolisib;@CHEMICAL_leniolisib;chemical;2.0
@CHEMICAL_leucocyanidin;@CHEMICAL_leucocyanidin;chemical;2.0
@CHEMICAL_leucyl_phenylalanine;@CHEMICAL_leucyl_phenylalanine;chemical;2.0
@CHEMICAL_leucylleucine;@CHEMICAL_leucylleucine;chemical;2.0
@CHEMICAL_leuvalin;@CHEMICAL_leuvalin;chemical;2.0
@CHEMICAL_levamlodipine_besylate;@CHEMICAL_levamlodipine_besylate;chemical;2.0
@CHEMICAL_levocabastine;@CHEMICAL_levocabastine;chemical;2.0
@CHEMICAL_linaclotide;@CHEMICAL_linaclotide;chemical;2.0
@CHEMICAL_linoleoyl_ethanolamide;@CHEMICAL_linoleoyl_ethanolamide;chemical;2.0
@CHEMICAL_linrodostat;@CHEMICAL_linrodostat;chemical;2.0
@CHEMICAL_lipid_linked_oligosaccharides;@CHEMICAL_lipid_linked_oligosaccharides;chemical;2.0
@CHEMICAL_lissamine_rhodamine_B;@CHEMICAL_lissamine_rhodamine_B;chemical;2.0
@CHEMICAL_lithium_cobalt_oxide;@CHEMICAL_lithium_cobalt_oxide;chemical;2.0
@CHEMICAL_lithium_manganese_oxide;@CHEMICAL_lithium_manganese_oxide;chemical;2.0
@CHEMICAL_lobaplatin;@CHEMICAL_lobaplatin;chemical;2.0
@CHEMICAL_lumacaftor;@CHEMICAL_lumacaftor;chemical;2.0
@CHEMICAL_lychnopholide;@CHEMICAL_lychnopholide;chemical;2.0
@CHEMICAL_lysinenorleucine;@CHEMICAL_lysinenorleucine;chemical;2.0
@CHEMICAL_lysophosphatidylserine;@CHEMICAL_lysophosphatidylserine;chemical;2.0
@CHEMICAL_magnesium_monoperoxyphthalate;@CHEMICAL_magnesium_monoperoxyphthalate;chemical;2.0
@CHEMICAL_mahanimbine;@CHEMICAL_mahanimbine;chemical;2.0
@CHEMICAL_malonic_semialdehyde;@CHEMICAL_malonic_semialdehyde;chemical;2.0
@CHEMICAL_maltooligosaccharides;@CHEMICAL_maltooligosaccharides;chemical;2.0
@CHEMICAL_maltotetraose;@CHEMICAL_maltotetraose;chemical;2.0
@CHEMICAL_malvidin_3_glucoside;@CHEMICAL_malvidin_3_glucoside;chemical;2.0
@CHEMICAL_manidipine;@CHEMICAL_manidipine;chemical;2.0
@CHEMICAL_mannide_monooleate;@CHEMICAL_mannide_monooleate;chemical;2.0
@CHEMICAL_mansonone_D;@CHEMICAL_mansonone_D;chemical;2.0
@CHEMICAL_manumycin;@CHEMICAL_manumycin;chemical;2.0
@CHEMICAL_martynoside;@CHEMICAL_martynoside;chemical;2.0
@CHEMICAL_masticadienonic_acid;@CHEMICAL_masticadienonic_acid;chemical;2.0
@CHEMICAL_masutakeside_I;@CHEMICAL_masutakeside_I;chemical;2.0
@CHEMICAL_mazdutide;@CHEMICAL_mazdutide;chemical;2.0
@CHEMICAL_meclocycline;@CHEMICAL_meclocycline;chemical;2.0
@CHEMICAL_mefenoxam;@CHEMICAL_mefenoxam;chemical;2.0
@CHEMICAL_melamine_cyanurate;@CHEMICAL_melamine_cyanurate;chemical;2.0
@CHEMICAL_melflufen;@CHEMICAL_melflufen;chemical;2.0
@CHEMICAL_menthofuran;@CHEMICAL_menthofuran;chemical;2.0
@CHEMICAL_mercaptoundecahydrododecaborate;@CHEMICAL_mercaptoundecahydrododecaborate;chemical;2.0
@CHEMICAL_merocyanine;@CHEMICAL_merocyanine;chemical;2.0
@CHEMICAL_mesaconitine;@CHEMICAL_mesaconitine;chemical;2.0
@CHEMICAL_methionine_methyl_ester;@CHEMICAL_methionine_methyl_ester;chemical;2.0
@CHEMICAL_methoxyamine;@CHEMICAL_methoxyamine;chemical;2.0
@CHEMICAL_methyl_3_methoxy_4_hydroxystyryl_ketone;@CHEMICAL_methyl_3_methoxy_4_hydroxystyryl_ketone;chemical;2.0
@CHEMICAL_methyl_4_thio_alpha_maltoside;@CHEMICAL_methyl_4_thio_alpha_maltoside;chemical;2.0
@CHEMICAL_methyl_anthranilate;@CHEMICAL_methyl_anthranilate;chemical;2.0
@CHEMICAL_methyl_formate;@CHEMICAL_methyl_formate;chemical;2.0
@CHEMICAL_methyl_nitrite;@CHEMICAL_methyl_nitrite;chemical;2.0
@CHEMICAL_methyl_palmitate;@CHEMICAL_methyl_palmitate;chemical;2.0
@CHEMICAL_methyl_syringate;@CHEMICAL_methyl_syringate;chemical;2.0
@CHEMICAL_methylamine;@CHEMICAL_methylamine;chemical;2.0
@CHEMICAL_methylenecyclopropane;@CHEMICAL_methylenecyclopropane;chemical;2.0
@CHEMICAL_methylenecyclopropylacetic_acid;@CHEMICAL_methylenecyclopropylacetic_acid;chemical;2.0
@CHEMICAL_methyllycaconitine;@CHEMICAL_methyllycaconitine;chemical;2.0
@CHEMICAL_methylmalonyl_coenzyme_A;@CHEMICAL_methylmalonyl_coenzyme_A;chemical;2.0
@CHEMICAL_methylphenyl_carbinol;@CHEMICAL_methylphenyl_carbinol;chemical;2.0
@CHEMICAL_methylprednisolone_aceponate;@CHEMICAL_methylprednisolone_aceponate;chemical;2.0
@CHEMICAL_methylripariochromene_A;@CHEMICAL_methylripariochromene_A;chemical;2.0
@CHEMICAL_methyltrimethoxysilane;@CHEMICAL_methyltrimethoxysilane;chemical;2.0
@CHEMICAL_mica;@CHEMICAL_mica;chemical;2.0
@CHEMICAL_microthane_foam;@CHEMICAL_microthane_foam;chemical;2.0
@CHEMICAL_mifobate;@CHEMICAL_mifobate;chemical;2.0
@CHEMICAL_miliusol;@CHEMICAL_miliusol;chemical;2.0
@CHEMICAL_mithramycin_A;@CHEMICAL_mithramycin_A;chemical;2.0
@CHEMICAL_mono_isobutyl_phthalate;@CHEMICAL_mono_isobutyl_phthalate;chemical;2.0
@CHEMICAL_monoethyl_phthalate;@CHEMICAL_monoethyl_phthalate;chemical;2.0
@CHEMICAL_monoisopropanolamine;@CHEMICAL_monoisopropanolamine;chemical;2.0
@CHEMICAL_monomethyl_phthalate;@CHEMICAL_monomethyl_phthalate;chemical;2.0
@CHEMICAL_monorden;@CHEMICAL_monorden;chemical;2.0
@CHEMICAL_monosilane;@CHEMICAL_monosilane;chemical;2.0
@CHEMICAL_murrayafoline_A;@CHEMICAL_murrayafoline_A;chemical;2.0
@CHEMICAL_muscovite;@CHEMICAL_muscovite;chemical;2.0
@CHEMICAL_myristyl_alcohol;@CHEMICAL_myristyl_alcohol;chemical;2.0
@CHEMICAL_n_butyl_glycidyl_ether;@CHEMICAL_n_butyl_glycidyl_ether;chemical;2.0
@CHEMICAL_n_hexadecane;@CHEMICAL_n_hexadecane;chemical;2.0
@CHEMICAL_nalbuphine_6_glucuronide;@CHEMICAL_nalbuphine_6_glucuronide;chemical;2.0
@CHEMICAL_naltrindole;@CHEMICAL_naltrindole;chemical;2.0
@CHEMICAL_naphthalenediimide;@CHEMICAL_naphthalenediimide;chemical;2.0
@CHEMICAL_naphthofluorescein;@CHEMICAL_naphthofluorescein;chemical;2.0
@CHEMICAL_neferine;@CHEMICAL_neferine;chemical;2.0
@CHEMICAL_neoalbaconol;@CHEMICAL_neoalbaconol;chemical;2.0
@CHEMICAL_nerol_oxide;@CHEMICAL_nerol_oxide;chemical;2.0
@CHEMICAL_nevadensin;@CHEMICAL_nevadensin;chemical;2.0
@CHEMICAL_nicosulfuron;@CHEMICAL_nicosulfuron;chemical;2.0
@CHEMICAL_nicotinic_acid_adenine_dinucleotide_phosphate_acetoxymethyl_ester;@CHEMICAL_nicotinic_acid_adenine_dinucleotide_phosphate_acetoxymethyl_ester;chemical;2.0
@CHEMICAL_nifekalant;@CHEMICAL_nifekalant;chemical;2.0
@CHEMICAL_nikkomycin;@CHEMICAL_nikkomycin;chemical;2.0
@CHEMICAL_nipecotic_acid;@CHEMICAL_nipecotic_acid;chemical;2.0
@CHEMICAL_nipecotic_acid_ethyl_ester;@CHEMICAL_nipecotic_acid_ethyl_ester;chemical;2.0
@CHEMICAL_nirsevimab;@CHEMICAL_nirsevimab;chemical;2.0
@CHEMICAL_nitrocefin;@CHEMICAL_nitrocefin;chemical;2.0
@CHEMICAL_nitrophenylphosphate;@CHEMICAL_nitrophenylphosphate;chemical;2.0
@CHEMICAL_nodularin;@CHEMICAL_nodularin;chemical;2.0
@CHEMICAL_nomegestrol;@CHEMICAL_nomegestrol;chemical;2.0
@CHEMICAL_norathyriol;@CHEMICAL_norathyriol;chemical;2.0
@CHEMICAL_norbelladine;@CHEMICAL_norbelladine;chemical;2.0
@CHEMICAL_norbuprenorphine;@CHEMICAL_norbuprenorphine;chemical;2.0
@CHEMICAL_norethindrone_enanthate;@CHEMICAL_norethindrone_enanthate;chemical;2.0
@CHEMICAL_norflurane;@CHEMICAL_norflurane;chemical;2.0
@CHEMICAL_norflurazone;@CHEMICAL_norflurazone;chemical;2.0
@CHEMICAL_norlevorphanol;@CHEMICAL_norlevorphanol;chemical;2.0
@CHEMICAL_nornicotine;@CHEMICAL_nornicotine;chemical;2.0
@CHEMICAL_norvaline;@CHEMICAL_norvaline;chemical;2.0
@CHEMICAL_nulibry;@CHEMICAL_nulibry;chemical;2.0
@CHEMICAL_obtusifolin;@CHEMICAL_obtusifolin;chemical;2.0
@CHEMICAL_octaarginine;@CHEMICAL_octaarginine;chemical;2.0
@CHEMICAL_octadecylsilane;@CHEMICAL_octadecylsilane;chemical;2.0
@CHEMICAL_octenoyl_coenzyme_A;@CHEMICAL_octenoyl_coenzyme_A;chemical;2.0
@CHEMICAL_oleoylcarnitine;@CHEMICAL_oleoylcarnitine;chemical;2.0
@CHEMICAL_oleuropein_aglycone;@CHEMICAL_oleuropein_aglycone;chemical;2.0
@CHEMICAL_oligogalacturonic_acid;@CHEMICAL_oligogalacturonic_acid;chemical;2.0
@CHEMICAL_oligomycin_A;@CHEMICAL_oligomycin_A;chemical;2.0
@CHEMICAL_olivetolic_acid;@CHEMICAL_olivetolic_acid;chemical;2.0
@CHEMICAL_orbifloxacin;@CHEMICAL_orbifloxacin;chemical;2.0
@CHEMICAL_oritavancin;@CHEMICAL_oritavancin;chemical;2.0
@CHEMICAL_orludodstat;@CHEMICAL_orludodstat;chemical;2.0
@CHEMICAL_osajin;@CHEMICAL_osajin;chemical;2.0
@CHEMICAL_ostarine;@CHEMICAL_ostarine;chemical;2.0
@CHEMICAL_ovothiol_A;@CHEMICAL_ovothiol_A;chemical;2.0
@CHEMICAL_oxaceprol;@CHEMICAL_oxaceprol;chemical;2.0
@CHEMICAL_oxamyl;@CHEMICAL_oxamyl;chemical;2.0
@CHEMICAL_oxodipine;@CHEMICAL_oxodipine;chemical;2.0
@CHEMICAL_ozagrel;@CHEMICAL_ozagrel;chemical;2.0
@CHEMICAL_p_Aminohippuric_Acid;@CHEMICAL_p_Aminohippuric_Acid;chemical;2.0
@CHEMICAL_p_Fluorophenylalanine;@CHEMICAL_p_Fluorophenylalanine;chemical;2.0
@CHEMICAL_p_chloro_diphenyl_diselenide;@CHEMICAL_p_chloro_diphenyl_diselenide;chemical;2.0
@CHEMICAL_p_sulfonatocalix(4)arene;@CHEMICAL_p_sulfonatocalix(4)arene;chemical;2.0
@CHEMICAL_paclitaxel_poliglumex;@CHEMICAL_paclitaxel_poliglumex;chemical;2.0
@CHEMICAL_paederosidic_acid;@CHEMICAL_paederosidic_acid;chemical;2.0
@CHEMICAL_palytoxin;@CHEMICAL_palytoxin;chemical;2.0
@CHEMICAL_pamrevlumab;@CHEMICAL_pamrevlumab;chemical;2.0
@CHEMICAL_pantothenamide;@CHEMICAL_pantothenamide;chemical;2.0
@CHEMICAL_para_Aminobenzoates;@CHEMICAL_para_Aminobenzoates;chemical;2.0
@CHEMICAL_parabanic_acid;@CHEMICAL_parabanic_acid;chemical;2.0
@CHEMICAL_penicillin_N;@CHEMICAL_penicillin_N;chemical;2.0
@CHEMICAL_pentadecane;@CHEMICAL_pentadecane;chemical;2.0
@CHEMICAL_pentafluorobenzoic_acid;@CHEMICAL_pentafluorobenzoic_acid;chemical;2.0
@CHEMICAL_pentafluoropyridine;@CHEMICAL_pentafluoropyridine;chemical;2.0
@CHEMICAL_pentane;@CHEMICAL_pentane;chemical;2.0
@CHEMICAL_pentoxifylline_tocopherol_clodronate;@CHEMICAL_pentoxifylline_tocopherol_clodronate;chemical;2.0
@CHEMICAL_peonidin_3_glucoside;@CHEMICAL_peonidin_3_glucoside;chemical;2.0
@CHEMICAL_peposertib;@CHEMICAL_peposertib;chemical;2.0
@CHEMICAL_peppermint_oil;@CHEMICAL_peppermint_oil;chemical;2.0
@CHEMICAL_perfluoroheptanesulfonic_acid;@CHEMICAL_perfluoroheptanesulfonic_acid;chemical;2.0
@CHEMICAL_perfluoropentane;@CHEMICAL_perfluoropentane;chemical;2.0
@CHEMICAL_perfluoropolyether;@CHEMICAL_perfluoropolyether;chemical;2.0
@CHEMICAL_perfluoroundecanoic_acid;@CHEMICAL_perfluoroundecanoic_acid;chemical;2.0
@CHEMICAL_perillic_acid;@CHEMICAL_perillic_acid;chemical;2.0
@CHEMICAL_periodate_oxidized_adenosine;@CHEMICAL_periodate_oxidized_adenosine;chemical;2.0
@CHEMICAL_peroxyoxalate;@CHEMICAL_peroxyoxalate;chemical;2.0
@CHEMICAL_perrhenate;@CHEMICAL_perrhenate;chemical;2.0
@CHEMICAL_perylenequinone;@CHEMICAL_perylenequinone;chemical;2.0
@CHEMICAL_petrobactin;@CHEMICAL_petrobactin;chemical;2.0
@CHEMICAL_phallotoxin;@CHEMICAL_phallotoxin;chemical;2.0
@CHEMICAL_phenoxazine;@CHEMICAL_phenoxazine;chemical;2.0
@CHEMICAL_phenyl_acetate;@CHEMICAL_phenyl_acetate;chemical;2.0
@CHEMICAL_phenyl_di_n_pentylphosphinate;@CHEMICAL_phenyl_di_n_pentylphosphinate;chemical;2.0
@CHEMICAL_phenylalanine_amide;@CHEMICAL_phenylalanine_amide;chemical;2.0
@CHEMICAL_phenylalanylalanine;@CHEMICAL_phenylalanylalanine;chemical;2.0
@CHEMICAL_phenyldehydroalanine;@CHEMICAL_phenyldehydroalanine;chemical;2.0
@CHEMICAL_phenylethylthio_beta_galactopyranoside;@CHEMICAL_phenylethylthio_beta_galactopyranoside;chemical;2.0
@CHEMICAL_pheophorbide_a;@CHEMICAL_pheophorbide_a;chemical;2.0
@CHEMICAL_phevalin;@CHEMICAL_phevalin;chemical;2.0
@CHEMICAL_phoenixin;@CHEMICAL_phoenixin;chemical;2.0
@CHEMICAL_phosalone;@CHEMICAL_phosalone;chemical;2.0
@CHEMICAL_phosphocyclocreatine;@CHEMICAL_phosphocyclocreatine;chemical;2.0
@CHEMICAL_phosphohistidine;@CHEMICAL_phosphohistidine;chemical;2.0
@CHEMICAL_phospholipon_90G;@CHEMICAL_phospholipon_90G;chemical;2.0
@CHEMICAL_phosphoramide;@CHEMICAL_phosphoramide;chemical;2.0
@CHEMICAL_phosphoramidic_acid;@CHEMICAL_phosphoramidic_acid;chemical;2.0
@CHEMICAL_phosphoryl_chloride;@CHEMICAL_phosphoryl_chloride;chemical;2.0
@CHEMICAL_phyllanthin;@CHEMICAL_phyllanthin;chemical;2.0
@CHEMICAL_physcion_diglucoside;@CHEMICAL_physcion_diglucoside;chemical;2.0
@CHEMICAL_pillar(5)arene;@CHEMICAL_pillar(5)arene;chemical;2.0
@CHEMICAL_pimaric_acid;@CHEMICAL_pimaric_acid;chemical;2.0
@CHEMICAL_pimpinellin;@CHEMICAL_pimpinellin;chemical;2.0
@CHEMICAL_pinitol;@CHEMICAL_pinitol;chemical;2.0
@CHEMICAL_piperidine_4_sulfonic_acid;@CHEMICAL_piperidine_4_sulfonic_acid;chemical;2.0
@CHEMICAL_pirimiphos_ethyl;@CHEMICAL_pirimiphos_ethyl;chemical;2.0
@CHEMICAL_pivalic_acid;@CHEMICAL_pivalic_acid;chemical;2.0
@CHEMICAL_plantagoside;@CHEMICAL_plantagoside;chemical;2.0
@CHEMICAL_poly(2_methacryloyloxyethyl_phosphorylcholine);@CHEMICAL_poly(2_methacryloyloxyethyl_phosphorylcholine);chemical;2.0
@CHEMICAL_poly(3_hydroxyvalerate);@CHEMICAL_poly(3_hydroxyvalerate);chemical;2.0
@CHEMICAL_poly(4_hydroxybutanoate);@CHEMICAL_poly(4_hydroxybutanoate);chemical;2.0
@CHEMICAL_poly(carboxybetaine_acrylamide);@CHEMICAL_poly(carboxybetaine_acrylamide);chemical;2.0
@CHEMICAL_poly(ethylene_tetrafluoroethylene);@CHEMICAL_poly(ethylene_tetrafluoroethylene);chemical;2.0
@CHEMICAL_poly(phosphazene);@CHEMICAL_poly(phosphazene);chemical;2.0
@CHEMICAL_poly(vinylpyrrolidone_co_vinyl_acetate);@CHEMICAL_poly(vinylpyrrolidone_co_vinyl_acetate);chemical;2.0
@CHEMICAL_poly_gamma_benzyl_L_glutamate;@CHEMICAL_poly_gamma_benzyl_L_glutamate;chemical;2.0
@CHEMICAL_polyacetal;@CHEMICAL_polyacetal;chemical;2.0
@CHEMICAL_polydextrose;@CHEMICAL_polydextrose;chemical;2.0
@CHEMICAL_polyethylene_glycol_3350;@CHEMICAL_polyethylene_glycol_3350;chemical;2.0
@CHEMICAL_polyethylene_glycol_8000;@CHEMICAL_polyethylene_glycol_8000;chemical;2.0
@CHEMICAL_polyglycerol;@CHEMICAL_polyglycerol;chemical;2.0
@CHEMICAL_polylactosamine;@CHEMICAL_polylactosamine;chemical;2.0
@CHEMICAL_polyleucine;@CHEMICAL_polyleucine;chemical;2.0
@CHEMICAL_polynorbornen;@CHEMICAL_polynorbornen;chemical;2.0
@CHEMICAL_polyphenylene_sulfide;@CHEMICAL_polyphenylene_sulfide;chemical;2.0
@CHEMICAL_polysorbate_40;@CHEMICAL_polysorbate_40;chemical;2.0
@CHEMICAL_polyvinyl_acetate;@CHEMICAL_polyvinyl_acetate;chemical;2.0
@CHEMICAL_polyvinyl_caprolactam_polyvinyl_acetate_polyethylene_glycol_graft_copolymer;@CHEMICAL_polyvinyl_caprolactam_polyvinyl_acetate_polyethylene_glycol_graft_copolymer;chemical;2.0
@CHEMICAL_porphine;@CHEMICAL_porphine;chemical;2.0
@CHEMICAL_potassium_cyanate;@CHEMICAL_potassium_cyanate;chemical;2.0
@CHEMICAL_potassium_magnesium_citrate;@CHEMICAL_potassium_magnesium_citrate;chemical;2.0
@CHEMICAL_potassium_nitrate;@CHEMICAL_potassium_nitrate;chemical;2.0
@CHEMICAL_praeruptorin_E;@CHEMICAL_praeruptorin_E;chemical;2.0
@CHEMICAL_pralnacasan;@CHEMICAL_pralnacasan;chemical;2.0
@CHEMICAL_pralsetinib;@CHEMICAL_pralsetinib;chemical;2.0
@CHEMICAL_prednylidene;@CHEMICAL_prednylidene;chemical;2.0
@CHEMICAL_proanthocyanidin_A2;@CHEMICAL_proanthocyanidin_A2;chemical;2.0
@CHEMICAL_procion_blue_MX_R;@CHEMICAL_procion_blue_MX_R;chemical;2.0
@CHEMICAL_prolylglycine;@CHEMICAL_prolylglycine;chemical;2.0
@CHEMICAL_promecarb;@CHEMICAL_promecarb;chemical;2.0
@CHEMICAL_propacetamol;@CHEMICAL_propacetamol;chemical;2.0
@CHEMICAL_propazine;@CHEMICAL_propazine;chemical;2.0
@CHEMICAL_propham;@CHEMICAL_propham;chemical;2.0
@CHEMICAL_propiconazole;@CHEMICAL_propiconazole;chemical;2.0
@CHEMICAL_propionamide;@CHEMICAL_propionamide;chemical;2.0
@CHEMICAL_propionic_anhydride;@CHEMICAL_propionic_anhydride;chemical;2.0
@CHEMICAL_prosapogenin;@CHEMICAL_prosapogenin;chemical;2.0
@CHEMICAL_prostaglandin_B2;@CHEMICAL_prostaglandin_B2;chemical;2.0
@CHEMICAL_prostaglandin_G2;@CHEMICAL_prostaglandin_G2;chemical;2.0
@CHEMICAL_provitamin_C;@CHEMICAL_provitamin_C;chemical;2.0
@CHEMICAL_prucalopride;@CHEMICAL_prucalopride;chemical;2.0
@CHEMICAL_pseudocolumbamine;@CHEMICAL_pseudocolumbamine;chemical;2.0
@CHEMICAL_psoralidin;@CHEMICAL_psoralidin;chemical;2.0
@CHEMICAL_pyrano(2_3_d)pyrimidine;@CHEMICAL_pyrano(2_3_d)pyrimidine;chemical;2.0
@CHEMICAL_pyrazolone;@CHEMICAL_pyrazolone;chemical;2.0
@CHEMICAL_pyrazon;@CHEMICAL_pyrazon;chemical;2.0
@CHEMICAL_pyrenylmethyl_tributylphosphonium;@CHEMICAL_pyrenylmethyl_tributylphosphonium;chemical;2.0
@CHEMICAL_pyridoxal_phosphate_6_azophenyl_2'_4'_disulfonic_acid;@CHEMICAL_pyridoxal_phosphate_6_azophenyl_2'_4'_disulfonic_acid;chemical;2.0
@CHEMICAL_pyrimidine_4_6_diamine;@CHEMICAL_pyrimidine_4_6_diamine;chemical;2.0
@CHEMICAL_pyriminil;@CHEMICAL_pyriminil;chemical;2.0
@CHEMICAL_pyrolytic_carbon;@CHEMICAL_pyrolytic_carbon;chemical;2.0
@CHEMICAL_pyroquilon;@CHEMICAL_pyroquilon;chemical;2.0
@CHEMICAL_pyroxene;@CHEMICAL_pyroxene;chemical;2.0
@CHEMICAL_pyrroline;@CHEMICAL_pyrroline;chemical;2.0
@CHEMICAL_pyrrolo(2_1_c)(1_4)benzodiazepine;@CHEMICAL_pyrrolo(2_1_c)(1_4)benzodiazepine;chemical;2.0
@CHEMICAL_pyruvatoxime;@CHEMICAL_pyruvatoxime;chemical;2.0
@CHEMICAL_quercetin_3_O_methyl_ether;@CHEMICAL_quercetin_3_O_methyl_ether;chemical;2.0
@CHEMICAL_quercetin_7_rhamnoside;@CHEMICAL_quercetin_7_rhamnoside;chemical;2.0
@CHEMICAL_quininib;@CHEMICAL_quininib;chemical;2.0
@CHEMICAL_quinoxyfen;@CHEMICAL_quinoxyfen;chemical;2.0
@CHEMICAL_quinterenol;@CHEMICAL_quinterenol;chemical;2.0
@CHEMICAL_radezolid;@CHEMICAL_radezolid;chemical;2.0
@CHEMICAL_radium_Ra_223_dichloride;@CHEMICAL_radium_Ra_223_dichloride;chemical;2.0
@CHEMICAL_reactive_red_120_dye;@CHEMICAL_reactive_red_120_dye;chemical;2.0
@CHEMICAL_reactive_yellow_2;@CHEMICAL_reactive_yellow_2;chemical;2.0
@CHEMICAL_relacorilant;@CHEMICAL_relacorilant;chemical;2.0
@CHEMICAL_relebactam;@CHEMICAL_relebactam;chemical;2.0
@CHEMICAL_reniochalistatin_E;@CHEMICAL_reniochalistatin_E;chemical;2.0
@CHEMICAL_reserpine_methonitrate;@CHEMICAL_reserpine_methonitrate;chemical;2.0
@CHEMICAL_resveratrol_4'_O_glucuronide;@CHEMICAL_resveratrol_4'_O_glucuronide;chemical;2.0
@CHEMICAL_retene;@CHEMICAL_retene;chemical;2.0
@CHEMICAL_retinyl_propionate;@CHEMICAL_retinyl_propionate;chemical;2.0
@CHEMICAL_rhamnopyranosyl_3_hydroxydecanoyl_3_hydroxydecanoate;@CHEMICAL_rhamnopyranosyl_3_hydroxydecanoyl_3_hydroxydecanoate;chemical;2.0
@CHEMICAL_rheochrysin;@CHEMICAL_rheochrysin;chemical;2.0
@CHEMICAL_rocaglaol;@CHEMICAL_rocaglaol;chemical;2.0
@CHEMICAL_rolapitant;@CHEMICAL_rolapitant;chemical;2.0
@CHEMICAL_rosarin;@CHEMICAL_rosarin;chemical;2.0
@CHEMICAL_rotundic_acid;@CHEMICAL_rotundic_acid;chemical;2.0
@CHEMICAL_rubiadin;@CHEMICAL_rubiadin;chemical;2.0
@CHEMICAL_ruthenium_chloride;@CHEMICAL_ruthenium_chloride;chemical;2.0
@CHEMICAL_safflower_yellow;@CHEMICAL_safflower_yellow;chemical;2.0
@CHEMICAL_sakurasosaponin;@CHEMICAL_sakurasosaponin;chemical;2.0
@CHEMICAL_salicyl_coenzyme_A;@CHEMICAL_salicyl_coenzyme_A;chemical;2.0
@CHEMICAL_salicyl_hydrazide;@CHEMICAL_salicyl_hydrazide;chemical;2.0
@CHEMICAL_samioside;@CHEMICAL_samioside;chemical;2.0
@CHEMICAL_santacruzamate_A;@CHEMICAL_santacruzamate_A;chemical;2.0
@CHEMICAL_santalol;@CHEMICAL_santalol;chemical;2.0
@CHEMICAL_scolymoside;@CHEMICAL_scolymoside;chemical;2.0
@CHEMICAL_sedoheptulose_7_phosphate;@CHEMICAL_sedoheptulose_7_phosphate;chemical;2.0
@CHEMICAL_segesterone_acetate_and_ethinyl_estradiol_vaginal_system;@CHEMICAL_segesterone_acetate_and_ethinyl_estradiol_vaginal_system;chemical;2.0
@CHEMICAL_selamectin;@CHEMICAL_selamectin;chemical;2.0
@CHEMICAL_seleninic_acid;@CHEMICAL_seleninic_acid;chemical;2.0
@CHEMICAL_selitrectinib;@CHEMICAL_selitrectinib;chemical;2.0
@CHEMICAL_selonsertib;@CHEMICAL_selonsertib;chemical;2.0
@CHEMICAL_semidehydroascorbic_acid;@CHEMICAL_semidehydroascorbic_acid;chemical;2.0
@CHEMICAL_semiquinone_radicals;@CHEMICAL_semiquinone_radicals;chemical;2.0
@CHEMICAL_sempervirine;@CHEMICAL_sempervirine;chemical;2.0
@CHEMICAL_senecioic_acid;@CHEMICAL_senecioic_acid;chemical;2.0
@CHEMICAL_senecionine_N_oxide;@CHEMICAL_senecionine_N_oxide;chemical;2.0
@CHEMICAL_serpentinite;@CHEMICAL_serpentinite;chemical;2.0
@CHEMICAL_silver_chromate;@CHEMICAL_silver_chromate;chemical;2.0
@CHEMICAL_silver_fluoride;@CHEMICAL_silver_fluoride;chemical;2.0
@CHEMICAL_sinefungin;@CHEMICAL_sinefungin;chemical;2.0
@CHEMICAL_sirohydrochlorin;@CHEMICAL_sirohydrochlorin;chemical;2.0
@CHEMICAL_sodium_ethoxide;@CHEMICAL_sodium_ethoxide;chemical;2.0
@CHEMICAL_sodium_glycididazole;@CHEMICAL_sodium_glycididazole;chemical;2.0
@CHEMICAL_sodium_p_perfluorous_nonenoxybenzene_sulfonate;@CHEMICAL_sodium_p_perfluorous_nonenoxybenzene_sulfonate;chemical;2.0
@CHEMICAL_sodium_peroxide;@CHEMICAL_sodium_peroxide;chemical;2.0
@CHEMICAL_sodium_phenylbutyrate_and_taurursodiol;@CHEMICAL_sodium_phenylbutyrate_and_taurursodiol;chemical;2.0
@CHEMICAL_sodium_tantalate;@CHEMICAL_sodium_tantalate;chemical;2.0
@CHEMICAL_sofosbuvir_velpatasvir_drug_combination;@CHEMICAL_sofosbuvir_velpatasvir_drug_combination;chemical;2.0
@CHEMICAL_solasodine;@CHEMICAL_solasodine;chemical;2.0
@CHEMICAL_somapacitan;@CHEMICAL_somapacitan;chemical;2.0
@CHEMICAL_sorbitan_monostearate;@CHEMICAL_sorbitan_monostearate;chemical;2.0
@CHEMICAL_sparstolonin_B;@CHEMICAL_sparstolonin_B;chemical;2.0
@CHEMICAL_spinorphin;@CHEMICAL_spinorphin;chemical;2.0
@CHEMICAL_spirodiclofen;@CHEMICAL_spirodiclofen;chemical;2.0
@CHEMICAL_splenotritin;@CHEMICAL_splenotritin;chemical;2.0
@CHEMICAL_squaraine;@CHEMICAL_squaraine;chemical;2.0
@CHEMICAL_stigmastanol;@CHEMICAL_stigmastanol;chemical;2.0
@CHEMICAL_styraxlignolide_A;@CHEMICAL_styraxlignolide_A;chemical;2.0
@CHEMICAL_styrenesulfonic_acid_polymer;@CHEMICAL_styrenesulfonic_acid_polymer;chemical;2.0
@CHEMICAL_succinimide;@CHEMICAL_succinimide;chemical;2.0
@CHEMICAL_sucrose_acetate_isobutyrate;@CHEMICAL_sucrose_acetate_isobutyrate;chemical;2.0
@CHEMICAL_sudan_red;@CHEMICAL_sudan_red;chemical;2.0
@CHEMICAL_sulfo_N_succinimidyl_oleate;@CHEMICAL_sulfo_N_succinimidyl_oleate;chemical;2.0
@CHEMICAL_sulfuretin;@CHEMICAL_sulfuretin;chemical;2.0
@CHEMICAL_sulfuryl_fluoride;@CHEMICAL_sulfuryl_fluoride;chemical;2.0
@CHEMICAL_tavaborole;@CHEMICAL_tavaborole;chemical;2.0
@CHEMICAL_tebipenem;@CHEMICAL_tebipenem;chemical;2.0
@CHEMICAL_technetium_Tc_99m_diphosphonate;@CHEMICAL_technetium_Tc_99m_diphosphonate;chemical;2.0
@CHEMICAL_technetium_Tc_99m_hydrazinonicotinyl_Tyr(3)_octreotide;@CHEMICAL_technetium_Tc_99m_hydrazinonicotinyl_Tyr(3)_octreotide;chemical;2.0
@CHEMICAL_tegafur_gimeracil_oteracil;@CHEMICAL_tegafur_gimeracil_oteracil;chemical;2.0
@CHEMICAL_tegoprazan;@CHEMICAL_tegoprazan;chemical;2.0
@CHEMICAL_telatinib;@CHEMICAL_telatinib;chemical;2.0
@CHEMICAL_tembotrione;@CHEMICAL_tembotrione;chemical;2.0
@CHEMICAL_temocillin;@CHEMICAL_temocillin;chemical;2.0
@CHEMICAL_tenovin_1;@CHEMICAL_tenovin_1;chemical;2.0
@CHEMICAL_terbutylazine;@CHEMICAL_terbutylazine;chemical;2.0
@CHEMICAL_terconazole;@CHEMICAL_terconazole;chemical;2.0
@CHEMICAL_teroxirone;@CHEMICAL_teroxirone;chemical;2.0
@CHEMICAL_tetraarsenic_tetrasulfide;@CHEMICAL_tetraarsenic_tetrasulfide;chemical;2.0
@CHEMICAL_tetrabromobisphenol_S;@CHEMICAL_tetrabromobisphenol_S;chemical;2.0
@CHEMICAL_tetrachloroisophthalonitrile;@CHEMICAL_tetrachloroisophthalonitrile;chemical;2.0
@CHEMICAL_tetrachlorophenol;@CHEMICAL_tetrachlorophenol;chemical;2.0
@CHEMICAL_tetraethylenepentamine;@CHEMICAL_tetraethylenepentamine;chemical;2.0
@CHEMICAL_tetrahydroaldosterone;@CHEMICAL_tetrahydroaldosterone;chemical;2.0
@CHEMICAL_tetrahydrothiophene;@CHEMICAL_tetrahydrothiophene;chemical;2.0
@CHEMICAL_tetrahydroxy_1_4_benzoquinone;@CHEMICAL_tetrahydroxy_1_4_benzoquinone;chemical;2.0
@CHEMICAL_tetramethylrhodamine;@CHEMICAL_tetramethylrhodamine;chemical;2.0
@CHEMICAL_tetraphenylphosphonium;@CHEMICAL_tetraphenylphosphonium;chemical;2.0
@CHEMICAL_teuclatriol;@CHEMICAL_teuclatriol;chemical;2.0
@CHEMICAL_thearubigin;@CHEMICAL_thearubigin;chemical;2.0
@CHEMICAL_theophylline_olamine;@CHEMICAL_theophylline_olamine;chemical;2.0
@CHEMICAL_thiamidol;@CHEMICAL_thiamidol;chemical;2.0
@CHEMICAL_thiamorpholine;@CHEMICAL_thiamorpholine;chemical;2.0
@CHEMICAL_thiazolidine_4_carboxylic_acid;@CHEMICAL_thiazolidine_4_carboxylic_acid;chemical;2.0
@CHEMICAL_thiazovivin;@CHEMICAL_thiazovivin;chemical;2.0
@CHEMICAL_thiophenol;@CHEMICAL_thiophenol;chemical;2.0
@CHEMICAL_thiosalicylic_acid;@CHEMICAL_thiosalicylic_acid;chemical;2.0
@CHEMICAL_threo_pentos_2_ulose;@CHEMICAL_threo_pentos_2_ulose;chemical;2.0
@CHEMICAL_thyme_oil;@CHEMICAL_thyme_oil;chemical;2.0
@CHEMICAL_tiadilon;@CHEMICAL_tiadilon;chemical;2.0
@CHEMICAL_tiglic_acid;@CHEMICAL_tiglic_acid;chemical;2.0
@CHEMICAL_tiglyl_coenzyme_A;@CHEMICAL_tiglyl_coenzyme_A;chemical;2.0
@CHEMICAL_tildrakizumab;@CHEMICAL_tildrakizumab;chemical;2.0
@CHEMICAL_timosaponin_AIII;@CHEMICAL_timosaponin_AIII;chemical;2.0
@CHEMICAL_tirbanibulin;@CHEMICAL_tirbanibulin;chemical;2.0
@CHEMICAL_titanium_alloy_(TiAl6V4);@CHEMICAL_titanium_alloy_(TiAl6V4);chemical;2.0
@CHEMICAL_titanium_boride;@CHEMICAL_titanium_boride;chemical;2.0
@CHEMICAL_titanium_carbonitride;@CHEMICAL_titanium_carbonitride;chemical;2.0
@CHEMICAL_toceranib_phosphate;@CHEMICAL_toceranib_phosphate;chemical;2.0
@CHEMICAL_topramezone;@CHEMICAL_topramezone;chemical;2.0
@CHEMICAL_tormentic_acid;@CHEMICAL_tormentic_acid;chemical;2.0
@CHEMICAL_trelagliptin;@CHEMICAL_trelagliptin;chemical;2.0
@CHEMICAL_trianglimine;@CHEMICAL_trianglimine;chemical;2.0
@CHEMICAL_triazabicyclodecene;@CHEMICAL_triazabicyclodecene;chemical;2.0
@CHEMICAL_tribulin;@CHEMICAL_tribulin;chemical;2.0
@CHEMICAL_triethylene_glycol;@CHEMICAL_triethylene_glycol;chemical;2.0
@CHEMICAL_triethyltin;@CHEMICAL_triethyltin;chemical;2.0
@CHEMICAL_triflumuron;@CHEMICAL_triflumuron;chemical;2.0
@CHEMICAL_trilaurin;@CHEMICAL_trilaurin;chemical;2.0
@CHEMICAL_tripalmitin;@CHEMICAL_tripalmitin;chemical;2.0
@CHEMICAL_tripamide;@CHEMICAL_tripamide;chemical;2.0
@CHEMICAL_triphenyltin_fluoride;@CHEMICAL_triphenyltin_fluoride;chemical;2.0
@CHEMICAL_triptophenolide;@CHEMICAL_triptophenolide;chemical;2.0
@CHEMICAL_tris(1_3_dichloro_2_propyl)phosphate;@CHEMICAL_tris(1_3_dichloro_2_propyl)phosphate;chemical;2.0
@CHEMICAL_tris(ethylenediamine)cobalt(III);@CHEMICAL_tris(ethylenediamine)cobalt(III);chemical;2.0
@CHEMICAL_trithiocyanuric_acid;@CHEMICAL_trithiocyanuric_acid;chemical;2.0
@CHEMICAL_tuaminoheptane;@CHEMICAL_tuaminoheptane;chemical;2.0
@CHEMICAL_tung_oil;@CHEMICAL_tung_oil;chemical;2.0
@CHEMICAL_tungsten_sulfide;@CHEMICAL_tungsten_sulfide;chemical;2.0
@CHEMICAL_tungstic(VI)_acid;@CHEMICAL_tungstic(VI)_acid;chemical;2.0
@CHEMICAL_turanose;@CHEMICAL_turanose;chemical;2.0
@CHEMICAL_uniconazole;@CHEMICAL_uniconazole;chemical;2.0
@CHEMICAL_uranium_oxide;@CHEMICAL_uranium_oxide;chemical;2.0
@CHEMICAL_uranyl_acetate;@CHEMICAL_uranyl_acetate;chemical;2.0
@CHEMICAL_urolithin_B;@CHEMICAL_urolithin_B;chemical;2.0
@CHEMICAL_validamycin_A;@CHEMICAL_validamycin_A;chemical;2.0
@CHEMICAL_valrubicin;@CHEMICAL_valrubicin;chemical;2.0
@CHEMICAL_valyltyrosine;@CHEMICAL_valyltyrosine;chemical;2.0
@CHEMICAL_vanoxerine;@CHEMICAL_vanoxerine;chemical;2.0
@CHEMICAL_verinurad;@CHEMICAL_verinurad;chemical;2.0
@CHEMICAL_verproside;@CHEMICAL_verproside;chemical;2.0
@CHEMICAL_versicolorin_A;@CHEMICAL_versicolorin_A;chemical;2.0
@CHEMICAL_vilaprisan;@CHEMICAL_vilaprisan;chemical;2.0
@CHEMICAL_vincosamide;@CHEMICAL_vincosamide;chemical;2.0
@CHEMICAL_vinyl_polysiloxane;@CHEMICAL_vinyl_polysiloxane;chemical;2.0
@CHEMICAL_vinylene_carbonate;@CHEMICAL_vinylene_carbonate;chemical;2.0
@CHEMICAL_vistusertib;@CHEMICAL_vistusertib;chemical;2.0
@CHEMICAL_vixotrigine;@CHEMICAL_vixotrigine;chemical;2.0
@CHEMICAL_wakayin;@CHEMICAL_wakayin;chemical;2.0
@CHEMICAL_whitlockite;@CHEMICAL_whitlockite;chemical;2.0
@CHEMICAL_wood_vinegar;@CHEMICAL_wood_vinegar;chemical;2.0
@CHEMICAL_xestospongin_C;@CHEMICAL_xestospongin_C;chemical;2.0
@CHEMICAL_xylenol_orange;@CHEMICAL_xylenol_orange;chemical;2.0
@CHEMICAL_xyloglucan;@CHEMICAL_xyloglucan;chemical;2.0
@CHEMICAL_xyloidone;@CHEMICAL_xyloidone;chemical;2.0
@CHEMICAL_yellow_2G;@CHEMICAL_yellow_2G;chemical;2.0
@CHEMICAL_zaleplon;@CHEMICAL_zaleplon;chemical;2.0
@CHEMICAL_zearalenone_14_glucuronide;@CHEMICAL_zearalenone_14_glucuronide;chemical;2.0
@CHEMICAL_zeatin_riboside;@CHEMICAL_zeatin_riboside;chemical;2.0
@CHEMICAL_zidebactam;@CHEMICAL_zidebactam;chemical;2.0
@CHEMICAL_zinc_dibutyldithiocarbamate;@CHEMICAL_zinc_dibutyldithiocarbamate;chemical;2.0
@CHEMICAL_zinc_hematoporphyrin;@CHEMICAL_zinc_hematoporphyrin;chemical;2.0
@CHEMICAL_zinc_selenide;@CHEMICAL_zinc_selenide;chemical;2.0
@CHEMICAL_zinc_selenite;@CHEMICAL_zinc_selenite;chemical;2.0
@CHEMICAL_zircon;@CHEMICAL_zircon;chemical;2.0
@CHEMICAL_zomepirac;@CHEMICAL_zomepirac;chemical;2.0
@CHEMICAL_zymostenol;@CHEMICAL_zymostenol;chemical;2.0
@CHEMICAL_zymosterol;@CHEMICAL_zymosterol;chemical;2.0
@CHEMICAL_((11)C)PIB;@CHEMICAL_((11)C)PIB;chemical;1.0
@CHEMICAL_((18)F)PI_2620;@CHEMICAL_((18)F)PI_2620;chemical;1.0
@CHEMICAL_((3_(bis(2_chloroethyl)amino)_4_methylphenyl)hydroxymethane)bisphosphonic_acid;@CHEMICAL_((3_(bis(2_chloroethyl)amino)_4_methylphenyl)hydroxymethane)bisphosphonic_acid;chemical;1.0
@CHEMICAL_(11C)PK11195;@CHEMICAL_(11C)PK11195;chemical;1.0
@CHEMICAL_(123I)IMPY;@CHEMICAL_(123I)IMPY;chemical;1.0
@CHEMICAL_(1_2_4)Triazolo(4_3_a)pyridine;@CHEMICAL_(1_2_4)Triazolo(4_3_a)pyridine;chemical;1.0
@CHEMICAL_(1_oxyl_2_2_5_5_tetramethylpyrroline_3_methyl)methanethiosulfonate;@CHEMICAL_(1_oxyl_2_2_5_5_tetramethylpyrroline_3_methyl)methanethiosulfonate;chemical;1.0
@CHEMICAL_(2S_3S)_3_(3_(4_(trifluoromethyl)benzoylamino)benzyloxy)aspartate;@CHEMICAL_(2S_3S)_3_(3_(4_(trifluoromethyl)benzoylamino)benzyloxy)aspartate;chemical;1.0
@CHEMICAL_(2_(acryloyloxy)ethyl)trimethylammonium_chloride;@CHEMICAL_(2_(acryloyloxy)ethyl)trimethylammonium_chloride;chemical;1.0
@CHEMICAL_(3_aminopropyl)dimethylethoxysilane;@CHEMICAL_(3_aminopropyl)dimethylethoxysilane;chemical;1.0
@CHEMICAL_(3_chloro_2_hydroxypropyl)trimethylammonium_chloride;@CHEMICAL_(3_chloro_2_hydroxypropyl)trimethylammonium_chloride;chemical;1.0
@CHEMICAL_(3_chloropropyl)triethoxysilane;@CHEMICAL_(3_chloropropyl)triethoxysilane;chemical;1.0
@CHEMICAL_(3_mercaptopropyl)trimethoxysilane;@CHEMICAL_(3_mercaptopropyl)trimethoxysilane;chemical;1.0
@CHEMICAL_(8)_shogaol;@CHEMICAL_(8)_shogaol;chemical;1.0
@CHEMICAL_(R)_BPO_27;@CHEMICAL_(R)_BPO_27;chemical;1.0
@CHEMICAL_(Ru(phen)3)2+;@CHEMICAL_(Ru(phen)3)2+;chemical;1.0
@CHEMICAL_(Tyr(3))octreotate;@CHEMICAL_(Tyr(3))octreotate;chemical;1.0
@CHEMICAL_(methyl_(11)C)N_acetyl_N_(2_methoxybenzyl)_2_phenoxy_5_pyridinamine;@CHEMICAL_(methyl_(11)C)N_acetyl_N_(2_methoxybenzyl)_2_phenoxy_5_pyridinamine;chemical;1.0
@CHEMICAL_(nitrilotris(methylene))triphosphonic_acid;@CHEMICAL_(nitrilotris(methylene))triphosphonic_acid;chemical;1.0
@CHEMICAL_1(3)_2_diacylglyceryl_3(1)_O_4'_(N_N_N_trimethyl)homoserine;@CHEMICAL_1(3)_2_diacylglyceryl_3(1)_O_4'_(N_N_N_trimethyl)homoserine;chemical;1.0
@CHEMICAL_10_12_tricosadiynoic_acid;@CHEMICAL_10_12_tricosadiynoic_acid;chemical;1.0
@CHEMICAL_11_beta_hydroxyandrosterone;@CHEMICAL_11_beta_hydroxyandrosterone;chemical;1.0
@CHEMICAL_11_deoxy_16_16_dimethyl_prostaglandin_E(2);@CHEMICAL_11_deoxy_16_16_dimethyl_prostaglandin_E(2);chemical;1.0
@CHEMICAL_11_hydroxy_5_8_12_14_eicosatetraenoic_acid;@CHEMICAL_11_hydroxy_5_8_12_14_eicosatetraenoic_acid;chemical;1.0
@CHEMICAL_11_hydroxytestosterone;@CHEMICAL_11_hydroxytestosterone;chemical;1.0
@CHEMICAL_12_0_benzoyl_8_11_ditigloyl_3_8_11_12_pentahydroxy_pregn_14_ol_20_one_3_0_methyl_allopyranosyl(1_4)_thevetopyranoside;@CHEMICAL_12_0_benzoyl_8_11_ditigloyl_3_8_11_12_pentahydroxy_pregn_14_ol_20_one_3_0_methyl_allopyranosyl(1_4)_thevetopyranoside;chemical;1.0
@CHEMICAL_12_hydroxydodecanoic_acid;@CHEMICAL_12_hydroxydodecanoic_acid;chemical;1.0
@CHEMICAL_14_15_dihydroxyeicosatrienoic_acid;@CHEMICAL_14_15_dihydroxyeicosatrienoic_acid;chemical;1.0
@CHEMICAL_14_15_epoxy_5_8_11_eicosatrienoic_acid;@CHEMICAL_14_15_epoxy_5_8_11_eicosatrienoic_acid;chemical;1.0
@CHEMICAL_15_keto_13_14_dihydroprostaglandin_F2alpha;@CHEMICAL_15_keto_13_14_dihydroprostaglandin_F2alpha;chemical;1.0
@CHEMICAL_15_oxo_5_8_11_13_eicosatetraenoic_acid;@CHEMICAL_15_oxo_5_8_11_13_eicosatetraenoic_acid;chemical;1.0
@CHEMICAL_16_hydroxyprogesterone;@CHEMICAL_16_hydroxyprogesterone;chemical;1.0
@CHEMICAL_17_18_epoxy_5_8_11_14_eicosatetraenoic_acid;@CHEMICAL_17_18_epoxy_5_8_11_14_eicosatetraenoic_acid;chemical;1.0
@CHEMICAL_17_20_21_trihydroxy_4_pregnen_3_one;@CHEMICAL_17_20_21_trihydroxy_4_pregnen_3_one;chemical;1.0
@CHEMICAL_17_20_dihydroxy_4_pregnen_3_one;@CHEMICAL_17_20_dihydroxy_4_pregnen_3_one;chemical;1.0
@CHEMICAL_17_dihydroexemestane;@CHEMICAL_17_dihydroexemestane;chemical;1.0
@CHEMICAL_17_hydroxypregnenolone_sulfate;@CHEMICAL_17_hydroxypregnenolone_sulfate;chemical;1.0
@CHEMICAL_18F_BAY94_9172;@CHEMICAL_18F_BAY94_9172;chemical;1.0
@CHEMICAL_18_crown_6_2_3_11_12_tetracarboxylic_acid;@CHEMICAL_18_crown_6_2_3_11_12_tetracarboxylic_acid;chemical;1.0
@CHEMICAL_19_hydroxytestosterone;@CHEMICAL_19_hydroxytestosterone;chemical;1.0
@CHEMICAL_1_(((alpha_isobutanoyloxyethoxy)carbonyl)aminomethyl)_1_cyclohexaneacetic_acid;@CHEMICAL_1_(((alpha_isobutanoyloxyethoxy)carbonyl)aminomethyl)_1_cyclohexaneacetic_acid;chemical;1.0
@CHEMICAL_1_((5_chloro_1H_indol_2_yl)carbonyl)_4_methylpiperazine;@CHEMICAL_1_((5_chloro_1H_indol_2_yl)carbonyl)_4_methylpiperazine;chemical;1.0
@CHEMICAL_1_(1_(2_methoxyphenyl)_2_phenylethyl)piperidine;@CHEMICAL_1_(1_(2_methoxyphenyl)_2_phenylethyl)piperidine;chemical;1.0
@CHEMICAL_1_(1_naphthylmethyl)piperazine;@CHEMICAL_1_(1_naphthylmethyl)piperazine;chemical;1.0
@CHEMICAL_1_(2_(3_(4_methoxyphenyl)propoxy)_4_methoxyphenylethyl)_1H_imidazole;@CHEMICAL_1_(2_(3_(4_methoxyphenyl)propoxy)_4_methoxyphenylethyl)_1H_imidazole;chemical;1.0
@CHEMICAL_1_(2_(tris(4_methoxyphenyl)methoxy)ethyl)_3_piperidinecarboxylic_acid;@CHEMICAL_1_(2_(tris(4_methoxyphenyl)methoxy)ethyl)_3_piperidinecarboxylic_acid;chemical;1.0
@CHEMICAL_1_(2_6_dimethylphenoxy)_2_(3_4_dimethoxyphenylethylamino)propane;@CHEMICAL_1_(2_6_dimethylphenoxy)_2_(3_4_dimethoxyphenylethylamino)propane;chemical;1.0
@CHEMICAL_1_(2_cyano_3_12_dioxooleana_1_9_dien_28_oyl)_imidazole;@CHEMICAL_1_(2_cyano_3_12_dioxooleana_1_9_dien_28_oyl)_imidazole;chemical;1.0
@CHEMICAL_1_(2_fluoro_4_(1H_pyrazol_1_yl)phenyl)_5_methoxy_3_(1_phenyl_1H_pyrazol_5_yl)pyridazin_4(1H)_one;@CHEMICAL_1_(2_fluoro_4_(1H_pyrazol_1_yl)phenyl)_5_methoxy_3_(1_phenyl_1H_pyrazol_5_yl)pyridazin_4(1H)_one;chemical;1.0
@CHEMICAL_1_(2_hydroxy_2_methylpropyl)_N_(5_(7_methoxyquinolin_4_yloxy)pyridin_2_yl)_5_methyl_3_oxo_2_phenyl_2_3_dihydro_1H_pyrazole_4_carboxamide;@CHEMICAL_1_(2_hydroxy_2_methylpropyl)_N_(5_(7_methoxyquinolin_4_yloxy)pyridin_2_yl)_5_methyl_3_oxo_2_phenyl_2_3_dihydro_1H_pyrazole_4_carboxamide;chemical;1.0
@CHEMICAL_1_(2_methylbenzoxazol_6_yl)_3_(1_5)naphthyridin_4_yl_urea;@CHEMICAL_1_(2_methylbenzoxazol_6_yl)_3_(1_5)naphthyridin_4_yl_urea;chemical;1.0
@CHEMICAL_1_(3_chlorophenyl)biguanide;@CHEMICAL_1_(3_chlorophenyl)biguanide;chemical;1.0
@CHEMICAL_1_(4_(trimethylamino)phenyl)_6_phenylhexa_1_3_5_triene;@CHEMICAL_1_(4_(trimethylamino)phenyl)_6_phenylhexa_1_3_5_triene;chemical;1.0
@CHEMICAL_1_(5_amino_5_carboxypentyl)_3_formylpyridinium;@CHEMICAL_1_(5_amino_5_carboxypentyl)_3_formylpyridinium;chemical;1.0
@CHEMICAL_1_(beta_D_erythrofuranosyl)orotic_acid;@CHEMICAL_1_(beta_D_erythrofuranosyl)orotic_acid;chemical;1.0
@CHEMICAL_1_(carboxymethylthio)tetradecane;@CHEMICAL_1_(carboxymethylthio)tetradecane;chemical;1.0
@CHEMICAL_1_1'_dihydroxyazoethane;@CHEMICAL_1_1'_dihydroxyazoethane;chemical;1.0
@CHEMICAL_1_1_1_trichloro_2_(4_hydroxyphenyl)_2_(4_methoxyphenyl)ethane;@CHEMICAL_1_1_1_trichloro_2_(4_hydroxyphenyl)_2_(4_methoxyphenyl)ethane;chemical;1.0
@CHEMICAL_1_1_2_2_tetrachloroethane;@CHEMICAL_1_1_2_2_tetrachloroethane;chemical;1.0
@CHEMICAL_1_1_2_trichloroethane;@CHEMICAL_1_1_2_trichloroethane;chemical;1.0
@CHEMICAL_1_2_3_4_5_6_cyclohexanehexacarboxylate;@CHEMICAL_1_2_3_4_5_6_cyclohexanehexacarboxylate;chemical;1.0
@CHEMICAL_1_2_3_4_6_7_hexachlorinated_naphthalene;@CHEMICAL_1_2_3_4_6_7_hexachlorinated_naphthalene;chemical;1.0
@CHEMICAL_1_2_4_5_tetracyanobenzene;@CHEMICAL_1_2_4_5_tetracyanobenzene;chemical;1.0
@CHEMICAL_1_2_4_triazole;@CHEMICAL_1_2_4_triazole;chemical;1.0
@CHEMICAL_1_2_4_triazolo(1_5_a)pyrimidine;@CHEMICAL_1_2_4_triazolo(1_5_a)pyrimidine;chemical;1.0
@CHEMICAL_1_2_4_trimethylcyclohexane;@CHEMICAL_1_2_4_trimethylcyclohexane;chemical;1.0
@CHEMICAL_1_2_4_trithiolane;@CHEMICAL_1_2_4_trithiolane;chemical;1.0
@CHEMICAL_1_2_8_trimethoxyxanthone;@CHEMICAL_1_2_8_trimethoxyxanthone;chemical;1.0
@CHEMICAL_1_2_benzisoxazole;@CHEMICAL_1_2_benzisoxazole;chemical;1.0
@CHEMICAL_1_2_dielaidoylphosphatidylethanolamine;@CHEMICAL_1_2_dielaidoylphosphatidylethanolamine;chemical;1.0
@CHEMICAL_1_2_dihydroxy_1_2_dihydronaphthalene;@CHEMICAL_1_2_dihydroxy_1_2_dihydronaphthalene;chemical;1.0
@CHEMICAL_1_2_dithiolane;@CHEMICAL_1_2_dithiolane;chemical;1.0
@CHEMICAL_1_2_pentanediol;@CHEMICAL_1_2_pentanediol;chemical;1.0
@CHEMICAL_1_3_4_6_7_11b_hexahydro_9_10_dimethoxy_2H_benzo(a)quinolizine_2_spiro_3'_(1'_phenyl)succinimide;@CHEMICAL_1_3_4_6_7_11b_hexahydro_9_10_dimethoxy_2H_benzo(a)quinolizine_2_spiro_3'_(1'_phenyl)succinimide;chemical;1.0
@CHEMICAL_1_3_4_thiadiazole;@CHEMICAL_1_3_4_thiadiazole;chemical;1.0
@CHEMICAL_1_3_5_triaza_7_phosphaadamantane;@CHEMICAL_1_3_5_triaza_7_phosphaadamantane;chemical;1.0
@CHEMICAL_1_3_5_trimethoxybenzene;@CHEMICAL_1_3_5_trimethoxybenzene;chemical;1.0
@CHEMICAL_1_3_5_trithiane;@CHEMICAL_1_3_5_trithiane;chemical;1.0
@CHEMICAL_1_3_6_8_tetrabromocarbazole;@CHEMICAL_1_3_6_8_tetrabromocarbazole;chemical;1.0
@CHEMICAL_1_3_6_tri_O_galloylglucose;@CHEMICAL_1_3_6_tri_O_galloylglucose;chemical;1.0
@CHEMICAL_1_3_7_trimethyluric_acid;@CHEMICAL_1_3_7_trimethyluric_acid;chemical;1.0
@CHEMICAL_1_3_dibutyl_1_nitrosourea;@CHEMICAL_1_3_dibutyl_1_nitrosourea;chemical;1.0
@CHEMICAL_1_3_dicaffeoylquinic_acid;@CHEMICAL_1_3_dicaffeoylquinic_acid;chemical;1.0
@CHEMICAL_1_3_dimethoxybenzene;@CHEMICAL_1_3_dimethoxybenzene;chemical;1.0
@CHEMICAL_1_3_diphenylisobenzofuran;@CHEMICAL_1_3_diphenylisobenzofuran;chemical;1.0
@CHEMICAL_1_3_dithiolane;@CHEMICAL_1_3_dithiolane;chemical;1.0
@CHEMICAL_1_3_propanediol;@CHEMICAL_1_3_propanediol;chemical;1.0
@CHEMICAL_1_3_xylenediamine;@CHEMICAL_1_3_xylenediamine;chemical;1.0
@CHEMICAL_1_4_bis(chloromethyl)benzene;@CHEMICAL_1_4_bis(chloromethyl)benzene;chemical;1.0
@CHEMICAL_1_4_bis(hydroxycarbonylmethyl)_6_(bis(hydroxycarbonylmethyl))amino_6_methylperhydro_1_4_diazepine;@CHEMICAL_1_4_bis(hydroxycarbonylmethyl)_6_(bis(hydroxycarbonylmethyl))amino_6_methylperhydro_1_4_diazepine;chemical;1.0
@CHEMICAL_1_4_bis_2_ethylhexylsulfosuccinic_acid;@CHEMICAL_1_4_bis_2_ethylhexylsulfosuccinic_acid;chemical;1.0
@CHEMICAL_1_4_cineole;@CHEMICAL_1_4_cineole;chemical;1.0
@CHEMICAL_1_4_cyclohexanedimethanol;@CHEMICAL_1_4_cyclohexanedimethanol;chemical;1.0
@CHEMICAL_1_4_diphenylbutadiene;@CHEMICAL_1_4_diphenylbutadiene;chemical;1.0
@CHEMICAL_1_4_dithiane;@CHEMICAL_1_4_dithiane;chemical;1.0
@CHEMICAL_1_5_anhydro_1_(5_(4_ethoxybenzyl)_2_methoxy_4_methylphenyl)_1_thioglucitol;@CHEMICAL_1_5_anhydro_1_(5_(4_ethoxybenzyl)_2_methoxy_4_methylphenyl)_1_thioglucitol;chemical;1.0
@CHEMICAL_1_5_diazabicyclo(4.3.0)non_5_ene;@CHEMICAL_1_5_diazabicyclo(4.3.0)non_5_ene;chemical;1.0
@CHEMICAL_1_5_dihydroxynaphthalene;@CHEMICAL_1_5_dihydroxynaphthalene;chemical;1.0
@CHEMICAL_1_6_bis(cyclohexyloximinocarbonyl)hexane;@CHEMICAL_1_6_bis(cyclohexyloximinocarbonyl)hexane;chemical;1.0
@CHEMICAL_1_6_galactan;@CHEMICAL_1_6_galactan;chemical;1.0
@CHEMICAL_1_6_hexanedithiol;@CHEMICAL_1_6_hexanedithiol;chemical;1.0
@CHEMICAL_1_8_dinitronaphthalene;@CHEMICAL_1_8_dinitronaphthalene;chemical;1.0
@CHEMICAL_1_Deoxynojirimycin;@CHEMICAL_1_Deoxynojirimycin;chemical;1.0
@CHEMICAL_1_acetoxy_3_carbamoyl_2_2_5_5_tetramethylpyrrolidine;@CHEMICAL_1_acetoxy_3_carbamoyl_2_2_5_5_tetramethylpyrrolidine;chemical;1.0
@CHEMICAL_1_amino_1_3_dicarboxycyclopentane;@CHEMICAL_1_amino_1_3_dicarboxycyclopentane;chemical;1.0
@CHEMICAL_1_aminoindan;@CHEMICAL_1_aminoindan;chemical;1.0
@CHEMICAL_1_anilino_8_naphthalenesulfonate;@CHEMICAL_1_anilino_8_naphthalenesulfonate;chemical;1.0
@CHEMICAL_1_benzylindole;@CHEMICAL_1_benzylindole;chemical;1.0
@CHEMICAL_1_benzylpiperazine;@CHEMICAL_1_benzylpiperazine;chemical;1.0
@CHEMICAL_1_beta_methylcarbapenem;@CHEMICAL_1_beta_methylcarbapenem;chemical;1.0
@CHEMICAL_1_butyl_3_methylimidazolium_tetrafluoroborate;@CHEMICAL_1_butyl_3_methylimidazolium_tetrafluoroborate;chemical;1.0
@CHEMICAL_1_carboxysalsolinol;@CHEMICAL_1_carboxysalsolinol;chemical;1.0
@CHEMICAL_1_cyano_2_3_epithiopropane;@CHEMICAL_1_cyano_2_3_epithiopropane;chemical;1.0
@CHEMICAL_1_dehydroprogesterone;@CHEMICAL_1_dehydroprogesterone;chemical;1.0
@CHEMICAL_1_dodecylpyridoxal;@CHEMICAL_1_dodecylpyridoxal;chemical;1.0
@CHEMICAL_1_ethyl_3_(3_dimethylaminopropyl)carbodiimide_hydrochloride;@CHEMICAL_1_ethyl_3_(3_dimethylaminopropyl)carbodiimide_hydrochloride;chemical;1.0
@CHEMICAL_1_hydroxy_2_naphthaldehyde;@CHEMICAL_1_hydroxy_2_naphthaldehyde;chemical;1.0
@CHEMICAL_1_hydroxyalantolactone;@CHEMICAL_1_hydroxyalantolactone;chemical;1.0
@CHEMICAL_1_hydroxymethylmidazolam;@CHEMICAL_1_hydroxymethylmidazolam;chemical;1.0
@CHEMICAL_1_hydroxyphthalazine;@CHEMICAL_1_hydroxyphthalazine;chemical;1.0
@CHEMICAL_1_methyl_2_isopropylbenzene;@CHEMICAL_1_methyl_2_isopropylbenzene;chemical;1.0
@CHEMICAL_1_methyl_L_tryptophan;@CHEMICAL_1_methyl_L_tryptophan;chemical;1.0
@CHEMICAL_1_methyl_delta(1)_pyrrolinium;@CHEMICAL_1_methyl_delta(1)_pyrrolinium;chemical;1.0
@CHEMICAL_1_methylbenz(a)anthracene;@CHEMICAL_1_methylbenz(a)anthracene;chemical;1.0
@CHEMICAL_1_methylguanosine;@CHEMICAL_1_methylguanosine;chemical;1.0
@CHEMICAL_1_methylpyrene;@CHEMICAL_1_methylpyrene;chemical;1.0
@CHEMICAL_1_monomyristin;@CHEMICAL_1_monomyristin;chemical;1.0
@CHEMICAL_1_naphthaleneacetic_acid;@CHEMICAL_1_naphthaleneacetic_acid;chemical;1.0
@CHEMICAL_1_naphthalenesulfonic_acid;@CHEMICAL_1_naphthalenesulfonic_acid;chemical;1.0
@CHEMICAL_1_naphthoxyacetic_acid;@CHEMICAL_1_naphthoxyacetic_acid;chemical;1.0
@CHEMICAL_1_naphthylacetylspermine;@CHEMICAL_1_naphthylacetylspermine;chemical;1.0
@CHEMICAL_1_naphthylphenylamine;@CHEMICAL_1_naphthylphenylamine;chemical;1.0
@CHEMICAL_1_nonanol;@CHEMICAL_1_nonanol;chemical;1.0
@CHEMICAL_1_octyl_3_methylimidazolium;@CHEMICAL_1_octyl_3_methylimidazolium;chemical;1.0
@CHEMICAL_1_palmitoyl_2_oleoylglycero_3_phosphoglycerol;@CHEMICAL_1_palmitoyl_2_oleoylglycero_3_phosphoglycerol;chemical;1.0
@CHEMICAL_1_phenethylamine;@CHEMICAL_1_phenethylamine;chemical;1.0
@CHEMICAL_1_phenyl_3_3_dimethyltriazene;@CHEMICAL_1_phenyl_3_3_dimethyltriazene;chemical;1.0
@CHEMICAL_1_phenylpropene;@CHEMICAL_1_phenylpropene;chemical;1.0
@CHEMICAL_1_pyrenemethylamine;@CHEMICAL_1_pyrenemethylamine;chemical;1.0
@CHEMICAL_1_pyrenyldiazomethane;@CHEMICAL_1_pyrenyldiazomethane;chemical;1.0
@CHEMICAL_1_thiochromone;@CHEMICAL_1_thiochromone;chemical;1.0
@CHEMICAL_2''_O_acetylrutin;@CHEMICAL_2''_O_acetylrutin;chemical;1.0
@CHEMICAL_2'_2'_difluoro_2'_deoxyuridine;@CHEMICAL_2'_2'_difluoro_2'_deoxyuridine;chemical;1.0
@CHEMICAL_2'_3'_dihydroxy_4'_6'_dimethoxydihydrochalcone;@CHEMICAL_2'_3'_dihydroxy_4'_6'_dimethoxydihydrochalcone;chemical;1.0
@CHEMICAL_2'_4'_dihydroxy_3'_methoxychalcone;@CHEMICAL_2'_4'_dihydroxy_3'_methoxychalcone;chemical;1.0
@CHEMICAL_2'_O_methyladenosine;@CHEMICAL_2'_O_methyladenosine;chemical;1.0
@CHEMICAL_2'_O_methylcytidine;@CHEMICAL_2'_O_methylcytidine;chemical;1.0
@CHEMICAL_2'_chloro_2'_deoxyadenosine;@CHEMICAL_2'_chloro_2'_deoxyadenosine;chemical;1.0
@CHEMICAL_2'_deoxyadenylyl_(3'_5')_2'_deoxyadenosine;@CHEMICAL_2'_deoxyadenylyl_(3'_5')_2'_deoxyadenosine;chemical;1.0
@CHEMICAL_2'_deoxyuridylic_acid;@CHEMICAL_2'_deoxyuridylic_acid;chemical;1.0
@CHEMICAL_2'_hydroxy_genistein;@CHEMICAL_2'_hydroxy_genistein;chemical;1.0
@CHEMICAL_2'_hydroxychalcone;@CHEMICAL_2'_hydroxychalcone;chemical;1.0
@CHEMICAL_20_carboxyleukotriene_B4;@CHEMICAL_20_carboxyleukotriene_B4;chemical;1.0
@CHEMICAL_21_hydroxypregnenolone;@CHEMICAL_21_hydroxypregnenolone;chemical;1.0
@CHEMICAL_23_hydroxybetulinic_acid;@CHEMICAL_23_hydroxybetulinic_acid;chemical;1.0
@CHEMICAL_23_nordeoxycholic_acid;@CHEMICAL_23_nordeoxycholic_acid;chemical;1.0
@CHEMICAL_24_25_dihydroxyvitamin_D;@CHEMICAL_24_25_dihydroxyvitamin_D;chemical;1.0
@CHEMICAL_25_hydroxyprotopanaxatriol;@CHEMICAL_25_hydroxyprotopanaxatriol;chemical;1.0
@CHEMICAL_26_hydroxy_22_methylcycloirid_16_enal;@CHEMICAL_26_hydroxy_22_methylcycloirid_16_enal;chemical;1.0
@CHEMICAL_2_((3_5_dimethyl_4_(4'_hydroxy_3'_isopropylbenzyl)phenoxy)methyl)_4_(3_chlorophenyl)_2_oxido(1_3_2)dioxaphosphonane;@CHEMICAL_2_((3_5_dimethyl_4_(4'_hydroxy_3'_isopropylbenzyl)phenoxy)methyl)_4_(3_chlorophenyl)_2_oxido(1_3_2)dioxaphosphonane;chemical;1.0
@CHEMICAL_2_(1_(3_dimethylaminopropyl)_5_methoxyindol_3_yl)_3_(1H_indol_3_yl)maleimide;@CHEMICAL_2_(1_(3_dimethylaminopropyl)_5_methoxyindol_3_yl)_3_(1H_indol_3_yl)maleimide;chemical;1.0
@CHEMICAL_2_(2_(3_4_dihydroxy_5_(hydroxymethyl)oxolan_2_yl)_1_methylcarbamimidamido)acetic_acid;@CHEMICAL_2_(2_(3_4_dihydroxy_5_(hydroxymethyl)oxolan_2_yl)_1_methylcarbamimidamido)acetic_acid;chemical;1.0
@CHEMICAL_2_(2_aminoethylamino)_5_nitropyridine;@CHEMICAL_2_(2_aminoethylamino)_5_nitropyridine;chemical;1.0
@CHEMICAL_2_(2_chlorophenyl)_4_methyl_5_(pyridin_2_ylmethyl)_1H_pyrazolo(4_3_c)pyridine_3_6(2H_5H)_dione;@CHEMICAL_2_(2_chlorophenyl)_4_methyl_5_(pyridin_2_ylmethyl)_1H_pyrazolo(4_3_c)pyridine_3_6(2H_5H)_dione;chemical;1.0
@CHEMICAL_2_(2_methoxy_4_nitrophenyl)_3_(4_nitrophenyl)_5_(2_4_disulfophenyl)_2H_tetrazolium_monosodium_salt;@CHEMICAL_2_(2_methoxy_4_nitrophenyl)_3_(4_nitrophenyl)_5_(2_4_disulfophenyl)_2H_tetrazolium_monosodium_salt;chemical;1.0
@CHEMICAL_2_(2_nitro_4_(trifluoromethyl)benzoyl)_4_4_6_6_tetramethylcyclohexane_1_3_5_trione;@CHEMICAL_2_(2_nitro_4_(trifluoromethyl)benzoyl)_4_4_6_6_tetramethylcyclohexane_1_3_5_trione;chemical;1.0
@CHEMICAL_2_(3_trifluoromethylphenyl)histamine;@CHEMICAL_2_(3_trifluoromethylphenyl)histamine;chemical;1.0
@CHEMICAL_2_(4_(2_(3_4_dichlorophenyl)ethyl)phenylamino)benzoic_acid;@CHEMICAL_2_(4_(2_(3_4_dichlorophenyl)ethyl)phenylamino)benzoic_acid;chemical;1.0
@CHEMICAL_2_(4_(3_quinolin_6_ylmethyl_3H_(1_2_3)triazolo(4_5_b)pyrazin_5_yl)pyrazol_1_yl)ethanol;@CHEMICAL_2_(4_(3_quinolin_6_ylmethyl_3H_(1_2_3)triazolo(4_5_b)pyrazin_5_yl)pyrazol_1_yl)ethanol;chemical;1.0
@CHEMICAL_2_(4_methoxyphenoxy)propanoic_acid;@CHEMICAL_2_(4_methoxyphenoxy)propanoic_acid;chemical;1.0
@CHEMICAL_2_(4_methyl_1_3_thiazol_5_yl)ethanol;@CHEMICAL_2_(4_methyl_1_3_thiazol_5_yl)ethanol;chemical;1.0
@CHEMICAL_2_(4_methyl_2_6_dinitroanilino)_N_methylpropionamide;@CHEMICAL_2_(4_methyl_2_6_dinitroanilino)_N_methylpropionamide;chemical;1.0
@CHEMICAL_2_(5_bromo_2_pyridylazo)_5_diethylaminophenol;@CHEMICAL_2_(5_bromo_2_pyridylazo)_5_diethylaminophenol;chemical;1.0
@CHEMICAL_2_(6_(7_nitrobenz_2_oxa_1_3_diazol_4_yl)amino)hexanoyl_1_hexadecanoylglycero_3_phosphocholine;@CHEMICAL_2_(6_(7_nitrobenz_2_oxa_1_3_diazol_4_yl)amino)hexanoyl_1_hexadecanoylglycero_3_phosphocholine;chemical;1.0
@CHEMICAL_2_(8_(3_5_difluorophenyl)_10_oxo_6_9_diazaspiro(4.5)dec_9_yl)_N_(2'_oxo_1_1'_2'_3_tetrahydrospiro(indene_2_3'_pyrrolo(2_3_b)pyridin)_5_yl)acetamide;@CHEMICAL_2_(8_(3_5_difluorophenyl)_10_oxo_6_9_diazaspiro(4.5)dec_9_yl)_N_(2'_oxo_1_1'_2'_3_tetrahydrospiro(indene_2_3'_pyrrolo(2_3_b)pyridin)_5_yl)acetamide;chemical;1.0
@CHEMICAL_2_(N_(7_nitrobenz_2_oxa_1_3_diazol_4_yl)amino)_2_deoxyglucose;@CHEMICAL_2_(N_(7_nitrobenz_2_oxa_1_3_diazol_4_yl)amino)_2_deoxyglucose;chemical;1.0
@CHEMICAL_2_(dimethylamino)ethanol;@CHEMICAL_2_(dimethylamino)ethanol;chemical;1.0
@CHEMICAL_2_2'_(hydroxynitrosohydrazono)bis_ethanamine;@CHEMICAL_2_2'_(hydroxynitrosohydrazono)bis_ethanamine;chemical;1.0
@CHEMICAL_2_2'_4_4'_5_6'_hexabromodiphenyl_ether;@CHEMICAL_2_2'_4_4'_5_6'_hexabromodiphenyl_ether;chemical;1.0
@CHEMICAL_2_2'_4_4'_5_brominated_diphenyl_ether;@CHEMICAL_2_2'_4_4'_5_brominated_diphenyl_ether;chemical;1.0
@CHEMICAL_2_2'_4_4'_tetrahydroxybenzophenone;@CHEMICAL_2_2'_4_4'_tetrahydroxybenzophenone;chemical;1.0
@CHEMICAL_2_2_4_trimethyl_1_3_pentanediol_diisobutyrate;@CHEMICAL_2_2_4_trimethyl_1_3_pentanediol_diisobutyrate;chemical;1.0
@CHEMICAL_2_2_dimethyl_1_3_dioxolane_4_methanol;@CHEMICAL_2_2_dimethyl_1_3_dioxolane_4_methanol;chemical;1.0
@CHEMICAL_2_2_dimethylpropanol;@CHEMICAL_2_2_dimethylpropanol;chemical;1.0
@CHEMICAL_2_2_dimethylpropionic_acid_3_(2_chloro_6_methylaminopurin_9_yl)_2_(2_2_dimethylpropionyloxymethyl)propyl_ester;@CHEMICAL_2_2_dimethylpropionic_acid_3_(2_chloro_6_methylaminopurin_9_yl)_2_(2_2_dimethylpropionyloxymethyl)propyl_ester;chemical;1.0
@CHEMICAL_2_2_dithiobis(N_(1_adamantyl)methyl)acetamide;@CHEMICAL_2_2_dithiobis(N_(1_adamantyl)methyl)acetamide;chemical;1.0
@CHEMICAL_2_3_3'_4_4'_pentachlorobiphenyl;@CHEMICAL_2_3_3'_4_4'_pentachlorobiphenyl;chemical;1.0
@CHEMICAL_2_3_4_4'5_pentachlorobiphenyl;@CHEMICAL_2_3_4_4'5_pentachlorobiphenyl;chemical;1.0
@CHEMICAL_2_3_4_5_6_pentafluorophenol;@CHEMICAL_2_3_4_5_6_pentafluorophenol;chemical;1.0
@CHEMICAL_2_3_5_triiodobenzoic_acid;@CHEMICAL_2_3_5_triiodobenzoic_acid;chemical;1.0
@CHEMICAL_2_3_Diketogulonic_Acid;@CHEMICAL_2_3_Diketogulonic_Acid;chemical;1.0
@CHEMICAL_2_3_N_octanoylsphingosine;@CHEMICAL_2_3_N_octanoylsphingosine;chemical;1.0
@CHEMICAL_2_3_dialdehydocellulose;@CHEMICAL_2_3_dialdehydocellulose;chemical;1.0
@CHEMICAL_2_3_diaminonaphthalene;@CHEMICAL_2_3_diaminonaphthalene;chemical;1.0
@CHEMICAL_2_3_diazabicyclo(2.2.2)oct_2_ene;@CHEMICAL_2_3_diazabicyclo(2.2.2)oct_2_ene;chemical;1.0
@CHEMICAL_2_3_dihydroquinazolin_4(1H)_one;@CHEMICAL_2_3_dihydroquinazolin_4(1H)_one;chemical;1.0
@CHEMICAL_2_3_dinor_8_iso_prostaglandin_F(2alpha);@CHEMICAL_2_3_dinor_8_iso_prostaglandin_F(2alpha);chemical;1.0
@CHEMICAL_2_3_hexanedione;@CHEMICAL_2_3_hexanedione;chemical;1.0
@CHEMICAL_2_3_naphthalenedicarboxaldehyde;@CHEMICAL_2_3_naphthalenedicarboxaldehyde;chemical;1.0
@CHEMICAL_2_4(1H_3H)_quinazolinedione;@CHEMICAL_2_4(1H_3H)_quinazolinedione;chemical;1.0
@CHEMICAL_2_4_4'_5_tetrachlorobiphenyl;@CHEMICAL_2_4_4'_5_tetrachlorobiphenyl;chemical;1.0
@CHEMICAL_2_4_5_tribromoimidazole;@CHEMICAL_2_4_5_tribromoimidazole;chemical;1.0
@CHEMICAL_2_4_5_trichlorophenol;@CHEMICAL_2_4_5_trichlorophenol;chemical;1.0
@CHEMICAL_2_4_6_triiodophenol;@CHEMICAL_2_4_6_triiodophenol;chemical;1.0
@CHEMICAL_2_4_6_trimethyl_N_(meta_3_trifluoromethylphenyl)benzenesulfonamide;@CHEMICAL_2_4_6_trimethyl_N_(meta_3_trifluoromethylphenyl)benzenesulfonamide;chemical;1.0
@CHEMICAL_2_4_6_tris_4_(chlorophenoxy)_1_3_5_triazine;@CHEMICAL_2_4_6_tris_4_(chlorophenoxy)_1_3_5_triazine;chemical;1.0
@CHEMICAL_2_4_diaminobutyric_acid;@CHEMICAL_2_4_diaminobutyric_acid;chemical;1.0
@CHEMICAL_2_4_diaminopyrimidine;@CHEMICAL_2_4_diaminopyrimidine;chemical;1.0
@CHEMICAL_2_4_dihydroxybenzophenone;@CHEMICAL_2_4_dihydroxybenzophenone;chemical;1.0
@CHEMICAL_2_4_dihydroxyphenylalanine;@CHEMICAL_2_4_dihydroxyphenylalanine;chemical;1.0
@CHEMICAL_2_4_dimethylphenol;@CHEMICAL_2_4_dimethylphenol;chemical;1.0
@CHEMICAL_2_4_dimethylpyridine;@CHEMICAL_2_4_dimethylpyridine;chemical;1.0
@CHEMICAL_2_4_dinitrobenzenesulfonic_acid;@CHEMICAL_2_4_dinitrobenzenesulfonic_acid;chemical;1.0
@CHEMICAL_2_4_pyridinedicarboxylic_acid;@CHEMICAL_2_4_pyridinedicarboxylic_acid;chemical;1.0
@CHEMICAL_2_5_dimethylcelecoxib;@CHEMICAL_2_5_dimethylcelecoxib;chemical;1.0
@CHEMICAL_2_6_di_tert_butylphenol;@CHEMICAL_2_6_di_tert_butylphenol;chemical;1.0
@CHEMICAL_2_6_dihydroxyacetophenone;@CHEMICAL_2_6_dihydroxyacetophenone;chemical;1.0
@CHEMICAL_2_6_dinitrophenol;@CHEMICAL_2_6_dinitrophenol;chemical;1.0
@CHEMICAL_2_6_xylenol;@CHEMICAL_2_6_xylenol;chemical;1.0
@CHEMICAL_2_Methyl_4_chlorophenoxyacetic_Acid;@CHEMICAL_2_Methyl_4_chlorophenoxyacetic_Acid;chemical;1.0
@CHEMICAL_2_O_sinapoylmalate;@CHEMICAL_2_O_sinapoylmalate;chemical;1.0
@CHEMICAL_2_acetylnaphthalene;@CHEMICAL_2_acetylnaphthalene;chemical;1.0
@CHEMICAL_2_amino_1_phenylethanol;@CHEMICAL_2_amino_1_phenylethanol;chemical;1.0
@CHEMICAL_2_amino_2_methyl_1_propanol;@CHEMICAL_2_amino_2_methyl_1_propanol;chemical;1.0
@CHEMICAL_2_amino_4_(4_methoxyphenyl)_7_(naphthalen_1_yl)_5_oxo_5_6_7_8_tetrahydro_4H_chromene_3_carbonitrile;@CHEMICAL_2_amino_4_(4_methoxyphenyl)_7_(naphthalen_1_yl)_5_oxo_5_6_7_8_tetrahydro_4H_chromene_3_carbonitrile;chemical;1.0
@CHEMICAL_2_amino_4_methylphenol;@CHEMICAL_2_amino_4_methylphenol;chemical;1.0
@CHEMICAL_2_amino_5_bromobenzoic_acid;@CHEMICAL_2_amino_5_bromobenzoic_acid;chemical;1.0
@CHEMICAL_2_amino_5_chlorophenol;@CHEMICAL_2_amino_5_chlorophenol;chemical;1.0
@CHEMICAL_2_amino_5_mercapto_1_3_4_thiadiazole;@CHEMICAL_2_amino_5_mercapto_1_3_4_thiadiazole;chemical;1.0
@CHEMICAL_2_amino_5_methylphenol;@CHEMICAL_2_amino_5_methylphenol;chemical;1.0
@CHEMICAL_2_amino_6_chloropurine;@CHEMICAL_2_amino_6_chloropurine;chemical;1.0
@CHEMICAL_2_amino_delta(2)_thiazoline_4_carboxylic_acid;@CHEMICAL_2_amino_delta(2)_thiazoline_4_carboxylic_acid;chemical;1.0
@CHEMICAL_2_aminoanthraquinone;@CHEMICAL_2_aminoanthraquinone;chemical;1.0
@CHEMICAL_2_aminobicyclo(2_2_1)heptane_2_carboxylic_acid;@CHEMICAL_2_aminobicyclo(2_2_1)heptane_2_carboxylic_acid;chemical;1.0
@CHEMICAL_2_aminoimidazole;@CHEMICAL_2_aminoimidazole;chemical;1.0
@CHEMICAL_2_aminoindan_2_phosphonic_acid;@CHEMICAL_2_aminoindan_2_phosphonic_acid;chemical;1.0
@CHEMICAL_2_aminonicotinic_acid;@CHEMICAL_2_aminonicotinic_acid;chemical;1.0
@CHEMICAL_2_anthramine;@CHEMICAL_2_anthramine;chemical;1.0
@CHEMICAL_2_benzoylbenzoic_acid;@CHEMICAL_2_benzoylbenzoic_acid;chemical;1.0
@CHEMICAL_2_bromobenzoic_acid;@CHEMICAL_2_bromobenzoic_acid;chemical;1.0
@CHEMICAL_2_chloranil;@CHEMICAL_2_chloranil;chemical;1.0
@CHEMICAL_2_chloronaphthalene;@CHEMICAL_2_chloronaphthalene;chemical;1.0
@CHEMICAL_2_coumaranone;@CHEMICAL_2_coumaranone;chemical;1.0
@CHEMICAL_2_cyano_N_((ethylamino)carbonyl)_2_(methoxyimino)acetamide;@CHEMICAL_2_cyano_N_((ethylamino)carbonyl)_2_(methoxyimino)acetamide;chemical;1.0
@CHEMICAL_2_cyanoethylene_oxide;@CHEMICAL_2_cyanoethylene_oxide;chemical;1.0
@CHEMICAL_2_deoxy_2_3_dehydro_N_acetylneuraminic_acid;@CHEMICAL_2_deoxy_2_3_dehydro_N_acetylneuraminic_acid;chemical;1.0
@CHEMICAL_2_ethyl_2_oxazoline;@CHEMICAL_2_ethyl_2_oxazoline;chemical;1.0
@CHEMICAL_2_ethylhydracrylic_acid;@CHEMICAL_2_ethylhydracrylic_acid;chemical;1.0
@CHEMICAL_2_ethylidene_1_5_dimethyl_3_3_diphenylpyrrolidine;@CHEMICAL_2_ethylidene_1_5_dimethyl_3_3_diphenylpyrrolidine;chemical;1.0
@CHEMICAL_2_furoic_acid;@CHEMICAL_2_furoic_acid;chemical;1.0
@CHEMICAL_2_heptanone;@CHEMICAL_2_heptanone;chemical;1.0
@CHEMICAL_2_hydrazinopyridine;@CHEMICAL_2_hydrazinopyridine;chemical;1.0
@CHEMICAL_2_hydroxy_2_methyl_3_butenoic_acid;@CHEMICAL_2_hydroxy_2_methyl_3_butenoic_acid;chemical;1.0
@CHEMICAL_2_hydroxy_4_4'_diamidinostilbene_methanesulfonate_salt;@CHEMICAL_2_hydroxy_4_4'_diamidinostilbene_methanesulfonate_salt;chemical;1.0
@CHEMICAL_2_hydroxy_6_oxo_6_(2_hydroxyphenyl)hexa_2_4_dienoate;@CHEMICAL_2_hydroxy_6_oxo_6_(2_hydroxyphenyl)hexa_2_4_dienoate;chemical;1.0
@CHEMICAL_2_hydroxyadipic_acid;@CHEMICAL_2_hydroxyadipic_acid;chemical;1.0
@CHEMICAL_2_hydroxyethyl_acrylate;@CHEMICAL_2_hydroxyethyl_acrylate;chemical;1.0
@CHEMICAL_2_hydroxynaringenin;@CHEMICAL_2_hydroxynaringenin;chemical;1.0
@CHEMICAL_2_hydroxynicotinic_acid;@CHEMICAL_2_hydroxynicotinic_acid;chemical;1.0
@CHEMICAL_2_hydroxypentanoic_acid;@CHEMICAL_2_hydroxypentanoic_acid;chemical;1.0
@CHEMICAL_2_hydroxypropyl_methacrylamide;@CHEMICAL_2_hydroxypropyl_methacrylamide;chemical;1.0
@CHEMICAL_2_hydroxyterephthalic_acid;@CHEMICAL_2_hydroxyterephthalic_acid;chemical;1.0
@CHEMICAL_2_isopropylmalic_acid;@CHEMICAL_2_isopropylmalic_acid;chemical;1.0
@CHEMICAL_2_ketogluconate;@CHEMICAL_2_ketogluconate;chemical;1.0
@CHEMICAL_2_mercaptobenzimidazole;@CHEMICAL_2_mercaptobenzimidazole;chemical;1.0
@CHEMICAL_2_methacryloyloxyethyl_phosphorylcholine;@CHEMICAL_2_methacryloyloxyethyl_phosphorylcholine;chemical;1.0
@CHEMICAL_2_methoxycinnamaldehyde;@CHEMICAL_2_methoxycinnamaldehyde;chemical;1.0
@CHEMICAL_2_methoxyestrone;@CHEMICAL_2_methoxyestrone;chemical;1.0
@CHEMICAL_2_methyl_2_oxazoline;@CHEMICAL_2_methyl_2_oxazoline;chemical;1.0
@CHEMICAL_2_methyl_3_furanthiol;@CHEMICAL_2_methyl_3_furanthiol;chemical;1.0
@CHEMICAL_2_methyl_3_hydroxybutyric_acid;@CHEMICAL_2_methyl_3_hydroxybutyric_acid;chemical;1.0
@CHEMICAL_2_methyl_D_erythritol_4_phosphate;@CHEMICAL_2_methyl_D_erythritol_4_phosphate;chemical;1.0
@CHEMICAL_2_methyl_N_((2'_(pyrrolidin_1_ylsulfonyl)biphenyl_4_yl)methyl)propan_1_amine;@CHEMICAL_2_methyl_N_((2'_(pyrrolidin_1_ylsulfonyl)biphenyl_4_yl)methyl)propan_1_amine;chemical;1.0
@CHEMICAL_2_methylbenz(a)anthracene;@CHEMICAL_2_methylbenz(a)anthracene;chemical;1.0
@CHEMICAL_2_methylbutanal;@CHEMICAL_2_methylbutanal;chemical;1.0
@CHEMICAL_2_methylcyclopentadienyl_manganese_tricarbonyl;@CHEMICAL_2_methylcyclopentadienyl_manganese_tricarbonyl;chemical;1.0
@CHEMICAL_2_methyldioxolane;@CHEMICAL_2_methyldioxolane;chemical;1.0
@CHEMICAL_2_methylfuran;@CHEMICAL_2_methylfuran;chemical;1.0
@CHEMICAL_2_methylnaphthalene;@CHEMICAL_2_methylnaphthalene;chemical;1.0
@CHEMICAL_2_methylpentane;@CHEMICAL_2_methylpentane;chemical;1.0
@CHEMICAL_2_methylserine;@CHEMICAL_2_methylserine;chemical;1.0
@CHEMICAL_2_naphthoxyacetic_acid;@CHEMICAL_2_naphthoxyacetic_acid;chemical;1.0
@CHEMICAL_2_nitroaniline;@CHEMICAL_2_nitroaniline;chemical;1.0
@CHEMICAL_2_nitrobenzaldehyde;@CHEMICAL_2_nitrobenzaldehyde;chemical;1.0
@CHEMICAL_2_nitrobenzenesulfenyl_chloride;@CHEMICAL_2_nitrobenzenesulfenyl_chloride;chemical;1.0
@CHEMICAL_2_nitrophenyl_octyl_ether;@CHEMICAL_2_nitrophenyl_octyl_ether;chemical;1.0
@CHEMICAL_2_nitrophloroglucinol;@CHEMICAL_2_nitrophloroglucinol;chemical;1.0
@CHEMICAL_2_nonenal;@CHEMICAL_2_nonenal;chemical;1.0
@CHEMICAL_2_oleoylglycerol;@CHEMICAL_2_oleoylglycerol;chemical;1.0
@CHEMICAL_2_phenoxy_1_phenylethanone;@CHEMICAL_2_phenoxy_1_phenylethanone;chemical;1.0
@CHEMICAL_2_phenylacetamide;@CHEMICAL_2_phenylacetamide;chemical;1.0
@CHEMICAL_2_propylthio_D_beta_gamma_difluoromethylene_ATP;@CHEMICAL_2_propylthio_D_beta_gamma_difluoromethylene_ATP;chemical;1.0
@CHEMICAL_2_thiopyridine;@CHEMICAL_2_thiopyridine;chemical;1.0
@CHEMICAL_3'_4'_dimethoxyflavone;@CHEMICAL_3'_4'_dimethoxyflavone;chemical;1.0
@CHEMICAL_3_(1_1_dimethyl_heptyl)_1_hydroxy_9_methoxy_benzo(c)chromen_6_one;@CHEMICAL_3_(1_1_dimethyl_heptyl)_1_hydroxy_9_methoxy_benzo(c)chromen_6_one;chemical;1.0
@CHEMICAL_3_(1_hexylcyclobut_1_yl)_6a_7_8_9_10_10a_hexahydro_6_6_dimethyl_6H_dibenzo(b_d)pyran_1_9_diol;@CHEMICAL_3_(1_hexylcyclobut_1_yl)_6a_7_8_9_10_10a_hexahydro_6_6_dimethyl_6H_dibenzo(b_d)pyran_1_9_diol;chemical;1.0
@CHEMICAL_3_(2_(4_azidobenzamidino)ethyl)_5_hydroxyindole;@CHEMICAL_3_(2_(4_azidobenzamidino)ethyl)_5_hydroxyindole;chemical;1.0
@CHEMICAL_3_(2_2_2_trimethylhydrazine)propionate;@CHEMICAL_3_(2_2_2_trimethylhydrazine)propionate;chemical;1.0
@CHEMICAL_3_(2_phenylethyl)_4_methylsydnone;@CHEMICAL_3_(2_phenylethyl)_4_methylsydnone;chemical;1.0
@CHEMICAL_3_(3_5_dichlorophenyl)_1_methyl_2_5_pyrrolidinedione;@CHEMICAL_3_(3_5_dichlorophenyl)_1_methyl_2_5_pyrrolidinedione;chemical;1.0
@CHEMICAL_3_(3_amino_3_carboxypropyl)uridine;@CHEMICAL_3_(3_amino_3_carboxypropyl)uridine;chemical;1.0
@CHEMICAL_3_(3_hydroxyphenyl)_3_hydroxypropanoic_acid;@CHEMICAL_3_(3_hydroxyphenyl)_3_hydroxypropanoic_acid;chemical;1.0
@CHEMICAL_3_(4_((4_fluoro_4'_methyl_(1_1'_biphenyl)_2_yl)methoxy)phenyl)propanoic_acid;@CHEMICAL_3_(4_((4_fluoro_4'_methyl_(1_1'_biphenyl)_2_yl)methoxy)phenyl)propanoic_acid;chemical;1.0
@CHEMICAL_3_(N_N_dimethylsulfonamido)_4_methyl_nitrobenzene;@CHEMICAL_3_(N_N_dimethylsulfonamido)_4_methyl_nitrobenzene;chemical;1.0
@CHEMICAL_3_(formylhydroxyamino)_2_(3_phenyl_1_propyl)butanoic_acid_(2_2_dimethyl_1_methylcarbamoyl_1_propyl)amide;@CHEMICAL_3_(formylhydroxyamino)_2_(3_phenyl_1_propyl)butanoic_acid_(2_2_dimethyl_1_methylcarbamoyl_1_propyl)amide;chemical;1.0
@CHEMICAL_3_(trimethylsilyl)propanesulfonic_acid;@CHEMICAL_3_(trimethylsilyl)propanesulfonic_acid;chemical;1.0
@CHEMICAL_3_3'_4'_5_6_7_8_heptamethoxyflavone;@CHEMICAL_3_3'_4'_5_6_7_8_heptamethoxyflavone;chemical;1.0
@CHEMICAL_3_3'_dichlorobiphenyl;@CHEMICAL_3_3'_dichlorobiphenyl;chemical;1.0
@CHEMICAL_3_4_5_4'_tetramethoxystilbene;@CHEMICAL_3_4_5_4'_tetramethoxystilbene;chemical;1.0
@CHEMICAL_3_4_9_10_perylenetetracarboxylic_dianhydride;@CHEMICAL_3_4_9_10_perylenetetracarboxylic_dianhydride;chemical;1.0
@CHEMICAL_3_4_diaminobenzoic_acid;@CHEMICAL_3_4_diaminobenzoic_acid;chemical;1.0
@CHEMICAL_3_4_dihydroxymandelic_acid;@CHEMICAL_3_4_dihydroxymandelic_acid;chemical;1.0
@CHEMICAL_3_4_methylenedioxyphenylisobutylamine;@CHEMICAL_3_4_methylenedioxyphenylisobutylamine;chemical;1.0
@CHEMICAL_3_5_bis(4_fluorophenyl)_1_phenyl_1H_pyrazole;@CHEMICAL_3_5_bis(4_fluorophenyl)_1_phenyl_1H_pyrazole;chemical;1.0
@CHEMICAL_3_5_di_tert_butyl_1_2_benzoquinone;@CHEMICAL_3_5_di_tert_butyl_1_2_benzoquinone;chemical;1.0
@CHEMICAL_3_5_di_tert_butyl_4_hydroxybenzaldehyde;@CHEMICAL_3_5_di_tert_butyl_4_hydroxybenzaldehyde;chemical;1.0
@CHEMICAL_3_5_dibromotyrosine;@CHEMICAL_3_5_dibromotyrosine;chemical;1.0
@CHEMICAL_3_5_dichlorotyrosine;@CHEMICAL_3_5_dichlorotyrosine;chemical;1.0
@CHEMICAL_3_5_diisopropylsalicylic_acid;@CHEMICAL_3_5_diisopropylsalicylic_acid;chemical;1.0
@CHEMICAL_3_6_dioxa_1_8_octanedithiol;@CHEMICAL_3_6_dioxa_1_8_octanedithiol;chemical;1.0
@CHEMICAL_3_7_dimethoxy_5_3'_4'_trihydroxyflavone;@CHEMICAL_3_7_dimethoxy_5_3'_4'_trihydroxyflavone;chemical;1.0
@CHEMICAL_3_Deazauridine;@CHEMICAL_3_Deazauridine;chemical;1.0
@CHEMICAL_3_N(4)_ethenodeoxycytidine;@CHEMICAL_3_N(4)_ethenodeoxycytidine;chemical;1.0
@CHEMICAL_3_amino_7_hydroxycoumarin;@CHEMICAL_3_amino_7_hydroxycoumarin;chemical;1.0
@CHEMICAL_3_aminophenol;@CHEMICAL_3_aminophenol;chemical;1.0
@CHEMICAL_3_aminotyrosine;@CHEMICAL_3_aminotyrosine;chemical;1.0
@CHEMICAL_3_buten_2_one;@CHEMICAL_3_buten_2_one;chemical;1.0
@CHEMICAL_3_carboxy_4_methyl_5_propyl_2_furanpropanoic_acid;@CHEMICAL_3_carboxy_4_methyl_5_propyl_2_furanpropanoic_acid;chemical;1.0
@CHEMICAL_3_carene;@CHEMICAL_3_carene;chemical;1.0
@CHEMICAL_3_chloro_6_hydrazino_pyridazine;@CHEMICAL_3_chloro_6_hydrazino_pyridazine;chemical;1.0
@CHEMICAL_3_chloroacetylindole;@CHEMICAL_3_chloroacetylindole;chemical;1.0
@CHEMICAL_3_chloropropyltrimethoxysilane;@CHEMICAL_3_chloropropyltrimethoxysilane;chemical;1.0
@CHEMICAL_3_chlorotyrosine;@CHEMICAL_3_chlorotyrosine;chemical;1.0
@CHEMICAL_3_dehydrocarnitine;@CHEMICAL_3_dehydrocarnitine;chemical;1.0
@CHEMICAL_3_ethoxy_4_hydroxybenzoic_acid;@CHEMICAL_3_ethoxy_4_hydroxybenzoic_acid;chemical;1.0
@CHEMICAL_3_fluoroaniline;@CHEMICAL_3_fluoroaniline;chemical;1.0
@CHEMICAL_3_fluorophenylalanine;@CHEMICAL_3_fluorophenylalanine;chemical;1.0
@CHEMICAL_3_geranyl_4_hydroxybenzoic_acid;@CHEMICAL_3_geranyl_4_hydroxybenzoic_acid;chemical;1.0
@CHEMICAL_3_hydroxy_1_methyl_3_phenyl_2_piperidinone;@CHEMICAL_3_hydroxy_1_methyl_3_phenyl_2_piperidinone;chemical;1.0
@CHEMICAL_3_hydroxy_3_methyl_hexanoic_acid;@CHEMICAL_3_hydroxy_3_methyl_hexanoic_acid;chemical;1.0
@CHEMICAL_3_hydroxy_3_methylglutaryl_coenzyme_A;@CHEMICAL_3_hydroxy_3_methylglutaryl_coenzyme_A;chemical;1.0
@CHEMICAL_3_hydroxy_5_estrane_17_carbonitrile;@CHEMICAL_3_hydroxy_5_estrane_17_carbonitrile;chemical;1.0
@CHEMICAL_3_hydroxyanisole;@CHEMICAL_3_hydroxyanisole;chemical;1.0
@CHEMICAL_3_hydroxyaspartic_acid;@CHEMICAL_3_hydroxyaspartic_acid;chemical;1.0
@CHEMICAL_3_hydroxybenzoyl_coenzyme_A;@CHEMICAL_3_hydroxybenzoyl_coenzyme_A;chemical;1.0
@CHEMICAL_3_hydroxydiploptene;@CHEMICAL_3_hydroxydiploptene;chemical;1.0
@CHEMICAL_3_hydroxyhippuric_acid;@CHEMICAL_3_hydroxyhippuric_acid;chemical;1.0
@CHEMICAL_3_hydroxyindole;@CHEMICAL_3_hydroxyindole;chemical;1.0
@CHEMICAL_3_hydroxyisoheptanoic_acid;@CHEMICAL_3_hydroxyisoheptanoic_acid;chemical;1.0
@CHEMICAL_3_hydroxyisovalerylcarnitine;@CHEMICAL_3_hydroxyisovalerylcarnitine;chemical;1.0
@CHEMICAL_3_hydroxyphloretin;@CHEMICAL_3_hydroxyphloretin;chemical;1.0
@CHEMICAL_3_hydroxypyridine;@CHEMICAL_3_hydroxypyridine;chemical;1.0
@CHEMICAL_3_hydroxyquinaldic_acid;@CHEMICAL_3_hydroxyquinaldic_acid;chemical;1.0
@CHEMICAL_3_ketoabiraterone;@CHEMICAL_3_ketoabiraterone;chemical;1.0
@CHEMICAL_3_methoxy_4_hydroxyphenylglycol_sulfate;@CHEMICAL_3_methoxy_4_hydroxyphenylglycol_sulfate;chemical;1.0
@CHEMICAL_3_methoxyaniline;@CHEMICAL_3_methoxyaniline;chemical;1.0
@CHEMICAL_3_methoxycatechol;@CHEMICAL_3_methoxycatechol;chemical;1.0
@CHEMICAL_3_methyl_2_benzothiazolone_hydrazone;@CHEMICAL_3_methyl_2_benzothiazolone_hydrazone;chemical;1.0
@CHEMICAL_3_methylcatechol_sulfate;@CHEMICAL_3_methylcatechol_sulfate;chemical;1.0
@CHEMICAL_3_methylglutaric_acid;@CHEMICAL_3_methylglutaric_acid;chemical;1.0
@CHEMICAL_3_methylthiopropionate;@CHEMICAL_3_methylthiopropionate;chemical;1.0
@CHEMICAL_3_methylvaleric_acid;@CHEMICAL_3_methylvaleric_acid;chemical;1.0
@CHEMICAL_3_nitrobenzaldehyde;@CHEMICAL_3_nitrobenzaldehyde;chemical;1.0
@CHEMICAL_3_oxo_C12_HSL;@CHEMICAL_3_oxo_C12_HSL;chemical;1.0
@CHEMICAL_3_oxocholan_24_oic_acid;@CHEMICAL_3_oxocholan_24_oic_acid;chemical;1.0
@CHEMICAL_3_oxoglycyrrhetinic_acid;@CHEMICAL_3_oxoglycyrrhetinic_acid;chemical;1.0
@CHEMICAL_3alpha_24_dihydroxylup_20(29)_en_28_oic_acid;@CHEMICAL_3alpha_24_dihydroxylup_20(29)_en_28_oic_acid;chemical;1.0
@CHEMICAL_3beta_methoxyserrat_14_en_21beta_ol;@CHEMICAL_3beta_methoxyserrat_14_en_21beta_ol;chemical;1.0
@CHEMICAL_4'_5_7_trihydroxy_3_6_dimethoxyflavone;@CHEMICAL_4'_5_7_trihydroxy_3_6_dimethoxyflavone;chemical;1.0
@CHEMICAL_4'_bromoflavone;@CHEMICAL_4'_bromoflavone;chemical;1.0
@CHEMICAL_4(5)_phenylimidazole;@CHEMICAL_4(5)_phenylimidazole;chemical;1.0
@CHEMICAL_4_(((4_carboxybutyl)_(2__(5_fluoro_2_((4'_(trifluoromethyl)_biphenyl_4_yl)methoxy)phenyl)ethyl)_amino)methyl)benzoic_acid;@CHEMICAL_4_(((4_carboxybutyl)_(2__(5_fluoro_2_((4'_(trifluoromethyl)_biphenyl_4_yl)methoxy)phenyl)ethyl)_amino)methyl)benzoic_acid;chemical;1.0
@CHEMICAL_4_(((R)_1_(benzo(b)thiophene_3_carbonyl)_2_methyl_azetidine_2_carbonyl)_(3_chloro_benzyl)_amino)_butyric_acid;@CHEMICAL_4_(((R)_1_(benzo(b)thiophene_3_carbonyl)_2_methyl_azetidine_2_carbonyl)_(3_chloro_benzyl)_amino)_butyric_acid;chemical;1.0
@CHEMICAL_4_(1_phenylethyl)_1_3_benzenediol;@CHEMICAL_4_(1_phenylethyl)_1_3_benzenediol;chemical;1.0
@CHEMICAL_4_(2'_pyridyldithio)benzyldiazoacetate;@CHEMICAL_4_(2'_pyridyldithio)benzyldiazoacetate;chemical;1.0
@CHEMICAL_4_(2_6_dichlorobenzoylamino)_1H_pyrazole_3_carboxylic_acid_piperidin_4_ylamide;@CHEMICAL_4_(2_6_dichlorobenzoylamino)_1H_pyrazole_3_carboxylic_acid_piperidin_4_ylamide;chemical;1.0
@CHEMICAL_4_(4_(N_benzoylamino)anilino)_6_methoxy_7_(3_(1_morpholino)propoxy)quinazoline;@CHEMICAL_4_(4_(N_benzoylamino)anilino)_6_methoxy_7_(3_(1_morpholino)propoxy)quinazoline;chemical;1.0
@CHEMICAL_4_(4_dihexadecylaminostyryl)_N_methylpyridium;@CHEMICAL_4_(4_dihexadecylaminostyryl)_N_methylpyridium;chemical;1.0
@CHEMICAL_4_(4_dimethylaminophenylazo)benzoic_acid;@CHEMICAL_4_(4_dimethylaminophenylazo)benzoic_acid;chemical;1.0
@CHEMICAL_4_(N_N_dimethylaminosulfonyl)_7_fluoro_2_1_3_benzoxadiazole;@CHEMICAL_4_(N_N_dimethylaminosulfonyl)_7_fluoro_2_1_3_benzoxadiazole;chemical;1.0
@CHEMICAL_4_(alpha_(4_allyl_2_5_dimethyl_1_piperazinyl)_3_methoxybenzyl)_N_N_diethylbenzamide;@CHEMICAL_4_(alpha_(4_allyl_2_5_dimethyl_1_piperazinyl)_3_methoxybenzyl)_N_N_diethylbenzamide;chemical;1.0
@CHEMICAL_4_(cyclopropylamino)_2_((4_(4_(ethylsulfonyl)piperazin_1_yl)phenyl)amino)pyrimidine_5_carboxamide;@CHEMICAL_4_(cyclopropylamino)_2_((4_(4_(ethylsulfonyl)piperazin_1_yl)phenyl)amino)pyrimidine_5_carboxamide;chemical;1.0
@CHEMICAL_4_(hydroxymethylphosphinoyl)_3_oxobutanoic_acid;@CHEMICAL_4_(hydroxymethylphosphinoyl)_3_oxobutanoic_acid;chemical;1.0
@CHEMICAL_4_(methylnitrosamino)_1_(3_pyridyl)_1_butan_1_ol;@CHEMICAL_4_(methylnitrosamino)_1_(3_pyridyl)_1_butan_1_ol;chemical;1.0
@CHEMICAL_4_(methylnitrosamino)_1_(3_pyridyl)_1_butanol_N_glucuronide;@CHEMICAL_4_(methylnitrosamino)_1_(3_pyridyl)_1_butanol_N_glucuronide;chemical;1.0
@CHEMICAL_4_(trifluoromethyl)benzyl_alcohol;@CHEMICAL_4_(trifluoromethyl)benzyl_alcohol;chemical;1.0
@CHEMICAL_4_4'_azobis(4_cyanovaleric_acid);@CHEMICAL_4_4'_azobis(4_cyanovaleric_acid);chemical;1.0
@CHEMICAL_4_4'_diaminoazobenzene;@CHEMICAL_4_4'_diaminoazobenzene;chemical;1.0
@CHEMICAL_4_4'_dibenzamido_2_2'_stilbenedisulfonic_acid;@CHEMICAL_4_4'_dibenzamido_2_2'_stilbenedisulfonic_acid;chemical;1.0
@CHEMICAL_4_4'_dichloro_diphenyl_diselenide;@CHEMICAL_4_4'_dichloro_diphenyl_diselenide;chemical;1.0
@CHEMICAL_4_4'_diphenylmethane_diisocyanate;@CHEMICAL_4_4'_diphenylmethane_diisocyanate;chemical;1.0
@CHEMICAL_4_4'_stilbenedicarboxylic_acid;@CHEMICAL_4_4'_stilbenedicarboxylic_acid;chemical;1.0
@CHEMICAL_4_4_dimethylcholesta_8_14_dien_3_ol;@CHEMICAL_4_4_dimethylcholesta_8_14_dien_3_ol;chemical;1.0
@CHEMICAL_4_5_diaminofluorescein;@CHEMICAL_4_5_diaminofluorescein;chemical;1.0
@CHEMICAL_4_5_dibromofluorescein;@CHEMICAL_4_5_dibromofluorescein;chemical;1.0
@CHEMICAL_4_5_dihydroorotic_acid;@CHEMICAL_4_5_dihydroorotic_acid;chemical;1.0
@CHEMICAL_4_6_dideoxy_4_(3_hydroxy_3_methylbutanamido)_2_O_methylglucopyranose;@CHEMICAL_4_6_dideoxy_4_(3_hydroxy_3_methylbutanamido)_2_O_methylglucopyranose;chemical;1.0
@CHEMICAL_4_8_dimethoxy_7_hydroxyfuro(2_3_b)quinoline;@CHEMICAL_4_8_dimethoxy_7_hydroxyfuro(2_3_b)quinoline;chemical;1.0
@CHEMICAL_4_MPSF;@CHEMICAL_4_MPSF;chemical;1.0
@CHEMICAL_4_O_methylhonokiol;@CHEMICAL_4_O_methylhonokiol;chemical;1.0
@CHEMICAL_4_acetylantroquinonol_B;@CHEMICAL_4_acetylantroquinonol_B;chemical;1.0
@CHEMICAL_4_amino_2_(S_cysteinyl)butyric_acid;@CHEMICAL_4_amino_2_(S_cysteinyl)butyric_acid;chemical;1.0
@CHEMICAL_4_amino_2_hydroxybutyric_acid;@CHEMICAL_4_amino_2_hydroxybutyric_acid;chemical;1.0
@CHEMICAL_4_amino_4_deoxyarabinose;@CHEMICAL_4_amino_4_deoxyarabinose;chemical;1.0
@CHEMICAL_4_amino_5_hydrazino_1_2_4_triazole_3_thiol;@CHEMICAL_4_amino_5_hydrazino_1_2_4_triazole_3_thiol;chemical;1.0
@CHEMICAL_4_aminoacetophenone;@CHEMICAL_4_aminoacetophenone;chemical;1.0
@CHEMICAL_4_aminobenzoylglutamic_acid;@CHEMICAL_4_aminobenzoylglutamic_acid;chemical;1.0
@CHEMICAL_4_aminobutyraldehyde;@CHEMICAL_4_aminobutyraldehyde;chemical;1.0
@CHEMICAL_4_aminocyclohexanol;@CHEMICAL_4_aminocyclohexanol;chemical;1.0
@CHEMICAL_4_aminomethylbenzoic_acid;@CHEMICAL_4_aminomethylbenzoic_acid;chemical;1.0
@CHEMICAL_4_amylcinnamoylanthranilic_acid;@CHEMICAL_4_amylcinnamoylanthranilic_acid;chemical;1.0
@CHEMICAL_4_anisic_acid;@CHEMICAL_4_anisic_acid;chemical;1.0
@CHEMICAL_4_benzoylbutyric_acid;@CHEMICAL_4_benzoylbutyric_acid;chemical;1.0
@CHEMICAL_4_boronic_acid_benzophenone;@CHEMICAL_4_boronic_acid_benzophenone;chemical;1.0
@CHEMICAL_4_bromophenol;@CHEMICAL_4_bromophenol;chemical;1.0
@CHEMICAL_4_chloroacetanilide;@CHEMICAL_4_chloroacetanilide;chemical;1.0
@CHEMICAL_4_chlorocatechol;@CHEMICAL_4_chlorocatechol;chemical;1.0
@CHEMICAL_4_chlorophenoxyacetic_acid;@CHEMICAL_4_chlorophenoxyacetic_acid;chemical;1.0
@CHEMICAL_4_dihydro_9_hydroxy_1_methyl_10_oxo_3_H_naphtho_(2_3_c)_pyran_3_acetic_acid;@CHEMICAL_4_dihydro_9_hydroxy_1_methyl_10_oxo_3_H_naphtho_(2_3_c)_pyran_3_acetic_acid;chemical;1.0
@CHEMICAL_4_dimethylaminocinnamaldehyde;@CHEMICAL_4_dimethylaminocinnamaldehyde;chemical;1.0
@CHEMICAL_4_ethoxymethylphenol;@CHEMICAL_4_ethoxymethylphenol;chemical;1.0
@CHEMICAL_4_ethylguaiacol;@CHEMICAL_4_ethylguaiacol;chemical;1.0
@CHEMICAL_4_ethylphenyl_sulfate;@CHEMICAL_4_ethylphenyl_sulfate;chemical;1.0
@CHEMICAL_4_ethyltoluene;@CHEMICAL_4_ethyltoluene;chemical;1.0
@CHEMICAL_4_fluorofentanyl;@CHEMICAL_4_fluorofentanyl;chemical;1.0
@CHEMICAL_4_fluorophenol;@CHEMICAL_4_fluorophenol;chemical;1.0
@CHEMICAL_4_hexanolide;@CHEMICAL_4_hexanolide;chemical;1.0
@CHEMICAL_4_hydroxy_3_methyl_2_butenyl_diphosphate;@CHEMICAL_4_hydroxy_3_methyl_2_butenyl_diphosphate;chemical;1.0
@CHEMICAL_4_hydroxy_6_methyl_2_pyrone;@CHEMICAL_4_hydroxy_6_methyl_2_pyrone;chemical;1.0
@CHEMICAL_4_hydroxybenzamide;@CHEMICAL_4_hydroxybenzamide;chemical;1.0
@CHEMICAL_4_hydroxybenzoyl_coenzyme_A;@CHEMICAL_4_hydroxybenzoyl_coenzyme_A;chemical;1.0
@CHEMICAL_4_hydroxybenzyl_alcohol;@CHEMICAL_4_hydroxybenzyl_alcohol;chemical;1.0
@CHEMICAL_4_hydroxychlorpropham;@CHEMICAL_4_hydroxychlorpropham;chemical;1.0
@CHEMICAL_4_hydroxyisophthalic_acid;@CHEMICAL_4_hydroxyisophthalic_acid;chemical;1.0
@CHEMICAL_4_hydroxyphenoxyacetic_acid;@CHEMICAL_4_hydroxyphenoxyacetic_acid;chemical;1.0
@CHEMICAL_4_hydroxyphenylacetaldehyde;@CHEMICAL_4_hydroxyphenylacetaldehyde;chemical;1.0
@CHEMICAL_4_hydroxyphenylglycine;@CHEMICAL_4_hydroxyphenylglycine;chemical;1.0
@CHEMICAL_4_hydroxyphenytoin_glucuronide;@CHEMICAL_4_hydroxyphenytoin_glucuronide;chemical;1.0
@CHEMICAL_4_hydroxyquinoline;@CHEMICAL_4_hydroxyquinoline;chemical;1.0
@CHEMICAL_4_iodo_2_5_dimethoxyphenylisopropylamine;@CHEMICAL_4_iodo_2_5_dimethoxyphenylisopropylamine;chemical;1.0
@CHEMICAL_4_iodophenylalanine;@CHEMICAL_4_iodophenylalanine;chemical;1.0
@CHEMICAL_4_isopropylphenol;@CHEMICAL_4_isopropylphenol;chemical;1.0
@CHEMICAL_4_ketocyclohexanecarboxylic_acid;@CHEMICAL_4_ketocyclohexanecarboxylic_acid;chemical;1.0
@CHEMICAL_4_ketoproline;@CHEMICAL_4_ketoproline;chemical;1.0
@CHEMICAL_4_mercaptobutyramidine;@CHEMICAL_4_mercaptobutyramidine;chemical;1.0
@CHEMICAL_4_mercaptophenol;@CHEMICAL_4_mercaptophenol;chemical;1.0
@CHEMICAL_4_methacryloxyethyltrimellitic_acid_anhydride;@CHEMICAL_4_methacryloxyethyltrimellitic_acid_anhydride;chemical;1.0
@CHEMICAL_4_methoxybenzoic_acid;@CHEMICAL_4_methoxybenzoic_acid;chemical;1.0
@CHEMICAL_4_methoxybenzylamine;@CHEMICAL_4_methoxybenzylamine;chemical;1.0
@CHEMICAL_4_methoxycinnamic_acid;@CHEMICAL_4_methoxycinnamic_acid;chemical;1.0
@CHEMICAL_4_methoxymethamphetamine;@CHEMICAL_4_methoxymethamphetamine;chemical;1.0
@CHEMICAL_4_methylmorpholine_N_oxide;@CHEMICAL_4_methylmorpholine_N_oxide;chemical;1.0
@CHEMICAL_4_methylquinoline;@CHEMICAL_4_methylquinoline;chemical;1.0
@CHEMICAL_4_methylumbelliferyl_oleate;@CHEMICAL_4_methylumbelliferyl_oleate;chemical;1.0
@CHEMICAL_4_nitrocatechol;@CHEMICAL_4_nitrocatechol;chemical;1.0
@CHEMICAL_4_nitrophenyl_alpha_glucoside;@CHEMICAL_4_nitrophenyl_alpha_glucoside;chemical;1.0
@CHEMICAL_4_nitropyridine_1_oxide;@CHEMICAL_4_nitropyridine_1_oxide;chemical;1.0
@CHEMICAL_4_nitroquinolone_1_oxide;@CHEMICAL_4_nitroquinolone_1_oxide;chemical;1.0
@CHEMICAL_4_nitrotoluene;@CHEMICAL_4_nitrotoluene;chemical;1.0
@CHEMICAL_4_oxo_6_hydroxyheptanoic_acid;@CHEMICAL_4_oxo_6_hydroxyheptanoic_acid;chemical;1.0
@CHEMICAL_4_oxoretinoic_acid;@CHEMICAL_4_oxoretinoic_acid;chemical;1.0
@CHEMICAL_4_pentynoic_acid;@CHEMICAL_4_pentynoic_acid;chemical;1.0
@CHEMICAL_4_piperidinecarboxylic_acid;@CHEMICAL_4_piperidinecarboxylic_acid;chemical;1.0
@CHEMICAL_4_propionyloxy_4_phenyl_N_methylpiperidine;@CHEMICAL_4_propionyloxy_4_phenyl_N_methylpiperidine;chemical;1.0
@CHEMICAL_4_propylguaiacol;@CHEMICAL_4_propylguaiacol;chemical;1.0
@CHEMICAL_4_sulfanilic_acid;@CHEMICAL_4_sulfanilic_acid;chemical;1.0
@CHEMICAL_4_trifluoromethylbenzamidoxime;@CHEMICAL_4_trifluoromethylbenzamidoxime;chemical;1.0
@CHEMICAL_4_vinylphenol;@CHEMICAL_4_vinylphenol;chemical;1.0
@CHEMICAL_4_vinylsyringol;@CHEMICAL_4_vinylsyringol;chemical;1.0
@CHEMICAL_5'_hydroxythalidomide;@CHEMICAL_5'_hydroxythalidomide;chemical;1.0
@CHEMICAL_5F_AMB;@CHEMICAL_5F_AMB;chemical;1.0
@CHEMICAL_5F_MDMB_PICA;@CHEMICAL_5F_MDMB_PICA;chemical;1.0
@CHEMICAL_5_(2'_naphthyl)_7_4_chlorophenyl_(2_3_6_8_tetrahydro)pyrrolo_(3_4_e)(1_4)_diazepine_6_thioxo_8_(1H_7H)one;@CHEMICAL_5_(2'_naphthyl)_7_4_chlorophenyl_(2_3_6_8_tetrahydro)pyrrolo_(3_4_e)(1_4)_diazepine_6_thioxo_8_(1H_7H)one;chemical;1.0
@CHEMICAL_5_(N_N_hexamethylene)amiloride;@CHEMICAL_5_(N_N_hexamethylene)amiloride;chemical;1.0
@CHEMICAL_5_10_15_20_tetraphenylporphyrin;@CHEMICAL_5_10_15_20_tetraphenylporphyrin;chemical;1.0
@CHEMICAL_5_12_20_trihydroxy_6_8_10_14_eicosatetraenoic_acid;@CHEMICAL_5_12_20_trihydroxy_6_8_10_14_eicosatetraenoic_acid;chemical;1.0
@CHEMICAL_5_5'_dihydroxylysylnorleucine;@CHEMICAL_5_5'_dihydroxylysylnorleucine;chemical;1.0
@CHEMICAL_5_6_7_4'_tetrahydroxyflavonol_3_O_rutinoside;@CHEMICAL_5_6_7_4'_tetrahydroxyflavonol_3_O_rutinoside;chemical;1.0
@CHEMICAL_5_6_7_8_tetrahydromethanopterin;@CHEMICAL_5_6_7_8_tetrahydromethanopterin;chemical;1.0
@CHEMICAL_5_6_dihydrothymine;@CHEMICAL_5_6_dihydrothymine;chemical;1.0
@CHEMICAL_5_6_dihydroxy_7_9_11_14_eicosatetraenoic_acid;@CHEMICAL_5_6_dihydroxy_7_9_11_14_eicosatetraenoic_acid;chemical;1.0
@CHEMICAL_5_7_Dihydroxytryptamine;@CHEMICAL_5_7_Dihydroxytryptamine;chemical;1.0
@CHEMICAL_5_7_dimethoxycoumarin;@CHEMICAL_5_7_dimethoxycoumarin;chemical;1.0
@CHEMICAL_5_O_methylvisamminol;@CHEMICAL_5_O_methylvisamminol;chemical;1.0
@CHEMICAL_5_acetylamino_6_formylamino_3_methyluracil;@CHEMICAL_5_acetylamino_6_formylamino_3_methyluracil;chemical;1.0
@CHEMICAL_5_amino_1H_tetrazole;@CHEMICAL_5_amino_1H_tetrazole;chemical;1.0
@CHEMICAL_5_amino_1_naphthol;@CHEMICAL_5_amino_1_naphthol;chemical;1.0
@CHEMICAL_5_aminoorotic_acid;@CHEMICAL_5_aminoorotic_acid;chemical;1.0
@CHEMICAL_5_carbomethoxymethyl_2_thiouridine;@CHEMICAL_5_carbomethoxymethyl_2_thiouridine;chemical;1.0
@CHEMICAL_5_chloro_2_methyl_4_isothiazolin_3_one;@CHEMICAL_5_chloro_2_methyl_4_isothiazolin_3_one;chemical;1.0
@CHEMICAL_5_chloro_3_tert_butyl_2'_chloro_4'_nitrosalicylanilide;@CHEMICAL_5_chloro_3_tert_butyl_2'_chloro_4'_nitrosalicylanilide;chemical;1.0
@CHEMICAL_5_chloro_8_hydroxy_3_4_dihydro_3_methylisocoumarin_7_carboxylic_acid;@CHEMICAL_5_chloro_8_hydroxy_3_4_dihydro_3_methylisocoumarin_7_carboxylic_acid;chemical;1.0
@CHEMICAL_5_chloro_8_hydroxyquinoline;@CHEMICAL_5_chloro_8_hydroxyquinoline;chemical;1.0
@CHEMICAL_5_chlorocytosine;@CHEMICAL_5_chlorocytosine;chemical;1.0
@CHEMICAL_5_demethylnobiletin;@CHEMICAL_5_demethylnobiletin;chemical;1.0
@CHEMICAL_5_deoxykaempferol;@CHEMICAL_5_deoxykaempferol;chemical;1.0
@CHEMICAL_5_ethylamino_9__diethylaminobenzo(a)phenoxazinium;@CHEMICAL_5_ethylamino_9__diethylaminobenzo(a)phenoxazinium;chemical;1.0
@CHEMICAL_5_ethynylcytidine;@CHEMICAL_5_ethynylcytidine;chemical;1.0
@CHEMICAL_5_fluoroorotic_acid;@CHEMICAL_5_fluoroorotic_acid;chemical;1.0
@CHEMICAL_5_formyluracil;@CHEMICAL_5_formyluracil;chemical;1.0
@CHEMICAL_5_geranyloxy_7_methoxycoumarin;@CHEMICAL_5_geranyloxy_7_methoxycoumarin;chemical;1.0
@CHEMICAL_5_hydroxydiclofenac;@CHEMICAL_5_hydroxydiclofenac;chemical;1.0
@CHEMICAL_5_hydroxydopamine;@CHEMICAL_5_hydroxydopamine;chemical;1.0
@CHEMICAL_5_hydroxykynurenine;@CHEMICAL_5_hydroxykynurenine;chemical;1.0
@CHEMICAL_5_hydroxymethyl_2'_deoxycytidine;@CHEMICAL_5_hydroxymethyl_2'_deoxycytidine;chemical;1.0
@CHEMICAL_5_hydroxymethyluracil;@CHEMICAL_5_hydroxymethyluracil;chemical;1.0
@CHEMICAL_5_hydroxysaxagliptin;@CHEMICAL_5_hydroxysaxagliptin;chemical;1.0
@CHEMICAL_5_hydroxythalidomide;@CHEMICAL_5_hydroxythalidomide;chemical;1.0
@CHEMICAL_5_methoxy_1_methyl_2_(n_propylamino)tetralin;@CHEMICAL_5_methoxy_1_methyl_2_(n_propylamino)tetralin;chemical;1.0
@CHEMICAL_5_methoxysalicylic_acid;@CHEMICAL_5_methoxysalicylic_acid;chemical;1.0
@CHEMICAL_5_methyldeoxycytidine;@CHEMICAL_5_methyldeoxycytidine;chemical;1.0
@CHEMICAL_5_nitro_2_(3_phenylpropylamino)benzoic_acid;@CHEMICAL_5_nitro_2_(3_phenylpropylamino)benzoic_acid;chemical;1.0
@CHEMICAL_5_oxo_6_8_11_14_eicosatetraenoic_acid;@CHEMICAL_5_oxo_6_8_11_14_eicosatetraenoic_acid;chemical;1.0
@CHEMICAL_5_phenylvaleric_acid;@CHEMICAL_5_phenylvaleric_acid;chemical;1.0
@CHEMICAL_68Ga_DOTANOC;@CHEMICAL_68Ga_DOTANOC;chemical;1.0
@CHEMICAL_68Ga_pentixafor;@CHEMICAL_68Ga_pentixafor;chemical;1.0
@CHEMICAL_6_((3_chloro)anilino)_2_(isopropyl_2_hydroxyethylamino)_9_isopropylpurine;@CHEMICAL_6_((3_chloro)anilino)_2_(isopropyl_2_hydroxyethylamino)_9_isopropylpurine;chemical;1.0
@CHEMICAL_6_((3_methylbut_2_en_1_yl)amino)purine;@CHEMICAL_6_((3_methylbut_2_en_1_yl)amino)purine;chemical;1.0
@CHEMICAL_6_Aminonicotinamide;@CHEMICAL_6_Aminonicotinamide;chemical;1.0
@CHEMICAL_6_N_N_diethyl_beta_gamma_dibromomethylene_D_ATP;@CHEMICAL_6_N_N_diethyl_beta_gamma_dibromomethylene_D_ATP;chemical;1.0
@CHEMICAL_6_OHMEA;@CHEMICAL_6_OHMEA;chemical;1.0
@CHEMICAL_6_OH_BDE_47;@CHEMICAL_6_OH_BDE_47;chemical;1.0
@CHEMICAL_6_beta_hydroxycortisol;@CHEMICAL_6_beta_hydroxycortisol;chemical;1.0
@CHEMICAL_6_beta_hydroxynaltrexone;@CHEMICAL_6_beta_hydroxynaltrexone;chemical;1.0
@CHEMICAL_6_bromo_2_naphthyl_sulfate;@CHEMICAL_6_bromo_2_naphthyl_sulfate;chemical;1.0
@CHEMICAL_6_carboxypterin;@CHEMICAL_6_carboxypterin;chemical;1.0
@CHEMICAL_6_chloromelatonin;@CHEMICAL_6_chloromelatonin;chemical;1.0
@CHEMICAL_6_fluorodopamine;@CHEMICAL_6_fluorodopamine;chemical;1.0
@CHEMICAL_6_fluoromevalonolactone;@CHEMICAL_6_fluoromevalonolactone;chemical;1.0
@CHEMICAL_6_hydroxy_1H_indole_3_acetamide;@CHEMICAL_6_hydroxy_1H_indole_3_acetamide;chemical;1.0
@CHEMICAL_6_hydroxychrysene;@CHEMICAL_6_hydroxychrysene;chemical;1.0
@CHEMICAL_6_hydroxydopa_quinone;@CHEMICAL_6_hydroxydopa_quinone;chemical;1.0
@CHEMICAL_6_hydroxyindole;@CHEMICAL_6_hydroxyindole;chemical;1.0
@CHEMICAL_6_hydroxynicotine;@CHEMICAL_6_hydroxynicotine;chemical;1.0
@CHEMICAL_6_methylchrysene;@CHEMICAL_6_methylchrysene;chemical;1.0
@CHEMICAL_6_methylprednisolone_21_hemisuberate_N_N_N'_triethylenediamine_amide;@CHEMICAL_6_methylprednisolone_21_hemisuberate_N_N_N'_triethylenediamine_amide;chemical;1.0
@CHEMICAL_6_methylquinoline;@CHEMICAL_6_methylquinoline;chemical;1.0
@CHEMICAL_6_phosphogluconolactone;@CHEMICAL_6_phosphogluconolactone;chemical;1.0
@CHEMICAL_6_prenylnaringenin;@CHEMICAL_6_prenylnaringenin;chemical;1.0
@CHEMICAL_6_sulfatoxymelatonin;@CHEMICAL_6_sulfatoxymelatonin;chemical;1.0
@CHEMICAL_7_4'_dihydroxyflavone;@CHEMICAL_7_4'_dihydroxyflavone;chemical;1.0
@CHEMICAL_7_7'_biphyscion;@CHEMICAL_7_7'_biphyscion;chemical;1.0
@CHEMICAL_7_7_diphenyl_2_(1_imino_2_(2_methoxyphenyl)ethyl)perhydroisoindol_4_one;@CHEMICAL_7_7_diphenyl_2_(1_imino_2_(2_methoxyphenyl)ethyl)perhydroisoindol_4_one;chemical;1.0
@CHEMICAL_7_aminoactinomycin_D;@CHEMICAL_7_aminoactinomycin_D;chemical;1.0
@CHEMICAL_7_aminodesacetoxycephalosporanic_acid;@CHEMICAL_7_aminodesacetoxycephalosporanic_acid;chemical;1.0
@CHEMICAL_7_chloro_5_(2_isopropylphenyl)_3_5_dihydro_4_1_benzothiazepin_2_(1H)_one;@CHEMICAL_7_chloro_5_(2_isopropylphenyl)_3_5_dihydro_4_1_benzothiazepin_2_(1H)_one;chemical;1.0
@CHEMICAL_7_deazaadenine;@CHEMICAL_7_deazaadenine;chemical;1.0
@CHEMICAL_7_deazapurine;@CHEMICAL_7_deazapurine;chemical;1.0
@CHEMICAL_7_desacetoxy_6_7_dehydrogedunin;@CHEMICAL_7_desacetoxy_6_7_dehydrogedunin;chemical;1.0
@CHEMICAL_7_ethoxy_4_trifluoromethylcoumarin;@CHEMICAL_7_ethoxy_4_trifluoromethylcoumarin;chemical;1.0
@CHEMICAL_7_ethoxycoumarin;@CHEMICAL_7_ethoxycoumarin;chemical;1.0
@CHEMICAL_7_hydroxy_4_methylcoumarin;@CHEMICAL_7_hydroxy_4_methylcoumarin;chemical;1.0
@CHEMICAL_7_hydroxyindole;@CHEMICAL_7_hydroxyindole;chemical;1.0
@CHEMICAL_7_ketolithocholic_acid;@CHEMICAL_7_ketolithocholic_acid;chemical;1.0
@CHEMICAL_7_methyl_6_7_8_9_14_15_hexahydro_5H_benz(d)indolo(2_3_g)azecine;@CHEMICAL_7_methyl_6_7_8_9_14_15_hexahydro_5H_benz(d)indolo(2_3_g)azecine;chemical;1.0
@CHEMICAL_7_methyl_6_thio_guanosine;@CHEMICAL_7_methyl_6_thio_guanosine;chemical;1.0
@CHEMICAL_7alpha_11beta_dimethyl_19_nortestosterone;@CHEMICAL_7alpha_11beta_dimethyl_19_nortestosterone;chemical;1.0
@CHEMICAL_8_(4_sulfophenyl)theophylline;@CHEMICAL_8_(4_sulfophenyl)theophylline;chemical;1.0
@CHEMICAL_8_15_leukotriene_B4;@CHEMICAL_8_15_leukotriene_B4;chemical;1.0
@CHEMICAL_8_8'_bieckol;@CHEMICAL_8_8'_bieckol;chemical;1.0
@CHEMICAL_8_9_epoxyeicosatrienoic_acid;@CHEMICAL_8_9_epoxyeicosatrienoic_acid;chemical;1.0
@CHEMICAL_8_aminopyrene_1_3_6_trisulfonic_acid;@CHEMICAL_8_aminopyrene_1_3_6_trisulfonic_acid;chemical;1.0
@CHEMICAL_8_azaadenosine;@CHEMICAL_8_azaadenosine;chemical;1.0
@CHEMICAL_8_chloro_3_pentyl_1H_purine_2_6(3H_7H)_dione;@CHEMICAL_8_chloro_3_pentyl_1H_purine_2_6(3H_7H)_dione;chemical;1.0
@CHEMICAL_8_gingerol;@CHEMICAL_8_gingerol;chemical;1.0
@CHEMICAL_8_hydroxy_5_7_dimethoxyflavanone;@CHEMICAL_8_hydroxy_5_7_dimethoxyflavanone;chemical;1.0
@CHEMICAL_8_hydroxyefavirenz;@CHEMICAL_8_hydroxyefavirenz;chemical;1.0
@CHEMICAL_8_hydroxyeicosatetraenoic_acid;@CHEMICAL_8_hydroxyeicosatetraenoic_acid;chemical;1.0
@CHEMICAL_8_quinolyl_phosphate;@CHEMICAL_8_quinolyl_phosphate;chemical;1.0
@CHEMICAL_90Y_octreotide_DOTA_Tyr(3)_;@CHEMICAL_90Y_octreotide_DOTA_Tyr(3)_;chemical;1.0
@CHEMICAL_9H_purine_9_propanamine_6_amino_8_((6_iodo_1_3_benzodioxol_5_yl)thio)_N_(1_methylethyl)_;@CHEMICAL_9H_purine_9_propanamine_6_amino_8_((6_iodo_1_3_benzodioxol_5_yl)thio)_N_(1_methylethyl)_;chemical;1.0
@CHEMICAL_9_(2_3_dihydroxypropyl)adenine;@CHEMICAL_9_(2_3_dihydroxypropyl)adenine;chemical;1.0
@CHEMICAL_9_11_linoleic_acid;@CHEMICAL_9_11_linoleic_acid;chemical;1.0
@CHEMICAL_9_alpha_11_alpha_15_alpha_trihydroxy_16_phenoxy_17_18_19_20_tetranorprosta_4_5_13_trienoic_acid;@CHEMICAL_9_alpha_11_alpha_15_alpha_trihydroxy_16_phenoxy_17_18_19_20_tetranorprosta_4_5_13_trienoic_acid;chemical;1.0
@CHEMICAL_9_anthroic_acid;@CHEMICAL_9_anthroic_acid;chemical;1.0
@CHEMICAL_9_cis_4_oxo_13_14_dihydro_retinoic_acid;@CHEMICAL_9_cis_4_oxo_13_14_dihydro_retinoic_acid;chemical;1.0
@CHEMICAL_9_hydroxy_4_androstene_3_17_dione;@CHEMICAL_9_hydroxy_4_androstene_3_17_dione;chemical;1.0
@CHEMICAL_9_methylguanine;@CHEMICAL_9_methylguanine;chemical;1.0
@CHEMICAL_9_oxononanoic_acid;@CHEMICAL_9_oxononanoic_acid;chemical;1.0
@CHEMICAL_9_phenanthrol;@CHEMICAL_9_phenanthrol;chemical;1.0
@CHEMICAL_A3080;@CHEMICAL_A3080;chemical;1.0
@CHEMICAL_ABVD_protocol;@CHEMICAL_ABVD_protocol;chemical;1.0
@CHEMICAL_AB_CHMINACA;@CHEMICAL_AB_CHMINACA;chemical;1.0
@CHEMICAL_AB_PINACA;@CHEMICAL_AB_PINACA;chemical;1.0
@CHEMICAL_AC_DDTC;@CHEMICAL_AC_DDTC;chemical;1.0
@CHEMICAL_AC_protocol;@CHEMICAL_AC_protocol;chemical;1.0
@CHEMICAL_AF38469;@CHEMICAL_AF38469;chemical;1.0
@CHEMICAL_AGI_5198;@CHEMICAL_AGI_5198;chemical;1.0
@CHEMICAL_AGP_527;@CHEMICAL_AGP_527;chemical;1.0
@CHEMICAL_AMB_FUBINACA;@CHEMICAL_AMB_FUBINACA;chemical;1.0
@CHEMICAL_AP14145;@CHEMICAL_AP14145;chemical;1.0
@CHEMICAL_AP4G;@CHEMICAL_AP4G;chemical;1.0
@CHEMICAL_AP_1903_reagent;@CHEMICAL_AP_1903_reagent;chemical;1.0
@CHEMICAL_AR_A014418;@CHEMICAL_AR_A014418;chemical;1.0
@CHEMICAL_ASA_Q;@CHEMICAL_ASA_Q;chemical;1.0
@CHEMICAL_ASP2151;@CHEMICAL_ASP2151;chemical;1.0
@CHEMICAL_AS_703026;@CHEMICAL_AS_703026;chemical;1.0
@CHEMICAL_ATI_2341;@CHEMICAL_ATI_2341;chemical;1.0
@CHEMICAL_AVM_protocol;@CHEMICAL_AVM_protocol;chemical;1.0
@CHEMICAL_AZ10606120;@CHEMICAL_AZ10606120;chemical;1.0
@CHEMICAL_AZ5104;@CHEMICAL_AZ5104;chemical;1.0
@CHEMICAL_AZD2461;@CHEMICAL_AZD2461;chemical;1.0
@CHEMICAL_AZD2811;@CHEMICAL_AZD2811;chemical;1.0
@CHEMICAL_AZD5582;@CHEMICAL_AZD5582;chemical;1.0
@CHEMICAL_AZD8186;@CHEMICAL_AZD8186;chemical;1.0
@CHEMICAL_AZD8797;@CHEMICAL_AZD8797;chemical;1.0
@CHEMICAL_AZD9668;@CHEMICAL_AZD9668;chemical;1.0
@CHEMICAL_AZ_505;@CHEMICAL_AZ_505;chemical;1.0
@CHEMICAL_AZ_628;@CHEMICAL_AZ_628;chemical;1.0
@CHEMICAL_A_1155463;@CHEMICAL_A_1155463;chemical;1.0
@CHEMICAL_A_317491;@CHEMICAL_A_317491;chemical;1.0
@CHEMICAL_Acenocoumarol;@CHEMICAL_Acenocoumarol;chemical;1.0
@CHEMICAL_Acid_Orange_II;@CHEMICAL_Acid_Orange_II;chemical;1.0
@CHEMICAL_Acrylates;@CHEMICAL_Acrylates;chemical;1.0
@CHEMICAL_Acyclic_Monoterpenes;@CHEMICAL_Acyclic_Monoterpenes;chemical;1.0
@CHEMICAL_Adapalene;@CHEMICAL_Adapalene;chemical;1.0
@CHEMICAL_Addavax;@CHEMICAL_Addavax;chemical;1.0
@CHEMICAL_AdipoRon;@CHEMICAL_AdipoRon;chemical;1.0
@CHEMICAL_AgBiS2;@CHEMICAL_AgBiS2;chemical;1.0
@CHEMICAL_Ajmaline;@CHEMICAL_Ajmaline;chemical;1.0
@CHEMICAL_Aldicarb;@CHEMICAL_Aldicarb;chemical;1.0
@CHEMICAL_Algestone;@CHEMICAL_Algestone;chemical;1.0
@CHEMICAL_Allethrins;@CHEMICAL_Allethrins;chemical;1.0
@CHEMICAL_Allylamine;@CHEMICAL_Allylamine;chemical;1.0
@CHEMICAL_Amaryllidaceae_Alkaloids;@CHEMICAL_Amaryllidaceae_Alkaloids;chemical;1.0
@CHEMICAL_Aminoacetonitrile;@CHEMICAL_Aminoacetonitrile;chemical;1.0
@CHEMICAL_Aminocaproates;@CHEMICAL_Aminocaproates;chemical;1.0
@CHEMICAL_Amlodipine_Besylate_Olmesartan_Medoxomil_Drug_Combination;@CHEMICAL_Amlodipine_Besylate_Olmesartan_Medoxomil_Drug_Combination;chemical;1.0
@CHEMICAL_Amlodipine_Valsartan_Drug_Combination;@CHEMICAL_Amlodipine_Valsartan_Drug_Combination;chemical;1.0
@CHEMICAL_Amsacrine;@CHEMICAL_Amsacrine;chemical;1.0
@CHEMICAL_Anacardic_Acids;@CHEMICAL_Anacardic_Acids;chemical;1.0
@CHEMICAL_Angiotensin_Amide;@CHEMICAL_Angiotensin_Amide;chemical;1.0
@CHEMICAL_Aniline_Mustard;@CHEMICAL_Aniline_Mustard;chemical;1.0
@CHEMICAL_Apelin;@CHEMICAL_Apelin;chemical;1.0
@CHEMICAL_Aphidicolin;@CHEMICAL_Aphidicolin;chemical;1.0
@CHEMICAL_Arsenazo_III;@CHEMICAL_Arsenazo_III;chemical;1.0
@CHEMICAL_Arylsulfonates;@CHEMICAL_Arylsulfonates;chemical;1.0
@CHEMICAL_Aziridines;@CHEMICAL_Aziridines;chemical;1.0
@CHEMICAL_Azure_B;@CHEMICAL_Azure_B;chemical;1.0
@CHEMICAL_BAETA;@CHEMICAL_BAETA;chemical;1.0
@CHEMICAL_BAY_1101042;@CHEMICAL_BAY_1101042;chemical;1.0
@CHEMICAL_BAY_58_2667;@CHEMICAL_BAY_58_2667;chemical;1.0
@CHEMICAL_BDT;@CHEMICAL_BDT;chemical;1.0
@CHEMICAL_BEAM_regimen;@CHEMICAL_BEAM_regimen;chemical;1.0
@CHEMICAL_BI_D1870;@CHEMICAL_BI_D1870;chemical;1.0
@CHEMICAL_BMHP1_peptide;@CHEMICAL_BMHP1_peptide;chemical;1.0
@CHEMICAL_BMS_536924;@CHEMICAL_BMS_536924;chemical;1.0
@CHEMICAL_BMS_986192;@CHEMICAL_BMS_986192;chemical;1.0
@CHEMICAL_BM_15766;@CHEMICAL_BM_15766;chemical;1.0
@CHEMICAL_BODIPY581;@CHEMICAL_BODIPY581;chemical;1.0
@CHEMICAL_BODIPY_505_515;@CHEMICAL_BODIPY_505_515;chemical;1.0
@CHEMICAL_BPH1222;@CHEMICAL_BPH1222;chemical;1.0
@CHEMICAL_BP_1_102;@CHEMICAL_BP_1_102;chemical;1.0
@CHEMICAL_BRL_6231;@CHEMICAL_BRL_6231;chemical;1.0
@CHEMICAL_B_581;@CHEMICAL_B_581;chemical;1.0
@CHEMICAL_Balsams;@CHEMICAL_Balsams;chemical;1.0
@CHEMICAL_Barbital;@CHEMICAL_Barbital;chemical;1.0
@CHEMICAL_Benzimidazoles;@CHEMICAL_Benzimidazoles;chemical;1.0
@CHEMICAL_Benzopyrenes;@CHEMICAL_Benzopyrenes;chemical;1.0
@CHEMICAL_Benzoquinones;@CHEMICAL_Benzoquinones;chemical;1.0
@CHEMICAL_Benzphetamine;@CHEMICAL_Benzphetamine;chemical;1.0
@CHEMICAL_Benzyl_Viologen;@CHEMICAL_Benzyl_Viologen;chemical;1.0
@CHEMICAL_Benzylamines;@CHEMICAL_Benzylamines;chemical;1.0
@CHEMICAL_Betaxolol;@CHEMICAL_Betaxolol;chemical;1.0
@CHEMICAL_Bile_Pigments;@CHEMICAL_Bile_Pigments;chemical;1.0
@CHEMICAL_Biphenyl_Compounds;@CHEMICAL_Biphenyl_Compounds;chemical;1.0
@CHEMICAL_Bisbenzimidazole;@CHEMICAL_Bisbenzimidazole;chemical;1.0
@CHEMICAL_Bismuth_206;@CHEMICAL_Bismuth_206;chemical;1.0
@CHEMICAL_Biuret;@CHEMICAL_Biuret;chemical;1.0
@CHEMICAL_Black_Gold;@CHEMICAL_Black_Gold;chemical;1.0
@CHEMICAL_Bone_Cements;@CHEMICAL_Bone_Cements;chemical;1.0
@CHEMICAL_Bordeaux_mixture;@CHEMICAL_Bordeaux_mixture;chemical;1.0
@CHEMICAL_Boron_10;@CHEMICAL_Boron_10;chemical;1.0
@CHEMICAL_Boron_Compounds;@CHEMICAL_Boron_Compounds;chemical;1.0
@CHEMICAL_Bretschneider_cardioplegic_solution;@CHEMICAL_Bretschneider_cardioplegic_solution;chemical;1.0
@CHEMICAL_Bromcresol_Purple;@CHEMICAL_Bromcresol_Purple;chemical;1.0
@CHEMICAL_Bufexamac;@CHEMICAL_Bufexamac;chemical;1.0
@CHEMICAL_Butter;@CHEMICAL_Butter;chemical;1.0
@CHEMICAL_Butyrylthiocholine;@CHEMICAL_Butyrylthiocholine;chemical;1.0
@CHEMICAL_C.I._Acid_Red_114;@CHEMICAL_C.I._Acid_Red_114;chemical;1.0
@CHEMICAL_CAY10506;@CHEMICAL_CAY10506;chemical;1.0
@CHEMICAL_CCT018159;@CHEMICAL_CCT018159;chemical;1.0
@CHEMICAL_CFM_2;@CHEMICAL_CFM_2;chemical;1.0
@CHEMICAL_CHEMA;@CHEMICAL_CHEMA;chemical;1.0
@CHEMICAL_CHVP_protocol;@CHEMICAL_CHVP_protocol;chemical;1.0
@CHEMICAL_CID1067700;@CHEMICAL_CID1067700;chemical;1.0
@CHEMICAL_CK_0944666;@CHEMICAL_CK_0944666;chemical;1.0
@CHEMICAL_CL82198;@CHEMICAL_CL82198;chemical;1.0
@CHEMICAL_CMLD_2;@CHEMICAL_CMLD_2;chemical;1.0
@CHEMICAL_COP_B_protocol;@CHEMICAL_COP_B_protocol;chemical;1.0
@CHEMICAL_COS_8_preparation;@CHEMICAL_COS_8_preparation;chemical;1.0
@CHEMICAL_CP_1200;@CHEMICAL_CP_1200;chemical;1.0
@CHEMICAL_CR3022;@CHEMICAL_CR3022;chemical;1.0
@CHEMICAL_CTCb_regimen;@CHEMICAL_CTCb_regimen;chemical;1.0
@CHEMICAL_C_137;@CHEMICAL_C_137;chemical;1.0
@CHEMICAL_Ca(3)ZrSi(2)O(9);@CHEMICAL_Ca(3)ZrSi(2)O(9);chemical;1.0
@CHEMICAL_Calcium_Aluminosilicate;@CHEMICAL_Calcium_Aluminosilicate;chemical;1.0
@CHEMICAL_Canrenoic_Acid;@CHEMICAL_Canrenoic_Acid;chemical;1.0
@CHEMICAL_Caprolactam;@CHEMICAL_Caprolactam;chemical;1.0
@CHEMICAL_Carbamide_Peroxide;@CHEMICAL_Carbamide_Peroxide;chemical;1.0
@CHEMICAL_Carbamyl_Phosphate;@CHEMICAL_Carbamyl_Phosphate;chemical;1.0
@CHEMICAL_Cardenolides;@CHEMICAL_Cardenolides;chemical;1.0
@CHEMICAL_Carisolv;@CHEMICAL_Carisolv;chemical;1.0
@CHEMICAL_Carteolol;@CHEMICAL_Carteolol;chemical;1.0
@CHEMICAL_Cations_Monovalent;@CHEMICAL_Cations_Monovalent;chemical;1.0
@CHEMICAL_Cefamandole;@CHEMICAL_Cefamandole;chemical;1.0
@CHEMICAL_Cefdinir;@CHEMICAL_Cefdinir;chemical;1.0
@CHEMICAL_Cefotetan;@CHEMICAL_Cefotetan;chemical;1.0
@CHEMICAL_Cellulose_Oxidized;@CHEMICAL_Cellulose_Oxidized;chemical;1.0
@CHEMICAL_Cephamycins;@CHEMICAL_Cephamycins;chemical;1.0
@CHEMICAL_Cesium_131;@CHEMICAL_Cesium_131;chemical;1.0
@CHEMICAL_Cetomacrogol;@CHEMICAL_Cetomacrogol;chemical;1.0
@CHEMICAL_Chlordan;@CHEMICAL_Chlordan;chemical;1.0
@CHEMICAL_Chloroacetates;@CHEMICAL_Chloroacetates;chemical;1.0
@CHEMICAL_Chlorobutanol;@CHEMICAL_Chlorobutanol;chemical;1.0
@CHEMICAL_Chlorodiphenyl_(54%_Chlorine);@CHEMICAL_Chlorodiphenyl_(54%_Chlorine);chemical;1.0
@CHEMICAL_Chlorofluorocarbons;@CHEMICAL_Chlorofluorocarbons;chemical;1.0
@CHEMICAL_Chlorpropham;@CHEMICAL_Chlorpropham;chemical;1.0
@CHEMICAL_Cholestanols;@CHEMICAL_Cholestanols;chemical;1.0
@CHEMICAL_Chromium_51;@CHEMICAL_Chromium_51;chemical;1.0
@CHEMICAL_Chromomycin_A3;@CHEMICAL_Chromomycin_A3;chemical;1.0
@CHEMICAL_Chromonar;@CHEMICAL_Chromonar;chemical;1.0
@CHEMICAL_Cinchona_Alkaloids;@CHEMICAL_Cinchona_Alkaloids;chemical;1.0
@CHEMICAL_Clascoterone;@CHEMICAL_Clascoterone;chemical;1.0
@CHEMICAL_Coomassie_blue;@CHEMICAL_Coomassie_blue;chemical;1.0
@CHEMICAL_Coproporphyrins;@CHEMICAL_Coproporphyrins;chemical;1.0
@CHEMICAL_CpC;@CHEMICAL_CpC;chemical;1.0
@CHEMICAL_Cromakalim;@CHEMICAL_Cromakalim;chemical;1.0
@CHEMICAL_CuL2Br2;@CHEMICAL_CuL2Br2;chemical;1.0
@CHEMICAL_Cu_DM_Ac;@CHEMICAL_Cu_DM_Ac;chemical;1.0
@CHEMICAL_Cyclamates;@CHEMICAL_Cyclamates;chemical;1.0
@CHEMICAL_Cyclitols;@CHEMICAL_Cyclitols;chemical;1.0
@CHEMICAL_Cyclopentanes;@CHEMICAL_Cyclopentanes;chemical;1.0
@CHEMICAL_Cyclopentolate;@CHEMICAL_Cyclopentolate;chemical;1.0
@CHEMICAL_Cyclopropanes;@CHEMICAL_Cyclopropanes;chemical;1.0
@CHEMICAL_Cysteic_Acid;@CHEMICAL_Cysteic_Acid;chemical;1.0
@CHEMICAL_Cytochalasin_B;@CHEMICAL_Cytochalasin_B;chemical;1.0
@CHEMICAL_Cytodex;@CHEMICAL_Cytodex;chemical;1.0
@CHEMICAL_DAAm_compound;@CHEMICAL_DAAm_compound;chemical;1.0
@CHEMICAL_DDMS;@CHEMICAL_DDMS;chemical;1.0
@CHEMICAL_D_&_C_green_5;@CHEMICAL_D_&_C_green_5;chemical;1.0
@CHEMICAL_Delta_octalactone;@CHEMICAL_Delta_octalactone;chemical;1.0
@CHEMICAL_Demecolcine;@CHEMICAL_Demecolcine;chemical;1.0
@CHEMICAL_Deslanoside;@CHEMICAL_Deslanoside;chemical;1.0
@CHEMICAL_Dexfenfluramine;@CHEMICAL_Dexfenfluramine;chemical;1.0
@CHEMICAL_Dextropropoxyphene;@CHEMICAL_Dextropropoxyphene;chemical;1.0
@CHEMICAL_Diaion_HP_20;@CHEMICAL_Diaion_HP_20;chemical;1.0
@CHEMICAL_Dicarbethoxydihydrocollidine;@CHEMICAL_Dicarbethoxydihydrocollidine;chemical;1.0
@CHEMICAL_Dichlorphenamide;@CHEMICAL_Dichlorphenamide;chemical;1.0
@CHEMICAL_Dicyclohexylcarbodiimide;@CHEMICAL_Dicyclohexylcarbodiimide;chemical;1.0
@CHEMICAL_Dietary_Fats;@CHEMICAL_Dietary_Fats;chemical;1.0
@CHEMICAL_Dietary_Fats_Unsaturated;@CHEMICAL_Dietary_Fats_Unsaturated;chemical;1.0
@CHEMICAL_Diethylcarbamazine;@CHEMICAL_Diethylcarbamazine;chemical;1.0
@CHEMICAL_Dihydralazine;@CHEMICAL_Dihydralazine;chemical;1.0
@CHEMICAL_Dihydropyridines;@CHEMICAL_Dihydropyridines;chemical;1.0
@CHEMICAL_Dioctyl_Sulfosuccinic_Acid;@CHEMICAL_Dioctyl_Sulfosuccinic_Acid;chemical;1.0
@CHEMICAL_Diphosphates;@CHEMICAL_Diphosphates;chemical;1.0
@CHEMICAL_Disintegrins;@CHEMICAL_Disintegrins;chemical;1.0
@CHEMICAL_Dithionite;@CHEMICAL_Dithionite;chemical;1.0
@CHEMICAL_Dodecanol;@CHEMICAL_Dodecanol;chemical;1.0
@CHEMICAL_Dolichols;@CHEMICAL_Dolichols;chemical;1.0
@CHEMICAL_Dowex;@CHEMICAL_Dowex;chemical;1.0
@CHEMICAL_Doxapram;@CHEMICAL_Doxapram;chemical;1.0
@CHEMICAL_Doxepin;@CHEMICAL_Doxepin;chemical;1.0
@CHEMICAL_Doxylamine;@CHEMICAL_Doxylamine;chemical;1.0
@CHEMICAL_Drupanin;@CHEMICAL_Drupanin;chemical;1.0
@CHEMICAL_Duocarmycins;@CHEMICAL_Duocarmycins;chemical;1.0
@CHEMICAL_Dycal;@CHEMICAL_Dycal;chemical;1.0
@CHEMICAL_EM_16;@CHEMICAL_EM_16;chemical;1.0
@CHEMICAL_EPZ004777;@CHEMICAL_EPZ004777;chemical;1.0
@CHEMICAL_E_2_P;@CHEMICAL_E_2_P;chemical;1.0
@CHEMICAL_Edrophonium;@CHEMICAL_Edrophonium;chemical;1.0
@CHEMICAL_Electrolytes;@CHEMICAL_Electrolytes;chemical;1.0
@CHEMICAL_Elvitegravir_Cobicistat_Emtricitabine_Tenofovir_Disoproxil_Fumarate_Drug_Combination;@CHEMICAL_Elvitegravir_Cobicistat_Emtricitabine_Tenofovir_Disoproxil_Fumarate_Drug_Combination;chemical;1.0
@CHEMICAL_Endrin;@CHEMICAL_Endrin;chemical;1.0
@CHEMICAL_Enoximone;@CHEMICAL_Enoximone;chemical;1.0
@CHEMICAL_Enviomycin;@CHEMICAL_Enviomycin;chemical;1.0
@CHEMICAL_Equilenin;@CHEMICAL_Equilenin;chemical;1.0
@CHEMICAL_Erucic_Acids;@CHEMICAL_Erucic_Acids;chemical;1.0
@CHEMICAL_Estazolam;@CHEMICAL_Estazolam;chemical;1.0
@CHEMICAL_Ethers_Cyclic;@CHEMICAL_Ethers_Cyclic;chemical;1.0
@CHEMICAL_Ethisterone;@CHEMICAL_Ethisterone;chemical;1.0
@CHEMICAL_Ethoxyquin;@CHEMICAL_Ethoxyquin;chemical;1.0
@CHEMICAL_Ethylene_Chlorohydrin;@CHEMICAL_Ethylene_Chlorohydrin;chemical;1.0
@CHEMICAL_Ethylmorphine;@CHEMICAL_Ethylmorphine;chemical;1.0
@CHEMICAL_Eudragit_E100;@CHEMICAL_Eudragit_E100;chemical;1.0
@CHEMICAL_Eudragit_L100_55;@CHEMICAL_Eudragit_L100_55;chemical;1.0
@CHEMICAL_Famciclovir;@CHEMICAL_Famciclovir;chemical;1.0
@CHEMICAL_Fe_HBED;@CHEMICAL_Fe_HBED;chemical;1.0
@CHEMICAL_Fenretinide;@CHEMICAL_Fenretinide;chemical;1.0
@CHEMICAL_Ferrichrome;@CHEMICAL_Ferrichrome;chemical;1.0
@CHEMICAL_Filipin;@CHEMICAL_Filipin;chemical;1.0
@CHEMICAL_FluoZin_3;@CHEMICAL_FluoZin_3;chemical;1.0
@CHEMICAL_Fluorocarbon_Polymers;@CHEMICAL_Fluorocarbon_Polymers;chemical;1.0
@CHEMICAL_Fluorodeoxyuridylate;@CHEMICAL_Fluorodeoxyuridylate;chemical;1.0
@CHEMICAL_Fluorometholone;@CHEMICAL_Fluorometholone;chemical;1.0
@CHEMICAL_Formiminoglutamic_Acid;@CHEMICAL_Formiminoglutamic_Acid;chemical;1.0
@CHEMICAL_Fura_2;@CHEMICAL_Fura_2;chemical;1.0
@CHEMICAL_GALA_peptide;@CHEMICAL_GALA_peptide;chemical;1.0
@CHEMICAL_GDP_rhamnose;@CHEMICAL_GDP_rhamnose;chemical;1.0
@CHEMICAL_GGTI_298;@CHEMICAL_GGTI_298;chemical;1.0
@CHEMICAL_GR_127935;@CHEMICAL_GR_127935;chemical;1.0
@CHEMICAL_GSK2795039;@CHEMICAL_GSK2795039;chemical;1.0
@CHEMICAL_GSK2982772;@CHEMICAL_GSK2982772;chemical;1.0
@CHEMICAL_GSK5182;@CHEMICAL_GSK5182;chemical;1.0
@CHEMICAL_GSK573719;@CHEMICAL_GSK573719;chemical;1.0
@CHEMICAL_GSK923295;@CHEMICAL_GSK923295;chemical;1.0
@CHEMICAL_GSK_1363089;@CHEMICAL_GSK_1363089;chemical;1.0
@CHEMICAL_GSK_1838705A;@CHEMICAL_GSK_1838705A;chemical;1.0
@CHEMICAL_GSTS;@CHEMICAL_GSTS;chemical;1.0
@CHEMICAL_GTP_gamma_S;@CHEMICAL_GTP_gamma_S;chemical;1.0
@CHEMICAL_GW_441756;@CHEMICAL_GW_441756;chemical;1.0
@CHEMICAL_Galactolipids;@CHEMICAL_Galactolipids;chemical;1.0
@CHEMICAL_Gases;@CHEMICAL_Gases;chemical;1.0
@CHEMICAL_Gatifloxacin;@CHEMICAL_Gatifloxacin;chemical;1.0
@CHEMICAL_Genz_644282;@CHEMICAL_Genz_644282;chemical;1.0
@CHEMICAL_Gerioptil;@CHEMICAL_Gerioptil;chemical;1.0
@CHEMICAL_Gliotoxin;@CHEMICAL_Gliotoxin;chemical;1.0
@CHEMICAL_Glucuronates;@CHEMICAL_Glucuronates;chemical;1.0
@CHEMICAL_Glycerophosphates;@CHEMICAL_Glycerophosphates;chemical;1.0
@CHEMICAL_Glycylglycine;@CHEMICAL_Glycylglycine;chemical;1.0
@CHEMICAL_Gold_198;@CHEMICAL_Gold_198;chemical;1.0
@CHEMICAL_Granisetron;@CHEMICAL_Granisetron;chemical;1.0
@CHEMICAL_Greenhouse_Gases;@CHEMICAL_Greenhouse_Gases;chemical;1.0
@CHEMICAL_Guanabenz;@CHEMICAL_Guanabenz;chemical;1.0
@CHEMICAL_Guanazole;@CHEMICAL_Guanazole;chemical;1.0
@CHEMICAL_Guanosine_Diphosphate_Fucose;@CHEMICAL_Guanosine_Diphosphate_Fucose;chemical;1.0
@CHEMICAL_Guanylyl_Imidodiphosphate;@CHEMICAL_Guanylyl_Imidodiphosphate;chemical;1.0
@CHEMICAL_HABA;@CHEMICAL_HABA;chemical;1.0
@CHEMICAL_HM781_36B;@CHEMICAL_HM781_36B;chemical;1.0
@CHEMICAL_HTTC_cpd;@CHEMICAL_HTTC_cpd;chemical;1.0
@CHEMICAL_Hemiterpenes;@CHEMICAL_Hemiterpenes;chemical;1.0
@CHEMICAL_Heptachlor;@CHEMICAL_Heptachlor;chemical;1.0
@CHEMICAL_Heptachlor_Epoxide;@CHEMICAL_Heptachlor_Epoxide;chemical;1.0
@CHEMICAL_Heptaminol;@CHEMICAL_Heptaminol;chemical;1.0
@CHEMICAL_Heptanes;@CHEMICAL_Heptanes;chemical;1.0
@CHEMICAL_Heptanol;@CHEMICAL_Heptanol;chemical;1.0
@CHEMICAL_Hexamethonium;@CHEMICAL_Hexamethonium;chemical;1.0
@CHEMICAL_Hexanols;@CHEMICAL_Hexanols;chemical;1.0
@CHEMICAL_Hexosephosphates;@CHEMICAL_Hexosephosphates;chemical;1.0
@CHEMICAL_Hexuronic_Acids;@CHEMICAL_Hexuronic_Acids;chemical;1.0
@CHEMICAL_Homocystine;@CHEMICAL_Homocystine;chemical;1.0
@CHEMICAL_Hydroxyprogesterones;@CHEMICAL_Hydroxyprogesterones;chemical;1.0
@CHEMICAL_IACS_010759;@CHEMICAL_IACS_010759;chemical;1.0
@CHEMICAL_ICE_protocol_1;@CHEMICAL_ICE_protocol_1;chemical;1.0
@CHEMICAL_ICI_118551;@CHEMICAL_ICI_118551;chemical;1.0
@CHEMICAL_IC_831423;@CHEMICAL_IC_831423;chemical;1.0
@CHEMICAL_IEM_1460;@CHEMICAL_IEM_1460;chemical;1.0
@CHEMICAL_IMC_001;@CHEMICAL_IMC_001;chemical;1.0
@CHEMICAL_IMD_0354;@CHEMICAL_IMD_0354;chemical;1.0
@CHEMICAL_INCB3344;@CHEMICAL_INCB3344;chemical;1.0
@CHEMICAL_IRFI_042;@CHEMICAL_IRFI_042;chemical;1.0
@CHEMICAL_IUB288;@CHEMICAL_IUB288;chemical;1.0
@CHEMICAL_IVA_protocol;@CHEMICAL_IVA_protocol;chemical;1.0
@CHEMICAL_Icodextrin;@CHEMICAL_Icodextrin;chemical;1.0
@CHEMICAL_Imidazolines;@CHEMICAL_Imidazolines;chemical;1.0
@CHEMICAL_Indinavir;@CHEMICAL_Indinavir;chemical;1.0
@CHEMICAL_Indolequinones;@CHEMICAL_Indolequinones;chemical;1.0
@CHEMICAL_Inosine_Diphosphate;@CHEMICAL_Inosine_Diphosphate;chemical;1.0
@CHEMICAL_Inosine_Triphosphate;@CHEMICAL_Inosine_Triphosphate;chemical;1.0
@CHEMICAL_Insulin_Glargine;@CHEMICAL_Insulin_Glargine;chemical;1.0
@CHEMICAL_Inutec_SP1;@CHEMICAL_Inutec_SP1;chemical;1.0
@CHEMICAL_Iodine_124;@CHEMICAL_Iodine_124;chemical;1.0
@CHEMICAL_Iodoacetamide;@CHEMICAL_Iodoacetamide;chemical;1.0
@CHEMICAL_Iodoquinol;@CHEMICAL_Iodoquinol;chemical;1.0
@CHEMICAL_Iproniazid;@CHEMICAL_Iproniazid;chemical;1.0
@CHEMICAL_Iron_55;@CHEMICAL_Iron_55;chemical;1.0
@CHEMICAL_Isoflurophate;@CHEMICAL_Isoflurophate;chemical;1.0
@CHEMICAL_Isomaltose;@CHEMICAL_Isomaltose;chemical;1.0
@CHEMICAL_JAC_protocol;@CHEMICAL_JAC_protocol;chemical;1.0
@CHEMICAL_JMS_053;@CHEMICAL_JMS_053;chemical;1.0
@CHEMICAL_JS_3;@CHEMICAL_JS_3;chemical;1.0
@CHEMICAL_JTC_801;@CHEMICAL_JTC_801;chemical;1.0
@CHEMICAL_Josamycin;@CHEMICAL_Josamycin;chemical;1.0
@CHEMICAL_Juvederm_Ultra;@CHEMICAL_Juvederm_Ultra;chemical;1.0
@CHEMICAL_KL_3;@CHEMICAL_KL_3;chemical;1.0
@CHEMICAL_KRN_633;@CHEMICAL_KRN_633;chemical;1.0
@CHEMICAL_KS_501;@CHEMICAL_KS_501;chemical;1.0
@CHEMICAL_KS_502;@CHEMICAL_KS_502;chemical;1.0
@CHEMICAL_KT_5720;@CHEMICAL_KT_5720;chemical;1.0
@CHEMICAL_KW_2478;@CHEMICAL_KW_2478;chemical;1.0
@CHEMICAL_Kdo2_lipid_A;@CHEMICAL_Kdo2_lipid_A;chemical;1.0
@CHEMICAL_Khellin;@CHEMICAL_Khellin;chemical;1.0
@CHEMICAL_Ki_20227;@CHEMICAL_Ki_20227;chemical;1.0
@CHEMICAL_LC_001;@CHEMICAL_LC_001;chemical;1.0
@CHEMICAL_LDN_193189;@CHEMICAL_LDN_193189;chemical;1.0
@CHEMICAL_LLY_507;@CHEMICAL_LLY_507;chemical;1.0
@CHEMICAL_LSZ102;@CHEMICAL_LSZ102;chemical;1.0
@CHEMICAL_LY2584702;@CHEMICAL_LY2584702;chemical;1.0
@CHEMICAL_LY3000328;@CHEMICAL_LY3000328;chemical;1.0
@CHEMICAL_LY_487379;@CHEMICAL_LY_487379;chemical;1.0
@CHEMICAL_L_709049;@CHEMICAL_L_709049;chemical;1.0
@CHEMICAL_L_NIO;@CHEMICAL_L_NIO;chemical;1.0
@CHEMICAL_L_glutamic_acid_gamma_hydrazide;@CHEMICAL_L_glutamic_acid_gamma_hydrazide;chemical;1.0
@CHEMICAL_Labrasol;@CHEMICAL_Labrasol;chemical;1.0
@CHEMICAL_Lactosylceramides;@CHEMICAL_Lactosylceramides;chemical;1.0
@CHEMICAL_Laurates;@CHEMICAL_Laurates;chemical;1.0
@CHEMICAL_Lauric_Acids;@CHEMICAL_Lauric_Acids;chemical;1.0
@CHEMICAL_Lead_210;@CHEMICAL_Lead_210;chemical;1.0
@CHEMICAL_Levomilnacipran;@CHEMICAL_Levomilnacipran;chemical;1.0
@CHEMICAL_Light_green_SF;@CHEMICAL_Light_green_SF;chemical;1.0
@CHEMICAL_Limonins;@CHEMICAL_Limonins;chemical;1.0
@CHEMICAL_Lipoxins;@CHEMICAL_Lipoxins;chemical;1.0
@CHEMICAL_Lorenzo's_oil;@CHEMICAL_Lorenzo's_oil;chemical;1.0
@CHEMICAL_Lu_28_179;@CHEMICAL_Lu_28_179;chemical;1.0
@CHEMICAL_Luxol_Fast_Blue_MBS;@CHEMICAL_Luxol_Fast_Blue_MBS;chemical;1.0
@CHEMICAL_Lye;@CHEMICAL_Lye;chemical;1.0
@CHEMICAL_Lysinoalanine;@CHEMICAL_Lysinoalanine;chemical;1.0
@CHEMICAL_LysoSensor_Green_DND_189;@CHEMICAL_LysoSensor_Green_DND_189;chemical;1.0
@CHEMICAL_MDC_protocol;@CHEMICAL_MDC_protocol;chemical;1.0
@CHEMICAL_MF59_oil_emulsion;@CHEMICAL_MF59_oil_emulsion;chemical;1.0
@CHEMICAL_MK_473;@CHEMICAL_MK_473;chemical;1.0
@CHEMICAL_MK_6240;@CHEMICAL_MK_6240;chemical;1.0
@CHEMICAL_MK_6892;@CHEMICAL_MK_6892;chemical;1.0
@CHEMICAL_ML_265;@CHEMICAL_ML_265;chemical;1.0
@CHEMICAL_MME;@CHEMICAL_MME;chemical;1.0
@CHEMICAL_MNC_ornithine;@CHEMICAL_MNC_ornithine;chemical;1.0
@CHEMICAL_MSTFA;@CHEMICAL_MSTFA;chemical;1.0
@CHEMICAL_MS_28;@CHEMICAL_MS_28;chemical;1.0
@CHEMICAL_MTBSTFA;@CHEMICAL_MTBSTFA;chemical;1.0
@CHEMICAL_Mafenide;@CHEMICAL_Mafenide;chemical;1.0
@CHEMICAL_Maleates;@CHEMICAL_Maleates;chemical;1.0
@CHEMICAL_Mandelic_Acids;@CHEMICAL_Mandelic_Acids;chemical;1.0
@CHEMICAL_Medrogestone;@CHEMICAL_Medrogestone;chemical;1.0
@CHEMICAL_Melarsoprol;@CHEMICAL_Melarsoprol;chemical;1.0
@CHEMICAL_Meprobamate;@CHEMICAL_Meprobamate;chemical;1.0
@CHEMICAL_Mescaline;@CHEMICAL_Mescaline;chemical;1.0
@CHEMICAL_Methohexital;@CHEMICAL_Methohexital;chemical;1.0
@CHEMICAL_Methomyl;@CHEMICAL_Methomyl;chemical;1.0
@CHEMICAL_Methyl_Chloride;@CHEMICAL_Methyl_Chloride;chemical;1.0
@CHEMICAL_Methyl_Ethers;@CHEMICAL_Methyl_Ethers;chemical;1.0
@CHEMICAL_Methylglucosides;@CHEMICAL_Methylglucosides;chemical;1.0
@CHEMICAL_Methylmethacrylates;@CHEMICAL_Methylmethacrylates;chemical;1.0
@CHEMICAL_Methysergide;@CHEMICAL_Methysergide;chemical;1.0
@CHEMICAL_Mitomycins;@CHEMICAL_Mitomycins;chemical;1.0
@CHEMICAL_Mn(III)_5_10_15_20_tetrakis(N_methylpyridinium_2_yl)porphyrin;@CHEMICAL_Mn(III)_5_10_15_20_tetrakis(N_methylpyridinium_2_yl)porphyrin;chemical;1.0
@CHEMICAL_Mono_S;@CHEMICAL_Mono_S;chemical;1.0
@CHEMICAL_MoviPrep;@CHEMICAL_MoviPrep;chemical;1.0
@CHEMICAL_Mupirocin;@CHEMICAL_Mupirocin;chemical;1.0
@CHEMICAL_Muscimol;@CHEMICAL_Muscimol;chemical;1.0
@CHEMICAL_N'_N''_diacetylspermine;@CHEMICAL_N'_N''_diacetylspermine;chemical;1.0
@CHEMICAL_N'_nitrosonornicotine_N_oxide;@CHEMICAL_N'_nitrosonornicotine_N_oxide;chemical;1.0
@CHEMICAL_N(alpha)_acetyllysine;@CHEMICAL_N(alpha)_acetyllysine;chemical;1.0
@CHEMICAL_N(beta)_alanyl_1_methyl_histidine;@CHEMICAL_N(beta)_alanyl_1_methyl_histidine;chemical;1.0
@CHEMICAL_N1_N8_bis(2_5_dihydroxybenzoyl)spermidine;@CHEMICAL_N1_N8_bis(2_5_dihydroxybenzoyl)spermidine;chemical;1.0
@CHEMICAL_NB_360;@CHEMICAL_NB_360;chemical;1.0
@CHEMICAL_ND_646;@CHEMICAL_ND_646;chemical;1.0
@CHEMICAL_NE_52_qq57;@CHEMICAL_NE_52_qq57;chemical;1.0
@CHEMICAL_NK_252;@CHEMICAL_NK_252;chemical;1.0
@CHEMICAL_NMS_873;@CHEMICAL_NMS_873;chemical;1.0
@CHEMICAL_NPPA_protein_human;@CHEMICAL_NPPA_protein_human;chemical;1.0
@CHEMICAL_NSC281612;@CHEMICAL_NSC281612;chemical;1.0
@CHEMICAL_NSC305787;@CHEMICAL_NSC305787;chemical;1.0
@CHEMICAL_NSC_348884;@CHEMICAL_NSC_348884;chemical;1.0
@CHEMICAL_NUTRIOSE;@CHEMICAL_NUTRIOSE;chemical;1.0
@CHEMICAL_NVR_3_778;@CHEMICAL_NVR_3_778;chemical;1.0
@CHEMICAL_NV_5138;@CHEMICAL_NV_5138;chemical;1.0
@CHEMICAL_N_((1H_1_2_3_triazolo_(4_5_b)pyridin_1_yloxy)(dimethylamino)methylene)N_methylmethanaminium_hexafluorophosphate;@CHEMICAL_N_((1H_1_2_3_triazolo_(4_5_b)pyridin_1_yloxy)(dimethylamino)methylene)N_methylmethanaminium_hexafluorophosphate;chemical;1.0
@CHEMICAL_N_((2_hydroxy_3_trimethylammonium)propyl)chitosan_chloride;@CHEMICAL_N_((2_hydroxy_3_trimethylammonium)propyl)chitosan_chloride;chemical;1.0
@CHEMICAL_N_(3_trimethoxysilylpropyl)diethylenetriamine;@CHEMICAL_N_(3_trimethoxysilylpropyl)diethylenetriamine;chemical;1.0
@CHEMICAL_N_(4_ethylphenyl)_2_((4_ethyl_5_(3_pyridinyl)_4H_1_2_4_triazol_3_yl)thio)acetamide;@CHEMICAL_N_(4_ethylphenyl)_2_((4_ethyl_5_(3_pyridinyl)_4H_1_2_4_triazol_3_yl)thio)acetamide;chemical;1.0
@CHEMICAL_N_(4_isothiocyanatophenethyl)spiperone;@CHEMICAL_N_(4_isothiocyanatophenethyl)spiperone;chemical;1.0
@CHEMICAL_N_(4_methoxybenzylidene)_4_butylaniline;@CHEMICAL_N_(4_methoxybenzylidene)_4_butylaniline;chemical;1.0
@CHEMICAL_N_(6_6_dimethyl_5_((1_methylpiperidin_4_yl)carbonyl)_1_4_5_6_tetrahydropyrrolo(3_4_c)pyrazol_3_yl)_3_methylbutanamide;@CHEMICAL_N_(6_6_dimethyl_5_((1_methylpiperidin_4_yl)carbonyl)_1_4_5_6_tetrahydropyrrolo(3_4_c)pyrazol_3_yl)_3_methylbutanamide;chemical;1.0
@CHEMICAL_N_(carboxymethyl)chitosan;@CHEMICAL_N_(carboxymethyl)chitosan;chemical;1.0
@CHEMICAL_N_AMCC;@CHEMICAL_N_AMCC;chemical;1.0
@CHEMICAL_N_N'_bis(1_decylnipecotoyl)piperazine;@CHEMICAL_N_N'_bis(1_decylnipecotoyl)piperazine;chemical;1.0
@CHEMICAL_N_N'_bis(salicylideneamino)ethane_manganese(II);@CHEMICAL_N_N'_bis(salicylideneamino)ethane_manganese(II);chemical;1.0
@CHEMICAL_N_N'_ethylene_distearylamide;@CHEMICAL_N_N'_ethylene_distearylamide;chemical;1.0
@CHEMICAL_N_N_bis(carboxymethyl)glutamic_acid;@CHEMICAL_N_N_bis(carboxymethyl)glutamic_acid;chemical;1.0
@CHEMICAL_N_N_diisopropylethylamine;@CHEMICAL_N_N_diisopropylethylamine;chemical;1.0
@CHEMICAL_N_N_dimethyl_N_hexadecyl_1_octadecylammonium;@CHEMICAL_N_N_dimethyl_N_hexadecyl_1_octadecylammonium;chemical;1.0
@CHEMICAL_N_N_dimethylcyclohexylamine;@CHEMICAL_N_N_dimethylcyclohexylamine;chemical;1.0
@CHEMICAL_N_O_bis(trimethylsilyl)trifluoroacetamide;@CHEMICAL_N_O_bis(trimethylsilyl)trifluoroacetamide;chemical;1.0
@CHEMICAL_N_acetyl_2_3_dehydro_2_deoxyneuraminic_acid;@CHEMICAL_N_acetyl_2_3_dehydro_2_deoxyneuraminic_acid;chemical;1.0
@CHEMICAL_N_acetyl_N_formyl_5_methoxykynurenamine;@CHEMICAL_N_acetyl_N_formyl_5_methoxykynurenamine;chemical;1.0
@CHEMICAL_N_acetyl_S_(2_carbamoylethyl)_L_cysteine_sulfoxide;@CHEMICAL_N_acetyl_S_(2_carbamoylethyl)_L_cysteine_sulfoxide;chemical;1.0
@CHEMICAL_N_acetyldopamine;@CHEMICAL_N_acetyldopamine;chemical;1.0
@CHEMICAL_N_acetylglucosamine_1_phosphate;@CHEMICAL_N_acetylglucosamine_1_phosphate;chemical;1.0
@CHEMICAL_N_acetylglucosaminylasparagine;@CHEMICAL_N_acetylglucosaminylasparagine;chemical;1.0
@CHEMICAL_N_acetylhistidine;@CHEMICAL_N_acetylhistidine;chemical;1.0
@CHEMICAL_N_acetylproline;@CHEMICAL_N_acetylproline;chemical;1.0
@CHEMICAL_N_acetyltyramine;@CHEMICAL_N_acetyltyramine;chemical;1.0
@CHEMICAL_N_acetylvaline;@CHEMICAL_N_acetylvaline;chemical;1.0
@CHEMICAL_N_acylphosphatidylethanolamine;@CHEMICAL_N_acylphosphatidylethanolamine;chemical;1.0
@CHEMICAL_N_arachidonylglycine;@CHEMICAL_N_arachidonylglycine;chemical;1.0
@CHEMICAL_N_benzoylpiperidine;@CHEMICAL_N_benzoylpiperidine;chemical;1.0
@CHEMICAL_N_butyrylhomoserine_lactone;@CHEMICAL_N_butyrylhomoserine_lactone;chemical;1.0
@CHEMICAL_N_caproylsphingosine;@CHEMICAL_N_caproylsphingosine;chemical;1.0
@CHEMICAL_N_cyclohexylformamide;@CHEMICAL_N_cyclohexylformamide;chemical;1.0
@CHEMICAL_N_desmethylacetamiprid;@CHEMICAL_N_desmethylacetamiprid;chemical;1.0
@CHEMICAL_N_desmethylmethoxyphenamine;@CHEMICAL_N_desmethylmethoxyphenamine;chemical;1.0
@CHEMICAL_N_docosanoyl_16_methylheptadecasphing_4_enine;@CHEMICAL_N_docosanoyl_16_methylheptadecasphing_4_enine;chemical;1.0
@CHEMICAL_N_ethylmorpholine;@CHEMICAL_N_ethylmorpholine;chemical;1.0
@CHEMICAL_N_glycylglutamic_acid;@CHEMICAL_N_glycylglutamic_acid;chemical;1.0
@CHEMICAL_N_hexadecyl_N_N_dimethyl_3_ammonio_1_propanesulfonate;@CHEMICAL_N_hexadecyl_N_N_dimethyl_3_ammonio_1_propanesulfonate;chemical;1.0
@CHEMICAL_N_hydroxypyridinedione;@CHEMICAL_N_hydroxypyridinedione;chemical;1.0
@CHEMICAL_N_hydroxysulfosuccinimide;@CHEMICAL_N_hydroxysulfosuccinimide;chemical;1.0
@CHEMICAL_N_isobutyl_2E_decenamide;@CHEMICAL_N_isobutyl_2E_decenamide;chemical;1.0
@CHEMICAL_N_isobutyl_decanamide;@CHEMICAL_N_isobutyl_decanamide;chemical;1.0
@CHEMICAL_N_isopropylacrylamide;@CHEMICAL_N_isopropylacrylamide;chemical;1.0
@CHEMICAL_N_isovalerylalanine;@CHEMICAL_N_isovalerylalanine;chemical;1.0
@CHEMICAL_N_isovalerylsarcosine;@CHEMICAL_N_isovalerylsarcosine;chemical;1.0
@CHEMICAL_N_methylalanine;@CHEMICAL_N_methylalanine;chemical;1.0
@CHEMICAL_N_methylnaloxone;@CHEMICAL_N_methylnaloxone;chemical;1.0
@CHEMICAL_N_methylpyrrolidine;@CHEMICAL_N_methylpyrrolidine;chemical;1.0
@CHEMICAL_N_methylserotonin;@CHEMICAL_N_methylserotonin;chemical;1.0
@CHEMICAL_N_nitrosothiazolidine_4_carboxylic_acid;@CHEMICAL_N_nitrosothiazolidine_4_carboxylic_acid;chemical;1.0
@CHEMICAL_N_nitrosothioproline;@CHEMICAL_N_nitrosothioproline;chemical;1.0
@CHEMICAL_N_oleoyldopamine;@CHEMICAL_N_oleoyldopamine;chemical;1.0
@CHEMICAL_N_pentylpantothenamide;@CHEMICAL_N_pentylpantothenamide;chemical;1.0
@CHEMICAL_N_phenylbenzohydroxamic_acid;@CHEMICAL_N_phenylbenzohydroxamic_acid;chemical;1.0
@CHEMICAL_N_phenylformamide;@CHEMICAL_N_phenylformamide;chemical;1.0
@CHEMICAL_N_succinyl_chitosan;@CHEMICAL_N_succinyl_chitosan;chemical;1.0
@CHEMICAL_N_tosylindole;@CHEMICAL_N_tosylindole;chemical;1.0
@CHEMICAL_N_vinyl_2_pyrrolidinone;@CHEMICAL_N_vinyl_2_pyrrolidinone;chemical;1.0
@CHEMICAL_Nafronyl;@CHEMICAL_Nafronyl;chemical;1.0
@CHEMICAL_NecroX_5;@CHEMICAL_NecroX_5;chemical;1.0
@CHEMICAL_Neuraminic_Acids;@CHEMICAL_Neuraminic_Acids;chemical;1.0
@CHEMICAL_Nicergoline;@CHEMICAL_Nicergoline;chemical;1.0
@CHEMICAL_Nickel_63;@CHEMICAL_Nickel_63;chemical;1.0
@CHEMICAL_Niflumic_Acid;@CHEMICAL_Niflumic_Acid;chemical;1.0
@CHEMICAL_Nitroso_Compounds;@CHEMICAL_Nitroso_Compounds;chemical;1.0
@CHEMICAL_Nomifensine;@CHEMICAL_Nomifensine;chemical;1.0
@CHEMICAL_Norgestrel;@CHEMICAL_Norgestrel;chemical;1.0
@CHEMICAL_OPC_3911;@CHEMICAL_OPC_3911;chemical;1.0
@CHEMICAL_O_O_diisopropyl_S_benzylthiophosphate;@CHEMICAL_O_O_diisopropyl_S_benzylthiophosphate;chemical;1.0
@CHEMICAL_O_acetylgalactoglucomannan;@CHEMICAL_O_acetylgalactoglucomannan;chemical;1.0
@CHEMICAL_O_benzoylhydroxylamine;@CHEMICAL_O_benzoylhydroxylamine;chemical;1.0
@CHEMICAL_O_succinylhomoserine;@CHEMICAL_O_succinylhomoserine;chemical;1.0
@CHEMICAL_Obidoxime_Chloride;@CHEMICAL_Obidoxime_Chloride;chemical;1.0
@CHEMICAL_Onyx_18;@CHEMICAL_Onyx_18;chemical;1.0
@CHEMICAL_Organosilicon_Compounds;@CHEMICAL_Organosilicon_Compounds;chemical;1.0
@CHEMICAL_Oxindoles;@CHEMICAL_Oxindoles;chemical;1.0
@CHEMICAL_Oxymorphone;@CHEMICAL_Oxymorphone;chemical;1.0
@CHEMICAL_Oxyphenbutazone;@CHEMICAL_Oxyphenbutazone;chemical;1.0
@CHEMICAL_PBS_57;@CHEMICAL_PBS_57;chemical;1.0
@CHEMICAL_PCB_180;@CHEMICAL_PCB_180;chemical;1.0
@CHEMICAL_PDEAEMA;@CHEMICAL_PDEAEMA;chemical;1.0
@CHEMICAL_PD_174494;@CHEMICAL_PD_174494;chemical;1.0
@CHEMICAL_PEG_b_PCL;@CHEMICAL_PEG_b_PCL;chemical;1.0
@CHEMICAL_PEO_PPO_PEO;@CHEMICAL_PEO_PPO_PEO;chemical;1.0
@CHEMICAL_PF_05089771;@CHEMICAL_PF_05089771;chemical;1.0
@CHEMICAL_PF_06700841;@CHEMICAL_PF_06700841;chemical;1.0
@CHEMICAL_PF_3893787;@CHEMICAL_PF_3893787;chemical;1.0
@CHEMICAL_PG_545;@CHEMICAL_PG_545;chemical;1.0
@CHEMICAL_PI103;@CHEMICAL_PI103;chemical;1.0
@CHEMICAL_PIK_75;@CHEMICAL_PIK_75;chemical;1.0
@CHEMICAL_PKF118_310;@CHEMICAL_PKF118_310;chemical;1.0
@CHEMICAL_PKH67;@CHEMICAL_PKH67;chemical;1.0
@CHEMICAL_PL_732;@CHEMICAL_PL_732;chemical;1.0
@CHEMICAL_PMS_1;@CHEMICAL_PMS_1;chemical;1.0
@CHEMICAL_POCC_protocol;@CHEMICAL_POCC_protocol;chemical;1.0
@CHEMICAL_PR_957;@CHEMICAL_PR_957;chemical;1.0
@CHEMICAL_Palivizumab;@CHEMICAL_Palivizumab;chemical;1.0
@CHEMICAL_Palladium_103;@CHEMICAL_Palladium_103;chemical;1.0
@CHEMICAL_Palovarotene;@CHEMICAL_Palovarotene;chemical;1.0
@CHEMICAL_Peanut_Oil;@CHEMICAL_Peanut_Oil;chemical;1.0
@CHEMICAL_Penicillanic_Acid;@CHEMICAL_Penicillanic_Acid;chemical;1.0
@CHEMICAL_Pentanones;@CHEMICAL_Pentanones;chemical;1.0
@CHEMICAL_Perchlorates;@CHEMICAL_Perchlorates;chemical;1.0
@CHEMICAL_Phenanthrenes;@CHEMICAL_Phenanthrenes;chemical;1.0
@CHEMICAL_Phenothiazines;@CHEMICAL_Phenothiazines;chemical;1.0
@CHEMICAL_Phenyl_Ethers;@CHEMICAL_Phenyl_Ethers;chemical;1.0
@CHEMICAL_Phenylenediamines;@CHEMICAL_Phenylenediamines;chemical;1.0
@CHEMICAL_Phosphines;@CHEMICAL_Phosphines;chemical;1.0
@CHEMICAL_Phosphorus_Compounds;@CHEMICAL_Phosphorus_Compounds;chemical;1.0
@CHEMICAL_Phthalimides;@CHEMICAL_Phthalimides;chemical;1.0
@CHEMICAL_Plutonium_238;@CHEMICAL_Plutonium_238;chemical;1.0
@CHEMICAL_Plutonium_239;@CHEMICAL_Plutonium_239;chemical;1.0
@CHEMICAL_Polonium_210;@CHEMICAL_Polonium_210;chemical;1.0
@CHEMICAL_Poly_C;@CHEMICAL_Poly_C;chemical;1.0
@CHEMICAL_Poly_T;@CHEMICAL_Poly_T;chemical;1.0
@CHEMICAL_Polyacetylene_Polymer;@CHEMICAL_Polyacetylene_Polymer;chemical;1.0
@CHEMICAL_Polyenes;@CHEMICAL_Polyenes;chemical;1.0
@CHEMICAL_Polygeline;@CHEMICAL_Polygeline;chemical;1.0
@CHEMICAL_Polyvinyls;@CHEMICAL_Polyvinyls;chemical;1.0
@CHEMICAL_Prazosin;@CHEMICAL_Prazosin;chemical;1.0
@CHEMICAL_Prenylamine;@CHEMICAL_Prenylamine;chemical;1.0
@CHEMICAL_Procion_Red_MX_5B;@CHEMICAL_Procion_Red_MX_5B;chemical;1.0
@CHEMICAL_Proguanil;@CHEMICAL_Proguanil;chemical;1.0
@CHEMICAL_Protochlorophyllide;@CHEMICAL_Protochlorophyllide;chemical;1.0
@CHEMICAL_Pterocarpans;@CHEMICAL_Pterocarpans;chemical;1.0
@CHEMICAL_Pyrans;@CHEMICAL_Pyrans;chemical;1.0
@CHEMICAL_Pyrazoles;@CHEMICAL_Pyrazoles;chemical;1.0
@CHEMICAL_Pyridines;@CHEMICAL_Pyridines;chemical;1.0
@CHEMICAL_Pyrilamine;@CHEMICAL_Pyrilamine;chemical;1.0
@CHEMICAL_Pyrones;@CHEMICAL_Pyrones;chemical;1.0
@CHEMICAL_Pyrrolidines;@CHEMICAL_Pyrrolidines;chemical;1.0
@CHEMICAL_Quetol_651;@CHEMICAL_Quetol_651;chemical;1.0
@CHEMICAL_Quinolines;@CHEMICAL_Quinolines;chemical;1.0
@CHEMICAL_RA_VII;@CHEMICAL_RA_VII;chemical;1.0
@CHEMICAL_RES_701_3;@CHEMICAL_RES_701_3;chemical;1.0
@CHEMICAL_RMFPNAPYL;@CHEMICAL_RMFPNAPYL;chemical;1.0
@CHEMICAL_RMI_12330A;@CHEMICAL_RMI_12330A;chemical;1.0
@CHEMICAL_RO_10_5824;@CHEMICAL_RO_10_5824;chemical;1.0
@CHEMICAL_RS_504393;@CHEMICAL_RS_504393;chemical;1.0
@CHEMICAL_RTKI_cpd;@CHEMICAL_RTKI_cpd;chemical;1.0
@CHEMICAL_Radium_226;@CHEMICAL_Radium_226;chemical;1.0
@CHEMICAL_RapaLink_1;@CHEMICAL_RapaLink_1;chemical;1.0
@CHEMICAL_Reamberin;@CHEMICAL_Reamberin;chemical;1.0
@CHEMICAL_Rhodanine;@CHEMICAL_Rhodanine;chemical;1.0
@CHEMICAL_Ribonucleosides;@CHEMICAL_Ribonucleosides;chemical;1.0
@CHEMICAL_Ribulosephosphates;@CHEMICAL_Ribulosephosphates;chemical;1.0
@CHEMICAL_Rifamycins;@CHEMICAL_Rifamycins;chemical;1.0
@CHEMICAL_Rolitetracycline;@CHEMICAL_Rolitetracycline;chemical;1.0
@CHEMICAL_Ruthenium_Red;@CHEMICAL_Ruthenium_Red;chemical;1.0
@CHEMICAL_SBA_16;@CHEMICAL_SBA_16;chemical;1.0
@CHEMICAL_SBI_425;@CHEMICAL_SBI_425;chemical;1.0
@CHEMICAL_SB_216763;@CHEMICAL_SB_216763;chemical;1.0
@CHEMICAL_SB_222200;@CHEMICAL_SB_222200;chemical;1.0
@CHEMICAL_SB_590885;@CHEMICAL_SB_590885;chemical;1.0
@CHEMICAL_SDM;@CHEMICAL_SDM;chemical;1.0
@CHEMICAL_SGF_gum;@CHEMICAL_SGF_gum;chemical;1.0
@CHEMICAL_SR1001;@CHEMICAL_SR1001;chemical;1.0
@CHEMICAL_SRI_31215;@CHEMICAL_SRI_31215;chemical;1.0
@CHEMICAL_STO_609;@CHEMICAL_STO_609;chemical;1.0
@CHEMICAL_ST_1435;@CHEMICAL_ST_1435;chemical;1.0
@CHEMICAL_SVVYGLR_peptide;@CHEMICAL_SVVYGLR_peptide;chemical;1.0
@CHEMICAL_SW_100;@CHEMICAL_SW_100;chemical;1.0
@CHEMICAL_SZR_72;@CHEMICAL_SZR_72;chemical;1.0
@CHEMICAL_S_(3_hydroxypropyl)cysteine_N_acetate;@CHEMICAL_S_(3_hydroxypropyl)cysteine_N_acetate;chemical;1.0
@CHEMICAL_S_(6_purinyl)_N_acetylcysteine;@CHEMICAL_S_(6_purinyl)_N_acetylcysteine;chemical;1.0
@CHEMICAL_S_10;@CHEMICAL_S_10;chemical;1.0
@CHEMICAL_S_2366;@CHEMICAL_S_2366;chemical;1.0
@CHEMICAL_S_benzyl_N_malonylcysteine;@CHEMICAL_S_benzyl_N_malonylcysteine;chemical;1.0
@CHEMICAL_S_hydroxymethylglutathione;@CHEMICAL_S_hydroxymethylglutathione;chemical;1.0
@CHEMICAL_S_lactoylglutathione;@CHEMICAL_S_lactoylglutathione;chemical;1.0
@CHEMICAL_S_methylcysteine;@CHEMICAL_S_methylcysteine;chemical;1.0
@CHEMICAL_S_pentachlorobuta_1_3_dien_yl_cysteine;@CHEMICAL_S_pentachlorobuta_1_3_dien_yl_cysteine;chemical;1.0
@CHEMICAL_Sapogenins;@CHEMICAL_Sapogenins;chemical;1.0
@CHEMICAL_Seasonique;@CHEMICAL_Seasonique;chemical;1.0
@CHEMICAL_Simethicone;@CHEMICAL_Simethicone;chemical;1.0
@CHEMICAL_Single_Chain_Antibodies;@CHEMICAL_Single_Chain_Antibodies;chemical;1.0
@CHEMICAL_Sodium_Chloride_Dietary;@CHEMICAL_Sodium_Chloride_Dietary;chemical;1.0
@CHEMICAL_Solanine;@CHEMICAL_Solanine;chemical;1.0
@CHEMICAL_Spiramycin;@CHEMICAL_Spiramycin;chemical;1.0
@CHEMICAL_Spiro_Compounds;@CHEMICAL_Spiro_Compounds;chemical;1.0
@CHEMICAL_Spirostans;@CHEMICAL_Spirostans;chemical;1.0
@CHEMICAL_Stearic_Acids;@CHEMICAL_Stearic_Acids;chemical;1.0
@CHEMICAL_StemRegenin_1;@CHEMICAL_StemRegenin_1;chemical;1.0
@CHEMICAL_Styrenes;@CHEMICAL_Styrenes;chemical;1.0
@CHEMICAL_Succinic_Anhydrides;@CHEMICAL_Succinic_Anhydrides;chemical;1.0
@CHEMICAL_Sufentanil;@CHEMICAL_Sufentanil;chemical;1.0
@CHEMICAL_Sulfacetamide;@CHEMICAL_Sulfacetamide;chemical;1.0
@CHEMICAL_Sulfanilamides;@CHEMICAL_Sulfanilamides;chemical;1.0
@CHEMICAL_Sulfobromophthalein;@CHEMICAL_Sulfobromophthalein;chemical;1.0
@CHEMICAL_Sulfur_33;@CHEMICAL_Sulfur_33;chemical;1.0
@CHEMICAL_TECA;@CHEMICAL_TECA;chemical;1.0
@CHEMICAL_THR_184;@CHEMICAL_THR_184;chemical;1.0
@CHEMICAL_TL8_506;@CHEMICAL_TL8_506;chemical;1.0
@CHEMICAL_TLC_388;@CHEMICAL_TLC_388;chemical;1.0
@CHEMICAL_TLR4_agonist_G100;@CHEMICAL_TLR4_agonist_G100;chemical;1.0
@CHEMICAL_T_0070907;@CHEMICAL_T_0070907;chemical;1.0
@CHEMICAL_Tannic_Acid;@CHEMICAL_Tannic_Acid;chemical;1.0
@CHEMICAL_Technetium_Tc_99m_Pentetate;@CHEMICAL_Technetium_Tc_99m_Pentetate;chemical;1.0
@CHEMICAL_Tetracaine;@CHEMICAL_Tetracaine;chemical;1.0
@CHEMICAL_Tetrahydronaphthalenes;@CHEMICAL_Tetrahydronaphthalenes;chemical;1.0
@CHEMICAL_Tetrazoles;@CHEMICAL_Tetrazoles;chemical;1.0
@CHEMICAL_Texas_red;@CHEMICAL_Texas_red;chemical;1.0
@CHEMICAL_Thallium_201;@CHEMICAL_Thallium_201;chemical;1.0
@CHEMICAL_Thiamine_Monophosphate;@CHEMICAL_Thiamine_Monophosphate;chemical;1.0
@CHEMICAL_Thioamides;@CHEMICAL_Thioamides;chemical;1.0
@CHEMICAL_Thioglycolates;@CHEMICAL_Thioglycolates;chemical;1.0
@CHEMICAL_Thioxanthenes;@CHEMICAL_Thioxanthenes;chemical;1.0
@CHEMICAL_Ti3SiC2;@CHEMICAL_Ti3SiC2;chemical;1.0
@CHEMICAL_Tiagabine;@CHEMICAL_Tiagabine;chemical;1.0
@CHEMICAL_Todralazine;@CHEMICAL_Todralazine;chemical;1.0
@CHEMICAL_Tolu_balsam;@CHEMICAL_Tolu_balsam;chemical;1.0
@CHEMICAL_Toyocamycin;@CHEMICAL_Toyocamycin;chemical;1.0
@CHEMICAL_Triacetin;@CHEMICAL_Triacetin;chemical;1.0
@CHEMICAL_Trichothecenes;@CHEMICAL_Trichothecenes;chemical;1.0
@CHEMICAL_Trichothecenes_Type_B;@CHEMICAL_Trichothecenes_Type_B;chemical;1.0
@CHEMICAL_Triflupromazine;@CHEMICAL_Triflupromazine;chemical;1.0
@CHEMICAL_Trifluralin;@CHEMICAL_Trifluralin;chemical;1.0
@CHEMICAL_Trihexosylceramides;@CHEMICAL_Trihexosylceramides;chemical;1.0
@CHEMICAL_Triiodobenzoic_Acids;@CHEMICAL_Triiodobenzoic_Acids;chemical;1.0
@CHEMICAL_Trioses;@CHEMICAL_Trioses;chemical;1.0
@CHEMICAL_Tropanes;@CHEMICAL_Tropanes;chemical;1.0
@CHEMICAL_Tubercidin;@CHEMICAL_Tubercidin;chemical;1.0
@CHEMICAL_Turpentine;@CHEMICAL_Turpentine;chemical;1.0
@CHEMICAL_UDP_galacturonic_acid;@CHEMICAL_UDP_galacturonic_acid;chemical;1.0
@CHEMICAL_UH_232;@CHEMICAL_UH_232;chemical;1.0
@CHEMICAL_UNC10201652;@CHEMICAL_UNC10201652;chemical;1.0
@CHEMICAL_UiO_67;@CHEMICAL_UiO_67;chemical;1.0
@CHEMICAL_Uracil_Nucleotides;@CHEMICAL_Uracil_Nucleotides;chemical;1.0
@CHEMICAL_Uranium_233;@CHEMICAL_Uranium_233;chemical;1.0
@CHEMICAL_Uranyl_Nitrate;@CHEMICAL_Uranyl_Nitrate;chemical;1.0
@CHEMICAL_Uridine_Diphosphate_Xylose;@CHEMICAL_Uridine_Diphosphate_Xylose;chemical;1.0
@CHEMICAL_VALD_3;@CHEMICAL_VALD_3;chemical;1.0
@CHEMICAL_VMBP_protocol;@CHEMICAL_VMBP_protocol;chemical;1.0
@CHEMICAL_VT_1161;@CHEMICAL_VT_1161;chemical;1.0
@CHEMICAL_VU0357017;@CHEMICAL_VU0357017;chemical;1.0
@CHEMICAL_VU661013;@CHEMICAL_VU661013;chemical;1.0
@CHEMICAL_Veratridine;@CHEMICAL_Veratridine;chemical;1.0
@CHEMICAL_Vinca_Alkaloids;@CHEMICAL_Vinca_Alkaloids;chemical;1.0
@CHEMICAL_Viologens;@CHEMICAL_Viologens;chemical;1.0
@CHEMICAL_Viomycin;@CHEMICAL_Viomycin;chemical;1.0
@CHEMICAL_WAY_100135;@CHEMICAL_WAY_100135;chemical;1.0
@CHEMICAL_WK_X_34;@CHEMICAL_WK_X_34;chemical;1.0
@CHEMICAL_XAD_4_resin;@CHEMICAL_XAD_4_resin;chemical;1.0
@CHEMICAL_XEN_907;@CHEMICAL_XEN_907;chemical;1.0
@CHEMICAL_XP_620;@CHEMICAL_XP_620;chemical;1.0
@CHEMICAL_Xanthophylls;@CHEMICAL_Xanthophylls;chemical;1.0
@CHEMICAL_Xanthurenates;@CHEMICAL_Xanthurenates;chemical;1.0
@CHEMICAL_YF_476;@CHEMICAL_YF_476;chemical;1.0
@CHEMICAL_YM_529;@CHEMICAL_YM_529;chemical;1.0
@CHEMICAL_YO_PRO_1;@CHEMICAL_YO_PRO_1;chemical;1.0
@CHEMICAL_Yuanhuacin;@CHEMICAL_Yuanhuacin;chemical;1.0
@CHEMICAL_Zhi_Zi_Hou_Pu_decoction;@CHEMICAL_Zhi_Zi_Hou_Pu_decoction;chemical;1.0
@CHEMICAL_Zinc_Compounds;@CHEMICAL_Zinc_Compounds;chemical;1.0
@CHEMICAL_Ziram;@CHEMICAL_Ziram;chemical;1.0
@CHEMICAL_abelacimab;@CHEMICAL_abelacimab;chemical;1.0
@CHEMICAL_abienol;@CHEMICAL_abienol;chemical;1.0
@CHEMICAL_aceglutamide;@CHEMICAL_aceglutamide;chemical;1.0
@CHEMICAL_acenaphthene;@CHEMICAL_acenaphthene;chemical;1.0
@CHEMICAL_acenaphthenequinone;@CHEMICAL_acenaphthenequinone;chemical;1.0
@CHEMICAL_acenaphthylene;@CHEMICAL_acenaphthylene;chemical;1.0
@CHEMICAL_acetaminophen_codeine_drug_combination;@CHEMICAL_acetaminophen_codeine_drug_combination;chemical;1.0
@CHEMICAL_acetaminophen_sulfate_ester;@CHEMICAL_acetaminophen_sulfate_ester;chemical;1.0
@CHEMICAL_acetoacetanilide;@CHEMICAL_acetoacetanilide;chemical;1.0
@CHEMICAL_acetopyrrothine;@CHEMICAL_acetopyrrothine;chemical;1.0
@CHEMICAL_aceturic_acid;@CHEMICAL_aceturic_acid;chemical;1.0
@CHEMICAL_acetyl_bromide;@CHEMICAL_acetyl_bromide;chemical;1.0
@CHEMICAL_acetyl_glutamyl_glutamyl_methionyl_glutaminyl_arginyl_argininamide;@CHEMICAL_acetyl_glutamyl_glutamyl_methionyl_glutaminyl_arginyl_argininamide;chemical;1.0
@CHEMICAL_acetyl_methyl_tetramethyl_tetralin;@CHEMICAL_acetyl_methyl_tetramethyl_tetralin;chemical;1.0
@CHEMICAL_acetyl_prolyl_histidyl_seryl_cysteinyl_asparaginamide;@CHEMICAL_acetyl_prolyl_histidyl_seryl_cysteinyl_asparaginamide;chemical;1.0
@CHEMICAL_acetyl_triethyl_citrate;@CHEMICAL_acetyl_triethyl_citrate;chemical;1.0
@CHEMICAL_acetylhydrazine;@CHEMICAL_acetylhydrazine;chemical;1.0
@CHEMICAL_acetylvalerenolic_acid;@CHEMICAL_acetylvalerenolic_acid;chemical;1.0
@CHEMICAL_acid_blue_161;@CHEMICAL_acid_blue_161;chemical;1.0
@CHEMICAL_acid_fuchsin;@CHEMICAL_acid_fuchsin;chemical;1.0
@CHEMICAL_acid_orange_12;@CHEMICAL_acid_orange_12;chemical;1.0
@CHEMICAL_acid_red_B;@CHEMICAL_acid_red_B;chemical;1.0
@CHEMICAL_acid_violet_7;@CHEMICAL_acid_violet_7;chemical;1.0
@CHEMICAL_acifluorfen;@CHEMICAL_acifluorfen;chemical;1.0
@CHEMICAL_acipimox;@CHEMICAL_acipimox;chemical;1.0
@CHEMICAL_acryloyl_chloride;@CHEMICAL_acryloyl_chloride;chemical;1.0
@CHEMICAL_actinobolin;@CHEMICAL_actinobolin;chemical;1.0
@CHEMICAL_adenosylmethionine_tosylate_bis(sulfate);@CHEMICAL_adenosylmethionine_tosylate_bis(sulfate);chemical;1.0
@CHEMICAL_adipic_dihydrazide;@CHEMICAL_adipic_dihydrazide;chemical;1.0
@CHEMICAL_adonixanthin;@CHEMICAL_adonixanthin;chemical;1.0
@CHEMICAL_aetokthonotoxin;@CHEMICAL_aetokthonotoxin;chemical;1.0
@CHEMICAL_afimoxifene;@CHEMICAL_afimoxifene;chemical;1.0
@CHEMICAL_agastenol;@CHEMICAL_agastenol;chemical;1.0
@CHEMICAL_agastinol;@CHEMICAL_agastinol;chemical;1.0
@CHEMICAL_aglepristone;@CHEMICAL_aglepristone;chemical;1.0
@CHEMICAL_alagebrium;@CHEMICAL_alagebrium;chemical;1.0
@CHEMICAL_alanyl_tyrosyl_prolyl_glycyl_lysyl_phenylalanine;@CHEMICAL_alanyl_tyrosyl_prolyl_glycyl_lysyl_phenylalanine;chemical;1.0
@CHEMICAL_albendazole_sulfoxide;@CHEMICAL_albendazole_sulfoxide;chemical;1.0
@CHEMICAL_albomycin;@CHEMICAL_albomycin;chemical;1.0
@CHEMICAL_alexamorelin;@CHEMICAL_alexamorelin;chemical;1.0
@CHEMICAL_alginate_aluminium_hydroxide_magnesium_trisilicate_sodium_bicarbonate_drug_combination;@CHEMICAL_alginate_aluminium_hydroxide_magnesium_trisilicate_sodium_bicarbonate_drug_combination;chemical;1.0
@CHEMICAL_alginate_polylysine_alginate;@CHEMICAL_alginate_polylysine_alginate;chemical;1.0
@CHEMICAL_alizarin_violet;@CHEMICAL_alizarin_violet;chemical;1.0
@CHEMICAL_alizarin_yellow_R;@CHEMICAL_alizarin_yellow_R;chemical;1.0
@CHEMICAL_alloaromadendrene;@CHEMICAL_alloaromadendrene;chemical;1.0
@CHEMICAL_allocholic_acid;@CHEMICAL_allocholic_acid;chemical;1.0
@CHEMICAL_allopurinol_riboside;@CHEMICAL_allopurinol_riboside;chemical;1.0
@CHEMICAL_allyltrimethylsilane;@CHEMICAL_allyltrimethylsilane;chemical;1.0
@CHEMICAL_alnumycin;@CHEMICAL_alnumycin;chemical;1.0
@CHEMICAL_aloesin;@CHEMICAL_aloesin;chemical;1.0
@CHEMICAL_alpha_Cyclodextrins;@CHEMICAL_alpha_Cyclodextrins;chemical;1.0
@CHEMICAL_alpha_aminopimelic_acid;@CHEMICAL_alpha_aminopimelic_acid;chemical;1.0
@CHEMICAL_alpha_chaconine;@CHEMICAL_alpha_chaconine;chemical;1.0
@CHEMICAL_alpha_galactosyl_epitope;@CHEMICAL_alpha_galactosyl_epitope;chemical;1.0
@CHEMICAL_alpha_hydroxymyristic_acid;@CHEMICAL_alpha_hydroxymyristic_acid;chemical;1.0
@CHEMICAL_alpha_isopropylmalate;@CHEMICAL_alpha_isopropylmalate;chemical;1.0
@CHEMICAL_alpha_lapachone;@CHEMICAL_alpha_lapachone;chemical;1.0
@CHEMICAL_alpha_methyldopamine;@CHEMICAL_alpha_methyldopamine;chemical;1.0
@CHEMICAL_alpha_pyrrolidinovalerophenone;@CHEMICAL_alpha_pyrrolidinovalerophenone;chemical;1.0
@CHEMICAL_alrestatin;@CHEMICAL_alrestatin;chemical;1.0
@CHEMICAL_altrenogest;@CHEMICAL_altrenogest;chemical;1.0
@CHEMICAL_alum_hematoxylin;@CHEMICAL_alum_hematoxylin;chemical;1.0
@CHEMICAL_aluminum_boride;@CHEMICAL_aluminum_boride;chemical;1.0
@CHEMICAL_aluminum_hydroxide_magnesium_hydroxide_drug_combination;@CHEMICAL_aluminum_hydroxide_magnesium_hydroxide_drug_combination;chemical;1.0
@CHEMICAL_aluminum_nitride;@CHEMICAL_aluminum_nitride;chemical;1.0
@CHEMICAL_aluminum_oxychloride;@CHEMICAL_aluminum_oxychloride;chemical;1.0
@CHEMICAL_aluminum_phosphate;@CHEMICAL_aluminum_phosphate;chemical;1.0
@CHEMICAL_aluminum_tetrasulfophthalocyanine;@CHEMICAL_aluminum_tetrasulfophthalocyanine;chemical;1.0
@CHEMICAL_aminomalonic_acid;@CHEMICAL_aminomalonic_acid;chemical;1.0
@CHEMICAL_aminomethane_diphosphonate;@CHEMICAL_aminomethane_diphosphonate;chemical;1.0
@CHEMICAL_aminopurvalanol_A;@CHEMICAL_aminopurvalanol_A;chemical;1.0
@CHEMICAL_amitraz;@CHEMICAL_amitraz;chemical;1.0
@CHEMICAL_amlodipine_perindopril_drug_combination;@CHEMICAL_amlodipine_perindopril_drug_combination;chemical;1.0
@CHEMICAL_ammonium_carbonate;@CHEMICAL_ammonium_carbonate;chemical;1.0
@CHEMICAL_ammonium_citrate;@CHEMICAL_ammonium_citrate;chemical;1.0
@CHEMICAL_ammonium_fluoride;@CHEMICAL_ammonium_fluoride;chemical;1.0
@CHEMICAL_ammonium_molybdate;@CHEMICAL_ammonium_molybdate;chemical;1.0
@CHEMICAL_ammonium_sulfite;@CHEMICAL_ammonium_sulfite;chemical;1.0
@CHEMICAL_amprenavir;@CHEMICAL_amprenavir;chemical;1.0
@CHEMICAL_amyl_acetate;@CHEMICAL_amyl_acetate;chemical;1.0
@CHEMICAL_anagliptin;@CHEMICAL_anagliptin;chemical;1.0
@CHEMICAL_androstan_3_ol;@CHEMICAL_androstan_3_ol;chemical;1.0
@CHEMICAL_angoroside_C;@CHEMICAL_angoroside_C;chemical;1.0
@CHEMICAL_angustine;@CHEMICAL_angustine;chemical;1.0
@CHEMICAL_annphenone;@CHEMICAL_annphenone;chemical;1.0
@CHEMICAL_antheraxanthin;@CHEMICAL_antheraxanthin;chemical;1.0
@CHEMICAL_anthranilamide;@CHEMICAL_anthranilamide;chemical;1.0
@CHEMICAL_anthrone;@CHEMICAL_anthrone;chemical;1.0
@CHEMICAL_antimony_trioxide;@CHEMICAL_antimony_trioxide;chemical;1.0
@CHEMICAL_antrocin;@CHEMICAL_antrocin;chemical;1.0
@CHEMICAL_apicidin;@CHEMICAL_apicidin;chemical;1.0
@CHEMICAL_apigenin_7_O_rutinoside;@CHEMICAL_apigenin_7_O_rutinoside;chemical;1.0
@CHEMICAL_apocarotenal;@CHEMICAL_apocarotenal;chemical;1.0
@CHEMICAL_araboglycyrrhizin;@CHEMICAL_araboglycyrrhizin;chemical;1.0
@CHEMICAL_arachidonic_acid_5_hydroperoxide;@CHEMICAL_arachidonic_acid_5_hydroperoxide;chemical;1.0
@CHEMICAL_arenobufagin;@CHEMICAL_arenobufagin;chemical;1.0
@CHEMICAL_arginine_methyl_ester;@CHEMICAL_arginine_methyl_ester;chemical;1.0
@CHEMICAL_argininic_acid;@CHEMICAL_argininic_acid;chemical;1.0
@CHEMICAL_arginyl_glycyl_aspartyl_serine;@CHEMICAL_arginyl_glycyl_aspartyl_serine;chemical;1.0
@CHEMICAL_arginylproline;@CHEMICAL_arginylproline;chemical;1.0
@CHEMICAL_arsine;@CHEMICAL_arsine;chemical;1.0
@CHEMICAL_artemisic_acid;@CHEMICAL_artemisic_acid;chemical;1.0
@CHEMICAL_arylmethylaminosteroid_1o;@CHEMICAL_arylmethylaminosteroid_1o;chemical;1.0
@CHEMICAL_asclepin;@CHEMICAL_asclepin;chemical;1.0
@CHEMICAL_ascophyllin;@CHEMICAL_ascophyllin;chemical;1.0
@CHEMICAL_aspartyl_phenylalanine;@CHEMICAL_aspartyl_phenylalanine;chemical;1.0
@CHEMICAL_aspergillomarasmine_A;@CHEMICAL_aspergillomarasmine_A;chemical;1.0
@CHEMICAL_asperulosidic_acid;@CHEMICAL_asperulosidic_acid;chemical;1.0
@CHEMICAL_aspirin_4_hydroxybenzoic_acid_propyl_ester_drug_combination;@CHEMICAL_aspirin_4_hydroxybenzoic_acid_propyl_ester_drug_combination;chemical;1.0
@CHEMICAL_astragaloside_II;@CHEMICAL_astragaloside_II;chemical;1.0
@CHEMICAL_atazanavir_ritonavir_drug_combination;@CHEMICAL_atazanavir_ritonavir_drug_combination;chemical;1.0
@CHEMICAL_atglistatin;@CHEMICAL_atglistatin;chemical;1.0
@CHEMICAL_atractylenolide_I;@CHEMICAL_atractylenolide_I;chemical;1.0
@CHEMICAL_atractyligenine;@CHEMICAL_atractyligenine;chemical;1.0
@CHEMICAL_atranol;@CHEMICAL_atranol;chemical;1.0
@CHEMICAL_aurantiamide;@CHEMICAL_aurantiamide;chemical;1.0
@CHEMICAL_austrocortilutein;@CHEMICAL_austrocortilutein;chemical;1.0
@CHEMICAL_averufanin;@CHEMICAL_averufanin;chemical;1.0
@CHEMICAL_azaphilone;@CHEMICAL_azaphilone;chemical;1.0
@CHEMICAL_azidohomoalanine;@CHEMICAL_azidohomoalanine;chemical;1.0
@CHEMICAL_azilsartan;@CHEMICAL_azilsartan;chemical;1.0
@CHEMICAL_aziridine;@CHEMICAL_aziridine;chemical;1.0
@CHEMICAL_azomethane;@CHEMICAL_azomethane;chemical;1.0
@CHEMICAL_azomethine_H;@CHEMICAL_azomethine_H;chemical;1.0
@CHEMICAL_baccatin_III;@CHEMICAL_baccatin_III;chemical;1.0
@CHEMICAL_baccharin;@CHEMICAL_baccharin;chemical;1.0
@CHEMICAL_bacilysin;@CHEMICAL_bacilysin;chemical;1.0
@CHEMICAL_bacitracin_methylenedisalicylic_acid;@CHEMICAL_bacitracin_methylenedisalicylic_acid;chemical;1.0
@CHEMICAL_bacopaside_I;@CHEMICAL_bacopaside_I;chemical;1.0
@CHEMICAL_bacosine;@CHEMICAL_bacosine;chemical;1.0
@CHEMICAL_bactobolin;@CHEMICAL_bactobolin;chemical;1.0
@CHEMICAL_baeomycesic_acid;@CHEMICAL_baeomycesic_acid;chemical;1.0
@CHEMICAL_baishouwubenzophenone;@CHEMICAL_baishouwubenzophenone;chemical;1.0
@CHEMICAL_bantag_1;@CHEMICAL_bantag_1;chemical;1.0
@CHEMICAL_barium_carbonate;@CHEMICAL_barium_carbonate;chemical;1.0
@CHEMICAL_barium_chromate;@CHEMICAL_barium_chromate;chemical;1.0
@CHEMICAL_basic_red_46;@CHEMICAL_basic_red_46;chemical;1.0
@CHEMICAL_batatasin_III;@CHEMICAL_batatasin_III;chemical;1.0
@CHEMICAL_bathocuproine;@CHEMICAL_bathocuproine;chemical;1.0
@CHEMICAL_bathocuproine_sulfonate;@CHEMICAL_bathocuproine_sulfonate;chemical;1.0
@CHEMICAL_bathophenanthroline;@CHEMICAL_bathophenanthroline;chemical;1.0
@CHEMICAL_bathophenanthroline_disulfonic_acid;@CHEMICAL_bathophenanthroline_disulfonic_acid;chemical;1.0
@CHEMICAL_bavachalcone;@CHEMICAL_bavachalcone;chemical;1.0
@CHEMICAL_bazedoxifene;@CHEMICAL_bazedoxifene;chemical;1.0
@CHEMICAL_belite;@CHEMICAL_belite;chemical;1.0
@CHEMICAL_bentoquatam;@CHEMICAL_bentoquatam;chemical;1.0
@CHEMICAL_benzamil;@CHEMICAL_benzamil;chemical;1.0
@CHEMICAL_benzene_1_3_5_tricarboxamide;@CHEMICAL_benzene_1_3_5_tricarboxamide;chemical;1.0
@CHEMICAL_benzohydroxamic_acid;@CHEMICAL_benzohydroxamic_acid;chemical;1.0
@CHEMICAL_benzoic_anhydride;@CHEMICAL_benzoic_anhydride;chemical;1.0
@CHEMICAL_benzoylcarbonyl_aspartyl_glutamyl_valyl_aspartyl_fluoromethyl_ketone;@CHEMICAL_benzoylcarbonyl_aspartyl_glutamyl_valyl_aspartyl_fluoromethyl_ketone;chemical;1.0
@CHEMICAL_benzoylhydrazine;@CHEMICAL_benzoylhydrazine;chemical;1.0
@CHEMICAL_benzyl_benzoate;@CHEMICAL_benzyl_benzoate;chemical;1.0
@CHEMICAL_benzyl_bromide;@CHEMICAL_benzyl_bromide;chemical;1.0
@CHEMICAL_benzyl_chloride;@CHEMICAL_benzyl_chloride;chemical;1.0
@CHEMICAL_benzylaniline;@CHEMICAL_benzylaniline;chemical;1.0
@CHEMICAL_benzylhydrazine;@CHEMICAL_benzylhydrazine;chemical;1.0
@CHEMICAL_benzyloxycarbonyl_asparagine;@CHEMICAL_benzyloxycarbonyl_asparagine;chemical;1.0
@CHEMICAL_benzyloxycarbonyl_leucyl_glutamyl_histidyl_aspartic_acid_fluoromethyl_ketone;@CHEMICAL_benzyloxycarbonyl_leucyl_glutamyl_histidyl_aspartic_acid_fluoromethyl_ketone;chemical;1.0
@CHEMICAL_benzyloxycarbonyl_leucyl_leucyl_norleucinal;@CHEMICAL_benzyloxycarbonyl_leucyl_leucyl_norleucinal;chemical;1.0
@CHEMICAL_benzyltrimethylammonium;@CHEMICAL_benzyltrimethylammonium;chemical;1.0
@CHEMICAL_bermekimab;@CHEMICAL_bermekimab;chemical;1.0
@CHEMICAL_beta_1_6_glucan;@CHEMICAL_beta_1_6_glucan;chemical;1.0
@CHEMICAL_beta_3_oxindolylalanine;@CHEMICAL_beta_3_oxindolylalanine;chemical;1.0
@CHEMICAL_beta_Aminoethyl_Isothiourea;@CHEMICAL_beta_Aminoethyl_Isothiourea;chemical;1.0
@CHEMICAL_beta_apocarotenoid_14'_13'_dioxygenase;@CHEMICAL_beta_apocarotenoid_14'_13'_dioxygenase;chemical;1.0
@CHEMICAL_beta_bromostyrene;@CHEMICAL_beta_bromostyrene;chemical;1.0
@CHEMICAL_beta_butyrolactone;@CHEMICAL_beta_butyrolactone;chemical;1.0
@CHEMICAL_beta_chaconine;@CHEMICAL_beta_chaconine;chemical;1.0
@CHEMICAL_beta_hydroxyfentanyl;@CHEMICAL_beta_hydroxyfentanyl;chemical;1.0
@CHEMICAL_beta_hydroxyvaleric_acid;@CHEMICAL_beta_hydroxyvaleric_acid;chemical;1.0
@CHEMICAL_beta_leucine;@CHEMICAL_beta_leucine;chemical;1.0
@CHEMICAL_beta_methylnorleucine;@CHEMICAL_beta_methylnorleucine;chemical;1.0
@CHEMICAL_betrixaban;@CHEMICAL_betrixaban;chemical;1.0
@CHEMICAL_bevirimat;@CHEMICAL_bevirimat;chemical;1.0
@CHEMICAL_bictegravir_emtricitabine_tenofovir_alafenamide_drug_combination;@CHEMICAL_bictegravir_emtricitabine_tenofovir_alafenamide_drug_combination;chemical;1.0
@CHEMICAL_bicyclo(3_2_0)hept_2_en_6_one;@CHEMICAL_bicyclo(3_2_0)hept_2_en_6_one;chemical;1.0
@CHEMICAL_bidebiline_E;@CHEMICAL_bidebiline_E;chemical;1.0
@CHEMICAL_bifendate;@CHEMICAL_bifendate;chemical;1.0
@CHEMICAL_bifenox;@CHEMICAL_bifenox;chemical;1.0
@CHEMICAL_bifonazole;@CHEMICAL_bifonazole;chemical;1.0
@CHEMICAL_bile_acid_sulfates;@CHEMICAL_bile_acid_sulfates;chemical;1.0
@CHEMICAL_biliatresone;@CHEMICAL_biliatresone;chemical;1.0
@CHEMICAL_bilirubin_diglucuronide;@CHEMICAL_bilirubin_diglucuronide;chemical;1.0
@CHEMICAL_bilobalide;@CHEMICAL_bilobalide;chemical;1.0
@CHEMICAL_biocytin;@CHEMICAL_biocytin;chemical;1.0
@CHEMICAL_bis(2_4_6_trichlorophenyl)oxalate;@CHEMICAL_bis(2_4_6_trichlorophenyl)oxalate;chemical;1.0
@CHEMICAL_bis(2_4_dichlorobenzoyl)peroxide;@CHEMICAL_bis(2_4_dichlorobenzoyl)peroxide;chemical;1.0
@CHEMICAL_bis(2_butoxyethyl)phosphate;@CHEMICAL_bis(2_butoxyethyl)phosphate;chemical;1.0
@CHEMICAL_bis(acetylacetonato)oxovanadium(IV);@CHEMICAL_bis(acetylacetonato)oxovanadium(IV);chemical;1.0
@CHEMICAL_bis(p_chlorophenyl)acetic_acid;@CHEMICAL_bis(p_chlorophenyl)acetic_acid;chemical;1.0
@CHEMICAL_bis(pinacolato)diboron;@CHEMICAL_bis(pinacolato)diboron;chemical;1.0
@CHEMICAL_bis(trifluoromethanesulfonyl)imide;@CHEMICAL_bis(trifluoromethanesulfonyl)imide;chemical;1.0
@CHEMICAL_bisdesmethoxycurcumin;@CHEMICAL_bisdesmethoxycurcumin;chemical;1.0
@CHEMICAL_bismuth_nitrate;@CHEMICAL_bismuth_nitrate;chemical;1.0
@CHEMICAL_bismuth_phosphate;@CHEMICAL_bismuth_phosphate;chemical;1.0
@CHEMICAL_bismuth_telluride;@CHEMICAL_bismuth_telluride;chemical;1.0
@CHEMICAL_bismuth_titanate;@CHEMICAL_bismuth_titanate;chemical;1.0
@CHEMICAL_bispidine;@CHEMICAL_bispidine;chemical;1.0
@CHEMICAL_blebbistatin;@CHEMICAL_blebbistatin;chemical;1.0
@CHEMICAL_blumeatin;@CHEMICAL_blumeatin;chemical;1.0
@CHEMICAL_bolasterone;@CHEMICAL_bolasterone;chemical;1.0
@CHEMICAL_bopindolol;@CHEMICAL_bopindolol;chemical;1.0
@CHEMICAL_boromycin;@CHEMICAL_boromycin;chemical;1.0
@CHEMICAL_boron_oxide;@CHEMICAL_boron_oxide;chemical;1.0
@CHEMICAL_bostrycoidin;@CHEMICAL_bostrycoidin;chemical;1.0
@CHEMICAL_botryodiplodin;@CHEMICAL_botryodiplodin;chemical;1.0
@CHEMICAL_bottromycin;@CHEMICAL_bottromycin;chemical;1.0
@CHEMICAL_brasilane;@CHEMICAL_brasilane;chemical;1.0
@CHEMICAL_brazilin;@CHEMICAL_brazilin;chemical;1.0
@CHEMICAL_brequinar;@CHEMICAL_brequinar;chemical;1.0
@CHEMICAL_bretylium;@CHEMICAL_bretylium;chemical;1.0
@CHEMICAL_brexanolone;@CHEMICAL_brexanolone;chemical;1.0
@CHEMICAL_brivanib;@CHEMICAL_brivanib;chemical;1.0
@CHEMICAL_brivaracetam;@CHEMICAL_brivaracetam;chemical;1.0
@CHEMICAL_bromebric_acid;@CHEMICAL_bromebric_acid;chemical;1.0
@CHEMICAL_bromfenacoum;@CHEMICAL_bromfenacoum;chemical;1.0
@CHEMICAL_bromoacetate;@CHEMICAL_bromoacetate;chemical;1.0
@CHEMICAL_bromodichloroacetic_acid;@CHEMICAL_bromodichloroacetic_acid;chemical;1.0
@CHEMICAL_bromodichloromethane;@CHEMICAL_bromodichloromethane;chemical;1.0
@CHEMICAL_bromoform;@CHEMICAL_bromoform;chemical;1.0
@CHEMICAL_bromotyrosine;@CHEMICAL_bromotyrosine;chemical;1.0
@CHEMICAL_bufadienolide;@CHEMICAL_bufadienolide;chemical;1.0
@CHEMICAL_bufotalin;@CHEMICAL_bufotalin;chemical;1.0
@CHEMICAL_bufotoxin;@CHEMICAL_bufotoxin;chemical;1.0
@CHEMICAL_butenafine;@CHEMICAL_butenafine;chemical;1.0
@CHEMICAL_butyl_chloride;@CHEMICAL_butyl_chloride;chemical;1.0
@CHEMICAL_butyl_isobutyl_phthalate;@CHEMICAL_butyl_isobutyl_phthalate;chemical;1.0
@CHEMICAL_butyl_isocyanide;@CHEMICAL_butyl_isocyanide;chemical;1.0
@CHEMICAL_cabiralizumab;@CHEMICAL_cabiralizumab;chemical;1.0
@CHEMICAL_cacalol;@CHEMICAL_cacalol;chemical;1.0
@CHEMICAL_cadmium_iodide;@CHEMICAL_cadmium_iodide;chemical;1.0
@CHEMICAL_cadmium_selenide;@CHEMICAL_cadmium_selenide;chemical;1.0
@CHEMICAL_caerulomycin_A;@CHEMICAL_caerulomycin_A;chemical;1.0
@CHEMICAL_calcein_AM;@CHEMICAL_calcein_AM;chemical;1.0
@CHEMICAL_calcium_aluminate;@CHEMICAL_calcium_aluminate;chemical;1.0
@CHEMICAL_calcium_magnesium_phosphate;@CHEMICAL_calcium_magnesium_phosphate;chemical;1.0
@CHEMICAL_calcium_nitrate;@CHEMICAL_calcium_nitrate;chemical;1.0
@CHEMICAL_calcium_phosphate_dihydrate;@CHEMICAL_calcium_phosphate_dihydrate;chemical;1.0
@CHEMICAL_calcium_tungstate;@CHEMICAL_calcium_tungstate;chemical;1.0
@CHEMICAL_calenduloside_E;@CHEMICAL_calenduloside_E;chemical;1.0
@CHEMICAL_calix(4)pyrrole;@CHEMICAL_calix(4)pyrrole;chemical;1.0
@CHEMICAL_calomel;@CHEMICAL_calomel;chemical;1.0
@CHEMICAL_calotropin;@CHEMICAL_calotropin;chemical;1.0
@CHEMICAL_camylofine;@CHEMICAL_camylofine;chemical;1.0
@CHEMICAL_cannogenol_3_O_beta_D_allomethyloside;@CHEMICAL_cannogenol_3_O_beta_D_allomethyloside;chemical;1.0
@CHEMICAL_capsanthin;@CHEMICAL_capsanthin;chemical;1.0
@CHEMICAL_carbamazepine_epoxide;@CHEMICAL_carbamazepine_epoxide;chemical;1.0
@CHEMICAL_carboapatite;@CHEMICAL_carboapatite;chemical;1.0
@CHEMICAL_carbol_fuchsin_solution;@CHEMICAL_carbol_fuchsin_solution;chemical;1.0
@CHEMICAL_carbon_tetrafluoride;@CHEMICAL_carbon_tetrafluoride;chemical;1.0
@CHEMICAL_carbonylcyanide_4_trifluoromethoxyphenylhydrazone;@CHEMICAL_carbonylcyanide_4_trifluoromethoxyphenylhydrazone;chemical;1.0
@CHEMICAL_carboxylatopillar(5)arene;@CHEMICAL_carboxylatopillar(5)arene;chemical;1.0
@CHEMICAL_carboxymethyl_beta_cyclodextrin;@CHEMICAL_carboxymethyl_beta_cyclodextrin;chemical;1.0
@CHEMICAL_carboxymethyl_hexanoyl_chitosan;@CHEMICAL_carboxymethyl_hexanoyl_chitosan;chemical;1.0
@CHEMICAL_carboxymethylpullulan;@CHEMICAL_carboxymethylpullulan;chemical;1.0
@CHEMICAL_cardinalin_4;@CHEMICAL_cardinalin_4;chemical;1.0
@CHEMICAL_cariprazine;@CHEMICAL_cariprazine;chemical;1.0
@CHEMICAL_carlumab;@CHEMICAL_carlumab;chemical;1.0
@CHEMICAL_carmofur;@CHEMICAL_carmofur;chemical;1.0
@CHEMICAL_castasterone;@CHEMICAL_castasterone;chemical;1.0
@CHEMICAL_catechol_functionalized_chitosan;@CHEMICAL_catechol_functionalized_chitosan;chemical;1.0
@CHEMICAL_catumaxomab;@CHEMICAL_catumaxomab;chemical;1.0
@CHEMICAL_cedrene;@CHEMICAL_cedrene;chemical;1.0
@CHEMICAL_cefpiramide;@CHEMICAL_cefpiramide;chemical;1.0
@CHEMICAL_cefquinome;@CHEMICAL_cefquinome;chemical;1.0
@CHEMICAL_ceftolozane;@CHEMICAL_ceftolozane;chemical;1.0
@CHEMICAL_cellulose_acetate_butyrate;@CHEMICAL_cellulose_acetate_butyrate;chemical;1.0
@CHEMICAL_cellulose_acetate_phthalate;@CHEMICAL_cellulose_acetate_phthalate;chemical;1.0
@CHEMICAL_cellulose_tris_3_5_dimethylphenyl_carbamate;@CHEMICAL_cellulose_tris_3_5_dimethylphenyl_carbamate;chemical;1.0
@CHEMICAL_ceric_ammonium_nitrate;@CHEMICAL_ceric_ammonium_nitrate;chemical;1.0
@CHEMICAL_cerivastatin;@CHEMICAL_cerivastatin;chemical;1.0
@CHEMICAL_cesium_fluoride;@CHEMICAL_cesium_fluoride;chemical;1.0
@CHEMICAL_cesium_iodide;@CHEMICAL_cesium_iodide;chemical;1.0
@CHEMICAL_chebulic_acid;@CHEMICAL_chebulic_acid;chemical;1.0
@CHEMICAL_cheirolin;@CHEMICAL_cheirolin;chemical;1.0
@CHEMICAL_chelex;@CHEMICAL_chelex;chemical;1.0
@CHEMICAL_chelidonic_acid;@CHEMICAL_chelidonic_acid;chemical;1.0
@CHEMICAL_chitohexaose;@CHEMICAL_chitohexaose;chemical;1.0
@CHEMICAL_chitosan_poly(acrylic_acid);@CHEMICAL_chitosan_poly(acrylic_acid);chemical;1.0
@CHEMICAL_chitotetrose;@CHEMICAL_chitotetrose;chemical;1.0
@CHEMICAL_chitotriose;@CHEMICAL_chitotriose;chemical;1.0
@CHEMICAL_chlorbenside;@CHEMICAL_chlorbenside;chemical;1.0
@CHEMICAL_chlorhexidine_phosphanilate;@CHEMICAL_chlorhexidine_phosphanilate;chemical;1.0
@CHEMICAL_chlorin;@CHEMICAL_chlorin;chemical;1.0
@CHEMICAL_chlorodibromomethane;@CHEMICAL_chlorodibromomethane;chemical;1.0
@CHEMICAL_cholesta_5_8_dien_3_beta_ol;@CHEMICAL_cholesta_5_8_dien_3_beta_ol;chemical;1.0
@CHEMICAL_cholesterol_hydroperoxide;@CHEMICAL_cholesterol_hydroperoxide;chemical;1.0
@CHEMICAL_cholesteryl_arachidonate;@CHEMICAL_cholesteryl_arachidonate;chemical;1.0
@CHEMICAL_cholesteryl_succinate;@CHEMICAL_cholesteryl_succinate;chemical;1.0
@CHEMICAL_chondroitin_sulfate_D;@CHEMICAL_chondroitin_sulfate_D;chemical;1.0
@CHEMICAL_chonemorphine;@CHEMICAL_chonemorphine;chemical;1.0
@CHEMICAL_chromated_copper_arsenate;@CHEMICAL_chromated_copper_arsenate;chemical;1.0
@CHEMICAL_chromic_chloride;@CHEMICAL_chromic_chloride;chemical;1.0
@CHEMICAL_chromotropic_acid;@CHEMICAL_chromotropic_acid;chemical;1.0
@CHEMICAL_chromous_chloride;@CHEMICAL_chromous_chloride;chemical;1.0
@CHEMICAL_chrysene_1_2_diol;@CHEMICAL_chrysene_1_2_diol;chemical;1.0
@CHEMICAL_ciforadenant;@CHEMICAL_ciforadenant;chemical;1.0
@CHEMICAL_cinalukast;@CHEMICAL_cinalukast;chemical;1.0
@CHEMICAL_cinnamoylglycine;@CHEMICAL_cinnamoylglycine;chemical;1.0
@CHEMICAL_ciprofloxacin_dithiocarbamate;@CHEMICAL_ciprofloxacin_dithiocarbamate;chemical;1.0
@CHEMICAL_cis_vaccenic_acid;@CHEMICAL_cis_vaccenic_acid;chemical;1.0
@CHEMICAL_cisatracurium;@CHEMICAL_cisatracurium;chemical;1.0
@CHEMICAL_citrate_phosphate_dextrose;@CHEMICAL_citrate_phosphate_dextrose;chemical;1.0
@CHEMICAL_clavatol;@CHEMICAL_clavatol;chemical;1.0
@CHEMICAL_cleroindicin_E;@CHEMICAL_cleroindicin_E;chemical;1.0
@CHEMICAL_clonazolam;@CHEMICAL_clonazolam;chemical;1.0
@CHEMICAL_clovamide;@CHEMICAL_clovamide;chemical;1.0
@CHEMICAL_cobalt(II)_acetate;@CHEMICAL_cobalt(II)_acetate;chemical;1.0
@CHEMICAL_cobalt_hydroxide;@CHEMICAL_cobalt_hydroxide;chemical;1.0
@CHEMICAL_cobalt_phosphide;@CHEMICAL_cobalt_phosphide;chemical;1.0
@CHEMICAL_cobalt_trifluoride;@CHEMICAL_cobalt_trifluoride;chemical;1.0
@CHEMICAL_codeine_6_glucuronide;@CHEMICAL_codeine_6_glucuronide;chemical;1.0
@CHEMICAL_coibamide_A;@CHEMICAL_coibamide_A;chemical;1.0
@CHEMICAL_coir;@CHEMICAL_coir;chemical;1.0
@CHEMICAL_colneleic_acid;@CHEMICAL_colneleic_acid;chemical;1.0
@CHEMICAL_columbin;@CHEMICAL_columbin;chemical;1.0
@CHEMICAL_conduritol_epoxide;@CHEMICAL_conduritol_epoxide;chemical;1.0
@CHEMICAL_coniine;@CHEMICAL_coniine;chemical;1.0
@CHEMICAL_conoidin_A;@CHEMICAL_conoidin_A;chemical;1.0
@CHEMICAL_consanguine_B;@CHEMICAL_consanguine_B;chemical;1.0
@CHEMICAL_conteltinib;@CHEMICAL_conteltinib;chemical;1.0
@CHEMICAL_copper(II)_nitrate;@CHEMICAL_copper(II)_nitrate;chemical;1.0
@CHEMICAL_copper_aspartate;@CHEMICAL_copper_aspartate;chemical;1.0
@CHEMICAL_copper_histidine;@CHEMICAL_copper_histidine;chemical;1.0
@CHEMICAL_coproporphyrin_III;@CHEMICAL_coproporphyrin_III;chemical;1.0
@CHEMICAL_corannulene;@CHEMICAL_corannulene;chemical;1.0
@CHEMICAL_coronatine;@CHEMICAL_coronatine;chemical;1.0
@CHEMICAL_corydine_methyl_ether;@CHEMICAL_corydine_methyl_ether;chemical;1.0
@CHEMICAL_cotinine_N_oxide;@CHEMICAL_cotinine_N_oxide;chemical;1.0
@CHEMICAL_coumaran;@CHEMICAL_coumaran;chemical;1.0
@CHEMICAL_coumarin_3_4_epoxide;@CHEMICAL_coumarin_3_4_epoxide;chemical;1.0
@CHEMICAL_coumestan;@CHEMICAL_coumestan;chemical;1.0
@CHEMICAL_creatinol_phosphate;@CHEMICAL_creatinol_phosphate;chemical;1.0
@CHEMICAL_creosol;@CHEMICAL_creosol;chemical;1.0
@CHEMICAL_crisamicin_A;@CHEMICAL_crisamicin_A;chemical;1.0
@CHEMICAL_crotalicidin;@CHEMICAL_crotalicidin;chemical;1.0
@CHEMICAL_crotonic_acid;@CHEMICAL_crotonic_acid;chemical;1.0
@CHEMICAL_cubebin;@CHEMICAL_cubebin;chemical;1.0
@CHEMICAL_cucurbitacin_D;@CHEMICAL_cucurbitacin_D;chemical;1.0
@CHEMICAL_cumene;@CHEMICAL_cumene;chemical;1.0
@CHEMICAL_cumene_hydroperoxide;@CHEMICAL_cumene_hydroperoxide;chemical;1.0
@CHEMICAL_cuprammonium_cellulose;@CHEMICAL_cuprammonium_cellulose;chemical;1.0
@CHEMICAL_cupressuflavone;@CHEMICAL_cupressuflavone;chemical;1.0
@CHEMICAL_cupric_acetate;@CHEMICAL_cupric_acetate;chemical;1.0
@CHEMICAL_cupric_bromide;@CHEMICAL_cupric_bromide;chemical;1.0
@CHEMICAL_cuprorivaite;@CHEMICAL_cuprorivaite;chemical;1.0
@CHEMICAL_curcumin_III;@CHEMICAL_curcumin_III;chemical;1.0
@CHEMICAL_curcumin_glucuronide;@CHEMICAL_curcumin_glucuronide;chemical;1.0
@CHEMICAL_cyanuric_chloride;@CHEMICAL_cyanuric_chloride;chemical;1.0
@CHEMICAL_cyazofamid;@CHEMICAL_cyazofamid;chemical;1.0
@CHEMICAL_cyclam;@CHEMICAL_cyclam;chemical;1.0
@CHEMICAL_cyclic_(arginyl_glycyl_aspartyl_phenylalanyl_lysyl);@CHEMICAL_cyclic_(arginyl_glycyl_aspartyl_phenylalanyl_lysyl);chemical;1.0
@CHEMICAL_cyclic_adenosine_5'_trimetaphosphate;@CHEMICAL_cyclic_adenosine_5'_trimetaphosphate;chemical;1.0
@CHEMICAL_cyclo(arginyl_glycyl_aspartyl_phenylalanyl_cysteinyl);@CHEMICAL_cyclo(arginyl_glycyl_aspartyl_phenylalanyl_cysteinyl);chemical;1.0
@CHEMICAL_cyclo(tyrosyl_tyrosyl);@CHEMICAL_cyclo(tyrosyl_tyrosyl);chemical;1.0
@CHEMICAL_cyclohexene;@CHEMICAL_cyclohexene;chemical;1.0
@CHEMICAL_cyclohexene_oxide;@CHEMICAL_cyclohexene_oxide;chemical;1.0
@CHEMICAL_cyclopentenone;@CHEMICAL_cyclopentenone;chemical;1.0
@CHEMICAL_cyclopiazonic_acid;@CHEMICAL_cyclopiazonic_acid;chemical;1.0
@CHEMICAL_cyclopropapyrroloindole;@CHEMICAL_cyclopropapyrroloindole;chemical;1.0
@CHEMICAL_cyclopropenone;@CHEMICAL_cyclopropenone;chemical;1.0
@CHEMICAL_cynandione_A;@CHEMICAL_cynandione_A;chemical;1.0
@CHEMICAL_cyproconazole;@CHEMICAL_cyproconazole;chemical;1.0
@CHEMICAL_cyrtominetin;@CHEMICAL_cyrtominetin;chemical;1.0
@CHEMICAL_cysteine_sulfinic_acid;@CHEMICAL_cysteine_sulfinic_acid;chemical;1.0
@CHEMICAL_daminozide;@CHEMICAL_daminozide;chemical;1.0
@CHEMICAL_dansyl_chloride;@CHEMICAL_dansyl_chloride;chemical;1.0
@CHEMICAL_dansyl_hydrazine;@CHEMICAL_dansyl_hydrazine;chemical;1.0
@CHEMICAL_dansylsarcosine;@CHEMICAL_dansylsarcosine;chemical;1.0
@CHEMICAL_dapoxetine;@CHEMICAL_dapoxetine;chemical;1.0
@CHEMICAL_darapladib;@CHEMICAL_darapladib;chemical;1.0
@CHEMICAL_darobactin;@CHEMICAL_darobactin;chemical;1.0
@CHEMICAL_decylplastoquinone;@CHEMICAL_decylplastoquinone;chemical;1.0
@CHEMICAL_decyltrimethylammonium;@CHEMICAL_decyltrimethylammonium;chemical;1.0
@CHEMICAL_deepoxy_deoxynivalenol;@CHEMICAL_deepoxy_deoxynivalenol;chemical;1.0
@CHEMICAL_deflux;@CHEMICAL_deflux;chemical;1.0
@CHEMICAL_dehydroabietylamine;@CHEMICAL_dehydroabietylamine;chemical;1.0
@CHEMICAL_dehydroemetine;@CHEMICAL_dehydroemetine;chemical;1.0
@CHEMICAL_delapril;@CHEMICAL_delapril;chemical;1.0
@CHEMICAL_delta(6)_hexadecenoic_acid;@CHEMICAL_delta(6)_hexadecenoic_acid;chemical;1.0
@CHEMICAL_delta_(3_4_dihydroxyphenyl)_gamma_valerolactone;@CHEMICAL_delta_(3_4_dihydroxyphenyl)_gamma_valerolactone;chemical;1.0
@CHEMICAL_dendrobine;@CHEMICAL_dendrobine;chemical;1.0
@CHEMICAL_dendrophenol;@CHEMICAL_dendrophenol;chemical;1.0
@CHEMICAL_deoxybenzoin;@CHEMICAL_deoxybenzoin;chemical;1.0
@CHEMICAL_deoxynivalenol_3_glucoside;@CHEMICAL_deoxynivalenol_3_glucoside;chemical;1.0
@CHEMICAL_deoxynivalenol_3_glucuronide;@CHEMICAL_deoxynivalenol_3_glucuronide;chemical;1.0
@CHEMICAL_derrubone;@CHEMICAL_derrubone;chemical;1.0
@CHEMICAL_desmethoxycurcumin;@CHEMICAL_desmethoxycurcumin;chemical;1.0
@CHEMICAL_desmethylicaritin;@CHEMICAL_desmethylicaritin;chemical;1.0
@CHEMICAL_desmethylnaproxen;@CHEMICAL_desmethylnaproxen;chemical;1.0
@CHEMICAL_dexamethasone_21_palmitate;@CHEMICAL_dexamethasone_21_palmitate;chemical;1.0
@CHEMICAL_dextran_dialdehyde;@CHEMICAL_dextran_dialdehyde;chemical;1.0
@CHEMICAL_di(2_ethylhexyl)phosphate;@CHEMICAL_di(2_ethylhexyl)phosphate;chemical;1.0
@CHEMICAL_di_n_butylphosphoric_acid;@CHEMICAL_di_n_butylphosphoric_acid;chemical;1.0
@CHEMICAL_di_n_octyl_phthalate;@CHEMICAL_di_n_octyl_phthalate;chemical;1.0
@CHEMICAL_diacetylfluorescein;@CHEMICAL_diacetylfluorescein;chemical;1.0
@CHEMICAL_diallyldimethylammonium_chloride;@CHEMICAL_diallyldimethylammonium_chloride;chemical;1.0
@CHEMICAL_diaveridine;@CHEMICAL_diaveridine;chemical;1.0
@CHEMICAL_diazobenzenesulfonic_acid;@CHEMICAL_diazobenzenesulfonic_acid;chemical;1.0
@CHEMICAL_diazolidinylurea;@CHEMICAL_diazolidinylurea;chemical;1.0
@CHEMICAL_dibenzo_18_crown_6;@CHEMICAL_dibenzo_18_crown_6;chemical;1.0
@CHEMICAL_dibenzo_21_crown_7;@CHEMICAL_dibenzo_21_crown_7;chemical;1.0
@CHEMICAL_dibenzothiophene;@CHEMICAL_dibenzothiophene;chemical;1.0
@CHEMICAL_dibenzylidene_sorbitol;@CHEMICAL_dibenzylidene_sorbitol;chemical;1.0
@CHEMICAL_diborane;@CHEMICAL_diborane;chemical;1.0
@CHEMICAL_dibutyldichlorotin;@CHEMICAL_dibutyldichlorotin;chemical;1.0
@CHEMICAL_dicarboxydine;@CHEMICAL_dicarboxydine;chemical;1.0
@CHEMICAL_dichlorodibenzo_p_dioxin;@CHEMICAL_dichlorodibenzo_p_dioxin;chemical;1.0
@CHEMICAL_dichlorodicyanobenzoquinone;@CHEMICAL_dichlorodicyanobenzoquinone;chemical;1.0
@CHEMICAL_dicumyl_peroxide;@CHEMICAL_dicumyl_peroxide;chemical;1.0
@CHEMICAL_didrovaltrate;@CHEMICAL_didrovaltrate;chemical;1.0
@CHEMICAL_diethylcyanophosphonate;@CHEMICAL_diethylcyanophosphonate;chemical;1.0
@CHEMICAL_diethylenetriaminetetraacetic_acid;@CHEMICAL_diethylenetriaminetetraacetic_acid;chemical;1.0
@CHEMICAL_diferulic_acid;@CHEMICAL_diferulic_acid;chemical;1.0
@CHEMICAL_difficidin;@CHEMICAL_difficidin;chemical;1.0
@CHEMICAL_diglycolic_acid;@CHEMICAL_diglycolic_acid;chemical;1.0
@CHEMICAL_dihydroconiferyl_alcohol;@CHEMICAL_dihydroconiferyl_alcohol;chemical;1.0
@CHEMICAL_dihydrokavain;@CHEMICAL_dihydrokavain;chemical;1.0
@CHEMICAL_dihydronepetalactone;@CHEMICAL_dihydronepetalactone;chemical;1.0
@CHEMICAL_dihydropyrano(2_3_c)pyrazole;@CHEMICAL_dihydropyrano(2_3_c)pyrazole;chemical;1.0
@CHEMICAL_dihydroxydianthrone;@CHEMICAL_dihydroxydianthrone;chemical;1.0
@CHEMICAL_dihydrozeatin;@CHEMICAL_dihydrozeatin;chemical;1.0
@CHEMICAL_diincarvilone_A;@CHEMICAL_diincarvilone_A;chemical;1.0
@CHEMICAL_diisopropylamine;@CHEMICAL_diisopropylamine;chemical;1.0
@CHEMICAL_dilactide;@CHEMICAL_dilactide;chemical;1.0
@CHEMICAL_dimethisoquin;@CHEMICAL_dimethisoquin;chemical;1.0
@CHEMICAL_dimethyl_ether;@CHEMICAL_dimethyl_ether;chemical;1.0
@CHEMICAL_dimethyldioctadecylammonium;@CHEMICAL_dimethyldioctadecylammonium;chemical;1.0
@CHEMICAL_dimethylethylenediamine;@CHEMICAL_dimethylethylenediamine;chemical;1.0
@CHEMICAL_dimethylmyleran;@CHEMICAL_dimethylmyleran;chemical;1.0
@CHEMICAL_dinitrobenzenesulfonic_acid;@CHEMICAL_dinitrobenzenesulfonic_acid;chemical;1.0
@CHEMICAL_dinoseb;@CHEMICAL_dinoseb;chemical;1.0
@CHEMICAL_diospyrin;@CHEMICAL_diospyrin;chemical;1.0
@CHEMICAL_dioxidine;@CHEMICAL_dioxidine;chemical;1.0
@CHEMICAL_dioxybenzone;@CHEMICAL_dioxybenzone;chemical;1.0
@CHEMICAL_dipalmitin;@CHEMICAL_dipalmitin;chemical;1.0
@CHEMICAL_diphenazine;@CHEMICAL_diphenazine;chemical;1.0
@CHEMICAL_diphenidol;@CHEMICAL_diphenidol;chemical;1.0
@CHEMICAL_diphenyl_1_pyrenylphosphine;@CHEMICAL_diphenyl_1_pyrenylphosphine;chemical;1.0
@CHEMICAL_diphenyl_sulfoxide;@CHEMICAL_diphenyl_sulfoxide;chemical;1.0
@CHEMICAL_diphenylcyclopropenone;@CHEMICAL_diphenylcyclopropenone;chemical;1.0
@CHEMICAL_diphenyliodonium;@CHEMICAL_diphenyliodonium;chemical;1.0
@CHEMICAL_diphenylmethane;@CHEMICAL_diphenylmethane;chemical;1.0
@CHEMICAL_dipivefrin;@CHEMICAL_dipivefrin;chemical;1.0
@CHEMICAL_dipropyl_sulfide;@CHEMICAL_dipropyl_sulfide;chemical;1.0
@CHEMICAL_dirithromycin;@CHEMICAL_dirithromycin;chemical;1.0
@CHEMICAL_disalicylaldehyde_ethylenediamine;@CHEMICAL_disalicylaldehyde_ethylenediamine;chemical;1.0
@CHEMICAL_distearoyl_phosphatidylglycerol;@CHEMICAL_distearoyl_phosphatidylglycerol;chemical;1.0
@CHEMICAL_docosahexaenoylascorbic_acid;@CHEMICAL_docosahexaenoylascorbic_acid;chemical;1.0
@CHEMICAL_docosane;@CHEMICAL_docosane;chemical;1.0
@CHEMICAL_dodecanedioic_acid;@CHEMICAL_dodecanedioic_acid;chemical;1.0
@CHEMICAL_dodecyltrimethylammonium;@CHEMICAL_dodecyltrimethylammonium;chemical;1.0
@CHEMICAL_dolichol_pyrophosphate;@CHEMICAL_dolichol_pyrophosphate;chemical;1.0
@CHEMICAL_domoic_acid;@CHEMICAL_domoic_acid;chemical;1.0
@CHEMICAL_dopamine_3_O_sulfate;@CHEMICAL_dopamine_3_O_sulfate;chemical;1.0
@CHEMICAL_dopamine_melanin;@CHEMICAL_dopamine_melanin;chemical;1.0
@CHEMICAL_drospirenone_and_ethinyl_estradiol_combination;@CHEMICAL_drospirenone_and_ethinyl_estradiol_combination;chemical;1.0
@CHEMICAL_dufulin;@CHEMICAL_dufulin;chemical;1.0
@CHEMICAL_duroquinone;@CHEMICAL_duroquinone;chemical;1.0
@CHEMICAL_dysprosium_oxide;@CHEMICAL_dysprosium_oxide;chemical;1.0
@CHEMICAL_ebselen;@CHEMICAL_ebselen;chemical;1.0
@CHEMICAL_efonidipine;@CHEMICAL_efonidipine;chemical;1.0
@CHEMICAL_eicosane;@CHEMICAL_eicosane;chemical;1.0
@CHEMICAL_eicosenoic_acid;@CHEMICAL_eicosenoic_acid;chemical;1.0
@CHEMICAL_elemol;@CHEMICAL_elemol;chemical;1.0
@CHEMICAL_ellipticine;@CHEMICAL_ellipticine;chemical;1.0
@CHEMICAL_emivirine;@CHEMICAL_emivirine;chemical;1.0
@CHEMICAL_emodepside;@CHEMICAL_emodepside;chemical;1.0
@CHEMICAL_emodin_anthrone;@CHEMICAL_emodin_anthrone;chemical;1.0
@CHEMICAL_emtricitabine_tenofovir_alafenamide;@CHEMICAL_emtricitabine_tenofovir_alafenamide;chemical;1.0
@CHEMICAL_endosulfan_sulfate;@CHEMICAL_endosulfan_sulfate;chemical;1.0
@CHEMICAL_enilconazole;@CHEMICAL_enilconazole;chemical;1.0
@CHEMICAL_enzastaurin;@CHEMICAL_enzastaurin;chemical;1.0
@CHEMICAL_epiafzelechin;@CHEMICAL_epiafzelechin;chemical;1.0
@CHEMICAL_epoxomicin;@CHEMICAL_epoxomicin;chemical;1.0
@CHEMICAL_epoxy_resin_based_root_canal_sealer;@CHEMICAL_epoxy_resin_based_root_canal_sealer;chemical;1.0
@CHEMICAL_eprenetapopt;@CHEMICAL_eprenetapopt;chemical;1.0
@CHEMICAL_eprosartan;@CHEMICAL_eprosartan;chemical;1.0
@CHEMICAL_epsilon_hydroxynorleucine;@CHEMICAL_epsilon_hydroxynorleucine;chemical;1.0
@CHEMICAL_ergosta_4_6_8(14)_22_tetraen_3_one;@CHEMICAL_ergosta_4_6_8(14)_22_tetraen_3_one;chemical;1.0
@CHEMICAL_ergosterol_5_8_peroxide;@CHEMICAL_ergosterol_5_8_peroxide;chemical;1.0
@CHEMICAL_erythrodiol;@CHEMICAL_erythrodiol;chemical;1.0
@CHEMICAL_erythromycin_lactobionate;@CHEMICAL_erythromycin_lactobionate;chemical;1.0
@CHEMICAL_erythrose;@CHEMICAL_erythrose;chemical;1.0
@CHEMICAL_eschweilenol_C;@CHEMICAL_eschweilenol_C;chemical;1.0
@CHEMICAL_estradiol_3_4_quinone;@CHEMICAL_estradiol_3_4_quinone;chemical;1.0
@CHEMICAL_estradiol_3_glucuronide;@CHEMICAL_estradiol_3_glucuronide;chemical;1.0
@CHEMICAL_estriol_succinate;@CHEMICAL_estriol_succinate;chemical;1.0
@CHEMICAL_estroprogestin;@CHEMICAL_estroprogestin;chemical;1.0
@CHEMICAL_ethenzamide;@CHEMICAL_ethenzamide;chemical;1.0
@CHEMICAL_ethidium_homodimer;@CHEMICAL_ethidium_homodimer;chemical;1.0
@CHEMICAL_ethyl_2_methylpropanoate;@CHEMICAL_ethyl_2_methylpropanoate;chemical;1.0
@CHEMICAL_ethyl_acetoacetate;@CHEMICAL_ethyl_acetoacetate;chemical;1.0
@CHEMICAL_ethyl_fumarate;@CHEMICAL_ethyl_fumarate;chemical;1.0
@CHEMICAL_ethyl_nitroacetate;@CHEMICAL_ethyl_nitroacetate;chemical;1.0
@CHEMICAL_ethyl_protocatechuate;@CHEMICAL_ethyl_protocatechuate;chemical;1.0
@CHEMICAL_ethyl_salicylate;@CHEMICAL_ethyl_salicylate;chemical;1.0
@CHEMICAL_ethyl_violet;@CHEMICAL_ethyl_violet;chemical;1.0
@CHEMICAL_ethylcyclohexane;@CHEMICAL_ethylcyclohexane;chemical;1.0
@CHEMICAL_ethylene_carbonate;@CHEMICAL_ethylene_carbonate;chemical;1.0
@CHEMICAL_ethylene_diamine_beta_cyclodextrin;@CHEMICAL_ethylene_diamine_beta_cyclodextrin;chemical;1.0
@CHEMICAL_ethylene_dimethacrylate;@CHEMICAL_ethylene_dimethacrylate;chemical;1.0
@CHEMICAL_ethylene_glycolylbis(succinimidyl_succinate);@CHEMICAL_ethylene_glycolylbis(succinimidyl_succinate);chemical;1.0
@CHEMICAL_ethylparaoxon;@CHEMICAL_ethylparaoxon;chemical;1.0
@CHEMICAL_etiron;@CHEMICAL_etiron;chemical;1.0
@CHEMICAL_etrasimod;@CHEMICAL_etrasimod;chemical;1.0
@CHEMICAL_etripamil;@CHEMICAL_etripamil;chemical;1.0
@CHEMICAL_exaltolide;@CHEMICAL_exaltolide;chemical;1.0
@CHEMICAL_factor_420;@CHEMICAL_factor_420;chemical;1.0
@CHEMICAL_fallypride;@CHEMICAL_fallypride;chemical;1.0
@CHEMICAL_fanasil_pyrimethamine_drug_combination;@CHEMICAL_fanasil_pyrimethamine_drug_combination;chemical;1.0
@CHEMICAL_fargesone_A;@CHEMICAL_fargesone_A;chemical;1.0
@CHEMICAL_farnesiferol_A;@CHEMICAL_farnesiferol_A;chemical;1.0
@CHEMICAL_farobin_A;@CHEMICAL_farobin_A;chemical;1.0
@CHEMICAL_fenchol;@CHEMICAL_fenchol;chemical;1.0
@CHEMICAL_fenchone;@CHEMICAL_fenchone;chemical;1.0
@CHEMICAL_fengycin;@CHEMICAL_fengycin;chemical;1.0
@CHEMICAL_fenofibric_acid;@CHEMICAL_fenofibric_acid;chemical;1.0
@CHEMICAL_ferbam;@CHEMICAL_ferbam;chemical;1.0
@CHEMICAL_ferric_maltol;@CHEMICAL_ferric_maltol;chemical;1.0
@CHEMICAL_ferric_nitrate;@CHEMICAL_ferric_nitrate;chemical;1.0
@CHEMICAL_ferric_sulfate;@CHEMICAL_ferric_sulfate;chemical;1.0
@CHEMICAL_ferristatin_II;@CHEMICAL_ferristatin_II;chemical;1.0
@CHEMICAL_ferro_manganese_alloy;@CHEMICAL_ferro_manganese_alloy;chemical;1.0
@CHEMICAL_ferrocenecarboxaldehyde;@CHEMICAL_ferrocenecarboxaldehyde;chemical;1.0
@CHEMICAL_ferrocenecarboxylic_acid;@CHEMICAL_ferrocenecarboxylic_acid;chemical;1.0
@CHEMICAL_ferrous_bisglycinate;@CHEMICAL_ferrous_bisglycinate;chemical;1.0
@CHEMICAL_ferrous_fumarate;@CHEMICAL_ferrous_fumarate;chemical;1.0
@CHEMICAL_feruloyldopamine;@CHEMICAL_feruloyldopamine;chemical;1.0
@CHEMICAL_ferumoxides;@CHEMICAL_ferumoxides;chemical;1.0
@CHEMICAL_ferumoxtran_10;@CHEMICAL_ferumoxtran_10;chemical;1.0
@CHEMICAL_feselol;@CHEMICAL_feselol;chemical;1.0
@CHEMICAL_fesoterodine;@CHEMICAL_fesoterodine;chemical;1.0
@CHEMICAL_ficlatuzumab;@CHEMICAL_ficlatuzumab;chemical;1.0
@CHEMICAL_flavoglaucin;@CHEMICAL_flavoglaucin;chemical;1.0
@CHEMICAL_flonicamid;@CHEMICAL_flonicamid;chemical;1.0
@CHEMICAL_florfenicol_amine;@CHEMICAL_florfenicol_amine;chemical;1.0
@CHEMICAL_flumatinib;@CHEMICAL_flumatinib;chemical;1.0
@CHEMICAL_flunisolide;@CHEMICAL_flunisolide;chemical;1.0
@CHEMICAL_fluocinolone;@CHEMICAL_fluocinolone;chemical;1.0
@CHEMICAL_fluoren_9_ol;@CHEMICAL_fluoren_9_ol;chemical;1.0
@CHEMICAL_fluorescein_carboxylate;@CHEMICAL_fluorescein_carboxylate;chemical;1.0
@CHEMICAL_fluoroacetamide;@CHEMICAL_fluoroacetamide;chemical;1.0
@CHEMICAL_fluorocarbon_22;@CHEMICAL_fluorocarbon_22;chemical;1.0
@CHEMICAL_fluorocholine;@CHEMICAL_fluorocholine;chemical;1.0
@CHEMICAL_fluoroform;@CHEMICAL_fluoroform;chemical;1.0
@CHEMICAL_fluoromethylcholine;@CHEMICAL_fluoromethylcholine;chemical;1.0
@CHEMICAL_fluorophosphate;@CHEMICAL_fluorophosphate;chemical;1.0
@CHEMICAL_fluphenazine_depot;@CHEMICAL_fluphenazine_depot;chemical;1.0
@CHEMICAL_flutemetamol;@CHEMICAL_flutemetamol;chemical;1.0
@CHEMICAL_formal_glycol;@CHEMICAL_formal_glycol;chemical;1.0
@CHEMICAL_formaldehydesulfoxylate;@CHEMICAL_formaldehydesulfoxylate;chemical;1.0
@CHEMICAL_formamide;@CHEMICAL_formamide;chemical;1.0
@CHEMICAL_formamidine;@CHEMICAL_formamidine;chemical;1.0
@CHEMICAL_formose_sugars;@CHEMICAL_formose_sugars;chemical;1.0
@CHEMICAL_forsterite;@CHEMICAL_forsterite;chemical;1.0
@CHEMICAL_fremanezumab;@CHEMICAL_fremanezumab;chemical;1.0
@CHEMICAL_friedelane;@CHEMICAL_friedelane;chemical;1.0
@CHEMICAL_fropenem;@CHEMICAL_fropenem;chemical;1.0
@CHEMICAL_fumarylacetone;@CHEMICAL_fumarylacetone;chemical;1.0
@CHEMICAL_funoran;@CHEMICAL_funoran;chemical;1.0
@CHEMICAL_furaneol;@CHEMICAL_furaneol;chemical;1.0
@CHEMICAL_furanoheliangolide;@CHEMICAL_furanoheliangolide;chemical;1.0
@CHEMICAL_fustin;@CHEMICAL_fustin;chemical;1.0
@CHEMICAL_futalosine;@CHEMICAL_futalosine;chemical;1.0
@CHEMICAL_gadobenic_acid;@CHEMICAL_gadobenic_acid;chemical;1.0
@CHEMICAL_galabiosylceramide;@CHEMICAL_galabiosylceramide;chemical;1.0
@CHEMICAL_galactocerebroside;@CHEMICAL_galactocerebroside;chemical;1.0
@CHEMICAL_galactonic_acid;@CHEMICAL_galactonic_acid;chemical;1.0
@CHEMICAL_galegine;@CHEMICAL_galegine;chemical;1.0
@CHEMICAL_galinstan;@CHEMICAL_galinstan;chemical;1.0
@CHEMICAL_gallium_chloride;@CHEMICAL_gallium_chloride;chemical;1.0
@CHEMICAL_gamabufotalin;@CHEMICAL_gamabufotalin;chemical;1.0
@CHEMICAL_gambogic_amide;@CHEMICAL_gambogic_amide;chemical;1.0
@CHEMICAL_gamma_butyrobetaine;@CHEMICAL_gamma_butyrobetaine;chemical;1.0
@CHEMICAL_gamma_glutamyl_leucine;@CHEMICAL_gamma_glutamyl_leucine;chemical;1.0
@CHEMICAL_gamma_glutamylalanine;@CHEMICAL_gamma_glutamylalanine;chemical;1.0
@CHEMICAL_gamma_glutamylglycine;@CHEMICAL_gamma_glutamylglycine;chemical;1.0
@CHEMICAL_gamma_glutamyltyrosine;@CHEMICAL_gamma_glutamyltyrosine;chemical;1.0
@CHEMICAL_gamma_glutamylvaline;@CHEMICAL_gamma_glutamylvaline;chemical;1.0
@CHEMICAL_gamma_guanidinobutyric_acid;@CHEMICAL_gamma_guanidinobutyric_acid;chemical;1.0
@CHEMICAL_gancaonin_A;@CHEMICAL_gancaonin_A;chemical;1.0
@CHEMICAL_gancaonin_Q;@CHEMICAL_gancaonin_Q;chemical;1.0
@CHEMICAL_ganglioside_GT2;@CHEMICAL_ganglioside_GT2;chemical;1.0
@CHEMICAL_garcinone_D;@CHEMICAL_garcinone_D;chemical;1.0
@CHEMICAL_gentiandiol;@CHEMICAL_gentiandiol;chemical;1.0
@CHEMICAL_geranylacetone;@CHEMICAL_geranylacetone;chemical;1.0
@CHEMICAL_geranylgeranic_acid;@CHEMICAL_geranylgeranic_acid;chemical;1.0
@CHEMICAL_gimeracil;@CHEMICAL_gimeracil;chemical;1.0
@CHEMICAL_ginkgolide_C;@CHEMICAL_ginkgolide_C;chemical;1.0
@CHEMICAL_ginsenoside_Rb2;@CHEMICAL_ginsenoside_Rb2;chemical;1.0
@CHEMICAL_ginsenoside_Rb3;@CHEMICAL_ginsenoside_Rb3;chemical;1.0
@CHEMICAL_ginsenoside_Rh1;@CHEMICAL_ginsenoside_Rh1;chemical;1.0
@CHEMICAL_glaucocalyxin_A;@CHEMICAL_glaucocalyxin_A;chemical;1.0
@CHEMICAL_glaucocalyxin_B;@CHEMICAL_glaucocalyxin_B;chemical;1.0
@CHEMICAL_globotriaosyl_lysosphingolipid;@CHEMICAL_globotriaosyl_lysosphingolipid;chemical;1.0
@CHEMICAL_glucitollysine;@CHEMICAL_glucitollysine;chemical;1.0
@CHEMICAL_glucoiberin;@CHEMICAL_glucoiberin;chemical;1.0
@CHEMICAL_gluconasturtiin;@CHEMICAL_gluconasturtiin;chemical;1.0
@CHEMICAL_glucopiericidin_A;@CHEMICAL_glucopiericidin_A;chemical;1.0
@CHEMICAL_glucopyranuronic_acid;@CHEMICAL_glucopyranuronic_acid;chemical;1.0
@CHEMICAL_glucosaminoglycans;@CHEMICAL_glucosaminoglycans;chemical;1.0
@CHEMICAL_glucose_1_6_bisphosphate;@CHEMICAL_glucose_1_6_bisphosphate;chemical;1.0
@CHEMICAL_glucosone;@CHEMICAL_glucosone;chemical;1.0
@CHEMICAL_glucosylorientin;@CHEMICAL_glucosylorientin;chemical;1.0
@CHEMICAL_glucovanillin;@CHEMICAL_glucovanillin;chemical;1.0
@CHEMICAL_glutamyl_glutamic_acid;@CHEMICAL_glutamyl_glutamic_acid;chemical;1.0
@CHEMICAL_glutamyl_valyl_glycine;@CHEMICAL_glutamyl_valyl_glycine;chemical;1.0
@CHEMICAL_glutathione_bicarbonate_Ringer_solution;@CHEMICAL_glutathione_bicarbonate_Ringer_solution;chemical;1.0
@CHEMICAL_glyceran_polyricinoleic_acid_ester;@CHEMICAL_glyceran_polyricinoleic_acid_ester;chemical;1.0
@CHEMICAL_glycerylphosphoinositol;@CHEMICAL_glycerylphosphoinositol;chemical;1.0
@CHEMICAL_glycidyl_trimethylammonium;@CHEMICAL_glycidyl_trimethylammonium;chemical;1.0
@CHEMICAL_glycine_methyl_ester;@CHEMICAL_glycine_methyl_ester;chemical;1.0
@CHEMICAL_glycosylated_hydroxylysine;@CHEMICAL_glycosylated_hydroxylysine;chemical;1.0
@CHEMICAL_glycyl_arginyl_glycyl_aspartyl_serine;@CHEMICAL_glycyl_arginyl_glycyl_aspartyl_serine;chemical;1.0
@CHEMICAL_glycyl_arginyl_glycyl_aspartyl_seryl_proline;@CHEMICAL_glycyl_arginyl_glycyl_aspartyl_seryl_proline;chemical;1.0
@CHEMICAL_glycyl_prolyl_arginine;@CHEMICAL_glycyl_prolyl_arginine;chemical;1.0
@CHEMICAL_glycyl_tyrosyl_alanine;@CHEMICAL_glycyl_tyrosyl_alanine;chemical;1.0
@CHEMICAL_glycylhistidine;@CHEMICAL_glycylhistidine;chemical;1.0
@CHEMICAL_glycylvaline;@CHEMICAL_glycylvaline;chemical;1.0
@CHEMICAL_glyoxyl_agarose;@CHEMICAL_glyoxyl_agarose;chemical;1.0
@CHEMICAL_gold_chloride;@CHEMICAL_gold_chloride;chemical;1.0
@CHEMICAL_goniothalamin;@CHEMICAL_goniothalamin;chemical;1.0
@CHEMICAL_gossypin;@CHEMICAL_gossypin;chemical;1.0
@CHEMICAL_grandifloracin;@CHEMICAL_grandifloracin;chemical;1.0
@CHEMICAL_green_5;@CHEMICAL_green_5;chemical;1.0
@CHEMICAL_greigite;@CHEMICAL_greigite;chemical;1.0
@CHEMICAL_grosheimin;@CHEMICAL_grosheimin;chemical;1.0
@CHEMICAL_guaiol;@CHEMICAL_guaiol;chemical;1.0
@CHEMICAL_guanidinopropionic_acid;@CHEMICAL_guanidinopropionic_acid;chemical;1.0
@CHEMICAL_guanosine_diphosphate_glucose;@CHEMICAL_guanosine_diphosphate_glucose;chemical;1.0
@CHEMICAL_gypenoside_XLVI;@CHEMICAL_gypenoside_XLVI;chemical;1.0
@CHEMICAL_gypenoside_XVII;@CHEMICAL_gypenoside_XVII;chemical;1.0
@CHEMICAL_harmalan;@CHEMICAL_harmalan;chemical;1.0
@CHEMICAL_harpagide;@CHEMICAL_harpagide;chemical;1.0
@CHEMICAL_heme_a;@CHEMICAL_heme_a;chemical;1.0
@CHEMICAL_heptamethine_cyanine_dye;@CHEMICAL_heptamethine_cyanine_dye;chemical;1.0
@CHEMICAL_heptazine;@CHEMICAL_heptazine;chemical;1.0
@CHEMICAL_hesperetin_2_hydroxybenzoyl_hydrazone;@CHEMICAL_hesperetin_2_hydroxybenzoyl_hydrazone;chemical;1.0
@CHEMICAL_hesperetin_7_O_oleyl_ether;@CHEMICAL_hesperetin_7_O_oleyl_ether;chemical;1.0
@CHEMICAL_hexacarbonylmolybdenum;@CHEMICAL_hexacarbonylmolybdenum;chemical;1.0
@CHEMICAL_hexachlorobutadiene;@CHEMICAL_hexachlorobutadiene;chemical;1.0
@CHEMICAL_hexaconazole;@CHEMICAL_hexaconazole;chemical;1.0
@CHEMICAL_hexadecenoic_acid;@CHEMICAL_hexadecenoic_acid;chemical;1.0
@CHEMICAL_hexadecylpyridinium_bromide;@CHEMICAL_hexadecylpyridinium_bromide;chemical;1.0
@CHEMICAL_hexafluoron;@CHEMICAL_hexafluoron;chemical;1.0
@CHEMICAL_hexahydrocurcumin;@CHEMICAL_hexahydrocurcumin;chemical;1.0
@CHEMICAL_hexametaphosphate;@CHEMICAL_hexametaphosphate;chemical;1.0
@CHEMICAL_hexamethylsilazane;@CHEMICAL_hexamethylsilazane;chemical;1.0
@CHEMICAL_hexarelin;@CHEMICAL_hexarelin;chemical;1.0
@CHEMICAL_histidine_methyl_ester;@CHEMICAL_histidine_methyl_ester;chemical;1.0
@CHEMICAL_histidylleucine;@CHEMICAL_histidylleucine;chemical;1.0
@CHEMICAL_homocitric_acid;@CHEMICAL_homocitric_acid;chemical;1.0
@CHEMICAL_homovanillic_alcohol;@CHEMICAL_homovanillic_alcohol;chemical;1.0
@CHEMICAL_humin;@CHEMICAL_humin;chemical;1.0
@CHEMICAL_hydrocortisone_valerate;@CHEMICAL_hydrocortisone_valerate;chemical;1.0
@CHEMICAL_hydroxy_alpha_sanshool;@CHEMICAL_hydroxy_alpha_sanshool;chemical;1.0
@CHEMICAL_hydroxyapatite_beta_tricalcium_phosphate;@CHEMICAL_hydroxyapatite_beta_tricalcium_phosphate;chemical;1.0
@CHEMICAL_hydroxybupropion;@CHEMICAL_hydroxybupropion;chemical;1.0
@CHEMICAL_hydroxycyclohexadienyl_radical;@CHEMICAL_hydroxycyclohexadienyl_radical;chemical;1.0
@CHEMICAL_hydroxyibuprofen;@CHEMICAL_hydroxyibuprofen;chemical;1.0
@CHEMICAL_hydroxypropylmethylcellulose_acetate_succinate;@CHEMICAL_hydroxypropylmethylcellulose_acetate_succinate;chemical;1.0
@CHEMICAL_hydroxypropyltrimethyl_ammonium_chloride_chitosan;@CHEMICAL_hydroxypropyltrimethyl_ammonium_chloride_chitosan;chemical;1.0
@CHEMICAL_hydroxystilbamidine;@CHEMICAL_hydroxystilbamidine;chemical;1.0
@CHEMICAL_iberdomide;@CHEMICAL_iberdomide;chemical;1.0
@CHEMICAL_iberverin;@CHEMICAL_iberverin;chemical;1.0
@CHEMICAL_imidaclothiz;@CHEMICAL_imidaclothiz;chemical;1.0
@CHEMICAL_imidapril;@CHEMICAL_imidapril;chemical;1.0
@CHEMICAL_imidazo(1_2_a)pyridine;@CHEMICAL_imidazo(1_2_a)pyridine;chemical;1.0
@CHEMICAL_imidazo(1_2_b)pyridazine;@CHEMICAL_imidazo(1_2_b)pyridazine;chemical;1.0
@CHEMICAL_imidazopyridine;@CHEMICAL_imidazopyridine;chemical;1.0
@CHEMICAL_imidodiphosphonic_acid;@CHEMICAL_imidodiphosphonic_acid;chemical;1.0
@CHEMICAL_iminodisuccinic_acid;@CHEMICAL_iminodisuccinic_acid;chemical;1.0
@CHEMICAL_inavolisib;@CHEMICAL_inavolisib;chemical;1.0
@CHEMICAL_indacrinone;@CHEMICAL_indacrinone;chemical;1.0
@CHEMICAL_indatraline;@CHEMICAL_indatraline;chemical;1.0
@CHEMICAL_indeno(1_2_3_cd)fluoranthene;@CHEMICAL_indeno(1_2_3_cd)fluoranthene;chemical;1.0
@CHEMICAL_indirubin_3'_monoxime;@CHEMICAL_indirubin_3'_monoxime;chemical;1.0
@CHEMICAL_indium(III)_hydroxide;@CHEMICAL_indium(III)_hydroxide;chemical;1.0
@CHEMICAL_indolactam_V;@CHEMICAL_indolactam_V;chemical;1.0
@CHEMICAL_indolamine;@CHEMICAL_indolamine;chemical;1.0
@CHEMICAL_indole_3_acetonitrile;@CHEMICAL_indole_3_acetonitrile;chemical;1.0
@CHEMICAL_indolo(3_2_b)carbazole;@CHEMICAL_indolo(3_2_b)carbazole;chemical;1.0
@CHEMICAL_indopan;@CHEMICAL_indopan;chemical;1.0
@CHEMICAL_indusatumab;@CHEMICAL_indusatumab;chemical;1.0
@CHEMICAL_inosine_dialdehyde;@CHEMICAL_inosine_dialdehyde;chemical;1.0
@CHEMICAL_inositol_1_3_4_trisphosphate;@CHEMICAL_inositol_1_3_4_trisphosphate;chemical;1.0
@CHEMICAL_inositol_4_phosphate;@CHEMICAL_inositol_4_phosphate;chemical;1.0
@CHEMICAL_inositol_cyclic_phosphate;@CHEMICAL_inositol_cyclic_phosphate;chemical;1.0
@CHEMICAL_iodic_acid;@CHEMICAL_iodic_acid;chemical;1.0
@CHEMICAL_ioxynil;@CHEMICAL_ioxynil;chemical;1.0
@CHEMICAL_iprazochrome;@CHEMICAL_iprazochrome;chemical;1.0
@CHEMICAL_iron(III)_ascorbic_acid_complex;@CHEMICAL_iron(III)_ascorbic_acid_complex;chemical;1.0
@CHEMICAL_iron_(III)_hydroxamate;@CHEMICAL_iron_(III)_hydroxamate;chemical;1.0
@CHEMICAL_irosustat;@CHEMICAL_irosustat;chemical;1.0
@CHEMICAL_isoamericanin_A;@CHEMICAL_isoamericanin_A;chemical;1.0
@CHEMICAL_isoascorbic_acid;@CHEMICAL_isoascorbic_acid;chemical;1.0
@CHEMICAL_isobavachin;@CHEMICAL_isobavachin;chemical;1.0
@CHEMICAL_isobutyl_acetate;@CHEMICAL_isobutyl_acetate;chemical;1.0
@CHEMICAL_isobutylene;@CHEMICAL_isobutylene;chemical;1.0
@CHEMICAL_isobutylparaben;@CHEMICAL_isobutylparaben;chemical;1.0
@CHEMICAL_isobutyltrimethoxysilane;@CHEMICAL_isobutyltrimethoxysilane;chemical;1.0
@CHEMICAL_isoegomaketone;@CHEMICAL_isoegomaketone;chemical;1.0
@CHEMICAL_isohomovanillic_acid;@CHEMICAL_isohomovanillic_acid;chemical;1.0
@CHEMICAL_isokaempferide;@CHEMICAL_isokaempferide;chemical;1.0
@CHEMICAL_isolariciresinol;@CHEMICAL_isolariciresinol;chemical;1.0
@CHEMICAL_isomaltulose;@CHEMICAL_isomaltulose;chemical;1.0
@CHEMICAL_isopentane;@CHEMICAL_isopentane;chemical;1.0
@CHEMICAL_isophthalate;@CHEMICAL_isophthalate;chemical;1.0
@CHEMICAL_isopropyl_4_hydroxybenzoate;@CHEMICAL_isopropyl_4_hydroxybenzoate;chemical;1.0
@CHEMICAL_isopropyl_methylphosphonic_acid;@CHEMICAL_isopropyl_methylphosphonic_acid;chemical;1.0
@CHEMICAL_isoquinoline;@CHEMICAL_isoquinoline;chemical;1.0
@CHEMICAL_isoscopoletin;@CHEMICAL_isoscopoletin;chemical;1.0
@CHEMICAL_isoscutellarein;@CHEMICAL_isoscutellarein;chemical;1.0
@CHEMICAL_isothiocyanic_acid;@CHEMICAL_isothiocyanic_acid;chemical;1.0
@CHEMICAL_isotonitazene;@CHEMICAL_isotonitazene;chemical;1.0
@CHEMICAL_isovalerylglucuronide;@CHEMICAL_isovalerylglucuronide;chemical;1.0
@CHEMICAL_iturin_A;@CHEMICAL_iturin_A;chemical;1.0
@CHEMICAL_ivalon_sponge;@CHEMICAL_ivalon_sponge;chemical;1.0
@CHEMICAL_jaceidin;@CHEMICAL_jaceidin;chemical;1.0
@CHEMICAL_jarosite;@CHEMICAL_jarosite;chemical;1.0
@CHEMICAL_javaniside;@CHEMICAL_javaniside;chemical;1.0
@CHEMICAL_jujuboside_A;@CHEMICAL_jujuboside_A;chemical;1.0
@CHEMICAL_kaempferol_7_methyl_ether;@CHEMICAL_kaempferol_7_methyl_ether;chemical;1.0
@CHEMICAL_kappa_selenocarrageenan;@CHEMICAL_kappa_selenocarrageenan;chemical;1.0
@CHEMICAL_kbp_7072;@CHEMICAL_kbp_7072;chemical;1.0
@CHEMICAL_ketoprofen_glucuronide;@CHEMICAL_ketoprofen_glucuronide;chemical;1.0
@CHEMICAL_kitasetaline;@CHEMICAL_kitasetaline;chemical;1.0
@CHEMICAL_kusunokinin;@CHEMICAL_kusunokinin;chemical;1.0
@CHEMICAL_lactide_caprolactone_copolymer;@CHEMICAL_lactide_caprolactone_copolymer;chemical;1.0
@CHEMICAL_lactimidomycin;@CHEMICAL_lactimidomycin;chemical;1.0
@CHEMICAL_lactosides;@CHEMICAL_lactosides;chemical;1.0
@CHEMICAL_lanabecestat;@CHEMICAL_lanabecestat;chemical;1.0
@CHEMICAL_lanadelumab;@CHEMICAL_lanadelumab;chemical;1.0
@CHEMICAL_lanatoside_C;@CHEMICAL_lanatoside_C;chemical;1.0
@CHEMICAL_laninamivir;@CHEMICAL_laninamivir;chemical;1.0
@CHEMICAL_lanostenol;@CHEMICAL_lanostenol;chemical;1.0
@CHEMICAL_lanthanum_chloride;@CHEMICAL_lanthanum_chloride;chemical;1.0
@CHEMICAL_lascufloxacin;@CHEMICAL_lascufloxacin;chemical;1.0
@CHEMICAL_laurdan;@CHEMICAL_laurdan;chemical;1.0
@CHEMICAL_lauroylcarnitine;@CHEMICAL_lauroylcarnitine;chemical;1.0
@CHEMICAL_lauryl_gallate;@CHEMICAL_lauryl_gallate;chemical;1.0
@CHEMICAL_lead_bromide;@CHEMICAL_lead_bromide;chemical;1.0
@CHEMICAL_lead_carbonate;@CHEMICAL_lead_carbonate;chemical;1.0
@CHEMICAL_lead_chromate;@CHEMICAL_lead_chromate;chemical;1.0
@CHEMICAL_lebrikizumab;@CHEMICAL_lebrikizumab;chemical;1.0
@CHEMICAL_lemongrass_oil;@CHEMICAL_lemongrass_oil;chemical;1.0
@CHEMICAL_leonardite;@CHEMICAL_leonardite;chemical;1.0
@CHEMICAL_leucocrystal_violet;@CHEMICAL_leucocrystal_violet;chemical;1.0
@CHEMICAL_leucyl_alanine;@CHEMICAL_leucyl_alanine;chemical;1.0
@CHEMICAL_leucyl_leucyl_leucine;@CHEMICAL_leucyl_leucyl_leucine;chemical;1.0
@CHEMICAL_leucyltyrosine;@CHEMICAL_leucyltyrosine;chemical;1.0
@CHEMICAL_leukoefdin;@CHEMICAL_leukoefdin;chemical;1.0
@CHEMICAL_levistolide_A;@CHEMICAL_levistolide_A;chemical;1.0
@CHEMICAL_licarin_A;@CHEMICAL_licarin_A;chemical;1.0
@CHEMICAL_lichenin;@CHEMICAL_lichenin;chemical;1.0
@CHEMICAL_licoflavone_C;@CHEMICAL_licoflavone_C;chemical;1.0
@CHEMICAL_linaprazan;@CHEMICAL_linaprazan;chemical;1.0
@CHEMICAL_lipophosphonoglycan;@CHEMICAL_lipophosphonoglycan;chemical;1.0
@CHEMICAL_lipoxin_B4;@CHEMICAL_lipoxin_B4;chemical;1.0
@CHEMICAL_lirilumab;@CHEMICAL_lirilumab;chemical;1.0
@CHEMICAL_lithium_bis(fluorosulfonyl)imide;@CHEMICAL_lithium_bis(fluorosulfonyl)imide;chemical;1.0
@CHEMICAL_lithium_borate;@CHEMICAL_lithium_borate;chemical;1.0
@CHEMICAL_lithocholyl_N_hydroxysuccinimide;@CHEMICAL_lithocholyl_N_hydroxysuccinimide;chemical;1.0
@CHEMICAL_lomefloxacin;@CHEMICAL_lomefloxacin;chemical;1.0
@CHEMICAL_lometrexol;@CHEMICAL_lometrexol;chemical;1.0
@CHEMICAL_lophine;@CHEMICAL_lophine;chemical;1.0
@CHEMICAL_losartan_carboxylic_acid;@CHEMICAL_losartan_carboxylic_acid;chemical;1.0
@CHEMICAL_loureirin_B;@CHEMICAL_loureirin_B;chemical;1.0
@CHEMICAL_lumpidin;@CHEMICAL_lumpidin;chemical;1.0
@CHEMICAL_lupane;@CHEMICAL_lupane;chemical;1.0
@CHEMICAL_lupenone;@CHEMICAL_lupenone;chemical;1.0
@CHEMICAL_luteolin_3'_glucuronide;@CHEMICAL_luteolin_3'_glucuronide;chemical;1.0
@CHEMICAL_luzindole;@CHEMICAL_luzindole;chemical;1.0
@CHEMICAL_lyapolate;@CHEMICAL_lyapolate;chemical;1.0
@CHEMICAL_lycoperoside_H;@CHEMICAL_lycoperoside_H;chemical;1.0
@CHEMICAL_lysine_diisocyanate;@CHEMICAL_lysine_diisocyanate;chemical;1.0
@CHEMICAL_lysocin_E;@CHEMICAL_lysocin_E;chemical;1.0
@CHEMICAL_lysophosphatidylglycerol;@CHEMICAL_lysophosphatidylglycerol;chemical;1.0
@CHEMICAL_lysyl_glutamyl_aspartic_acid;@CHEMICAL_lysyl_glutamyl_aspartic_acid;chemical;1.0
@CHEMICAL_m_trifluoromethyl_diphenyl_diselenide;@CHEMICAL_m_trifluoromethyl_diphenyl_diselenide;chemical;1.0
@CHEMICAL_macrolactin_S;@CHEMICAL_macrolactin_S;chemical;1.0
@CHEMICAL_maduramicin;@CHEMICAL_maduramicin;chemical;1.0
@CHEMICAL_magnesium_fluoride;@CHEMICAL_magnesium_fluoride;chemical;1.0
@CHEMICAL_magnesium_peroxide;@CHEMICAL_magnesium_peroxide;chemical;1.0
@CHEMICAL_magnesium_protoporphyrin;@CHEMICAL_magnesium_protoporphyrin;chemical;1.0
@CHEMICAL_magnocurarine;@CHEMICAL_magnocurarine;chemical;1.0
@CHEMICAL_magnoloside_A;@CHEMICAL_magnoloside_A;chemical;1.0
@CHEMICAL_maleamic_acid;@CHEMICAL_maleamic_acid;chemical;1.0
@CHEMICAL_maleinitriledithiolate;@CHEMICAL_maleinitriledithiolate;chemical;1.0
@CHEMICAL_maleylacetone;@CHEMICAL_maleylacetone;chemical;1.0
@CHEMICAL_malonyltyrosine;@CHEMICAL_malonyltyrosine;chemical;1.0
@CHEMICAL_maltitol;@CHEMICAL_maltitol;chemical;1.0
@CHEMICAL_maltol;@CHEMICAL_maltol;chemical;1.0
@CHEMICAL_maltopentaose;@CHEMICAL_maltopentaose;chemical;1.0
@CHEMICAL_maltotriose;@CHEMICAL_maltotriose;chemical;1.0
@CHEMICAL_manganese_phosphate;@CHEMICAL_manganese_phosphate;chemical;1.0
@CHEMICAL_mannosamine;@CHEMICAL_mannosamine;chemical;1.0
@CHEMICAL_mannosylglycerate;@CHEMICAL_mannosylglycerate;chemical;1.0
@CHEMICAL_mannotriose;@CHEMICAL_mannotriose;chemical;1.0
@CHEMICAL_mansonone_E;@CHEMICAL_mansonone_E;chemical;1.0
@CHEMICAL_marein;@CHEMICAL_marein;chemical;1.0
@CHEMICAL_maribavir;@CHEMICAL_maribavir;chemical;1.0
@CHEMICAL_maropitant;@CHEMICAL_maropitant;chemical;1.0
@CHEMICAL_marruboside;@CHEMICAL_marruboside;chemical;1.0
@CHEMICAL_matairesinol;@CHEMICAL_matairesinol;chemical;1.0
@CHEMICAL_mebeverine;@CHEMICAL_mebeverine;chemical;1.0
@CHEMICAL_mebrofenin;@CHEMICAL_mebrofenin;chemical;1.0
@CHEMICAL_meglitinide;@CHEMICAL_meglitinide;chemical;1.0
@CHEMICAL_melarsomine;@CHEMICAL_melarsomine;chemical;1.0
@CHEMICAL_melezitose;@CHEMICAL_melezitose;chemical;1.0
@CHEMICAL_menisperine;@CHEMICAL_menisperine;chemical;1.0
@CHEMICAL_mepiquat;@CHEMICAL_mepiquat;chemical;1.0
@CHEMICAL_mequinol;@CHEMICAL_mequinol;chemical;1.0
@CHEMICAL_meranzin_hydrate;@CHEMICAL_meranzin_hydrate;chemical;1.0
@CHEMICAL_meso_tetra_(4_hydroxyphenyl)porphyrin;@CHEMICAL_meso_tetra_(4_hydroxyphenyl)porphyrin;chemical;1.0
@CHEMICAL_meso_tetrakis(4_sulfonatophenyl)porphyrin;@CHEMICAL_meso_tetrakis(4_sulfonatophenyl)porphyrin;chemical;1.0
@CHEMICAL_mesoxalic_acid;@CHEMICAL_mesoxalic_acid;chemical;1.0
@CHEMICAL_metanilic_acid;@CHEMICAL_metanilic_acid;chemical;1.0
@CHEMICAL_metazachlor;@CHEMICAL_metazachlor;chemical;1.0
@CHEMICAL_methacrylamide;@CHEMICAL_methacrylamide;chemical;1.0
@CHEMICAL_methacryloyloxydecyl_dihydrogen_phosphate;@CHEMICAL_methacryloyloxydecyl_dihydrogen_phosphate;chemical;1.0
@CHEMICAL_methanesulfinic_acid;@CHEMICAL_methanesulfinic_acid;chemical;1.0
@CHEMICAL_methanesulfonyl_fluoride;@CHEMICAL_methanesulfonyl_fluoride;chemical;1.0
@CHEMICAL_methazole;@CHEMICAL_methazole;chemical;1.0
@CHEMICAL_methional;@CHEMICAL_methional;chemical;1.0
@CHEMICAL_methionine_sulfone;@CHEMICAL_methionine_sulfone;chemical;1.0
@CHEMICAL_methionol;@CHEMICAL_methionol;chemical;1.0
@CHEMICAL_methoxyeugenol;@CHEMICAL_methoxyeugenol;chemical;1.0
@CHEMICAL_methyl(arginyl)_lysyl_prolyl_tryptophyl_tert_leucyl_leucine;@CHEMICAL_methyl(arginyl)_lysyl_prolyl_tryptophyl_tert_leucyl_leucine;chemical;1.0
@CHEMICAL_methyl_acetate;@CHEMICAL_methyl_acetate;chemical;1.0
@CHEMICAL_methyl_acetoacetate;@CHEMICAL_methyl_acetoacetate;chemical;1.0
@CHEMICAL_methyl_farnesoate;@CHEMICAL_methyl_farnesoate;chemical;1.0
@CHEMICAL_methyl_gentisate;@CHEMICAL_methyl_gentisate;chemical;1.0
@CHEMICAL_methyl_hesperidin;@CHEMICAL_methyl_hesperidin;chemical;1.0
@CHEMICAL_methyl_isoamyl_ketone;@CHEMICAL_methyl_isoamyl_ketone;chemical;1.0
@CHEMICAL_methyl_lactate;@CHEMICAL_methyl_lactate;chemical;1.0
@CHEMICAL_methyl_linoleate;@CHEMICAL_methyl_linoleate;chemical;1.0
@CHEMICAL_methyl_nitrate;@CHEMICAL_methyl_nitrate;chemical;1.0
@CHEMICAL_methyl_oleate;@CHEMICAL_methyl_oleate;chemical;1.0
@CHEMICAL_methyl_vaccenate;@CHEMICAL_methyl_vaccenate;chemical;1.0
@CHEMICAL_methylcyclohexane;@CHEMICAL_methylcyclohexane;chemical;1.0
@CHEMICAL_methylcyclopentadiene;@CHEMICAL_methylcyclopentadiene;chemical;1.0
@CHEMICAL_methylene_diphosphonate;@CHEMICAL_methylene_diphosphonate;chemical;1.0
@CHEMICAL_methylimidazoleacetic_acid;@CHEMICAL_methylimidazoleacetic_acid;chemical;1.0
@CHEMICAL_methylinositol;@CHEMICAL_methylinositol;chemical;1.0
@CHEMICAL_methylmethacrylate_tributylborane_resin;@CHEMICAL_methylmethacrylate_tributylborane_resin;chemical;1.0
@CHEMICAL_methylophiopogonanone_B;@CHEMICAL_methylophiopogonanone_B;chemical;1.0
@CHEMICAL_methylphosphonic_acid;@CHEMICAL_methylphosphonic_acid;chemical;1.0
@CHEMICAL_methyltrichlorosilane;@CHEMICAL_methyltrichlorosilane;chemical;1.0
@CHEMICAL_methylxanthine;@CHEMICAL_methylxanthine;chemical;1.0
@CHEMICAL_metonitazene;@CHEMICAL_metonitazene;chemical;1.0
@CHEMICAL_metoprine;@CHEMICAL_metoprine;chemical;1.0
@CHEMICAL_mevalonolactone;@CHEMICAL_mevalonolactone;chemical;1.0
@CHEMICAL_mevastatin;@CHEMICAL_mevastatin;chemical;1.0
@CHEMICAL_milvexian;@CHEMICAL_milvexian;chemical;1.0
@CHEMICAL_mimosamycin;@CHEMICAL_mimosamycin;chemical;1.0
@CHEMICAL_mirikizumab;@CHEMICAL_mirikizumab;chemical;1.0
@CHEMICAL_molibresib;@CHEMICAL_molibresib;chemical;1.0
@CHEMICAL_molybdenum_blue;@CHEMICAL_molybdenum_blue;chemical;1.0
@CHEMICAL_molybdenum_telluride;@CHEMICAL_molybdenum_telluride;chemical;1.0
@CHEMICAL_molybdic_acid;@CHEMICAL_molybdic_acid;chemical;1.0
@CHEMICAL_momilactone_B;@CHEMICAL_momilactone_B;chemical;1.0
@CHEMICAL_monalizumab;@CHEMICAL_monalizumab;chemical;1.0
@CHEMICAL_mono(2_ethyl_5_hydroxyhexyl)_phthalate;@CHEMICAL_mono(2_ethyl_5_hydroxyhexyl)_phthalate;chemical;1.0
@CHEMICAL_monobromobimane;@CHEMICAL_monobromobimane;chemical;1.0
@CHEMICAL_monochlorobimane;@CHEMICAL_monochlorobimane;chemical;1.0
@CHEMICAL_monocrotaline_pyrrole;@CHEMICAL_monocrotaline_pyrrole;chemical;1.0
@CHEMICAL_monoethanolamine_oleate;@CHEMICAL_monoethanolamine_oleate;chemical;1.0
@CHEMICAL_monogalactosyldiacylglycerol;@CHEMICAL_monogalactosyldiacylglycerol;chemical;1.0
@CHEMICAL_monomethoxypolyethyleneglycol_polylactide_block_copolymer;@CHEMICAL_monomethoxypolyethyleneglycol_polylactide_block_copolymer;chemical;1.0
@CHEMICAL_monomethyl_succinate;@CHEMICAL_monomethyl_succinate;chemical;1.0
@CHEMICAL_monomethylarsonous_acid;@CHEMICAL_monomethylarsonous_acid;chemical;1.0
@CHEMICAL_moracin_M;@CHEMICAL_moracin_M;chemical;1.0
@CHEMICAL_moringin;@CHEMICAL_moringin;chemical;1.0
@CHEMICAL_morpholine_2_5_dione;@CHEMICAL_morpholine_2_5_dione;chemical;1.0
@CHEMICAL_morpholinopropane_sulfonic_acid;@CHEMICAL_morpholinopropane_sulfonic_acid;chemical;1.0
@CHEMICAL_moxidectin;@CHEMICAL_moxidectin;chemical;1.0
@CHEMICAL_mueggelone;@CHEMICAL_mueggelone;chemical;1.0
@CHEMICAL_mugineic_acid;@CHEMICAL_mugineic_acid;chemical;1.0
@CHEMICAL_mulberrofuran_G;@CHEMICAL_mulberrofuran_G;chemical;1.0
@CHEMICAL_mulberroside_A;@CHEMICAL_mulberroside_A;chemical;1.0
@CHEMICAL_mururin_A;@CHEMICAL_mururin_A;chemical;1.0
@CHEMICAL_muzanzagenin;@CHEMICAL_muzanzagenin;chemical;1.0
@CHEMICAL_mycophenolic_adenine_dinucleotide;@CHEMICAL_mycophenolic_adenine_dinucleotide;chemical;1.0
@CHEMICAL_mycosporine_2_glycine;@CHEMICAL_mycosporine_2_glycine;chemical;1.0
@CHEMICAL_mycothiol;@CHEMICAL_mycothiol;chemical;1.0
@CHEMICAL_myrcene;@CHEMICAL_myrcene;chemical;1.0
@CHEMICAL_myxothiazol;@CHEMICAL_myxothiazol;chemical;1.0
@CHEMICAL_n_butylbenzene;@CHEMICAL_n_butylbenzene;chemical;1.0
@CHEMICAL_n_decyl_alcohol;@CHEMICAL_n_decyl_alcohol;chemical;1.0
@CHEMICAL_n_heptane;@CHEMICAL_n_heptane;chemical;1.0
@CHEMICAL_n_octanethiol;@CHEMICAL_n_octanethiol;chemical;1.0
@CHEMICAL_n_pentyltriethoxysilane;@CHEMICAL_n_pentyltriethoxysilane;chemical;1.0
@CHEMICAL_n_tetradecane;@CHEMICAL_n_tetradecane;chemical;1.0
@CHEMICAL_nacubactam;@CHEMICAL_nacubactam;chemical;1.0
@CHEMICAL_nanoalumina;@CHEMICAL_nanoalumina;chemical;1.0
@CHEMICAL_naphthacene;@CHEMICAL_naphthacene;chemical;1.0
@CHEMICAL_naphtho(2_1_b)furan;@CHEMICAL_naphtho(2_1_b)furan;chemical;1.0
@CHEMICAL_naphthol_green_B;@CHEMICAL_naphthol_green_B;chemical;1.0
@CHEMICAL_naphthoquine;@CHEMICAL_naphthoquine;chemical;1.0
@CHEMICAL_naphthosultone;@CHEMICAL_naphthosultone;chemical;1.0
@CHEMICAL_naporafenib;@CHEMICAL_naporafenib;chemical;1.0
@CHEMICAL_naratriptan;@CHEMICAL_naratriptan;chemical;1.0
@CHEMICAL_naringenin_7_O_glucoside;@CHEMICAL_naringenin_7_O_glucoside;chemical;1.0
@CHEMICAL_naxitamab;@CHEMICAL_naxitamab;chemical;1.0
@CHEMICAL_neoglucobrassicin;@CHEMICAL_neoglucobrassicin;chemical;1.0
@CHEMICAL_neoisostegane;@CHEMICAL_neoisostegane;chemical;1.0
@CHEMICAL_neosaxitoxin;@CHEMICAL_neosaxitoxin;chemical;1.0
@CHEMICAL_nepheline;@CHEMICAL_nepheline;chemical;1.0
@CHEMICAL_nicaraven;@CHEMICAL_nicaraven;chemical;1.0
@CHEMICAL_nickel_carbonate;@CHEMICAL_nickel_carbonate;chemical;1.0
@CHEMICAL_nickel_nitrilotriacetic_acid;@CHEMICAL_nickel_nitrilotriacetic_acid;chemical;1.0
@CHEMICAL_nickel_sulfide;@CHEMICAL_nickel_sulfide;chemical;1.0
@CHEMICAL_nicotinamide_N_oxide;@CHEMICAL_nicotinamide_N_oxide;chemical;1.0
@CHEMICAL_nicotinate_mononucleotide;@CHEMICAL_nicotinate_mononucleotide;chemical;1.0
@CHEMICAL_nicotinuric_acid;@CHEMICAL_nicotinuric_acid;chemical;1.0
@CHEMICAL_nido_carborane;@CHEMICAL_nido_carborane;chemical;1.0
@CHEMICAL_nigellicine;@CHEMICAL_nigellicine;chemical;1.0
@CHEMICAL_nitramine;@CHEMICAL_nitramine;chemical;1.0
@CHEMICAL_nitroaniline;@CHEMICAL_nitroaniline;chemical;1.0
@CHEMICAL_nitroethane;@CHEMICAL_nitroethane;chemical;1.0
@CHEMICAL_nitrosobenzene;@CHEMICAL_nitrosobenzene;chemical;1.0
@CHEMICAL_nomilin;@CHEMICAL_nomilin;chemical;1.0
@CHEMICAL_nonactin;@CHEMICAL_nonactin;chemical;1.0
@CHEMICAL_nootkatone;@CHEMICAL_nootkatone;chemical;1.0
@CHEMICAL_norbergenin;@CHEMICAL_norbergenin;chemical;1.0
@CHEMICAL_norcotinine;@CHEMICAL_norcotinine;chemical;1.0
@CHEMICAL_norelgestromin;@CHEMICAL_norelgestromin;chemical;1.0
@CHEMICAL_norfluoxetine;@CHEMICAL_norfluoxetine;chemical;1.0
@CHEMICAL_norketamine;@CHEMICAL_norketamine;chemical;1.0
@CHEMICAL_normorphine;@CHEMICAL_normorphine;chemical;1.0
@CHEMICAL_norpseudoephedrine;@CHEMICAL_norpseudoephedrine;chemical;1.0
@CHEMICAL_nyasol;@CHEMICAL_nyasol;chemical;1.0
@CHEMICAL_o_iodoxybenzoic_acid;@CHEMICAL_o_iodoxybenzoic_acid;chemical;1.0
@CHEMICAL_octacosane;@CHEMICAL_octacosane;chemical;1.0
@CHEMICAL_octadecane;@CHEMICAL_octadecane;chemical;1.0
@CHEMICAL_octamethylcyclotetrasiloxane;@CHEMICAL_octamethylcyclotetrasiloxane;chemical;1.0
@CHEMICAL_octylamine;@CHEMICAL_octylamine;chemical;1.0
@CHEMICAL_octylmethoxycinnamate;@CHEMICAL_octylmethoxycinnamate;chemical;1.0
@CHEMICAL_olanexidine_gluconate;@CHEMICAL_olanexidine_gluconate;chemical;1.0
@CHEMICAL_oleoylglycine;@CHEMICAL_oleoylglycine;chemical;1.0
@CHEMICAL_oleyl_alcohol;@CHEMICAL_oleyl_alcohol;chemical;1.0
@CHEMICAL_olifen;@CHEMICAL_olifen;chemical;1.0
@CHEMICAL_oligofructose;@CHEMICAL_oligofructose;chemical;1.0
@CHEMICAL_omega_Chloroacetophenone;@CHEMICAL_omega_Chloroacetophenone;chemical;1.0
@CHEMICAL_omega_N_methyl_4_hydroxytryptamine;@CHEMICAL_omega_N_methyl_4_hydroxytryptamine;chemical;1.0
@CHEMICAL_omidenepag_isopropyl;@CHEMICAL_omidenepag_isopropyl;chemical;1.0
@CHEMICAL_opabactin;@CHEMICAL_opabactin;chemical;1.0
@CHEMICAL_orcinol;@CHEMICAL_orcinol;chemical;1.0
@CHEMICAL_ormeloxifene;@CHEMICAL_ormeloxifene;chemical;1.0
@CHEMICAL_orotidylic_acid;@CHEMICAL_orotidylic_acid;chemical;1.0
@CHEMICAL_oroxin_A;@CHEMICAL_oroxin_A;chemical;1.0
@CHEMICAL_orsellinic_acid;@CHEMICAL_orsellinic_acid;chemical;1.0
@CHEMICAL_oxadiazon;@CHEMICAL_oxadiazon;chemical;1.0
@CHEMICAL_oxindolylalanine;@CHEMICAL_oxindolylalanine;chemical;1.0
@CHEMICAL_oxyfluorofen;@CHEMICAL_oxyfluorofen;chemical;1.0
@CHEMICAL_p_Aminoazobenzene;@CHEMICAL_p_Aminoazobenzene;chemical;1.0
@CHEMICAL_p_Hydroxyamphetamine;@CHEMICAL_p_Hydroxyamphetamine;chemical;1.0
@CHEMICAL_p_dimethylaminobenzaldehyde;@CHEMICAL_p_dimethylaminobenzaldehyde;chemical;1.0
@CHEMICAL_p_tert_amylphenol;@CHEMICAL_p_tert_amylphenol;chemical;1.0
@CHEMICAL_p_tertbutylcalix(4)arene;@CHEMICAL_p_tertbutylcalix(4)arene;chemical;1.0
@CHEMICAL_padimate_O;@CHEMICAL_padimate_O;chemical;1.0
@CHEMICAL_paederosidic_acid_methyl_ester;@CHEMICAL_paederosidic_acid_methyl_ester;chemical;1.0
@CHEMICAL_palmitoyl_chloride;@CHEMICAL_palmitoyl_chloride;chemical;1.0
@CHEMICAL_palmitoyldihydrosphingomyelin;@CHEMICAL_palmitoyldihydrosphingomyelin;chemical;1.0
@CHEMICAL_panaxadiol;@CHEMICAL_panaxadiol;chemical;1.0
@CHEMICAL_para_red;@CHEMICAL_para_red;chemical;1.0
@CHEMICAL_parylene;@CHEMICAL_parylene;chemical;1.0
@CHEMICAL_paspaline;@CHEMICAL_paspaline;chemical;1.0
@CHEMICAL_pegamine;@CHEMICAL_pegamine;chemical;1.0
@CHEMICAL_pegaptanib;@CHEMICAL_pegaptanib;chemical;1.0
@CHEMICAL_pegcetacoplan;@CHEMICAL_pegcetacoplan;chemical;1.0
@CHEMICAL_peltatoside;@CHEMICAL_peltatoside;chemical;1.0
@CHEMICAL_pemenone;@CHEMICAL_pemenone;chemical;1.0
@CHEMICAL_penciclovir;@CHEMICAL_penciclovir;chemical;1.0
@CHEMICAL_pendimethalin;@CHEMICAL_pendimethalin;chemical;1.0
@CHEMICAL_penoxsulam;@CHEMICAL_penoxsulam;chemical;1.0
@CHEMICAL_pentabrominated_diphenyl_ether_100;@CHEMICAL_pentabrominated_diphenyl_ether_100;chemical;1.0
@CHEMICAL_pentachlorobenzene;@CHEMICAL_pentachlorobenzene;chemical;1.0
@CHEMICAL_pentafluoropropionic_anhydride;@CHEMICAL_pentafluoropropionic_anhydride;chemical;1.0
@CHEMICAL_penthiopyrad;@CHEMICAL_penthiopyrad;chemical;1.0
@CHEMICAL_pepstatin;@CHEMICAL_pepstatin;chemical;1.0
@CHEMICAL_peramivir;@CHEMICAL_peramivir;chemical;1.0
@CHEMICAL_perfluoro_n_heptanoic_acid;@CHEMICAL_perfluoro_n_heptanoic_acid;chemical;1.0
@CHEMICAL_perfluorobutyric_acid;@CHEMICAL_perfluorobutyric_acid;chemical;1.0
@CHEMICAL_perfluoroethane;@CHEMICAL_perfluoroethane;chemical;1.0
@CHEMICAL_perfluorooctane;@CHEMICAL_perfluorooctane;chemical;1.0
@CHEMICAL_perfluorophenyl_azide;@CHEMICAL_perfluorophenyl_azide;chemical;1.0
@CHEMICAL_perfluorotridecanoic_acid;@CHEMICAL_perfluorotridecanoic_acid;chemical;1.0
@CHEMICAL_pergularinine;@CHEMICAL_pergularinine;chemical;1.0
@CHEMICAL_peroxycarbonic_acid;@CHEMICAL_peroxycarbonic_acid;chemical;1.0
@CHEMICAL_pervanadate;@CHEMICAL_pervanadate;chemical;1.0
@CHEMICAL_perylene_bisimide;@CHEMICAL_perylene_bisimide;chemical;1.0
@CHEMICAL_pethoxamid;@CHEMICAL_pethoxamid;chemical;1.0
@CHEMICAL_petroselinic_acid;@CHEMICAL_petroselinic_acid;chemical;1.0
@CHEMICAL_petunidin_3_5_O_diglucoside;@CHEMICAL_petunidin_3_5_O_diglucoside;chemical;1.0
@CHEMICAL_phenalen_1_one;@CHEMICAL_phenalen_1_one;chemical;1.0
@CHEMICAL_phenanthrene_4_carboxylic_acid;@CHEMICAL_phenanthrene_4_carboxylic_acid;chemical;1.0
@CHEMICAL_phenazepam;@CHEMICAL_phenazepam;chemical;1.0
@CHEMICAL_phenoxodiol;@CHEMICAL_phenoxodiol;chemical;1.0
@CHEMICAL_phenserine;@CHEMICAL_phenserine;chemical;1.0
@CHEMICAL_phenyl_ether;@CHEMICAL_phenyl_ether;chemical;1.0
@CHEMICAL_phenylalanyl_beta_chloroalanine;@CHEMICAL_phenylalanyl_beta_chloroalanine;chemical;1.0
@CHEMICAL_phenylalanyl_phenylalanyl_norleucyl_argininamide;@CHEMICAL_phenylalanyl_phenylalanyl_norleucyl_argininamide;chemical;1.0
@CHEMICAL_phenylalanylglycine;@CHEMICAL_phenylalanylglycine;chemical;1.0
@CHEMICAL_phenylalanylleucine;@CHEMICAL_phenylalanylleucine;chemical;1.0
@CHEMICAL_phenyldecanoic_acid;@CHEMICAL_phenyldecanoic_acid;chemical;1.0
@CHEMICAL_phenylglucuronide;@CHEMICAL_phenylglucuronide;chemical;1.0
@CHEMICAL_phenylphosphonic_acid;@CHEMICAL_phenylphosphonic_acid;chemical;1.0
@CHEMICAL_phenylsulfate;@CHEMICAL_phenylsulfate;chemical;1.0
@CHEMICAL_phenylurethane;@CHEMICAL_phenylurethane;chemical;1.0
@CHEMICAL_phosphatidylinositol_3_4_diphosphate;@CHEMICAL_phosphatidylinositol_3_4_diphosphate;chemical;1.0
@CHEMICAL_phosphorite;@CHEMICAL_phosphorite;chemical;1.0
@CHEMICAL_phosphorus_pentoxide;@CHEMICAL_phosphorus_pentoxide;chemical;1.0
@CHEMICAL_phthalic_anhydride;@CHEMICAL_phthalic_anhydride;chemical;1.0
@CHEMICAL_phthalimide;@CHEMICAL_phthalimide;chemical;1.0
@CHEMICAL_phthalimidine;@CHEMICAL_phthalimidine;chemical;1.0
@CHEMICAL_phycoviolobilin;@CHEMICAL_phycoviolobilin;chemical;1.0
@CHEMICAL_physalin_B;@CHEMICAL_physalin_B;chemical;1.0
@CHEMICAL_physciosporin;@CHEMICAL_physciosporin;chemical;1.0
@CHEMICAL_pibrentasvir;@CHEMICAL_pibrentasvir;chemical;1.0
@CHEMICAL_picein;@CHEMICAL_picein;chemical;1.0
@CHEMICAL_pichtosin;@CHEMICAL_pichtosin;chemical;1.0
@CHEMICAL_picolinaldehyde;@CHEMICAL_picolinaldehyde;chemical;1.0
@CHEMICAL_picosulfate_sodium;@CHEMICAL_picosulfate_sodium;chemical;1.0
@CHEMICAL_picrocrocin;@CHEMICAL_picrocrocin;chemical;1.0
@CHEMICAL_pimavanserin;@CHEMICAL_pimavanserin;chemical;1.0
@CHEMICAL_pinane;@CHEMICAL_pinane;chemical;1.0
@CHEMICAL_pinealon;@CHEMICAL_pinealon;chemical;1.0
@CHEMICAL_pinen_10_yl_vicianoside;@CHEMICAL_pinen_10_yl_vicianoside;chemical;1.0
@CHEMICAL_pinostrobin;@CHEMICAL_pinostrobin;chemical;1.0
@CHEMICAL_pinoxaden;@CHEMICAL_pinoxaden;chemical;1.0
@CHEMICAL_pirimicarb;@CHEMICAL_pirimicarb;chemical;1.0
@CHEMICAL_pirimiphos_methyl;@CHEMICAL_pirimiphos_methyl;chemical;1.0
@CHEMICAL_piroctone_olamine;@CHEMICAL_piroctone_olamine;chemical;1.0
@CHEMICAL_piscidic_acid;@CHEMICAL_piscidic_acid;chemical;1.0
@CHEMICAL_pityriazepin;@CHEMICAL_pityriazepin;chemical;1.0
@CHEMICAL_pivaloylcarnitine;@CHEMICAL_pivaloylcarnitine;chemical;1.0
@CHEMICAL_plastoquinol;@CHEMICAL_plastoquinol;chemical;1.0
@CHEMICAL_platensimycin;@CHEMICAL_platensimycin;chemical;1.0
@CHEMICAL_platinum(II)(1_4_diazacycloheptane)dichloride;@CHEMICAL_platinum(II)(1_4_diazacycloheptane)dichloride;chemical;1.0
@CHEMICAL_platinum_oxide;@CHEMICAL_platinum_oxide;chemical;1.0
@CHEMICAL_plazomicin;@CHEMICAL_plazomicin;chemical;1.0
@CHEMICAL_pleurotin;@CHEMICAL_pleurotin;chemical;1.0
@CHEMICAL_plumericin;@CHEMICAL_plumericin;chemical;1.0
@CHEMICAL_pluronic_block_copolymer_P123;@CHEMICAL_pluronic_block_copolymer_P123;chemical;1.0
@CHEMICAL_poliumoside;@CHEMICAL_poliumoside;chemical;1.0
@CHEMICAL_poly(3_hydroxybutyrate_co_4_hydroxybutyrate);@CHEMICAL_poly(3_hydroxybutyrate_co_4_hydroxybutyrate);chemical;1.0
@CHEMICAL_poly(4_methyl_1_pentene);@CHEMICAL_poly(4_methyl_1_pentene);chemical;1.0
@CHEMICAL_poly(4_vinylphenol);@CHEMICAL_poly(4_vinylphenol);chemical;1.0
@CHEMICAL_poly(4_vinylpyridine);@CHEMICAL_poly(4_vinylpyridine);chemical;1.0
@CHEMICAL_poly(dA);@CHEMICAL_poly(dA);chemical;1.0
@CHEMICAL_poly(ethylene_glycol)_dimethyl_ether;@CHEMICAL_poly(ethylene_glycol)_dimethyl_ether;chemical;1.0
@CHEMICAL_poly(ethylene_imine);@CHEMICAL_poly(ethylene_imine);chemical;1.0
@CHEMICAL_poly(glycerol_sebacate);@CHEMICAL_poly(glycerol_sebacate);chemical;1.0
@CHEMICAL_poly(o_phenylenediamine);@CHEMICAL_poly(o_phenylenediamine);chemical;1.0
@CHEMICAL_poly(poly(ethylene_glycol)methacrylate);@CHEMICAL_poly(poly(ethylene_glycol)methacrylate);chemical;1.0
@CHEMICAL_poly(propylene_fumarate);@CHEMICAL_poly(propylene_fumarate);chemical;1.0
@CHEMICAL_poly(propylene_sulfide);@CHEMICAL_poly(propylene_sulfide);chemical;1.0
@CHEMICAL_poly(propyleneimine);@CHEMICAL_poly(propyleneimine);chemical;1.0
@CHEMICAL_poly(styrene_co_maleic_anhydride);@CHEMICAL_poly(styrene_co_maleic_anhydride);chemical;1.0
@CHEMICAL_poly(trimethylene_terephthalate);@CHEMICAL_poly(trimethylene_terephthalate);chemical;1.0
@CHEMICAL_poly(vinylidene_fluoride_co_hexafluoro_propylene);@CHEMICAL_poly(vinylidene_fluoride_co_hexafluoro_propylene);chemical;1.0
@CHEMICAL_poly_A_T;@CHEMICAL_poly_A_T;chemical;1.0
@CHEMICAL_poly_DL_succinimide;@CHEMICAL_poly_DL_succinimide;chemical;1.0
@CHEMICAL_polyanions;@CHEMICAL_polyanions;chemical;1.0
@CHEMICAL_polyethylene_glycol_2000;@CHEMICAL_polyethylene_glycol_2000;chemical;1.0
@CHEMICAL_polyethylene_glycol_bis(succinimidyl_succinate);@CHEMICAL_polyethylene_glycol_bis(succinimidyl_succinate);chemical;1.0
@CHEMICAL_polyethylene_glycol_superoxide_dismutase;@CHEMICAL_polyethylene_glycol_superoxide_dismutase;chemical;1.0
@CHEMICAL_polyethylene_terephthalate_glycol;@CHEMICAL_polyethylene_terephthalate_glycol;chemical;1.0
@CHEMICAL_polygalasaponin_F;@CHEMICAL_polygalasaponin_F;chemical;1.0
@CHEMICAL_polyglycidyl_methacrylate;@CHEMICAL_polyglycidyl_methacrylate;chemical;1.0
@CHEMICAL_polygodial;@CHEMICAL_polygodial;chemical;1.0
@CHEMICAL_polyisobutylene;@CHEMICAL_polyisobutylene;chemical;1.0
@CHEMICAL_polyozellin;@CHEMICAL_polyozellin;chemical;1.0
@CHEMICAL_polyphosphoric_acid;@CHEMICAL_polyphosphoric_acid;chemical;1.0
@CHEMICAL_polysaccharide_intercellular_adhesin;@CHEMICAL_polysaccharide_intercellular_adhesin;chemical;1.0
@CHEMICAL_polyserine;@CHEMICAL_polyserine;chemical;1.0
@CHEMICAL_polysilsesquioxane;@CHEMICAL_polysilsesquioxane;chemical;1.0
@CHEMICAL_polytyrosine;@CHEMICAL_polytyrosine;chemical;1.0
@CHEMICAL_polyvinylidene_chloride;@CHEMICAL_polyvinylidene_chloride;chemical;1.0
@CHEMICAL_ponalrestat;@CHEMICAL_ponalrestat;chemical;1.0
@CHEMICAL_ponicidin;@CHEMICAL_ponicidin;chemical;1.0
@CHEMICAL_poricoic_acid_H;@CHEMICAL_poricoic_acid_H;chemical;1.0
@CHEMICAL_potassium_ferrate;@CHEMICAL_potassium_ferrate;chemical;1.0
@CHEMICAL_potassium_ferrocyanide;@CHEMICAL_potassium_ferrocyanide;chemical;1.0
@CHEMICAL_potassium_fluoride;@CHEMICAL_potassium_fluoride;chemical;1.0
@CHEMICAL_potassium_superoxide;@CHEMICAL_potassium_superoxide;chemical;1.0
@CHEMICAL_potassium_thiosulfate;@CHEMICAL_potassium_thiosulfate;chemical;1.0
@CHEMICAL_precocene_II;@CHEMICAL_precocene_II;chemical;1.0
@CHEMICAL_pregnane_glycoside;@CHEMICAL_pregnane_glycoside;chemical;1.0
@CHEMICAL_prephenic_acid;@CHEMICAL_prephenic_acid;chemical;1.0
@CHEMICAL_presqualene_pyrophosphate;@CHEMICAL_presqualene_pyrophosphate;chemical;1.0
@CHEMICAL_preussin;@CHEMICAL_preussin;chemical;1.0
@CHEMICAL_prexasertib;@CHEMICAL_prexasertib;chemical;1.0
@CHEMICAL_primuline;@CHEMICAL_primuline;chemical;1.0
@CHEMICAL_pristane;@CHEMICAL_pristane;chemical;1.0
@CHEMICAL_pritelivir;@CHEMICAL_pritelivir;chemical;1.0
@CHEMICAL_prolyl_4_hydroxyproline;@CHEMICAL_prolyl_4_hydroxyproline;chemical;1.0
@CHEMICAL_prolyl_proline;@CHEMICAL_prolyl_proline;chemical;1.0
@CHEMICAL_prolyl_tyrosine;@CHEMICAL_prolyl_tyrosine;chemical;1.0
@CHEMICAL_prolylvaline;@CHEMICAL_prolylvaline;chemical;1.0
@CHEMICAL_propargylamine;@CHEMICAL_propargylamine;chemical;1.0
@CHEMICAL_propentofylline;@CHEMICAL_propentofylline;chemical;1.0
@CHEMICAL_propylene_glycol_alginate_ester;@CHEMICAL_propylene_glycol_alginate_ester;chemical;1.0
@CHEMICAL_prostaglandin_A2;@CHEMICAL_prostaglandin_A2;chemical;1.0
@CHEMICAL_protoapigenone;@CHEMICAL_protoapigenone;chemical;1.0
@CHEMICAL_protocatechuic_acid_methyl_ester;@CHEMICAL_protocatechuic_acid_methyl_ester;chemical;1.0
@CHEMICAL_proxalutamide;@CHEMICAL_proxalutamide;chemical;1.0
@CHEMICAL_proxyl_oxazolopyridocarbazole;@CHEMICAL_proxyl_oxazolopyridocarbazole;chemical;1.0
@CHEMICAL_prunetin;@CHEMICAL_prunetin;chemical;1.0
@CHEMICAL_pseudouridimycin;@CHEMICAL_pseudouridimycin;chemical;1.0
@CHEMICAL_pteroyltyrosine;@CHEMICAL_pteroyltyrosine;chemical;1.0
@CHEMICAL_purpurin_18;@CHEMICAL_purpurin_18;chemical;1.0
@CHEMICAL_pydiflumetofen;@CHEMICAL_pydiflumetofen;chemical;1.0
@CHEMICAL_pymetrozine;@CHEMICAL_pymetrozine;chemical;1.0
@CHEMICAL_pyrabactin;@CHEMICAL_pyrabactin;chemical;1.0
@CHEMICAL_pyraclofos;@CHEMICAL_pyraclofos;chemical;1.0
@CHEMICAL_pyrazolo(1_5_a)(1_3_5)triazine;@CHEMICAL_pyrazolo(1_5_a)(1_3_5)triazine;chemical;1.0
@CHEMICAL_pyridine_2_6_dicarboxamide;@CHEMICAL_pyridine_2_6_dicarboxamide;chemical;1.0
@CHEMICAL_pyridoxamine_dihydrochloride;@CHEMICAL_pyridoxamine_dihydrochloride;chemical;1.0
@CHEMICAL_pyrintegrin;@CHEMICAL_pyrintegrin;chemical;1.0
@CHEMICAL_pyrithiobac_sodium;@CHEMICAL_pyrithiobac_sodium;chemical;1.0
@CHEMICAL_pyrithione;@CHEMICAL_pyrithione;chemical;1.0
@CHEMICAL_pyrocatechol_violet;@CHEMICAL_pyrocatechol_violet;chemical;1.0
@CHEMICAL_pyrochlore;@CHEMICAL_pyrochlore;chemical;1.0
@CHEMICAL_pyromorphite;@CHEMICAL_pyromorphite;chemical;1.0
@CHEMICAL_pyrosulfuric_acid;@CHEMICAL_pyrosulfuric_acid;chemical;1.0
@CHEMICAL_pyrrolidine_2_4_dicarboxylic_acid;@CHEMICAL_pyrrolidine_2_4_dicarboxylic_acid;chemical;1.0
@CHEMICAL_pyrrolidine_2_5_dione;@CHEMICAL_pyrrolidine_2_5_dione;chemical;1.0
@CHEMICAL_pyrrolysine;@CHEMICAL_pyrrolysine;chemical;1.0
@CHEMICAL_quassin;@CHEMICAL_quassin;chemical;1.0
@CHEMICAL_quebrachitol;@CHEMICAL_quebrachitol;chemical;1.0
@CHEMICAL_quercimeritrin;@CHEMICAL_quercimeritrin;chemical;1.0
@CHEMICAL_quillaic_acid;@CHEMICAL_quillaic_acid;chemical;1.0
@CHEMICAL_quinacridone;@CHEMICAL_quinacridone;chemical;1.0
@CHEMICAL_quinolacetic_acid;@CHEMICAL_quinolacetic_acid;chemical;1.0
@CHEMICAL_quinoline_val_asp(OMe)_CH2_OPH;@CHEMICAL_quinoline_val_asp(OMe)_CH2_OPH;chemical;1.0
@CHEMICAL_quintozene;@CHEMICAL_quintozene;chemical;1.0
@CHEMICAL_ramipril_benzyl_ester;@CHEMICAL_ramipril_benzyl_ester;chemical;1.0
@CHEMICAL_ramiprilat;@CHEMICAL_ramiprilat;chemical;1.0
@CHEMICAL_ranimustine;@CHEMICAL_ranimustine;chemical;1.0
@CHEMICAL_ranirestat;@CHEMICAL_ranirestat;chemical;1.0
@CHEMICAL_rapanone;@CHEMICAL_rapanone;chemical;1.0
@CHEMICAL_rayon_purified;@CHEMICAL_rayon_purified;chemical;1.0
@CHEMICAL_reactive_blue_13;@CHEMICAL_reactive_blue_13;chemical;1.0
@CHEMICAL_reactive_red_2;@CHEMICAL_reactive_red_2;chemical;1.0
@CHEMICAL_regadenoson;@CHEMICAL_regadenoson;chemical;1.0
@CHEMICAL_relcovaptan;@CHEMICAL_relcovaptan;chemical;1.0
@CHEMICAL_remazol_red_198;@CHEMICAL_remazol_red_198;chemical;1.0
@CHEMICAL_rescinnamine;@CHEMICAL_rescinnamine;chemical;1.0
@CHEMICAL_retinylglucuronide;@CHEMICAL_retinylglucuronide;chemical;1.0
@CHEMICAL_rhapontin;@CHEMICAL_rhapontin;chemical;1.0
@CHEMICAL_rhenium_sulfide;@CHEMICAL_rhenium_sulfide;chemical;1.0
@CHEMICAL_ribothymidine;@CHEMICAL_ribothymidine;chemical;1.0
@CHEMICAL_ribulose;@CHEMICAL_ribulose;chemical;1.0
@CHEMICAL_rilotumumab;@CHEMICAL_rilotumumab;chemical;1.0
@CHEMICAL_ristocetin_A;@CHEMICAL_ristocetin_A;chemical;1.0
@CHEMICAL_rubber_seed_oil;@CHEMICAL_rubber_seed_oil;chemical;1.0
@CHEMICAL_rubiadin_1_methyl_ether;@CHEMICAL_rubiadin_1_methyl_ether;chemical;1.0
@CHEMICAL_rubidium_chloride;@CHEMICAL_rubidium_chloride;chemical;1.0
@CHEMICAL_rubidium_iodide;@CHEMICAL_rubidium_iodide;chemical;1.0
@CHEMICAL_rubitecan;@CHEMICAL_rubitecan;chemical;1.0
@CHEMICAL_rugulosin_A;@CHEMICAL_rugulosin_A;chemical;1.0
@CHEMICAL_safflomin_A;@CHEMICAL_safflomin_A;chemical;1.0
@CHEMICAL_salicylaldehyde_isonicotinoyl_hydrazone;@CHEMICAL_salicylaldehyde_isonicotinoyl_hydrazone;chemical;1.0
@CHEMICAL_salicylhydroxamic_acid;@CHEMICAL_salicylhydroxamic_acid;chemical;1.0
@CHEMICAL_salicylic_acid_glucoside;@CHEMICAL_salicylic_acid_glucoside;chemical;1.0
@CHEMICAL_salmochelin;@CHEMICAL_salmochelin;chemical;1.0
@CHEMICAL_salophen;@CHEMICAL_salophen;chemical;1.0
@CHEMICAL_salsolinol;@CHEMICAL_salsolinol;chemical;1.0
@CHEMICAL_salvinorin_A;@CHEMICAL_salvinorin_A;chemical;1.0
@CHEMICAL_saponarin;@CHEMICAL_saponarin;chemical;1.0
@CHEMICAL_saponin_QA_21V1;@CHEMICAL_saponin_QA_21V1;chemical;1.0
@CHEMICAL_saponite;@CHEMICAL_saponite;chemical;1.0
@CHEMICAL_saquayamycin;@CHEMICAL_saquayamycin;chemical;1.0
@CHEMICAL_sargaquinoic_acid;@CHEMICAL_sargaquinoic_acid;chemical;1.0
@CHEMICAL_schizandrol_B;@CHEMICAL_schizandrol_B;chemical;1.0
@CHEMICAL_sebacic_acid;@CHEMICAL_sebacic_acid;chemical;1.0
@CHEMICAL_sebestenoid_C;@CHEMICAL_sebestenoid_C;chemical;1.0
@CHEMICAL_secnidazole;@CHEMICAL_secnidazole;chemical;1.0
@CHEMICAL_secoisolariciresinol;@CHEMICAL_secoisolariciresinol;chemical;1.0
@CHEMICAL_secologanic_acid;@CHEMICAL_secologanic_acid;chemical;1.0
@CHEMICAL_sedoheptulose;@CHEMICAL_sedoheptulose;chemical;1.0
@CHEMICAL_sedoheptulose_1_7_bisphosphate;@CHEMICAL_sedoheptulose_1_7_bisphosphate;chemical;1.0
@CHEMICAL_segetalin_A;@CHEMICAL_segetalin_A;chemical;1.0
@CHEMICAL_selectfluor;@CHEMICAL_selectfluor;chemical;1.0
@CHEMICAL_selenocyanic_acid;@CHEMICAL_selenocyanic_acid;chemical;1.0
@CHEMICAL_selenourea;@CHEMICAL_selenourea;chemical;1.0
@CHEMICAL_seminolipid;@CHEMICAL_seminolipid;chemical;1.0
@CHEMICAL_senicapoc;@CHEMICAL_senicapoc;chemical;1.0
@CHEMICAL_serinocyclin_A;@CHEMICAL_serinocyclin_A;chemical;1.0
@CHEMICAL_sesaminol;@CHEMICAL_sesaminol;chemical;1.0
@CHEMICAL_sialogangliosides;@CHEMICAL_sialogangliosides;chemical;1.0
@CHEMICAL_sialorphin;@CHEMICAL_sialorphin;chemical;1.0
@CHEMICAL_silicon_phthalocyanine;@CHEMICAL_silicon_phthalocyanine;chemical;1.0
@CHEMICAL_silidianin;@CHEMICAL_silidianin;chemical;1.0
@CHEMICAL_silver_tetrafluoroborate;@CHEMICAL_silver_tetrafluoroborate;chemical;1.0
@CHEMICAL_sitoindoside_X;@CHEMICAL_sitoindoside_X;chemical;1.0
@CHEMICAL_soda_lime;@CHEMICAL_soda_lime;chemical;1.0
@CHEMICAL_sodium_arsenate;@CHEMICAL_sodium_arsenate;chemical;1.0
@CHEMICAL_sodium_bisulfite;@CHEMICAL_sodium_bisulfite;chemical;1.0
@CHEMICAL_sodium_borate;@CHEMICAL_sodium_borate;chemical;1.0
@CHEMICAL_sodium_cyanoborohydride;@CHEMICAL_sodium_cyanoborohydride;chemical;1.0
@CHEMICAL_sodium_laureth_sulfate;@CHEMICAL_sodium_laureth_sulfate;chemical;1.0
@CHEMICAL_sodium_molybdate(VI);@CHEMICAL_sodium_molybdate(VI);chemical;1.0
@CHEMICAL_sodium_niobate;@CHEMICAL_sodium_niobate;chemical;1.0
@CHEMICAL_sodium_oxide;@CHEMICAL_sodium_oxide;chemical;1.0
@CHEMICAL_sodium_starch_glycolate;@CHEMICAL_sodium_starch_glycolate;chemical;1.0
@CHEMICAL_sodium_titanate;@CHEMICAL_sodium_titanate;chemical;1.0
@CHEMICAL_solithromycin;@CHEMICAL_solithromycin;chemical;1.0
@CHEMICAL_sophocarpine;@CHEMICAL_sophocarpine;chemical;1.0
@CHEMICAL_sorbicillin;@CHEMICAL_sorbicillin;chemical;1.0
@CHEMICAL_sorbitan_monolaurate;@CHEMICAL_sorbitan_monolaurate;chemical;1.0
@CHEMICAL_soticlestat;@CHEMICAL_soticlestat;chemical;1.0
@CHEMICAL_soyasaponin_Bb;@CHEMICAL_soyasaponin_Bb;chemical;1.0
@CHEMICAL_soybean_oil_phospholipid_emulsion;@CHEMICAL_soybean_oil_phospholipid_emulsion;chemical;1.0
@CHEMICAL_sparfosic_acid;@CHEMICAL_sparfosic_acid;chemical;1.0
@CHEMICAL_squalane;@CHEMICAL_squalane;chemical;1.0
@CHEMICAL_starlicide;@CHEMICAL_starlicide;chemical;1.0
@CHEMICAL_stearyltrimethylammonium;@CHEMICAL_stearyltrimethylammonium;chemical;1.0
@CHEMICAL_stercobilin;@CHEMICAL_stercobilin;chemical;1.0
@CHEMICAL_strontium_hydroxyapatite;@CHEMICAL_strontium_hydroxyapatite;chemical;1.0
@CHEMICAL_stylopine;@CHEMICAL_stylopine;chemical;1.0
@CHEMICAL_succinic_semialdehyde;@CHEMICAL_succinic_semialdehyde;chemical;1.0
@CHEMICAL_succinonitrile;@CHEMICAL_succinonitrile;chemical;1.0
@CHEMICAL_succinyladenosine;@CHEMICAL_succinyladenosine;chemical;1.0
@CHEMICAL_suchilactone;@CHEMICAL_suchilactone;chemical;1.0
@CHEMICAL_sucrose_monopalmitate;@CHEMICAL_sucrose_monopalmitate;chemical;1.0
@CHEMICAL_sulfated_acrylic_acid_vinyl_alcohol_copolymer;@CHEMICAL_sulfated_acrylic_acid_vinyl_alcohol_copolymer;chemical;1.0
@CHEMICAL_sulfobetaine;@CHEMICAL_sulfobetaine;chemical;1.0
@CHEMICAL_sulfogalactosyldiacylglycerol;@CHEMICAL_sulfogalactosyldiacylglycerol;chemical;1.0
@CHEMICAL_sulfolipids;@CHEMICAL_sulfolipids;chemical;1.0
@CHEMICAL_sulfonated_2_4_dichlorophenol;@CHEMICAL_sulfonated_2_4_dichlorophenol;chemical;1.0
@CHEMICAL_sulforhodamine_101;@CHEMICAL_sulforhodamine_101;chemical;1.0
@CHEMICAL_sulfur_monoxide;@CHEMICAL_sulfur_monoxide;chemical;1.0
@CHEMICAL_sulthiame;@CHEMICAL_sulthiame;chemical;1.0
@CHEMICAL_sumanene;@CHEMICAL_sumanene;chemical;1.0
@CHEMICAL_sungucine;@CHEMICAL_sungucine;chemical;1.0
@CHEMICAL_suvorexant;@CHEMICAL_suvorexant;chemical;1.0
@CHEMICAL_syringaldazine;@CHEMICAL_syringaldazine;chemical;1.0
@CHEMICAL_tafasitamab;@CHEMICAL_tafasitamab;chemical;1.0
@CHEMICAL_tafluprost;@CHEMICAL_tafluprost;chemical;1.0
@CHEMICAL_tagatose;@CHEMICAL_tagatose;chemical;1.0
@CHEMICAL_taleranol;@CHEMICAL_taleranol;chemical;1.0
@CHEMICAL_tamibarotene;@CHEMICAL_tamibarotene;chemical;1.0
@CHEMICAL_tanshinol;@CHEMICAL_tanshinol;chemical;1.0
@CHEMICAL_tantalum_oxide;@CHEMICAL_tantalum_oxide;chemical;1.0
@CHEMICAL_tariquidar;@CHEMICAL_tariquidar;chemical;1.0
@CHEMICAL_tartronic_acid;@CHEMICAL_tartronic_acid;chemical;1.0
@CHEMICAL_taurohyodeoxycholic_acid;@CHEMICAL_taurohyodeoxycholic_acid;chemical;1.0
@CHEMICAL_taurolithocholic_acid_3_sulfate;@CHEMICAL_taurolithocholic_acid_3_sulfate;chemical;1.0
@CHEMICAL_taxinine;@CHEMICAL_taxinine;chemical;1.0
@CHEMICAL_technetium_Tc_99m_TRODAT_1;@CHEMICAL_technetium_Tc_99m_TRODAT_1;chemical;1.0
@CHEMICAL_technetium_phytate;@CHEMICAL_technetium_phytate;chemical;1.0
@CHEMICAL_tecleanatalensine_B;@CHEMICAL_tecleanatalensine_B;chemical;1.0
@CHEMICAL_telocinobufagin;@CHEMICAL_telocinobufagin;chemical;1.0
@CHEMICAL_temazepam_glucuronide;@CHEMICAL_temazepam_glucuronide;chemical;1.0
@CHEMICAL_temocapril_hydrochloride;@CHEMICAL_temocapril_hydrochloride;chemical;1.0
@CHEMICAL_tenidap;@CHEMICAL_tenidap;chemical;1.0
@CHEMICAL_tenofovir_diphosphate;@CHEMICAL_tenofovir_diphosphate;chemical;1.0
@CHEMICAL_terbufos;@CHEMICAL_terbufos;chemical;1.0
@CHEMICAL_terbutryne;@CHEMICAL_terbutryne;chemical;1.0
@CHEMICAL_terephthaloyl_chloride;@CHEMICAL_terephthaloyl_chloride;chemical;1.0
@CHEMICAL_terephthalylidene_dicamphor_sulfonic_acid;@CHEMICAL_terephthalylidene_dicamphor_sulfonic_acid;chemical;1.0
@CHEMICAL_terpin;@CHEMICAL_terpin;chemical;1.0
@CHEMICAL_terpinolene;@CHEMICAL_terpinolene;chemical;1.0
@CHEMICAL_tert_butoxycarbonylalanine;@CHEMICAL_tert_butoxycarbonylalanine;chemical;1.0
@CHEMICAL_testosterone_17_beta_cypionate;@CHEMICAL_testosterone_17_beta_cypionate;chemical;1.0
@CHEMICAL_tetrabutoxy_titanium;@CHEMICAL_tetrabutoxy_titanium;chemical;1.0
@CHEMICAL_tetracalcium_phosphate;@CHEMICAL_tetracalcium_phosphate;chemical;1.0
@CHEMICAL_tetracosane;@CHEMICAL_tetracosane;chemical;1.0
@CHEMICAL_tetradecyltrimethylammonium;@CHEMICAL_tetradecyltrimethylammonium;chemical;1.0
@CHEMICAL_tetrahydrocorticosterone;@CHEMICAL_tetrahydrocorticosterone;chemical;1.0
@CHEMICAL_tetramethylrosamine;@CHEMICAL_tetramethylrosamine;chemical;1.0
@CHEMICAL_tetraniliprole;@CHEMICAL_tetraniliprole;chemical;1.0
@CHEMICAL_tetraphenylethylene;@CHEMICAL_tetraphenylethylene;chemical;1.0
@CHEMICAL_tetraphenylporphyrin;@CHEMICAL_tetraphenylporphyrin;chemical;1.0
@CHEMICAL_teucladiol;@CHEMICAL_teucladiol;chemical;1.0
@CHEMICAL_thelephoric_acid;@CHEMICAL_thelephoric_acid;chemical;1.0
@CHEMICAL_thiacalix(4)arene;@CHEMICAL_thiacalix(4)arene;chemical;1.0
@CHEMICAL_thiazole_orange;@CHEMICAL_thiazole_orange;chemical;1.0
@CHEMICAL_thiazolo(3_2_a)perimidine;@CHEMICAL_thiazolo(3_2_a)perimidine;chemical;1.0
@CHEMICAL_thiochrome;@CHEMICAL_thiochrome;chemical;1.0
@CHEMICAL_thiocyanic_acid;@CHEMICAL_thiocyanic_acid;chemical;1.0
@CHEMICAL_thiodiacetic_acid;@CHEMICAL_thiodiacetic_acid;chemical;1.0
@CHEMICAL_thiohexam;@CHEMICAL_thiohexam;chemical;1.0
@CHEMICAL_thrazarine;@CHEMICAL_thrazarine;chemical;1.0
@CHEMICAL_threitol;@CHEMICAL_threitol;chemical;1.0
@CHEMICAL_threonyl_lysyl_proline;@CHEMICAL_threonyl_lysyl_proline;chemical;1.0
@CHEMICAL_thromboxane_B3;@CHEMICAL_thromboxane_B3;chemical;1.0
@CHEMICAL_thulium_oxide;@CHEMICAL_thulium_oxide;chemical;1.0
@CHEMICAL_thymine_glycol;@CHEMICAL_thymine_glycol;chemical;1.0
@CHEMICAL_tin_mesoporphyrin;@CHEMICAL_tin_mesoporphyrin;chemical;1.0
@CHEMICAL_tinosporide;@CHEMICAL_tinosporide;chemical;1.0
@CHEMICAL_tipranavir;@CHEMICAL_tipranavir;chemical;1.0
@CHEMICAL_titanium_nickelide;@CHEMICAL_titanium_nickelide;chemical;1.0
@CHEMICAL_titanium_tetrafluoride;@CHEMICAL_titanium_tetrafluoride;chemical;1.0
@CHEMICAL_toborinone;@CHEMICAL_toborinone;chemical;1.0
@CHEMICAL_tocopheroxy_radical;@CHEMICAL_tocopheroxy_radical;chemical;1.0
@CHEMICAL_tomivosertib;@CHEMICAL_tomivosertib;chemical;1.0
@CHEMICAL_topovale;@CHEMICAL_topovale;chemical;1.0
@CHEMICAL_tozasertib;@CHEMICAL_tozasertib;chemical;1.0
@CHEMICAL_traumatin;@CHEMICAL_traumatin;chemical;1.0
@CHEMICAL_triacetic_acid_lactone;@CHEMICAL_triacetic_acid_lactone;chemical;1.0
@CHEMICAL_tricaprylin;@CHEMICAL_tricaprylin;chemical;1.0
@CHEMICAL_tricarbonyldichlororuthenium_(II)_dimer;@CHEMICAL_tricarbonyldichlororuthenium_(II)_dimer;chemical;1.0
@CHEMICAL_trichloroacetaldehyde;@CHEMICAL_trichloroacetaldehyde;chemical;1.0
@CHEMICAL_trichloroacetonitrile;@CHEMICAL_trichloroacetonitrile;chemical;1.0
@CHEMICAL_trichlorobenzene;@CHEMICAL_trichlorobenzene;chemical;1.0
@CHEMICAL_trichlorofluoromethane;@CHEMICAL_trichlorofluoromethane;chemical;1.0
@CHEMICAL_trichloroisocyanuric_acid;@CHEMICAL_trichloroisocyanuric_acid;chemical;1.0
@CHEMICAL_trichostatic_acid;@CHEMICAL_trichostatic_acid;chemical;1.0
@CHEMICAL_trichothecene;@CHEMICAL_trichothecene;chemical;1.0
@CHEMICAL_tricosanoic_acid;@CHEMICAL_tricosanoic_acid;chemical;1.0
@CHEMICAL_tridecane;@CHEMICAL_tridecane;chemical;1.0
@CHEMICAL_tridecanedioic_acid;@CHEMICAL_tridecanedioic_acid;chemical;1.0
@CHEMICAL_triethyleneglycol_divinylether;@CHEMICAL_triethyleneglycol_divinylether;chemical;1.0
@CHEMICAL_triflic_anhydride;@CHEMICAL_triflic_anhydride;chemical;1.0
@CHEMICAL_triflic_imide;@CHEMICAL_triflic_imide;chemical;1.0
@CHEMICAL_trifluoroacetyl_leucyl_alanyl_4_trifluoromethylanilide;@CHEMICAL_trifluoroacetyl_leucyl_alanyl_4_trifluoromethylanilide;chemical;1.0
@CHEMICAL_trifluoromethanesulfonic_acid;@CHEMICAL_trifluoromethanesulfonic_acid;chemical;1.0
@CHEMICAL_trifluridine_tipiracil_drug_combination;@CHEMICAL_trifluridine_tipiracil_drug_combination;chemical;1.0
@CHEMICAL_trimethoxyvinylsilane;@CHEMICAL_trimethoxyvinylsilane;chemical;1.0
@CHEMICAL_trimethylalanine;@CHEMICAL_trimethylalanine;chemical;1.0
@CHEMICAL_trimethylenediamine;@CHEMICAL_trimethylenediamine;chemical;1.0
@CHEMICAL_trimethylolpropane_triacrylate;@CHEMICAL_trimethylolpropane_triacrylate;chemical;1.0
@CHEMICAL_trimethylsilyl_bromide;@CHEMICAL_trimethylsilyl_bromide;chemical;1.0
@CHEMICAL_trimethylsilyl_chloride;@CHEMICAL_trimethylsilyl_chloride;chemical;1.0
@CHEMICAL_trimethylsilyl_trifluoromethanesulfonate;@CHEMICAL_trimethylsilyl_trifluoromethanesulfonate;chemical;1.0
@CHEMICAL_trimethylsilyldiazomethane;@CHEMICAL_trimethylsilyldiazomethane;chemical;1.0
@CHEMICAL_trimix;@CHEMICAL_trimix;chemical;1.0
@CHEMICAL_triphenylmethane;@CHEMICAL_triphenylmethane;chemical;1.0
@CHEMICAL_triphenylmethylphosphonium;@CHEMICAL_triphenylmethylphosphonium;chemical;1.0
@CHEMICAL_tris(2_aminoethyl)amine;@CHEMICAL_tris(2_aminoethyl)amine;chemical;1.0
@CHEMICAL_tris(chloroethyl)phosphate;@CHEMICAL_tris(chloroethyl)phosphate;chemical;1.0
@CHEMICAL_tris(hydroxymethyl)phosphine;@CHEMICAL_tris(hydroxymethyl)phosphine;chemical;1.0
@CHEMICAL_tris(pentafluorophenyl)borane;@CHEMICAL_tris(pentafluorophenyl)borane;chemical;1.0
@CHEMICAL_trisialoganglioside_GT1;@CHEMICAL_trisialoganglioside_GT1;chemical;1.0
@CHEMICAL_troclosene;@CHEMICAL_troclosene;chemical;1.0
@CHEMICAL_trofinetide;@CHEMICAL_trofinetide;chemical;1.0
@CHEMICAL_tropaeolin_OO;@CHEMICAL_tropaeolin_OO;chemical;1.0
@CHEMICAL_tryptophan_ethyl_ester;@CHEMICAL_tryptophan_ethyl_ester;chemical;1.0
@CHEMICAL_tryptophan_leucine;@CHEMICAL_tryptophan_leucine;chemical;1.0
@CHEMICAL_tryptophan_methyl_ester;@CHEMICAL_tryptophan_methyl_ester;chemical;1.0
@CHEMICAL_tryptophanol;@CHEMICAL_tryptophanol;chemical;1.0
@CHEMICAL_tubacin;@CHEMICAL_tubacin;chemical;1.0
@CHEMICAL_tubeimoside_I;@CHEMICAL_tubeimoside_I;chemical;1.0
@CHEMICAL_turbomycin_A;@CHEMICAL_turbomycin_A;chemical;1.0
@CHEMICAL_turbomycin_B;@CHEMICAL_turbomycin_B;chemical;1.0
@CHEMICAL_turinabol;@CHEMICAL_turinabol;chemical;1.0
@CHEMICAL_tylophorine;@CHEMICAL_tylophorine;chemical;1.0
@CHEMICAL_tylophorinidine;@CHEMICAL_tylophorinidine;chemical;1.0
@CHEMICAL_tynorphin;@CHEMICAL_tynorphin;chemical;1.0
@CHEMICAL_tyramine_glucuronide;@CHEMICAL_tyramine_glucuronide;chemical;1.0
@CHEMICAL_tyrosine_O_sulfate;@CHEMICAL_tyrosine_O_sulfate;chemical;1.0
@CHEMICAL_tyrosyl_arginyl_phenylalanyl_lysinamide;@CHEMICAL_tyrosyl_arginyl_phenylalanyl_lysinamide;chemical;1.0
@CHEMICAL_tyrosylleucine;@CHEMICAL_tyrosylleucine;chemical;1.0
@CHEMICAL_tyrphostin_8;@CHEMICAL_tyrphostin_8;chemical;1.0
@CHEMICAL_tyrvalin;@CHEMICAL_tyrvalin;chemical;1.0
@CHEMICAL_ubenimex;@CHEMICAL_ubenimex;chemical;1.0
@CHEMICAL_ubiquinone_6;@CHEMICAL_ubiquinone_6;chemical;1.0
@CHEMICAL_ulipristal;@CHEMICAL_ulipristal;chemical;1.0
@CHEMICAL_umbralisib;@CHEMICAL_umbralisib;chemical;1.0
@CHEMICAL_umirolimus;@CHEMICAL_umirolimus;chemical;1.0
@CHEMICAL_undecane;@CHEMICAL_undecane;chemical;1.0
@CHEMICAL_undecanoic_acid;@CHEMICAL_undecanoic_acid;chemical;1.0
@CHEMICAL_undecylenic_acid;@CHEMICAL_undecylenic_acid;chemical;1.0
@CHEMICAL_urabaine;@CHEMICAL_urabaine;chemical;1.0
@CHEMICAL_uralsaponin_B;@CHEMICAL_uralsaponin_B;chemical;1.0
@CHEMICAL_urazole;@CHEMICAL_urazole;chemical;1.0
@CHEMICAL_urelumab;@CHEMICAL_urelumab;chemical;1.0
@CHEMICAL_uridine_diphosphate_galactofuranose;@CHEMICAL_uridine_diphosphate_galactofuranose;chemical;1.0
@CHEMICAL_ursocholic_acid;@CHEMICAL_ursocholic_acid;chemical;1.0
@CHEMICAL_vactosertib;@CHEMICAL_vactosertib;chemical;1.0
@CHEMICAL_valerenic_acid;@CHEMICAL_valerenic_acid;chemical;1.0
@CHEMICAL_valerenolic_acid;@CHEMICAL_valerenolic_acid;chemical;1.0
@CHEMICAL_valerophenone;@CHEMICAL_valerophenone;chemical;1.0
@CHEMICAL_valine_methyl_ester;@CHEMICAL_valine_methyl_ester;chemical;1.0
@CHEMICAL_valnemulin;@CHEMICAL_valnemulin;chemical;1.0
@CHEMICAL_vanadium_disulfide;@CHEMICAL_vanadium_disulfide;chemical;1.0
@CHEMICAL_varespladib;@CHEMICAL_varespladib;chemical;1.0
@CHEMICAL_veliparib;@CHEMICAL_veliparib;chemical;1.0
@CHEMICAL_velpatasvir;@CHEMICAL_velpatasvir;chemical;1.0
@CHEMICAL_verdinexor;@CHEMICAL_verdinexor;chemical;1.0
@CHEMICAL_veronicastroside;@CHEMICAL_veronicastroside;chemical;1.0
@CHEMICAL_versicolorin_C;@CHEMICAL_versicolorin_C;chemical;1.0
@CHEMICAL_verticillins;@CHEMICAL_verticillins;chemical;1.0
@CHEMICAL_verticine;@CHEMICAL_verticine;chemical;1.0
@CHEMICAL_vescalagin;@CHEMICAL_vescalagin;chemical;1.0
@CHEMICAL_vestitol;@CHEMICAL_vestitol;chemical;1.0
@CHEMICAL_vibralactone;@CHEMICAL_vibralactone;chemical;1.0
@CHEMICAL_vilanterol;@CHEMICAL_vilanterol;chemical;1.0
@CHEMICAL_vinyl_acetate;@CHEMICAL_vinyl_acetate;chemical;1.0
@CHEMICAL_vinylidene_fluoride_trifluoroethylene_copolymer;@CHEMICAL_vinylidene_fluoride_trifluoroethylene_copolymer;chemical;1.0
@CHEMICAL_vinyltriethoxysilane;@CHEMICAL_vinyltriethoxysilane;chemical;1.0
@CHEMICAL_viridiflorol;@CHEMICAL_viridiflorol;chemical;1.0
@CHEMICAL_vitisinol_C;@CHEMICAL_vitisinol_C;chemical;1.0
@CHEMICAL_voacangine;@CHEMICAL_voacangine;chemical;1.0
@CHEMICAL_volicitin;@CHEMICAL_volicitin;chemical;1.0
@CHEMICAL_vorolanib;@CHEMICAL_vorolanib;chemical;1.0
@CHEMICAL_vulgaxanthin_I;@CHEMICAL_vulgaxanthin_I;chemical;1.0
@CHEMICAL_wintergreen_oil;@CHEMICAL_wintergreen_oil;chemical;1.0
@CHEMICAL_withafastuosin_E;@CHEMICAL_withafastuosin_E;chemical;1.0
@CHEMICAL_withanone;@CHEMICAL_withanone;chemical;1.0
@CHEMICAL_worenine;@CHEMICAL_worenine;chemical;1.0
@CHEMICAL_xanthorrhizol;@CHEMICAL_xanthorrhizol;chemical;1.0
@CHEMICAL_xantphos;@CHEMICAL_xantphos;chemical;1.0
@CHEMICAL_xylogalacturonan;@CHEMICAL_xylogalacturonan;chemical;1.0
@CHEMICAL_xylosides;@CHEMICAL_xylosides;chemical;1.0
@CHEMICAL_zanidatamab;@CHEMICAL_zanidatamab;chemical;1.0
@CHEMICAL_zephiramine;@CHEMICAL_zephiramine;chemical;1.0
@CHEMICAL_zinc(II)_tetrakis(4_carboxyphenyl)porphine;@CHEMICAL_zinc(II)_tetrakis(4_carboxyphenyl)porphine;chemical;1.0
@CHEMICAL_zinc_hydroxide;@CHEMICAL_zinc_hydroxide;chemical;1.0
@CHEMICAL_zinc_trifluoromethanesulfonate;@CHEMICAL_zinc_trifluoromethanesulfonate;chemical;1.0
@CHEMICAL_zirconium_oxychloride;@CHEMICAL_zirconium_oxychloride;chemical;1.0
@CHEMICAL_zoanthamine;@CHEMICAL_zoanthamine;chemical;1.0
@CHEMICAL_zolmitriptan;@CHEMICAL_zolmitriptan;chemical;1.0
@CHEMICAL_zopiclone_N_oxide;@CHEMICAL_zopiclone_N_oxide;chemical;1.0
@CHEMICAL_zosteric_acid;@CHEMICAL_zosteric_acid;chemical;1.0
