gene	drug	regulatory approval	indication	interaction score
NFATC1	MYCOPHENOLATE	Approved	immunosuppressant	1.186449967247398
NFATC1	CYCLOSPORINE	Approved	immunosuppressant,opthalmological agent	0.450032746197289
NFATC1	METHOTREXATE	Approved	DMARD	0.2372899934494797
NFATC1	PREDNISONE	Approved	corticosteroid,antiinflammatory agent	0.5800422062098393
POSTN	ANTISERUM	Not Approved	""	2.983074203364888
CRYGD	DOXAPRAM	Approved	""	26.10189927944276
CRYGD	HE3235	Not Approved	antineoplastic agent	13.05094963972138
IHH	RECOMBINANT TRANSFORMING GROWTH FACTOR-BETA 1	Not Approved	""	4.971790338941479
SOST	AMG-167	Not Approved	""	6.525474819860691
SOST	SETRUSUMAB	Not Approved	""	6.525474819860691
SOST	SETRUSUMAB	Not Approved	""	6.525474819860691
SOST	ROMOSOZUMAB	Approved	""	13.05094963972138
SOST	ALENDRONATE SODIUM	Approved	Bisphosphonates	1.087579136643448
SOST	ANTI-SCLEROSTIN	Not Approved	""	6.525474819860691
SOST	BLOSOZUMAB	Not Approved	""	6.525474819860691
SOST	BLOSOZUMAB	Not Approved	""	6.525474819860691
SUFU	SONIDEGIB	Approved	antineoplastic agent	8.700633093147589
SLC7A11	RILUZOLE	Approved	for treatment of ALS	2.269730372125458
CDK4	RIBOCICLIB	Approved	antineoplastic agent	0.3625263788811495
CDK4	R547	Not Approved	""	0.2330526721378818
CDK4	PALBOCICLIB	Approved	""	0.1919257299959026
CDK4	RECOMBINANT TRANSFORMING GROWTH FACTOR	Not Approved	""	0.0741531229529624
CDK4	ATIRMOCICLIB	Not Approved	""	0.4078421762412932
CDK4	VORUCICLIB	Not Approved	""	0.1631368704965173
CDK4	SOMATROPIN (RECOMBINANT DNA ORIGIN)	Approved	growth hormone replacement therapy,hormone replacement,for treatment of spinal muscular atrophy,For treatment of growth disorders	0.1087579136643448
CDK4	TANESPIMYCIN	Not Approved	antineoplastic agent	0.1254899003819364
CDK4	SU9516	Not Approved	""	0.05098027203016165
CDK4	BSJ-03-123	Not Approved	""	0.4078421762412932
CDK4	CP-10	Not Approved	""	0.4078421762412932
CDK4	RO-0505124	Not Approved	""	1.223526528723879
CDK4	ALVOCIDIB	Not Approved	antineoplastic agent	0.1942105601149015
CDK4	MKC-1	Not Approved	antineoplastic agent	0.0741531229529624
CDK4	RIVICICLIB	Not Approved	""	0.4894106114895518
CDK4	NARAZACICLIB	Not Approved	""	0.2718947841608621
CDK4	MILCICLIB	Not Approved	""	0.1483062459059248
CDK4	ABEMACICLIB	Approved	""	0.3005152877567423
CDK4	CDK4 INHIBITOR III	Not Approved	""	0.2718947841608621
CDK4	BSJ-04-132	Not Approved	""	0.4078421762412932
CDK4	CDK1/2/4 INHIBITOR AG-024322	Not Approved	""	0.2718947841608621
CDK4	RONICICLIB	Not Approved	""	0.1165263360689409
CDK4	CGP74514A	Not Approved	""	0.1019605440603233
CDK4	TRILACICLIB	Approved	""	0.3495790082068228
CDK4	PHA-793887	Not Approved	""	0.0776842240459606
CDK4	FASCAPLYSIN	Not Approved	""	0.8156843524825864
CDK4	INIXACICLIB	Not Approved	""	0.4078421762412932
CDK4	AT-7519	Not Approved	""	0.0388421120229803
CDK4	CDK4 INHIBITOR	Not Approved	""	0.2718947841608621
CDK4	AZD5438	Not Approved	""	0.03398684802010777
CDK4	TANUXICICLIB	Not Approved	""	0.1631368704965173
CDK4	CDK2 INHIBITOR IV	Not Approved	""	0.1019605440603233
CDK4	EBVACICLIB	Not Approved	""	0.2718947841608621
CDK4	BSJ-03-204	Not Approved	""	0.4078421762412932
CDK4	ULECACICLIB	Not Approved	""	0.4078421762412932
CDK4	PURVALANOL A	Not Approved	""	0.2718947841608621
CDK4	CDK4 INHIBITOR II	Not Approved	""	0.4078421762412932
CDK4	CIMPUCICLIB	Not Approved	""	0.4078421762412932
CDK4	CDK INHIBITOR 4.35	Not Approved	""	0.1165263360689409
CDK4	ANTINEOPLASTIC AGENT	Not Approved	""	0.1165263360689409
CDK4	PURVALANOL B	Not Approved	""	0.2039210881206466
CDK4	CHEMBL:CHEMBL1956069	Not Approved	""	1.631368704965172
CDK4	UCN-01	Not Approved	""	0.04078421762412932
CDK4	TRILACICLIB DIHYDROCHLORIDE	Approved	""	0.4078421762412932
CDK4	CAMPTOTHECIN	Approved	antineoplastic agent	0.04661053442757637
CDK4	AG-24322	Not Approved	""	0.2718947841608621
CDK4	TIBREMCICLIB	Not Approved	""	0.4078421762412932
CDK4	TRILACICLIB	Not Approved	""	0.4078421762412932
CDK4	AT-7519	Not Approved	""	0.135947392080431
CDK4	NICOTINE POLACRILEX	Approved	Central Nervous System Stimulants	0.03546453706446028
CDK4	APREMILAST	Approved	antipsoriatic,DMARD,antiinflammatory agent	0.08156843524825864
CDK4	RGB-286638	Not Approved	""	0.128792266181461
CDK4	ASCORBIC ACID	Approved	""	0.0627449501909682
CDK4	DEXAMETHASONE	Approved	for treatment of Meniere's disease,glucocorticoid,antiinflammatory agent	0.01919257299959027
CDK4	DALPICICLIB	Not Approved	""	0.4078421762412932
CDK4	LEROCICLIB	Not Approved	""	0.5437895683217243
CDK4	PHA-767491	Not Approved	""	0.02471770765098746
CDK4	ALPELISIB	Approved	""	0.02265789868007184
CDK4	RIBOCICLIB SUCCINATE	Approved	""	0.8156843524825864
CDK4	BMS-387032	Not Approved	""	0.04798143249897567
CDK4	CLONIDINE HYDROCHLORIDE	Approved	antimucositic,for treatment of ADHD,for treatment of diabetic neuropathy	0.0627449501909682
CDK4	PROGESTIN	Approved	contraceptive	0.1483062459059248
CDK4	CROZBACICLIB	Not Approved	""	0.4078421762412932
CDK4	COMPOUND 9B [PMID: 18986805]	Not Approved	""	0.2039210881206466
ACP5	TRYPTOPHAN	Approved	""	0.2509798007638728
ACP5	NPS 2143	Not Approved	""	1.003919203055491
ACP5	SB-423562	Not Approved	""	2.007838406110982
ACP5	STREPTOZOCIN	Approved	""	0.08729732200482532
ACP5	CA2+	Not Approved	""	0.05019596015277455
ACP5	LENOGRASTIM	Approved	""	0.3650615283838149
ACP5	ATF936	Not Approved	""	2.007838406110982
ACP5	ANALGESIC AGENT	Not Approved	""	0.4015676812221964
ACP5	EVOCALCET	Not Approved	""	1.003919203055491
ACP5	ALTEPLASE	Approved	Thrombolytic agent	0.191222705343903
ACP5	(R)-2H [PMID:19625189]	Not Approved	""	2.007838406110982
ACP5	SPERMINE	Not Approved	""	0.2230931562345535
ACP5	UPACICALCET	Not Approved	""	2.007838406110982
ACP5	RONACALERET	Not Approved	""	2.007838406110982
ACP5	TECALCET	Not Approved	""	2.007838406110982
ACP5	CALINDOL	Not Approved	""	2.007838406110982
ACP5	ETELCALCETIDE	Approved	""	1.003919203055491
ACP5	CINACALCET	Approved	Calcimimetics	0.6692794687036606
ACP5	M-CSF	Not Approved	""	1.003919203055491
ACP5	AXT914	Not Approved	""	1.003919203055491
ACP5	ENCALERET	Not Approved	""	2.007838406110982
ACP5	COMPOUND 18C [PMID:19143533]	Not Approved	""	2.007838406110982
ACP5	AC265347	Not Approved	""	2.007838406110982
ACP5	CALHEX 231	Not Approved	""	2.007838406110982
ACP5	2-METHYL-3-PHENETHYL-3H-PYRIMIDIN-4-ONE	Not Approved	""	2.007838406110982
ACP5	COMPOUND (S)-3H [PMID: 15686947]	Not Approved	""	2.007838406110982
MYD88	ZANUBRUTINIB	Approved	""	4.350316546573794
MYD88	FENTANYL CITRATE	Approved	adjuvant to anesthesia,opioid,analgesic	1.160084412419678
MYD88	IBRUTINIB	Approved	antineoplastic agent	1.535405839967221
BGLAP	CELECOXIB	Approved	NSAID	0.04211682013625295
BGLAP	TAMOXIFEN	Approved	Hormonal,Antineoplastic Agents	0.0434127222942915
BGLAP	BDNF	Not Approved	""	0.4703044915214913
BGLAP	MITOMYCIN	Approved	""	0.1175761228803728
BGLAP	VITAMIN D	Approved	""	0.2170636114714575
BGLAP	EXEMESTANE	Approved	antineoplastic agent	0.1763641843205592
BGLAP	RJW100	Not Approved	""	0.7054567372822369
BGLAP	CLODRONIC ACID	Approved	antineoplastic agent	0.2565297226480861
BGLAP	DACTINOMYCIN	Approved	""	0.08062362711796993
BGLAP	PTHRP	Not Approved	""	0.3135363276809941
BGLAP	GLYCYRRHETINIC ACID	Approved	""	0.4703044915214913
BGLAP	THERAPEUTIC HORMONE	Not Approved	""	0.06413243066202154
BGLAP	COUMARIN	Approved	""	0.2351522457607456
BGLAP	PD-98059	Not Approved	""	0.07626559321970129
BGLAP	MELATONIN	Approved	Hypnotics and Sedatives	0.0973043775561706
BGLAP	ETIDRONIC ACID	Approved	""	0.2015590677949248
BGLAP	CALCITONIN	Approved	antiosteoporotic agent	0.4703044915214913
BGLAP	PARICALCITOL	Approved	for treatment of hyperparathyroidism	0.9406089830429826
BGLAP	ETIDRONATE DISODIUM	Approved	""	0.9406089830429826
BGLAP	WARFARIN	Approved	Anticoagulants	0.08550990754936205
BGLAP	METHIMAZOLE	Approved	Antithyroid Agents	0.1343727118632832
BGLAP	INFLIXIMAB	Approved	DMARD,antiinflammatory agent	0.09102667577835315
BGLAP	THERAPEUTIC GLUCOCORTICOID	Not Approved	""	0.08299491026849845
BGLAP	NONSTEROIDAL ANTIINFLAMMATORY DRUG	Not Approved	""	0.1659898205369969
BGLAP	CARBAMAZEPINE	Approved	for treatment of bipolar disorder	0.05758830508426423
BGLAP	GM-CSF	Not Approved	vaccine,antineoplastic agent	0.1763641843205592
BGLAP	PREDNISOLONE	Approved	corticosteroid,antiinflammatory agent	0.1007795338974624
BGLAP	THERAPEUTIC ANDROSTANOLONE	Not Approved	""	0.222775811773338
BGLAP	BIOCHANIN A	Not Approved	""	0.9406089830429826
BGLAP	PROPRANOLOL HYDROCHLORIDE	Approved	for treatment of cancer cachexia	0.1175761228803728
BGLAP	ATORVASTATIN CALCIUM TRIHYDRATE	Approved	anticholesterolaemic agent,antihypecholesterolemic agent	0.05130594452961723
BGLAP	DIHYDROTESTOSTERONE	Not Approved	""	0.5643653898257895
BGLAP	RESVERATROL	Approved	antineoplastic agent,antidiabetic,for treatment of herpes simplex virus 1	0.05758830508426423
BGLAP	RECOMBINANT COLONY STIMULATING FACTOR	Not Approved	""	1.410913474564473
BGLAP	GENISTEIN	Approved	""	0.0973043775561706
BGLAP	BECLOMETHASONE DIPROPIONATE	Approved	glucocorticoid,antiinflammatory agent	0.4232740423693421
BGLAP	ISOFLAVONE	Not Approved	""	0.9406089830429826
TNF	NERELIMOMAB	Not Approved	""	0.5613311672998444
TNF	CROMOLYN SODIUM	Approved	""	0.5613311672998444
TNF	PLACULUMAB	Not Approved	""	0.5613311672998444
TNF	METHYLENE BLUE	Not Approved	""	0.06237012969998271
TNF	ALTEPLASE	Approved	Thrombolytic agent	0.05346011117141375
TNF	CARBOPLATIN	Approved	""	0.01305421319301963
TNF	GENTAMICIN	Approved	""	0.04881140585216039
TNF	GOLIMUMAB	Approved	DMARD,antiinflammatory agent,Immunosuppressive Agents	2.245324669199378
TNF	BUPIVACAINE	Approved	neuralgia,analgesic,local anestethic,Local,Anesthetics	0.06603896085880523
TNF	PENTOXIFYLLINE	Approved	for treatment of amyotrophic lateral sclerosis (ALS)	0.01603803335142412
TNF	BENZO[E]PYRENE	Not Approved	""	0.1871103890999481
TNF	THALIDOMIDE	Approved	antineoplastic agent	0.04551333788917658
TNF	PYRAZINAMIDE	Approved	""	0.1295379616845794
TNF	GLIMEPIRIDE	Approved	antidiabetic	0.1403327918249611
TNF	OMEPRAZOLE	Approved	antiulcer agent,Proton pump inhibitor	0.03034222525945105
TNF	LENERCEPT	Not Approved	""	0.5613311672998444
TNF	ADALIMUMAB	Approved	DMARD,antiinflammatory agent	0.06804014149089023
TNF	PRAZOSIN HYDROCHLORIDE	Approved	""	0.1122662334599688
TNF	REMTOLUMAB	Not Approved	""	0.2806655836499222
TNF	MIDOSTAURIN	Approved	antineoplastic agent	0.03207606670284825
TNF	LENABASUM	Not Approved	""	0.1871103890999481
TNF	MAGNESIUM SULFATE ANHYDROUS	Approved	""	0.2806655836499222
TNF	PICIBANIL	Not Approved	""	0.2245324669199377
TNF	FLUOCINOLONE ACETONIDE	Approved	glucocorticoid,antiinflammatory agent	0.2245324669199377
TNF	MILTEFOSINE	Approved	""	0.1871103890999481
TNF	HOMIDIUM BROMIDE	Not Approved	""	0.01935624714827049
TNF	OZORALIZUMAB	Not Approved	DMARD,antiinflammatory agent	1.122662334599689
TNF	PEGSUNERCEPT	Not Approved	""	1.122662334599689
TNF	CERTOLIZUMAB PEGOL	Approved	DMARD,antiinflammatory agent	0.3207606670284825
TNF	THERAPEUTIC HORMONE	Not Approved	""	0.02551505305908383
TNF	NAFAMOSTAT	Not Approved	""	0.05103010611816767
TNF	FOLIC ACID	Approved	""	0.04677759727498704
TNF	ABBV-257	Not Approved	""	0.2806655836499222
TNF	RISPERIDONE	Approved	Antipsychotic Agents,antipsychotic agent	0.02513423137163482
TNF	COVA322	Not Approved	""	0.2806655836499222
TNF	HYDROXYCHLOROQUINE	Approved	antirheumatic agent	0.06237012969998271
TNF	CERTOLIZUMAB	Not Approved	""	0.5613311672998444
TNF	AN0128	Not Approved	""	0.5613311672998444
TNF	5,7-DIHYDROXY-4-METHYLCOUMARIN	Not Approved	""	0.1403327918249611
TNF	SORAFENIB	Approved	antineoplastic agent	0.009762281170432078
TNF	AFELIMOMAB	Not Approved	""	0.5613311672998444
TNF	PLACULUMAB	Not Approved	DMARD,antiinflammatory agent	1.122662334599689
TNF	INFLIXIMAB	Approved	DMARD,antiinflammatory agent	0.07242982803868961
TNF	DIDANOSINE	Approved	""	0.08019016675712064
TNF	ISIS 104838	Not Approved	DMARD,antiinflammatory agent	0.5613311672998444
TNF	SOBLIDOTIN	Not Approved	""	0.06603896085880523
TNF	SPIRONOLACTONE	Approved	antihypertensive agent	0.07016639591248056
TNF	MEROPENEM ANHYDROUS	Approved	""	1.122662334599689
TNF	ETHAMBUTOL HYDROCHLORIDE	Approved	""	0.4209983754748833
TNF	MYCOPHENOLATE MOFETIL	Approved	immunosuppressant	0.07016639591248056
TNF	MASOPROCOL	Approved	prostate cancer,antineoplastic agent	0.02388643265105721
TNF	DERSALAZINE	Not Approved	for treatment of ulcerative colitis,antiinflammatory agent	0.1403327918249611
TNF	AVX-470	Not Approved	for treatment of ulcerative colitis	1.122662334599689
TNF	AME-527	Not Approved	DMARD,antiinflammatory agent	0.5613311672998444
TNF	CYCLOSPORINE	Approved	immunosuppressant,opthalmological agent	0.01290416476551366
TNF	ONERCEPT	Not Approved	""	0.5613311672998444
TNF	CYT007-TNFQB	Not Approved	antipsoriatic,antiinflammatory vaccine	0.5613311672998444
TNF	PROPYLTHIOURACIL	Approved	Antithyroid Agents	0.05613311672998444
TNF	TIMOLOL MALEATE	Approved	""	0.3742207781998963
TNF	ABBV-3373	Not Approved	""	0.1871103890999481
TNF	METHIMAZOLE	Approved	Antithyroid Agents	0.05346011117141375
TNF	PF-04236921	Not Approved	for treatment of Chron's disease,antiinflammatory agent	0.2806655836499222
TNF	LACTULOSE	Approved	""	0.2806655836499222
TNF	HALOFUGINONE	Not Approved	antineoplastic agent	0.1871103890999481
TNF	PROTON PUMP INHIBITOR	Not Approved	""	0.2806655836499222
TNF	MITOMYCIN C ANALOG KW-2149	Not Approved	""	1.122662334599689
TNF	ATORVASTATIN CALCIUM TRIHYDRATE	Approved	anticholesterolaemic agent,antihypecholesterolemic agent	0.03061806367090061
TNF	DIGOXIN	Approved	Anti-Arrhythmia Agents; Cardiotonic Agents	0.0165097402147013
TNF	PROCARBAZINE HYDROCHLORIDE	Approved	""	0.5613311672998444
TNF	LAPACHONE	Not Approved	""	0.0431793205615265
TNF	ORTATAXEL	Not Approved	antineoplastic agent	0.1871103890999481
TNF	IMMUNOSTIMULANT	Not Approved	""	1.122662334599689
TNF	RABEPRAZOLE	Approved	Proton pump inhibitor	0.0431793205615265
TNF	RIFAMPIN	Approved	""	0.06014262506784048
TNF	PNEUMOCOCCAL POLYVALENT VACCINE	Not Approved	""	1.122662334599689
TNF	CEFOTAXIME SODIUM	Approved	""	0.1122662334599689
TNF	ETANERCEPT	Approved	DMARD,antiinflammatory agent	0.086358641123053
TNF	AZ9773	Not Approved	""	0.5613311672998444
TNF	TETRANDRINE	Not Approved	""	0.3742207781998963
TNF	REMTOLUMAB	Not Approved	""	0.2806655836499222
TNF	CELASTROL	Not Approved	""	0.1122662334599688
TNF	LENALIDOMIDE	Approved	antineoplastic agent	0.086358641123053
TNF	HUANG LIAN	Not Approved	""	1.122662334599689
TNF	ANESTHETIC AGENT	Not Approved	""	0.1122662334599688
TNF	STAVUDINE	Approved	""	0.086358641123053
TNF	CARBAMAZEPINE	Approved	for treatment of bipolar disorder	0.04582295243264036
TNF	AMPHOTERICIN B LIPOSOMAL	Approved	""	0.0431793205615265
TNF	INSULIN, REGULAR, HUMAN	Approved	for treatment of diabetic foot ulcers,antidiabetic	0.03177346229999119
TNF	BACILLUS CALMETTE-GUERIN ANTIGEN	Not Approved	""	0.09355519454997407
TNF	RUTIN	Approved	""	0.1122662334599688
TNF	VITAMIN B6	Approved	""	0.1871103890999481
TNF	MIDAZOLAM HYDROCHLORIDE	Approved	Anesthesia; Hypnotics and Sedatives,Adjuvants	0.03118506484999135
TNF	GEMCITABINE	Approved	antineoplastic agent	0.01220285146304009
DDC	VITAMIN B6	Approved	""	1.740126618629517
DDC	PROSAVIN	Not Approved	""	3.480253237259035
DDC	BENSERAZIDE	Approved	""	2.983074203364888
DDC	CARBIDOPA ANHYDROUS	Approved	antiparkinson agent	5.220379855888553
DDC	SIROLIMUS	Approved	for treatment of wet age-related macular degeneration,immunosuppressant	0.3600261969578312
TET2	HYDROCHLOROTHIAZIDE	Approved	antihypertensive agent	0.1891441976771215
TET2	RITUXIMAB	Approved	antineoplastic agent	0.483368505174866
TET2	SELINEXOR	Approved	""	1.740126618629517
TET2	OLAPARIB	Approved	""	0.1891441976771215
TET2	TALAZOPARIB	Approved	""	0.3107368961838425
TET2	DASATINIB ANHYDROUS	Approved	antineoplastic agent	0.1144820143835209
TET2	DOXORUBICIN HYDROCHLORIDE	Approved	antineoplastic agent	0.05878806144018641
TET2	AZACITIDINE	Approved	antineoplastic agent	0.2175158273286897
TET2	VEMURAFENIB	Approved	antineoplastic agent	0.2351522457607456
TET2	ELTANEXOR	Not Approved	""	4.350316546573794
TET2	HYDROXYUREA	Approved	Antineoplastic Agents	0.4143158615784565
TET2	QUIZARTINIB	Approved	antineoplastic agent	0.4579280575340836
TNKS	2X-121	Not Approved	""	13.05094963972138
TNKS	PAMIPARIB	Not Approved	""	3.728842754206109
VAV1	PHORBOL 12-MYRISTATE 13-ACETATE	Not Approved	""	2.320168824839357
VAV1	EPOETIN ALFA	Approved	for treatment of anemia,Antianemic Agents,for treatment of stroke,erythropoietic agent	1.023603893311481
VAV1	TETRADECANOYLPHORBOL ACETATE	Not Approved	""	0.756576790708486
CXCL13	RITUXIMAB	Approved	antineoplastic agent	2.900211031049196
BAX	RECOMBINANT INHIBIN	Not Approved	""	0.6960506474518071
BAX	MITOXANTRONE	Approved	antineoplastic agent	0.04745799868989594
BAX	NEUROPROTECTIVE AGENT	Not Approved	""	0.6960506474518071
BAX	CETUXIMAB	Approved	antineoplastic agent	0.0376243593217193
BAX	PRASTERONE	Approved	hormone supplement for increasing bone mineral density in patients with systemic lupus erythematosus	0.07733896082797856
BAX	HYPERBARIC OXYGEN	Not Approved	""	0.2784202589807228
BAX	RECOMBINANT INTERLEUKIN-1	Not Approved	antineoplastic agent	0.07733896082797856
BAX	SIROLIMUS	Approved	for treatment of wet age-related macular degeneration,immunosuppressant	0.02400174646385541
BAX	INTERFERON ALFA-2B	Approved	for treatment of hepatitis C,Antineoplastic Agents; Immunomodulatory Agents,for treatment of hepatitis B and C,for treatment of hepatitis	0.0994358067788296
BAX	ESTRAMUSTINE	Approved	""	0.1265546631730558
BAX	KERACYANIN	Not Approved	""	0.1988716135576592
BAX	M-CSF	Not Approved	""	0.3480253237259035
BAX	NAFOXIDINE	Not Approved	""	0.6960506474518071
BAX	BICALUTAMIDE	Approved	antineoplastic agent	0.1392101294903614
BAX	&MU;-CONOTOXIN GIIIA	Not Approved	""	0.6960506474518071
BAX	QUERCETIN	Approved	""	0.01762153537852676
BAX	THERAPEUTIC ANDROSTANOLONE	Not Approved	""	0.07326848920545338
BAX	COBALT	Not Approved	""	0.1265546631730558
BAX	MECHLORETHAMINE	Approved	""	0.1898319947595837
BAX	IL-4	Not Approved	""	0.1988716135576592
BAX	ATX-II	Not Approved	""	0.1160084412419678
BAX	ETOPOSIDE	Approved	Antineoplastic Agents	0.02400174646385541
BAX	VITAMIN A	Approved	""	0.05155930721865238
BAX	MELATONIN	Approved	Hypnotics and Sedatives	0.04800349292771083
BAX	TOPOISOMERASE-II-BETA INHIBITOR RACEMIC XK469	Not Approved	""	1.392101294903614
BAX	PHENYLEPHRINE	Approved	for treatment of incontinence	0.08700633093147589
BAX	ACELLULAR DERMAL MATRIX	Not Approved	""	0.3480253237259035
BAX	SODIUM CHLORIDE	Approved	""	0.0497179033894148
BAX	PREDNISOLONE	Approved	corticosteroid,antiinflammatory agent	0.0497179033894148
BAX	ATENOLOL	Approved	Anti-Arrhythmia Agents; Antihypertensive Agents	0.03866948041398928
BAX	BACILLUS CALMETTE-GUERIN ANTIGEN	Not Approved	""	0.1160084412419678
BAX	ANDROSTENEDIONE	Not Approved	""	0.1392101294903614
BAX	FLUOROURACIL	Approved	""	0.0120008732319277
BAX	C5A	Not Approved	""	0.1988716135576592
BAX	DACARBAZINE	Approved	Antineoplastic Agents	0.09280675299357428
BAX	FOSBRETABULIN DISODIUM	Not Approved	""	0.08188831146491848
BAX	DOCETAXEL ANHYDROUS	Approved	antineoplastic agent	0.01677230475787487
BAX	TNP-470	Not Approved	""	0.6960506474518071
BAX	PRAVASTATIN SODIUM	Approved	anticholesterolaemic agent,antihypecholesterolemic agent	0.05155930721865238
BAX	METHOTREXATE	Approved	DMARD	0.01265546631730558
BAX	ARGIPRESSIN	Approved	analgesic,Antidiuretic Agents	0.05354235749629286
BAX	NICOTINE POLACRILEX	Approved	Central Nervous System Stimulants	0.03026307162833944
BAX	PROTEIN PHOSPHATASE INHIBITOR	Not Approved	""	0.2784202589807228
BAX	RECOMBINANT FLT3 LIGAND	Not Approved	""	0.4640337649678714
BAX	ANTHRACYCLINE ANTINEOPLASTIC ANTIBIOTIC	Not Approved	""	0.1160084412419678
BAX	OXALIPLATIN	Approved	""	0.05495136690409004
BAX	SULFORAPHANE	Not Approved	""	0.1988716135576592
BAX	CARVEDILOL	Approved	cardiovascular agent,for treatment of congestive heart failure	0.0803135362444393
BAX	DOXORUBICIN HYDROCHLORIDE	Approved	antineoplastic agent	0.009406089830429825
BAX	ROFECOXIB	Approved	NSAID	0.1546779216559571
BAX	HUMAN CHORIONIC GONADOTROPIN	Approved	""	0.07326848920545338
BAX	LEUCOVORIN CALCIUM	Approved	adjuvant to chemotherapy	0.03866948041398928
BAX	PHENOBARBITAL	Approved	Anticonvulsants; Hypnotics and Sedatives	0.03663424460272669
BAX	CIPROFLOXACIN	Approved	""	0.1898319947595837
BAX	CISPLATIN	Approved	""	0.009470076836079009
BAX	LAPACHONE	Not Approved	""	0.05354235749629286
BAX	CAMPTOTHECIN	Approved	antineoplastic agent	0.03977432271153183
BAX	ERYTHROMYCIN	Approved	""	0.06052614325667888
BAX	FLUDARABINE	Approved	antineoplastic agent	0.04094415573245924
BAX	BC-III	Not Approved	""	0.1160084412419678
BAX	MEDROXYPROGESTERONE	Approved	""	0.1988716135576592
BAX	TESTOSTERONE	Approved	for treatment of female sexual dysfunction,hormone replacement	0.03569490499752856
BAX	AM-6120	Not Approved	""	0.1392101294903614
BAX	PROCARBAZINE	Approved	""	0.2784202589807228
BAX	CYCLOPHOSPHAMIDE ANHYDROUS	Approved	""	0.01718643573955079
BAX	TRETINOIN	Approved	for treatment of acne	0.01529781642751224
BAX	MEXILETINE	Approved	Anti-Arrhythmia Agents	0.1740126618629517
BAX	AFT-II	Not Approved	""	0.1160084412419678
BAX	NALTREXONE	Approved	for treatment of substance abuse,appetite suppressant,analgesic	0.08188831146491848
BAX	GNE-616	Not Approved	""	0.0994358067788296
BAX	TETRODOTOXIN	Not Approved	""	0.1740126618629517
BAX	VINORELBINE	Approved	antineoplastic agent	0.05354235749629286
BAX	LEVODOPA	Approved	antiparkinson agent	0.03866948041398928
BAX	PREGNANT MARE SERUM GONADOTROPIN	Not Approved	""	0.1265546631730558
BAX	VERAPAMIL	Approved	antihypertensive agent	0.03093558433119142
VIM	ALDESLEUKIN	Approved	antineoplastic agent	0.6960506474518071
VIM	DIMETHYL SULFOXIDE	Approved	""	1.305094963972138
VIM	GELDANAMYCIN	Not Approved	""	1.392101294903614
VIM	PRITUMUMAB	Not Approved	""	10.4407597117771
VIM	GANGLIOSIDE GM2	Not Approved	""	20.88151942355421
NTRK2	CYCLOSPORINE	Approved	immunosuppressant,opthalmological agent	0.02449157802434226
NTRK2	CLOZAPINE	Approved	Antipsychotic Agents	0.02196667307337914
NTRK2	DIETHYLDITHIOCARBAMATE	Not Approved	""	0.3043953268739681
NTRK2	CENEGERMIN	Approved	""	0.2663459110147221
NTRK2	LINIFANIB	Not Approved	antineoplastic agent	0.0133172955507361
NTRK2	DORAMAPIMOD	Not Approved	""	0.04632102800256037
NTRK2	AZD-6918	Not Approved	""	0.3551278813529628
NTRK2	ENTRECTINIB	Approved	""	0.1121456467430408
NTRK2	TAMATINIB	Not Approved	""	0.01315288449455417
NTRK2	PD-0166285	Not Approved	""	0.02048814700113247
NTRK2	SORAFENIB	Approved	antineoplastic agent	0.009264205600512073
NTRK2	LITHIUM	Approved	""	0.05073255447899468
NTRK2	REPOTRECTINIB	Approved	""	0.07609883171849204
NTRK2	CRIZOTINIB	Approved	antineoplastic agent	0.04261534576235553
NTRK2	DOXORUBICIN HYDROCHLORIDE	Approved	antineoplastic agent	0.01439707627106606
NTRK2	UTATRECTINIB	Not Approved	""	0.2663459110147221
NTRK2	GW-2580	Not Approved	""	0.133172955507361
NTRK2	CHEMBL:CHEMBL546797	Not Approved	""	0.03329323887684026
NTRK2	CORTICOTROPIN	Approved	Diagnostic Agents	0.2663459110147221
NTRK2	CISPLATIN	Approved	""	0.01449501556542705
NTRK2	ZM447439	Not Approved	""	0.05607282337152044
NTRK2	PLX-7486	Not Approved	""	0.2663459110147221
NTRK2	METHADONE HYDROCHLORIDE	Approved	Opioid; Antitussive Agents,Analgesics	0.06266962612111109
NTRK2	AST-487	Not Approved	""	0.02598496692826557
NTRK2	SB202190	Not Approved	""	0.0295939901127469
NTRK2	BMS-754807	Not Approved	antineoplastic agent	0.2367519209019752
NTRK2	PILOCARPINE HYDROCHLORIDE	Approved	for treatment of incontinence	0.1121456467430408
NTRK2	HESPERADIN	Not Approved	""	0.02663459110147221
NTRK2	LESTAURTINIB	Not Approved	antineoplastic agent	0.1775639406764814
NTRK2	TALETRECTINIB	Not Approved	""	0.1065383644058888
NTRK2	CEP-2563 DIHYDROCHLORIDE	Not Approved	""	0.06266962612111109
NTRK2	GAMBOGIC AMIDE	Not Approved	""	0.3551278813529628
NTRK2	LAUROGUADINE	Not Approved	""	0.03804941585924602
NTRK2	PF-562271	Not Approved	""	0.009864663370915634
NTRK2	CENISERTIB	Not Approved	antineoplastic agent	0.009028674949651597
NTRK2	JNJ-7706621	Not Approved	""	0.01937061171016161
NTRK2	ALTIRATINIB	Not Approved	""	0.1065383644058888
NTRK2	ALISERTIB	Not Approved	antineoplastic agent	0.02219549258456017
NTRK2	TOZASERTIB	Not Approved	antineoplastic agent	0.01459429649395737
NTRK2	DOVITINIB	Not Approved	antineoplastic agent	0.01054835291147414
NTRK2	RG-1530	Not Approved	""	0.01133386855381796
NTRK2	SP-600125	Not Approved	""	0.0119706027422347
NTRK2	MK-2461	Not Approved	""	0.04439098516912035
NTRK2	LAROTRECTINIB SULFATE	Approved	""	0.3551278813529628
NTRK2	GW441756X	Not Approved	""	0.01639051760090597
NTRK2	LAROTRECTINIB	Approved	""	1.33172955507361
NTRK2	ILORASERTIB	Not Approved	""	0.009184341759128347
NTRK2	SELITRECTINIB	Not Approved	""	0.3551278813529628
NTRK2	SNS-314	Not Approved	antineoplastic agent	0.02536627723949734
SIRT3	PANOBINOSTAT	Approved	antineoplastic agent	0.4078421762412932
SIRT3	CHEMBL:CHEMBL1501622	Not Approved	""	26.10189927944276
SIRT3	SURAMIN	Not Approved	""	0.6868920863011254
SIRT3	NIACINAMIDE	Approved	""	8.700633093147589
CXCR4	CXCR4 ANTAGONIST USL311	Not Approved	""	2.088151942355421
CXCR4	MSX-122	Not Approved	antineoplastic agent	6.264455827066264
CXCR4	PLERIXAFOR	Approved	antineoplastic agent	3.828278560984939
CXCR4	ULOCUPLUMAB	Not Approved	antineoplastic agent	6.264455827066264
CXCR4	CISPLATIN	Approved	""	0.01420511525411851
CXCR4	BALIXAFORTIDE	Not Approved	""	2.088151942355421
CXCR4	CHEMBL:CHEMBL1221944	Not Approved	""	1.392101294903614
CXCR4	BURIXAFOR	Not Approved	adjuvant to stem cell transplantation	6.264455827066264
CXCR4	ULOCUPLUMAB	Not Approved	""	1.04407597117771
CXCR4	CHEMBL:CHEMBL2062277	Not Approved	""	4.176303884710843
CXCR4	CHEMBL:CHEMBL2347633	Not Approved	""	4.176303884710843
CXCR4	BEVACIZUMAB	Approved	antineoplastic agent	0.104407597117771
CXCR4	CHEMBL:CHEMBL2347632	Not Approved	""	4.176303884710843
CXCR4	CTCE-9908	Not Approved	""	4.176303884710843
CXCR4	RECOMBINANT CHEMOKINE	Not Approved	""	0.3480253237259035
CXCR4	CHEMBL:CHEMBL2347631	Not Approved	""	4.176303884710843
CXCR4	LY-2624587	Not Approved	""	2.088151942355421
CXCR4	CHEMBL:CHEMBL1242210	Not Approved	""	4.176303884710843
CXCR4	CTCE-0214	Not Approved	""	2.088151942355421
CXCR4	PF-06747143	Not Approved	""	2.088151942355421
CXCR4	CHEMBL:CHEMBL2347630	Not Approved	""	4.176303884710843
CXCR4	MAVORIXAFOR	Approved	HIV,antiviral agent	5.220379855888554
CXCR4	RECOMBINANT RANTES	Not Approved	""	0.6960506474518071
CXCR4	GMI-1359	Not Approved	""	0.6960506474518071
CXCR4	MOTIXAFORTIDE	Approved	antineoplastic agent	3.132227913533132
MTOR	VISTUSERTIB	Not Approved	""	0.09190809605437593
MTOR	EVEROLIMUS	Approved	immunosuppressant	0.2054416264744873
MTOR	SIROLIMUS	Approved	for treatment of wet age-related macular degeneration,immunosuppressant	0.08873885136284572
MTOR	PYRROLIDINE DITHIOCARBAMATE	Not Approved	""	0.02827941417057721
MTOR	SU9516	Not Approved	""	0.02297702401359398
MTOR	THAPSIGARGIN	Not Approved	""	0.09190809605437593
MTOR	CGS 15943	Not Approved	""	0.03342112583795489
MTOR	RIDAFOROLIMUS	Not Approved	antineoplastic agent	0.7352647684350074
MTOR	PALOMID-529	Not Approved	""	0.3676323842175037
MTOR	PROPAFENONE	Approved	antiarrythmic agent	0.03342112583795489
MTOR	ZOTAROLIMUS	Not Approved	""	0.1225441280725012
MTOR	GEDATOLISIB	Not Approved	""	0.0816960853816675
MTOR	TEMSIROLIMUS	Approved	antineoplastic agent	0.196070604916002
MTOR	DS-3078A	Not Approved	""	0.7352647684350074
MTOR	MTOR INHIBITOR	Not Approved	""	0.06127206403625062
MTOR	SYK INHIBITOR III	Not Approved	""	0.04084804269083374
MTOR	CHEMBL:CHEMBL587620	Not Approved	""	0.07352647684350073
MTOR	PF-04691502	Not Approved	""	0.06127206403625062
MTOR	LY-294002	Not Approved	""	0.04595404802718796
MTOR	ISOPROTERENOL	Approved	Bronchodilator Agents; Cardiotonic Agents	0.01148851200679699
MTOR	ME-344	Not Approved	""	0.007208478121911837
MTOR	ALPELISIB	Approved	""	0.01021201067270843
MTOR	SAMOTOLISIB	Not Approved	""	0.0490176512290005
MTOR	PERPHENAZINE	Approved	Antipsychotic Agents	0.0141397070852886
MTOR	MIBEFRADIL	Not Approved	""	0.02162543436573551
MTOR	TG100-115	Not Approved	""	0.1838161921087518
MTOR	TAFA-93	Not Approved	immunosuppressant	0.3676323842175037
MTOR	SF1126	Not Approved	antineoplastic agent	0.06127206403625062
MTOR	SIROLIMUS ALBUMIN-BOUND NANOPARTICLES	Not Approved	""	0.1225441280725012
MTOR	GOSSYPOL	Not Approved	""	0.007659008004531328
MTOR	PHENETHYLISOTHIOCYANATE	Not Approved	""	0.09190809605437593
MTOR	CHEMBL:CHEMBL599088	Not Approved	""	0.1838161921087518
MTOR	CHEMBL:CHEMBL600334	Not Approved	""	0.1225441280725012
MTOR	CHEMBL:CHEMBL591618	Not Approved	""	0.07352647684350073
MTOR	CAFFEIC ACID PHENETHYL ESTER	Not Approved	""	0.02625945601553598
MTOR	DIPHENYLENEIODONIUM	Not Approved	""	0.04595404802718796
MTOR	CHEMBL:CHEMBL605077	Not Approved	""	0.1838161921087518
MTOR	VANOXERINE	Not Approved	""	0.01838161921087518
MTOR	WIN55212-2	Not Approved	""	0.01750630401035732
MTOR	SAPANISERTIB	Approved	antineoplastic agent	0.04795205011532658
MTOR	BERZOSERTIB	Not Approved	""	0.04084804269083374
MTOR	OSI-027	Not Approved	antineoplastic agent	0.1633921707633349
MTOR	RITANSERIN	Not Approved	""	0.01671056291897744
MTOR	CC-115	Not Approved	""	0.06127206403625062
MTOR	BW723C86	Not Approved	""	0.07352647684350073
MTOR	VS-5584	Not Approved	""	0.06684225167590978
MTOR	RAPALINK-1	Not Approved	""	0.1838161921087518
MTOR	CHEMBL:CHEMBL2348411	Not Approved	""	0.3676323842175037
MTOR	TYRPHOSTIN A9	Not Approved	""	0.01671056291897744
MTOR	DEQUALINIUM	Approved	""	0.02297702401359398
MTOR	PI3K/BET INHIBITOR LY294002	Not Approved	""	0.06127206403625062
MTOR	APITOLISIB	Not Approved	""	0.02827941417057721
MTOR	PI3K INHIBITOR BGT226	Not Approved	""	0.1838161921087518
MTOR	AZD-8055	Not Approved	""	0.5514485763262555
MTOR	METFORMIN HYDROCHLORIDE	Approved	""	0.01312972800776799
MTOR	DOXAZOSIN MESYLATE	Approved	Anticholesteremic Agents; Antihypertensive Agents; Vasodilator Agents	0.03063603201812531
MTOR	BIX-01294	Not Approved	""	0.04595404802718796
MTOR	GDC-0349	Not Approved	""	0.3676323842175037
MTOR	OMIPALISIB	Not Approved	""	0.01838161921087518
MTOR	CAMPTOTHECIN	Approved	antineoplastic agent	0.01050378240621439
MTOR	AMIODARONE HYDROCHLORIDE	Approved	antiarrhytmic agent	0.0141397070852886
MTOR	PWT-33579	Not Approved	""	0.1838161921087518
MTOR	CHEMBL:CHEMBL527620	Not Approved	""	0.1225441280725012
MTOR	3,4-DICHLOROISOCOUMARIN	Not Approved	""	0.02450882561450025
MTOR	INFIGRATINIB	Approved	""	0.01361601423027791
MTOR	CHEMBL:CHEMBL602127	Not Approved	""	0.05251891203107196
MTOR	CANTHARIDIC_ACID	Not Approved	""	0.09190809605437593
MTOR	IDARUBICIN	Approved	Antineoplastic Agents	0.007659008004531328
MTOR	L-741,626	Not Approved	""	0.03342112583795489
MTOR	SF-1126	Not Approved	""	0.04084804269083374
MTOR	PENTAMIDINE ISETHIONATE	Not Approved	""	0.06127206403625062
MTOR	XL765	Not Approved	antineoplastic agent	0.1225441280725012
MTOR	PERHEXILINE MALEATE	Approved	""	0.03342112583795489
MTOR	CHEMBL:CHEMBL303958	Not Approved	""	0.1838161921087518
MTOR	NICLOSAMIDE	Approved	""	0.01361601423027791
MTOR	CATECHOL	Not Approved	""	0.01671056291897744
MTOR	IDAZOXAN	Not Approved	""	0.03063603201812531
MTOR	VANDETANIB	Approved	antineoplastic agent	0.006338489383060408
MTOR	CANERTINIB	Not Approved	""	0.05251891203107196
MTOR	INDOXIMOD	Not Approved	""	0.1225441280725012
MTOR	PKI-179	Not Approved	""	0.1225441280725012
MTOR	FENRETINIDE	Approved	antineoplastic agent	0.01361601423027791
MTOR	CHEMBL:CHEMBL528807	Not Approved	""	0.1225441280725012
MTOR	CALCIMYCIN	Not Approved	""	0.01934907285355282
MTOR	NICARDIPINE	Approved	Anti-Arrhythmia Agents; Antihypertensive Agents	0.02297702401359398
MTOR	EMETINE	Not Approved	""	0.07352647684350073
MTOR	BISLEUCONOTHINE A	Not Approved	""	0.7352647684350074
MTOR	MTOR KINASE INHIBITOR AZD8055	Not Approved	""	0.1838161921087518
MTOR	CHEMBL:CHEMBL195350	Not Approved	""	0.1838161921087518
MTOR	GLASDEGIB	Approved	""	0.09190809605437593
MTOR	RG-7603	Not Approved	""	0.3676323842175037
MTOR	CHEMBL:CHEMBL601364	Not Approved	""	0.02827941417057721
MTOR	PI-103	Not Approved	""	0.01934907285355282
MTOR	IFENPRODIL	Not Approved	""	0.1838161921087518
MTOR	TRIFLUPERIDOL	Not Approved	""	0.1838161921087518
MTOR	BUTACLAMOL	Not Approved	""	0.1838161921087518
MTOR	TERFENADINE	Approved	Anti-Allergic Agents	0.02042402134541687
MTOR	LESTAURTINIB	Not Approved	antineoplastic agent	0.03063603201812531
MTOR	DISULFIRAM	Approved	Alcohol Deterrents	0.00854959033063962
MTOR	CHEMBL:CHEMBL597874	Not Approved	""	0.3676323842175037
MTOR	METFORMIN	Approved	antidiabetic	0.00896664351750009
MTOR	PIMOZIDE	Approved	Antidyskinetics; Antipsychotic Agents	0.01081271718286775
MTOR	AZD8055	Not Approved	""	0.03063603201812531
MTOR	MTORC1/2 KINASE INHIBITOR BI 860585	Not Approved	""	0.3676323842175037
MTOR	MAPROTILINE	Approved	Second-Generation,Antidepressive Agents	0.02827941417057721
MTOR	ROTENONE	Not Approved	""	0.05251891203107196
MTOR	CHEMBL:CHEMBL429095	Not Approved	""	0.007352647684350073
MTOR	PANULISIB	Not Approved	""	0.02297702401359398
MTOR	CHEMBL:CHEMBL528712	Not Approved	""	0.1225441280725012
MTOR	LOPERAMIDE	Approved	Antidiarrheals	0.03063603201812531
MTOR	MIFEPRISTONE	Approved	antidepressant,antipsychotic,for lowering intraocular pressure,opthalmological agent	0.01312972800776799
MTOR	CHEMBL:CHEMBL582278	Not Approved	""	0.3676323842175037
MTOR	YUANHUADINE	Not Approved	""	0.1470529536870014
MTOR	BGT-226	Not Approved	""	0.03342112583795489
MTOR	AMSACRINE	Approved	""	0.02450882561450025
MTOR	1,10-PHENANTHROLINE	Not Approved	""	0.01750630401035732
MTOR	VOXTALISIB	Not Approved	""	0.06893107204078194
MTOR	PWT-33587	Not Approved	""	0.04084804269083374
MTOR	N-OLEOYLDOPAMINE	Not Approved	""	0.02042402134541687
MTOR	ISTIRATUMAB	Not Approved	""	0.1225441280725012
MTOR	BIMIRALISIB	Not Approved	""	0.1225441280725012
MTOR	ZOLANTIDINE	Not Approved	""	0.1225441280725012
MTOR	PAZOPANIB	Approved	antineoplastic agent	0.006449690951184276
MTOR	SALIRASIB	Not Approved	""	0.03342112583795489
MTOR	PAROXETINE HYDROCHLORIDE, HEMIHYDRATE	Approved	antidepressant	0.01470529536870014
MTOR	EBASTINE	Approved	""	0.1225441280725012
MTOR	DACTOLISIB	Not Approved	""	0.05361305603171929
MTOR	GR 127935	Not Approved	""	0.01267697876612081
MTOR	CAPIVASERTIB	Approved	""	0.03676323842175037
MTOR	5-QUINOXALIN-6-YLMETHYLENE-THIAZOLIDINE-2,4-DIONE	Not Approved	""	0.07352647684350073
MTOR	QUINACRINE	Not Approved	""	0.03676323842175037
MTOR	PF-04691502	Not Approved	""	0.02162543436573551
MTOR	PIMECROLIMUS	Approved	antiinflammatory agent	0.1225441280725012
MTOR	DS-7423	Not Approved	""	0.0490176512290005
MTOR	ONATASERTIB	Not Approved	""	0.3676323842175037
MTOR	EPINEPHRINE	Approved	anestethic	0.009190809605437592
MTOR	PALOMID 529	Not Approved	for treatment of age-related macular degeneration	0.3676323842175037
MTOR	CHEMBL:CHEMBL578420	Not Approved	""	0.3676323842175037
MTOR	HALOPERIDOL DECANOATE	Approved	Antipsychotic Agents	0.004837268213388207
MTOR	TANESPIMYCIN	Not Approved	antineoplastic agent	0.02827941417057721
MTOR	(R,S)-INDATRALINE	Not Approved	""	0.03342112583795489
MTOR	SONOLISIB	Not Approved	""	0.02042402134541687
FN1	ONFEKAFUSP ALFA	Not Approved	""	4.015676812221964
FN1	COMPOUND 28 [PMID: 16460935]	Not Approved	""	4.015676812221964
FN1	L19TNFA	Not Approved	""	4.015676812221964
FN1	RADRETUMAB	Not Approved	""	4.015676812221964
FN1	DAROMUN	Not Approved	""	4.015676812221964
FN1	SUTIMLIMAB	Not Approved	""	4.015676812221964
FN1	MU-BC-1	Not Approved	""	4.015676812221964
FN1	L19IL2	Not Approved	""	8.031353624443929
FN1	AS-1409	Not Approved	""	4.015676812221964
FN1	DACARBAZINE	Approved	Antineoplastic Agents	0.2677117874814643
FN1	OCRIPLASMIN	Approved	""	0.211351411169577
FN1	L19SIP 131I	Not Approved	""	4.015676812221964
FN1	AS1409	Not Approved	antineoplastic agent	1.338558937407321
CDKN2A	RIBOCICLIB	Approved	antineoplastic agent	0.5178948269730707
CDKN2A	PACLITAXEL	Approved	for treatment of peripheral arterial disease (PAD),DMARD,antiinflammatory agent,antineoplastic agent	0.03389857049278282
CDKN2A	ULIXERTINIB	Not Approved	""	0.3728842754206109
CDKN2A	ALVOCIDIB	Not Approved	antineoplastic agent	0.1775639406764813
CDKN2A	PF-04691502	Not Approved	""	0.3107368961838424
CDKN2A	ILORASERTIB	Not Approved	""	0.0160725980784746
CDKN2A	VEMURAFENIB	Approved	antineoplastic agent	0.2015590677949248
CDKN2A	RONICICLIB	Not Approved	""	0.06658647775368053
CDKN2A	CETUXIMAB	Approved	antineoplastic agent	0.1007795338974624
CDKN2A	SAPANISERTIB	Approved	antineoplastic agent	0.1621235980089612
CDKN2A	TEMOZOLOMIDE	Approved	""	0.1775639406764813
CDKN2A	PF-00477736	Not Approved	""	0.9322106885515273
CDKN2A	HMN-214	Not Approved	""	1.864421377103054
CDKN2A	MILCICLIB	Not Approved	""	0.3389857049278281
CDKN2A	POLO-LIKE KINASE 1 INHIBITOR GSK461364	Not Approved	""	1.864421377103054
CDKN2A	COBIMETINIB	Approved	antineoplastic agent	0.1962548818003215
CDKN2A	GEMCITABINE	Approved	antineoplastic agent	0.04053089950224032
CDKN2A	PANITUMUMAB	Approved	antineoplastic agent	0.09322106885515273
CDKN2A	BUPARLISIB	Not Approved	""	0.1491537101682443
CDKN2A	(10R)-10-METHYL-3-(6-METHYLPYRIDIN-3-YL)-9,10,11,12-TETRAHYDRO-8H-[1,4]DIAZEPINO[5',6':4,5]THIENO[3,2-F]QUINOLIN-8-ONE	Not Approved	""	1.242947584735369
CDKN2A	SIROLIMUS	Approved	for treatment of wet age-related macular degeneration,immunosuppressant	0.06429039231389842
CDKN2A	CARBOPLATIN	Approved	""	0.04335863667681523
CDKN2A	PALBOCICLIB	Approved	""	1.02360389331148
CDKN2A	EVEROLIMUS	Approved	immunosuppressant	0.1096718457119443
CDKN2A	LETROZOLE	Approved	antineoplastic agent	0.1035789653946141
CDKN2A	TRAMETINIB DIMETHYL SULFOXIDE	Approved	antineoplastic agent	0.27767977956854
CDKN2A	DABRAFENIB	Approved	antineoplastic agent	0.2762105743856377
CDKN2A	ABEMACICLIB	Approved	""	0.7850195272012861
PTEN	BUPARLISIB	Not Approved	""	0.1244593872927072
PTEN	PP-242	Not Approved	""	0.17286026012876
PTEN	PANITUMUMAB	Approved	antineoplastic agent	0.05185807803862801
PTEN	PILARALISIB	Not Approved	""	0.06100950357485648
PTEN	GSK2636771	Not Approved	""	0.21607532516095
PTEN	GEFITINIB	Approved	antineoplastic agent	0.01032001553007522
PTEN	AZD6482	Not Approved	""	0.1536535645588978
PTEN	AFATINIB	Approved	antineoplastic agent	0.05762008670958668
PTEN	PEMBROLIZUMAB	Approved	""	0.05238189700871516
PTEN	ERLOTINIB	Approved	antineoplastic agent	0.01234716143776857
PTEN	ENZALUTAMIDE	Approved	antineoplastic agent	0.12964519509657
PTEN	M-2698	Not Approved	""	0.0768267822794489
PTEN	BIRINAPANT	Not Approved	""	0.08643013006438002
PTEN	VEMURAFENIB	Approved	antineoplastic agent	0.07475038275838272
PTEN	VENETOCLAX	Approved	""	0.0314291382052291
PTEN	TIRBANIBULIN	Approved	antineoplastic agent	0.138288208103008
PTEN	METFORMIN	Approved	antidiabetic	0.01686441562231805
PTEN	TRASTUZUMAB	Approved	antineoplastic agent	0.02560892742648297
PTEN	CISPLATIN	Approved	""	0.009407361095442724
PTEN	NVP-AEW541	Not Approved	""	0.17286026012876
PTEN	PF-04691502	Not Approved	""	0.08643013006438002
PTEN	LEUCOVORIN CALCIUM	Approved	adjuvant to chemotherapy	0.02881004335479334
PTEN	VORINOSTAT	Approved	antineoplastic agent	0.01852074215665286
PTEN	PI3K/BET INHIBITOR LY294002	Not Approved	""	0.17286026012876
PTEN	ACALISIB	Not Approved	""	0.0493886457510743
PTEN	ANTINEOPLASTIC AGENT	Not Approved	""	0.0493886457510743
PTEN	SORAFENIB	Approved	antineoplastic agent	0.009018796180630959
PTEN	MULTI-AGC KINASE INHIBITOR AT13148	Not Approved	""	0.3457205202575201
PTEN	RUCAPARIB	Approved	""	0.04321506503219001
PTEN	RISOVALISIB	Not Approved	""	0.3457205202575201
PTEN	NAVITOCLAX	Not Approved	""	0.04321506503219001
PTEN	TAS0612	Not Approved	""	0.06914410405150402
PTEN	FLUOROURACIL	Approved	""	0.01490174656282413
PTEN	GSK2334470	Not Approved	""	0.1152401734191733
PTEN	BORUSSERTIB	Not Approved	""	0.3457205202575201
PTEN	CAPIVASERTIB	Approved	""	0.311148468231768
PTEN	CX-5461	Not Approved	""	0.6914410405150402
PTEN	PLX-4720	Not Approved	""	0.0768267822794489
PTEN	2-METHOXYESTRADIOL	Not Approved	""	0.06914410405150402
PTEN	PACLITAXEL	Approved	for treatment of peripheral arterial disease (PAD),DMARD,antiinflammatory agent,antineoplastic agent	0.02828622438470619
PTEN	GSK690693	Not Approved	""	0.04321506503219001
PTEN	AZD8835	Not Approved	""	0.1152401734191733
PTEN	EVEROLIMUS	Approved	immunosuppressant	0.17286026012876
PTEN	UPROSERTIB	Not Approved	""	0.06914410405150402
PTEN	PKI-179	Not Approved	""	0.2304803468383467
PTEN	MS417	Not Approved	""	0.2304803468383467
PTEN	BEVACIZUMAB	Approved	antineoplastic agent	0.017286026012876
PTEN	NIVOLUMAB	Approved	antineoplastic agent	0.07978165852096618
PTEN	SIROLIMUS	Approved	for treatment of wet age-related macular degeneration,immunosuppressant	0.02384279450051862
PTEN	ERDAFITINIB	Approved	""	0.05318777234731078
PTEN	PALBOCICLIB	Approved	""	0.02711533492215843
PTEN	UMI-77	Not Approved	""	0.6914410405150402
PTEN	PAXALISIB	Not Approved	""	0.0628582764104582
PTEN	CC-115	Not Approved	""	0.1152401734191733
PTEN	SAR260301	Not Approved	""	0.12964519509657
PTEN	TRAMETINIB DIMETHYL SULFOXIDE	Approved	antineoplastic agent	0.02942302300064001
PTEN	BRAFV600/PI3K INHIBITOR ASN003	Not Approved	""	0.1152401734191733
PTEN	OSIMERTINIB	Approved	""	0.0493886457510743
PTEN	ONATASERTIB	Not Approved	""	0.2304803468383467
PTEN	CAPMATINIB	Approved	""	0.2304803468383467
PTEN	AKT INHIBITOR LY2780301	Not Approved	""	0.17286026012876
PTEN	AZD8055	Not Approved	""	0.05762008670958668
PTEN	ALPELISIB	Approved	""	0.1440502167739667
PTEN	CAPECITABINE	Approved	""	0.01355766746107921
PTEN	PICTILISIB	Not Approved	""	0.1571456910261454
PTEN	SONOLISIB	Not Approved	""	0.05762008670958668
PTEN	TEMOZOLOMIDE	Approved	""	0.04938864575107429
PTEN	OMIPALISIB	Not Approved	""	0.017286026012876
PTEN	ABIRATERONE ACETATE	Approved	antineoplastic agent	0.07408296862661146
PTEN	INFIGRATINIB	Approved	""	0.02560892742648297
PTEN	COBIMETINIB	Approved	antineoplastic agent	0.03639163371131791
PTEN	GEDATOLISIB	Not Approved	""	0.06402231856620742
PTEN	LETROZOLE	Approved	antineoplastic agent	0.03841339113972445
PTEN	PAN-AKT INHIBITOR ARQ751	Not Approved	""	0.2304803468383467
PTEN	AKT INHIBITOR MK2206	Not Approved	""	0.2469432287553715
PTEN	NIRAPARIB	Approved	antineoplastic agent	0.04067300238323766
PTEN	ZSTK474	Not Approved	""	0.0314291382052291
PTEN	IDELALISIB	Approved	antineoplastic agent	0.0768267822794489
PTEN	RIBOCICLIB	Approved	antineoplastic agent	0.05762008670958668
PTEN	OSI-027	Not Approved	antineoplastic agent	0.0768267822794489
PTEN	VISTUSERTIB	Not Approved	""	0.08643013006438002
PTEN	BINIMETINIB	Approved	antineoplastic agent,DMARD,antiinflammatory agent	0.06914410405150402
PTEN	DABRAFENIB	Approved	antineoplastic agent	0.06402231856620742
PTEN	VELIPARIB	Not Approved	""	0.0314291382052291
PTEN	MIRDAMETINIB	Not Approved	""	0.04609606936766935
PTEN	VANDETANIB	Approved	antineoplastic agent	0.01788209587538896
PTEN	PI3K INHIBITOR BGT226	Not Approved	""	0.17286026012876
PTEN	OXALIPLATIN	Approved	""	0.03639163371131791
PTEN	ENCORAFENIB	Approved	""	0.1536535645588978
PTEN	BAY1125976	Not Approved	""	0.138288208103008
PTEN	CHEMBL:CHEMBL589258	Not Approved	""	0.3457205202575201
PTEN	SAPANISERTIB	Approved	antineoplastic agent	0.06012530787087306
PTEN	ABT-737	Not Approved	""	0.17286026012876
PTEN	DOCETAXEL ANHYDROUS	Approved	antineoplastic agent	0.00833061494596434
PTEN	PROGESTERONE	Approved	for reducing the risk of pre-term birth for women with short cervix a mid-pregnancy,for prevention of preterm delivery,for symptomatic treatment of menopausal symptoms,neuroprotectant for stroke victims	0.01171933966974644
PTEN	VS-5584	Not Approved	""	0.0628582764104582
PTEN	TAS-117	Not Approved	""	0.17286026012876
PTEN	SAMOTOLISIB	Not Approved	""	0.0921921387353387
PTEN	XL765	Not Approved	antineoplastic agent	0.03841339113972445
PTEN	IZORLISIB	Not Approved	""	0.1152401734191733
PTEN	DS-7423	Not Approved	""	0.02304803468383467
PTEN	TOPOTECAN HYDROCHLORIDE	Approved	antineoplastic agent	0.02881004335479334
PTEN	IPILIMUMAB	Approved	antineoplastic agent	0.04609606936766935
PTEN	IMATINIB	Approved	antineoplastic agent	0.009603347784931113
PTEN	OLAPARIB	Approved	""	0.0225469904515774
PTEN	ATEZOLIZUMAB	Approved	""	0.01920669556986222
PTEN	GDC-0152	Not Approved	""	0.3457205202575201
PTEN	APITOLISIB	Not Approved	""	0.02659388617365539
PTEN	MEK INHIBITOR CI-1040	Not Approved	""	0.3457205202575201
PTEN	TALAZOPARIB	Approved	""	0.0493886457510743
PTEN	PEMETREXED DISODIUM	Approved	Antineoplastic Agents,antineoplastic agent	0.02659388617365539
PTEN	PANULISIB	Not Approved	""	0.04321506503219001
PTEN	FIMEPINOSTAT	Not Approved	""	0.02659388617365539
PTEN	CARBOPLATIN	Approved	""	0.02412003629703629
PTEN	U0126	Not Approved	""	0.1152401734191733
PTEN	TGX-221	Not Approved	""	0.17286026012876
PTEN	MIRANSERTIB	Not Approved	""	0.17286026012876
PTEN	TASELISIB	Not Approved	""	0.1152401734191733
PTEN	PI3KBETA INHIBITOR AZD8186	Not Approved	""	0.17286026012876
PTEN	CHEMBL:CHEMBL263664	Not Approved	""	0.3457205202575201
PTEN	NERATINIB	Approved	antineoplastic agent	0.04609606936766935
PTEN	RIGOSERTIB SODIUM	Not Approved	""	0.1152401734191733
PTEN	SF1126	Not Approved	antineoplastic agent	0.05762008670958668
PTEN	REGORAFENIB	Approved	antineoplastic agent	0.02095275880348606
PTEN	SELUMETINIB	Approved	""	0.0314291382052291
PTEN	BLZ945	Not Approved	""	0.3457205202575201
PTEN	FULVESTRANT	Approved	antineoplastic agent	0.0414864624309024
PTEN	KU-55933	Not Approved	""	0.2304803468383467
PTEN	AZD8186	Not Approved	""	0.3457205202575201
PTEN	RMC-5552	Not Approved	""	0.3457205202575201
PTEN	MTOR INHIBITOR	Not Approved	""	0.05762008670958668
PTEN	GEMCITABINE	Approved	antineoplastic agent	0.007515663483859133
PTEN	GSK2256098	Not Approved	""	0.6914410405150402
PTEN	ONC201	Not Approved	""	0.17286026012876
PTEN	GDC-0879	Not Approved	""	0.138288208103008
PTEN	SUNITINIB	Approved	antineoplastic agent	0.01440502167739667
PTEN	E6201	Not Approved	""	0.0987772915021486
PTEN	CETUXIMAB	Approved	antineoplastic agent	0.05606278706878705
PTEN	TEMSIROLIMUS	Approved	antineoplastic agent	0.1843842774706774
PTEN	VOXTALISIB	Not Approved	""	0.04321506503219001
PTEN	COMMENSAL BACTERIAL STRAIN FORMULATION VE800	Not Approved	""	0.3457205202575201
PTEN	KU-60019	Not Approved	""	0.17286026012876
PTEN	ONVANSERTIB	Not Approved	""	0.1152401734191733
PTEN	EPIDERMAL GROWTH FACTOR RECEPTOR TYROSINE KINASE INHIBITOR	Not Approved	""	0.03841339113972445
PTEN	LAPATINIB	Approved	antineoplastic agent	0.01115227484701677
PTEN	CX-6258	Not Approved	""	0.17286026012876
PTEN	COPANLISIB	Approved	""	0.04714370730784365
PTEN	DACTOLISIB	Not Approved	""	0.04321506503219001
PTEN	IPATASERTIB	Not Approved	antineoplastic agent	0.4085787966679783
PTEN	AZD5991	Not Approved	""	0.25929039019314
PTEN	GANITUMAB	Not Approved	antineoplastic agent	0.1152401734191733
GJA8	(R)-PFI-2	Not Approved	""	52.20379855888553
ESR1	ESTRIOL	Approved	Hormone Replacement Agents	0.2416842525874329
ESR1	ERIBULIN MESYLATE	Approved	""	0.02014035438228608
ESR1	DIETHYLSTILBESTROL DIPHOSPHATE	Approved	""	0.08056141752914434
ESR1	EVEROLIMUS	Approved	immunosuppressant	0.02132508111065585
ESR1	FULVESTRANT	Approved	antineoplastic agent	0.1933474020699463
ESR1	ESTROGENS, ESTERIFIED (USP)	Approved	""	0.2416842525874329
ESR1	LETROZOLE	Approved	antineoplastic agent	0.05370761168609622
ESR1	SYNTHETIC CONJUGATED ESTROGENS, B	Approved	""	0.1208421262937164
ESR1	SELECTIVE ESTROGEN RECEPTOR MODULATOR CC-8490	Not Approved	""	0.2416842525874329
ESR1	CHEMBL:CHEMBL1091137	Not Approved	""	0.4833685051748659
ESR1	ALOE-EMODIN	Not Approved	""	0.06042106314685824
ESR1	ESTROGENS, CONJUGATED (USP)	Approved	Hormone Replacement Agents	0.1342690292152405
ESR1	BORIC ACID	Approved	""	0.2416842525874329
ESR1	ETONOGESTREL	Approved	contraceptive	0.09667370103497319
ESR1	FENRETINIDE	Approved	antineoplastic agent	0.00895126861434937
ESR1	LASOFOXIFENE TARTRATE	Approved	""	0.1208421262937164
ESR1	ESTRADIOL VALERATE	Approved	for treatment of menopausal symptoms,contraceptive,treatment for menopause,hormone replacement	0.06170661768189779
ESR1	GESTRINONE	Not Approved	""	0.1208421262937164
ESR1	AFIMOXIFENE	Not Approved	""	0.08631580449551178
ESR1	TESTOSTERONE	Approved	for treatment of female sexual dysfunction,hormone replacement	0.01239406423525297
ESR1	ESTRONE	Approved	Hormone Replacement Agents	0.1098564784488331
ESR1	ETHYLENEDIAMINE	Approved	""	0.2416842525874329
ESR1	DIETHYLSTILBESTROL	Approved	Hormone Replacement Agents	0.04394259137953327
ESR1	DROLOXIFENE	Not Approved	""	0.04028070876457217
ESR1	BAZEDOXIFENE ACETATE	Approved	""	0.08056141752914434
ESR1	DANAZOL	Approved	Antineoplastic Agent,Antiendometriosis Agent	0.06042106314685824
ESR1	MESTRANOL	Approved	Oral,Contraceptives	0.1074152233721924
ESR1	ESTRADIOL CYPIONATE	Approved	""	0.2416842525874329
ESR1	TAMOXIFEN	Approved	Hormonal,Antineoplastic Agents	0.05577328905863838
ESR1	PHENYLALANINE	Approved	""	0.06042106314685824
ESR1	PALBOCICLIB	Approved	""	0.01895562765391631
ESR1	POLYESTRADIOL PHOSPHATE	Approved	""	0.08056141752914434
ESR1	GW7647	Not Approved	""	0.008056141752914433
ESR1	ALPELISIB	Approved	""	0.01342690292152405
ESR1	ETHYNODIOL DIACETATE	Approved	Synthetic,Oral,Contraceptives	0.1208421262937164
ESR1	QUINESTROL	Approved	Hormone Replacement Agents	0.1933474020699463
ESR1	OCHRATOXIN A	Not Approved	""	0.02685380584304811
ESR1	SELECTIVE ESTROGEN RECEPTOR DEGRADER AZD9496	Not Approved	""	0.4833685051748659
ESR1	TRIPHENYLSTANNANOL	Not Approved	""	0.04833685051748659
ESR1	ELACESTRANT	Approved	for treatment of postmenopausal symptoms	0.6042106314685826
ESR1	RALOXIFEN	Approved	for treatment of menopausal symptoms	0.1208421262937164
ESR1	ENCLOMIPHENE	Not Approved	""	0.04833685051748659
ESR1	PROPACHLOR	Not Approved	""	0.03452632179820471
ESR1	LASOFOXIFENE	Approved	hormone replacement therapy,antiosteoporotic agent	0.2416842525874329
ESR1	4-TRIETHYLGERMYLPHENOL	Not Approved	""	0.4833685051748659
ESR1	GOSERELIN ACETATE	Approved	Hormonal,Antineoplastic Agents	0.05370761168609622
ESR1	GTX-758	Not Approved	antineoplastic agent	0.2416842525874329
ESR1	HYDRAMETHYLNON	Not Approved	""	0.06042106314685824
ESR1	MEGESTROL	Approved	Hormonal; Contraceptives,Antineoplastic Agents	0.2416842525874329
ESR1	ICARITIN	Not Approved	""	0.2416842525874329
ESR1	PYROGALLOL	Approved	""	0.01611228350582886
ESR1	13-CIS-RETINAL	Not Approved	""	0.06042106314685824
ESR1	CLOMIPHENE	Approved	for treatment of testosterone deficiency	0.1812631894405747
ESR1	PHENAZOPYRIDINE HYDROCHLORIDE	Approved	""	0.01510526578671456
ESR1	ESTROPIPATE	Approved	""	0.1611228350582886
ESR1	TOREMIFENE	Approved	SERM,antineoplastic agent	0.1115465781172767
ESR1	ARZOXIFENE	Not Approved	antiosteoporotic agent,antineoplastic agent	0.3625263788811494
ESR1	TRASTUZUMAB	Approved	antineoplastic agent	0.01790253722869874
ESR1	DESOGESTREL	Approved	Oral,Contraceptives	0.1208421262937164
ESR1	ALL-TRANS-RETINAL	Not Approved	""	0.03452632179820471
ESR1	IDOXIFENE	Not Approved	""	0.06042106314685824
ESR1	OLAPARIB	Approved	""	0.0105080109820623
ESR1	SYNTHETIC CONJUGATED ESTROGENS, A	Not Approved	""	0.06042106314685824
ESR1	DIENESTROL	Approved	Hormone Replacement Agents	0.1726316089910235
ESR1	ORTHOTOLIDINE	Not Approved	""	0.06042106314685824
ESR1	PERTUZUMAB	Approved	antineoplastic agent	0.06042106314685824
ESR1	ABEMACICLIB	Approved	""	0.03816067146117363
ESR1	ANASTROZOLE	Approved	antineoplastic agent	0.05577328905863839
ESR1	CHEMBL:CHEMBL1523215	Not Approved	""	0.06042106314685824
ESR1	ENDOSULFAN	Not Approved	""	0.04833685051748659
ESR1	CHEMBL:CHEMBL2313444	Not Approved	""	0.4833685051748659
ESR1	PROTOAPIGENONE	Not Approved	""	0.03452632179820471
ESR1	ACETOCHLOR	Not Approved	""	0.04833685051748659
ESR1	LEFLUNOMIDE	Approved	Antirheumatic Agents	0.04028070876457217
ESR1	PROMESTRIENE	Not Approved	""	0.2416842525874329
ESR1	PROPYLPARABEN	Approved	""	0.04833685051748659
ESR1	MITOTANE	Approved	""	0.02685380584304811
ESR1	NORGESTIMATE	Approved	Synthetic,Oral,Contraceptives	0.09667370103497319
ESR1	STANOLONE	Not Approved	""	0.04028070876457217
ESR1	OSPEMIFENE	Approved	for treatment of postmenopausal vaginal atrophy	0.1450105515524598
ESR1	CHEMBL:CHEMBL384441	Not Approved	""	0.2416842525874329
ESR1	ZEARALENONE	Not Approved	""	0.01859109635287946
ESR1	RIBOCICLIB	Approved	antineoplastic agent	0.02685380584304811
ESR1	METHAMPHETAMINE	Approved	neuroprotectant	0.02014035438228608
ESR1	BENZETHONIUM CHLORIDE	Approved	""	0.01510526578671456
ESR1	CHEMBL:CHEMBL2071180	Not Approved	""	0.4833685051748659
ESR1	BITHIONOL	Approved	""	0.01007017719114304
ESR1	IXABEPILONE	Approved	antineoplastic agent	0.02197129568976663
ESR1	TRIADIMEFON	Not Approved	""	0.1208421262937164
ESR1	TAMOXIFEN CITRATE	Approved	""	0.02544044764078241
ESR1	KAEMPHEROL	Not Approved	""	0.01342690292152405
ESR1	METHYLISOTHIOCYANATE	Not Approved	""	0.2416842525874329
ESR1	COUMESTROL	Not Approved	""	0.02416842525874329
ESR1	PHENYLMERCURIC ACETATE	Not Approved	""	0.01208421262937164
ESR1	FAM-TRASTUZUMAB DERUXTECAN-NXKI	Approved	""	0.06042106314685824
ESR1	FISPEMIFENE	Not Approved	hormone replacement	0.2416842525874329
ESR1	GOSSYPOL	Not Approved	""	0.005035088595571521
ESR1	LEVONORGESTREL	Approved	for treatment of menopausal symptoms,contraceptive	0.06905264359640943
ESR1	ALLYLESTRENOL	Approved	""	0.08056141752914434
ESR1	ICI-164384	Not Approved	""	0.2416842525874329
ESR1	4-NONYLPHENOL	Not Approved	""	0.04833685051748659
ESR1	HORMONE THERAPY AGENT	Not Approved	""	0.2416842525874329
ESR1	CETRIMONIUM BROMIDE	Approved	""	0.04833685051748659
ESR1	NERATINIB	Approved	antineoplastic agent	0.03222456701165773
ESR1	MK-6913	Not Approved	for treatment of menopausal symptoms	0.2416842525874329
ESR1	PYRITHIONE ZINC	Approved	""	0.01342690292152405
ESR1	LAPATINIB	Approved	antineoplastic agent	0.01559253242499567
ESR1	GUTHION	Not Approved	""	0.02014035438228608
ESR1	COMPOUND 17D [PMID: 23099093]	Not Approved	""	0.06042106314685824
ESR1	MONOETHANOLAMINE	Not Approved	""	0.2416842525874329
ESR1	CAMIZESTRANT	Not Approved	""	0.1208421262937164
ESR1	PUERARIN	Not Approved	""	0.1611228350582886
ESR1	PENTABROMOPHENOL	Not Approved	""	0.01859109635287946
ESR1	GIREDESTRANT	Not Approved	""	0.2416842525874329
ESR1	ALFADEX	Not Approved	""	0.2416842525874329
ESR1	METHIOCARB	Not Approved	""	0.1208421262937164
ESR1	FOSFESTROL	Not Approved	""	0.2416842525874329
ESR1	ELACESTRANT HYDROCHLORIDE	Approved	""	0.2416842525874329
ESR1	CAPIVASERTIB	Approved	""	0.02416842525874329
ESR1	N-PROPYL BROMIDE	Not Approved	""	0.2416842525874329
ESR1	SIVIFENE	Not Approved	antineoplastic agent	0.1208421262937164
ESR1	SACITUZUMAB GOVITECAN	Approved	""	0.02685380584304811
ESR1	TESTOSTERONE PROPIONATE	Approved	""	0.03021053157342912
ESR1	ACRYLAMIDE	Approved	""	0.2416842525874329
ESR1	HEXACHLOROPHENE	Approved	""	0.00589473786798617
ESR1	ARSANILIC ACID	Not Approved	""	0.1208421262937164
ESR1	CHEMBL:CHEMBL503990	Not Approved	""	0.1208421262937164
ESR1	ALACHLOR	Not Approved	""	0.08056141752914434
ESR1	ACOLBIFENE	Not Approved	""	0.2416842525874329
ESR1	CISPLATIN	Approved	""	0.003288221123638544
ESR1	DICHLOROPHEN	Not Approved	""	0.01342690292152405
ESR1	CHF4227	Not Approved	""	0.1208421262937164
ESR1	CHEMBL:CHEMBL259327	Not Approved	""	0.08056141752914434
ESR1	NORELGESTROMIN	Approved	contraceptive	0.08056141752914434
ESR1	RESVERATROL	Approved	antineoplastic agent,antidiabetic,for treatment of herpes simplex virus 1	0.004932331685457816
ESR1	IODINE	Approved	for treatment of fibrocystic breast disease (FBD)	0.2416842525874329
ESR1	PCC0208017	Not Approved	""	0.1208421262937164
ESR1	SELECTIVE ESTROGEN RECEPTOR COVALENT ANTAGONIST H3B-6545	Not Approved	""	0.2416842525874329
ESR1	PHENOLPHTHALEIN	Approved	""	0.03021053157342912
ESR1	CHOLECALCIFEROL	Approved	""	0.02014035438228608
ESR1	KEPONE	Not Approved	""	0.02014035438228608
ESR1	CYCLOFENIL	Approved	""	0.1208421262937164
ESR1	MEDROXYPROGESTERONE	Approved	""	0.06905264359640943
ESR1	DIETHYLSTILBESTROL DIPROPIONATE	Not Approved	""	0.1208421262937164
ESR1	CADMIUM DICHLORIDE	Not Approved	""	0.02197129568976663
ESR1	GLYCITEIN	Not Approved	""	0.4833685051748659
ESR1	AMI-1	Not Approved	""	0.1611228350582886
ESR1	SELECTIVE ESTROGEN RECEPTOR MODULATOR TAS-108	Not Approved	""	0.2416842525874329
ESR1	VITAMIN A	Approved	""	0.00895126861434937
ESR1	CHF 4227	Not Approved	antiosteoporotic agent	0.1208421262937164
ESR1	APIGENIN	Approved	""	0.009295548176439732
ESR1	CAMPHOR OIL	Approved	""	0.08056141752914434
ESR1	LY2245461	Not Approved	""	0.1208421262937164
ESR1	TRIS(2,3-DIBROMOPROPYL)PHOSPHATE	Not Approved	""	0.08056141752914434
ESR1	MASOPROCOL	Approved	prostate cancer,antineoplastic agent	0.005142218140158149
ESR1	PALMITATE	Approved	""	0.1208421262937164
ESR1	CHEMBL:CHEMBL1432305	Not Approved	""	0.2416842525874329
ESR1	CHEMBL:CHEMBL354663	Not Approved	""	0.2416842525874329
ESR1	CHLORANIL	Not Approved	""	0.01611228350582886
ESR1	COMPOUND 14 [PMID: 34333981]	Not Approved	""	0.1208421262937164
ESR1	AMCENESTRANT	Not Approved	""	0.2416842525874329
ESR1	CUMENE HYDROPEROXIDE	Not Approved	""	0.08056141752914434
ESR1	BRILANESTRANT	Not Approved	""	0.7250527577622989
ESR1	DAUNORUBICIN HYDROCHLORIDE	Approved	""	0.007323765229922212
ESR1	DIENOGEST	Approved	contraceptive	0.1208421262937164
ESR1	CAPTAN	Not Approved	""	0.01859109635287946
ESR1	DOXORUBICIN HYDROCHLORIDE	Approved	antineoplastic agent	0.001633001706671844
ESR1	METHOXSALEN	Approved	""	0.02685380584304811
ESR1	PCC0105003	Not Approved	""	0.06042106314685824
ESR1	HYDROXYPROGESTERONE	Not Approved	""	0.08056141752914434
ESR1	CHLOROTRIANISENE	Approved	Hormone Replacement Agents	0.1933474020699463
ESR1	GENTIAN VIOLET CATION	Approved	""	0.0127202238203912
ESR1	4-METHYLBENZOIC ACID METHYL ESTER	Not Approved	""	0.2416842525874329
ESR1	GENISTEIN	Approved	""	0.008333939744394241
ESR1	OXYMETHOLONE	Approved	""	0.02685380584304811
ESR1	DOXYCYCLINE ANHYDROUS	Approved	""	0.02101602196412461
ESR1	METHYLTESTOSTERONE	Approved	for treatment of dysfunctional libido in women	0.04028070876457217
ESR1	MERCURIC CHLORIDE	Not Approved	""	0.01208421262937164
ESR1	GUGGULSTERONE	Not Approved	""	0.02685380584304811
ESR1	ENDOXIFEN	Not Approved	""	0.3222456701165773
ESR1	CHEMBL:CHEMBL85826	Not Approved	""	0.02685380584304811
ESR1	ZIRAM	Not Approved	""	0.01859109635287946
ESR1	ETHINYL ESTRADIOL	Approved	contraceptive	0.04833685051748659
ESR1	EXEMESTANE	Approved	antineoplastic agent	0.07552632893357282
ESR1	OXYTETRACYCLINE HYDROCHLORIDE	Approved	""	0.02685380584304811
ESR1	SULFENTRAZONE	Not Approved	""	0.2416842525874329
ESR1	TAS-108	Not Approved	antineoplastic agent	0.1208421262937164
ESR1	GLYBURIDE	Approved	Hypoglycemic Agents,antidiabetic	0.01666787948878848
ESR1	1-HYDROXY-6-(4-HYDROXY-PHENYL)-1-PHENYL-HEXAN-3-ONE (ENANTIOMERIC MIX)	Not Approved	""	0.4833685051748659
ESR1	DACTINOMYCIN	Approved	""	0.006905264359640943
ESR1	ZERANOL	Not Approved	""	0.03452632179820471
ESR1	NOMEGESTROL ACETATE	Not Approved	""	0.1208421262937164
ESR1	RALOXIFENE HYDROCHLORIDE	Approved	Hormone Replacement Agents	0.02900211031049195
ESR1	VINTAFOLIDE	Not Approved	""	0.1208421262937164
ESR1	CLOMIPHENE CITRATE	Approved	""	0.1208421262937164
ESR1	CHEMBL:CHEMBL329673	Not Approved	""	0.02197129568976663
ESR1	DOMIPHEN BROMIDE	Not Approved	""	0.03452632179820471
ESR1	CHEMBL:CHEMBL2313445	Not Approved	""	0.4833685051748659
ESR1	SR16234	Not Approved	""	0.2416842525874329
ESR1	CHEMBL:CHEMBL184450	Not Approved	""	0.01726316089910235
ESR1	PROPYLPYRAZOLETRIOL	Not Approved	""	0.02014035438228608
ESR1	ESTROGEN	Approved	for treatment of female sexual dysfunction,contraceptive,for symptomatic treatment of menopausal symptoms	0.2416842525874329
ESR1	ESTETROL	Approved	""	0.2416842525874329
ESR1	ETHINYLESTRADIOL/DROSPIRENONE/PRASTERONE	Not Approved	""	0.08056141752914434
ESR1	DOCETAXEL ANHYDROUS	Approved	antineoplastic agent	0.005823716929817663
ESR1	PROGESTERONE	Approved	for reducing the risk of pre-term birth for women with short cervix a mid-pregnancy,for prevention of preterm delivery,for symptomatic treatment of menopausal symptoms,neuroprotectant for stroke victims	0.008192686528387559
ESR1	BISPHENOL A	Not Approved	""	0.06042106314685824
ESR1	NORGESTREL	Approved	Synthetic,Oral,Contraceptives	0.08056141752914434
ESR1	BENZODODECINIUM CHLORIDE	Approved	""	0.1208421262937164
ESR1	TRIAMTERENE	Approved	Antihypertensive Agents; Diuretics	0.01342690292152405
ESR1	CATECHOL	Not Approved	""	0.01098564784488331
ESR1	DAIDZEIN	Not Approved	""	0.02544044764078241
ESR1	BAZEDOXIFENE	Approved	antiosteoporotic agent	0.09667370103497319
ESR1	ALFATRADIOL	Not Approved	""	0.1208421262937164
ESR1	TTC-352	Not Approved	""	0.2416842525874329
ESR1	ESTROGENS, CONJUGATED SYNTHETIC A	Approved	""	0.1208421262937164
MITF	METAPHIT METHANESULFONATE	Not Approved	""	0.2462443328249317
MITF	CHEMBL:CHEMBL1576310	Not Approved	""	0.08954339375452064
MITF	CHEMBL:CHEMBL1098875	Not Approved	""	0.1641628885499545
MITF	CHEMBL:CHEMBL601140	Not Approved	""	0.2462443328249317
MITF	CHEMBL:CHEMBL1343568	Not Approved	""	0.1407110473285324
MITF	NIFUROXAZIDE	Not Approved	""	0.1641628885499545
MITF	CHEMBL:CHEMBL609606	Not Approved	""	0.09849773312997269
MITF	CHEMBL:CHEMBL22062	Not Approved	""	0.09849773312997269
MITF	CHEMBL:CHEMBL415711	Not Approved	""	0.984977331299727
MITF	8-AZAGUANINE	Not Approved	""	0.1641628885499545
MITF	CHEMBL:CHEMBL408653	Not Approved	""	0.1641628885499545
MITF	PLX-4720	Not Approved	""	0.1094419256999696
MITF	CHEMBL:CHEMBL259784	Not Approved	""	0.1641628885499545
MITF	CHEMBL:CHEMBL84010	Not Approved	""	0.0656651554199818
MITF	CHEMBL:CHEMBL482050	Not Approved	""	0.08208144427497725
MITF	CHEMBL:CHEMBL405914	Not Approved	""	0.1969954662599453
MITF	CHEMBL:CHEMBL583997	Not Approved	""	0.984977331299727
MITF	CHEMBL:CHEMBL582722	Not Approved	""	0.1641628885499545
MITF	CHEMBL:CHEMBL602718	Not Approved	""	0.08954339375452064
MITF	SELUMETINIB	Approved	""	0.02984779791817354
MITF	CHEMBL:CHEMBL597649	Not Approved	""	0.984977331299727
MITF	CHEMBL:CHEMBL1490332	Not Approved	""	0.1407110473285324
MITF	CHEMBL:CHEMBL588965	Not Approved	""	0.984977331299727
MITF	CHEMBL:CHEMBL578502	Not Approved	""	0.1094419256999696
MITF	PERHEXILINE MALEATE	Approved	""	0.08954339375452064
MITF	CHEMBL:CHEMBL1442783	Not Approved	""	0.1969954662599453
MITF	CHEMBL:CHEMBL95704	Not Approved	""	0.1969954662599453
MITF	CHEMBL:CHEMBL533082	Not Approved	""	0.1641628885499545
MITF	CHEMBL:CHEMBL602990	Not Approved	""	0.1231221664124658
MITF	CHEMBL:CHEMBL125044	Not Approved	""	0.1094419256999696
MITF	CHEMBL:CHEMBL1373255	Not Approved	""	0.328325777099909
MITF	VEMURAFENIB	Approved	antineoplastic agent	0.02662100895404667
MITF	CHEMBL:CHEMBL601351	Not Approved	""	0.2462443328249317
MITF	CHEMBL:CHEMBL1486366	Not Approved	""	0.1094419256999696
MITF	CHEMBL:CHEMBL1478462	Not Approved	""	0.4924886656498635
MITF	CHEMBL:CHEMBL1989750	Not Approved	""	0.1641628885499545
MITF	CHEMBL:CHEMBL536375	Not Approved	""	0.328325777099909
MITF	CHEMBL:CHEMBL589715	Not Approved	""	0.2462443328249317
MITF	CHEMBL:CHEMBL591370	Not Approved	""	0.1969954662599453
MITF	HOMIDIUM BROMIDE	Not Approved	""	0.03396473556205955
MITF	DABRAFENIB	Approved	antineoplastic agent	0.03648064189998989
MITF	ARTEANNUIN B	Not Approved	""	0.4924886656498635
MITF	CHEMBL:CHEMBL579957	Not Approved	""	0.328325777099909
MITF	CHEMBL:CHEMBL578675	Not Approved	""	0.1407110473285324
MITF	CHEMBL:CHEMBL601146	Not Approved	""	0.1407110473285324
MITF	CHEMBL:CHEMBL1453126	Not Approved	""	0.08208144427497725
MITF	CHEMBL:CHEMBL578905	Not Approved	""	0.1407110473285324
MITF	PIPERLONGUMINE	Not Approved	""	0.1094419256999696
MITF	AURIN	Not Approved	""	0.08954339375452064
MITF	CHEMBL:CHEMBL591834	Not Approved	""	0.1407110473285324
MITF	CHEMBL:CHEMBL534535	Not Approved	""	0.2462443328249317
MITF	CHEMBL:CHEMBL534244	Not Approved	""	0.4924886656498635
MITF	CHEMBL:CHEMBL1594756	Not Approved	""	0.984977331299727
CREB1	HONOKIOL	Not Approved	""	4.745799868989594
CREB1	ZILEUTON	Approved	antiinflammatory agent	0.5273110965543993
CREB1	BW B70C	Not Approved	""	4.745799868989594
CREB1	DEHYDRATED ALCOHOL	Approved	""	0.1201468321263188
CREB1	5-LOX INHIBITOR 2M [PMID: 30199704]	Not Approved	""	4.745799868989594
CREB1	NICOTINE POLACRILEX	Approved	Central Nervous System Stimulants	0.206339124738678
CREB1	PF-04191834	Not Approved	""	4.745799868989594
CREB1	CJ13610	Not Approved	""	4.745799868989594
CREB1	5-LOX ACTIVATING PROTEIN	Not Approved	""	4.745799868989594
CREB1	LITHIUM	Approved	""	0.2259904699518854
CREB1	CITALOPRAM	Approved	antidepressant,Second-Generation,Antidepressive Agents	0.4067828459133937
CPT1A	DOXORUBICIN HYDROCHLORIDE	Approved	antineoplastic agent	0.05426590286786438
CPT1A	THIOGUANINE	Approved	""	0.2433743522558766
CPT1A	CYTARABINE	Approved	antineoplastic agent	0.1003919203055491
CPT1A	CYCLOPHOSPHAMIDE ANHYDROUS	Approved	""	0.09915251388202381
CPT1A	PERHEXILINE	Not Approved	Antianginal Agents; Vasodilator Agents	1.147336232063418
CPT1A	COMPOUND 10 [PMID: 31663733]	Not Approved	""	4.015676812221964
CPT1A	AZALANSTAT	Not Approved	""	2.007838406110982
CPT1A	METHOTREXATE	Approved	DMARD	0.07301230567676299
CPT1A	LEVOCARNITINE PROPIONATE	Not Approved	for treatment of intermittent claudication	0.5019596015277455
CPT1A	MERCAPTOPURINE	Approved	Antineoplastic Agents	0.1784745249876428
CPT1A	PEGASPARGASE	Approved	""	0.5354235749629286
CPT1A	VINCRISTINE	Approved	antineoplastic agent	0.09915251388202381
CPT1A	DAUNORUBICIN LIPOSOMAL	Approved	antineoplastic agent	0.08825663323564756
AMACR	CHOLIC ACID	Approved	""	2.175158273286897
AMACR	IBUPROFEN, SODIUM SALT	Approved	NSAID	1.338558937407321
FAH	LY3009120	Not Approved	""	0.2269730372125457
FAH	SORAFENIB	Approved	antineoplastic agent	0.0197367858445692
FAH	TAK-632	Not Approved	""	0.2521922635694953
FAH	NST-628	Not Approved	""	0.4539460744250915
FAH	RIPK3 INHIBITOR 18	Not Approved	""	0.2269730372125457
FAH	ZM336372	Not Approved	""	0.3242471960179225
FAH	CCT241161	Not Approved	""	0.3782883953542429
FAH	NAPORAFENIB	Not Approved	""	0.2837162965156822
FAH	SB590885	Not Approved	""	0.7565767907084859
FAH	BRIMARAFENIB	Not Approved	""	1.134865186062728
FAH	MOSPERAFENIB	Not Approved	""	1.134865186062728
FAH	AVUTOMETINIB	Not Approved	""	0.7565767907084859
FAH	VEMURAFENIB	Approved	antineoplastic agent	0.06134406411149885
FAH	BELVARAFENIB	Not Approved	""	0.7565767907084859
FAH	AGERAFENIB	Not Approved	""	0.4539460744250915
FAH	TINLORAFENIB	Not Approved	""	0.7565767907084859
FAH	OSI-930	Not Approved	""	0.4539460744250915
FAH	PLIXORAFENIB	Not Approved	""	1.134865186062728
FAH	BALAMAPIMOD	Not Approved	""	1.134865186062728
FAH	GW5074	Not Approved	""	0.103169562369339
FAH	EXARAFENIB	Not Approved	""	0.7565767907084859
FAH	L779450	Not Approved	""	1.134865186062728
FAH	CCT196969	Not Approved	""	0.3782883953542429
FOS	MAGNESIUM SULFATE ANHYDROUS	Approved	""	1.003919203055491
FOS	DEHYDRATED ALCOHOL	Approved	""	0.05083135205344258
FOS	ANTIBIOTIC	Not Approved	""	0.2362162830718802
FOS	RECOMBINANT INTERLEUKIN-1-BETA	Not Approved	""	2.007838406110982
FOS	LHVS	Not Approved	""	0.6692794687036606
FOS	VBY-825	Not Approved	""	0.4015676812221964
FOS	PACLITAXEL	Approved	for treatment of peripheral arterial disease (PAD),DMARD,antiinflammatory agent,antineoplastic agent	0.03650615283838149
FOS	URSODIOL	Approved	for prevention of recurrence of colorectal polyps	0.2509798007638728
FOS	PILOCARPINE HYDROCHLORIDE	Approved	for treatment of incontinence	0.211351411169577
FOS	THROMBIN	Approved	topical tissue sealant,for treatment of hemophilia B,coagulant	0.1673198671759151
FOS	BROMOCRIPTINE	Approved	antidiabetic	0.1295379616845794
FOS	NIMODIPINE	Approved	Antihypertensive Agents; Vasodilator Agents	0.211351411169577
FOS	COMPOUND (R)-26 [PMID: 22686657]	Not Approved	""	1.003919203055491
FOS	PETESICATIB	Not Approved	""	0.6692794687036606
FOS	ODANACATIB	Not Approved	""	0.6692794687036606
FOS	COMPOUND 4D [PMID: 38746883]	Not Approved	""	1.003919203055491
FOS	SAPONIN	Not Approved	""	0.8031353624443928
FOS	K777	Not Approved	""	0.5019596015277455
FOS	PROTEIN KINASE A INHIBITOR	Not Approved	""	4.015676812221964
FOS	DAIDZEIN	Not Approved	""	0.211351411169577
FOS	TETRADECANOYLPHORBOL ACETATE	Not Approved	""	0.08729732200482532
FOS	RECOMBINANT INTERFERON BETA	Not Approved	""	2.007838406110982
FOS	PHENOBARBITAL	Approved	Anticonvulsants; Hypnotics and Sedatives	0.1056757055847885
FOS	MITOGEN-ACTIVATED PROTEIN KINASE INHIBITOR	Not Approved	""	0.5736681160317092
FOS	IMMUNOTHERAPEUTIC AGENT	Not Approved	""	0.4015676812221964
FOS	BACLOFEN	Approved	for treatment of alcohol dependance	0.4015676812221964
MAPT	METHYSERGIDE MALEATE	Approved	""	0.01977416612078997
MAPT	CHEMBL:CHEMBL582473	Not Approved	""	0.03954833224157995
MAPT	CHELERYTHRINE CHLORIDE	Not Approved	""	0.02966124918118496
MAPT	CHEMBL:CHEMBL606167	Not Approved	""	0.01483062459059248
MAPT	GRINIMIBINE	Not Approved	""	0.02372899934494796
MAPT	GOSURANEMAB	Not Approved	""	0.1186449967247398
MAPT	PLUMBAGIN	Not Approved	""	0.009126538209595372
MAPT	WORTMANNIN	Not Approved	""	0.004237321311597851
MAPT	HEXACHLOROPHENE	Approved	""	0.002893780407920483
MAPT	ACID BLUE 129	Not Approved	""	0.006244473511828412
MAPT	CHLORANIL	Not Approved	""	0.00790966644831599
MAPT	INDIRUBIN-3'-MONOXIME	Not Approved	""	0.006244473511828412
MAPT	NSC-663284	Not Approved	""	0.0169492852463914
MAPT	CARBIDOPA ANHYDROUS	Approved	antiparkinson agent	0.01186449967247398
MAPT	CHEMBL:CHEMBL601618	Not Approved	""	0.02966124918118496
MAPT	BROMOENOL LACTONE	Not Approved	""	0.01483062459059248
MAPT	METHYLENE BLUE ANHYDROUS	Approved	""	0.003206621533101076
MAPT	DIHYDROERGOCRISTINE MESYLATE	Not Approved	""	0.02966124918118496
MAPT	ANGUSTIBALIN	Not Approved	""	0.01078590879315816
MAPT	CHEMBL:CHEMBL310934	Not Approved	""	0.05932249836236992
MAPT	CHEMBL:CHEMBL528181	Not Approved	""	0.0169492852463914
MAPT	CHEMBL:CHEMBL609606	Not Approved	""	0.01186449967247398
MAPT	CALCIMYCIN	Not Approved	""	0.006244473511828412
MAPT	CHEMBL:CHEMBL1989853	Not Approved	""	0.01483062459059248
MAPT	DOCEBENONE	Not Approved	""	0.00741531229529624
MAPT	NPPB	Not Approved	""	0.01483062459059248
MAPT	AG 9	Not Approved	""	0.0169492852463914
MAPT	CHEMBL:CHEMBL601353	Not Approved	""	0.05932249836236992
MAPT	3,4-DICHLOROISOCOUMARIN	Not Approved	""	0.00790966644831599
MAPT	CEAROIN	Not Approved	""	0.03954833224157995
MAPT	SULFURETIN	Not Approved	""	0.00741531229529624
MAPT	2,3-DIHYDROXY-4-METHOXY-4'-ETHOXYBENZOPHENONE	Not Approved	""	0.03954833224157995
MAPT	CHEMBL:CHEMBL211670	Not Approved	""	0.009126538209595372
MAPT	DIHYDROERGOCRISTINE	Approved	""	0.02966124918118496
MAPT	NIFEDIPINE	Approved	Antianginal Agents; Vasodilator Agents	0.002118660655798925
MAPT	CHEMBL:CHEMBL339587	Not Approved	""	0.01483062459059248
MAPT	EPINEPHRINE BITARTRATE	Approved	""	0.00697911745439646
MAPT	RABEPRAZOLE	Approved	Proton pump inhibitor	0.004563269104797686
MAPT	CHEMBL:CHEMBL578905	Not Approved	""	0.0169492852463914
MAPT	PICEATANNOL	Not Approved	""	0.005649761748797135
MAPT	CHEMBL:CHEMBL601385	Not Approved	""	0.0169492852463914
MAPT	3-METHOXYCATECHOL	Not Approved	""	0.01186449967247398
MAPT	DECYNIUM 22	Not Approved	""	0.00515847811846695
MAPT	CHEMBL:CHEMBL1402376	Not Approved	""	0.05932249836236992
MAPT	CHELERYTHRINE	Not Approved	""	0.009887083060394987
MAPT	EMODIN	Not Approved	""	0.004563269104797686
MAPT	CARBOPLATIN	Approved	""	0.001379592985171393
MAPT	TYRPHOSTIN 51	Not Approved	""	0.01318277741385998
MAPT	SULFASALAZINE	Approved	DMARD,antiinflammatory agent	0.004943541530197494
MAPT	SAPPANONE A TRIMETHYL ETHER	Not Approved	""	0.02966124918118496
MAPT	CGP53353	Not Approved	""	0.03954833224157995
MAPT	CHEMBL:CHEMBL579105	Not Approved	""	0.05932249836236992
MAPT	CARUBICIN	Not Approved	""	0.01318277741385998
MAPT	CHEMBL:CHEMBL227959	Not Approved	""	0.02966124918118496
MAPT	CHEMBL:CHEMBL343002	Not Approved	""	0.0169492852463914
MAPT	CHEMBL:CHEMBL582715	Not Approved	""	0.05932249836236992
MAPT	CHEMBL:CHEMBL1601846	Not Approved	""	0.00515847811846695
MAPT	&ALPHA;-ERGOCRYPTINE	Not Approved	""	0.01186449967247398
MAPT	S(+)-APOMORPHINE	Not Approved	""	0.01483062459059248
MAPT	DEHYDROVARIABILIN	Not Approved	""	0.03954833224157995
MAPT	CHEMBL:CHEMBL578890	Not Approved	""	0.03954833224157995
MAPT	CHEMBL:CHEMBL578294	Not Approved	""	0.01977416612078997
MAPT	ETHACRIDINE LACTATE	Not Approved	""	0.02372899934494796
MAPT	AHPN	Not Approved	""	0.0169492852463914
MAPT	PD-169316	Not Approved	""	0.009887083060394987
MAPT	2,3,4-TRIHYDROXY-4'-ETHOXYBENZOPHENONE	Not Approved	""	0.02966124918118496
MAPT	9,10-PHENANTHRENEQUINONE	Not Approved	""	0.004563269104797686
MAPT	RESERPINE	Approved	Antihypertensive Agents; Antipsychotic Agents	0.004563269104797686
MAPT	CEFACLOR ANHYDROUS	Approved	""	0.008474642623195703
MAPT	CHEMBL:CHEMBL1257092	Not Approved	""	0.0169492852463914
MAPT	CHEMBL:CHEMBL2181046	Not Approved	""	0.2372899934494796
MAPT	CHEMBL:CHEMBL175266	Not Approved	""	0.008474642623195703
MAPT	CHEMBL:CHEMBL580421	Not Approved	""	0.01078590879315816
MAPT	POSDINEMAB	Not Approved	""	0.1186449967247398
MAPT	RALOXIFENE HYDROCHLORIDE	Approved	Hormone Replacement Agents	0.002372899934494796
MAPT	XANTHOANGELOL	Not Approved	""	0.05932249836236992
MAPT	CHEMBL:CHEMBL1334191	Not Approved	""	0.05932249836236992
MAPT	CHEMBL:CHEMBL591137	Not Approved	""	0.01483062459059248
MAPT	CHEMBL:CHEMBL313737	Not Approved	""	0.01186449967247398
MAPT	FISETIN	Not Approved	""	0.009126538209595372
MAPT	CHEMBL:CHEMBL590691	Not Approved	""	0.01977416612078997
MAPT	CYSTAMINE HYDROCHLORIDE	Not Approved	""	0.05932249836236992
MAPT	CHEMBL:CHEMBL601952	Not Approved	""	0.01318277741385998
MAPT	SEMAXANIB	Not Approved	""	0.00697911745439646
MAPT	4,4'-DIMETHOXYDALBERGIONE	Not Approved	""	0.02966124918118496
MAPT	PHENAZOPYRIDINE HYDROCHLORIDE	Approved	""	0.00741531229529624
MAPT	LAPACHOL	Not Approved	""	0.02372899934494796
MAPT	P-AMINOHIPPURATE	Approved	""	0.1186449967247398
MAPT	SLAZINIC ACID	Not Approved	""	0.005649761748797135
MAPT	CHEMBL:CHEMBL67535	Not Approved	""	0.006244473511828412
MAPT	BISSALICYL FUMARATE	Not Approved	""	0.05932249836236992
MAPT	TILAVONEMAB	Not Approved	""	0.1186449967247398
MAPT	ROTTLERIN	Not Approved	""	0.009126538209595372
MAPT	HYDROXYZINE PAMOATE	Approved	""	0.01186449967247398
MAPT	CHEMBL:CHEMBL581044	Not Approved	""	0.01318277741385998
MAPT	CHEMBL:CHEMBL19954	Not Approved	""	0.00659138870692999
MAPT	EMODIC ACID	Not Approved	""	0.009887083060394987
MAPT	CHEMBL:CHEMBL429095	Not Approved	""	0.002372899934494796
MAPT	PBT-1033	Not Approved	""	0.1186449967247398
MAPT	CHEMBL:CHEMBL2094422	Not Approved	""	0.05932249836236992
MAPT	12A-HYDROXY-5-DEOXYDEHYDROMUNDUSERONE	Not Approved	""	0.03954833224157995
MAPT	PROPYLENE GLYCOL MONOSTEARATE	Approved	""	0.05932249836236992
MAPT	GOSSYPOL	Not Approved	""	0.002471770765098747
MAPT	TYRPHOSTIN 25	Not Approved	""	0.009887083060394987
MAPT	LAVENDUSTIN A	Not Approved	""	0.02372899934494796
MAPT	CHEMBL:CHEMBL77387	Not Approved	""	0.02966124918118496
MAPT	CHEMBL:CHEMBL274921	Not Approved	""	0.02966124918118496
MAPT	PARAROSANILINE	Not Approved	""	0.01078590879315816
MAPT	ALLOXAN	Not Approved	""	0.02966124918118496
MAPT	CHEMBL:CHEMBL586078	Not Approved	""	0.05932249836236992
MAPT	NITAZOXANIDE	Approved	""	0.009887083060394987
MAPT	DOXORUBICIN HYDROCHLORIDE	Approved	antineoplastic agent	0.0008016553832752691
MAPT	AGROCLAVINE	Not Approved	""	0.02372899934494796
MAPT	CHEMBL:CHEMBL536375	Not Approved	""	0.03954833224157995
MAPT	CHEMBL:CHEMBL546576	Not Approved	""	0.1186449967247398
MAPT	GF109203X	Not Approved	""	0.01483062459059248
MAPT	ATHRAQUINONES A	Not Approved	""	0.01186449967247398
MAPT	SARCOLYSIN	Not Approved	""	0.02372899934494796
MAPT	TRANSPLATIN	Not Approved	""	0.0169492852463914
MAPT	CHEMBL:CHEMBL600747	Not Approved	""	0.02372899934494796
MAPT	CHEMBL:CHEMBL607309	Not Approved	""	0.01318277741385998
MAPT	BITHIONOL	Approved	""	0.004943541530197494
MAPT	HAEMATOXYLIN	Not Approved	""	0.004563269104797686
MAPT	CHEMBL:CHEMBL601110	Not Approved	""	0.0169492852463914
MAPT	EPIGALLOCATECHIN-3-GALLATE	Not Approved	""	0.00659138870692999
MAPT	Z-PRO-PROLINAL	Not Approved	""	0.02966124918118496
MAPT	JUGLONE	Not Approved	""	0.005932249836236992
MAPT	CHEMBL:CHEMBL584442	Not Approved	""	0.01483062459059248
MAPT	CHEMBL:CHEMBL527620	Not Approved	""	0.03954833224157995
MAPT	CHEMBL:CHEMBL462861	Not Approved	""	0.03954833224157995
MAPT	DIMETHYL GAMBOGATE	Not Approved	""	0.02372899934494796
MAPT	CHEMBL:CHEMBL222556	Not Approved	""	0.01078590879315816
MAPT	TRIBROMSALAN	Approved	""	0.02966124918118496
MAPT	OXYTETRACYCLINE ANHYDROUS	Approved	""	0.005932249836236992
MAPT	OXOGLAUCINE	Not Approved	""	0.0169492852463914
MAPT	1,4-DIMETHOXYANTHRAQUINONE	Not Approved	""	0.01186449967247398
MAPT	CHEMBL:CHEMBL59150	Not Approved	""	0.03954833224157995
MAPT	DALBERGIONE, 4-METHOXY-4'-HYDROXY-	Not Approved	""	0.05932249836236992
MAPT	CHEMBL:CHEMBL597035	Not Approved	""	0.01977416612078997
MAPT	QUINALIZARIN	Not Approved	""	0.00790966644831599
MAPT	CHEMBL:CHEMBL1814509	Not Approved	""	0.0169492852463914
MAPT	CHEMBL:CHEMBL600738	Not Approved	""	0.01977416612078997
MAPT	CHEMBL:CHEMBL601140	Not Approved	""	0.02966124918118496
MAPT	CHEMBL:CHEMBL578257	Not Approved	""	0.01483062459059248
MAPT	3,4-DIDESMETHYL-5-DESHYDROXY-3'-ETHOXYSCLEROIN	Not Approved	""	0.0169492852463914
MAPT	CHEMBL:CHEMBL1609016	Not Approved	""	0.02966124918118496
MAPT	CHEMBL:CHEMBL234338	Not Approved	""	0.005649761748797135
MAPT	TYRPHOSTIN B48	Not Approved	""	0.006244473511828412
MAPT	DIHYDROXANTHOHUMOL	Not Approved	""	0.0169492852463914
MAPT	CHEMBL:CHEMBL578512	Not Approved	""	0.004091206783611718
MAPT	THIOLUTIN	Not Approved	""	0.05932249836236992
MAPT	CHEMBL:CHEMBL1379900	Not Approved	""	0.05932249836236992
MAPT	KOPARIN	Not Approved	""	0.01186449967247398
MAPT	CHEMBL:CHEMBL600694	Not Approved	""	0.0169492852463914
MAPT	MORIN	Not Approved	""	0.006244473511828412
MAPT	PYRROLIDINE DITHIOCARBAMIC ACID, AMMONIUM SALT	Not Approved	""	0.01977416612078997
MAPT	CHEMBL:CHEMBL1390716	Not Approved	""	0.01977416612078997
MAPT	QUERCETIN	Approved	""	0.001501835401578985
MAPT	CHEMBL:CHEMBL1466186	Not Approved	""	0.01483062459059248
MAPT	DEPHOSTATIN	Not Approved	""	0.004745799868989593
MAPT	1,10-PHENANTHROLINE	Not Approved	""	0.005649761748797135
MAPT	DIHYDROERGOTAMINE MESYLATE	Approved	antimigraine agent	0.01186449967247398
MAPT	SB-415286	Not Approved	""	0.005932249836236992
MAPT	SB-408124	Not Approved	""	0.01483062459059248
MAPT	NORSTICTIC ACID	Not Approved	""	0.0169492852463914
MAPT	CHEMBL:CHEMBL312487	Not Approved	""	0.05932249836236992
MAPT	LANSOPRAZOLE	Approved	Proton pump inhibitor,antiulcer agent	0.004091206783611718
MAPT	CHEMBL:CHEMBL184074	Not Approved	""	0.02966124918118496
MAPT	VITAMIN K3	Approved	for reducing EGFR-inhibitor-induced dermatological side effects	0.004091206783611718
MAPT	AMSACRINE HYDROCHLORIDE	Not Approved	""	0.01186449967247398
MAPT	CHEMBL:CHEMBL585591	Not Approved	""	0.004943541530197494
MAPT	METHYL 7-DESHYDROXYPYROGALLIN-4-CARBOXYLATE	Not Approved	""	0.01318277741385998
MAPT	AM404	Not Approved	""	0.0169492852463914
MAPT	STAUROSPORINE AGLYCON	Not Approved	""	0.1186449967247398
MAPT	TYRPHOSTIN 23	Not Approved	""	0.005649761748797135
MAPT	IRIGINOL HEXAACEATATE	Not Approved	""	0.01078590879315816
MAPT	CHEMBL:CHEMBL1543865	Not Approved	""	0.01977416612078997
MAPT	BAICALEIN	Not Approved	""	0.004745799868989593
MAPT	CHEMBL:CHEMBL244707	Not Approved	""	0.01078590879315816
MAPT	TANSHINONE IIA	Not Approved	""	0.009126538209595372
MAPT	CHEMBL:CHEMBL528807	Not Approved	""	0.03954833224157995
MAPT	ERGOCRISTINE	Not Approved	""	0.05932249836236992
MAPT	HYPERICIN	Not Approved	""	0.009126538209595372
MAPT	ZAPA	Not Approved	""	0.0169492852463914
MAPT	ISOEUGENITOL	Not Approved	""	0.05932249836236992
MAPT	CHEMBL:CHEMBL1569494	Not Approved	""	0.02372899934494796
MAPT	CHEMBL:CHEMBL580071	Not Approved	""	0.1186449967247398
MAPT	CHEMBL:CHEMBL585654	Not Approved	""	0.02372899934494796
MAPT	PURPUROGALLIN	Not Approved	""	0.003295694353464995
MAPT	MACLURAXANTHONE	Not Approved	""	0.1186449967247398
MAPT	CHEMBL:CHEMBL68534	Not Approved	""	0.006244473511828412
MAPT	AROMATICIN	Not Approved	""	0.02966124918118496
MAPT	CHEMBL:CHEMBL515252	Not Approved	""	0.008474642623195703
MAPT	CHEMBL:CHEMBL538104	Not Approved	""	0.02372899934494796
MAPT	CURCUMIN	Approved	""	0.001797651465526361
MAPT	LINOLENIC ACID	Approved	""	0.005649761748797135
MAPT	CHEMBL:CHEMBL580183	Not Approved	""	0.02372899934494796
MAPT	ISOGINKGETIN	Not Approved	""	0.1186449967247398
MAPT	OSAJIN	Not Approved	""	0.02372899934494796
MAPT	FUMARPROTOCETRARIC ACID	Not Approved	""	0.009887083060394987
MAPT	CATECHIN	Approved	""	0.009126538209595372
MAPT	TRIMETREXATE	Approved	Antineoplastic Agents	0.01318277741385998
MAPT	TRICLABENDAZOLE	Approved	""	0.01977416612078997
MAPT	CHEMBL:CHEMBL586061	Not Approved	""	0.05932249836236992
MAPT	SR2640	Not Approved	""	0.01078590879315816
MAPT	U-0126	Not Approved	""	0.01186449967247398
MAPT	CHEMBL:CHEMBL600734	Not Approved	""	0.01078590879315816
MAPT	CHEMBL:CHEMBL1984884	Not Approved	""	0.02372899934494796
MAPT	CHEMBL:CHEMBL584458	Not Approved	""	0.008474642623195703
MAPT	SHIKONIN	Not Approved	""	0.01186449967247398
MAPT	3-METHYLCHOLANTHRENE	Not Approved	""	0.02966124918118496
MAPT	CHEMBL:CHEMBL525103	Not Approved	""	0.01483062459059248
MAPT	STICTIC ACID	Not Approved	""	0.00659138870692999
MAPT	FELODIPINE	Approved	antihypertensive agent	0.00697911745439646
MAPT	CHEMBL:CHEMBL2095095	Not Approved	""	0.00659138870692999
MAPT	CHEMBL:CHEMBL1397308	Not Approved	""	0.02372899934494796
MAPT	TOLONIUM CHLORIDE	Not Approved	""	0.00659138870692999
MAPT	BITHIONOLATE SODIUM	Approved	""	0.01483062459059248
MAPT	CHEMBL:CHEMBL603952	Not Approved	""	0.05932249836236992
MAPT	MAHANIMBINE	Not Approved	""	0.1186449967247398
MAPT	PROTOAPIGENONE	Not Approved	""	0.008474642623195703
MAPT	CHEMBL:CHEMBL457504	Not Approved	""	0.0169492852463914
MAPT	OXYPHENBUTAZONE	Approved	""	0.009126538209595372
MAPT	CHEMBL:CHEMBL601605	Not Approved	""	0.03954833224157995
MAPT	ELLIPTECINE	Not Approved	""	0.00370765614764812
MAPT	NORDEFRIN	Not Approved	""	0.02372899934494796
MAPT	EPALRESTAT	Approved	""	0.02372899934494796
MAPT	CHEMBL:CHEMBL578741	Not Approved	""	0.005649761748797135
MAPT	CYSTEAMINE HYDROCHLORIDE	Approved	for treatment of corneal cystine accumulation	0.02372899934494796
MAPT	CHEMBL:CHEMBL1426508	Not Approved	""	0.02372899934494796
MAPT	CHEMBL:CHEMBL1534034	Not Approved	""	0.01186449967247398
MAPT	CHEMBL:CHEMBL591628	Not Approved	""	0.02372899934494796
MAPT	CHEMBL:CHEMBL592124	Not Approved	""	0.003827257958862575
MAPT	RHEIN	Not Approved	""	0.005392954396579084
MAPT	CHEMBL:CHEMBL297304	Not Approved	""	0.00790966644831599
MAPT	PROTOPORPHYRIN	Not Approved	""	0.004745799868989593
MAPT	CHEMBL:CHEMBL328710	Not Approved	""	0.01078590879315816
MAPT	CHEMBL:CHEMBL523200	Not Approved	""	0.00697911745439646
MAPT	CHEMBL:CHEMBL586031	Not Approved	""	0.009126538209595372
MAPT	MITOXANTRONE HYDROCHLORIDE	Approved	""	0.00370765614764812
MAPT	ERBSTATIN	Not Approved	""	0.008474642623195703
MAPT	CHEMBL:CHEMBL1574420	Not Approved	""	0.01977416612078997
MAPT	GETIACAULEIN	Not Approved	""	0.1186449967247398
MAPT	CHEMBL:CHEMBL527584	Not Approved	""	0.009887083060394987
MAPT	ROSMARINIC ACID	Not Approved	""	0.01483062459059248
MAPT	CHEMBL:CHEMBL1451216	Not Approved	""	0.00697911745439646
MAPT	NIGULDIPINE	Not Approved	""	0.01483062459059248
MAPT	EMBELIN	Not Approved	""	0.00790966644831599
MAPT	GENTIAN VIOLET CATION	Approved	""	0.006244473511828412
MAPT	PANTOPRAZOLE SODIUM	Approved	Proton pump inhibitor	0.01186449967247398
MAPT	SEMORINEMAB	Not Approved	""	0.1186449967247398
MAPT	CHEMBL:CHEMBL586000	Not Approved	""	0.02372899934494796
MAPT	CHEMBL:CHEMBL1079460	Not Approved	""	0.009126538209595372
MAPT	CARBONYL CYANIDE M-CHLOROPHENYLHYDRAZONE	Not Approved	""	0.02966124918118496
MAPT	GW5074	Not Approved	""	0.005392954396579084
MAPT	PD-98059	Not Approved	""	0.003206621533101076
MAPT	CHEMBL:CHEMBL601192	Not Approved	""	0.05932249836236992
MAPT	CONGO RED	Not Approved	""	0.00790966644831599
MAPT	DITHIAZANINE IODIDE	Not Approved	""	0.009126538209595372
MAPT	METHYLDOPA (RACEMIC)	Not Approved	""	0.009887083060394987
MAPT	GARCINONE E	Not Approved	""	0.01186449967247398
MAPT	LUTEOLIN	Not Approved	""	0.00370765614764812
MAPT	BISANHYDRORUTILANTINONE	Not Approved	""	0.03954833224157995
MAPT	(-)-N-PORPHYNORAPOMORPHINE	Not Approved	""	0.01483062459059248
MAPT	NBQX	Not Approved	""	0.00741531229529624
MAPT	L 755507	Not Approved	""	0.02372899934494796
MAPT	CHEMBL:CHEMBL1335833	Not Approved	""	0.02372899934494796
MAPT	CHEMBL:CHEMBL1567571	Not Approved	""	0.00790966644831599
MAPT	GW441756X	Not Approved	""	0.001825307641919074
MAPT	MANGOSTIN	Not Approved	""	0.01186449967247398
MAPT	HARMALOL	Not Approved	""	0.02966124918118496
MAPT	DOCONEXENT	Approved	""	0.01483062459059248
MAPT	IRIGENOL	Not Approved	""	0.008474642623195703
MAPT	SANGUINARINE SULFATE	Not Approved	""	0.009126538209595372
MAPT	CHEMBL:CHEMBL578504	Not Approved	""	0.0169492852463914
MAPT	CHEMBL:CHEMBL126804	Not Approved	""	0.01977416612078997
MAPT	DAUNORUBICIN LIPOSOMAL	Approved	antineoplastic agent	0.001303791172799338
MAPT	CHEMBL:CHEMBL1412489	Not Approved	""	0.01483062459059248
MAPT	FLUPIRTINE MALEATE	Not Approved	""	0.009126538209595372
MAPT	ZAGOTENEMAB	Not Approved	""	0.1186449967247398
MAPT	ELLAGIC ACID	Not Approved	""	0.004237321311597851
MAPT	POMIFERIN	Not Approved	""	0.01318277741385998
MAPT	NOREPINEPHRINE	Approved	Antihypotensive Agents; Vasoconstrictor Agents	0.00370765614764812
MAPT	4-PHENYLENEDIAMINE	Not Approved	""	0.0169492852463914
MAPT	BERBERINE CHLORIDE	Not Approved	""	0.01483062459059248
MAPT	GOSSYPETIN	Not Approved	""	0.01186449967247398
MAPT	CHEMBL:CHEMBL1320453	Not Approved	""	0.0169492852463914
MAPT	CHEMBL:CHEMBL538542	Not Approved	""	0.01483062459059248
MAPT	CHEMBL:CHEMBL1498652	Not Approved	""	0.01186449967247398
MAPT	BILIRUBIN	Not Approved	""	0.02372899934494796
MAPT	RESVERATROL	Approved	antineoplastic agent,antidiabetic,for treatment of herpes simplex virus 1	0.0024213264637702
MAPT	IODOPHTHALEIN	Not Approved	""	0.01483062459059248
MAPT	TETROQUINONE	Not Approved	""	0.0169492852463914
MAPT	HEMATOXYLIN	Not Approved	""	0.01977416612078997
MAPT	APOMORPHINE	Approved	antiparkinson agent,for treatment of erectile dysfunction,for treatment of sexual dysfunction in women	0.004394259137953328
MAPT	EPINEPHRINE	Approved	anestethic	0.002966124918118496
MAPT	ISOBOLDINE	Not Approved	""	0.01977416612078997
MAPT	ISOVELLERAL	Not Approved	""	0.00741531229529624
MAPT	CHEMBL:CHEMBL2181039	Not Approved	""	0.2372899934494796
MAPT	LAPACHONE	Not Approved	""	0.004563269104797686
MAPT	CHEMBL:CHEMBL2181040	Not Approved	""	0.2372899934494796
MAPT	SANGUINARIUM	Not Approved	""	0.004745799868989593
MAPT	CAFFEIC ACID PHENETHYL ESTER	Not Approved	""	0.008474642623195703
MAPT	GUTHION	Not Approved	""	0.009887083060394987
MAPT	ITRACONAZOLE	Not Approved	""	0.05932249836236992
MAPT	PATULIN	Not Approved	""	0.01318277741385998
MAPT	CHEMBL:CHEMBL580155	Not Approved	""	0.02372899934494796
MAPT	INDIGO	Approved	""	0.02372899934494796
MAPT	CHEMBL:CHEMBL533965	Not Approved	""	0.1186449967247398
MAPT	CYSTAMINE DIHYDROCHLORIDE	Not Approved	""	0.02966124918118496
MAPT	CHEMBL:CHEMBL581574	Not Approved	""	0.0169492852463914
MAPT	CHEMBL:CHEMBL595227	Not Approved	""	0.01186449967247398
MAPT	CHEMBL:CHEMBL242171	Not Approved	""	0.01186449967247398
MAPT	CHEMBL:CHEMBL399530	Not Approved	""	0.02372899934494796
MAPT	5-HYDROXYTRYPTOPHAN	Approved	""	0.01977416612078997
MAPT	RHAMNETIN	Not Approved	""	0.01186449967247398
MAPT	CHEMBL:CHEMBL1503190	Not Approved	""	0.02966124918118496
MAPT	COUMESTROL	Not Approved	""	0.01186449967247398
MAPT	DIAMIDE	Not Approved	""	0.01977416612078997
MAPT	HOMIDIUM BROMIDE	Not Approved	""	0.004091206783611718
MAPT	NIFUROXAZIDE	Not Approved	""	0.01977416612078997
MAPT	AMENTOFLAVONE	Not Approved	""	0.01483062459059248
MAPT	DAUNORUBICIN HYDROCHLORIDE	Approved	""	0.003595302931052722
MAPT	CHEMBL:CHEMBL166486	Not Approved	""	0.01483062459059248
MAPT	PHOSMET	Not Approved	""	0.02372899934494796
MAPT	ARACHIDONIC ACID	Not Approved	""	0.009126538209595372
MAPT	CHEMBL:CHEMBL122701	Not Approved	""	0.0169492852463914
MAPT	CHEMBL:CHEMBL585656	Not Approved	""	0.01186449967247398
MAPT	IDARUBICIN	Approved	Antineoplastic Agents	0.002471770765098747
MAPT	BEPRANEMAB	Not Approved	""	0.1186449967247398
MAPT	CHEMBL:CHEMBL17201	Not Approved	""	0.0169492852463914
MAPT	PHENSERINE	Not Approved	for treatment of Alzheimer's disease	0.02372899934494796
MAPT	CHEMBL:CHEMBL85194	Not Approved	""	0.01977416612078997
MAPT	CHEMBL:CHEMBL587620	Not Approved	""	0.02372899934494796
MAPT	CHEMBL:CHEMBL505670	Not Approved	""	0.003389857049278281
MAPT	ZAGOTENEMAB	Not Approved	""	0.1186449967247398
MAPT	CHEMBL:CHEMBL493863	Not Approved	""	0.00741531229529624
MAPT	PHENOTHIAZINE	Not Approved	""	0.00741531229529624
MAPT	CHEMBL:CHEMBL1367933	Not Approved	""	0.01483062459059248
MAPT	TANSHINONE I	Not Approved	""	0.01186449967247398
MAPT	CHEMBL:CHEMBL605077	Not Approved	""	0.05932249836236992
MAPT	CHLOROTHALONIL	Not Approved	""	0.009887083060394987
MAPT	ARUNDINE	Not Approved	""	0.03954833224157995
MAPT	HELENALIN	Not Approved	""	0.00741531229529624
MAPT	CRYPTOTANSHINONE	Not Approved	""	0.008474642623195703
MAPT	DAPH	Not Approved	""	0.01186449967247398
MAPT	CHEMBL:CHEMBL1519374	Not Approved	""	0.00741531229529624
MAPT	BCR-ABL INHIBITOR GNF-2	Not Approved	""	0.03954833224157995
MAPT	2-MERCAPTOETHANESULFONIC ACID	Approved	""	0.1186449967247398
MAPT	RATANIAPHENOL II	Not Approved	""	0.1186449967247398
MAPT	FENRETINIDE	Approved	antineoplastic agent	0.004394259137953328
MAPT	1,2-NAPHTHOQUINONE	Not Approved	""	0.01318277741385998
MAPT	CHOLECALCIFEROL	Approved	""	0.009887083060394987
MAPT	CHEMBL:CHEMBL196814	Not Approved	""	0.1186449967247398
MAPT	STREPTONIGRIN	Not Approved	""	0.005932249836236992
MAPT	GW282974X	Not Approved	""	0.01483062459059248
MAPT	3,4-DIMETHOXYDALBERGIONE	Not Approved	""	0.03954833224157995
MAPT	MYRICETIN	Not Approved	""	0.002966124918118496
MAPT	CHEMBL:CHEMBL606166	Not Approved	""	0.01483062459059248
MAPT	OMEPRAZOLE	Approved	antiulcer agent,Proton pump inhibitor	0.003206621533101076
MAPT	CIS-RESVERATROL	Not Approved	""	0.0169492852463914
MAPT	ACITRETIN	Approved	Keratolytic Agents	0.00741531229529624
MAPT	VU0001171	Not Approved	""	0.02372899934494796
MAPT	AURINTRICARBOXYLIC ACID	Not Approved	""	0.003827257958862575
MAPT	CHEMBL:CHEMBL602969	Not Approved	""	0.009887083060394987
MAPT	CHEMBL:CHEMBL99408	Not Approved	""	0.05932249836236992
MAPT	CHEMBL:CHEMBL252417	Not Approved	""	0.02966124918118496
MAPT	ARISTOLOCHIC ACID	Not Approved	""	0.02372899934494796
MAPT	CHEMBL:CHEMBL590186	Not Approved	""	0.0169492852463914
MAPT	2-BENZOYL-5-METHOXYBENZOQUINONE	Not Approved	""	0.02372899934494796
MAPT	CHEMBL:CHEMBL601367	Not Approved	""	0.03954833224157995
MAPT	GALLIC ACID	Not Approved	""	0.009887083060394987
MAPT	CHEMBL:CHEMBL1588679	Not Approved	""	0.02372899934494796
MAPT	BENSERAZIDE HYDROCHLORIDE	Not Approved	""	0.00741531229529624
MAPT	DERRUBONE	Not Approved	""	0.01977416612078997
MAPT	CHEMBL:CHEMBL1939691	Not Approved	""	0.02966124918118496
MAPT	NICLOSAMIDE	Approved	""	0.004394259137953328
MAPT	PTEROSTILBENE	Not Approved	""	0.02966124918118496
MAPT	PIPERLONGUMINE	Not Approved	""	0.01318277741385998
MAPT	DIHYDROGAMBOGIC ACID	Not Approved	""	0.01078590879315816
MAPT	ISOLIQUIRITIGENIN	Not Approved	""	0.009887083060394987
MAPT	CHEMBL:CHEMBL458094	Not Approved	""	0.02966124918118496
MAPT	APOMORPHINE HYDROCHLORIDE HEMIHYDRATE	Not Approved	""	0.00659138870692999
MAPT	5-BENZYLOXYTRYPTAMINE	Not Approved	""	0.03954833224157995
MAPT	CHEMBL:CHEMBL582286	Not Approved	""	0.05932249836236992
MAPT	HELIOMYCIN	Not Approved	""	0.02966124918118496
MAPT	DICHLOROPHEN	Not Approved	""	0.00659138870692999
MAPT	PYRANTEL PAMOATE	Approved	""	0.02966124918118496
MAPT	4-METHOXYDALBERGIONE	Not Approved	""	0.01318277741385998
MAPT	TYRPHOSTIN 47	Not Approved	""	0.00741531229529624
MAPT	TRICETIN	Approved	""	0.01483062459059248
MAPT	CHEMBL:CHEMBL1306524	Not Approved	""	0.02966124918118496
MAPT	APIGENIN	Approved	""	0.004563269104797686
MAPT	PITTSBURGH COMPOUND B	Not Approved	""	0.1186449967247398
MAPT	SAPPANONE A DIMETHYL ETHER	Not Approved	""	0.01977416612078997
MAPT	ALTENUSIN	Not Approved	""	0.01186449967247398
MAPT	SB 204741	Not Approved	""	0.009887083060394987
MAPT	HOMIDIUM	Not Approved	""	0.01483062459059248
MAPT	DAMNACANTHAL	Not Approved	""	0.02966124918118496
MAPT	N-OLEOYLDOPAMINE	Not Approved	""	0.00659138870692999
MAPT	CHEMBL:CHEMBL314639	Not Approved	""	0.1186449967247398
MAPT	CHEMBL:CHEMBL139935	Not Approved	""	0.01078590879315816
MAPT	CHEMBL:CHEMBL1465049	Not Approved	""	0.008474642623195703
MAPT	CHEMBL:CHEMBL2002487	Not Approved	""	0.01078590879315816
MAPT	INAMRINONE	Approved	Cardiotonic Agents; Phosphodiesterase Inhibitors	0.006244473511828412
MAPT	CHEMBL:CHEMBL1510164	Not Approved	""	0.02966124918118496
MAPT	DANTROLENE	Approved	Muscle Relaxants	0.01318277741385998
MAPT	OXIDOPAMINE HYDROCHLORIDE	Not Approved	""	0.00697911745439646
MAPT	CHEMBL:CHEMBL546597	Not Approved	""	0.01483062459059248
MAPT	PURPURIN	Not Approved	""	0.005649761748797135
MAPT	CHEMBL:CHEMBL2181041	Not Approved	""	0.2372899934494796
MAPT	CISPLATIN	Approved	""	0.0008071088212567336
MAPT	SU9516	Not Approved	""	0.00741531229529624
MAPT	RACEPINEPHRINE	Approved	""	0.0169492852463914
MAPT	SANGUINARIUM CHLORIDE	Not Approved	""	0.01483062459059248
MAPT	DEXKETOPROFEN	Approved	""	0.02966124918118496
MAPT	CHEMBL:CHEMBL2094456	Not Approved	""	0.03954833224157995
MAPT	CHEMBL:CHEMBL579837	Not Approved	""	0.01977416612078997
MAPT	CHEMBL:CHEMBL1224755	Not Approved	""	0.01078590879315816
MAPT	MASOPROCOL	Approved	prostate cancer,antineoplastic agent	0.002524361632441273
MAPT	GOSURANEMAB	Not Approved	""	0.1186449967247398
MAPT	CHEMBL:CHEMBL531322	Not Approved	""	0.01977416612078997
MAPT	MECYSTEINE HYDROCHLORIDE	Not Approved	""	0.03954833224157995
MAPT	CAPSAZEPINE	Not Approved	""	0.005392954396579084
MAPT	ZK-93423	Not Approved	""	0.02966124918118496
MAPT	KAEMPHEROL	Not Approved	""	0.00659138870692999
MAPT	CARNOSIC ACID	Not Approved	""	0.02372899934494796
MAPT	CHEMBL:CHEMBL533293	Not Approved	""	0.01078590879315816
MAPT	TYRPHOSTIN A9	Not Approved	""	0.005392954396579084
MAPT	RO31-8220	Not Approved	""	0.01483062459059248
MAPT	CHEMBL:CHEMBL548017	Not Approved	""	0.02372899934494796
MAPT	ETHOPROPAZINE HYDROCHLORIDE	Approved	""	0.0169492852463914
MAPT	2,6-DIMETHOXYQUINONE	Not Approved	""	0.0169492852463914
MAPT	CHEMBL:CHEMBL1546228	Not Approved	""	0.0169492852463914
MAPT	CHEMBL:CHEMBL146710	Not Approved	""	0.01318277741385998
MAPT	CHEMBL:CHEMBL428789	Not Approved	""	0.00790966644831599
MAPT	OXOPURPUREINE	Not Approved	""	0.0169492852463914
MAPT	OBTUSAQUINONE	Not Approved	""	0.01977416612078997
MAPT	GEFITINIB	Approved	antineoplastic agent	0.001770820846637908
MAPT	CHEMBL:CHEMBL1372046	Not Approved	""	0.02966124918118496
APOE	TRIAMCINOLONE	Approved	for treatment of diabetic macular edema	0.07826656455605027
APOE	AZ7188	Not Approved	""	0.9000654923945781
APOE	PRAVASTATIN SODIUM	Approved	anticholesterolaemic agent,antihypecholesterolemic agent	0.1333430359103078
APOE	LUTEIN	Approved	""	0.9000654923945781
APOE	TRETINOIN	Approved	for treatment of acne	0.01978165917350721
APOE	LECANEMAB	Approved	""	0.450032746197289
APOE	PHYTOSTEROL	Not Approved	""	0.9000654923945781
APOE	BUTHIONINE SULFOXIMINE	Not Approved	""	0.1800130984789156
APOE	P2PAL18S	Not Approved	""	0.9000654923945781
APOE	THERAPEUTIC CORTICOSTEROID	Not Approved	""	0.04286026154259895
APOE	VITAMIN E	Approved	""	0.1125081865493222
APOE	AZ2429	Not Approved	""	0.9000654923945781
APOE	GB88	Not Approved	""	0.9000654923945781
APOE	IRBESARTAN	Approved	antihypertensive agent	0.2250163730986445
APOE	SLIGKV-NH2	Not Approved	""	0.9000654923945781
APOE	STAUROSPORINE	Not Approved	""	0.06429039231389844
APOE	TROGLITAZONE	Approved	""	0.06923580710727524
APOE	AEM-28	Not Approved	""	0.9000654923945781
APOE	TRANS-CINNAMOYL-LIGRLO [N-[3H]PROPIONYL]-NH2	Not Approved	""	0.9000654923945781
APOE	ACE INHIBITOR	Not Approved	""	0.3857423538833907
APOE	I-191	Not Approved	""	0.9000654923945781
APOE	AZ3451	Not Approved	""	0.9000654923945781
APOE	CN-105	Not Approved	""	0.9000654923945781
APOE	RECOMBINANT CYTOKINE	Not Approved	""	0.1038537106609128
APOE	2-FUROYL-LIGRL[N[3H]PROPIONYL]-O-NH2	Not Approved	""	0.9000654923945781
APOE	FENOFIBRATE MICRONIZED	Approved	anticholesterolaemic agent,antidyslipidaemic agent	0.06923580710727524
APOE	DONEPEZIL	Approved	for treatment of alzheimer's disease	0.3375245596479668
APOE	AC-98170	Not Approved	""	0.9000654923945781
APOE	HUMAN CHORIONIC GONADOTROPIN	Approved	""	0.09474373604153453
APOE	GALANTAMINE	Approved	for treatment of alzheimer's disease	0.2250163730986445
APOE	NICOTINE POLACRILEX	Approved	Central Nervous System Stimulants	0.03913328227802513
APOE	I-287	Not Approved	""	0.9000654923945781
APOE	ANTIDEPRESSANT AGENT	Not Approved	""	0.03461790355363762
APOE	ISOX-CHA-CHG-ALA-ARG-DPR(4FB)-NH2	Not Approved	""	0.9000654923945781
APOE	GANCICLOVIR	Approved	""	0.2250163730986445
APOE	C391	Not Approved	""	0.9000654923945781
APOE	IMMUNOSUPPRESSANT	Not Approved	""	0.1000072769327309
APOE	AZ8838	Not Approved	""	0.9000654923945781
APOE	2-FUROYL-LIGRL[N-(ALEXA FLUOR 594)-O]-NH2	Not Approved	""	0.9000654923945781
APOE	ISOX-CHA-CHG-ARK(SULFO-CY5)-NH2	Not Approved	""	0.9000654923945781
APOE	AY77	Not Approved	""	0.9000654923945781
APOE	AC-55541	Not Approved	""	0.450032746197289
APOE	AC264613	Not Approved	""	0.450032746197289
APOE	[3H]2-FUROYL-LIGRL-NH2	Not Approved	""	0.9000654923945781
APOE	2-FUROYL-LIGRLO-AMIDE	Not Approved	""	0.9000654923945781
APOE	GB110	Not Approved	""	0.9000654923945781
APOE	BUPROPION HYDROCHLORIDE	Approved	smoking-cessation agent,appetite suppressant,antidepressant	0.1058900579287738
APOE	RIVASTIGMINE	Approved	for treatment of Alzheimer's disease	0.2571615692555937
APOE	NORETHINDRONE ACETATE	Approved	""	0.3000218307981927
APOE	PREDNISONE	Approved	corticosteroid,antiinflammatory agent	0.04000291077309236
APOE	SLIGRL-NH2	Not Approved	""	0.9000654923945781
APOE	GINKGO BILOBA EXTRACT	Approved	""	0.3600261969578312
APOE	SOYBEAN SEED OIL	Approved	""	0.3600261969578312
APOE	BENZO(A)PYRENE-7,8-DIOL 9,10-EPOXIDE	Not Approved	""	0.450032746197289
APOE	FLUVASTATIN	Approved	antihypecholesterolemic agent	0.2700196477183734
APOE	SOY PROTEIN ISOLATE	Not Approved	""	0.3000218307981927
APOE	RITONAVIR	Approved	""	0.1000072769327309
APOE	LORAZEPAM	Approved	Anti-anxiety Agents; Anticonvulsants; Hypnotics and Sedatives	0.07200523939156624
AXIN1	CHEMBL:CHEMBL91638	Not Approved	""	52.20379855888553
NGFR	LM11A-31	Not Approved	""	6.525474819860691
NGFR	VOCLOSPORIN	Approved	immunosuppressant,DMARD,antiinflammatory agent	2.175158273286897
NGFR	CENEGERMIN	Approved	""	3.262737409930345
NGFR	FULRANUMAB	Not Approved	""	6.525474819860691
IFNA1	DIETHYLDITHIOCARBAMATE	Not Approved	""	1.355942819711312
IFNA1	RECOMBINANT PROTHYMOSIN ALPHA	Not Approved	""	3.163866579326396
IFNA1	CL 246738	Not Approved	""	9.491599737979188
IFNA1	RONTALIZUMAB	Not Approved	""	0.3650615283838149
IFNA1	CORYNEBACTERIUM GRANULOSUM P40	Not Approved	""	9.491599737979188
IFNA1	SIFALIMUMAB	Not Approved	for treatment of systemic lupues erythematosus	0.3163866579326396
IFNA1	PROTEIN SYNTHESIS INHIBITOR	Not Approved	""	0.790966644831599
IFNA1	FARALIMOMAB	Not Approved	""	2.372899934494797
IFNA1	IMIQUIMOD	Approved	antineoplastic agent,anti wart agent	2.372899934494797
IFNA1	CASPASE INHIBITOR	Not Approved	""	3.163866579326396
IFNA1	METYROSINE	Approved	Catecholamine synthesis inhibitors	0.7301230567676299
VHL	GEDATOLISIB	Not Approved	""	0.1487287708230357
VHL	TELAGLENASTAT	Not Approved	""	1.338558937407321
VHL	RUXOLITINIB	Approved	antiinflammatory agent,antineoplastic agent	0.1254899003819364
VHL	SUNITINIB	Approved	antineoplastic agent	0.2091498339698939
VHL	TRAMETINIB DIMETHYL SULFOXIDE	Approved	antineoplastic agent	0.08543993217493541
VHL	APITOLISIB	Not Approved	""	0.1544491081623832
VHL	BEVACIZUMAB	Approved	antineoplastic agent	0.2007838406110982
VHL	SARACATINIB	Not Approved	""	0.3088982163247665
VHL	NICOTINE POLACRILEX	Approved	Central Nervous System Stimulants	0.08729732200482532
VHL	ARV-771	Not Approved	""	1.003919203055491
VHL	BELZUTIFAN	Approved	""	2.007838406110982
VHL	M8891	Not Approved	""	1.003919203055491
VHL	CEDIRANIB	Not Approved	antineoplastic agent	0.07170851450396365
VHL	OLAPARIB	Approved	""	0.08729732200482532
VHL	PEGINTERFERON ALFA-2A	Approved	Antineoplastic Agents; Immunomodulatory Agents,for treatment of hepatitis B and C	0.1384716142145504
VHL	SORAFENIB	Approved	antineoplastic agent	0.01745946440096506
VHL	PAZOPANIB	Approved	antineoplastic agent	0.07045047038985902
VHL	RECOMBINANT VASCULAR ENDOTHELIAL GROWTH FACTOR	Not Approved	""	0.2868340580158546
VHL	TEMSIROLIMUS	Approved	antineoplastic agent	0.1338558937407321
VHL	EVEROLIMUS	Approved	immunosuppressant	0.1771622123039101
VHL	RECOMBINANT CYTOKINE	Not Approved	""	0.1544491081623832
VHL	IBUPROFEN, SODIUM SALT	Approved	NSAID	0.1029660721082554
VHL	REGORAFENIB	Approved	antineoplastic agent	0.1216871761279383
VHL	CABOZANTINIB S-MALATE	Approved	antineoplastic agent	0.1825307641919074
VHL	MYELOID CELL LEUKEMIA 1 INHIBITOR PRT1419	Not Approved	""	2.007838406110982
VHL	AXITINIB	Approved	antineoplastic agent	0.2868340580158545
CCL20	GSK3050002	Not Approved	""	52.20379855888553
ABCB11	ODEVIXIBAT	Approved	""	0.790966644831599
ABCB11	ROSUVASTATIN	Approved	antihypecholesterolemic agent	0.3954833224157995
ABCB11	CHENODEOXYCHOLIC ACID	Approved	""	0.9491599737979187
ABCB11	GLYBURIDE	Approved	Hypoglycemic Agents,antidiabetic	0.3272965426889375
ABCB11	GS-9256	Not Approved	""	2.372899934494797
ABCB11	LAPATINIB	Approved	antineoplastic agent	0.306180636709006
ABCB11	CHOLIC ACID	Approved	""	0.790966644831599
ABCB11	DOXORUBICIN HYDROCHLORIDE	Approved	antineoplastic agent	0.06413243066202154
ABCB11	HYDROXYPROGESTERONE CAPROATE (USP)	Approved	""	2.372899934494797
ABCB11	DAUNORUBICIN LIPOSOMAL	Approved	antineoplastic agent	0.1043032938239471
ABCB11	CYCLOSPORINE	Approved	immunosuppressant,opthalmological agent	0.1090988475629791
F2	DESIRUDIN	Approved	antithrombotic	1.338558937407321
F2	BIVALIRUDIN	Approved	antiplatelet agent	2.677117874814642
F2	TAMOXIFEN	Approved	Hormonal,Antineoplastic Agents	0.04118642884330219
F2	PEGMUSIRUDIN	Not Approved	""	1.338558937407321
F2	FLOVAGATRAN	Not Approved	anticoagulant	1.338558937407321
F2	ANISINDIONE	Approved	Anticoagulants	0.2230931562345535
F2	HEPARIN	Approved	for treatment of cystic fibrosis,for treatment of pelvic pain of bladder origin and interstitital cystitis,antithrombotic,anticoagulant	0.08365993358795758
F2	CATECHIN	Approved	""	0.1029660721082554
F2	DABIGATRAN	Approved	anticoagulant	0.5949150832921427
F2	DABIGATRAN ETEXILATE MESYLATE	Approved	""	1.338558937407321
F2	QUERCETIN	Approved	""	0.01694378401781419
F2	ODIPARCIL	Not Approved	""	1.338558937407321
F2	DPOC-4088	Not Approved	""	1.338558937407321
F2	LUSUTROMBOPAG	Approved	""	0.446186312469107
F2	ICHORCUMAB	Not Approved	""	1.338558937407321
F2	PYRIDOXAL PHOSPHATE ANHYDROUS	Not Approved	""	0.446186312469107
F2	BORTEZOMIB	Approved	antineoplastic agent	0.03149550440958403
F2	ANTITHROMBIN ALFA	Approved	antithrombotic	0.2974575416460713
F2	SR-123781A	Not Approved	""	0.6692794687036606
F2	ENOXAPARIN SODIUM	Approved	anticoagulant	0.3346397343518303
F2	CYANIDIN	Not Approved	""	1.338558937407321
F2	CHEMBL:CHEMBL586628	Not Approved	""	1.338558937407321
F2	AZD-8165	Not Approved	""	1.338558937407321
F2	STAUROSPORINE	Not Approved	""	0.07873876102396007
F2	AVATROMBOPAG	Approved	""	0.3824454106878061
F2	HIRUDIN	Not Approved	""	1.338558937407321
F2	CYANIN	Not Approved	""	1.338558937407321
F2	COMPOUND 2C [PMID: 24900538]	Not Approved	""	0.1338558937407321
F2	SILIBININ	Not Approved	""	0.1115465781172767
F2	EP-217609	Not Approved	anticoagulant	1.338558937407321
F2	APRAMIDE A	Not Approved	""	2.677117874814642
F2	EPICATECHIN	Not Approved	""	0.1029660721082554
F2	ARGATROBAN	Approved	anticoagulant	1.338558937407321
F2	MELAGATRAN	Not Approved	""	0.191222705343903
F2	ATECEGATRAN METOXIL	Not Approved	anticoagulant	2.677117874814642
F2	ASPIRIN TRELAMINE	Not Approved	""	1.338558937407321
F2	VITAMIN K3	Approved	for reducing EGFR-inhibitor-induced dermatological side effects	0.04615720473818349
F2	XIMELAGATRAN	Approved	Anticoagulants	2.007838406110981
F2	CHEMBL:CHEMBL1083499	Not Approved	""	1.338558937407321
OCA2	ENTECAVIR ANHYDROUS	Approved	""	4.745799868989594
OCA2	CLEVUDINE	Not Approved	""	4.745799868989594
OCA2	TELBIVUDINE	Approved	""	4.745799868989594
OCA2	ELVUCITABINE	Not Approved	""	2.372899934494797
OCA2	LAMIVUDINE	Approved	""	0.1977416612078997
OCA2	ADEFOVIR	Approved	""	2.372899934494797
OCA2	VALTORCITABINE	Not Approved	""	4.745799868989594
OCA2	ADEFOVIR DIPIVOXIL	Approved	""	0.5273110965543993
OCA2	PRADEFOVIR MESYLATE	Not Approved	""	4.745799868989594
OCA2	LB80380	Not Approved	""	4.745799868989594
OCA2	TENOFOVIR	Approved	""	0.3389857049278281
RAC1	CHEMBL:CHEMBL554475	Not Approved	""	5.800422062098392
RAC1	AZATHIOPRINE	Approved	""	0.3052853716893891
RAC1	CHEMBL:CHEMBL563777	Not Approved	""	5.800422062098392
RAC1	CHEMBL:CHEMBL562095	Not Approved	""	5.800422062098392
RAC1	CHEMBL:CHEMBL579882	Not Approved	""	5.800422062098392
RAC1	VEMURAFENIB	Approved	antineoplastic agent	0.1567681638404971
RAC1	DABRAFENIB	Approved	antineoplastic agent	0.2148304467443849
RAC1	PLX-4720	Not Approved	""	0.6444913402331547
RAC1	NSC 23766	Not Approved	""	11.60084412419678
ACE	SALVIANOLIC ACID B	Not Approved	""	0.4424050725329282
ACE	CANDOXATRIL	Approved	Antihypertensive Agents	0.5898734300439042
ACE	CILAZAPRIL	Approved	Antihypertensive Agents	4.424050725329282
ACE	TP0556351	Not Approved	""	0.147468357510976
ACE	PRAVASTATIN SODIUM	Approved	anticholesterolaemic agent,antihypecholesterolemic agent	0.1638537305677511
ACE	SILDENAFIL	Approved	antihypertensive agent,for treatment of erectile dysfucntion,for treatment of erectile dysfunction	0.1608745718301557
ACE	GEMFIBROZIL	Approved	Antilipemic Agents	0.1361246377024394
ACE	RESCINNAMINE	Approved	Antihypertensive Agents	0.5308860870395138
ACE	SPIRAPRIL	Approved	Antihypertensive Agents	1.327215217598784
ACE	INDOMETHACIN	Approved	NSAID	0.04424050725329282
ACE	HYDROCHLOROTHIAZIDE	Approved	antihypertensive agent	0.1154100189216334
ACE	ARGIPRESSIN	Approved	analgesic,Antidiuretic Agents	0.06806231885121973
ACE	METOPROLOL	Approved	Anti-Arrhythmia Agents; Antihypertensive Agents,antihypertensive agent	0.2722492754048789
ACE	DELAPRIL	Not Approved	""	1.769620290131712
ACE	ACETYLCHOLINE	Approved	""	0.2949367150219521
ACE	THERAPEUTIC GLUCOCORTICOID	Not Approved	""	0.0520476555921092
ACE	IMIDAPRIL	Approved	""	0.2212025362664641
ACE	MALATHION	Approved	""	0.147468357510976
ACE	MOEXIPRIL	Approved	Antihypertensive Agents	1.327215217598784
ACE	VORINOSTAT	Approved	antineoplastic agent	0.03160036232378059
ACE	ILEPATRIL	Not Approved	antihypertensive agent	0.8848101450658564
ACE	RXP470.1	Not Approved	""	0.8848101450658564
ACE	CGS-27023A	Not Approved	""	0.2212025362664641
ACE	NITROPRUSSIDE	Approved	Antihypertensive Agents; Vasodilator Agents	0.8848101450658564
ACE	ENALAPRILAT ANHYDROUS	Approved	""	0.8848101450658564
ACE	TORSEMIDE	Approved	Antihypertensive Agents; Diuretics	0.147468357510976
ACE	ATORVASTATIN CALCIUM TRIHYDRATE	Approved	anticholesterolaemic agent,antihypecholesterolemic agent	0.03217491436603115
ACE	FOSINOPRIL	Approved	Antihypertensive Agents	1.327215217598784
ACE	FUROSEMIDE	Approved	Antihypertensive Agents; Diuretics	0.147468357510976
ACE	TEMOCAPRIL HYDROCHLORIDE	Not Approved	""	0.8848101450658564
ACE	BENAZEPRIL HYDROCHLORIDE	Approved	""	0.4424050725329282
ACE	CARBARIL	Approved	""	0.1264014492951223
ACE	BUPROPION HYDROCHLORIDE	Approved	smoking-cessation agent,appetite suppressant,antidepressant	0.1040953111842184
ACE	QUINAPRIL	Approved	antihypertensive agent	0.8848101450658564
ACE	COMPOUND 1 [PMID: 24900526]	Not Approved	""	0.8848101450658564
ACE	COMPOUND 20 [PMID: 22153340]	Not Approved	""	0.8848101450658564
ACE	BUMETANIDE	Approved	Antihypertensive Agents; Diuretics	0.09831223834065071
ACE	GALLOPAMIL	Not Approved	""	0.2949367150219521
ACE	FLUOXETINE HYDROCHLORIDE	Approved	for treatment of bipolar disorder,for treatment of autism,antidepressant,for treatment of sleep apnea	0.06320072464756119
ACE	AZD6605	Not Approved	""	0.2212025362664641
ACE	FOSINOPRIL SODIUM	Approved	""	0.8848101450658564
ACE	PERINDOPRIL	Approved	Antihypertensive Agents	1.179746860087808
ACE	ENALAPRIL MALEATE	Approved	antihypertensive agent	0.6985343250519919
ACE	ILOMASTAT	Not Approved	""	0.03539240580263425
ACE	CAPTOPRIL	Approved	Antihypertensive Agents	1.837682608982932
ACE	LISINOPRIL ANHYDROUS	Approved	antihypertensive agent	0.4424050725329282
ACE	ASPIRIN	Approved	NSAID	0.01988337404642374
ACE	AZD1236	Not Approved	""	0.4424050725329282
ACE	BENAZEPRIL	Approved	antihypertensive agent	0.4424050725329282
ACE	ENZYME INHIBITOR	Not Approved	""	0.147468357510976
ACE	TRANDOLAPRIL	Approved	antihypertensive agent	0.7078481160526852
ACE	DESERPIDINE	Approved	Antihypertensive Agents	0.6636076087993923
ACE	COMPOUND 5  [PMID: 24900526]	Not Approved	""	0.8848101450658564
ACE	SPIRAPRIL HYDROCHLORIDE	Approved	""	0.8848101450658564
ACE	PERINDOPRIL ARGININE	Approved	""	0.8848101450658564
ACE	QUINAPRIL HYDROCHLORIDE	Approved	""	0.2949367150219521
ACE	RAMIPRIL	Approved	Antihypertensive Agents	0.5898734300439042
ACE	MOEXIPRIL HYDROCHLORIDE	Approved	""	0.8848101450658564
ACE	ALACEPRIL	Not Approved	""	0.8848101450658564
CD80	ABATACEPT	Approved	DMARD,antiinflammatory agent,immunosuppressant	5.220379855888552
CD80	METHYLPREDNISOLONE	Approved	Anti-Inflammatory Agents; Glucocorticoids	0.483368505174866
CD80	ANTINEOPLASTIC VACCINE	Not Approved	""	1.740126618629517
CD80	BELATACEPT	Approved	immunosuppressant	1.740126618629517
CD80	DNA VACCINE	Not Approved	""	1.740126618629517
CD80	CLOPIDOGREL	Approved	antithrombotic,antiplatelet agent	0.2485895169470739
CD80	ROXITHROMYCIN	Not Approved	""	0.966737010349732
CD80	CYCLOSPORINE	Approved	immunosuppressant,opthalmological agent	0.1000072769327309
CD80	PICIBANIL	Not Approved	""	1.740126618629517
CD80	TOREMIFENE	Approved	SERM,antineoplastic agent	0.6692794687036607
CD80	GALIXIMAB	Not Approved	antineoplastic agent	13.05094963972138
CD80	VIAGENPUMATUCEL-L	Not Approved	""	2.175158273286897
TERT	TELOMESTATIN	Not Approved	""	2.983074203364887
TERT	RECOMBINANT VASCULAR ENDOTHELIAL GROWTH FACTOR	Not Approved	""	0.2130767288117777
TERT	ISOBONDUCELLIN	Not Approved	""	2.983074203364887
TERT	IMETELSTAT	Approved	antineoplastic agent	2.983074203364887
TERT	CHEMBL:CHEMBL481161	Not Approved	""	2.983074203364887
TERT	TERTOMOTIDE	Not Approved	antineoplastic agent	2.983074203364887
TERT	CHEMBL:CHEMBL190474	Not Approved	""	2.983074203364887
TERT	ERIBULIN MESYLATE	Approved	""	0.4971790338941478
TERT	CHEMBL:CHEMBL608862	Not Approved	""	2.983074203364887
TERT	CHEMBL:CHEMBL520095	Not Approved	""	2.983074203364887
TERT	9,10-PHENANTHRENEQUINONE	Not Approved	""	0.1147336232063418
TERT	ARSENIC TRIOXIDE	Approved	antineoplastic agent	0.1147336232063418
TERT	RALOXIFENE HYDROCHLORIDE	Approved	Hormone Replacement Agents	0.05966148406729774
TERT	CHEMBL:CHEMBL2336666	Not Approved	""	2.983074203364887
TERT	IODINE I-131	Approved	""	1.491537101682443
TERT	EPITALON	Not Approved	""	1.491537101682443
TERT	CHEMBL:CHEMBL89250	Not Approved	""	2.983074203364887
TERT	CHEMBL:CHEMBL144757	Not Approved	""	2.983074203364887
TERT	CHEMBL:CHEMBL17442	Not Approved	""	2.983074203364887
TERT	HTERT VACCINE V934/V935	Not Approved	antineoplastic agent	0.4971790338941478
TERT	HTERT-LAMP MRNA-LOADED AUTOLOGOUS DENDRITIC CELL VACCINE GRNVAC1	Not Approved	""	1.491537101682443
TERT	CHEMBL:CHEMBL89977	Not Approved	""	2.983074203364887
TERT	CHEMBL:CHEMBL1254091	Not Approved	""	2.983074203364887
TERT	BERBERINE	Not Approved	""	0.2983074203364887
TERT	DENDRITIC CELL VACCINE	Not Approved	""	0.7457685508412218
TERT	IMETELSTAT SODIUM	Approved	""	1.491537101682443
TERT	BDNF	Not Approved	""	0.4971790338941478
TERT	CHEMBL:CHEMBL481160	Not Approved	""	2.983074203364887
TERT	SURATADENOTUREV	Not Approved	""	1.491537101682443
TERT	ANTISENSE OLIGONUCLEOTIDES	Not Approved	""	0.09039618798075416
TERT	CHEMBL:CHEMBL91163	Not Approved	""	2.983074203364887
TERT	OMACETAXINE MEPESUCCINATE	Approved	antineoplastic agent	0.5966148406729774
TERT	HLA-A*0201 RESTRICTED TERT(572Y)/TERT(572) PEPTIDES VACCINE VX-001	Not Approved	""	1.491537101682443
TERT	CHEMBL:CHEMBL457246	Not Approved	""	2.983074203364887
TERT	SODIUM METAARSENITE	Not Approved	""	2.983074203364887
AHR	PIPERINE	Approved	""	0.0790966644831599
AHR	CYPRODINIL	Not Approved	""	0.2900211031049196
AHR	CHEMBL:CHEMBL329673	Not Approved	""	0.0790966644831599
AHR	CARBARIL	Approved	""	0.1242947584735369
AHR	CHEMBL:CHEMBL57394	Not Approved	""	0.4350316546573794
AHR	QUINALPHOS	Not Approved	""	0.8700633093147588
AHR	LINURON	Not Approved	""	0.4350316546573794
AHR	PENTACHLOROPHENOL	Not Approved	""	0.06214737923676849
AHR	FLAVONE	Approved	""	0.1450105515524598
AHR	DIMETHYL YELLOW	Not Approved	""	0.2175158273286897
AHR	NICLOSAMIDE	Approved	""	0.03222456701165773
AHR	NAPHTHOQUINONE	Not Approved	""	0.1740126618629517
AHR	DESMEDIPHAM	Not Approved	""	0.4350316546573794
AHR	CHEMBL:CHEMBL70582	Not Approved	""	0.2175158273286897
AHR	GENISTEIN	Approved	""	0.01500109153990963
AHR	CHEMBL:CHEMBL1873684	Not Approved	""	0.2900211031049196
AHR	TAPINAROF	Approved	""	0.4350316546573794
AHR	CHEMBL:CHEMBL541230	Not Approved	""	0.8700633093147588
AHR	DIBENZ[A,H]ANTHRACENE	Not Approved	""	0.1740126618629517
AHR	PHENAZOPYRIDINE HYDROCHLORIDE	Approved	""	0.05437895683217243
AHR	DESMETHOXYYANGONIN	Not Approved	""	0.2175158273286897
AHR	CHEMBL:CHEMBL77675	Not Approved	""	0.2175158273286897
AHR	CHEMBL:CHEMBL84685	Not Approved	""	0.1450105515524598
AHR	CLIOQUINOL	Approved	""	0.0483368505174866
AHR	TCDD	Not Approved	""	0.0696050647451807
AHR	CHEMBL:CHEMBL295337	Not Approved	""	0.4350316546573794
AHR	METHYLCELLULOSE	Approved	""	0.8700633093147588
AHR	ALDICARB	Not Approved	""	0.2900211031049196
AHR	1-NAPHTHYLISOTHIOCYANATE	Not Approved	""	0.2175158273286897
AHR	BENZO[DEF]CHRYSENE	Not Approved	""	0.8700633093147588
AHR	LEVOTHYROXINE	Approved	hormone replacement	0.05437895683217243
AHR	BETA-NAPHTHOFLAVONE	Not Approved	""	0.8700633093147588
AHR	CHEMBL:CHEMBL538965	Not Approved	""	0.2175158273286897
AHR	CHRYSENE	Not Approved	""	0.4350316546573794
AHR	NITAZOXANIDE	Approved	""	0.07250527577622991
AHR	DICHLON	Not Approved	""	0.2900211031049196
AHR	MICHLER'S KETONE	Not Approved	""	0.0966737010349732
AHR	RESVERATROL	Approved	antineoplastic agent,antidiabetic,for treatment of herpes simplex virus 1	0.01775639406764814
AHR	QUESTIOMYCIN B	Not Approved	""	0.1740126618629517
AHR	EMODIN	Not Approved	""	0.03346397343518303
AHR	DIPHENYLUREA	Not Approved	""	0.2900211031049196
AHR	SALICYLANILIDE	Not Approved	""	0.4350316546573794
AHR	3-METHYLCHOLANTHRENE	Not Approved	""	0.2175158273286897
AHR	2-CHLORO-5-NITRO-N-PHENYLBENZAMIDE	Not Approved	""	0.1087579136643448
AHR	CHRYSIN	Approved	""	0.06214737923676849
AHR	PYRAFLUFEN-ETHYL	Not Approved	""	0.4350316546573794
AHR	CHEMBL:CHEMBL597452	Not Approved	""	0.8700633093147588
AHR	YANGONIN	Not Approved	""	0.2900211031049196
AHR	BENZO(K)FLUORANTHENE	Not Approved	""	0.08700633093147588
AHR	BENZOFURAN	Not Approved	""	0.2900211031049196
AHR	RIMSULFURON	Not Approved	""	0.4350316546573794
AHR	COLFORSIN	Not Approved	""	0.1087579136643448
AHR	METHABENZTHIAZURON	Not Approved	""	0.4350316546573794
AHR	DIFLUBENZURON	Not Approved	""	0.4350316546573794
AHR	BENZO[B]FLUORANTHENE	Not Approved	""	0.1242947584735369
AHR	OMEPRAZOLE	Approved	antiulcer agent,Proton pump inhibitor	0.04703044915214913
AHR	CSC	Not Approved	""	0.4350316546573794
AHR	OLANZAPINE	Approved	for treatment of bipolar disorder,antidepressant,antipsychotic agent	0.02289640287670418
AHR	ROMIPLOSTIM	Approved	for treatment of thrombocytopenia	0.2175158273286897
AHR	THIABENDAZOLE	Approved	""	0.1450105515524598
HIF1A	AMCINONIDE	Approved	topical,Anti-Inflammatory Agents; Anti-pruritics; Corticosteroids	0.05143231385111875
HIF1A	EMETINE	Not Approved	""	0.1440104787831324
HIF1A	FLUFENAMIC ACID	Not Approved	""	0.009474373604153452
HIF1A	CHEMBL:CHEMBL458765	Not Approved	""	0.120008732319277
HIF1A	TIRATRICOL	Not Approved	""	0.06000436615963853
HIF1A	ELLIPTECINE	Not Approved	""	0.01125081865493222
HIF1A	SB-415286	Not Approved	""	0.01800130984789156
HIF1A	CATECHOL	Not Approved	""	0.01636482713444687
HIF1A	QUERCETIN	Approved	""	0.00455729363237761
HIF1A	CYCLOHEXIMIDE	Not Approved	""	0.007579498883322762
HIF1A	NOSCAPINE	Not Approved	antineoplastic agent	0.0900065492394578
HIF1A	IODOQUINOL	Approved	""	0.04000291077309236
HIF1A	OXATOMIDE	Approved	""	0.06000436615963853
HIF1A	CGS 15943	Not Approved	""	0.03272965426889375
HIF1A	ISOCEPHAELINE	Not Approved	""	0.7200523939156624
HIF1A	MECLOFENAMATE SODIUM	Approved	""	0.05143231385111875
HIF1A	BENZAMIL	Not Approved	""	0.0450032746197289
HIF1A	FUSARIC ACID	Not Approved	""	0.05143231385111875
HIF1A	VINCRISTINE SULFATE	Approved	""	0.0189487472083069
HIF1A	HESPERETIN	Approved	""	0.04000291077309236
HIF1A	ZAPRINAST	Not Approved	""	0.02769432284291009
HIF1A	2-CHLOROADENOSINE	Not Approved	""	0.03272965426889375
HIF1A	DIETHYLSTILBESTROL DIPROPIONATE	Not Approved	""	0.1800130984789156
HIF1A	CHEMBL:CHEMBL80155	Not Approved	""	0.03600261969578312
HIF1A	LORATADINE	Approved	antiasthmatic agent	0.0189487472083069
HIF1A	ENMD-1198	Not Approved	antineoplastic agent	0.7200523939156624
HIF1A	CHEMBL:CHEMBL471225	Not Approved	""	0.07200523939156624
HIF1A	E324	Not Approved	""	0.02769432284291009
HIF1A	PROPYLPYRAZOLETRIOL	Not Approved	""	0.03000218307981926
HIF1A	HYDROQUINONE	Approved	""	0.02117801158575477
HIF1A	ANTI-HIF-1ALPHA LNA ANTISENSE OLIGONUCLEOTIDE EZN-2968	Not Approved	""	0.7200523939156624
HIF1A	KLUGINE	Not Approved	""	0.7200523939156624
HIF1A	PROCATEROL HYDROCHLORIDE	Not Approved	""	0.1800130984789156
HIF1A	EPICATECHIN GALLATE	Not Approved	""	0.1440104787831324
HIF1A	SULFASALAZINE	Approved	DMARD,antiinflammatory agent	0.01500109153990963
HIF1A	HYPERBARIC OXYGEN	Not Approved	""	0.1440104787831324
HIF1A	CHEMBL:CHEMBL311489	Not Approved	""	0.1800130984789156
HIF1A	SORAFENIB	Approved	antineoplastic agent	0.006261325164484022
HIF1A	PIMOZIDE	Approved	Antidyskinetics; Antipsychotic Agents	0.01058900579287738
HIF1A	NICLOSAMIDE	Approved	""	0.01333430359103078
HIF1A	TYRPHOSTIN B48	Not Approved	""	0.0189487472083069
HIF1A	SP-600125	Not Approved	""	0.004045238168065519
HIF1A	EPINEPHRINE BITARTRATE	Approved	""	0.02117801158575477
HIF1A	S(+)-APOMORPHINE	Not Approved	""	0.0450032746197289
HIF1A	CHEMBL:CHEMBL1588679	Not Approved	""	0.07200523939156624
HIF1A	SPIPERONE	Not Approved	""	0.0189487472083069
HIF1A	TOLFENAMIC ACID	Not Approved	""	0.03600261969578312
HIF1A	DEPHOSTATIN	Not Approved	""	0.01440104787831324
HIF1A	CHEMBL:CHEMBL362223	Not Approved	""	0.07200523939156624
HIF1A	NEOPETROFORMYNE A	Not Approved	""	0.3600261969578312
HIF1A	EPOETIN ALFA	Approved	for treatment of anemia,Antianemic Agents,for treatment of stroke,erythropoietic agent	0.04235602317150955
HIF1A	MEFENAMIC ACID	Approved	NSAID	0.02571615692555937
HIF1A	ESCULETIN	Not Approved	""	0.05143231385111875
HIF1A	BENZO[B]FLUORANTHENE	Not Approved	""	0.05143231385111875
HIF1A	GW1929	Not Approved	""	0.04000291077309236
HIF1A	DAVAMOTECAN PEGADEXAMER	Not Approved	""	0.3600261969578312
HIF1A	TANESPIMYCIN	Not Approved	antineoplastic agent	0.05538864568582019
HIF1A	CLOTRIMAZOLE	Approved	""	0.00973043775561706
HIF1A	DIBENZ[A,H]ANTHRACENE	Not Approved	""	0.07200523939156624
HIF1A	INAMRINONE	Approved	Cardiotonic Agents; Phosphodiesterase Inhibitors	0.0189487472083069
HIF1A	DEOXIEPINEPHRINE	Not Approved	""	0.06000436615963853
HIF1A	(R)-MELPHALAN	Not Approved	""	0.1800130984789156
HIF1A	CHEMBL:CHEMBL515505	Not Approved	""	0.01565331291121005
HIF1A	AXITINIB	Approved	antineoplastic agent	0.03428820923407916
HIF1A	PURVALANOLA	Not Approved	""	0.06000436615963853
HIF1A	AG 490	Not Approved	""	0.02250163730986445
HIF1A	PROMAZINE	Approved	Antiemetics; Antipsychotic Agents	0.0189487472083069
HIF1A	CHLOROETHYLCLONIDINE	Not Approved	""	0.1800130984789156
HIF1A	ISOPROTERENOL	Approved	Bronchodilator Agents; Cardiotonic Agents	0.01125081865493222
HIF1A	TRETINOIN	Approved	for treatment of acne	0.003956331834701442
HIF1A	FLUPIRTINE	Not Approved	analgesic	0.02250163730986445
HIF1A	TOPOTECAN HYDROCHLORIDE	Approved	antineoplastic agent	0.01500109153990963
HIF1A	BENZBROMARONE	Approved	""	0.02250163730986445
HIF1A	8-AZAGUANINE	Not Approved	""	0.06000436615963853
HIF1A	2-METHOXYESTRADIOL	Not Approved	""	0.03600261969578312
HIF1A	CYCLOSERINE	Approved	""	0.0900065492394578
HIF1A	COBALT	Not Approved	""	0.09818896280668125
HIF1A	CHEMBL:CHEMBL1528359	Not Approved	""	0.120008732319277
HIF1A	ETHAMSYLATE	Approved	""	0.120008732319277
HIF1A	PARAROSANILINE	Not Approved	""	0.03272965426889375
HIF1A	TPCK	Not Approved	""	0.02000145538654618
HIF1A	OXETHAZAINE	Not Approved	""	0.120008732319277
HIF1A	DEQUALINIUM	Approved	""	0.02250163730986445
HIF1A	CHEMBL:CHEMBL239439	Not Approved	""	0.05143231385111875
HIF1A	PROTEASOME INHIBITOR	Not Approved	""	0.03600261969578312
HIF1A	FUROSPONGOLIDE	Not Approved	""	0.3600261969578312
HIF1A	CHEMBL:CHEMBL56393	Not Approved	""	0.01285807846277968
HIF1A	CHEMBL:CHEMBL1492017	Not Approved	""	0.06000436615963853
HIF1A	SUNITINIB	Approved	antineoplastic agent	0.007500545769954817
HIF1A	PAZOPANIB	Approved	antineoplastic agent	0.01263249813887127
HIF1A	RESVERATROL	Approved	antineoplastic agent,antidiabetic,for treatment of herpes simplex virus 1	0.007347473407302678
HIF1A	APIGENIN	Approved	""	0.01384716142145504
HIF1A	TRIAMTERENE	Approved	Antihypertensive Agents; Diuretics	0.02000145538654618
HIF1A	LEVONORDEFRIN	Approved	""	0.03272965426889375
HIF1A	HYDROCORTISONE BUTYRATE	Approved	""	0.00857205230851979
HIF1A	PUUPEHENONE	Not Approved	""	0.3600261969578312
HIF1A	DESOXIMETASONE	Approved	Anti-Inflammatory Agents; Glucocorticoids	0.06000436615963853
HIF1A	DEFEROXAMINE	Approved	""	0.04235602317150955
HIF1A	ACACETIN	Not Approved	""	0.02400174646385541
HIF1A	EPINEPHRINE	Approved	anestethic	0.00900065492394578
HIF1A	PIMONIDAZOLE	Not Approved	""	0.7200523939156624
HIF1A	CHRYSIN	Approved	""	0.02571615692555937
HIF1A	CHEMBL:CHEMBL253989	Not Approved	""	0.1800130984789156
HIF1A	CHEMBL:CHEMBL329673	Not Approved	""	0.03272965426889375
HIF1A	KAEMPHEROL	Not Approved	""	0.02000145538654618
HIF1A	PIRETANIDE	Not Approved	""	0.06000436615963853
HIF1A	AMFONELIC ACID	Not Approved	""	0.3600261969578312
HIF1A	TYRPHOSTIN AG 835	Not Approved	""	0.03272965426889375
HIF1A	CHEMBL:CHEMBL1317986	Not Approved	""	0.0900065492394578
HIF1A	HALICLONADIAMINE	Not Approved	""	0.3600261969578312
HIF1A	CIS-RESVERATROL	Not Approved	""	0.05143231385111875
HIF1A	MANASSANTIN B	Not Approved	""	0.7200523939156624
HIF1A	PX-478	Not Approved	antineoplastic agent	1.080078590873493
HIF1A	ETICLOPRIDE	Not Approved	""	0.06000436615963853
HIF1A	CHEMBL:CHEMBL451226	Not Approved	""	0.3600261969578312
HIF1A	NIFEDIPINE	Approved	Antianginal Agents; Vasodilator Agents	0.006429039231389844
HIF1A	CHEMBL:CHEMBL287689	Not Approved	""	0.120008732319277
HIF1A	TYRPHOSTIN AG 879	Not Approved	""	0.02000145538654618
HIF1A	TYRPHOSTIN AG 555	Not Approved	""	0.0189487472083069
HIF1A	BECLOMETHASONE	Approved	glucocorticoid,antiinflammatory agent	0.03000218307981926
HIF1A	DOPAMINE	Approved	""	0.01241469644682176
HIF1A	DIACYLGLYCEROL KINASE INHIBITOR II	Not Approved	""	0.1800130984789156
HIF1A	CLEMIZOLE	Not Approved	""	0.07200523939156624
HIF1A	OXYTETRACYCLINE ANHYDROUS	Approved	""	0.01800130984789156
HIF1A	HYCANTHONE	Not Approved	""	0.0189487472083069
HIF1A	DIOXYBENZONE	Not Approved	""	0.0900065492394578
HIF1A	CHEMBL:CHEMBL1438389	Not Approved	""	0.3600261969578312
HIF1A	CHEMBL:CHEMBL1256291	Not Approved	""	0.03272965426889375
HIF1A	FLUNARIZINE DIHYDROCHLORIDE	Not Approved	""	0.07200523939156624
HIF1A	GW7647	Not Approved	""	0.0120008732319277
HIF1A	BOLDINE	Not Approved	""	0.0900065492394578
HIF1A	GELDANAMYCIN	Not Approved	""	0.04800349292771083
HIF1A	CGP7930	Not Approved	""	0.05143231385111875
HIF1A	TYRPHOSTIN 47	Not Approved	""	0.02250163730986445
HIF1A	CHEMBL:CHEMBL68534	Not Approved	""	0.0189487472083069
HIF1A	NORADRENALINE	Not Approved	""	0.0450032746197289
HIF1A	CAMPTOTHECIN	Approved	antineoplastic agent	0.01028646277022374
HIF1A	CHEMBL:CHEMBL336095	Not Approved	""	0.0450032746197289
HIF1A	ISOETHARINE MESYLATE	Approved	""	0.0900065492394578
HIF1A	DICLOFENAC SODIUM	Approved	for treatment of glaucoma,analgesic,NSAID	0.01058900579287738
HIF1A	RUTAECARPINE	Not Approved	""	0.04000291077309236
HIF1A	TYRPHOSTIN A9	Not Approved	""	0.01636482713444687
HIF1A	SALICYLHYDROXAMIC ACID	Not Approved	""	0.120008732319277
HIF1A	NITROGLYCERIN	Approved	for treatment of Raynaud's disease	0.02769432284291009
HIF1A	PHENOXYBENZAMINE HYDROCHLORIDE	Approved	""	0.03600261969578312
GPM6A	LONAFARNIB	Approved	""	5.800422062098392
SLC5A1	GLUFOSFAMIDE	Not Approved	antineoplastic agent	1.305094963972138
SLC5A1	SOTAGLIFLOZIN	Approved	antidiabetic	6.264455827066263
SLC5A1	LICOGLIFLOZIN	Not Approved	""	4.176303884710842
SLC5A1	STREPTOZOCIN	Approved	""	0.4539460744250916
SLC5A1	GSK-1614235	Not Approved	""	10.4407597117771
CD40	BLESELUMAB	Not Approved	""	2.175158273286897
CD40	CD40 LIGAND	Not Approved	""	1.087579136643448
CD40	DACETUZUMAB	Not Approved	antineoplastic agent	4.350316546573794
CD40	LUCATUMUMAB	Not Approved	antineoplastic agent	2.175158273286897
CD40	SOTIGALIMAB	Not Approved	""	4.350316546573794
CD40	CFZ533	Not Approved	""	1.087579136643448
CD40	ALDESLEUKIN	Approved	antineoplastic agent	0.1450105515524598
CD40	FLUDARABINE	Approved	antineoplastic agent	0.1279504866639351
CD40	GP-120 ANTIGEN	Not Approved	""	0.3346397343518303
CD40	ISCALIMAB	Not Approved	""	2.175158273286897
CD40	RAVAGALIMAB	Not Approved	""	2.175158273286897
CD40	GILORALIMAB	Not Approved	""	2.175158273286897
CD40	SELICRELUMAB	Not Approved	""	2.175158273286897
CD40	STREPTOZOCIN	Approved	""	0.1418581482578411
CD40	HYDROQUINONE	Approved	""	0.2559009733278702
CD40	AUTOLOGOUS PROSTATE CANCER ANTIGEN-EXPRESSING DENDRITIC CELL VACCINE BPX-101	Not Approved	antineoplastic agent	1.087579136643448
CD40	RECOMBINANT CD40-LIGAND	Not Approved	""	1.087579136643448
CD40	TENELIXIMAB	Not Approved	""	2.175158273286897
CD40	TETANUS TOXOID	Not Approved	""	1.450105515524598
CD40	CDX-1140	Not Approved	""	2.175158273286897
CD40	BLESELUMAB	Not Approved	""	2.175158273286897
CD40	PG-102	Not Approved	""	1.087579136643448
CD40	MONOCLONAL ANTIBODY SGN-14	Not Approved	""	4.350316546573794
CD40	MANNOSE-BINDING LECTIN	Not Approved	""	1.087579136643448
SLC13A5	BI01383298	Not Approved	""	10.4407597117771
SLC13A5	PF-06761281	Not Approved	""	10.4407597117771
SLC13A5	COMPOUND 7 [PMID: 37428122]	Not Approved	""	10.4407597117771
SLC13A5	ETG-5773	Not Approved	""	10.4407597117771
SLC13A5	PF-06649298	Not Approved	""	10.4407597117771
SIRPA	CAPECITABINE	Approved	""	2.047207786622961
ASNS	ASPARAGINASE	Approved	""	11.60084412419678
TNFSF10	TRICHOSTATIN A	Not Approved	""	1.740126618629517
TNFSF10	SODIUM BUTYRATE	Not Approved	""	2.48589516947074
TNFSF10	RECOMBINANT ADENOVIRUS 5 ENCODING TUMOR NECROSIS FACTOR-RELATED APOPTOSIS-INDUCING LIGAND	Not Approved	""	17.40126618629517
IL17A	SIMVASTATIN	Approved	antidyslipidaemic agent,anticholesterolaemic agent,antihypertensive agent	0.08031353624443928
IL17A	IL-12	Not Approved	""	0.4461863124691071
IL17A	SECUKINUMAB	Approved	""	2.007838406110982
IL17A	TIBULIZUMAB	Not Approved	""	1.003919203055491
IL17A	BIMEKIZUMAB	Approved	""	2.007838406110982
IL17A	ANTI-IL17A MONOCLONAL ANTIBODY CJM112	Not Approved	""	2.007838406110982
IL17A	VUNAKIZUMAB	Not Approved	""	2.007838406110982
IL17A	M-1095	Not Approved	""	1.338558937407321
IL17A	AFASEVIKUMAB	Not Approved	""	2.007838406110982
IL17A	PERAKIZUMAB	Not Approved	""	2.007838406110982
IL17A	SIROLIMUS	Approved	for treatment of wet age-related macular degeneration,immunosuppressant	0.06923580710727524
IL17A	GENTAMICIN	Approved	""	0.1745946440096506
IL17A	AZATHIOPRINE	Approved	""	0.1056757055847885
IL17A	VIDOFLUDIMUS	Not Approved	DMARD,antiinflammatory agent	0.4015676812221964
IL17A	VUNAKIZUMAB	Not Approved	""	2.007838406110982
IL17A	COVA322	Not Approved	""	1.003919203055491
IL17A	BRODALUMAB	Approved	""	0.6692794687036606
IL17A	IXEKIZUMAB	Approved	""	4.015676812221964
IL17A	IZOKIBEP	Not Approved	""	2.007838406110982
IL17A	REMTOLUMAB	Not Approved	""	1.003919203055491
IL17A	REMTOLUMAB	Not Approved	""	1.003919203055491
IL17A	TETRACYCLINE	Approved	""	0.2230931562345535
IL17A	ERYTHROMYCIN	Approved	""	0.1745946440096506
IL17A	MANNITOL	Approved	""	0.6692794687036606
IL17A	ABBV-257	Not Approved	""	1.003919203055491
IL17A	CJM-112	Not Approved	""	2.007838406110982
RARA	ACITRETIN	Approved	Keratolytic Agents	0.2330526721378818
RARA	NALOXONE HYDROCHLORIDE	Approved	for treatment of opioid addiction,analgesic	0.1462291276159258
RARA	TRETINOIN	Approved	for treatment of acne	0.1502464113416381
RARA	LGD-1550	Not Approved	antineoplastic agent	0.4143158615784566
RARA	PALOVAROTENE	Not Approved	for treatment of emphysema	0.3107368961838424
RARA	METHYLNITROSOUREA	Not Approved	""	0.2762105743856377
RARA	SOY PROTEIN ISOLATE	Approved	""	2.485895169470739
RARA	ADAPALENE	Approved	Dermatologic Agents	0.3107368961838424
RARA	DOXORUBICIN HYDROCHLORIDE	Approved	antineoplastic agent	0.0167965889829104
RARA	TAMIBAROTENE	Approved	antineoplastic agent	0.8286317231569132
RARA	LYCOPENE	Approved	""	0.3107368961838424
RARA	ETRETINATE	Approved	""	0.1775639406764814
RARA	ANTIESTROGEN	Not Approved	""	0.1657263446313826
RARA	ALITRETINOIN	Approved	""	0.2367519209019752
RARA	GERONTOXANTHONE B	Not Approved	""	2.485895169470739
RARA	TAZAROTENE	Approved	for treatment of acne,antipsoriatic agent	0.3389857049278281
RARA	NRX195183	Not Approved	""	1.242947584735369
RARA	TRIBUTYRIN	Not Approved	""	0.6214737923676849
RARA	BMS493	Not Approved	""	0.3551278813529628
RARA	ARSENIC TRIOXIDE	Approved	antineoplastic agent	0.04780567633597576
RARA	GERONTOXANTHONE A	Not Approved	""	2.485895169470739
RARA	MELATONIN	Approved	Hypnotics and Sedatives	0.08572052308519791
RARA	COLCHICINE	Approved	for treatment of gout	0.07170851450396365
RARA	INSULIN, REGULAR, HUMAN	Approved	for treatment of diabetic foot ulcers,antidiabetic	0.04690368244284414
RARA	VITAMIN A	Approved	""	0.09207019146187925
RARA	PIMARIC ACID	Not Approved	""	1.242947584735369
RARA	IL-6	Not Approved	""	0.130836587866881
RARA	GERONTOXANTHONE H	Not Approved	""	0.4143158615784566
RARA	RETINYLRETINOATE	Not Approved	""	1.242947584735369
RARA	DIMETHYL SULFOXIDE	Approved	""	0.1553684480919212
RARA	MOFAROTENE	Not Approved	""	0.2071579307892283
RARA	IRX4310	Not Approved	""	0.4143158615784566
RARA	HEXAMETHYLENE BISACETAMIDE	Not Approved	""	0.3551278813529628
RARA	DIFFERENTIATION INDUCER	Not Approved	""	0.2259904699518854
RARA	RETINOIC ACID AGENT	Not Approved	""	0.2806655836499222
RARA	DEXAMETHASONE	Approved	for treatment of Meniere's disease,glucocorticoid,antiinflammatory agent	0.02924582552318517
RARA	ABIETIC ACID	Not Approved	""	0.8286317231569132
RARA	ISOTRETINOIN	Approved	for treatment of acne	0.2330526721378818
RARA	AROTINOID ACID	Not Approved	""	0.1462291276159258
RARA	FENRETINIDE	Approved	antineoplastic agent	0.1381052871928189
RARA	RECOMBINANT INTERFERON ALFA	Not Approved	""	0.4143158615784566
RARA	IRX-5183	Not Approved	""	1.242947584735369
RELA	CHEMBL:CHEMBL602718	Not Approved	""	0.08954339375452064
RELA	APIGENIN	Approved	""	0.07576748702305593
RELA	PYROCATECHOL VIOLET	Not Approved	""	1.969954662599454
RELA	DIOSMETIN	Not Approved	""	0.656651554199818
RELA	SORBINIL	Not Approved	""	0.3939909325198907
RELA	MULBERROFURAN H	Not Approved	""	1.969954662599454
RELA	CHEMBL:CHEMBL428789	Not Approved	""	0.0656651554199818
RELA	CHEMBL:CHEMBL8483	Not Approved	""	0.328325777099909
RELA	KAEMPHEROL	Not Approved	""	0.1094419256999696
RELA	BROMOPYROGALLOL RED	Not Approved	""	1.969954662599454
RELA	CHEMBL:CHEMBL2094789	Not Approved	""	0.08954339375452064
RELA	ISOLIQUIRITIGENIN	Not Approved	""	0.1641628885499545
RELA	CHEMBL:CHEMBL85826	Not Approved	""	0.1094419256999696
RELA	LUTEOLIN	Not Approved	""	0.06156108320623293
RELA	CHEMBL:CHEMBL528694	Not Approved	""	0.07035552366426621
RELA	CHRYSOERIOL	Not Approved	""	0.656651554199818
RELA	PARTHENOLIDE	Not Approved	""	0.4924886656498635
RELA	CHEMBL:CHEMBL201325	Not Approved	""	0.09849773312997269
RELA	CYNAROPICRIN	Not Approved	""	1.969954662599454
RELA	CHEMBL:CHEMBL1940084	Not Approved	""	0.984977331299727
RELA	PYROGALLOL RED	Not Approved	""	0.07879818650397816
RELA	CHEMBL:CHEMBL260560	Not Approved	""	0.1231221664124658
RELA	CHEMBL:CHEMBL84010	Not Approved	""	0.0656651554199818
RELA	PYRROLIDINE DITHIOCARBAMATE	Not Approved	""	0.07576748702305593
RELA	MORUSINOL	Not Approved	""	0.984977331299727
RELA	TAMARIXETIN	Not Approved	""	0.656651554199818
RELA	PECTOLINARIGENIN	Not Approved	""	0.1641628885499545
RELA	ANDROGRAPHOLIDE	Not Approved	""	0.656651554199818
RELA	ISORHAMNETIN	Not Approved	""	0.656651554199818
RELA	ACACETIN	Not Approved	""	0.1313303108399636
RELA	CHEMBL:CHEMBL502774	Not Approved	""	0.1231221664124658
RELA	VORICONAZOLE	Approved	""	0.1641628885499545
RELA	CUDRAFLAVONE B	Not Approved	""	0.984977331299727
RELA	DEHYDROXYMETHYLEPOXYQUINOMICIN	Not Approved	""	0.984977331299727
RELA	RUTIN	Approved	""	0.1969954662599453
RELA	INDOPROFEN	Approved	""	0.08208144427497725
RELA	EDASALONEXENT	Not Approved	""	0.328325777099909
RELA	GOSSYPETIN	Not Approved	""	0.1969954662599453
RELA	CHEMBL:CHEMBL406557	Not Approved	""	0.1231221664124658
RELA	RESVERATROL	Approved	antineoplastic agent,antidiabetic,for treatment of herpes simplex virus 1	0.02010157818979034
RELA	DEXAMETHASONE	Approved	for treatment of Meniere's disease,glucocorticoid,antiinflammatory agent	0.0231759372070524
RELA	FRENTIZOLE	Not Approved	""	0.1407110473285324
RELA	GEFITINIB	Approved	antineoplastic agent	0.02940230839700677
RELA	PLUMBAGIN	Not Approved	""	0.1515349740461118
RELA	QUERCETAGETIN	Not Approved	""	0.656651554199818
RELA	CHEMBL:CHEMBL408850	Not Approved	""	0.08954339375452064
RELA	ANTISENSE OLIGONUCLEOTIDES	Not Approved	""	0.08954339375452064
RELA	CHEMBL:CHEMBL1405979	Not Approved	""	0.2462443328249317
RELA	ARTESUNATE	Approved	""	0.328325777099909
RELA	4',7-DIMETHOXY-5-HYDROXYGENISTEIN	Not Approved	""	0.1094419256999696
RELA	6,4'-DIMETHOXYFLAVONE	Not Approved	""	0.1094419256999696
RELA	QUERCETIN	Approved	""	0.02493613496961334
RELA	KAEMPFERIDE	Not Approved	""	0.656651554199818
NFKBIA	USTEKINUMAB	Approved	Antipsoriatic Agents,DMARD,antiinflammatory agent	0.4350316546573794
NFKBIA	INFLIXIMAB	Approved	DMARD,antiinflammatory agent	0.2806655836499222
NFKBIA	CHEMBL:CHEMBL256967	Not Approved	""	4.350316546573794
NFKBIA	DEMETHYLWEDELOLACTONE	Not Approved	""	1.740126618629517
NFKBIA	GAMBOGIC ACID	Not Approved	""	0.966737010349732
NFKBIA	ADALIMUMAB	Approved	DMARD,antiinflammatory agent	0.2636555482771996
NFKBIA	DIOSCIN	Not Approved	""	2.900211031049196
NFKBIA	ETANERCEPT	Approved	DMARD,antiinflammatory agent	0.3346397343518303
NFKBIA	CHEMBL:CHEMBL401565	Not Approved	""	4.350316546573794
NFKBIA	PEPEROMIN E	Not Approved	""	4.350316546573794
NFKBIA	CHEMBL:CHEMBL1940084	Not Approved	""	4.350316546573794
NFKBIA	WEDELOLACTONE	Not Approved	""	0.790966644831599
CD69	TOCILIZUMAB	Approved	DMARD,antiinflammatory agent	3.480253237259035
CD69	ANTINEOPLASTIC ANTIBIOTIC	Not Approved	""	8.700633093147589
CD69	BENDAMUSTINE	Approved	""	2.900211031049196
CD69	BUMETANIDE	Approved	Antihypertensive Agents; Diuretics	0.483368505174866
CD69	PIRETANIDE	Not Approved	""	1.450105515524598
CD69	FUROSEMIDE	Approved	Antihypertensive Agents; Diuretics	0.483368505174866
PRKAA2	CLOZAPINE	Approved	Antipsychotic Agents	0.09785154369050708
PRKAA2	SAPONARIN	Not Approved	""	1.355942819711312
PRKAA2	HESPERADIN	Not Approved	""	0.1186449967247398
PRKAA2	LIXUMISTAT ACETATE	Not Approved	""	4.745799868989594
PRKAA2	OLANZAPINE	Approved	for treatment of bipolar disorder,antidepressant,antipsychotic agent	0.1248894702365682
PRKAA2	VALPROIC ACID	Approved	Anticonvulsants,for treatment of basal cell carcinoma,anticonvulsant	0.1665192936487577
PRKAA2	IMEGLIMIN	Not Approved	""	4.745799868989594
PRKAA2	CHEMBL:CHEMBL2348411	Not Approved	""	4.745799868989594
PRKAA2	METFORMIN HYDROCHLORIDE	Approved	""	0.2542392786958711
PRKAA2	METFORMIN	Approved	antidiabetic	0.4630048652672774
PRKAA2	ACADESINE	Not Approved	""	1.355942819711312
PPARA	INDEGLITAZAR	Not Approved	""	0.2636555482771996
PPARA	FENOFIBRIC ACID	Approved	""	0.9887083060394988
PPARA	LINOLEIC ACID	Approved	""	0.1318277741385998
PPARA	IMIGLITAZAR	Not Approved	""	0.5273110965543993
PPARA	LANIFIBRANOR	Not Approved	""	0.1318277741385998
PPARA	ZYH7	Not Approved	""	0.790966644831599
PPARA	OLEIC ACID	Approved	""	0.07190605862105445
PPARA	SODELGLITAZAR	Not Approved	""	0.2636555482771996
PPARA	ELAFIBRANOR	Approved	""	0.3954833224157995
PPARA	PROSTAGLANDIN D2	Not Approved	""	0.5273110965543993
PPARA	TETRADECYLTHIOACETIC ACID	Not Approved	""	0.1977416612078997
PPARA	PIRINIXIC ACID	Not Approved	""	0.5273110965543993
PPARA	PHENPROCOUMON	Approved	Anticoagulants	0.2636555482771996
PPARA	METOPROLOL	Approved	Anti-Arrhythmia Agents; Antihypertensive Agents,antihypertensive agent	0.1216871761279383
PPARA	CIPROFIBRATE	Approved	""	0.5932249836236992
PPARA	LY-518674	Not Approved	""	1.581933289663198
PPARA	MYRISTIC ACID	Approved	""	0.790966644831599
PPARA	NAVEGLITAZAR	Not Approved	antidiabetic	1.186449967247398
PPARA	GFT14	Not Approved	antidyslipidaemic agent	1.581933289663198
PPARA	CHEMBL:CHEMBL292352	Not Approved	""	0.3954833224157995
PPARA	ROMAZARIT	Not Approved	""	1.581933289663198
PPARA	DRF-10945	Not Approved	""	0.790966644831599
PPARA	GW590735	Not Approved	""	0.790966644831599
PPARA	CHEMBL:CHEMBL259327	Not Approved	""	0.2636555482771996
PPARA	METFORMIN	Approved	antidiabetic	0.03858373877227312
PPARA	PEMAFIBRATE	Approved	""	0.790966644831599
PPARA	{4-[3-(4-ACETYL-3-HYDROXY-2-PROPYLPHENOXY)PROPOXY]PHENOXY}ACETIC ACID	Not Approved	""	0.1129952349759427
PPARA	ATENOLOL	Approved	Anti-Arrhythmia Agents; Antihypertensive Agents	0.04394259137953327
PPARA	GW7647	Not Approved	""	0.1318277741385998
PPARA	RAGAGLITAZAR	Not Approved	""	0.2636555482771996
PPARA	OXEGLITAZAR	Not Approved	""	0.790966644831599
PPARA	URSOLIC ACID	Not Approved	""	0.1318277741385998
PPARA	LY-518674	Not Approved	anticholesterolaemic agent	0.3954833224157995
PPARA	BITHIONOL	Approved	""	0.03295694353464996
PPARA	ALEGLITAZAR	Not Approved	cardiovascular agent	0.790966644831599
PPARA	CARVEDILOL	Approved	cardiovascular agent,for treatment of congestive heart failure	0.06084358806396916
PPARA	LACTOFEN	Not Approved	""	0.3954833224157995
PPARA	GW0742X	Not Approved	""	0.09887083060394987
PPARA	LOBEGLITAZONE	Not Approved	""	0.790966644831599
PPARA	PHENFORMIN HYDROCHLORIDE	Approved	""	0.1977416612078997
PPARA	CHEMBL:CHEMBL1089501	Not Approved	""	1.581933289663198
PPARA	TESAGLITAZAR	Not Approved	""	0.790966644831599
PPARA	CHOLINE FENOFIBRATE	Approved	""	0.790966644831599
PPARA	BROMOXYNIL	Not Approved	""	0.1977416612078997
PPARA	CHEMBL:CHEMBL118417	Not Approved	""	0.1977416612078997
PPARA	TO-901317	Not Approved	""	0.09887083060394987
PPARA	MK-0767	Not Approved	""	0.3954833224157995
PPARA	FENOFIBRATE MICRONIZED	Approved	anticholesterolaemic agent,antidyslipidaemic agent	0.1216871761279383
PPARA	BEZAFIBRATE	Approved	antidiabetic	0.790966644831599
PPARA	2,4,6-TRIBROMOPHENOL	Not Approved	""	0.2636555482771996
PPARA	MURAGLITAZAR	Not Approved	antidiabetic	0.3954833224157995
PPARA	LXR-623	Not Approved	""	0.5273110965543993
PPARA	AVE8134	Not Approved	""	0.790966644831599
PPARA	GEMFIBROZIL	Approved	Antilipemic Agents	0.3042179403198458
PPARA	CHEMBL:CHEMBL107518	Not Approved	""	1.581933289663198
PPARA	GW501516	Not Approved	antidyslipidaemic agent	0.5932249836236992
PPARA	CLOFIBRATE	Approved	Anticholesteremic Agents	0.1483062459059248
PPARA	CHIGLITAZAR	Not Approved	""	0.3163866579326396
PPARA	IOXYNIL	Not Approved	""	0.2636555482771996
PPARA	CIGLITAZONE	Not Approved	""	0.2259904699518854
PPARA	N-OLEOYLETHANOLAMIDE	Not Approved	""	0.3954833224157995
PPARA	CP-778875	Not Approved	""	0.790966644831599
PPARA	SAROGLITAZAR	Not Approved	""	0.3954833224157995
PPARA	LOVASTATIN	Approved	anticholesterolaemic agent	0.0405623920426461
PPARA	ILOPROST	Approved	antihypertensive agent	0.06591388706929992
PPARA	K-877	Not Approved	""	1.581933289663198
CXCL10	GM-CSF	Not Approved	vaccine,antineoplastic agent	0.3838514599918053
CXCL10	STAVUDINE	Approved	""	0.4724325661437605
CXCL10	PEGINTERFERON ALFA-2B	Approved	""	0.1919257299959026
CXCL10	IROPLACT	Not Approved	""	6.141623359868886
CXCL10	METHYLPREDNISOLONE	Approved	Anti-Inflammatory Agents; Glucocorticoids	0.3412012977704936
CXCL10	ELDELUMAB	Not Approved	for treatment of ulcerative colitis,DMARD,antiinflammatory agent	6.141623359868886
CXCL10	ATORVASTATIN CALCIUM TRIHYDRATE	Approved	anticholesterolaemic agent,antihypecholesterolemic agent	0.1116658792703434
CXCL10	HUMAN CHORIONIC GONADOTROPIN	Approved	""	0.3232433347299414
CXCL10	OXALIPLATIN	Approved	""	0.1616216673649707
CXCL10	NI-0801	Not Approved	""	6.141623359868886
CXCL10	ATROPINE	Approved	nerve agent antidote	0.3612719623452285
CXCL10	RITONAVIR	Approved	""	0.2274675318469957
CXCL10	PEGINTERFERON ALFA-2A	Approved	Antineoplastic Agents; Immunomodulatory Agents,for treatment of hepatitis B and C	0.2117801158575477
CXCL10	TESTOSTERONE	Approved	for treatment of female sexual dysfunction,hormone replacement	0.1574775220479201
CXCL10	ELDELUMAB	Not Approved	""	3.070811679934443
CXCL10	ANTIBIOTIC	Not Approved	""	0.3612719623452285
CXCL10	ZIDOVUDINE	Approved	""	0.2274675318469957
CD74	DIOA	Not Approved	""	2.610189927944276
CD74	MILATUZUMAB	Not Approved	antineoplastic agent	41.76303884710842
CD74	VU0240551	Not Approved	""	10.4407597117771
CD74	REPOTRECTINIB	Approved	""	0.745768550841222
CD74	PLATINUM	Not Approved	""	1.04407597117771
KIT	BINIMETINIB	Approved	antineoplastic agent,DMARD,antiinflammatory agent	0.1228324671973777
KIT	BEVACIZUMAB	Approved	antineoplastic agent	0.03070811679934442
KIT	DOVITINIB	Not Approved	antineoplastic agent	0.03040407603895487
KIT	AMUVATINIB	Not Approved	antineoplastic agent	0.4386873828477776
KIT	AKT INHIBITOR MK2206	Not Approved	""	0.08773747656955552
KIT	SP-600125	Not Approved	""	0.006900700404347063
KIT	SORAFENIB	Approved	antineoplastic agent	0.1281730092494376
KIT	CABOZANTINIB S-MALATE	Approved	antineoplastic agent	0.167498818905515
KIT	MOTESANIB	Not Approved	antineoplastic agent	0.2233317585406867
KIT	SUNITINIB	Approved	antineoplastic agent	0.499006897989347
KIT	XL-999	Not Approved	""	0.05583293963517169
KIT	PEXIDARTINIB	Approved	""	0.2632124297086666
KIT	PAZOPANIB HYDROCHLORIDE	Not Approved	""	0.2047207786622961
KIT	RIPRETINIB	Approved	""	1.59682207356591
KIT	MIDOSTAURIN	Approved	antineoplastic agent	0.2105699437669332
KIT	MASITINIB	Approved	antineoplastic agent,DMARD,antiinflammatory agent	0.1806359811726142
KIT	NINTEDANIB ESYLATE	Approved	antineoplastic agent	0.07369948031842662
KIT	JNJ-7706621	Not Approved	""	0.01116658792703433
KIT	TANDUTINIB	Not Approved	antineoplastic agent	0.1316062148543333
KIT	NILOTINIB	Approved	antineoplastic agent	0.6525474819860692
KIT	TELATINIB	Not Approved	antineoplastic agent	0.2632124297086666
KIT	SERALUTINIB	Not Approved	""	0.102360389331148
KIT	CEDIRANIB	Not Approved	antineoplastic agent	0.02193436914238888
KIT	GILTERITINIB	Approved	""	0.06824025955409872
KIT	CYTARABINE	Approved	antineoplastic agent	0.01535405839967221
KIT	ADAVOSERTIB	Not Approved	antineoplastic agent	0.04386873828477776
KIT	XL820	Not Approved	antineoplastic agent	0.3070811679934442
KIT	TIVOZANIB HYDROCHLORIDE	Approved	""	0.1228324671973777
KIT	BARASERTIB	Not Approved	""	0.04724325661437605
KIT	GW843682X	Not Approved	""	0.01574775220479201
KIT	PEMBROLIZUMAB	Approved	""	0.07444391951356225
KIT	SPARTALIZUMAB	Not Approved	""	0.4094415573245923
KIT	ILORASERTIB	Not Approved	""	0.005294502896438694
KIT	IDRX-42	Not Approved	""	0.6141623359868885
KIT	FF-10101	Not Approved	""	0.4094415573245923
KIT	AMG-191	Not Approved	""	1.228324671973777
KIT	CATEQUENTINIB	Not Approved	""	0.1228324671973777
KIT	OSI-930	Not Approved	antineoplastic agent	0.2456649343947554
KIT	CHEMBL:CHEMBL578061	Not Approved	""	0.02456649343947554
KIT	OLVEREMBATINIB	Not Approved	""	0.2047207786622961
KIT	ENMD-2076	Not Approved	antineoplastic agent	0.03962337651528313
KIT	INFIGRATINIB	Approved	""	0.0909870127387983
KIT	XL-820	Not Approved	""	0.2047207786622961
KIT	TORIPALIMAB-TPZI	Approved	""	0.3070811679934442
KIT	CYC-116	Not Approved	""	0.006331570474091635
KIT	FORETINIB	Not Approved	antineoplastic agent	0.03232433347299413
KIT	FAMITINIB	Not Approved	""	0.175474953139111
KIT	VATALANIB	Not Approved	antineoplastic agent	0.1364805191081974
KIT	PEXIDARTINIB HYDROCHLORIDE	Approved	""	0.2047207786622961
KIT	CENISERTIB	Not Approved	antineoplastic agent	0.01561429667763276
KIT	PI3K/BET INHIBITOR LY294002	Not Approved	""	0.2047207786622961
KIT	SU-014813	Not Approved	""	0.08773747656955552
KIT	AZD3229	Not Approved	""	1.228324671973777
KIT	ROMIPLOSTIM	Approved	for treatment of thrombocytopenia	0.07677029199836106
KIT	TOCERANIB PHOSPHATE	Approved	""	0.2047207786622961
KIT	VENETOCLAX	Approved	""	0.05583293963517169
KIT	LINIFANIB	Not Approved	antineoplastic agent	0.007677029199836107
KIT	COPANLISIB	Approved	""	0.05583293963517169
KIT	CM-082	Not Approved	""	0.1535405839967221
KIT	CRIZOTINIB	Approved	antineoplastic agent	0.07369948031842662
KIT	AST-487	Not Approved	""	0.01497956917041191
KIT	FLUMATINIB	Not Approved	""	0.6141623359868885
KIT	LETROZOLE	Approved	antineoplastic agent	0.06824025955409872
KIT	XL999	Not Approved	antineoplastic agent	0.06141623359868885
KIT	LENVATINIB	Approved	antineoplastic agent	0.03232433347299413
KIT	AVAPRITINIB	Approved	""	2.088151942355421
KIT	DASATINIB ANHYDROUS	Approved	antineoplastic agent	0.2909190012569472
KIT	BEZUCLASTINIB	Not Approved	""	1.842487007960665
KIT	ENTRECTINIB	Approved	""	0.01077477782433137
KIT	CRENOLANIB	Not Approved	""	0.1637766229298369
KIT	SNS-314	Not Approved	antineoplastic agent	0.01462291276159258
KIT	AXITINIB	Approved	antineoplastic agent	0.175474953139111
KIT	TRAMETINIB DIMETHYL SULFOXIDE	Approved	antineoplastic agent	0.03920185123320565
KIT	RG-1530	Not Approved	""	0.006533641872200942
KIT	IMATINIB	Approved	antineoplastic agent	1.049193990644268
KIT	MOTESANIB DIPHOSPHATE	Not Approved	""	1.228324671973777
KIT	REGORAFENIB	Approved	antineoplastic agent	0.3536086176894206
KIT	MIRDAMETINIB	Not Approved	""	0.08188831146491848
KIT	PONATINIB	Approved	antineoplastic agent	0.3307027963006323
KIT	PAZOPANIB	Approved	antineoplastic agent	0.04309911129732551
KIT	DERAZANTINIB	Not Approved	antineoplastic agent	0.1535405839967221
KIT	SEMAXANIB	Not Approved	""	0.03612719623452285
KIT	BAY 61-3606	Not Approved	""	0.01497956917041191
KIT	QUIZARTINIB	Approved	antineoplastic agent	0.6141623359868885
KIT	THE-630	Not Approved	""	0.6141623359868885
MLANA	RECOMBINANT CD40-LIGAND	Not Approved	""	1.450105515524598
MLANA	INCOMPLETE FREUND'S ADJUVANT	Not Approved	""	5.800422062098392
MLANA	ANTINEOPLASTIC VACCINE	Not Approved	""	3.480253237259035
MLANA	ADJUVANT	Not Approved	""	0.7733896082797858
MLANA	VACCINE	Not Approved	""	1.054622193108798
MLANA	ADENOVIRUS VECTOR	Not Approved	""	0.8286317231569132
MLANA	IMMUNOTHERAPY REGIMEN MKC-1106-MT	Not Approved	""	2.900211031049196
MLANA	RECOMBINANT VACCINIA-B7.1 VACCINE	Not Approved	""	11.60084412419678
MLANA	MELANOMA VACCINE	Not Approved	""	4.350316546573794
JAK2	TYRPHOSTIN 23	Not Approved	""	0.02536627723949734
JAK2	AZD1480	Not Approved	""	0.2663459110147221
JAK2	PF-562271	Not Approved	""	0.004932331685457817
JAK2	JAK2V617F INHIBITOR INCB160058	Not Approved	""	0.5326918220294442
JAK2	PEMBROLIZUMAB	Approved	""	0.06456870570053869
JAK2	TOFACITINIB	Approved	""	0.19024707929623
JAK2	RUXOLITINIB	Approved	antiinflammatory agent,antineoplastic agent	1.664661943842013
JAK2	FEDRATINIB	Approved	antineoplastic agent	0.6848894854664284
JAK2	TENALISIB	Not Approved	""	0.07609883171849204
JAK2	FILGOTINIB	Approved	DMARD,antiinflammatory agent	0.1183759604509876
JAK2	PACRITINIB	Approved	antineoplastic agent	0.2663459110147221
JAK2	BARICITINIB	Approved	DMARD,antiinflammatory agent	0.09685305855080804
JAK2	NS-018	Not Approved	""	0.5326918220294442
JAK2	TANESPIMYCIN	Not Approved	antineoplastic agent	0.08195258800452988
JAK2	AZD1208	Not Approved	""	0.1775639406764814
JAK2	PICTILISIB	Not Approved	""	0.03228435285026934
JAK2	DOVITINIB	Not Approved	antineoplastic agent	0.005274176455737071
JAK2	AZ960	Not Approved	""	0.7990377330441664
JAK2	GANDOTINIB	Not Approved	""	0.7102557627059256
JAK2	PEGINTERFERON ALFA-2B	Approved	""	0.01664661943842013
JAK2	LUMINESPIB	Not Approved	""	0.1775639406764814
JAK2	ROPEGINTERFERON ALFA-2B	Approved	""	0.133172955507361
JAK2	MOMELOTINIB	Approved	""	0.2458577640135896
JAK2	AZD-1480	Not Approved	""	0.1775639406764814
JAK2	NEZULCITINIB	Not Approved	""	0.07609883171849204
JAK2	TYRPHOSTIN AG 555	Not Approved	""	0.02803641168576022
JAK2	GELDANAMYCIN	Not Approved	""	0.07102557627059257
JAK2	CHEMBL:CHEMBL546797	Not Approved	""	0.01664661943842013
JAK2	ERLOTINIB	Approved	antineoplastic agent	0.009512353964811504
JAK2	BINIMETINIB	Approved	antineoplastic agent,DMARD,antiinflammatory agent	0.05326918220294442
JAK2	PD-0166285	Not Approved	""	0.01024407350056623
JAK2	SGI-1776	Not Approved	antineoplastic agent	0.1775639406764814
JAK2	XL-019	Not Approved	""	0.5326918220294442
JAK2	THIRAM	Not Approved	""	0.02316051400128018
JAK2	RIBOCICLIB	Approved	antineoplastic agent	0.0591879802254938
JAK2	ALFENTANIL HYDROCHLORIDE	Approved	Opioid,Analgesics	0.2663459110147221
JAK2	CHEMBL:CHEMBL29197	Not Approved	""	0.06658647775368053
JAK2	CEP-11981	Not Approved	""	0.05073255447899468
JAK2	DACTOLISIB	Not Approved	""	0.02219549258456017
JAK2	AT-9283	Not Approved	""	0.04439098516912035
JAK2	AC430	Not Approved	antineoplastic agent,antiinflammatory agent	0.2663459110147221
JAK2	FLONOLTINIB MALEATE	Not Approved	""	0.5326918220294442
JAK2	AT9283	Not Approved	antineoplastic agent	0.09685305855080804
JAK2	UZANSERTIB	Not Approved	""	0.2130767288117777
JAK2	CHEMBL:CHEMBL379975	Not Approved	""	0.012106632318851
JAK2	PACRITINIB CITRATE	Approved	""	0.2663459110147221
JAK2	ILGINATINIB	Not Approved	""	0.5326918220294442
JAK2	ADAVOSERTIB	Not Approved	antineoplastic agent	0.01902470792962301
JAK2	GILTERITINIB	Approved	""	0.0591879802254938
JAK2	CT-1578	Not Approved	""	0.133172955507361
JAK2	ILORASERTIB	Not Approved	""	0.004592170879564174
JAK2	RITUXIMAB	Approved	antineoplastic agent	0.0591879802254938
JAK2	AST-487	Not Approved	""	0.01299248346413278
JAK2	ENTRECTINIB	Approved	""	0.009345470561920075
JAK2	DASATINIB ANHYDROUS	Approved	antineoplastic agent	0.007009102921440055
JAK2	TRIAMTERENE	Approved	Antihypertensive Agents; Diuretics	0.0295939901127469
JAK2	A-1155463	Not Approved	""	1.065383644058888
JAK2	XL019	Not Approved	antineoplastic agent	0.5326918220294442
JAK2	CENISERTIB	Not Approved	antineoplastic agent	0.004514337474825799
JAK2	IMATINIB	Approved	antineoplastic agent	0.01479699505637345
JAK2	NVP-TAE684	Not Approved	""	0.005171765262421788
JAK2	ZSTK474	Not Approved	""	0.09685305855080804
JAK2	ENMD-2076	Not Approved	antineoplastic agent	0.01718360716224013
JAK2	AC-430	Not Approved	""	0.5326918220294442
JAK2	6-AZAURIDINE	Not Approved	""	0.1065383644058888
JAK2	PACLITAXEL	Approved	for treatment of peripheral arterial disease (PAD),DMARD,antiinflammatory agent,antineoplastic agent	0.009685305855080805
JAK2	TGX-221	Not Approved	""	0.1775639406764814
JAK2	ZOTIRACICLIB	Not Approved	""	0.0887819703382407
JAK2	LS-104	Not Approved	""	0.5326918220294442
JAK2	JAK3 INHIBITOR II	Not Approved	""	0.1065383644058888
JAK2	AG 490	Not Approved	""	0.06658647775368053
JAK2	RUXOLITINIB PHOSPHATE	Approved	""	0.2663459110147221
JAK2	PIM KINASE INHIBITOR LGH447	Not Approved	""	0.5326918220294442
JAK2	CRIZOTINIB	Approved	antineoplastic agent	0.04261534576235553
JAK2	IZENCITINIB	Not Approved	""	0.06658647775368053
JAK2	LESTAURTINIB	Not Approved	antineoplastic agent	0.2219549258456017
JAK2	BMS-911543	Not Approved	""	1.598075466088332
JAK2	CHEMBL:CHEMBL1170485	Not Approved	""	0.0887819703382407
JAK2	FEDRATINIB HYDROCHLORIDE	Approved	""	0.2663459110147221
JAK2	TOZASERTIB	Not Approved	antineoplastic agent	0.007297148246978688
JAK2	GW843682X	Not Approved	""	0.01365876466742164
JAK2	JNJ-7706621	Not Approved	""	0.009685305855080805
JAK2	FILGOTINIB MALEATE	Approved	""	0.133172955507361
JAK2	G&OUML; 6976	Not Approved	""	0.2663459110147221
JAK2	SIROLIMUS	Approved	for treatment of wet age-related macular degeneration,immunosuppressant	0.009184341759128347
JAK2	PEFICITINIB	Approved	for treatment of rheumatoid arthritis	0.06658647775368053
JAK2	HYDROXYUREA	Approved	Antineoplastic Agents	0.05073255447899468
JAK2	CHEMBL:CHEMBL1997335	Not Approved	""	0.01268313861974867
JAK2	UPADACITINIB HEMIHYDRATE	Approved	""	0.133172955507361
JAK2	LAUROGUADINE	Not Approved	""	0.01902470792962301
JAK2	GUSACITINIB	Not Approved	""	0.1065383644058888
JAK2	RG-1530	Not Approved	""	0.005666934276908981
JAK2	MIDOSTAURIN	Approved	antineoplastic agent	0.03043953268739681
JAK2	OLAPARIB	Approved	""	0.02316051400128018
JAK2	DELGOCITINIB	Not Approved	""	0.07609883171849204
JAK2	BOMEDEMSTAT	Not Approved	""	0.2663459110147221
JAK2	CYC-116	Not Approved	""	0.005491668268344785
JAK2	AG 1296	Not Approved	""	0.1775639406764814
PIK3CB	OMIPALISIB	Not Approved	""	0.06214737923676848
PIK3CB	PWT-33587	Not Approved	""	0.04603509573093962
PIK3CB	SAMOTOLISIB	Not Approved	""	0.05524211487712754
PIK3CB	VOXTALISIB	Not Approved	""	0.05178948269730707
PIK3CB	SAR260301	Not Approved	""	0.1035789653946141
PIK3CB	BCG VACCINE	Approved	""	0.2762105743856377
PIK3CB	PUQUITINIB	Not Approved	""	0.1035789653946141
PIK3CB	IZORLISIB	Not Approved	""	0.04603509573093962
PIK3CB	BGT-226	Not Approved	""	0.07533015665062848
PIK3CB	SELETALISIB	Not Approved	""	0.1035789653946141
PIK3CB	ALPELISIB	Approved	""	0.03452632179820471
PIK3CB	TROGLITAZONE	Approved	""	0.0318704508906505
PIK3CB	AZD3458	Not Approved	""	0.1035789653946141
PIK3CB	VULOLISIB	Not Approved	""	0.1035789653946141
PIK3CB	IH636 GRAPE SEED PROANTHOCYANIDIN EXTRACT	Not Approved	""	0.1657263446313826
PIK3CB	TASELISIB	Not Approved	""	0.05524211487712754
PIK3CB	ZSTK-474	Not Approved	""	0.05178948269730707
PIK3CB	PP-121	Not Approved	""	0.03452632179820471
PIK3CB	RECILISIB	Not Approved	""	0.05178948269730707
PIK3CB	SURAMIN	Not Approved	""	0.03270914696672026
PIK3CB	EGANELISIB	Not Approved	""	0.0828631723156913
PIK3CB	LY-294002	Not Approved	""	0.02589474134865353
PIK3CB	TRAIL	Not Approved	""	0.08286317231569132
PIK3CB	GSK2636771	Not Approved	""	0.05178948269730707
PIK3CB	QUERCETIN	Approved	""	0.01573351373082746
PIK3CB	COMPOUND 2Q [PMID: 30986068]	Not Approved	""	0.1035789653946141
PIK3CB	COMPOUND 12B [PMID: 31465220]	Not Approved	""	0.1035789653946141
PIK3CB	IDELALISIB	Approved	antineoplastic agent	0.04603509573093962
PIK3CB	COMPOUND 41 [PMID: 31855425]	Not Approved	""	0.0828631723156913
PIK3CB	LOVASTATIN	Approved	anticholesterolaemic agent	0.02124696726043367
PIK3CB	AZ2	Not Approved	""	0.1035789653946141
PIK3CB	AZD-6482	Not Approved	""	0.05178948269730707
PIK3CB	SERABELISIB	Not Approved	""	0.1381052871928188
PIK3CB	ZANDELISIB	Not Approved	""	0.06905264359640943
PIK3CB	PIK-108	Not Approved	""	0.1381052871928188
PIK3CB	PICTILISIB	Not Approved	""	0.05022010443375231
PIK3CB	MIDOSTAURIN	Approved	antineoplastic agent	0.02367519209019752
PIK3CB	DEZAPELISIB	Not Approved	""	0.06905264359640943
PIK3CB	BUPARLISIB	Not Approved	""	0.06629053785255305
PIK3CB	AMDIZALISIB	Not Approved	""	0.1381052871928188
PIK3CB	BIMIRALISIB	Not Approved	""	0.1381052871928188
PIK3CB	TGX-221	Not Approved	""	0.06905264359640943
PIK3CB	TOPOISOMERASE-II INHIBITOR	Not Approved	""	0.8286317231569131
PIK3CB	PROGESTERONE	Approved	for reducing the risk of pre-term birth for women with short cervix a mid-pregnancy,for prevention of preterm delivery,for symptomatic treatment of menopausal symptoms,neuroprotectant for stroke victims	0.01404460547723581
PIK3CB	PRASTERONE	Approved	hormone supplement for increasing bone mineral density in patients with systemic lupus erythematosus	0.04603509573093962
PIK3CB	ZINC SULFATE ANHYDROUS	Approved	""	0.1381052871928188
PIK3CB	COMPOUND 82 [PMID: 21332118]	Not Approved	""	0.0591879802254938
PIK3CB	PI-3065	Not Approved	""	0.2071579307892282
PIK3CB	BAY-1082439	Not Approved	""	0.4143158615784565
PIK3CB	APITOLISIB	Not Approved	""	0.04780567633597576
PIK3CB	ZSTK474	Not Approved	""	0.07533015665062848
PIK3CB	PILARALISIB	Not Approved	""	0.07311456380796291
PIK3CB	AZD6482	Not Approved	""	0.04603509573093962
PIK3CB	AZD8835	Not Approved	""	0.06905264359640943
PIK3CB	PIK-75	Not Approved	""	0.0828631723156913
PIK3CB	INAVOLISIB	Not Approved	""	0.1035789653946141
PIK3CB	AZD8154	Not Approved	""	0.1035789653946141
PIK3CB	TENALISIB	Not Approved	""	0.0591879802254938
PIK3CB	AZD8186	Not Approved	""	0.1183759604509876
PIK3CB	CHEMOPREVENTIVE AGENT	Not Approved	""	0.09207019146187924
PIK3CB	BIOFLAVONOID	Not Approved	""	0.2071579307892282
PIK3CB	EPINEPHRINE	Approved	anestethic	0.02071579307892282
PIK3CB	DACTINOMYCIN	Approved	""	0.02367519209019752
PIK3CB	PI-103	Not Approved	""	0.0591879802254938
PIK3CB	PILARALISIB	Not Approved	""	0.1035789653946141
PIK3CB	INDOLE-3-CARBINOL	Not Approved	""	0.2762105743856377
PIK3CB	SONOLISIB	Not Approved	""	0.06905264359640943
PIK3CB	WX-037	Not Approved	""	0.05178948269730707
PIK3CB	NVP-CLR457	Not Approved	""	0.1035789653946141
PIK3CB	COMPOUND 20F [PMID: 28520415]	Not Approved	""	0.2071579307892282
PIK3CB	TG-100-115	Not Approved	""	0.1035789653946141
PIK3CB	CAMPTOTHECIN	Approved	antineoplastic agent	0.02367519209019752
PIK3CB	COPANLISIB	Approved	""	0.07533015665062848
PIK3CB	PF-04691502	Not Approved	""	0.02437152126932097
PIK3CB	RV6153	Not Approved	""	0.1035789653946141
PIK3CB	AMG319	Not Approved	""	0.1035789653946141
PIK3CB	RECOMBINANT TRANSFORMING GROWTH FACTOR-BETA 1	Not Approved	""	0.03945865348366253
PIK3CB	XL765	Not Approved	antineoplastic agent	0.04603509573093962
PIK3CB	ACALISIB	Not Approved	""	0.0591879802254938
PIK3CB	OMIPALISIB	Not Approved	""	0.0828631723156913
PIK3CB	DOXORUBICIN HYDROCHLORIDE	Approved	antineoplastic agent	0.005598862994303467
PIK3CB	GSK-2636771	Not Approved	""	0.4143158615784565
PIK3CB	NEOLYMPHOSTIN A	Not Approved	""	0.06905264359640943
PIK3CB	ALDESLEUKIN	Approved	antineoplastic agent	0.02762105743856377
PIK3CB	PI-103	Not Approved	""	0.0218060979778135
PIK3CB	KU-0060648	Not Approved	""	0.0591879802254938
PIK3CB	DS-7423	Not Approved	""	0.05524211487712754
PIK3CB	VS-5584	Not Approved	""	0.0828631723156913
PIK3CB	RETINOIC ACID AGENT	Not Approved	""	0.02673005558570687
PIK3CB	PAXALISIB	Not Approved	""	0.03766507832531424
PIK3CB	CH-5132799	Not Approved	""	0.1035789653946141
PIK3CB	OCTREOTIDE ACETATE	Approved	antihypertensive agent,antineoplastic agent	0.04603509573093962
PIK3CB	COMPOUND 5D [PMID: 31335136]	Not Approved	""	0.1035789653946141
PIK3CB	SF-1126	Not Approved	""	0.04603509573093962
PIK3CB	COMPOUND 27 [PMID: 35834807]	Not Approved	""	0.1035789653946141
PIK3CB	RIGOSERTIB	Not Approved	antineoplastic agent	0.05178948269730707
PIK3CB	IZORLISIB	Not Approved	""	0.0828631723156913
PIK3CB	WORTMANNIN	Not Approved	""	0.05178948269730707
PIK3CB	NONSTEROIDAL ANTIINFLAMMATORY DRUG	Not Approved	""	0.07311456380796291
PIK3CB	INDOLE-3-CARBINOL	Not Approved	""	0.1381052871928188
PIK3CB	TYROSINE KINASE INHIBITOR	Not Approved	""	0.0318704508906505
PIK3CB	VS-5584	Not Approved	""	0.03766507832531424
PIK3CB	BAY-8400	Not Approved	""	0.1035789653946141
PIK3CB	PUQUITINIB MESYLATE DIHYDRATE	Not Approved	""	0.03766507832531424
PIK3CB	FIMEPINOSTAT	Not Approved	""	0.0318704508906505
PIK3CB	PI3K/MTOR KINASE INHIBITOR PF-04691502	Not Approved	""	0.1035789653946141
PIK3CB	COMPOUND 15A [PMID: 32069401]	Not Approved	""	0.0828631723156913
PIK3CB	SF1126	Not Approved	antineoplastic agent	0.04603509573093962
PIK3CB	BUPARLISIB HYDROCHLORIDE	Not Approved	""	0.04143158615784565
PIK3CB	BIMIRALISIB	Not Approved	""	0.0828631723156913
PIK3CB	UROKINASE	Approved	Thrombolytic Agents,thrombolytic agent	0.1035789653946141
PIK3CB	RECOMBINANT CHEMOKINE	Not Approved	""	0.06905264359640943
PIK3CB	DACTOLISIB	Not Approved	""	0.03452632179820471
PIK3CB	GEDATOLISIB	Not Approved	""	0.04603509573093962
PIK3CB	ALVOCIDIB	Not Approved	antineoplastic agent	0.03945865348366253
PIK3CB	5-QUINOXALIN-6-YLMETHYLENE-THIAZOLIDINE-2,4-DIONE	Not Approved	""	0.0828631723156913
PIK3CB	SELECTIVE ESTROGEN RECEPTOR MODULATOR	Not Approved	""	0.09207019146187924
PIK3CB	PF-06843195	Not Approved	""	0.1381052871928188
PIK3CB	GSK-1059615	Not Approved	""	0.05178948269730707
PIK3CB	DUVELISIB	Approved	""	0.0591879802254938
PIK3CB	AZD-8186	Not Approved	""	0.2071579307892282
PIK3CB	PF-04691502	Not Approved	""	0.03452632179820471
PIK3CB	PANULISIB	Not Approved	""	0.05178948269730707
PIK3CB	INFIGRATINIB	Approved	""	0.0153450319103132
PIK3CB	PROTEASOME INHIBITOR	Not Approved	""	0.04143158615784565
PIK3CB	NEMIRALISIB	Not Approved	""	0.0591879802254938
ERBB2	MM-111	Not Approved	antineoplastic agent	0.6824025955409873
ERBB2	TRASTUZUMAB	Approved	antineoplastic agent	0.4675721487966024
ERBB2	PERTUZUMAB	Approved	antineoplastic agent	0.4691517844344287
ERBB2	FULVESTRANT	Approved	antineoplastic agent	0.04094415573245923
ERBB2	IL-12	Not Approved	""	0.07582251061566525
ERBB2	ADO-TRASTUZUMAB EMTANSINE	Approved	antineoplastic agent	0.1605653165978793
ERBB2	MARGETUXIMAB	Approved	antineoplastic agent	0.4094415573245923
ERBB2	POZIOTINIB	Not Approved	""	0.1706006488852468
ERBB2	BMS-599626	Not Approved	""	0.3412012977704936
ERBB2	CETUXIMAB	Approved	antineoplastic agent	0.009221656696499828
ERBB2	LAPATINIB	Approved	antineoplastic agent	0.3632142847234287
ERBB2	LETROZOLE	Approved	antineoplastic agent	0.03791125530783262
ERBB2	ABEMACICLIB	Approved	""	0.05387388912165689
ERBB2	ALLITINIB	Not Approved	""	0.1706006488852468
ERBB2	TIPIRACIL / TRIFLURIDINE	Not Approved	""	0.1706006488852468
ERBB2	PLATINUM COMPOUND	Not Approved	""	0.0426501622213117
ERBB2	T-DM1	Not Approved	""	0.3412012977704936
ERBB2	TESEVATINIB	Not Approved	antineoplastic agent	0.1137337659234978
ERBB2	ANTINEOPLASTIC AGENT	Not Approved	""	0.04874304253864196
ERBB2	AFATINIB	Approved	antineoplastic agent	0.246423159500912
ERBB2	RIBOCICLIB	Approved	antineoplastic agent	0.03791125530783262
ERBB2	ANASTROZOLE	Approved	antineoplastic agent	0.02624625367465336
ERBB2	TAK-285	Not Approved	""	0.3412012977704936
ERBB2	PALBOCICLIB	Approved	""	0.02007066457473492
ERBB2	CP-724714	Not Approved	""	0.6824025955409873
ERBB2	BMS-690514	Not Approved	""	0.1706006488852468
ERBB2	TUCATINIB	Approved	antineoplastic agent	0.2559009733278702
ERBB2	IRINOTECAN HYDROCHLORIDE	Approved	antineoplastic agent	0.005415893615404661
ERBB2	PELITINIB	Not Approved	""	0.1706006488852468
ERBB2	PEMBROLIZUMAB	Approved	""	0.02067886653154507
ERBB2	NVP-TAE684	Not Approved	""	0.003312633958936831
ERBB2	CEDIRANIB	Not Approved	antineoplastic agent	0.006092880317330245
ERBB2	ZENOCUTUZUMAB	Not Approved	""	0.3412012977704936
ERBB2	ANTI-EGFR/HER2/HER3 MONOCLONAL ANTIBODY MIXTURE SYM013	Not Approved	""	0.1137337659234978
ERBB2	NIVOLUMAB	Approved	antineoplastic agent	0.01312312683732668
ERBB2	KADCYLA	Not Approved	""	0.3412012977704936
ERBB2	HSP90 INHIBITOR	Not Approved	""	0.3412012977704936
ERBB2	HER2 ECD+TM VIRUS-LIKE REPLICON PARTICLES VACCINE AVX901	Not Approved	""	0.3412012977704936
ERBB2	PILARALISIB	Not Approved	""	0.02007066457473492
ERBB2	TARLOXOTINIB	Not Approved	""	0.08530032444262341
ERBB2	DACOMITINIB ANHYDROUS	Approved	antineoplastic agent	0.4549350636939915
ERBB2	CAPIVASERTIB	Approved	""	0.03412012977704936
ERBB2	HER2-TARGETED LIPOSOMAL DOXORUBICIN HYDROCHLORIDE MM-302	Not Approved	""	0.3412012977704936
ERBB2	ALPELISIB	Approved	""	0.01895562765391631
ERBB2	GANCOTAMAB	Not Approved	""	0.1706006488852468
ERBB2	PACLITAXEL	Approved	for treatment of peripheral arterial disease (PAD),DMARD,antiinflammatory agent,antineoplastic agent	0.003101829979731761
ERBB2	ERTUMAXOMAB	Not Approved	""	0.2274675318469957
ERBB2	VARLITINIB	Not Approved	antineoplastic agent	0.5118019466557405
ERBB2	CIPATINIB	Not Approved	""	0.1706006488852468
ERBB2	MULTI-NEO-EPITOPE VACCINE OSE 2101	Not Approved	""	0.08530032444262341
ERBB2	TAMATINIB	Not Approved	""	0.004212361700870292
ERBB2	EPIRUBICIN	Approved	Antineoplastic Agents	0.01895562765391631
ERBB2	PLUMBAGIN	Not Approved	""	0.05249250734930672
ERBB2	ROMIDEPSIN	Approved	antineoplastic agent	0.02437152126932098
ERBB2	CANERTINIB	Not Approved	""	0.1462291276159258
ERBB2	GO-6976	Not Approved	""	0.007934913901639388
ERBB2	BMS-599626	Not Approved	""	0.2047207786622961
ERBB2	EVEROLIMUS	Approved	immunosuppressant	0.05017666143683731
ERBB2	NERATINIB MALEATE	Approved	""	0.2274675318469957
ERBB2	TALAZOPARIB	Approved	""	0.02437152126932098
ERBB2	PD-98059	Not Approved	""	0.01844331339299965
ERBB2	DOCETAXEL ANHYDROUS	Approved	antineoplastic agent	0.004110859009283056
ERBB2	CENISERTIB	Not Approved	antineoplastic agent	0.002891536421783844
ERBB2	NAKIJIQUINONES H	Not Approved	""	0.6824025955409873
ERBB2	FAM-TRASTUZUMAB DERUXTECAN-NXKI	Approved	""	0.3412012977704936
ERBB2	AEE788	Not Approved	""	0.04874304253864196
ERBB2	DIMETHYLCURCUMIN	Not Approved	""	0.1364805191081974
ERBB2	PROTEASE INHIBITOR	Not Approved	""	0.03412012977704936
ERBB2	AV-412	Not Approved	antineoplastic agent	0.3412012977704936
ERBB2	NAKIJIQUINONE I	Not Approved	""	0.6824025955409873
ERBB2	AEE-788	Not Approved	""	0.05686688296174894
ERBB2	ANTI-HER2 ANTIBODY-DRUG CONJUGATE MEDI4276	Not Approved	""	0.3412012977704936
ERBB2	DIETHYLSTILBESTROL	Approved	Hormone Replacement Agents	0.02067886653154507
ERBB2	ZOLEDRONIC ACID ANHYDROUS	Approved	antiosteoporotic agent	0.02274675318469957
ERBB2	MECHLORETHAMINE	Approved	""	0.06203659959463521
ERBB2	AFATINIB DIMALEATE	Approved	""	0.1137337659234978
ERBB2	MASOPROCOL	Approved	prostate cancer,antineoplastic agent	0.0217788062406698
ERBB2	BLARCAMESINE	Not Approved	antineoplastic agent,for treatment of Alzheimer's disease	0.1137337659234978
ERBB2	IBRUTINIB	Approved	antineoplastic agent	0.01003533228736746
ERBB2	ADJUVANT	Not Approved	""	0.06824025955409874
ERBB2	ZANIDATAMAB	Not Approved	""	0.3412012977704936
ERBB2	ELACESTRANT	Approved	for treatment of postmenopausal symptoms	0.1706006488852468
ERBB2	AKT INHIBITOR MK2206	Not Approved	""	0.09748608507728392
ERBB2	PAN-HER KINASE INHIBITOR AC480	Not Approved	antineoplastic agent	0.08530032444262341
ERBB2	VORINOSTAT	Approved	antineoplastic agent	0.01218576063466049
ERBB2	KBP5209	Not Approved	""	0.08530032444262341
ERBB2	GW843682X	Not Approved	""	0.008748751224884452
ERBB2	SAPITINIB	Not Approved	""	0.1462291276159258
ERBB2	TUXOBERTINIB	Not Approved	""	0.08530032444262341
ERBB2	SOTRASTAURIN	Not Approved	""	0.005593463897876945
ERBB2	DASATINIB ANHYDROUS	Approved	antineoplastic agent	0.004489490760138074
ERBB2	ERIBULIN MESYLATE	Approved	""	0.02843344148087447
ERBB2	PYROTINIB	Not Approved	""	0.1706006488852468
ERBB2	MULTIKINASE INHIBITOR AEE788	Not Approved	""	0.1137337659234978
ERBB2	TAMOXIFEN	Approved	Hormonal,Antineoplastic Agents	0.02624625367465336
ERBB2	GLYCOOPTIMIZED TRASTUZUMAB-GEX	Not Approved	""	0.3412012977704936
ERBB2	ALISERTIB	Not Approved	antineoplastic agent	0.007108360370218618
ERBB2	TRASTUZUMAB DUOCARMAZINE	Not Approved	""	0.3412012977704936
ERBB2	MEK INHIBITOR I	Not Approved	""	0.1137337659234978
ERBB2	ALITRETINOIN	Approved	""	0.03249536169242796
ERBB2	NAKIJIQUINONES G	Not Approved	""	0.6824025955409873
ERBB2	ANTHRAQUINONE	Not Approved	""	0.3412012977704936
ERBB2	GREEN TEA EXTRACT	Not Approved	""	0.3412012977704936
ERBB2	CIMAGLERMIN ALFA	Not Approved	for treatment of heart failure	0.1137337659234978
ERBB2	URACIL	Not Approved	""	0.1706006488852468
ERBB2	METHYLCURCUMIN	Not Approved	""	0.1706006488852468
ERBB2	FLOXURIDINE	Approved	antineoplastic agent	0.04874304253864196
ERBB2	HYDROCORTISONE BUTYRATE	Approved	""	0.01624768084621398
ERBB2	GANCICLOVIR	Approved	""	0.08530032444262341
ERBB2	MOMELOTINIB	Approved	""	0.02624625367465336
ERBB2	EXEMESTANE	Approved	antineoplastic agent	0.02132508111065585
ERBB2	GEMCITABINE	Approved	antineoplastic agent	0.007417419516749862
ERBB2	NERATINIB	Approved	antineoplastic agent	0.5686688296174894
ERBB2	SACITUZUMAB GOVITECAN	Approved	""	0.03791125530783262
ERBB2	MUBRITINIB	Not Approved	""	0.3412012977704936
ERBB2	MDX-210	Not Approved	""	0.1706006488852468
ERBB2	JNJ-26483327	Not Approved	""	0.07582251061566525
ERBB2	VANDETANIB	Approved	antineoplastic agent	0.005882780996042993
ERBB2	ROCILETINIB	Not Approved	""	0.08530032444262341
ERBB2	GEFITINIB	Approved	antineoplastic agent	0.03564789678199188
ERBB2	TYRPHOSTIN AG 879	Not Approved	""	0.03791125530783262
ERBB2	CANERTINIB DIHYDROCHLORIDE	Not Approved	""	0.1364805191081974
ERBB2	CARBOPLATIN	Approved	""	0.01190237085245908
ERBB2	CRIZOTINIB	Approved	antineoplastic agent	0.01364805191081974
ERBB2	NELIPEPIMUT-S	Not Approved	""	0.3412012977704936
ERBB2	MP-412	Not Approved	""	0.1137337659234978
ERBB2	S-222611	Not Approved	""	0.3412012977704936
ERBB2	ANVATABART OPADOTIN	Not Approved	""	0.02132508111065585
ERBB2	KN-026	Not Approved	""	0.3412012977704936
ERBB2	ILORASERTIB	Not Approved	""	0.002941390498021496
ERBB2	CAPECITABINE	Approved	""	0.01338044304982328
ERBB2	LAPULEUCEL-T	Not Approved	""	0.3412012977704936
ERBB2	OLAPARIB	Approved	""	0.01483483903349972
ERBB2	HEMAY-022	Not Approved	""	0.3412012977704936
ERBB2	TRIFLURIDINE	Approved	""	0.1137337659234978
ERBB2	NONSTEROIDAL ANTIINFLAMMATORY DRUG	Not Approved	""	0.04014132914946984
ERBB2	(R)-STU104	Not Approved	""	0.3412012977704936
ERBB2	CUDC-101	Not Approved	antineoplastic agent	0.09748608507728392
ERBB2	OSIMERTINIB	Approved	""	0.04874304253864196
ERBB2	CHLORAMBUCIL	Approved	""	0.06824025955409872
ERBB2	SIROLIMUS	Approved	for treatment of wet age-related macular degeneration,immunosuppressant	0.005882780996042993
ERBB2	CURCUMIN	Approved	""	0.01033943326577253
ERBB2	TIPIFARNIB	Not Approved	antineoplastic agent	0.07582251061566525
ERBB2	PICTILISIB	Not Approved	""	0.01033943326577253
ERBB2	EMODIN	Not Approved	""	0.02624625367465336
ERBB2	VACCINE ADJUVANT	Not Approved	""	0.6824025955409873
ERBB2	THERAPEUTIC AUTOLOGOUS DENDRITIC CELLS	Not Approved	""	0.3412012977704936
ERBB2	TBO-FILGRASTIM	Approved	for treatment of neutropenia	0.3412012977704936
ERBB2	VITAMIN E	Approved	""	0.0426501622213117
ERBB2	TIPIRACIL	Approved	""	0.3412012977704936
ERBB2	EPIGALLOCATECHIN-3-GALLATE	Not Approved	""	0.03791125530783262
ERBB2	ERLOTINIB	Approved	antineoplastic agent	0.01218576063466049
ERBB2	IXABEPILONE	Approved	antineoplastic agent	0.0310182997973176
CYP2E1	ISOFLAVONE	Not Approved	""	1.242947584735369
CYP2E1	BENZODIAZEPINE	Not Approved	""	0.7457685508412218
CYP2E1	BRADANICLINE	Not Approved	neuroprotectant	0.7457685508412218
CYP2E1	SEVOFLURANE	Approved	Inhalation,Anesthetics	0.1511693008461936
CYP2E1	CYTARABINE	Approved	antineoplastic agent	0.04661053442757636
CYP2E1	PHENETHYL ISOCYANATE	Not Approved	""	3.728842754206109
CYP2E1	POLYETHYLENE GLYCOL 4000	Approved	""	0.7457685508412218
CYP2E1	CHLORPROMAZINE	Approved	""	0.1007795338974624
CYP2E1	VALERIAN ROOT EXTRACT	Approved	""	1.864421377103054
CYP2E1	ADJUVANT	Not Approved	""	0.2485895169470739
CYP2E1	PYRIDOXAL PHOSPHATE ANHYDROUS	Not Approved	""	1.242947584735369
CYP2E1	ACETAMINOPHEN	Approved	analgesic	0.3226883152678364
CYP2E1	RITONAVIR	Approved	""	0.1381052871928188
CYP2E1	GEMTUZUMAB OZOGAMICIN	Approved	antineoplastic agent	0.4143158615784565
CYP2E1	FLUDARABINE	Approved	antineoplastic agent	0.1096718457119443
CYP2E1	IDARUBICIN	Approved	Antineoplastic Agents	0.0776842240459606
CYP2E1	CIPROFLOXACIN	Approved	""	0.3389857049278281
CYP2E1	THEOPHYLLINE	Approved	bronchodilator	0.1381052871928188
CYP2E1	METACETAMOL	Not Approved	""	3.728842754206109
CYP2E1	RISPERIDONE	Approved	Antipsychotic Agents,antipsychotic agent	0.05565436946576282
CYP2E1	ANTIDEPRESSANT AGENT	Not Approved	""	0.07170851450396365
CYP2E1	NONSTEROIDAL ANTIINFLAMMATORY DRUG	Not Approved	""	0.2193436914238887
CYP2E1	ZIDOVUDINE	Approved	""	0.1381052871928188
CYP2E1	FLUOROURACIL	Approved	""	0.03214519615694921
CYP2E1	ISOFLURANE	Approved	Inhalation,Anesthetics	0.1202852501356809
CYP2E1	COBALT	Not Approved	""	0.3389857049278281
CYP2E1	PHENETHYLISOTHIOCYANATE	Not Approved	""	0.4661053442757636
CYP2E1	PERFLUBRON	Not Approved	""	3.728842754206109
STAT1	CISPLATIN	Approved	""	0.0591879802254938
STAT1	CHEMBL:CHEMBL85826	Not Approved	""	0.966737010349732
STAT1	PICOPLATIN	Not Approved	""	8.700633093147589
STAT1	GUTTIFERONE K	Not Approved	""	8.700633093147589
STAT1	IPRIFLAVONE	Not Approved	""	0.725052757762299
STAT1	GARCINOL	Not Approved	""	2.175158273286897
GRM5	MAVOGLURANT	Not Approved	""	5.800422062098392
GRM5	STX107	Not Approved	for treatment of Fragile X symptoms	5.800422062098392
GRM5	RG7342	Not Approved	""	5.800422062098392
GRM5	RASEGLURANT	Not Approved	""	2.900211031049196
GRM5	AZD7545	Not Approved	""	1.450105515524598
GRM5	ADX10059	Not Approved	for treatment of gastroesophageal reflux disease,antimigraine agent	5.800422062098392
GRM5	DASOLAMPANEL ETIBUTIL	Not Approved	""	2.900211031049196
GRM5	STX-107	Not Approved	""	5.800422062098392
GRM5	DIPRAGLURANT	Not Approved	""	2.900211031049196
GRM5	DEHYDRATED ALCOHOL	Approved	""	0.07342306407719484
GRM5	BASIMGLURANT	Not Approved	""	4.350316546573794
GRM5	GANCICLOVIR	Approved	""	1.087579136643448
GRM5	AZD2516	Not Approved	""	2.900211031049196
GRM5	ACAMPROSATE CALCIUM	Approved	antineoplastic agent,for treatment of alcohol-dependance	0.1160084412419678
GRM5	AZD2066	Not Approved	for treatment of gastroesophageal reflux disease,analgesic	5.800422062098392
GRM5	AZD6538	Not Approved	""	2.900211031049196
GRM5	VER-246608	Not Approved	""	0.725052757762299
GRM5	AZD9272	Not Approved	""	2.900211031049196
FOXP3	EPIRUBICIN	Approved	Antineoplastic Agents	0.725052757762299
FOXP3	METHOTREXATE	Approved	DMARD	0.4745799868989594
ALK	CEP-37440	Not Approved	""	0.2351522457607456
ALK	ENTRECTINIB	Approved	""	0.09901147189926132
ALK	VENETOCLAX	Approved	""	0.04275495377468102
ALK	CONTELTINIB	Not Approved	""	0.4703044915214913
ALK	ALECTINIB	Approved	""	5.361471203345
ALK	ENSARTINIB	Not Approved	""	4.467892669454168
ALK	VANDETANIB	Approved	antineoplastic agent	0.02432609438904265
ALK	VINCRISTINE SULFATE	Approved	""	0.04950573594963066
ALK	LORLATINIB	Approved	""	3.111245097757558
ALK	TOZASERTIB	Not Approved	antineoplastic agent	0.006442527281116319
ALK	TEMOZOLOMIDE	Approved	""	0.04479090395442774
ALK	TALETRECTINIB	Not Approved	""	0.09406089830429824
ALK	BEVACIZUMAB	Approved	antineoplastic agent	0.03527283686411184
ALK	BRENTUXIMAB VEDOTIN	Approved	antineoplastic agent	0.104512109226998
ALK	ETOPOSIDE	Approved	Antineoplastic Agents	0.01621739625936176
ALK	ALK/C-MET INHIBITOR TQ-B3139	Not Approved	""	0.6270726553619883
ALK	CEMIPLIMAB	Approved	""	0.06718635593164161
ALK	ALK/TRK INHIBITOR TSR-011	Not Approved	""	0.4703044915214913
ALK	LUMINESPIB	Not Approved	""	0.2351522457607456
ALK	ATEZOLIZUMAB	Approved	""	0.104512109226998
ALK	CRENOLANIB	Not Approved	""	0.03135363276809942
ALK	GILTERITINIB	Approved	""	0.07838408192024854
ALK	EG5 KINESIN-RELATED MOTOR PROTEIN INHIBITOR 4SC-205	Not Approved	antineoplastic agent	0.3135363276809941
ALK	THZ1	Not Approved	""	0.3135363276809941
ALK	NIVOLUMAB	Approved	antineoplastic agent	0.07235453715715251
ALK	P53/HDM2 INTERACTION INHIBITOR CGM097	Not Approved	""	0.3135363276809941
ALK	TEPOTINIB	Approved	""	0.1175761228803728
ALK	PEMBROLIZUMAB	Approved	""	0.05700660503290803
ALK	SIROLIMUS	Approved	for treatment of wet age-related macular degeneration,immunosuppressant	0.01621739625936176
ALK	CENISERTIB	Not Approved	antineoplastic agent	0.003985631284080434
ALK	FICONALKIB	Not Approved	""	0.9406089830429826
ALK	ALECTINIB HYDROCHLORIDE	Approved	""	0.156768163840497
ALK	OSIMERTINIB	Approved	""	0.03359317796582081
ALK	AFATINIB	Approved	antineoplastic agent	0.07838408192024854
ALK	TOPOTECAN HYDROCHLORIDE	Approved	antineoplastic agent	0.09798010240031067
ALK	LINIFANIB	Not Approved	antineoplastic agent	0.00587880614401864
ALK	X-396	Not Approved	""	1.881217966085965
ALK	BATOPROTAFIB	Not Approved	""	0.3135363276809941
ALK	ASP-3026	Not Approved	""	0.4703044915214913
ALK	IMATINIB	Approved	antineoplastic agent	0.01306401365337475
ALK	GANETESPIB	Not Approved	antineoplastic agent	0.05878806144018641
ALK	PF-562271	Not Approved	""	0.004354671217791586
ALK	SHP2 INHIBITOR PF-07284892	Not Approved	""	0.3135363276809941
ALK	CISPLATIN	Approved	""	0.006398700564918249
ALK	DOVITINIB	Not Approved	antineoplastic agent	0.00465648011407417
ALK	CYTARABINE	Approved	antineoplastic agent	0.01175761228803728
ALK	METHOTREXATE	Approved	DMARD	0.008550990754936205
ALK	DURVALUMAB	Approved	""	0.1410913474564473
ALK	TRAMETINIB DIMETHYL SULFOXIDE	Approved	antineoplastic agent	0.03001943562903136
ALK	NAVITOCLAX	Not Approved	""	0.05878806144018641
ALK	GW441756X	Not Approved	""	0.00723545371571525
ALK	CARBAMAZEPINE	Approved	for treatment of bipolar disorder	0.01919610169475474
ALK	HJC0152	Not Approved	""	0.4703044915214913
ALK	FULVESTRANT	Approved	antineoplastic agent	0.0376243593217193
ALK	ALVOCIDIB	Not Approved	antineoplastic agent	0.04479090395442774
ALK	APG-2449	Not Approved	""	0.4703044915214913
ALK	PEMETREXED DISODIUM	Approved	Antineoplastic Agents,antineoplastic agent	0.01808863428928812
ALK	ZOLEDRONIC ACID ANHYDROUS	Approved	antiosteoporotic agent	0.06270726553619883
ALK	ZOTIZALKIB	Not Approved	""	1.175761228803728
ALK	REPOTRECTINIB	Approved	""	0.2351522457607456
ALK	DINACICLIB	Not Approved	""	0.07838408192024854
ALK	GEFITINIB	Approved	antineoplastic agent	0.007019470022708825
ALK	PALBOCICLIB	Approved	""	0.009221656696499828
ALK	CYCLOPHOSPHAMIDE ANHYDROUS	Approved	""	0.04064359803272147
ALK	DACTOLISIB	Not Approved	""	0.009798010240031067
ALK	TREMELIMUMAB	Approved	antineoplastic agent	0.06718635593164161
ALK	FILGOTINIB	Approved	DMARD,antiinflammatory agent	0.104512109226998
ALK	DABRAFENIB	Approved	antineoplastic agent	0.03483736974233269
ALK	IRUPLINALKIB	Not Approved	""	0.7054567372822369
ALK	GSK-1838705A	Not Approved	""	0.1881217966085965
ALK	IRINOTECAN HYDROCHLORIDE	Approved	antineoplastic agent	0.02239545197721387
ALK	ONALESPIB	Not Approved	antineoplastic agent	0.1175761228803728
ALK	RIBOCICLIB	Approved	antineoplastic agent	0.07838408192024854
ALK	PD-0166285	Not Approved	""	0.009044317144644064
ALK	IXAZOMIB	Approved	""	0.02239545197721387
ALK	MTI-31	Not Approved	""	0.4703044915214913
ALK	PLB1003	Not Approved	""	0.4703044915214913
ALK	JNJ-7706621	Not Approved	""	0.008550990754936205
ALK	RG-1530	Not Approved	""	0.005003239271505227
ALK	DEXAMETHASONE	Approved	for treatment of Meniere's disease,glucocorticoid,antiinflammatory agent	0.01106598803579979
ALK	UNECRITINIB	Not Approved	""	0.2351522457607456
ALK	AZD3463	Not Approved	""	0.4703044915214913
ALK	DOXORUBICIN HYDROCHLORIDE	Approved	antineoplastic agent	0.02224413135574621
ALK	HESPERADIN	Not Approved	""	0.01175761228803728
ALK	SARACATINIB	Not Approved	""	0.07235453715715251
ALK	ERLOTINIB	Approved	antineoplastic agent	0.0167965889829104
ALK	BELIZATINIB	Not Approved	""	0.1410913474564473
ALK	IPILIMUMAB	Approved	antineoplastic agent	0.06270726553619883
ALK	CP-547632	Not Approved	""	0.01068873844367025
ALK	CHEMBL:CHEMBL546797	Not Approved	""	0.0146970153600466
ALK	CHEMBL:CHEMBL1997335	Not Approved	""	0.01119772598860693
ALK	TAK-715	Not Approved	""	0.01959602048006213
ALK	IL-10	Not Approved	""	0.1881217966085965
ALK	SELUMETINIB	Approved	""	0.04275495377468102
ALK	IFOSFAMIDE	Approved	Antineoplastic Agents	0.06718635593164161
ALK	NVL-655	Not Approved	""	0.4703044915214913
ALK	CHEMBL:CHEMBL379975	Not Approved	""	0.01068873844367025
ALK	IDASANUTLIN	Not Approved	""	0.3135363276809941
ALK	ALK INHIBITOR ASP3026	Not Approved	""	1.56768163840497
ALK	PAZOPANIB	Approved	antineoplastic agent	0.02475286797481533
ALK	CEDIRANIB	Not Approved	antineoplastic agent	0.008398294491455202
ALK	ALK INHIBITOR TAE684	Not Approved	""	0.7054567372822369
ALK	TAMATINIB	Not Approved	""	0.005806228290388782
ALK	OCTREOTIDE ACETATE	Approved	antihypertensive agent,antineoplastic agent	0.05225605461349902
ALK	RAMUCIRUMAB	Approved	antineoplastic agent	0.07838408192024854
ALK	ILORASERTIB	Not Approved	""	0.004054349064840442
ALK	CRIZOTINIB	Approved	antineoplastic agent	2.520832074555193
ALK	DALANTERCEPT	Not Approved	antiangiogenic agent,antineoplastic agent	0.3527283686411184
ALK	CERITINIB	Approved	""	2.351522457607456
ALK	NVP-TAE 226	Not Approved	""	0.1343727118632832
ALK	BRIGATINIB	Approved	""	2.779071995354266
CTLA4	TREMELIMUMAB	Approved	antineoplastic agent	1.202852501356809
CTLA4	IPILIMUMAB	Approved	antineoplastic agent	0.8981298676797511
CTLA4	CYCLOSPORINE	Approved	immunosuppressant,opthalmological agent	0.03871249429654099
CTLA4	ATEZOLIZUMAB	Approved	""	0.09355519454997407
CTLA4	VISILIZUMAB	Not Approved	for treatment of ulcerative colitis,for treatment of Chron's disease,immunosuppressant,antiinflammatory agent	0.6735974007598133
CTLA4	BLEOMYCIN	Approved	antineoplastic agent	0.2104991877374416
CTLA4	ANTIBIOTIC	Not Approved	""	0.1981168825764157
CTLA4	METHIMAZOLE	Approved	Antithyroid Agents	0.1603803335142412
CTLA4	RETRO-INVERSO PEPTIDE	Not Approved	""	3.367987003799066
CTLA4	MELPHALAN	Approved	""	0.1683993501899533
CTLA4	RECOMBINANT FAS LIGAND	Not Approved	""	0.8419967509497667
CTLA4	ZALIFRELIMAB	Not Approved	""	3.367987003799066
CTLA4	RIBAVIRIN	Approved	""	0.0886312369420807
CTLA4	ANTI-THYMOCYTE GLOBULIN	Approved	Immunomodulatory Agents	0.3061806367090061
CTLA4	QUAVONLIMAB	Not Approved	""	3.367987003799066
CTLA4	COMPOUND 32 [PMID: 20471253]	Not Approved	""	0.5613311672998444
CTLA4	SIROLIMUS	Approved	for treatment of wet age-related macular degeneration,immunosuppressant	0.08710311216721724
CTLA4	BISPECIFIC ANTIBODY	Not Approved	""	0.5613311672998444
CTLA4	CADONILIMAB	Not Approved	""	0.8419967509497667
CTLA4	APLITHIANINE A	Not Approved	""	0.3367987003799066
CTLA4	PEGINTERFERON ALFA-2A	Approved	Antineoplastic Agents; Immunomodulatory Agents,for treatment of hepatitis B and C	0.1161374828896229
CTLA4	INOSINE 5'-MONOPHOSPHATE DEHYDROGENASE INHIBITOR FF-10501-01	Not Approved	""	1.683993501899533
CTLA4	ABATACEPT	Approved	DMARD,antiinflammatory agent,immunosuppressant	0.6735974007598133
CTLA4	WORTMANNIN	Not Approved	""	0.1202852501356809
CTLA4	ERFONRILIMAB	Not Approved	""	0.8419967509497667
CTLA4	THALIDOMIDE	Approved	antineoplastic agent	0.09102667577835315
CTLA4	FF-10501-01	Not Approved	""	1.683993501899533
CTLA4	PEGINTERFERON ALFA-2B	Approved	""	0.1052495938687208
CTLA4	TETRADECANOYLPHORBOL ACETATE	Not Approved	""	0.1098256631673608
CTLA4	DEHYDRATED ALCOHOL	Approved	""	0.04263274688353249
CTLA4	PREDNISONE	Approved	corticosteroid,antiinflammatory agent	0.07484415563997926
GCLM	CISPLATIN	Approved	""	0.05463505866968658
GCLM	PFI-4	Not Approved	""	4.015676812221964
GCLM	OF-1	Not Approved	""	2.007838406110982
GCLM	SULFORAPHANE	Not Approved	""	1.147336232063418
GCLM	COMPOUND 2 [PMID: 25408830]	Not Approved	""	2.007838406110982
GCLM	COMPOUND 3 [PMID: 25408830]	Not Approved	""	2.007838406110982
GCLM	COMPOUND 1 [PMID: 25408830]	Not Approved	""	2.007838406110982
GCLM	NI-57	Not Approved	""	1.338558937407321
GCLM	ANTIOXIDANT	Not Approved	""	0.3824454106878061
GCLM	H2O2	Not Approved	""	0.3088982163247665
GCLM	MELATONIN	Approved	Hypnotics and Sedatives	0.2769432284291009
GCLM	COMPOUND 34 [PMID: 25974391]	Not Approved	""	2.007838406110982
GCLM	PREGNANT MARE SERUM GONADOTROPIN	Not Approved	""	0.7301230567676299
GSR	SELENIUM	Approved	""	0.2791646981758585
GSR	CARMUSTINE	Approved	antineoplastic agent	0.6471545275894901
GSR	ENALAPRIL MALEATE	Approved	antihypertensive agent	0.2497789404731365
GSR	DOXORUBICIN HYDROCHLORIDE	Approved	antineoplastic agent	0.03206621533101077
GSR	AMIFOSTINE ANHYDROUS	Approved	radiation-protective agent	0.9491599737979187
GSR	CARBOPLATIN	Approved	""	0.05518371940685574
GSR	CEFOTAXIME SODIUM	Approved	""	0.3163866579326396
GSR	ONDANSETRON HYDROCHLORIDE	Approved	for treatment of obsessive compulsive disorder (OCD),antiemetic,for treatment of sleep apnea	0.2497789404731365
GSR	OXIGLUTATIONE	Approved	""	1.186449967247398
GSR	OFLOXACIN	Approved	""	0.3954833224157995
GSR	NOV-002	Not Approved	""	2.372899934494797
GSR	THYROXINE	Not Approved	""	0.3954833224157995
GSR	MISONIDAZOLE	Not Approved	""	1.581933289663198
GSR	VITAMIN A	Approved	""	0.1757703655181331
GSR	VITAMIN E	Approved	""	0.2966124918118496
GSR	GOSERELIN ACETATE	Approved	Hormonal,Antineoplastic Agents	0.5273110965543993
GSR	ORAL CONTRACEPTIVE	Not Approved	""	0.4314363517263267
GSR	QUERCETIN	Approved	""	0.06007341606315941
GSR	LEVOFLOXACIN ANHYDROUS	Approved	""	0.790966644831599
GSR	MECHLORETHAMINE	Approved	""	0.4314363517263267
GSR	LANSOPRAZOLE	Approved	Proton pump inhibitor,antiulcer agent	0.1636482713444687
GSR	CARVEDILOL	Approved	cardiovascular agent,for treatment of congestive heart failure	0.1825307641919074
EML4	ZOLEDRONIC ACID ANHYDROUS	Approved	antiosteoporotic agent	0.1546779216559571
EML4	DINACICLIB	Not Approved	""	0.1933474020699464
EML4	TRAMETINIB DIMETHYL SULFOXIDE	Approved	antineoplastic agent	0.07404794121827735
EML4	REPOTRECTINIB	Approved	""	0.3314526892627653
EML4	ZOTIZALKIB	Not Approved	""	2.900211031049196
EML4	IXAZOMIB	Approved	""	0.05524211487712754
EML4	DABRAFENIB	Approved	antineoplastic agent	0.08593217869775395
EML4	AFATINIB	Approved	antineoplastic agent	0.1933474020699464
EML4	PLB1003	Not Approved	""	0.5800422062098392
EML4	CERITINIB	Approved	""	2.456649343947554
EML4	APG-2449	Not Approved	""	1.160084412419678
EML4	THZ1	Not Approved	""	0.7733896082797856
EML4	PRALSETINIB	Approved	""	0.3314526892627653
EML4	NVP-TAE 226	Not Approved	""	0.3314526892627653
EML4	HJC0152	Not Approved	""	1.160084412419678
EML4	ENSARTINIB	Not Approved	""	5.220379855888553
EML4	LORLATINIB	Approved	""	4.640337649678714
EML4	AGERAFENIB	Not Approved	""	0.7733896082797856
EML4	BELIZATINIB	Not Approved	""	0.2320168824839356
EML4	ALVOCIDIB	Not Approved	antineoplastic agent	0.110484229754255
EML4	TALETRECTINIB	Not Approved	""	0.2320168824839356
EML4	MTI-31	Not Approved	""	1.160084412419678
EML4	ALK INHIBITOR ASP3026	Not Approved	""	1.933474020699464
EML4	NVL-655	Not Approved	""	1.160084412419678
EML4	FULVESTRANT	Approved	antineoplastic agent	0.09280675299357427
EML4	VOLASERTIB	Not Approved	""	0.4640337649678713
EML4	ALK/C-MET INHIBITOR TQ-B3139	Not Approved	""	0.7733896082797856
EML4	SELUMETINIB	Approved	""	0.07030814620725323
EML4	LUMINESPIB	Not Approved	""	0.3866948041398928
EML4	ENTRECTINIB	Approved	""	0.1017617905631297
EML4	SARACATINIB	Not Approved	""	0.1784745249876428
EML4	ALECTINIB	Approved	""	8.584624651905619
EML4	IRUPLINALKIB	Not Approved	""	0.8700633093147588
EML4	BRIGATINIB	Approved	""	4.007564333813434
EML4	ALK INHIBITOR TAE684	Not Approved	""	0.8700633093147588
EML4	CRIZOTINIB	Approved	antineoplastic agent	3.109026225284738
EML4	AZD3463	Not Approved	""	0.4640337649678713
EML4	GILTERITINIB	Approved	""	0.1933474020699464
EML4	FILGOTINIB	Approved	DMARD,antiinflammatory agent	0.2577965360932618
EML4	BEVACIZUMAB	Approved	antineoplastic agent	0.08700633093147588
EML4	PONATINIB	Approved	antineoplastic agent	0.08923726249382143
EML4	OMIPALISIB	Not Approved	""	0.1160084412419678
EML4	SIROLIMUS	Approved	for treatment of wet age-related macular degeneration,immunosuppressant	0.04000291077309236
EML4	SHP2 INHIBITOR PF-07284892	Not Approved	""	0.7733896082797856
EML4	ALECTINIB HYDROCHLORIDE	Approved	""	0.3866948041398928
GPX1	KL044	Not Approved	""	26.10189927944276
GPX1	GP-120 ANTIGEN	Not Approved	""	4.015676812221964
MPO	E-101 SOLUTION	Not Approved	""	1.740126618629517
MPO	D-ALPHA-TOCOPHEROL ACETATE	Not Approved	""	1.740126618629517
MPO	LIDOCAINE	Approved	for treatment of pelvic pain of bladder origin and interstitital cystitis,for treatment of premature ejaculation,anestethic,anesthetic	0.2047207786622961
MPO	LITHIUM	Approved	""	0.08286317231569132
MPO	INTERLEUKIN-11	Approved	thrombopoietic	0.3480253237259035
MPO	LORATADINE	Approved	antiasthmatic agent	0.1831712230136334
MPO	DRUGSATFDA.NDA:008378	Not Approved	""	0.5800422062098393
MPO	ANTICOAGULANT AGENT	Not Approved	""	1.160084412419678
MPO	VERDIPERSTAT	Not Approved	""	1.740126618629517
MPO	XANTHINE OXIDASE INHIBITOR	Not Approved	""	3.480253237259035
MPO	SULFONE ANTI-INFECTIVE AGENT	Not Approved	""	1.740126618629517
MPO	MITIPERSTAT	Not Approved	""	0.5800422062098393
MPO	THEOPHYLLINE	Approved	bronchodilator	0.1288982680466309
MPO	FENTANYL CITRATE	Approved	adjuvant to anesthesia,opioid,analgesic	0.1160084412419678
MPO	METHYLENE BLUE ANHYDROUS	Approved	""	0.09406089830429826
MPO	SULFAMETHOXAZOLE	Approved	""	0.2485895169470739
MPO	DIMETHYL SULFOXIDE	Approved	""	0.2175158273286897
MPO	OCTREOTIDE ACETATE	Approved	antihypertensive agent,antineoplastic agent	0.1933474020699464
MPO	FLUDARABINE	Approved	antineoplastic agent	0.102360389331148
MPO	PYRAZINAMIDE	Approved	""	0.2677117874814643
MPO	PSORALEN	Not Approved	""	0.4971790338941479
MPO	DICLOFENAC SODIUM	Approved	for treatment of glaucoma,analgesic,NSAID	0.102360389331148
MPO	PROPYLTHIOURACIL	Approved	Antithyroid Agents	0.1740126618629517
MPO	FLUTAMIDE	Approved	Hormonal,Antineoplastic Agents	0.1740126618629517
MPO	TOLMETIN	Approved	NSAID	1.160084412419678
MPO	DOXYCYCLINE ANHYDROUS	Approved	""	0.1513153581416972
MPO	TENECTEPLASE	Approved	Thrombolytic Agents	1.160084412419678
MPO	NIMESULIDE	Not Approved	""	0.2485895169470739
MPO	IMMUNOTHERAPEUTIC AGENT	Not Approved	""	0.5220379855888553
MPO	ASULACRINE ISETHIONATE	Not Approved	""	3.480253237259035
TNFSF11	DENOSUMAB	Approved	antiosteoporotic agent	43.50316546573794
TNFSF11	LENALIDOMIDE	Approved	antineoplastic agent	2.007838406110982
IGF1	XENTUZUMAB	Not Approved	""	13.05094963972138
IGF1	DUSIGITUMAB	Not Approved	""	13.05094963972138
IGF1	TROFINETIDE	Approved	neuroprotectant	4.350316546573794
IGF1	XENTUZUMAB	Not Approved	""	13.05094963972138
CXCR5	MINODRONIC ACID	Not Approved	antineoplastic agent	0.8286317231569132
CXCR5	BPH-742	Not Approved	""	2.485895169470739
CXCR5	COMPOUND 19 [PMID: 18800762]	Not Approved	""	2.485895169470739
CXCR5	RECOMBINANT CHEMOKINE	Not Approved	""	0.4143158615784566
CXCR5	COMPOUND 16 [PMID: 18800762]	Not Approved	""	2.485895169470739
CXCR5	COMPOUND 12  [PMID: 12014956]	Not Approved	""	2.485895169470739
CXCR5	[1-HYDROXY-2-(1,1':3',1''-TERPHENYL-3-YLOXY)ETHANE-1,1-DIYL]BIS(PHOSPHONIC ACID)	Not Approved	""	2.485895169470739
CXCR5	BPH-608	Not Approved	""	2.485895169470739
CXCR5	COMPOUND 1 [OVERHAND ET AL., 1997]	Not Approved	""	1.242947584735369
CXCR5	COMPOUND 14 [PMID: 18800762]	Not Approved	""	2.485895169470739
CXCR5	BPH-715	Not Approved	""	2.485895169470739
CXCR5	(1-HYDROXY-1-PHOSPHONO-2-[1,1';4',1'']TERPHENYL-3-YL-ETHYL)-PHOSPHONIC ACID	Not Approved	""	2.485895169470739
CXCR5	COMPOUND 47 [PMID: 18800762]	Not Approved	""	2.485895169470739
CXCR5	BPH-252	Not Approved	""	2.485895169470739
CXCR5	2-[METHYL-(5-GERANYL-4-METHYL-PENT-3-ENYL)-AMINO]-ETHYL-DIPHOSPHATE	Not Approved	""	2.485895169470739
CXCR5	BPH-675	Not Approved	""	2.485895169470739
CXCR5	[2-(3-DIBENZOFURAN-4-YL-PHENYL)-1-HYDROXY-1-PHOSPHONO-ETHYL]-PHOSPHONIC ACID	Not Approved	""	2.485895169470739
CXCR5	DIGERANYL BISPHOSPHONATE	Not Approved	""	1.242947584735369
CXCR5	LAURYL ALCOHOL DIPHOSPHONIC ACID	Not Approved	""	2.485895169470739
CXCR5	GERANYLGERANYL DIPHOSPHATE	Not Approved	""	1.242947584735369
CXCR5	COMPOUND 51 [PMID: 18800762]	Not Approved	""	2.485895169470739
SCGB1A1	MECASERMIN	Approved	hormone replacement	26.10189927944276
NR1H4	CHENODEOXYCHOLIC ACID	Approved	""	0.9078921488501831
NR1H4	MELPHALAN	Approved	""	0.0378288395354243
NR1H4	SAQUINAVIR MESYLATE	Approved	""	0.08406408785649844
NR1H4	CHEMBL:CHEMBL269105	Not Approved	""	1.513153581416972
NR1H4	TO-901317	Not Approved	""	0.04728604941928038
NR1H4	METHYLENE BLUE	Not Approved	""	0.08406408785649844
NR1H4	GANODERIC ACID TR	Not Approved	""	1.513153581416972
NR1H4	GANODERMANONTRIOL	Not Approved	""	1.513153581416972
NR1H4	7-O-METHYLCRYPTOCHINONE A	Not Approved	""	1.513153581416972
NR1H4	OBETICHOLIC ACID	Approved	for treatment of Primary Biliary Cirrhosis (PBC),for treatment of non-alcoholic fatty liver disease (NAFLD)	2.6480187674797
NR1H4	FLUOXASTROBIN	Not Approved	""	0.1891441976771215
NR1H4	TUBERATOLIDE A	Not Approved	""	1.513153581416972
NR1H4	TRIBUTYLCHLOROSTANNANE	Not Approved	""	0.1891441976771215
NR1H4	HOMIDIUM BROMIDE	Not Approved	""	0.02608885485201675
NR1H4	TUBERATOLIDE B	Not Approved	""	1.513153581416972
NR1H4	(R)-SARGACHROMENOL	Not Approved	""	1.513153581416972
NR1H4	IMIPRAMINE HYDROCHLORIDE	Approved	Tricyclic,Antidepressive Agents	0.0378288395354243
NR1H4	KETOCONAZOLE	Approved	""	0.034389854123113
NR1H4	TROPIFEXOR	Not Approved	""	0.756576790708486
NR1H4	DIFENOCONAZOLE	Not Approved	""	0.1513153581416972
NR1H4	THEONELLASTEROL E	Not Approved	""	0.756576790708486
NR1H4	CILOFEXOR	Not Approved	""	0.378288395354243
NR1H4	ERGOSTEROL PEROXIDE	Not Approved	""	1.513153581416972
NR1H4	ZEARALENONE	Not Approved	""	0.05819821466988354
NR1H4	THEONELLASTEROL G	Not Approved	""	0.756576790708486
NR1H4	CHEMBL:CHEMBL476302	Not Approved	""	1.513153581416972
NR1H4	CONICASTEROL D	Not Approved	""	0.756576790708486
NR1H4	THEONELLASTEROL F	Not Approved	""	0.756576790708486
NR1H4	HYDRAMETHYLNON	Not Approved	""	0.1891441976771215
NR1H4	THEONELLASTEROL B	Not Approved	""	0.756576790708486
NR1H4	CHEMBL:CHEMBL297304	Not Approved	""	0.05043845271389907
NR1H4	APOMINE	Not Approved	""	0.756576790708486
NR1H4	LITHOCHOLIC ACID	Not Approved	""	0.116396429339767
NR1H4	CRYPTOCHINONE A	Not Approved	""	1.513153581416972
NR1H4	PX-102	Not Approved	""	0.756576790708486
NR1H4	NIMODIPINE	Approved	Antihypertensive Agents; Vasodilator Agents	0.07963966217984063
NR1H4	SUVANINE'S SODIUM SALT	Not Approved	""	0.756576790708486
NR1H4	2'-EPI-TUBERATOLIDE B	Not Approved	""	1.513153581416972
NR1H4	CHEMBL:CHEMBL184450	Not Approved	""	0.05404119933632043
NR1H4	THIMEROSAL	Approved	""	0.032894643074282
NR1H4	FLUAZINAM	Not Approved	""	0.1513153581416972
NR1H4	GANODERIOL F	Not Approved	""	1.513153581416972
NR1H4	DOXORUBICIN HYDROCHLORIDE	Approved	antineoplastic agent	0.005112005342624905
NR1H4	PHENAZOPYRIDINE HYDROCHLORIDE	Approved	""	0.04728604941928038
NR1H4	LUCIDUMOL A	Not Approved	""	1.513153581416972
NR1H4	GENISTEIN	Approved	""	0.01304442742600837
NR1H4	THEONELLASTEROL C	Not Approved	""	0.756576790708486
NR1H4	APIGENIN	Approved	""	0.02909910733494177
NR1H4	DICHLOROPHEN	Not Approved	""	0.04203204392824922
NR1H4	CRYPTOCHINONE B	Not Approved	""	1.513153581416972
NR1H4	PENTABROMOPHENOL	Not Approved	""	0.05819821466988354
NR1H4	BENZO(K)FLUORANTHENE	Not Approved	""	0.0756576790708486
NR1H4	RALOXIFENE HYDROCHLORIDE	Approved	Hormone Replacement Agents	0.01513153581416972
NR1H4	OCHRATOXIN A	Not Approved	""	0.08406408785649844
NR1H4	FLUSILAZOLE	Not Approved	""	0.378288395354243
NR1H4	PHENOLPHTHALEIN	Approved	""	0.09457209883856076
NR1H4	GUGGULSTERONE	Not Approved	""	0.08406408785649844
NR1H4	PENTACHLOROPHENOL	Not Approved	""	0.05404119933632043
NR1H4	TERN-101	Not Approved	""	0.756576790708486
NR1H4	TUROFEXORATE ISOPROPYL	Not Approved	""	1.513153581416972
NR1H4	CLIOQUINOL	Approved	""	0.04203204392824922
NR1H4	CONICASTEROL B	Not Approved	""	0.756576790708486
NR1H4	(S)-SARGACHROMENOL	Not Approved	""	1.513153581416972
NR1H4	URSODIOL	Approved	for prevention of recurrence of colorectal polyps	0.04728604941928038
NR1H4	DIETHYLSTILBESTROL	Approved	Hormone Replacement Agents	0.02292656941540866
NR1H4	YEZOQUINOLIDE	Not Approved	""	1.513153581416972
NR1H4	7-O-METHYLCRYPTOCHINONE B	Not Approved	""	1.513153581416972
NR1H4	CONICASTEROL E	Not Approved	""	0.756576790708486
NR1H4	NIDUFEXOR	Not Approved	""	0.378288395354243
CYP19A1	ANDROSTENEDIONE	Not Approved	""	0.2485895169470739
CYP19A1	MPI-674	Not Approved	for treatment of abnormal uterine bleeding (AUB)	1.242947584735369
CYP19A1	ADENOVIRUS VECTOR	Not Approved	""	0.1775639406764814
CYP19A1	TESTOLACTONE	Approved	Hormonal,Antineoplastic Agents	1.242947584735369
CYP19A1	LETROZOLE	Approved	antineoplastic agent	0.8286317231569132
CYP19A1	PHYTOESTROGEN	Not Approved	""	0.6214737923676849
CYP19A1	ALENDRONATE SODIUM	Approved	Bisphosphonates	0.2071579307892283
CYP19A1	LIOTHYRONINE	Approved	Hormone Replacement Agents	0.07533015665062848
CYP19A1	OPIATE	Not Approved	""	0.4143158615784566
CYP19A1	ANABOLIC STEROID	Not Approved	""	0.8286317231569132
CYP19A1	AMINOGLUTETHIMIDE	Approved	Antineoplastic agents	0.9322106885515273
CYP19A1	RECOMBINANT TUMOR NECROSIS FACTOR FAMILY PROTEIN	Not Approved	""	0.1657263446313826
CYP19A1	GONADOTROPIN-RELEASING HORMONE ANALOG	Not Approved	""	1.242947584735369
CYP19A1	FADROZOLE HYDROCHLORIDE	Not Approved	""	1.242947584735369
CYP19A1	BIOFLAVONOID	Not Approved	""	0.6214737923676849
CYP19A1	NONSTEROIDAL ANTIINFLAMMATORY DRUG	Not Approved	""	0.1462291276159258
CYP19A1	CAPTOPRIL	Approved	Antihypertensive Agents	0.191222705343903
CYP19A1	GENISTEIN	Approved	""	0.04286026154259895
CYP19A1	ASCORBIC ACID	Approved	""	0.09561135267195153
CYP19A1	IBUPROFEN, SODIUM SALT	Approved	NSAID	0.06374090178130101
CYP19A1	FADROZOLE	Not Approved	""	0.1553684480919212
CYP19A1	AZTREONAM	Approved	""	0.4143158615784566
CYP19A1	CHEMBL:CHEMBL572637	Not Approved	""	2.485895169470739
CYP19A1	FORMESTANE	Not Approved	""	0.6214737923676849
CYP19A1	ATAMESTANE	Not Approved	antineoplastic agent	1.242947584735369
CYP19A1	LIAROZOLE	Not Approved	for treatment of ichtyosis,dermatological agent	0.9322106885515273
CYP19A1	PHENYTOIN SODIUM	Approved	Anticonvulsants	0.0591879802254938
CYP19A1	FLUOROURACIL	Approved	""	0.02143013077129947
CYP19A1	HYDROQUINONE	Approved	""	0.1462291276159258
CYP19A1	ISOPROTERENOL	Approved	Bronchodilator Agents; Cardiotonic Agents	0.0776842240459606
CYP19A1	CAPECITABINE	Approved	""	0.04874304253864195
CYP19A1	EXEMESTANE	Approved	antineoplastic agent	0.3107368961838424
CYP19A1	ENVIRONMENTAL ESTROGEN	Not Approved	""	1.242947584735369
CYP19A1	QUERCETIN	Approved	""	0.03146702746165493
CYP19A1	ATROPINE	Approved	nerve agent antidote	0.1462291276159258
CYP19A1	CHEMBL:CHEMBL1077603	Not Approved	""	2.485895169470739
CYP19A1	TAMOXIFEN	Approved	Hormonal,Antineoplastic Agents	0.05736681160317092
CYP19A1	ISOPROPYL ALCOHOL	Approved	""	0.8286317231569132
CYP19A1	ANASTROZOLE	Approved	antineoplastic agent	0.7648908213756123
CYP19A1	NARINGENIN	Not Approved	""	0.1775639406764814
CYP19A1	ANTIFUNGAL AGENT	Not Approved	""	1.242947584735369
CYP19A1	TESTOSTERONE ENANTHATE	Approved	""	1.242947584735369
TLR4	G100	Not Approved	""	2.269730372125457
TLR4	RESATORVID	Not Approved	""	4.539460744250915
TLR4	PERTUSSIS VACCINE	Not Approved	""	6.809191116376373
TLR4	ACETAMINOPHEN	Approved	analgesic	0.0872973220048253
TLR4	TLR AGONIST CADI-05	Not Approved	""	1.513153581416971
TLR4	RESATORVID	Not Approved	for treatment of sepsis	4.539460744250915
TLR4	LPS	Not Approved	""	2.269730372125457
TLR4	RITONAVIR	Approved	""	0.1681281757129968
TLR4	DEFOSLIMOD	Not Approved	""	1.134865186062728
TLR4	GSK1795091	Not Approved	""	4.539460744250915
TLR4	ADJUVANT	Not Approved	""	0.3026307162833944
TLR4	METHOTREXATE	Approved	DMARD	0.0619017374216034
TLR4	ERITORAN TETRASODIUM	Not Approved	""	1.134865186062728
TLR4	DEHYDRATED ALCOHOL	Approved	""	0.05746152840823943
TLR4	ERITORAN	Not Approved	for treatment of sepsis	4.539460744250915
TLR4	NELFINAVIR	Approved	""	0.7565767907084859
TLR4	SAQUINAVIR	Approved	""	0.5043845271389906
TLR4	CRX-555	Not Approved	""	2.269730372125457
TLR4	NEOCEPTIN-3	Not Approved	""	1.134865186062728
TLR4	INFLIXIMAB	Approved	DMARD,antiinflammatory agent	0.1464342175564811
TLR4	FOLIC ACID	Approved	""	0.1891441976771214
TLR4	RECOMBINANT 70-KD HEAT-SHOCK PROTEIN	Not Approved	""	0.4539460744250915
TLR4	PARIDIPRUBART	Not Approved	""	2.269730372125457
IDH2	ENASIDENIB	Approved	""	5.437895683217243
IDH2	ALECTINIB	Approved	""	0.4350316546573794
IDH2	IDH2 MUTANT INHIBITOR TQB3455	Not Approved	""	2.175158273286897
IDH2	GILTERITINIB	Approved	""	0.241684252587433
IDH2	ENASIDENIB MESYLATE	Approved	""	1.087579136643448
IDH2	DAUNORUBICIN LIPOSOMAL	Approved	antineoplastic agent	0.04780567633597576
IDH2	MIDOSTAURIN	Approved	antineoplastic agent	0.1242947584735369
IDH2	CERALASERTIB	Not Approved	""	0.725052757762299
IDH2	IDH2 MUTANT INHIBITOR SH1573	Not Approved	""	4.350316546573794
IDH2	RANOSIDENIB	Not Approved	""	1.087579136643448
IDH2	TALAZOPARIB	Approved	""	0.1553684480919212
IDH2	CRENOLANIB	Not Approved	""	0.2900211031049196
IDH2	QUIZARTINIB	Approved	antineoplastic agent	0.2289640287670418
IDH2	DASATINIB ANHYDROUS	Approved	antineoplastic agent	0.02862050359588022
IDH2	LY3410738	Not Approved	""	0.5437895683217243
IDH2	DECITABINE	Approved	antineoplastic agent	0.09063159472028738
IDH2	CYTARABINE	Approved	antineoplastic agent	0.02718947841608621
IDH2	IVOSIDENIB	Approved	""	2.175158273286897
IDH2	VORASIDENIB	Approved	""	3.262737409930345
IDH2	SORAFENIB	Approved	antineoplastic agent	0.0378288395354243
IDH2	VENETOCLAX	Approved	""	0.5932249836236992
IDH2	AZACITIDINE	Approved	antineoplastic agent	0.05437895683217243
IDH2	OLAPARIB	Approved	""	0.1891441976771215
IDH2	DUBERMATINIB	Not Approved	""	0.725052757762299
DNMT3B	ZILURGISERTIB	Not Approved	""	1.740126618629517
DNMT3B	COMPOUND 13D [PMID: 23639540]	Not Approved	""	1.24294758473537
DNMT3B	CURCUMIN	Approved	""	0.1318277741385998
DNMT3B	GALUNISERTIB	Not Approved	""	1.450105515524598
DNMT3B	COMPOUND 13R [PMID: 23639540]	Not Approved	""	1.450105515524598
DNMT3B	COMPOUND 13A [PMID: 23639540]	Not Approved	""	1.24294758473537
GATA3	PREDNISOLONE	Approved	corticosteroid,antiinflammatory agent	0.1962548818003215
GATA3	DEXAMETHASONE	Approved	for treatment of Meniere's disease,glucocorticoid,antiinflammatory agent	0.06464866694598828
GATA3	METHOTREXATE	Approved	DMARD	0.04995578809462731
GATA3	ASPARAGINASE	Approved	""	0.3052853716893891
GATA3	RIBAVIRIN	Approved	""	0.07230443013696057
GATA3	MYCOPHENOLATE MOFETIL	Approved	immunosuppressant	0.1717230215752813
GATA3	PEGASPARGASE	Approved	""	0.3663424460272669
GATA3	MYCOPHENOLATE	Approved	immunosuppressant	0.1248894702365682
GATA3	CYCLOPHOSPHAMIDE ANHYDROUS	Approved	""	0.06784119370875313
GATA3	VINCRISTINE	Approved	antineoplastic agent	0.06784119370875313
GATA3	CYTARABINE	Approved	antineoplastic agent	0.06868920863011255
GATA3	PREDNISONE	Approved	corticosteroid,antiinflammatory agent	0.1221141486757556
GATA3	LEUCOVORIN CALCIUM	Approved	adjuvant to chemotherapy	0.1526426858446945
GATA3	DOXORUBICIN HYDROCHLORIDE	Approved	antineoplastic agent	0.037129301962223
GATA3	THIOGUANINE	Approved	""	0.2497789404731365
GATA3	MERIMEPODIB	Not Approved	""	1.37378417260225
GATA3	GLUCARPIDASE	Approved	""	0.7850195272012863
GATA3	DAUNORUBICIN LIPOSOMAL	Approved	antineoplastic agent	0.06038611747702201
GATA3	MERCAPTOPURINE	Approved	Antineoplastic Agents	0.1221141486757556
VEGFA	PTC299	Not Approved	antineoplastic agent	0.1969954662599453
VEGFA	PEGAPTANIB	Approved	for treatment of age-related macular degeneration	1.969954662599454
VEGFA	BROLUCIZUMAB	Approved	""	0.984977331299727
VEGFA	GENTAMICIN	Approved	""	0.08565020272171539
VEGFA	AFLIBERCEPT	Approved	antineoplastic agent	1.378968263819617
VEGFA	VANUCIZUMAB	Not Approved	""	1.47746599694959
VEGFA	PEGAPTANIB OCTASODIUM	Not Approved	""	0.984977331299727
VEGFA	VEGF/HGF-TARGETING DARPIN MP0250	Not Approved	""	0.4924886656498635
VEGFA	PEMETREXED DISODIUM	Approved	Antineoplastic Agents,antineoplastic agent	0.07576748702305593
VEGFA	EW-A-401	Not Approved	for treatment of intermittent claudication	0.4924886656498635
VEGFA	ENDOSTATIN	Not Approved	""	0.2462443328249317
VEGFA	ABICIPAR PEGOL	Not Approved	""	1.969954662599454
VEGFA	LENALIDOMIDE	Approved	antineoplastic agent	0.07576748702305593
VEGFA	SUNITINIB	Approved	antineoplastic agent	0.1436425274812101
VEGFA	RISUTEGANIB	Not Approved	""	0.984977331299727
VEGFA	PHENETHYL ISOTHIOCYANATE	Not Approved	""	0.4924886656498635
VEGFA	SILDENAFIL	Approved	antihypertensive agent,for treatment of erectile dysfucntion,for treatment of erectile dysfunction	0.1790867875090412
VEGFA	CARBOPLATIN	Approved	""	0.02290644956510993
VEGFA	SELECTIVE CYTOKINE INHIBITORY DRUG CC-1088	Not Approved	""	0.4924886656498635
VEGFA	ALBUTEROL SULFATE	Approved	for treatment of symptomatic exophthalmos associated with thyroid-related eye disease,for treatment of chronic obstructive pulmonary disorder (COPD),bronchodilator	0.1515349740461118
VEGFA	SQUALAMINE	Not Approved	""	0.2462443328249317
VEGFA	PENTOSAN POLYSULFATE	Approved	for symptomatic treatment of bladder pain or discomfort associated with interstitial cystitis	0.3939909325198907
VEGFA	ANTHRACYCLINE ANTINEOPLASTIC ANTIBIOTIC	Not Approved	""	0.1641628885499545
VEGFA	VEGLIN	Not Approved	antineoplastic agent	0.984977331299727
VEGFA	CARFILZOMIB	Approved	antineoplastic agent	0.0328325777099909
VEGFA	ABICIPAR PEGOL	Not Approved	""	0.984977331299727
VEGFA	PHENYTOIN SODIUM	Approved	Anticonvulsants	0.04690368244284414
VEGFA	CP-547632	Not Approved	""	0.02238584843863016
VEGFA	CELECOXIB	Approved	NSAID	0.02940230839700677
VEGFA	NM-3	Not Approved	""	0.4924886656498635
VEGFA	SORAFENIB	Approved	antineoplastic agent	0.05139012163302924
VEGFA	FENOFIBRATE MICRONIZED	Approved	anticholesterolaemic agent,antidyslipidaemic agent	0.07576748702305593
VEGFA	ADALIMUMAB	Approved	DMARD,antiinflammatory agent	0.05969559583634708
VEGFA	NANOPARTICLE ALBUMIN-BOUND THIOCOLCHICINE DIMER NAB-5404	Not Approved	""	0.2462443328249317
VEGFA	MUPARFOSTAT	Not Approved	antineoplastic agent	0.09849773312997269
VEGFA	PAZOPANIB	Approved	antineoplastic agent	0.06912121623155978
VEGFA	WARFARIN	Approved	Anticoagulants	0.05969559583634708
VEGFA	BEVACIZUMAB	Approved	antineoplastic agent	0.1969954662599453
VEGFA	BEVACIZUMAB 111IN	Not Approved	""	0.984977331299727
VEGFA	FARICIMAB	Approved	""	0.4924886656498635
VEGFA	DEXAMETHASONE	Approved	for treatment of Meniere's disease,glucocorticoid,antiinflammatory agent	0.0231759372070524
VEGFA	DILPACIMAB	Not Approved	""	0.4924886656498635
VEGFA	RANIBIZUMAB	Approved	for treatment of age-related macular degeneration	1.313303108399636
VEGFA	CONBERCEPT	Not Approved	""	0.1969954662599453
VEGFA	SHARK CARTILAGE EXTRACT AE-941	Not Approved	antineoplastic agent	0.328325777099909
VEGFA	BI-836880	Not Approved	""	0.984977331299727
VEGFA	REGORAFENIB	Approved	antineoplastic agent	0.02984779791817354
VEGFA	BEVACIZUMAB-BVZR	Approved	""	0.984977331299727
VEGFA	NAVICIXIZUMAB	Not Approved	""	0.4924886656498635
VEGFA	4SC-202	Not Approved	antineoplastic agent	0.1641628885499545
VEGFA	BEVASIRANIB	Not Approved	for treatment of wet age-related macular degeneration	0.4924886656498635
VEGFA	THALIDOMIDE	Approved	antineoplastic agent	0.02662100895404667
VEGFA	CILOSTAZOL	Approved	Platelet Aggregation Inhibitors	0.1407110473285324
PTH	CALCITONIN	Approved	antiosteoporotic agent	0.446186312469107
PTH	ATENOLOL	Approved	Anti-Arrhythmia Agents; Antihypertensive Agents	0.07436438541151784
PTH	SOY PROTEIN ISOLATE	Not Approved	""	0.446186312469107
PTH	GALLIUM NITRATE	Approved	""	0.3824454106878061
PTH	PROTEIN SYNTHESIS INHIBITOR	Not Approved	""	0.2230931562345535
PTH	PHENOBARBITAL	Approved	Anticonvulsants; Hypnotics and Sedatives	0.07045047038985901
PTH	VITAMIN K	Approved	Antifibrinolytic Agents	0.2974575416460713
PTH	PUROMYCIN	Not Approved	""	0.2974575416460713
PTH	PROTEIN KINASE INHIBITOR	Not Approved	""	0.5354235749629285
PTH	BRYOSTATIN 1	Not Approved	antineoplastic agent	0.191222705343903
PTH	THERAPEUTIC ANDROGEN	Not Approved	""	0.1574775220479201
PTH	RECOMBINANT TRANSFORMING GROWTH FACTOR-BETA-2	Not Approved	""	0.5354235749629285
PTH	AZATHIOPRINE	Approved	""	0.07045047038985901
PTH	CLOMIPHENE CITRATE	Approved	""	0.6692794687036606
PTH	TILARGININE	Not Approved	for treatment of cardiogenic shock	0.3824454106878061
PTH	ANTHRACYCLINE ANTINEOPLASTIC ANTIBIOTIC	Not Approved	""	0.2230931562345535
PTH	CALCIUM GLUCONATE	Approved	""	0.6692794687036606
PTH	IBANDRONATE	Approved	antiosteoporotic agent	0.8923726249382141
PTH	CLOMIPHENE	Approved	for treatment of testosterone deficiency	0.6692794687036606
PTH	HYDROXYUREA	Approved	Antineoplastic Agents	0.191222705343903
PTH	LYCOPENE	Approved	""	0.3346397343518303
PTH	PAMIDRONATE DISODIUM	Approved	""	1.338558937407321
PTH	AMINOGLYCOSIDE ANTIBIOTIC	Not Approved	""	0.2974575416460713
PTH	VITAMIN E	Approved	""	0.1673198671759151
PTH	ALPHA-ADRENERGIC AGONIST	Not Approved	""	0.6692794687036606
PTH	BECLOMETHASONE DIPROPIONATE	Approved	glucocorticoid,antiinflammatory agent	0.2677117874814642
PTH	OSTABOLIN-C	Not Approved	antiosteoporotic agent	0.446186312469107
PTH	RECOMBINANT MONOCYTE CHEMOATTRACTANT PROTEIN-1	Not Approved	""	0.3346397343518303
PTH	LAMIVUDINE	Approved	""	0.1115465781172767
PTH	TRILOSTANE	Approved	Antiadrenal	0.446186312469107
PTH	PENICILLAMINE	Approved	""	0.3824454106878061
PTH	ASPIRIN	Approved	NSAID	0.03007997612151284
PTH	ESTROGENS, CONJUGATED (USP)	Approved	Hormone Replacement Agents	0.446186312469107
PTH	IODINE I-131	Not Approved	""	2.677117874814642
PTH	POTASSIUM CITRATE ANHYDROUS	Approved	""	2.677117874814642
PTH	ENDOTHELIN RECEPTOR ANTAGONIST	Not Approved	""	0.8923726249382141
PTH	TERIPARATIDE	Approved	antiosteoporotic agent	0.3346397343518303
PTH	MIDAZOLAM HYDROCHLORIDE	Approved	Anesthesia; Hypnotics and Sedatives,Adjuvants	0.07436438541151784
PTH	RANITIDINE HYDROCHLORIDE	Approved	antiulcer agent	0.2509798007638727
IL6	CISPLATIN	Approved	""	0.007247507782713527
IL6	ZILTIVEKIMAB	Not Approved	""	1.065383644058888
IL6	CHINESE HERBS	Not Approved	""	0.5326918220294442
IL6	PF-04236921	Not Approved	for treatment of Chron's disease,antiinflammatory agent	1.065383644058888
IL6	MRA 003 US	Not Approved	""	1.065383644058888
IL6	SIGNAL TRANSDUCTION INHIBITOR	Not Approved	""	0.5326918220294442
IL6	BINETRAKIN	Not Approved	""	0.4261534576235554
IL6	IBUDILAST	Approved	neuroprotectant	0.06658647775368053
IL6	INSULIN, REGULAR, HUMAN	Approved	for treatment of diabetic foot ulcers,antidiabetic	0.0402031563795807
IL6	SILTUXIMAB	Approved	""	2.130767288117777
IL6	METRONIDAZOLE	Approved	""	0.5326918220294442
IL6	CLAZAKIZUMAB	Not Approved	antineoplastic agent	4.261534576235554
IL6	GALLIUM NITRATE	Approved	""	0.3043953268739681
IL6	INTERFERON ALFA-2B	Approved	for treatment of hepatitis C,Antineoplastic Agents; Immunomodulatory Agents,for treatment of hepatitis B and C,for treatment of hepatitis	0.152197663436984
IL6	DULOXETINE HYDROCHLORIDE	Approved	antidepressant	0.08195258800452988
IL6	MEDI-5117	Not Approved	""	1.065383644058888
IL6	GEMFIBROZIL	Approved	Antilipemic Agents	0.1639051760090597
IL6	BIAFINE CREAM	Not Approved	""	2.130767288117777
IL6	ETANERCEPT	Approved	DMARD,antiinflammatory agent	0.08195258800452988
IL6	ELSILIMOMAB	Not Approved	""	1.065383644058888
IL6	SAQUINAVIR	Approved	""	0.2367519209019752
IL6	INFLIXIMAB	Approved	DMARD,antiinflammatory agent	0.06873442864896054
IL6	LINEZOLID	Approved	""	0.2367519209019752
IL6	IFOSFAMIDE	Approved	Antineoplastic Agents	0.152197663436984
IL6	OLOKIZUMAB	Not Approved	DMARD,antiinflammatory agent	4.261534576235554
IL6	HMG-COA REDUCTASE INHIBITOR	Not Approved	""	0.5326918220294442
IL6	MIDOSTAURIN	Approved	antineoplastic agent	0.06087906537479363
IL6	SELENIUM	Approved	""	0.1253392522422221
IL6	SIRUKUMAB	Not Approved	DMARD,antiinflammatory agent	1.065383644058888
IL6	PEGINTERFERON ALFA-2B	Approved	""	0.0998797166305208
IL6	ECHINACEA PREPARATION	Approved	""	0.5326918220294442
IL6	ENZYME INHIBITOR	Not Approved	""	0.1775639406764814
IL6	FENOFIBRATE MICRONIZED	Approved	anticholesterolaemic agent,antidyslipidaemic agent	0.08195258800452988
IL6	VITAMIN K	Approved	Antifibrinolytic Agents	0.2367519209019752
IL6	PEGINTERFERON ALFA-2A	Approved	Antineoplastic Agents; Immunomodulatory Agents,for treatment of hepatitis B and C	0.1102121011095401
IL6	RIBAVIRIN	Approved	""	0.08410923505728067
IL6	VITAMIN A PALMITATE	Approved	""	0.7102557627059256
IL6	ARSENIC TRIOXIDE	Approved	antineoplastic agent	0.08195258800452988
IL6	DIHYDROSPHINGOSINE	Not Approved	""	0.3551278813529628
IL6	LEVOFLOXACIN ANHYDROUS	Approved	""	0.3551278813529628
IL6	YSIL6	Not Approved	""	1.065383644058888
IL6	NELFINAVIR	Approved	""	0.3551278813529628
IL6	RITUXIMAB	Approved	antineoplastic agent	0.0591879802254938
IL6	CLAZAKIZUMAB	Not Approved	""	1.065383644058888
IL6	SELECTIVE ESTROGEN RECEPTOR MODULATOR	Not Approved	""	0.3551278813529628
IL6	IMIPENEM-CILASTATIN SODIUM	Not Approved	""	2.130767288117777
IL6	FENTANYL CITRATE	Approved	adjuvant to anesthesia,opioid,analgesic	0.07102557627059257
IL6	ZILTIVEKIMAB	Not Approved	""	0.5326918220294442
IL6	ADALIMUMAB	Approved	DMARD,antiinflammatory agent	0.06456870570053869
TP53	VEMURAFENIB	Approved	antineoplastic agent	0.009364469963923499
TP53	CHEMBL:CHEMBL602150	Not Approved	""	0.02887378238876412
TP53	CHEMBL:CHEMBL201325	Not Approved	""	0.01154951295550564
TP53	CHK1 INHIBITOR GDC-0575	Not Approved	""	0.2309902591101129
TP53	FENTICLOR	Not Approved	""	0.006078691029213499
TP53	PACLITAXEL	Approved	for treatment of peripheral arterial disease (PAD),DMARD,antiinflammatory agent,antineoplastic agent	0.006299734339366717
TP53	CHEMBL:CHEMBL85194	Not Approved	""	0.01924918825917608
TP53	ERLOTINIB	Approved	antineoplastic agent	0.004124826055537731
TP53	CHEMBL:CHEMBL408563	Not Approved	""	0.02309902591101129
TP53	HEXACHLOROPHENE	Approved	""	0.002816954379391621
TP53	BORTEZOMIB	Approved	antineoplastic agent	0.001358766230059488
TP53	IL-27 SUBUNIT &ALPHA;	Not Approved	""	0.2309902591101129
TP53	CHEMBL:CHEMBL195350	Not Approved	""	0.05774756477752824
TP53	PHA-680632	Not Approved	""	0.2309902591101129
TP53	CHEMBL:CHEMBL1389794	Not Approved	""	0.02309902591101129
TP53	SERTRALINE HYDROCHLORIDE	Approved	for treatment of obsessive compulsive disorder (OCD),antidepressant	0.01154951295550564
TP53	CHEMBL:CHEMBL99408	Not Approved	""	0.05774756477752824
TP53	THIMEROSAL	Approved	""	0.005021527371958978
TP53	ABIRATERONE ACETATE	Approved	antineoplastic agent	0.01649930422215092
TP53	TRICLOCARBAN	Not Approved	""	0.01649930422215092
TP53	ENZALUTAMIDE	Approved	antineoplastic agent	0.01443689119438206
TP53	ALRIZOMADLIN	Not Approved	""	0.1732426943325847
TP53	THIOUREIDOBUTYRONITRILE	Not Approved	""	0.3464853886651694
TP53	VENETOCLAX	Approved	""	0.02099911446455572
TP53	PIMASERTIB	Not Approved	""	0.02887378238876412
TP53	EPIRUBICIN	Approved	Antineoplastic Agents	0.01924918825917608
TP53	MDM2 INHIBITOR AMGMDS3	Not Approved	""	0.1154951295550564
TP53	SULCONAZOLE NITRATE	Approved	""	0.03849837651835216
TP53	TYRPHOSTIN A9	Not Approved	""	0.005249778616138931
TP53	GOSSYPOL	Not Approved	""	0.00721844559719103
TP53	LAPACHONE	Not Approved	""	0.004442120367502173
TP53	CHEMBL:CHEMBL592123	Not Approved	""	0.02887378238876412
TP53	AZD6482	Not Approved	""	0.0256655843455681
TP53	SP600125	Not Approved	""	0.05774756477752824
TP53	SELICICLIB	Not Approved	antineoplastic agent	0.03849837651835216
TP53	AZACITIDINE	Approved	antineoplastic agent	0.008662134716629235
TP53	CHEMBL:CHEMBL410484	Not Approved	""	0.01443689119438206
TP53	CHEMBL:CHEMBL1241268	Not Approved	""	0.2309902591101129
TP53	ALK INHIBITOR TAE684	Not Approved	""	0.05774756477752824
TP53	SN-38	Not Approved	""	0.01649930422215092
TP53	METHYLENE BLUE	Not Approved	""	0.01283279217278405
TP53	CINNARIZINE	Approved	Anti-Allergic Agents	0.02099911446455572
TP53	PAROXETINE HYDROCHLORIDE, HEMIHYDRATE	Approved	antidepressant	0.004619805182202259
TP53	IBRUTINIB	Approved	antineoplastic agent	0.01358766230059488
TP53	CABOZANTINIB S-MALATE	Approved	antineoplastic agent	0.01049955723227786
TP53	CAPIVASERTIB	Approved	""	0.02309902591101129
TP53	TAMOXIFEN	Approved	Hormonal,Antineoplastic Agents	0.003553696294001737
TP53	PF-04217903	Not Approved	""	0.07699675303670432
TP53	DOCETAXEL ANHYDROUS	Approved	antineoplastic agent	0.004174522755002042
TP53	GALLIC ACID	Not Approved	""	0.00962459412958804
TP53	KINETIN RIBOSIDE	Not Approved	""	0.02887378238876412
TP53	MASOPROCOL	Approved	prostate cancer,antineoplastic agent	0.002457343182022478
TP53	CHEMBL:CHEMBL259422	Not Approved	""	0.1154951295550564
TP53	INDOPROFEN	Approved	""	0.00962459412958804
TP53	LONTUCIREV	Not Approved	""	0.1154951295550564
TP53	SANGUINARIUM	Not Approved	""	0.004619805182202259
TP53	7,8-DIHYDROXYFLAVONE	Not Approved	""	0.01443689119438206
TP53	CISPLATIN	Approved	""	0.01335657960840789
TP53	3-METHOXYCATECHOL	Not Approved	""	0.01154951295550564
TP53	EPRENETAPOPT	Not Approved	""	1.039456165995508
TP53	NAVITOCLAX	Not Approved	""	0.02165533679157309
TP53	CHEMBL:CHEMBL582473	Not Approved	""	0.03849837651835216
TP53	CHEMBL:CHEMBL407501	Not Approved	""	0.1154951295550564
TP53	PYRITHIONE ZINC	Approved	""	0.006416396086392026
TP53	IDASANUTLIN	Not Approved	""	0.1539935060734086
TP53	ASTEMIZOLE	Approved	Anti-Allergic Agents	0.00721844559719103
TP53	DOPAMINE	Approved	""	0.003982590674312292
TP53	HOMIDIUM BROMIDE	Not Approved	""	0.003982590674312292
TP53	SUNITINIB	Approved	antineoplastic agent	0.00481229706479402
TP53	INDIRUBIN-3'-MONOXIME	Not Approved	""	0.006078691029213499
TP53	DECITABINE	Approved	antineoplastic agent	0.00962459412958804
TP53	TRIFLUPROMAZINE	Approved	Antiemetics; Antipsychotic Agents	0.01443689119438206
TP53	CHEMBL:CHEMBL591618	Not Approved	""	0.02309902591101129
TP53	TOPICAL CORTICOSTEROID	Not Approved	""	0.07699675303670432
TP53	METHIMAZOLE	Approved	Antithyroid Agents	0.01099953614810061
TP53	DENDRITIC CELL VACCINE	Not Approved	""	0.05774756477752824
TP53	TRIACETYLRESVERATROL	Not Approved	""	0.05774756477752824
TP53	CHEMBL:CHEMBL154580	Not Approved	""	0.01049955723227786
TP53	BRIGATINIB	Approved	""	0.02099911446455572
TP53	CHEMBL:CHEMBL406557	Not Approved	""	0.01443689119438206
TP53	EMODIN	Not Approved	""	0.004442120367502173
TP53	VESNARINONE	Not Approved	""	0.02887378238876412
TP53	REBEMADLIN	Not Approved	""	0.4619805182202259
TP53	NUTLIN-3	Not Approved	""	0.2887378238876412
TP53	DIMETHYL GAMBOGATE	Not Approved	""	0.02309902591101129
TP53	IOXYNIL	Not Approved	""	0.03849837651835216
TP53	IRINOTECAN HYDROCHLORIDE	Approved	antineoplastic agent	0.005499768074050308
TP53	CHEMBL:CHEMBL601140	Not Approved	""	0.02887378238876412
TP53	APOMORPHINE	Approved	antiparkinson agent,for treatment of erectile dysfunction,for treatment of sexual dysfunction in women	0.004277597390928017
TP53	CHEMBL:CHEMBL184450	Not Approved	""	0.008249652111075463
TP53	IDELALISIB	Approved	antineoplastic agent	0.0256655843455681
TP53	TRAMETINIB DIMETHYL SULFOXIDE	Approved	antineoplastic agent	0.004914686364044956
TP53	BENDAMUSTINE	Approved	""	0.07699675303670432
TP53	CLIOQUINOL	Approved	""	0.006416396086392026
TP53	PUROMYCIN	Not Approved	""	0.0256655843455681
TP53	TRIFLOXYSTROBIN	Not Approved	""	0.03849837651835216
TP53	METHYL ROBUSTONE	Not Approved	""	0.02309902591101129
TP53	MPI-0479605	Not Approved	""	0.07699675303670432
TP53	IPILIMUMAB	Approved	antineoplastic agent	0.01539935060734086
TP53	OLAPARIB	Approved	""	0.007532291057938466
TP53	CLEMASTINE	Approved	Anti-Allergic Agents	0.01154951295550564
TP53	TEROXIRONE	Not Approved	""	0.02309902591101129
TP53	CHEMBL:CHEMBL177809	Not Approved	""	0.02887378238876412
TP53	FLUPENTHIXOL	Not Approved	Antipsychotic Agents	0.007699675303670432
TP53	SELUMETINIB	Approved	""	0.01049955723227786
TP53	OLEAMIDE	Not Approved	""	0.05774756477752824
TP53	P53-HDM2 INTERACTION INHIBITOR MI-773	Not Approved	""	0.2694886356284651
TP53	METHYLBENZETHONIUM CHLORIDE	Not Approved	""	0.01924918825917608
TP53	CHEMBL:CHEMBL587620	Not Approved	""	0.02309902591101129
TP53	MERCURIC CHLORIDE	Not Approved	""	0.005774756477752823
TP53	RITUXIMAB	Approved	antineoplastic agent	0.03208198043196013
TP53	CHEMBL:CHEMBL578890	Not Approved	""	0.03849837651835216
TP53	CYTARABINE	Approved	antineoplastic agent	0.002887378238876411
TP53	OSIMERTINIB	Approved	""	0.01649930422215092
TP53	FLAVANONE	Not Approved	""	0.01443689119438206
TP53	RALOXIFENE HYDROCHLORIDE	Approved	Hormone Replacement Agents	0.002309902591101129
TP53	PIMOZIDE	Approved	Antidyskinetics; Antipsychotic Agents	0.00339691557514872
TP53	AMOXAPINE	Approved	antidepressant	0.007699675303670432
TP53	ONONIN	Not Approved	""	0.02309902591101129
TP53	TARENFLURBIL	Not Approved	""	0.01924918825917608
TP53	FANCHININ	Not Approved	""	0.02887378238876412
TP53	MDM2 ANTAGONIST RO6839921	Not Approved	""	0.1154951295550564
TP53	VITAMIN K3	Approved	for reducing EGFR-inhibitor-induced dermatological side effects	0.003982590674312292
TP53	CHEMBL:CHEMBL1702181	Not Approved	""	0.1154951295550564
TP53	CYAZOFAMID	Not Approved	""	0.05774756477752824
TP53	CHEMBL:CHEMBL596633	Not Approved	""	0.01049955723227786
TP53	NAVTEMADLIN	Not Approved	""	0.09624594129588039
TP53	[3H]GBR12935	Not Approved	""	0.01649930422215092
TP53	RIMCAZOLE	Not Approved	antineoplastic agent	0.01924918825917608
TP53	VORINOSTAT	Approved	antineoplastic agent	0.008249652111075463
TP53	CHEMBL:CHEMBL1333386	Not Approved	""	0.01649930422215092
TP53	EZABENLIMAB	Not Approved	""	0.1154951295550564
TP53	CLOTRIMAZOLE	Approved	""	0.006242979975948999
TP53	PERPHENAZINE	Approved	Antipsychotic Agents	0.004442120367502173
TP53	FULVESTRANT	Approved	antineoplastic agent	0.009239610364404518
TP53	PALBOCICLIB	Approved	""	0.004529220766864959
TP53	TANESPIMYCIN	Not Approved	antineoplastic agent	0.02665272220501303
TP53	GENISTEIN	Approved	""	0.001991295337156146
TP53	ETHOPROPAZINE HYDROCHLORIDE	Approved	""	0.01649930422215092
TP53	SULANEMADLIN	Not Approved	""	0.1154951295550564
TP53	CHEMBL:CHEMBL528807	Not Approved	""	0.03849837651835216
TP53	HDM2 INHIBITOR MK-8242	Not Approved	""	0.1154951295550564
TP53	CRIZOTINIB	Approved	antineoplastic agent	0.02309902591101129
TP53	FENOFIBRATE MICRONIZED	Approved	anticholesterolaemic agent,antidyslipidaemic agent	0.008884240735004345
TP53	OCHRATOXIN A	Not Approved	""	0.01283279217278405
TP53	IODOQUINOL	Approved	""	0.01283279217278405
TP53	NEBULARINE	Not Approved	""	0.05774756477752824
TP53	JQ1	Not Approved	""	0.04619805182202258
TP53	PEMBROLIZUMAB	Approved	""	0.01399940964303714
TP53	DICHLOROPHEN	Not Approved	""	0.006416396086392026
TP53	LEVONORGESTREL	Approved	for treatment of menopausal symptoms,contraceptive	0.03299860844430185
TP53	CHEMBL:CHEMBL261693	Not Approved	""	0.02309902591101129
TP53	ZANUBRUTINIB	Approved	""	0.1154951295550564
TP53	IL-12	Not Approved	""	0.0256655843455681
TP53	SB 224289	Not Approved	""	0.00962459412958804
TP53	OXALIPLATIN	Approved	""	0.009118036543820249
TP53	CHEMBL:CHEMBL422942	Not Approved	""	0.03849837651835216
TP53	ECONAZOLE NITRATE	Approved	""	0.008249652111075463
TP53	CHEMBL:CHEMBL429335	Not Approved	""	0.02309902591101129
TP53	2-IODOACETAMIDE	Not Approved	""	0.008249652111075463
TP53	CHEMBL:CHEMBL267160	Not Approved	""	0.02887378238876412
TP53	CAULIBUGULONE C	Not Approved	""	0.03849837651835216
TP53	CHEMBL:CHEMBL271023	Not Approved	""	0.01924918825917608
TP53	INOSITOL	Approved	for treatment of Alzheimer's disease	0.01539935060734086
TP53	ALECTINIB	Approved	""	0.04619805182202258
TP53	MAGROLIMAB	Not Approved	""	0.05774756477752824
TP53	PAZOPANIB	Approved	antineoplastic agent	0.008104921372284666
TP53	MICHLER'S KETONE	Not Approved	""	0.01283279217278405
TP53	CHEMBL:CHEMBL260213	Not Approved	""	0.01924918825917608
TP53	THIOTEPA	Approved	""	0.02309902591101129
TP53	KU-60019	Not Approved	""	0.05774756477752824
TP53	CHEMBL:CHEMBL528712	Not Approved	""	0.03849837651835216
TP53	THIORIDAZINE	Approved	Antipsychotic Agents	0.003982590674312292
TP53	BENZALKONIUM CHLORIDE	Approved	""	0.05774756477752824
TP53	BAICALEIN	Not Approved	""	0.004619805182202259
TP53	DABRAFENIB	Approved	antineoplastic agent	0.01711038956371207
TP53	CAULIBUGULONE D	Not Approved	""	0.05774756477752824
TP53	CHEMBL:CHEMBL16685	Not Approved	""	0.05774756477752824
TP53	CHEMBL:CHEMBL261118	Not Approved	""	0.03849837651835216
TP53	KRESOXIM-METHYL	Not Approved	""	0.03849837651835216
TP53	MELPHALAN	Approved	""	0.005774756477752823
TP53	CHEMBL:CHEMBL259784	Not Approved	""	0.01924918825917608
TP53	(R)-INDOPROFEN	Not Approved	""	0.1154951295550564
TP53	PENTACHLOROPHENOL	Not Approved	""	0.008249652111075463
TP53	ATRACTYLENOLIDE I	Not Approved	""	0.2309902591101129
TP53	CONTUSUGENE LADENOVEC	Not Approved	""	0.2309902591101129
TP53	CYCLOPHOSPHAMIDE ANHYDROUS	Approved	""	0.005703463187904024
TP53	CHEMBL:CHEMBL1522984	Not Approved	""	0.02309902591101129
TP53	TAMOXIFEN CITRATE	Approved	""	0.006078691029213499
TP53	NORTRIPTYLINE	Approved	antidepressant,antiasthmatic agent	0.003609222798595515
TP53	NIGULDIPINE	Not Approved	""	0.01443689119438206
TP53	BENZO(K)FLUORANTHENE	Not Approved	""	0.01154951295550564
TP53	R547	Not Approved	""	0.03299860844430185
TP53	BENZO[B]FLUORANTHENE	Not Approved	""	0.01649930422215092
TP53	LORLATINIB	Approved	""	0.02665272220501303
TP53	RUXOLITINIB	Approved	antiinflammatory agent,antineoplastic agent	0.01443689119438206
TP53	STREPTONIGRIN	Not Approved	""	0.01154951295550564
TP53	RECOMBINANT VASCULAR ENDOTHELIAL GROWTH FACTOR	Not Approved	""	0.02474895633322639
TP53	CHEMBL:CHEMBL1346468	Not Approved	""	0.05774756477752824
TP53	RS-39604	Not Approved	""	0.03849837651835216
TP53	CHEMBL:CHEMBL530049	Not Approved	""	0.01283279217278405
TP53	ALEMTUZUMAB	Approved	antineoplastic agent	0.03849837651835216
TP53	SELINEXOR	Approved	""	0.04619805182202258
TP53	CHEMBL:CHEMBL600347	Not Approved	""	0.1154951295550564
TP53	CADMIUM DICHLORIDE	Not Approved	""	0.01049955723227786
TP53	PATULIN	Not Approved	""	0.0256655843455681
TP53	DINOSEB	Not Approved	""	0.02887378238876412
TP53	AURORA KINASE INHIBITOR AMG 900	Not Approved	""	0.05774756477752824
TP53	CHEMBL:CHEMBL578512	Not Approved	""	0.003982590674312292
TP53	MULTI-NEO-EPITOPE VACCINE OSE 2101	Not Approved	""	0.02887378238876412
TP53	CHEMBL:CHEMBL599088	Not Approved	""	0.05774756477752824
TP53	2,6-DIMETHOXYQUINONE	Not Approved	""	0.01649930422215092
TP53	CHEMBL:CHEMBL265686	Not Approved	""	0.02887378238876412
TP53	SAPANISERTIB	Approved	antineoplastic agent	0.01506458211587693
TP53	PROPYLTHIOURACIL	Approved	Antithyroid Agents	0.01154951295550564
TP53	CIS-RESVERATROL	Not Approved	""	0.01649930422215092
TP53	CHLORAMBUCIL	Approved	""	0.01154951295550564
TP53	CHEMBL:CHEMBL198759	Not Approved	""	0.04619805182202258
TP53	RG7112	Not Approved	""	0.2309902591101129
TP53	ADAVOSERTIB	Not Approved	antineoplastic agent	0.05362273872199051
TP53	TRIFLURIDINE	Approved	""	0.07699675303670432
TP53	PRODIGIOSIN	Not Approved	""	0.1154951295550564
TP53	MITOMYCIN	Approved	""	0.00962459412958804
TP53	CHLORFENAPYR	Not Approved	""	0.02887378238876412
TP53	(S)-FLUOXETINE	Not Approved	""	0.01283279217278405
TP53	CHIR-124	Not Approved	""	0.2309902591101129
TP53	RECOMBINANT MONOCYTE CHEMOATTRACTANT PROTEIN-1	Not Approved	""	0.02887378238876412
TP53	OBINUTUZUMAB	Approved	antineoplastic agent	0.07699675303670432
TP53	CHEMBL:CHEMBL1801219	Not Approved	""	0.2309902591101129
TP53	LOPERAMIDE	Approved	Antidiarrheals	0.00962459412958804
TP53	METHOTREXATE	Approved	DMARD	0.002099911446455572
TP53	MERCAPTOPURINE	Approved	Antineoplastic Agents	0.00256655843455681
TP53	POTASSIUM DICHROMATE	Not Approved	""	0.02309902591101129
TP53	ELLIPTECINE	Not Approved	""	0.003609222798595515
TP53	BUPARLISIB	Not Approved	""	0.009239610364404518
TP53	TRANSFERRIN RECEPTOR-TARGETED LIPOSOMAL P53 CDNA	Not Approved	""	0.1154951295550564
TP53	BENOMYL	Not Approved	""	0.1154951295550564
TP53	ZIRAM	Not Approved	""	0.008884240735004345
TP53	ZINC CHLORIDE	Approved	""	0.04619805182202258
TP53	CHEMBL:CHEMBL374632	Not Approved	""	0.01049955723227786
TP53	AZATHIOPRINE	Approved	""	0.003039345514606749
TP53	CAULIBUGULONE B	Not Approved	""	0.03849837651835216
TP53	CHEMBL:CHEMBL591126	Not Approved	""	0.01049955723227786
TP53	TRIAMTERENE	Approved	Antihypertensive Agents; Diuretics	0.006416396086392026
TP53	N6-BENZYLADENOSINE	Not Approved	""	0.1154951295550564
TP53	TEPRASIRAN	Not Approved	""	0.1154951295550564
TP53	NICLOSAMIDE	Approved	""	0.004277597390928017
TP53	LUXEPTINIB	Not Approved	""	0.02887378238876412
TP53	CHEMBL:CHEMBL405914	Not Approved	""	0.02309902591101129
TP53	CHEMBL:CHEMBL259615	Not Approved	""	0.01283279217278405
TP53	CLOFOCTOL	Not Approved	""	0.01924918825917608
TP53	FUROXAN	Not Approved	""	0.02309902591101129
TP53	SALMETEROL XINAFOATE	Approved	""	0.01649930422215092
TP53	CHEMBL:CHEMBL600334	Not Approved	""	0.03849837651835216
TP53	1,10-PHENANTHROLINE	Not Approved	""	0.005499768074050308
TP53	ENALAPRIL MALEATE	Approved	antihypertensive agent	0.01215738205842699
TP53	SIROLIMUS	Approved	for treatment of wet age-related macular degeneration,immunosuppressant	0.003982590674312292
TP53	P53 Y220C MUTANT REACTIVATOR PC14586	Not Approved	""	0.1154951295550564
TP53	(R,S)-INDATRALINE	Not Approved	""	0.01049955723227786
TP53	PIPERLONGUMINE	Not Approved	""	0.01283279217278405
TP53	ALPELISIB	Approved	""	0.006416396086392026
TP53	COTI-2	Not Approved	""	0.1154951295550564
TP53	CHEMBL:CHEMBL2002487	Not Approved	""	0.01049955723227786
TP53	IFOSFAMIDE	Approved	Antineoplastic Agents	0.01649930422215092
TP53	GANETESPIB	Not Approved	antineoplastic agent	0.02887378238876412
TP53	TEMOZOLOMIDE	Approved	""	0.01649930422215092
TP53	MITOXANTRONE	Approved	antineoplastic agent	0.002624889308069465
TP53	CHEMBL:CHEMBL601757	Not Approved	""	0.00481229706479402
TP53	M8891	Not Approved	""	0.05774756477752824
TP53	RHODOMYRTOXIN B	Not Approved	""	0.05774756477752824
TP53	VANOXERINE	Not Approved	""	0.005774756477752823
TP53	PYRACLOSTROBIN	Not Approved	""	0.02309902591101129
TP53	DIETHYLSTILBESTROL	Approved	Hormone Replacement Agents	0.006999704821518574
TP53	TRANILAST	Not Approved	""	0.01049955723227786
TP53	CHEMBL:CHEMBL444376	Not Approved	""	0.01924918825917608
TP53	OLVANIL	Not Approved	""	0.01924918825917608
TP53	CHEMBL:CHEMBL260560	Not Approved	""	0.01443689119438206
TP53	TERPYRIDINE	Not Approved	""	0.01443689119438206
TP53	CHEMBL:CHEMBL582715	Not Approved	""	0.05774756477752824
TP53	A77636	Not Approved	""	0.01924918825917608
TP53	DNA VACCINE	Not Approved	""	0.04619805182202258
TP53	PF-00477736	Not Approved	""	0.05774756477752824
TP53	SAR-405838	Not Approved	""	0.1154951295550564
TP53	CHEMBL:CHEMBL260028	Not Approved	""	0.02309902591101129
TP53	CHLORANIL	Not Approved	""	0.007699675303670432
TP53	PHENYLMERCURIC ACETATE	Not Approved	""	0.005774756477752823
TP53	CHEMBL:CHEMBL405317	Not Approved	""	0.02887378238876412
TP53	CHEMBL:CHEMBL260451	Not Approved	""	0.02309902591101129
TP53	MITOXANTRONE HYDROCHLORIDE	Approved	""	0.003609222798595515
TP53	NSC-663284	Not Approved	""	0.01649930422215092
TP53	BOMEDEMSTAT	Not Approved	""	0.05774756477752824
TP53	MANGOSTIN	Not Approved	""	0.01154951295550564
TP53	BEVACIZUMAB	Approved	antineoplastic agent	0.008662134716629235
TP53	PIRTOBRUTINIB	Approved	""	0.05774756477752824
TP53	NIVOLUMAB	Approved	antineoplastic agent	0.008884240735004345
TP53	CHEMBL:CHEMBL1397308	Not Approved	""	0.02309902591101129
TP53	CHEMBL:CHEMBL599100	Not Approved	""	0.02309902591101129
TP53	FLUPHENAZINE HYDROCHLORIDE	Approved	Antipsychotic Agents	0.005249778616138931
TP53	CHLORPROMAZINE	Approved	""	0.003121489987974499
TP53	CETUXIMAB	Approved	antineoplastic agent	0.003121489987974499
TP53	GARLIC	Not Approved	""	0.02309902591101129
TP53	ALPHA-NAPHTHOFLAVONE	Not Approved	""	0.01649930422215092
TP53	AHPN	Not Approved	""	0.01649930422215092
TP53	SAPONIN	Not Approved	""	0.04619805182202258
TP53	FAS LIGAND	Not Approved	""	0.01924918825917608
TP53	GEDATOLISIB	Not Approved	""	0.01283279217278405
TP53	AZD7648	Not Approved	""	0.04619805182202258
TP53	NAPABUCASIN	Not Approved	""	0.2309902591101129
TP53	NITAZOXANIDE	Approved	""	0.00962459412958804
TP53	CHEMBL:CHEMBL259805	Not Approved	""	0.02887378238876412
TP53	LY3009120	Not Approved	""	0.02309902591101129
TP53	INTERFERON ALFA-2B	Approved	for treatment of hepatitis C,Antineoplastic Agents; Immunomodulatory Agents,for treatment of hepatitis B and C,for treatment of hepatitis	0.01649930422215092
TP53	CLADRIBINE	Approved	""	0.007699675303670432
TP53	TRACAZOLATE	Not Approved	""	0.01443689119438206
TP53	CLOMIPRAMINE	Approved	Tricyclic,Antidepressive Agents	0.003039345514606749
TP53	ROBUSTIC ACID	Not Approved	""	0.03849837651835216
TP53	URSODIOL	Approved	for prevention of recurrence of colorectal polyps	0.01443689119438206
TP53	GLUTARAL	Approved	""	0.05774756477752824
TP53	CADMIUM ACETATE	Not Approved	""	0.01443689119438206
TP53	ROTENONE	Not Approved	""	0.01649930422215092
TP53	CHEMBL:CHEMBL429095	Not Approved	""	0.002309902591101129
TP53	CHEMBL:CHEMBL320361	Not Approved	""	0.03849837651835216
TP53	CHEMBL:CHEMBL259421	Not Approved	""	0.01924918825917608
TP53	P53/HDM2 INTERACTION INHIBITOR CGM097	Not Approved	""	0.1539935060734086
TP53	DEOXIEPINEPHRINE	Not Approved	""	0.01924918825917608
TP53	BROXYQUINOLINE	Not Approved	""	0.02309902591101129
TP53	CGP7930	Not Approved	""	0.01649930422215092
TP53	CHEMBL:CHEMBL533226	Not Approved	""	0.008884240735004345
TP53	ABEMACICLIB	Approved	""	0.006078691029213499
TP53	ONC201	Not Approved	""	0.05774756477752824
TP53	AZD1390	Not Approved	""	0.03849837651835216
TP53	CHEMBL:CHEMBL563919	Not Approved	""	0.02309902591101129
TP53	CHEMBL:CHEMBL1303948	Not Approved	""	0.01649930422215092
TP53	L-733,060	Not Approved	""	0.01443689119438206
TP53	SANGUINARINE SULFATE	Not Approved	""	0.008884240735004345
TP53	DS-7423	Not Approved	""	0.01539935060734086
TP53	TRABECTEDIN	Approved	""	0.04619805182202258
TP53	DUVELISIB	Approved	""	0.01649930422215092
TP53	MECHLORETHAMINE HYDROCHLORIDE	Approved	""	0.01924918825917608
TP53	ZM336372	Not Approved	""	0.01649930422215092
TP53	CHEMBL:CHEMBL580421	Not Approved	""	0.01049955723227786
TP53	FLUOROURACIL	Approved	""	0.007965181348624584
TP53	IXAZOMIB	Approved	""	0.005499768074050308
TP53	CAMPTOTHECIN	Approved	antineoplastic agent	0.00659972168886037
TP53	GDC-0425	Not Approved	""	0.1154951295550564
TP53	ACALABRUTINIB	Approved	""	0.01358766230059488
TP53	CHLOROXINE	Approved	""	0.01154951295550564
TP53	PROPACHLOR	Not Approved	""	0.01649930422215092
TP53	CHEMBL:CHEMBL579550	Not Approved	""	0.03849837651835216
TP53	EMBELIN	Not Approved	""	0.007699675303670432
TP53	CHEMBL:CHEMBL421215	Not Approved	""	0.01283279217278405
TP53	CHEMBL:CHEMBL261123	Not Approved	""	0.01924918825917608
TP53	2-AMINOANTHRACENE	Not Approved	""	0.02887378238876412
TP53	DOXORUBICIN LIPOSOME	Approved	""	0.03849837651835216
TP53	RIBAVIRIN	Approved	""	0.003039345514606749
TP53	CHEMBL:CHEMBL408850	Not Approved	""	0.01049955723227786
TP53	PD166285	Not Approved	""	0.03299860844430185
TP53	GSK2830371	Not Approved	""	0.1154951295550564
TP53	DIBENZ[A,H]ANTHRACENE	Not Approved	""	0.02309902591101129
TP53	CHELERYTHRINE	Not Approved	""	0.00962459412958804
TP53	FURAZOLIDONE	Approved	""	0.03849837651835216
TP53	CHEMBL:CHEMBL599943	Not Approved	""	0.02309902591101129
TP53	RS-17053	Not Approved	""	0.01283279217278405
TP53	CLOFIBRATE	Approved	Anticholesteremic Agents	0.01443689119438206
TP53	SR59230A	Not Approved	""	0.01924918825917608
TP53	CHEMBL:CHEMBL428789	Not Approved	""	0.007699675303670432
TP53	TEBUFENPYRAD	Not Approved	""	0.05774756477752824
TP53	SB 206553	Not Approved	""	0.008249652111075463
TP53	CHEMBL:CHEMBL1214407	Not Approved	""	0.02887378238876412
TP53	TOPOTECAN HYDROCHLORIDE	Approved	antineoplastic agent	0.00962459412958804
TP53	QUINALIZARIN	Not Approved	""	0.007699675303670432
TP53	BRIGIMADLIN	Not Approved	""	0.2309902591101129
TP53	ENCORAFENIB	Approved	""	0.01283279217278405
TP53	HYDRALAZINE	Approved	antihypertensive agent	0.005774756477752823
TP53	ALEXIDINE DIHYDROCHLORIDE	Not Approved	""	0.02887378238876412
TP53	CARBENDAZIM	Not Approved	""	0.03849837651835216
TP53	PLUMBAGIN	Not Approved	""	0.008884240735004345
TP53	THUNBERGINOL B	Not Approved	""	0.01154951295550564
TP53	CHEMBL:CHEMBL227959	Not Approved	""	0.02887378238876412
TP53	DAIDZEIN	Not Approved	""	0.006078691029213499
TP53	PROPARGITE	Not Approved	""	0.02887378238876412
TP53	LENALIDOMIDE	Approved	antineoplastic agent	0.008884240735004345
TP53	L-744,832	Not Approved	""	0.1154951295550564
TP53	BENZETHONIUM CHLORIDE	Approved	""	0.00721844559719103
TP53	CHEMBL:CHEMBL1494650	Not Approved	""	0.05774756477752824
TP53	BLZ945	Not Approved	""	0.1154951295550564
TP53	PIRARUBICIN	Not Approved	""	0.0256655843455681
TP53	S(+)-APOMORPHINE	Not Approved	""	0.01443689119438206
TP53	CHEMBL:CHEMBL473735	Not Approved	""	0.01924918825917608
TP53	U50488	Not Approved	""	0.02309902591101129
TP53	FENRETINIDE	Approved	antineoplastic agent	0.004277597390928017
TP53	MPA	Not Approved	""	0.02309902591101129
TP53	CHEMBL:CHEMBL411085	Not Approved	""	0.03849837651835216
TP53	ALVESPIMYCIN	Not Approved	antineoplastic agent	0.07699675303670432
TP53	PD-98059	Not Approved	""	0.003121489987974499
TP53	PANITUMUMAB	Approved	antineoplastic agent	0.01154951295550564
TP53	GEMCITABINE	Approved	antineoplastic agent	0.007532291057938466
TP53	AXITINIB	Approved	antineoplastic agent	0.01099953614810061
TP53	TIRAPAZAMINE	Not Approved	""	0.05774756477752824
TP53	PRAMLINTIDE	Approved	antiobesity agent,antidiabetic	0.01649930422215092
TP53	TRIFLUOPERAZINE	Approved	Antiemetics; Antipsychotic Agents	0.01154951295550564
TP53	CHEMBL:CHEMBL546170	Not Approved	""	0.01649930422215092
TP53	MUNDULONE	Not Approved	""	0.02887378238876412
TP53	ANISINDIONE	Approved	Anticoagulants	0.01924918825917608
TP53	CHEMBL:CHEMBL242171	Not Approved	""	0.01154951295550564
TP53	CAPECITABINE	Approved	""	0.00679383115029744
TP53	N-OLEOYLDOPAMINE	Not Approved	""	0.006416396086392026
TP53	CHEMBL:CHEMBL590665	Not Approved	""	0.03849837651835216
TP53	2-CHLOROADENOSINE	Not Approved	""	0.01049955723227786
TP53	CHEMBL:CHEMBL225513	Not Approved	""	0.01443689119438206
TP53	RESVERATROL	Approved	antineoplastic agent,antidiabetic,for treatment of herpes simplex virus 1	0.002357043460307275
TP53	CEP-1347	Not Approved	""	0.04619805182202258
TP53	TPCK	Not Approved	""	0.006416396086392026
TP53	WARFARIN	Approved	Anticoagulants	0.003499852410759287
TP53	SORAFENIB	Approved	antineoplastic agent	0.002008610948783591
TP53	3,4-DICHLOROBENZAMIL	Not Approved	""	0.02887378238876412
TP53	DOXORUBICIN HYDROCHLORIDE	Approved	antineoplastic agent	0.01092521495791074
TP53	LB-100	Not Approved	""	0.04619805182202258
TP53	SIREMADLIN	Not Approved	""	0.2309902591101129
TP53	ETOPOSIDE	Approved	Antineoplastic Agents	0.005973886011468438
TP53	CERALASERTIB	Not Approved	""	0.07699675303670432
TP53	CERITINIB	Approved	""	0.02038149345089231
TP53	(Z)-PIPLARTINE	Not Approved	""	0.05774756477752824
TP53	GR 127935	Not Approved	""	0.003982590674312292
TP53	ACEQUINOCYL	Not Approved	""	0.1154951295550564
TP53	PROCHLORPERAZINE	Approved	antiemetic,antimigraine agent	0.004124826055537731
TP53	SERDEMETAN	Not Approved	""	0.1154951295550564
TP53	ALT-801	Not Approved	""	0.1154951295550564
TP53	CHEMBL:CHEMBL1343568	Not Approved	""	0.01649930422215092
TP53	MAPROTILINE	Approved	Second-Generation,Antidepressive Agents	0.008884240735004345
TP53	AUTOLOGOUS DENDRITIC CELLS TRANSDUCED WITH WILD-TYPE P53 ADENOVIRUS VACCINE	Not Approved	""	0.1154951295550564
TP53	CHLOROTHALONIL	Not Approved	""	0.00962459412958804
TP53	MIRDAMETINIB	Not Approved	""	0.01539935060734086
TP53	SELECTIVE ESTROGEN RECEPTOR MODULATOR	Not Approved	""	0.0256655843455681
TP53	QUINACRINE DIHYDROCHLORIDE	Not Approved	""	0.00962459412958804
TP53	CHEMBL:CHEMBL602922	Not Approved	""	0.1154951295550564
TP53	AZD7762	Not Approved	""	0.04619805182202258
TP53	ANTIMYCIN A	Not Approved	""	0.03849837651835216
TP53	HALOPERIDOL DECANOATE	Approved	Antipsychotic Agents	0.003039345514606749
TP53	CARBOPLATIN	Approved	""	0.009400766359132503
TP53	BITHIONOL	Approved	""	0.00481229706479402
TP53	PHENETHYLISOTHIOCYANATE	Not Approved	""	0.02887378238876412
TP53	CHEMBL:CHEMBL233194	Not Approved	""	0.01924918825917608
TP53	DAUNORUBICIN HYDROCHLORIDE	Approved	""	0.003499852410759287
TP53	CHEMBL:CHEMBL545900	Not Approved	""	0.1154951295550564
TP53	GRANISETRON	Approved	antiemetic	0.01049955723227786
TP53	APG115	Not Approved	""	0.05774756477752824
TP53	CHEMBL:CHEMBL329673	Not Approved	""	0.01049955723227786
TP53	CHEMBL:CHEMBL408653	Not Approved	""	0.01924918825917608
TP53	4-METHOXYDALBERGIONE	Not Approved	""	0.01283279217278405
TP53	DIHYDROGAMBOGIC ACID	Not Approved	""	0.01049955723227786
TP53	METHYLPREDNISOLONE	Approved	Anti-Inflammatory Agents; Glucocorticoids	0.01924918825917608
CXCL12	CYCLOPHOSPHAMIDE ANHYDROUS	Approved	""	0.1611228350582887
CXCL12	RITUXIMAB	Approved	antineoplastic agent	0.725052757762299
CXCL12	VINCRISTINE	Approved	antineoplastic agent	0.1611228350582887
CXCL12	OLAPTESED PEGOL	Not Approved	""	13.05094963972138
CXCL12	CHLORAMBUCIL	Approved	""	1.305094963972138
CXCL12	PREDNISONE	Approved	corticosteroid,antiinflammatory agent	0.2900211031049196
CXCL12	ALEMTUZUMAB	Approved	antineoplastic agent	4.350316546573794
CXCL12	FLUDARABINE	Approved	antineoplastic agent	0.3838514599918053
HDAC5	SN-38	Not Approved	""	0.241684252587433
HDAC5	ROMIDEPSIN	Approved	antineoplastic agent	0.1035789653946141
HDAC5	SUBEROHYDROXAMIC ACID	Not Approved	""	0.2636555482771996
HDAC5	QUISINOSTAT	Not Approved	""	0.06591388706929992
HDAC5	TACEDINALINE	Not Approved	""	0.3107368961838425
HDAC5	GIVINOSTAT	Approved	antiinflammatory agent,antineoplastic agent	0.1611228350582886
HDAC5	PRACINOSTAT	Not Approved	antineoplastic agent	0.09667370103497322
HDAC5	4-PHENYLBUTYRIC ACID	Approved	""	0.2175158273286897
HDAC5	ENTINOSTAT	Not Approved	antineoplastic agent	0.2762105743856377
HDAC5	AR-42	Not Approved	antineoplastic agent	0.1318277741385998
HDAC5	PHENYLBUTYRYLHYDROXAMIC ACID	Not Approved	""	0.2636555482771996
HDAC5	PIVALOYLOXYMETHYLBUTYRATE	Not Approved	""	0.1812631894405747
HDAC5	BUTYRYLHYDROXAMIC ACID	Not Approved	""	0.2636555482771996
HDAC5	VALPROIC ACID	Approved	Anticonvulsants,for treatment of basal cell carcinoma,anticonvulsant	0.1272022382039121
HDAC5	CHEMBL:CHEMBL117487	Not Approved	""	0.2636555482771996
HDAC5	HINOKITIOL	Not Approved	""	0.09667370103497322
HDAC5	SCRIPTAID	Not Approved	""	0.241684252587433
HDAC5	DACINOSTAT	Not Approved	""	0.07632134292234727
HDAC5	BUTYRIC ACID	Not Approved	""	0.1000072769327309
HDAC5	CUDC-101	Not Approved	antineoplastic agent	0.2071579307892283
HDAC5	DAUNORUBICIN LIPOSOMAL	Approved	antineoplastic agent	0.0318704508906505
HDAC5	LARGAZOLE	Not Approved	""	0.2000145538654618
HDAC5	BELINOSTAT	Approved	antineoplastic agent	0.3295694353464996
HDAC5	VORINOSTAT	Approved	antineoplastic agent	0.2589474134865354
HDAC5	PANOBINOSTAT LACTATE	Approved	""	0.1318277741385998
HDAC5	MOCETINOSTAT	Not Approved	antineoplastic agent	0.3625263788811495
HDAC5	RESMINOSTAT	Not Approved	antineoplastic agent	0.09667370103497322
HDAC5	TRICHOSTATIN A	Not Approved	""	0.2685380584304811
HDAC5	APICIDIN	Not Approved	""	0.1933474020699464
HDAC5	CHEMBL:CHEMBL324053	Not Approved	""	0.2636555482771996
HDAC5	CHEMBL:CHEMBL1650245	Not Approved	""	0.2636555482771996
HDAC5	PSAMMAPLIN A	Not Approved	""	0.2230931562345535
HDAC5	URSOLIC ACID	Not Approved	""	0.241684252587433
HDAC5	ABEXINOSTAT	Not Approved	antineoplastic agent	0.2230931562345535
HDAC5	FIMEPINOSTAT	Not Approved	""	0.05577328905863839
HDAC5	PANOBINOSTAT	Approved	antineoplastic agent	0.09063159472028738
NLRP3	ANAKINRA	Approved	DMARD,antiinflammatory agent	1.933474020699464
NLRP3	ALAPROCLATE HYDROCHLORIDE	Not Approved	""	5.800422062098392
NLRP3	ENCLOMIPHENE CITRATE	Not Approved	""	0.725052757762299
NLRP3	CHEMBL:CHEMBL585591	Not Approved	""	0.241684252587433
NLRP3	4'-METHOXYFLAVONE	Not Approved	""	0.725052757762299
NLRP3	DAPANSUTRILE	Not Approved	""	5.800422062098392
NLRP3	CHEMBL:CHEMBL602526	Not Approved	""	5.800422062098392
NLRP3	TRICLOCARBAN	Not Approved	""	0.8286317231569132
NLRP3	CLIOXANIDE	Not Approved	""	0.8286317231569132
NOTCH1	HYDROCORTISONE BUTYRATE	Approved	""	0.3107368961838424
NOTCH1	RO4929097	Not Approved	""	3.915284891916414
NOTCH1	NOTCH SIGNALING PATHWAY INHIBITOR MK0752	Not Approved	""	0.6525474819860692
NOTCH1	CRENIGACESTAT	Not Approved	""	2.175158273286897
NOTCH1	MK-0752	Not Approved	""	1.305094963972138
NOTCH1	BRONTICTUZUMAB	Not Approved	""	19.57642445958207
NOTCH1	NIROGACESTAT	Approved	""	1.398316032827291
NOTCH1	ENOTICUMAB	Not Approved	""	1.305094963972138
LEP	SOYBEAN SEED OIL	Approved	""	0.8700633093147588
LEP	METHIMAZOLE	Approved	Antithyroid Agents	0.2071579307892282
LEP	CYCLOSPORINE	Approved	immunosuppressant,opthalmological agent	0.05000363846636545
LEP	NICOTINE POLACRILEX	Approved	Central Nervous System Stimulants	0.09457209883856076
LEP	CARVEDILOL	Approved	cardiovascular agent,for treatment of congestive heart failure	0.1673198671759151
LEP	ORAL CONTRACEPTIVE	Not Approved	""	0.3954833224157995
LEP	ANHYDROUS TACROLIMUS	Approved	immunosuppressant	0.1553684480919212
LEP	LOVASTATIN	Approved	anticholesterolaemic agent	0.1115465781172767
LEP	GEMFIBROZIL	Approved	Antilipemic Agents	0.5019596015277455
LEP	CALCIUM CHANNEL BLOCKER	Not Approved	""	0.483368505174866
LEP	CLOZAPINE	Approved	Antipsychotic Agents	0.04484862419148241
LEP	METHADONE HYDROCHLORIDE	Approved	Opioid; Antitussive Agents,Analgesics	0.1279504866639351
LEP	ESTRADIOL VALERATE	Approved	for treatment of menopausal symptoms,contraceptive,treatment for menopause,hormone replacement	0.0925599265228467
LEP	RISPERIDONE	Approved	Antipsychotic Agents,antipsychotic agent	0.06493009771005663
LEP	PROPYLTHIOURACIL	Approved	Antithyroid Agents	0.2175158273286897
LEP	LAMIVUDINE	Approved	""	0.1812631894405747
LEP	METRELEPTIN	Approved	""	0.4350316546573794
LEP	BROMOCRIPTINE	Approved	antidiabetic	0.1403327918249611
LEP	FOLIC ACID	Approved	""	0.1812631894405747
LEP	VALPROIC ACID	Approved	Anticonvulsants,for treatment of basal cell carcinoma,anticonvulsant	0.07632134292234727
LEP	ANTICOAGULANT AGENT	Not Approved	""	1.450105515524598
LEP	FELODIPINE	Approved	antihypertensive agent	0.2559009733278702
LEP	MIRTAZAPINE	Approved	antidepressant	0.2175158273286897
LEP	TROGLITAZONE	Approved	""	0.1673198671759151
FOXO3	RESVERATROL	Approved	antineoplastic agent,antidiabetic,for treatment of herpes simplex virus 1	1.065383644058888
FOXO3	SYRINGARESINOL	Not Approved	""	52.20379855888553
IL23A	USTEKINUMAB	Approved	Antipsoriatic Agents,DMARD,antiinflammatory agent	1.631368704965172
IL23A	RISANKIZUMAB	Approved	""	3.262737409930345
IL23A	MIRIKIZUMAB	Approved	""	2.175158273286897
IL23A	BRAZIKUMAB	Not Approved	""	3.262737409930345
IL23A	TILDRAKIZUMAB	Approved	""	2.175158273286897
IL23A	GUSELKUMAB	Approved	""	3.262737409930345
IL23A	EBDAROKIMAB	Not Approved	""	2.175158273286897
IL23A	BRIAKINUMAB	Not Approved	antipsoriatic,for treatment of multiple sclerosis,antiinflammatory agent	4.350316546573794
WT1	CURCUMIN	Approved	""	0.1216871761279383
WT1	GALINPEPIMUT-S	Not Approved	""	4.015676812221964
WT1	TRETINOIN	Approved	for treatment of acne	0.1323849498534713
WT1	HALOFUGINONE	Not Approved	antineoplastic agent	1.338558937407321
WT1	RECOMBINANT CYTOKINE	Not Approved	""	0.3088982163247665
WT1	CYTARABINE	Approved	antineoplastic agent	0.05019596015277455
WT1	SIROLIMUS	Approved	for treatment of wet age-related macular degeneration,immunosuppressant	0.1384716142145504
WT1	DAUNORUBICIN LIPOSOMAL	Approved	antineoplastic agent	0.04412831661782378
WT1	DIMETHYL SULFOXIDE	Approved	""	0.5019596015277455
WT1	RECOMBINANT 70-KD HEAT-SHOCK PROTEIN	Not Approved	""	0.8031353624443928
WT1	IH636 GRAPE SEED PROANTHOCYANIDIN EXTRACT	Not Approved	""	1.606270724888785
WT1	DEFEROXAMINE	Approved	""	0.4724325661437604
WT1	OMBIPEPIMUT-S	Not Approved	""	4.015676812221964
IL22	FEZAKINUMAB	Not Approved	""	78.3056978383283
IL22	EFMARODOCOKIN ALFA	Not Approved	""	26.10189927944276
TNFRSF11A	ACETAMINOPHEN	Approved	analgesic	0.2868340580158546
TNFRSF11A	RISPERIDONE	Approved	Antipsychotic Agents,antipsychotic agent	0.2226174778630513
TNFRSF11A	ASPIRIN	Approved	NSAID	0.1675884383912858
TNFRSF11A	DICLOFENAC SODIUM	Approved	for treatment of glaucoma,analgesic,NSAID	0.4386873828477775
TNFRSF11A	DENOSUMAB	Approved	antiosteoporotic agent	2.485895169470739
TNFRSF11A	PAMIDRONATE	Approved	Bisphosphonates	1.355942819711312
TNFRSF11A	ZOLEDRONIC ACID ANHYDROUS	Approved	antiosteoporotic agent	0.9943580677882958
PTPN22	CLAVULANIC ACID	Approved	antidepressant	1.160084412419678
PTPN22	CHEMBL:CHEMBL598477	Not Approved	""	1.04407597117771
PTPN22	SUCCIMER	Approved	""	0.745768550841222
PTPN22	CHEMBL:CHEMBL599924	Not Approved	""	0.3262737409930346
PTPN22	CLOXYQUIN	Not Approved	""	1.04407597117771
PTPN22	CHEMBL:CHEMBL578512	Not Approved	""	0.1800130984789156
PTPN22	DIPICOLINIC ACID	Not Approved	""	5.220379855888553
PTPN22	CHEMBL:CHEMBL601167	Not Approved	""	1.305094963972138
PTPN22	CHEMBL:CHEMBL601757	Not Approved	""	0.2175158273286897
PTPN22	AMOXICILLIN ANHYDROUS	Approved	""	0.5495136690409003
CDH17	DEXAMETHASONE	Approved	for treatment of Meniere's disease,glucocorticoid,antiinflammatory agent	0.2047207786622962
CDH17	SQUALAMINE	Not Approved	""	4.350316546573794
CDH17	THIAMINE	Approved	""	4.350316546573794
CDH17	RECOMBINANT HEPATOCYTE GROWTH FACTOR	Not Approved	""	1.740126618629517
CDH17	CISPLATIN	Approved	""	0.1183759604509876
CDH17	TCDD	Not Approved	""	0.696050647451807
G6PD	SODIUM SULFATE ANHYDROUS	Approved	""	0.5220379855888554
G6PD	SULFADIAZINE	Approved	""	0.5220379855888554
G6PD	ASCORBIC ACID	Approved	""	0.0803135362444393
G6PD	GLYBURIDE	Approved	Hypoglycemic Agents,antidiabetic	0.1080078590873493
G6PD	NALIDIXIC ACID	Approved	""	0.5220379855888554
G6PD	METHYLENE BLUE ANHYDROUS	Approved	""	0.01410913474564474
G6PD	TOLAZAMIDE	Approved	Hypoglycemic Agents	0.1491537101682443
G6PD	AMODIAQUINE	Not Approved	""	0.2610189927944277
G6PD	PROBENECID	Approved	Uricosuric Agents	0.04745799868989594
G6PD	TETRACAINE	Approved	""	0.04745799868989594
G6PD	MELOXICAM	Approved	NSAID	0.06525474819860692
G6PD	NITROGLYCERIN	Approved	for treatment of Raynaud's disease	0.04015676812221965
G6PD	SODIUM NITRITE	Approved	""	0.3480253237259035
G6PD	SULFAMETHOXAZOLE	Approved	""	0.1864421377103055
G6PD	CO-TRIMOXAZOLE	Not Approved	""	1.04407597117771
G6PD	FURAZOLIDONE	Approved	""	0.1740126618629517
G6PD	MAFENIDE	Approved	""	0.3915284891916415
G6PD	SULFISOXAZOLE	Approved	""	0.2610189927944277
G6PD	PROGESTIN	Approved	contraceptive	0.09491599737979188
G6PD	MOXIFLOXACIN	Approved	""	0.1305094963972138
G6PD	CEFTRIAXONE	Approved	""	0.09491599737979188
G6PD	FLUTAMIDE	Approved	Hormonal,Antineoplastic Agents	0.05220379855888553
G6PD	SULFACETAMIDE	Approved	""	0.5220379855888554
G6PD	SULFAMETHAZINE	Approved	""	0.1740126618629517
G6PD	SODIUM CHLORIDE	Approved	""	0.01864421377103054
G6PD	ROPIVACAINE	Approved	anestethic	0.2088151942355421
G6PD	SODIUM ASCORBATE	Approved	""	1.04407597117771
G6PD	OFLOXACIN	Approved	""	0.04350316546573794
G6PD	LIDOCAINE	Approved	for treatment of pelvic pain of bladder origin and interstitital cystitis,for treatment of premature ejaculation,anestethic,anesthetic	0.03070811679934443
G6PD	QUININE	Approved	""	0.1204703043666589
G6PD	NORFLOXACIN	Approved	""	0.1305094963972138
G6PD	PRILOCAINE	Approved	for treatment of premature ejaculation,anesthetic	0.09491599737979188
G6PD	DABRAFENIB	Approved	antineoplastic agent	0.05800422062098393
G6PD	DOXORUBICIN HYDROCHLORIDE	Approved	antineoplastic agent	0.00705456737282237
G6PD	BUPIVACAINE	Approved	neuralgia,analgesic,local anestethic,Local,Anesthetics	0.03070811679934443
G6PD	PRIMAQUINE	Approved	""	0.04745799868989594
G6PD	DRUGSATFDA.NDA:021717	Not Approved	""	0.5220379855888554
G6PD	RASBURICASE	Approved	""	2.92341271929759
G6PD	ZINC CHLORIDE	Approved	""	0.2088151942355421
G6PD	SITAMAQUINE	Not Approved	""	1.04407597117771
G6PD	PTHRP	Not Approved	""	0.1160084412419678
G6PD	PAMAQUINE	Not Approved	""	1.566113956766566
G6PD	CHLOROQUINE	Approved	""	0.03262737409930346
G6PD	METABUTETHAMINE	Not Approved	""	0.5220379855888554
G6PD	GLICLAZIDE	Approved	Hypoglycemic Agents	0.104407597117771
G6PD	MESALAMINE	Approved	for treatment of ulcerative proctitis,for treatment of ulcerative colitis,antiinflammatory agent	0.02372899934494797
G6PD	ACETAMINOPHEN/TRAMADOL	Not Approved	""	0.1305094963972138
G6PD	CHLOROPROCAINE	Approved	Local,Anesthetics	0.0803135362444393
G6PD	PEGLOTICASE	Approved	""	2.088151942355421
G6PD	HYDROXYCHLOROQUINE	Approved	antirheumatic agent	0.02900211031049196
G6PD	PHENAZOPYRIDINE	Approved	""	2.610189927944277
G6PD	DAPSONE	Approved	""	0.04745799868989594
G6PD	DIMERCAPROL	Approved	""	0.2088151942355421
G6PD	ATAZANAVIR	Approved	""	0.1160084412419678
G6PD	NICORANDIL	Not Approved	""	0.104407597117771
G6PD	THERAPEUTIC CORTICOSTEROID	Not Approved	""	0.02485895169470739
G6PD	PROPRANOLOL HYDROCHLORIDE	Approved	for treatment of cancer cachexia	0.04350316546573794
G6PD	ACETAMINOPHEN / CODEINE	Not Approved	""	0.2610189927944277
G6PD	SULFASALAZINE	Approved	DMARD,antiinflammatory agent	0.06525474819860692
G6PD	OMEPRAZOLE	Approved	antiulcer agent,Proton pump inhibitor	0.02821826949128948
G6PD	PENICILLIN	Not Approved	""	0.2610189927944277
G6PD	EPINEPHRINE	Approved	anestethic	0.01305094963972138
G6PD	NIMESULIDE	Not Approved	""	0.07457685508412219
G6PD	CISPLATIN	Approved	""	0.007102557627059257
G6PD	CARBASALATE CALCIUM	Not Approved	""	0.5220379855888554
G6PD	BROXURIDINE	Not Approved	""	0.08700633093147589
G6PD	TRAMETINIB DIMETHYL SULFOXIDE	Approved	antineoplastic agent	0.0222143823654832
G6PD	SODIUM NITRATE	Approved	""	0.5220379855888554
G6PD	SUCCIMER	Approved	""	0.1491537101682443
G6PD	PROTOPORPHYRIN	Not Approved	""	0.04176303884710843
G6PD	DIAZEPAM	Approved	anticonvulsant	0.03600261969578312
G6PD	EBSELEN	Not Approved	""	0.01491537101682444
G6PD	EPIANDROSTERONE	Not Approved	""	0.2610189927944277
G6PD	NITROFURANTOIN, MACROCRYSTALS	Approved	""	0.2810973768555375
G6PD	GLIPIZIDE	Approved	Hypoglycemic Agents	0.1491537101682443
G6PD	PERINDOPRIL	Approved	Antihypertensive Agents	0.08700633093147589
G6PD	POTASSIUM CHLORIDE	Approved	""	0.2610189927944277
G6PD	METOCLOPRAMIDE HYDROCHLORIDE	Approved	antimigraine agent,antiemetic,for treatment of gastroesophageal reflux disease,motilitant,for treatment of diabetic gastroparesis	0.07457685508412219
G6PD	GLIMEPIRIDE	Approved	antidiabetic	0.1305094963972138
G6PD	TRIAPINE	Not Approved	antineoplastic agent	0.2610189927944277
G6PD	ARTICAINE / EPINEPHRINE	Not Approved	""	0.2610189927944277
G6PD	NITROFURAZONE	Approved	""	0.1740126618629517
G6PD	OXYMETAZOLINE HYDROCHLORIDE	Approved	analgesic	0.02610189927944276
G6PD	TAFENOQUINE	Approved	""	0.783056978383283
G6PD	SULFANILAMIDE	Approved	""	1.566113956766566
G6PD	BUSULFAN	Approved	""	0.05495136690409003
G6PD	MEPIVACAINE HYDROCHLORIDE	Approved	anestethic	0.06525474819860692
G6PD	ERYTHROMYCIN	Approved	""	0.02269730372125458
G6PD	NORETHINDRONE ACETATE	Approved	""	0.1740126618629517
G6PD	QUINACRINE	Not Approved	""	0.05220379855888553
G6PD	CARMUSTINE	Approved	antineoplastic agent	0.09491599737979188
G6PD	PIOGLITAZONE HYDROCHLORIDE	Approved	antidiabetic	0.03070811679934443
G6PD	TOLBUTAMIDE	Approved	Hypoglycemic Agents	0.1305094963972138
G6PD	PREDNISOLONE	Approved	corticosteroid,antiinflammatory agent	0.03728842754206109
G6PD	CHLORPROPAMIDE	Approved	Hypoglycemic Agents	0.09491599737979188
G6PD	ARTICAINE	Approved	""	0.5220379855888554
G6PD	CIPROFLOXACIN	Approved	""	0.09491599737979188
G6PD	VITAMIN K	Approved	Antifibrinolytic Agents	0.05800422062098392
G6PD	TRIAMCINOLONE	Approved	for treatment of diabetic macular edema	0.04539460744250916
G6PD	PRASTERONE	Approved	hormone supplement for increasing bone mineral density in patients with systemic lupus erythematosus	0.02900211031049196
IL10	EFAVIRENZ	Approved	""	0.2610189927944276
IL10	ANESTHETIC AGENT	Not Approved	""	0.5220379855888553
IL10	ACYCLOVIR	Approved	""	0.8700633093147588
IL10	MACROLIDE ANTIBIOTIC	Not Approved	""	1.305094963972138
IL10	LISOFYLLINE	Not Approved	antidiabetic	2.610189927944276
IL10	PROTON PUMP INHIBITOR	Not Approved	""	1.305094963972138
IL10	SCH-708980	Not Approved	""	2.610189927944276
IL10	SIROLIMUS	Approved	for treatment of wet age-related macular degeneration,immunosuppressant	0.1800130984789156
IL10	SHO-SAIKO-TO	Not Approved	""	1.305094963972138
IL10	RABEPRAZOLE	Approved	Proton pump inhibitor	0.2007838406110982
IL10	AMOXICILLIN ANHYDROUS	Approved	""	0.2747568345204501
IL10	CLARITHROMYCIN	Approved	""	0.3070811679934443
IL10	ILODECAKIN	Not Approved	""	2.610189927944276
IL10	FLUTICASONE	Approved	for treatment of symptomatic exophthalmos associated with thyroid-related eye disease,bronchodilator,glucocorticoid,antiinflammatory agent	0.2747568345204501
IL10	TRETINOIN	Approved	for treatment of acne	0.0573668116031709
IL10	MESALAMINE	Approved	for treatment of ulcerative proctitis,for treatment of ulcerative colitis,antiinflammatory agent	0.2372899934494797
IL10	ROFECOXIB	Approved	NSAID	0.5800422062098392
IL10	ETANERCEPT	Approved	DMARD,antiinflammatory agent	0.2007838406110982
IL10	PEGILODECAKIN	Not Approved	""	0.8700633093147588
IL10	ZIDOVUDINE	Approved	""	0.1933474020699464
AKT1	TAS0612	Not Approved	""	0.07352647684350073
AKT1	GEDATOLISIB	Not Approved	""	0.05446405692111166
AKT1	IPATASERTIB	Not Approved	antineoplastic agent	0.5347380134072782
AKT1	EVEROLIMUS	Approved	immunosuppressant	0.04325086873147103
AKT1	PHA-767491	Not Approved	""	0.01114037527931829
AKT1	OMIPALISIB	Not Approved	""	0.03676323842175037
AKT1	GSK-690693	Not Approved	""	0.04325086873147103
AKT1	BARDOXOLONE METHYL	Not Approved	""	0.1838161921087518
AKT1	GSK-269962A	Not Approved	""	0.01671056291897744
AKT1	MK-2201	Not Approved	""	0.2450882561450025
AKT1	UPROSERTIB	Not Approved	""	0.07352647684350073
AKT1	CANERTINIB DIHYDROCHLORIDE	Not Approved	""	0.1470529536870014
AKT1	ANDROGRAPHOLIDE	Not Approved	""	0.490176512290005
AKT1	WORTMANNIN	Not Approved	""	0.05251891203107196
AKT1	XL-418	Not Approved	""	0.1470529536870014
AKT1	BAY-1125976	Not Approved	""	0.3676323842175037
AKT1	CHEMBL:CHEMBL1086397	Not Approved	""	1.470529536870014
AKT1	DESIPRAMINE	Approved	Tricyclic,Antidepressive Agents	0.0188529427803848
AKT1	NELFINAVIR	Approved	""	0.1225441280725012
AKT1	RESVERATROL	Approved	antineoplastic agent,antidiabetic,for treatment of herpes simplex virus 1	0.03001080687489826
AKT1	AKT INHIBITOR VIII	Not Approved	""	0.2941059073740029
AKT1	MIRANSERTIB	Not Approved	""	0.3676323842175037
AKT1	PERIFOSINE	Not Approved	antineoplastic agent	0.4411588610610044
AKT1	VEMURAFENIB	Approved	antineoplastic agent	0.01987202076851371
AKT1	AFURESERTIB	Not Approved	""	0.2100756481242878
AKT1	CANTHIN-6-ONE	Not Approved	""	0.7352647684350074
AKT1	PAN-AKT INHIBITOR ARQ751	Not Approved	""	0.2450882561450025
AKT1	SR-13668	Not Approved	""	0.2450882561450025
AKT1	CHEMBL:CHEMBL480356	Not Approved	""	1.470529536870014
AKT1	FEXAGRATINIB	Not Approved	""	0.09190809605437593
AKT1	ENZASTAURIN	Not Approved	antineoplastic agent	0.06127206403625062
AKT1	PIFUSERTIB	Not Approved	""	0.2450882561450025
AKT1	CYC-116	Not Approved	""	0.007580049159123788
AKT1	CLOMIPRAMINE	Approved	Tricyclic,Antidepressive Agents	0.01934907285355282
AKT1	DOXEPIN HYDROCHLORIDE	Approved	hypnotic,antimigraine agent	0.01671056291897744
AKT1	LY-2780301	Not Approved	""	0.1470529536870014
AKT1	TRIMIPRAMINE	Approved	Tricyclic,Antidepressive Agents	0.02228075055863658
AKT1	XL418	Not Approved	antineoplastic agent	0.1838161921087518
AKT1	LOVASTATIN	Approved	anticholesterolaemic agent	0.03770588556076961
AKT1	TOPOTECAN HYDROCHLORIDE	Approved	antineoplastic agent	0.06127206403625062
AKT1	CEP-11981	Not Approved	""	0.07002521604142928
AKT1	GAMBOGIC AMIDE	Not Approved	""	0.2450882561450025
AKT1	AFURESERTIB HYDROCHLORIDE	Not Approved	""	0.2450882561450025
AKT1	NORTRIPTYLINE	Approved	antidepressant,antiasthmatic agent	0.02297702401359398
AKT1	GIGANTOL	Not Approved	""	1.470529536870014
AKT1	DABRAFENIB	Approved	antineoplastic agent	0.02723202846055583
AKT1	(2S)-1-(1H-INDOL-3-YL)-3-{[5-(3-METHYL-1H-INDAZOL-5-YL)PYRIDIN-3-YL]OXY}PROPAN-2-AMINE	Not Approved	""	0.1131176566823088
AKT1	FASUDIL	Not Approved	""	0.02535395753224163
AKT1	FULVESTRANT	Approved	antineoplastic agent	0.02941059073740029
AKT1	NINTEDANIB ESYLATE	Approved	antineoplastic agent	0.05882118147480059
AKT1	ARCHEXIN	Not Approved	antineoplastic agent	0.490176512290005
AKT1	CMX-2043	Not Approved	""	0.3676323842175037
AKT1	AMITRIPTYLINE HYDROCHLORIDE	Approved	analgesic	0.01633921707633349
AKT1	SOTRASTAURIN	Not Approved	""	0.01205352079401651
AKT1	5-METHOXYCANTHINONE	Not Approved	""	0.7352647684350074
AKT1	MK-2206	Not Approved	antineoplastic agent	0.3676323842175037
AKT1	CHEMBL:CHEMBL257158	Not Approved	""	0.3676323842175037
AKT1	WITHAFERIN A	Not Approved	""	0.1225441280725012
AKT1	LAUROGUADINE	Not Approved	""	0.02625945601553598
AKT1	BMS-754807	Not Approved	antineoplastic agent	0.08169608538166749
AKT1	M-2698	Not Approved	""	0.1633921707633349
AKT1	CENISERTIB	Not Approved	antineoplastic agent	0.01246211471923741
AKT1	AKT INHIBITOR MK2206	Not Approved	""	0.2625945601553598
AKT1	CI-1040	Not Approved	""	0.04325086873147103
AKT1	LY-294002	Not Approved	""	0.09190809605437593
AKT1	CAPIVASERTIB	Approved	""	0.5146853379045052
AKT1	TRICIRIBINE	Not Approved	antineoplastic agent	0.3676323842175037
AKT1	TRIFLUOPERAZINE	Approved	Antiemetics; Antipsychotic Agents	0.0490176512290005
AKT1	EUPALININ A	Not Approved	""	1.470529536870014
AKT1	MONOAMINE OXIDASE INHIBITOR	Not Approved	""	0.02535395753224163
AKT1	TRICIRIBINE PHOSPHATE	Not Approved	""	0.2450882561450025
IL21	NNC0114-0006	Not Approved	""	17.40126618629517
IL21	NNC0114-0006	Not Approved	""	17.40126618629517
IL21	IL-21	Not Approved	""	17.40126618629517
TTR	EPLONTERSEN	Approved	""	4.350316546573794
TTR	INOTERSEN	Approved	""	17.40126618629517
TTR	CAFFEIC ACID PHENETHYL ESTER	Not Approved	""	0.621473792367685
TTR	BENZYL CAFFEATE	Not Approved	""	8.700633093147589
TTR	PATISIRAN	Approved	""	8.700633093147589
TTR	TAFAMIDIS MEGLUMINE	Approved	""	4.350316546573794
TTR	DIHYDROGUAIARETIC ACID	Not Approved	""	8.700633093147589
TTR	ETHYL CAFFEATE	Not Approved	""	8.700633093147589
TTR	TAFAMIDIS	Approved	""	17.40126618629517
TTR	MASOPROCOL	Approved	prostate cancer,antineoplastic agent	0.1851198530456934
TTR	VUTRISIRAN	Approved	""	4.350316546573794
TTR	ACORAMIDIS	Not Approved	""	4.350316546573794
SMAD2	BLEOMYCIN	Approved	antineoplastic agent	0.8156843524825864
SMAD2	DEMETHOXYCURCUMIN	Not Approved	""	2.175158273286897
SMAD2	HYDROCORTISONE BUTYRATE	Approved	""	0.3107368961838424
SMAD2	GERANIIN	Not Approved	""	13.05094963972138
SMAD2	CURCUMIN	Approved	""	0.1977416612078997
SMAD2	AMIFOSTINE ANHYDROUS	Approved	radiation-protective agent	2.610189927944276
SMAD2	BISDEMETHOXYCURCUMIN	Not Approved	""	4.350316546573794
SMAD2	TRETINOIN	Approved	for treatment of acne	0.1434170290079272
PRL	CISPLATIN	Approved	""	0.009864663370915634
PRL	PROTEIN SYNTHESIS INHIBITOR	Not Approved	""	0.1208421262937165
PRL	BUSPIRONE	Approved	Anti-anxiety Agents	0.2071579307892283
PRL	CLOMIPHENE	Approved	for treatment of testosterone deficiency	0.3625263788811495
PRL	SN-1,2-DIDECANOYLGLYCEROL	Not Approved	""	0.725052757762299
PRL	ISOSORBIDE DINITRATE	Approved	antihypertensive agent	0.1318277741385998
PRL	PROTEIN KINASE C INHIBITOR	Not Approved	""	0.241684252587433
PRL	TRETINOIN	Approved	for treatment of acne	0.01593522544532525
PRL	MANNITOL	Approved	""	0.241684252587433
PRL	CALCIUM GLUCONATE	Approved	""	0.3625263788811495
PRL	CALCIUM CHANNEL BLOCKER	Not Approved	""	0.241684252587433
PRL	RALOXIFENE HYDROCHLORIDE	Approved	Hormone Replacement Agents	0.02900211031049196
PRL	PROMETHAZINE HYDROCHLORIDE	Approved	Hypnotics and Sedatives; Anti-anxiety agents; Anti-allergic Agents	0.06591388706929992
PRL	ORAL CONTRACEPTIVE	Not Approved	""	0.1977416612078997
PRL	CYPROHEPTADINE HYDROCHLORIDE	Approved	Anti-Allergic Agents; Appetite Stimulant	0.1208421262937165
PRL	ALPHA-ADRENERGIC ANTAGONIST	Not Approved	""	0.725052757762299
PRL	ANTINEOPLASTIC AGENT	Not Approved	""	0.1035789653946141
PRL	BETA-ADRENERGIC ANTAGONIST	Not Approved	""	0.2900211031049196
PRL	EFLORNITHINE	Approved	for treatment of unwanted facial hair in women	0.1318277741385998
PRL	ETHINYL ESTRADIOL	Approved	contraceptive	0.07250527577622991
PRL	METHYLPHENIDATE HYDROCHLORIDE	Approved	for treatment of ADHD	0.04728604941928038
PRL	BETAMETHASONE	Approved	glucocorticoid,antiinflammatory agent	0.1450105515524598
PRL	ASCORBIC ACID	Approved	""	0.05577328905863839
PRL	PROGESTERONE ANTAGONIST	Not Approved	""	1.450105515524598
PRL	PROPYLTHIOURACIL	Approved	Antithyroid Agents	0.07250527577622991
PRL	RECOMBINANT VASCULAR ENDOTHELIAL GROWTH FACTOR	Not Approved	""	0.1035789653946141
PRL	ALPHA-ADRENERGIC AGONIST	Not Approved	""	0.3625263788811495
PRL	BUPROPION HYDROCHLORIDE	Not Approved	""	1.450105515524598
PRL	HYPOXIS HEMEROCALLIDEA ROOT EXTRACT	Approved	""	0.725052757762299
PRL	PHENOBARBITAL	Approved	Anticonvulsants; Hypnotics and Sedatives	0.03816067146117363
PRL	SELENIUM	Approved	""	0.08530032444262342
PRL	BENZNIDAZOLE	Approved	""	0.725052757762299
PRL	TYRPHOSTIN A25	Not Approved	""	0.725052757762299
PRL	BACITRACIN	Approved	""	0.483368505174866
PRL	PREGNANT MARE SERUM GONADOTROPIN	Not Approved	""	0.1318277741385998
PRL	CLONIDINE HYDROCHLORIDE	Approved	antimucositic,for treatment of ADHD,for treatment of diabetic neuropathy	0.1115465781172767
PRL	NORETHINDRONE	Approved	Synthetic,Oral,Contraceptives,contraceptive	0.1450105515524598
PRL	PHOSPHODIESTERASE INHIBITOR	Not Approved	""	0.3625263788811495
PRL	ANTISERUM	Not Approved	""	0.04143158615784566
PRL	ZIDOVUDINE	Approved	""	0.05370761168609623
PRL	FLURAZEPAM	Approved	Hypnotics and Sedatives	0.06905264359640943
PRL	UBENIMEX	Not Approved	""	0.2071579307892283
PRL	PILOCARPINE HYDROCHLORIDE	Approved	for treatment of incontinence	0.07632134292234727
PRL	FLUOXYMESTERONE	Approved	Anabolic Agents; Antineoplastic Agents	0.3625263788811495
PRL	LOVASTATIN	Approved	anticholesterolaemic agent	0.03718219270575892
PRL	AMITRIPTYLINE HYDROCHLORIDE	Approved	analgesic	0.04833685051748661
PRL	MELATONIN	Approved	Hypnotics and Sedatives	0.05000363846636545
PRL	ECHINACEA PREPARATION	Approved	""	0.3625263788811495
PRL	ANTIDEPRESSANT AGENT	Not Approved	""	0.02788664452931919
PRL	FREUND'S ADJUVANT	Not Approved	""	0.1208421262937165
PRL	DICLOFENAC SODIUM	Approved	for treatment of glaucoma,analgesic,NSAID	0.04265016222131171
PRL	PHENOTHIAZINE	Not Approved	""	0.09063159472028738
PRL	DEXAMETHASONE ACETATE	Approved	""	0.725052757762299
PRL	SELECTIVE ESTROGEN RECEPTOR MODULATOR	Not Approved	""	0.1611228350582886
PRL	ANTIVIRAL AGENT	Not Approved	""	0.1611228350582886
PRL	NICARDIPINE	Approved	Anti-Arrhythmia Agents; Antihypertensive Agents	0.09063159472028738
PRL	TESTOLACTONE	Approved	Hormonal,Antineoplastic Agents	0.3625263788811495
PRL	NILUTAMIDE	Approved	Antineoplastic Agents	0.1450105515524598
PRL	NALOXONE HYDROCHLORIDE	Approved	for treatment of opioid addiction,analgesic	0.08530032444262342
PRL	CARBAMAZEPINE	Approved	for treatment of bipolar disorder	0.04439098516912035
PRL	ANTIPSYCHOTIC AGENT	Not Approved	""	0.483368505174866
PRL	ESTRONE SULFATE	Not Approved	""	0.483368505174866
PRL	TEMOZOLOMIDE	Approved	""	0.06905264359640943
PRL	CLOZAPINE	Approved	Antipsychotic Agents	0.0149495413971608
PRL	GENISTEIN	Approved	""	0.02500181923318272
PRL	ESTRADIOL 3-BENZOATE	Approved	""	0.1450105515524598
PRL	GONADOTROPIN-RELEASING HORMONE ANALOG	Not Approved	""	0.725052757762299
PRL	ALTEPLASE	Approved	Thrombolytic agent	0.06905264359640943
PRL	MONOAMINE OXIDASE INHIBITOR	Not Approved	""	0.05000363846636545
PRL	RECOMBINANT FAS LIGAND	Not Approved	""	0.3625263788811495
PRL	BUPROPION HYDROCHLORIDE	Approved	smoking-cessation agent,appetite suppressant,antidepressant	0.08530032444262342
PRL	GOSSYPOL	Not Approved	""	0.06042106314685826
IL12B	TILDRAKIZUMAB	Approved	""	1.242947584735369
IL12B	EGEN-001	Not Approved	""	3.728842754206109
IL12B	USTEKINUMAB	Approved	Antipsoriatic Agents,DMARD,antiinflammatory agent	1.118652826261832
IL12B	BRAZIKUMAB	Not Approved	""	1.864421377103054
IL12B	GUSELKUMAB	Approved	""	1.864421377103054
IL12B	BRIAKINUMAB	Not Approved	antipsoriatic,for treatment of multiple sclerosis,antiinflammatory agent	3.728842754206109
IL12B	ISOPROTERENOL	Approved	Bronchodilator Agents; Cardiotonic Agents	0.1165263360689409
IL12B	EBDAROKIMAB	Not Approved	""	1.242947584735369
IL12B	HUMANIZED SMART ANTI-IL-12 ANTIBODY	Not Approved	antiinflammatory agent	1.864421377103054
IL12B	ADENOVIRAL TRANSDUCED HIL-12-EXPRESSING AUTOLOGOUS DENDRITIC CELLS INXN-3001 PLUS ACTIVATOR LIGAND INXN-1001	Not Approved	antineoplastic agent	1.864421377103054
IL12B	VIRULIZIN	Not Approved	antineoplastic agent	1.864421377103054
IL12B	RISANKIZUMAB	Approved	""	1.864421377103054
IL12B	MIRIKIZUMAB	Approved	""	1.242947584735369
IL12B	INFLIXIMAB	Approved	DMARD,antiinflammatory agent	0.2405705002713618
SMAD3	CHEMBL:CHEMBL578515	Not Approved	""	0.1139820929233308
SMAD3	CHEMBL:CHEMBL1224755	Not Approved	""	0.02072401689515106
SMAD3	CHEMBL:CHEMBL579318	Not Approved	""	0.02279641858466617
SMAD3	THIMEROSAL	Approved	""	0.009911486341159206
SMAD3	CHEMBL:CHEMBL300389	Not Approved	""	0.03799403097444362
SMAD3	CHEMBL:CHEMBL1503190	Not Approved	""	0.05699104646166543
SMAD3	CRYPTOTANSHINONE	Not Approved	""	0.01628315613190441
SMAD3	SANGUINARIUM	Not Approved	""	0.009118567433866468
SMAD3	CHEMBL:CHEMBL538798	Not Approved	""	0.02279641858466617
SMAD3	CHEMBL:CHEMBL576208	Not Approved	""	0.02072401689515106
SMAD3	BREFELDIN A	Not Approved	""	0.03256631226380882
SMAD3	KENPAULLONE	Not Approved	""	0.004749253871805453
SMAD3	DASATINIB ANHYDROUS	Approved	antineoplastic agent	0.002999528761140286
SMAD3	CHEMBL:CHEMBL463783	Not Approved	""	0.02279641858466617
SMAD3	GEOPYXIN A	Not Approved	""	0.1139820929233308
SMAD3	CHEMBL:CHEMBL546344	Not Approved	""	0.05699104646166543
SMAD3	CHEMBL:CHEMBL602923	Not Approved	""	0.05699104646166543
SMAD3	GENISTEIN	Approved	""	0.007860833994712473
SMAD3	CHEMBL:CHEMBL585502	Not Approved	""	0.02072401689515106
SMAD3	9-AMINOCAMPTOTHECIN	Not Approved	""	0.02072401689515106
SMAD3	CHEMBL:CHEMBL582099	Not Approved	""	0.05699104646166543
SMAD3	METHYLENE BLUE ANHYDROUS	Approved	""	0.006161194212071939
SMAD3	VINCRISTINE	Approved	antineoplastic agent	0.002814372664773602
SMAD3	CHEMBL:CHEMBL1503729	Not Approved	""	0.02532935398296241
SMAD3	CHEMBL:CHEMBL525826	Not Approved	""	0.04559283716933234
SMAD3	MK-2206	Not Approved	antineoplastic agent	0.03799403097444362
SMAD3	GMQ	Not Approved	""	0.05699104646166543
SMAD3	CHEMBL:CHEMBL299853	Not Approved	""	0.0126646769914812
SMAD3	CHEMBL:CHEMBL1307453	Not Approved	""	0.03799403097444362
SMAD3	KAMEBANIN	Not Approved	""	0.02849552323083271
SMAD3	CUCURBITACIN B	Approved	""	0.03799403097444362
SMAD3	OSAJIN	Not Approved	""	0.04559283716933234
SMAD3	ANGUSTIBALIN	Not Approved	""	0.02072401689515106
SMAD3	GOSSYPOL	Not Approved	""	0.004749253871805453
SMAD3	HEXACHLOROPHENE	Approved	""	0.005560102093821018
SMAD3	CHEMBL:CHEMBL601367	Not Approved	""	0.07598806194888724
SMAD3	CHEMBL:CHEMBL600734	Not Approved	""	0.02072401689515106
SMAD3	CHEMBL:CHEMBL602740	Not Approved	""	0.1139820929233308
SMAD3	CHEMBL:CHEMBL582983	Not Approved	""	0.05699104646166543
SMAD3	CHEMBL:CHEMBL601768	Not Approved	""	0.07598806194888724
SMAD3	CHEMBL:CHEMBL84010	Not Approved	""	0.01519761238977744
SMAD3	CHEMBL:CHEMBL581872	Not Approved	""	0.03256631226380882
SMAD3	PERUVOSIDE	Not Approved	""	0.07598806194888724
SMAD3	TRICLOSAN	Approved	""	0.03799403097444362
SMAD3	CINOBUFOTALIN	Not Approved	""	0.07598806194888724
SMAD3	TUBERCIDIN	Not Approved	""	0.05699104646166543
SMAD3	CHEMBL:CHEMBL584635	Not Approved	""	0.03799403097444362
SMAD3	(2S)-1-(1H-INDOL-3-YL)-3-{[5-(3-METHYL-1H-INDAZOL-5-YL)PYRIDIN-3-YL]OXY}PROPAN-2-AMINE	Not Approved	""	0.01753570660358936
SMAD3	9,10-PHENANTHRENEQUINONE	Not Approved	""	0.008767853301794682
SMAD3	DOLASTATIN 12	Not Approved	""	0.1139820929233308
SMAD3	AKT INHIBITOR IV	Not Approved	""	0.02072401689515106
SMAD3	PIROCTONE	Not Approved	""	0.1139820929233308
SMAD3	FLUDARABINE	Approved	antineoplastic agent	0.006704828995490051
SMAD3	CHEMBL:CHEMBL1537417	Not Approved	""	0.02532935398296241
SMAD3	STROPHANTHIDIN	Not Approved	""	0.03799403097444362
SMAD3	CHEMBL:CHEMBL586029	Not Approved	""	0.07598806194888724
SMAD3	CHEMBL:CHEMBL1466186	Not Approved	""	0.02849552323083271
SMAD3	CHEMBL:CHEMBL578502	Not Approved	""	0.02532935398296241
SMAD3	CHEMBL:CHEMBL599924	Not Approved	""	0.01424776161541635
SMAD3	CHEMBL:CHEMBL601311	Not Approved	""	0.2279641858466617
SMAD3	CHEMBL:CHEMBL600694	Not Approved	""	0.03256631226380882
SMAD3	CHEMBL:CHEMBL591613	Not Approved	""	0.04559283716933234
SMAD3	CHEMBL:CHEMBL531268	Not Approved	""	0.03799403097444362
SMAD3	CHEMBL:CHEMBL546493	Not Approved	""	0.04559283716933234
SMAD3	CHEMBL:CHEMBL607309	Not Approved	""	0.02532935398296241
SMAD3	DIGOXIGENIN	Not Approved	""	0.05699104646166543
SMAD3	CHEMBL:CHEMBL578890	Not Approved	""	0.07598806194888724
SMAD3	CHEMBL:CHEMBL599100	Not Approved	""	0.04559283716933234
SMAD3	QUINOXALINE	Not Approved	""	0.2279641858466617
SMAD3	CHEMBL:CHEMBL1873045	Not Approved	""	0.1139820929233308
SMAD3	CHEMBL:CHEMBL1255944	Not Approved	""	0.02532935398296241
SMAD3	GITOXIGENIN	Not Approved	""	0.05699104646166543
SMAD3	IBRUTINIB	Approved	antineoplastic agent	0.006704828995490051
SMAD3	TETRAZOLIUM RED	Not Approved	""	0.1139820929233308
SMAD3	TRICLOCARBAN	Not Approved	""	0.03256631226380882
SMAD3	GLABROL	Not Approved	""	0.1139820929233308
SMAD3	CHEMBL:CHEMBL515617	Not Approved	""	0.04559283716933234
SMAD3	CHEMBL:CHEMBL578928	Not Approved	""	0.05699104646166543
SMAD3	CHEMBL:CHEMBL591618	Not Approved	""	0.04559283716933234
SMAD3	CHEMBL:CHEMBL533082	Not Approved	""	0.03799403097444362
SMAD3	CHEMBL:CHEMBL581880	Not Approved	""	0.03799403097444362
SMAD3	CHEMBL:CHEMBL2094484	Not Approved	""	0.05699104646166543
SMAD3	CHEMBL:CHEMBL578294	Not Approved	""	0.03799403097444362
SMAD3	CHEMBL:CHEMBL121556	Not Approved	""	0.07598806194888724
SMAD3	FANGCHINOLINE	Not Approved	""	0.07598806194888724
SMAD3	CHEMBL:CHEMBL602969	Not Approved	""	0.01899701548722181
SMAD3	CHEMBL:CHEMBL86464	Not Approved	""	0.01899701548722181
SMAD3	CALCIMYCIN	Not Approved	""	0.01199811504456114
SMAD3	CHEMBL:CHEMBL599098	Not Approved	""	0.02849552323083271
SMAD3	CHEMBL:CHEMBL461193	Not Approved	""	0.03799403097444362
SMAD3	CHEMBL:CHEMBL530281	Not Approved	""	0.2279641858466617
SMAD3	CHEMBL:CHEMBL580918	Not Approved	""	0.05699104646166543
SMAD3	CHEMBL:CHEMBL600173	Not Approved	""	0.07598806194888724
SMAD3	CHEMBL:CHEMBL482050	Not Approved	""	0.01899701548722181
SMAD3	CHLORQUINALDOL	Approved	""	0.05699104646166543
SMAD3	AROMATICIN	Not Approved	""	0.05699104646166543
SMAD3	CHEMBL:CHEMBL191611	Not Approved	""	0.07598806194888724
SMAD3	CHEMBL:CHEMBL581677	Not Approved	""	0.03799403097444362
SMAD3	CHEMBL:CHEMBL1415851	Not Approved	""	0.04559283716933234
SMAD3	FENTICLOR	Not Approved	""	0.01199811504456114
SMAD3	DEXAMETHASONE	Approved	for treatment of Meniere's disease,glucocorticoid,antiinflammatory agent	0.005363863196392041
SMAD3	EMETINE HYDROCHLORIDE	Not Approved	""	0.03799403097444362
SMAD3	CURCUMIN	Approved	""	0.006908005631717022
SMAD3	OUABAIN	Not Approved	Cardiotonic Agents	0.02532935398296241
SMAD3	CHEMBL:CHEMBL114544	Not Approved	""	0.02849552323083271
SMAD3	DITHIAZANINE	Not Approved	""	0.03799403097444362
SMAD3	CP55940	Not Approved	""	0.02279641858466617
SMAD3	POMIFERIN	Not Approved	""	0.02532935398296241
SMAD3	CHEMBL:CHEMBL1317506	Not Approved	""	0.07598806194888724
SMAD3	CHEMBL:CHEMBL1519374	Not Approved	""	0.01424776161541635
SMAD3	CHEMBL:CHEMBL602718	Not Approved	""	0.02072401689515106
SMAD3	SENNOSIDE B	Not Approved	""	0.01424776161541635
SMAD3	CHEMBL:CHEMBL533602	Not Approved	""	0.01899701548722181
SMAD3	JTC-801	Not Approved	""	0.07598806194888724
SMAD3	CHEMBL:CHEMBL532504	Not Approved	""	0.1139820929233308
SMAD3	CHEMBL:CHEMBL578944	Not Approved	""	0.02072401689515106
SMAD3	CHEMBL:CHEMBL1543865	Not Approved	""	0.03799403097444362
SMAD3	CHEMBL:CHEMBL547161	Not Approved	""	0.2279641858466617
SMAD3	CHEMBL:CHEMBL586135	Not Approved	""	0.02532935398296241
SMAD3	GERONTOXANTHONE I	Not Approved	""	0.05699104646166543
SMAD3	CHEMBL:CHEMBL235891	Not Approved	""	0.03256631226380882
SMAD3	CHEMBL:CHEMBL528791	Not Approved	""	0.04559283716933234
SMAD3	(S,R)-MEFLOQUINE	Not Approved	""	0.2279641858466617
SMAD3	HALOFUGINONE	Not Approved	antineoplastic agent	0.07598806194888724
SMAD3	CHLOROTHALONIL	Not Approved	""	0.01899701548722181
SMAD3	OXYQUINOLINE	Approved	""	0.04559283716933234
SMAD3	CHEMBL:CHEMBL580727	Not Approved	""	0.02849552323083271
SMAD3	CHEMBL:CHEMBL19954	Not Approved	""	0.0126646769914812
SMAD3	CHEMBL:CHEMBL591126	Not Approved	""	0.02072401689515106
SMAD3	CYCLOHEXIMIDE	Not Approved	""	0.002399623008912228
SMAD3	DEMETHOXYCURCUMIN	Not Approved	""	0.07598806194888724
SMAD3	RO31-8220	Not Approved	""	0.02849552323083271
SMAD3	CHEMBL:CHEMBL601146	Not Approved	""	0.03256631226380882
SMAD3	CHEMBL:CHEMBL505670	Not Approved	""	0.006513262452761764
SMAD3	MITOXANTRONE	Approved	antineoplastic agent	0.005181004223787766
SMAD3	FLUAZINAM	Not Approved	""	0.04559283716933234
SMAD3	BUFOGENIN	Not Approved	""	0.05699104646166543
SMAD3	CHEMBL:CHEMBL171699	Not Approved	""	0.02279641858466617
SMAD3	ENNIATIN B	Not Approved	""	0.05699104646166543
SMAD3	CHEMBL:CHEMBL586937	Not Approved	""	0.03256631226380882
SMAD3	DOXORUBICIN HYDROCHLORIDE	Approved	antineoplastic agent	0.001540298553017984
SMAD3	STREPTONIGRIN	Not Approved	""	0.01139820929233308
SMAD3	CALMIDAZOLIUM CHLORIDE	Not Approved	""	0.01139820929233308
SMAD3	CHEMBL:CHEMBL1327172	Not Approved	""	0.02532935398296241
SMAD3	HELENALIN	Not Approved	""	0.01424776161541635
SMAD3	CHEMBL:CHEMBL588038	Not Approved	""	0.02279641858466617
SMAD3	CHEMBL:CHEMBL578512	Not Approved	""	0.007860833994712473
SMAD3	CHEMBL:CHEMBL1530911	Not Approved	""	0.04559283716933234
SMAD3	LAPACHONE	Not Approved	""	0.008767853301794682
SMAD3	CHEMBL:CHEMBL587849	Not Approved	""	0.02279641858466617
SMAD3	IMATINIB	Approved	antineoplastic agent	0.003166169247870301
SMAD3	LEUPROLIDE ACETATE	Approved	for treatment of Alzheimer's disease,for treatment of endometriosis,antineoplastic agent	0.04559283716933234
SMAD3	CHEMBL:CHEMBL578719	Not Approved	""	0.05699104646166543
SMAD3	CHEMBL:CHEMBL1565444	Not Approved	""	0.03256631226380882
SMAD3	CHEMBL:CHEMBL535307	Not Approved	""	0.04559283716933234
SMAD3	CHEMBL:CHEMBL169335	Not Approved	""	0.2279641858466617
SMAD3	LOPINAVIR	Approved	""	0.04559283716933234
SMAD3	CHEMBL:CHEMBL1406948	Not Approved	""	0.04559283716933234
SMAD3	CHEMBL:CHEMBL1415258	Not Approved	""	0.05699104646166543
SMAD3	CHEMBL:CHEMBL2095095	Not Approved	""	0.0126646769914812
SMAD3	CHEMBL:CHEMBL584626	Not Approved	""	0.07598806194888724
SMAD3	CHEMBL:CHEMBL530682	Not Approved	""	0.07598806194888724
SMAD3	CHEMBL:CHEMBL1362503	Not Approved	""	0.02072401689515106
SMAD3	CHEMBL:CHEMBL592316	Not Approved	""	0.03256631226380882
SMAD3	CHEMBL:CHEMBL600572	Not Approved	""	0.07598806194888724
SMAD3	BIX-01294	Not Approved	""	0.02849552323083271
SMAD3	CLIOQUINOL	Approved	""	0.0126646769914812
SMAD3	CHEMBL:CHEMBL582722	Not Approved	""	0.03799403097444362
SMAD3	LANATOSIDE C	Approved	""	0.01519761238977744
SMAD3	FIDUXOSIN HYDROCHLORIDE	Not Approved	""	0.03799403097444362
SMAD3	OXYPHENBUTAZONE	Approved	""	0.01753570660358936
SMAD3	ANTIESTROGEN	Not Approved	""	0.03039522477955489
SMAD3	CHEMBL:CHEMBL590186	Not Approved	""	0.03256631226380882
SMAD3	CHEMBL:CHEMBL1622802	Not Approved	""	0.07598806194888724
SMAD3	LOBARIC ACID	Not Approved	""	0.01519761238977744
SMAD3	AZACITIDINE	Approved	antineoplastic agent	0.005699104646166543
SMAD3	CHEMBL:CHEMBL592611	Not Approved	""	0.05699104646166543
SMAD3	ENZYME INHIBITOR	Not Approved	""	0.03799403097444362
SMAD3	ENPIROLINE	Not Approved	""	0.04559283716933234
SMAD3	CHEMBL:CHEMBL429095	Not Approved	""	0.004559283716933234
SMAD3	STROPHANTHIDIN ACETATE	Not Approved	""	0.1139820929233308
SMAD3	DIGITOXIN	Approved	Anti-Arrhythmia Agents; Cardiotonic Agents	0.01199811504456114
SMAD3	PINAFIDE	Not Approved	""	0.01899701548722181
SMAD3	THIOINOSINE	Not Approved	""	0.03799403097444362
SMAD3	CHEMBL:CHEMBL77675	Not Approved	""	0.05699104646166543
SMAD3	AMINOQUINOL	Not Approved	""	0.1139820929233308
SMAD3	4-AMINOPHENOL	Approved	""	0.02849552323083271
SMAD3	DECYNIUM 22	Not Approved	""	0.009911486341159206
SMAD3	GR 127935	Not Approved	""	0.007860833994712473
SMAD3	CHEMBL:CHEMBL581225	Not Approved	""	0.02849552323083271
SMAD3	BISDEMETHOXYCURCUMIN	Not Approved	""	0.1519761238977744
SMAD3	PYRITHIONE	Approved	""	0.02072401689515106
SMAD3	CHEMBL:CHEMBL601757	Not Approved	""	0.009498507743610905
SMAD3	ALSTERPAULLONE	Not Approved	""	0.004383926650897341
SMAD3	MITONAFIDE	Not Approved	""	0.02849552323083271
SMAD3	CHEMBL:CHEMBL598263	Not Approved	""	0.05699104646166543
SMAD3	CHEMBL:CHEMBL601547	Not Approved	""	0.05699104646166543
SMAD3	CHEMBL:CHEMBL590947	Not Approved	""	0.1139820929233308
SMAD3	PROTOAPIGENONE	Not Approved	""	0.01628315613190441
SMAD3	CARDAMOMIN	Not Approved	""	0.07598806194888724
SMAD3	LASALOCID A SODIUM	Not Approved	""	0.02532935398296241
SMAD3	GARCINONE E	Not Approved	""	0.02279641858466617
SMAD3	NITROXOLINE	Not Approved	""	0.01753570660358936
SMAD3	CHEMBL:CHEMBL1342336	Not Approved	""	0.02849552323083271
SMAD3	ACACETIN	Not Approved	""	0.01519761238977744
SMAD3	ELLAGIC ACID	Not Approved	""	0.008141578065952206
SMAD3	SANGUINARINE SULFATE	Not Approved	""	0.01753570660358936
SMAD3	ANISOMYCIN	Not Approved	""	0.04559283716933234
SMAD3	CHEMBL:CHEMBL579837	Not Approved	""	0.03799403097444362
SMAD3	ANGUIDIN	Not Approved	""	0.05699104646166543
SMAD3	CHEMBL:CHEMBL1465049	Not Approved	""	0.01628315613190441
SMAD3	CHEMBL:CHEMBL581574	Not Approved	""	0.03256631226380882
SMAD3	CHEMBL:CHEMBL592819	Not Approved	""	0.2279641858466617
SMAD3	CHEMBL:CHEMBL1902074	Not Approved	""	0.03799403097444362
SMAD3	CHEMBL:CHEMBL602990	Not Approved	""	0.02849552323083271
SMAD3	RESACTIN A	Not Approved	""	0.05699104646166543
SMAD3	CHEMBL:CHEMBL428064	Not Approved	""	0.02279641858466617
SMAD3	FLUSPIRILENE	Approved	Antipsychotic Agents	0.01036200844757553
SMAD3	CLIOXANIDE	Not Approved	""	0.03256631226380882
SMAD3	N-ACETYLCOLCHINOL	Not Approved	""	0.07598806194888724
SMAD3	GERONTOXANTHONE H	Not Approved	""	0.03799403097444362
SMAD3	FLUORESCEIN	Approved	""	0.03256631226380882
SMAD3	EPIRUBICIN HYDROCHLORIDE	Approved	""	0.03256631226380882
SMAD3	CHEMBL:CHEMBL592124	Not Approved	""	0.007353683414408442
SMAD3	CHEMBL:CHEMBL1546223	Not Approved	""	0.03799403097444362
SMAD3	CETYLPYRIDINIUM	Approved	""	0.2279641858466617
SMAD3	2-METHOXY-1,4-NAPHTHOQUINONE	Not Approved	""	0.02849552323083271
SMAD3	CHEMBL:CHEMBL1456848	Not Approved	""	0.05699104646166543
SMAD3	CLOXYQUIN	Not Approved	""	0.02279641858466617
SIRT1	CHEMBL:CHEMBL375563	Not Approved	""	0.7200523939156624
SIRT1	ALTISSIMACOUMARIN D	Not Approved	""	3.600261969578312
SIRT1	GINSENOSIDE RG3	Not Approved	""	0.9000654923945781
SIRT1	EX-527	Not Approved	""	1.800130984789156
SIRT1	ALTISSIMACOUMARIN C	Not Approved	""	3.600261969578312
SIRT1	CHEMBL:CHEMBL200762	Not Approved	""	3.600261969578312
SIRT1	SIRTINOL	Not Approved	""	3.600261969578312
SIRT1	CHEMBL:CHEMBL254156	Not Approved	""	3.600261969578312
SIRT1	SRT-2104	Not Approved	""	1.800130984789156
SIRT1	ALTISSIMACOUMARIN F	Not Approved	""	3.600261969578312
SIRT1	CHEMBL:CHEMBL1436543	Not Approved	""	1.800130984789156
SIRT1	GINSENOSIDE RH1	Not Approved	""	3.600261969578312
SIRT1	SRT-1720	Not Approved	""	2.700196477183734
SIRT1	CHEMBL:CHEMBL372375	Not Approved	""	3.600261969578312
SIRT1	NIACINAMIDE	Approved	""	1.200087323192771
SIRT1	LAPACHONE	Not Approved	antineoplastic agent	0.9000654923945781
SIRT1	CHEMBL:CHEMBL255683	Not Approved	""	3.600261969578312
SIRT1	RESVERATROL	Approved	antineoplastic agent,antidiabetic,for treatment of herpes simplex virus 1	0.1469494681460535
SIRT1	SALERMIDE	Not Approved	""	0.9000654923945781
SIRT1	PANOBINOSTAT	Approved	antineoplastic agent	0.05625409327466113
SIRT1	SRT2104	Not Approved	""	0.9000654923945781
SIRT1	PSAMMAPLIN A	Not Approved	""	0.2769432284291009
SIRT1	SELISISTAT	Not Approved	for treatment of Huntington's disease	0.9000654923945781
SIRT1	SURAMIN	Not Approved	""	0.09474373604153453
SIRT1	ALTISSIMACOUMARIN E	Not Approved	""	3.600261969578312
SIRT1	CHEMBL:CHEMBL1945130	Not Approved	""	1.800130984789156
SIRT1	GISENOSIDE RK1	Not Approved	""	3.600261969578312
SIRT1	CAMBINOL	Not Approved	""	0.3000218307981927
SIRT1	CHEMBL:CHEMBL403308	Not Approved	""	3.600261969578312
PKM	CHEMBL:CHEMBL261693	Not Approved	""	0.2900211031049196
PKM	SANGUINARIUM	Not Approved	""	0.05800422062098392
PKM	PYRUVATE KINASE INHIBITOR TLN-232	Not Approved	""	1.450105515524598
PKM	CHEMBL:CHEMBL599013	Not Approved	""	0.1035789653946141
PKM	CIS-RESVERATROL	Not Approved	""	0.2071579307892283
PKM	SILVER SULFADIAZINE	Approved	""	0.1812631894405747
PKM	TT-232	Not Approved	antineoplastic agent	1.450105515524598
PKM	THIRAM	Not Approved	""	0.06304806589237384
PKM	CHEMBL:CHEMBL473721	Not Approved	""	0.1812631894405747
PKM	ERBSTATIN	Not Approved	""	0.1035789653946141
PKM	CHEMBL:CHEMBL595227	Not Approved	""	0.1450105515524598
PKM	INDIRUBIN-3'-MONOXIME	Not Approved	""	0.07632134292234727
PKM	CHEMBL:CHEMBL1333049	Not Approved	""	0.2071579307892283
PKM	CHEMBL:CHEMBL1091502	Not Approved	""	1.450105515524598
PKM	PD-98059	Not Approved	""	0.03919204096012427
PKM	EBSELEN	Not Approved	""	0.04143158615784566
PKM	CHEMBL:CHEMBL1214407	Not Approved	""	0.3625263788811495
PKM	CHEMBL:CHEMBL1303948	Not Approved	""	0.2071579307892283
PKM	CHEMBL:CHEMBL1093369	Not Approved	""	0.725052757762299
PKM	CHEMBL:CHEMBL429335	Not Approved	""	0.2900211031049196
PKM	TYRPHOSTIN B48	Not Approved	""	0.07632134292234727
PKM	PSEUDOEPHEDRINE	Approved	antiallergy agent	0.08530032444262342
PKM	3-HYDROXYBENZYLHYDRAZINE	Not Approved	""	0.2900211031049196
PKM	SB 206553	Not Approved	""	0.1035789653946141
PKM	DECYNIUM 22	Not Approved	""	0.06304806589237384
PKM	CHEMBL:CHEMBL585265	Not Approved	""	1.450105515524598
PKM	NICLOSAMIDE	Approved	""	0.05370761168609623
PKM	CHEMBL:CHEMBL125044	Not Approved	""	0.1611228350582886
PKM	CHEMBL:CHEMBL408850	Not Approved	""	0.1318277741385998
PKM	4-CHLOROMERCURIBENZOIC ACID	Not Approved	""	0.05178948269730708
PKM	TRANILAST	Not Approved	""	0.1318277741385998
PKM	HYDRALAZINE	Approved	antihypertensive agent	0.07250527577622991
PKM	CHEMBL:CHEMBL154580	Not Approved	""	0.1318277741385998
PKM	CHEMBL:CHEMBL584458	Not Approved	""	0.1035789653946141
PKM	AMLEXANOX	Approved	""	0.1115465781172767
PKM	NITAZOXANIDE	Approved	""	0.1208421262937165
PTGS2	CARPROFEN	Approved	Non-Steroidal,Anti-Inflammatory Agents	0.8923726249382141
PTGS2	INDOMETHACIN SODIUM	Approved	""	0.2230931562345535
PTGS2	DARBUFELONE	Not Approved	""	0.2230931562345535
PTGS2	MEFENAMIC ACID	Approved	NSAID	0.127481803562602
PTGS2	MECLOFENAMATE SODIUM	Approved	""	0.127481803562602
PTGS2	DICLOFENAC SODIUM	Approved	for treatment of glaucoma,analgesic,NSAID	0.0656156341866334
PTGS2	CAPECITABINE	Approved	""	0.0174975024497689
PTGS2	PIRPROFEN	Approved	""	0.2230931562345535
PTGS2	ESFLURBIPROFEN	Approved	""	0.1115465781172767
PTGS2	SULFASALAZINE	Approved	DMARD,antiinflammatory agent	0.03718219270575892
PTGS2	BROMFENAC	Approved	NSAID,opthalmological agent	0.2974575416460714
PTGS2	IBUPROFEN, SODIUM SALT	Approved	NSAID	0.04576269871478021
PTGS2	ALOXIPRIN	Approved	""	0.2230931562345535
PTGS2	TENOXICAM	Not Approved	NSAID	0.2677117874814642
PTGS2	FLURBIPROFEN	Approved	NSAID,antiinflammatory agent	0.2788664452931919
PTGS2	SALICYLIC ACID	Approved	Keratolytic Agents	0.2974575416460714
PTGS2	ATENOLOL	Approved	Anti-Arrhythmia Agents; Antihypertensive Agents	0.02478812847050595
PTGS2	DEXKETOPROFEN	Approved	""	0.1115465781172767
PTGS2	ETORICOXIB	Approved	NSAID	1.338558937407321
PTGS2	LUMIRACOXIB	Approved	NSAID	0.446186312469107
PTGS2	SUPROFEN	Approved	NSAID	0.3346397343518303
PTGS2	NS-398	Not Approved	""	0.3718219270575892
PTGS2	NABUMETONE	Approved	Non-Steroidal,Anti-Inflammatory Agents	0.2230931562345535
PTGS2	URSOLIC ACID	Not Approved	""	0.07436438541151785
PTGS2	IBUPROFEN LYSINE	Approved	""	0.2230931562345535
PTGS2	ACECLOFENAC	Approved	""	0.1487287708230357
PTGS2	IBUFENAC	Approved	""	0.1487287708230357
PTGS2	BALSALAZIDE	Approved	antiinflammatory agent	0.1115465781172767
PTGS2	DIFLUNISAL	Approved	antidiabetic	0.3569490499752856
PTGS2	BALSALAZIDE DISODIUM	Approved	""	0.1115465781172767
PTGS2	VACCINE	Not Approved	""	0.0811247840852922
PTGS2	KETOROLAC TROMETHAMINE	Approved	antimigraine agent,NSAID	0.1673198671759151
PTGS2	BENZYDAMINE HYDROCHLORIDE	Approved	""	0.2230931562345535
PTGS2	TIAPROFENIC ACID	Not Approved	NSAID	0.6692794687036606
PTGS2	RALOXIFENE HYDROCHLORIDE	Approved	Hormone Replacement Agents	0.01784745249876428
PTGS2	NAPROXCINOD	Not Approved	NSAID	0.1487287708230357
PTGS2	IGURATIMOD	Not Approved	""	0.06374090178130101
PTGS2	ETODOLAC	Approved	for treatment of cancer cachexia,NSAID	0.6692794687036606
PTGS2	DICLOFENAC ETALHYALURONATE SODIUM	Not Approved	""	0.2230931562345535
PTGS2	ROFECOXIB	Approved	NSAID	0.2974575416460714
PTGS2	OXAPROZIN POTASSIUM	Approved	""	0.2230931562345535
PTGS2	LORNOXICAM	Approved	""	0.08923726249382141
PTGS2	IMRECOXIB	Not Approved	""	0.446186312469107
PTGS2	SULINDAC SULFIDE	Not Approved	""	0.2230931562345535
PTGS2	CIMICOXIB	Not Approved	NSAID	1.338558937407321
PTGS2	TOLMETIN	Approved	NSAID	0.446186312469107
PTGS2	LICOFELONE	Not Approved	antiinflammatory agent	0.2230931562345535
PTGS2	FLURBIPROFEN SODIUM	Approved	""	0.2230931562345535
PTGS2	MELOXICAM	Approved	NSAID	0.3346397343518303
PTGS2	SALSALATE	Approved	Non-Steroidal,Anti-Inflammatory Agents	0.446186312469107
PTGS2	INDOMETHACIN	Approved	NSAID	0.100391920305549
PTGS2	DICLOFENAC EPOLAMINE	Approved	""	0.2230931562345535
PTGS2	RESERPINE	Approved	Antihypertensive Agents; Antipsychotic Agents	0.03432202403608516
PTGS2	AMINOSALICYLIC ACID	Approved	""	0.2230931562345535
PTGS2	TOLMETIN SODIUM	Approved	""	0.1487287708230357
PTGS2	ROBENACOXIB	Approved	""	0.446186312469107
PTGS2	NIFLUMIC ACID	Not Approved	NSAID	0.06864404807217032
PTGS2	APRICOXIB	Not Approved	antineoplastic agent	0.8923726249382141
PTGS2	APAZONE	Approved	""	0.1487287708230357
PTGS2	FENCLOFENAC	Approved	""	0.2230931562345535
PTGS2	BISMUTH SUBSALICYLATE	Approved	""	0.1115465781172767
PTGS2	TIGEMOCOXIB	Not Approved	""	0.2230931562345535
PTGS2	CURCUMIN	Approved	""	0.02028119602132305
PTGS2	THALIDOMIDE	Approved	antineoplastic agent	0.01205908952619208
PTGS2	VEDAPROFEN	Not Approved	""	0.446186312469107
PTGS2	NITRIC OXIDE-RELEASING ACETYLSALICYLIC ACID DERIVATIVE	Not Approved	antithrombotic	0.1487287708230357
PTGS2	OXAPROZIN	Approved	NSAID	0.2230931562345535
PTGS2	KETOPROFEN	Approved	NSAID	0.254963607125204
PTGS2	(R)-IBUPROPHEN	Not Approved	""	0.8923726249382141
PTGS2	RWJ-67657	Not Approved	""	0.1487287708230357
PTGS2	POLMACOXIB	Not Approved	NSAID	0.446186312469107
PTGS2	INDOPROFEN	Approved	""	0.03718219270575892
PTGS2	NEPAFENAC	Approved	NSAID	0.446186312469107
PTGS2	PIROXICAM-BETA-CYCLODEXTRIN	Approved	NSAID,antiinflammatory agent	0.06864404807217032
PTGS2	GW-406381	Not Approved	""	0.446186312469107
PTGS2	FENBUFEN	Not Approved	""	0.446186312469107
PTGS2	GLAFENINE	Approved	""	0.06374090178130101
PTGS2	ENFLICOXIB	Not Approved	""	0.446186312469107
PTGS2	NAPROXEN ETEMESIL	Not Approved	NSAID	0.446186312469107
PTGS2	DICLOFENAC POTASSIUM	Approved	""	0.2230931562345535
PTGS2	DIPYRONE	Approved	""	0.08923726249382141
PTGS2	OMEGA-3 FATTY ACIDS	Approved	""	0.8923726249382141
PTGS2	CURCUMIN PYRAZOLE	Not Approved	""	0.2230931562345535
PTGS2	ISOXICAM	Approved	""	0.2230931562345535
PTGS2	OLSALAZINE SODIUM	Approved	""	0.1115465781172767
PTGS2	FLUFENAMIC ACID	Not Approved	""	0.0117417450649765
PTGS2	BENZYDAMINE	Approved	""	0.1115465781172767
PTGS2	MAVACOXIB	Not Approved	""	0.2230931562345535
PTGS2	VB-201	Not Approved	antipsoriatic agent	0.1115465781172767
PTGS2	MECLOFENAMATE	Approved	NSAID	0.127481803562602
PTGS2	NIMESULIDE	Not Approved	""	0.06374090178130101
PTGS2	OXALIPLATIN	Approved	""	0.023483490129953
PTGS2	OXYPHENBUTAZONE	Approved	""	0.03432202403608516
PTGS2	HYDROXYCHLOROQUINE	Approved	antirheumatic agent	0.0495762569410119
PTGS2	SULINDAC	Approved	NSAID	0.063740901781301
PTGS2	E163	Not Approved	""	0.446186312469107
PTGS2	ACEMETACIN	Approved	""	0.2230931562345535
PTGS2	CYCLOSPORINE	Approved	immunosuppressant,opthalmological agent	0.01025715660848522
PTGS2	TEPOXALIN	Not Approved	""	0.1115465781172767
PTGS2	PHENYLBUTAZONE	Approved	NSAID	0.127481803562602
PTGS2	CELECOXIB	Approved	NSAID	0.0266379888041258
PTGS2	NAPROXEN SODIUM	Approved	NSAID,antimigraine agent	0.1574775220479201
PTGS2	CHEMBL:CHEMBL2171117	Not Approved	""	0.8923726249382141
PTGS2	FIROCOXIB	Not Approved	""	0.446186312469107
PTGS2	ACETAMINOPHEN	Approved	analgesic	0.02574151802706387
PTGS2	DEXIBUPROFEN	Approved	""	0.3346397343518303
PTGS2	CLOMETACIN	Approved	""	0.2230931562345535
PTGS2	LOXOPROFEN	Approved	""	0.2230931562345535
PTGS2	DERSALAZINE	Not Approved	for treatment of ulcerative colitis,antiinflammatory agent	0.1115465781172767
PTGS2	PARECOXIB SODIUM	Approved	""	0.446186312469107
PTGS2	MESALAMINE	Approved	for treatment of ulcerative proctitis,for treatment of ulcerative colitis,antiinflammatory agent	0.06084358806396915
PTGS2	FENOPROFEN	Approved	NSAID	0.1784745249876428
PTGS2	VALDECOXIB	Approved	""	0.8923726249382141
PTGS2	PARECOXIB	Approved	NSAID,antiinflammatory agent	0.446186312469107
PTGS2	FENOPROFEN CALCIUM	Approved	""	0.2230931562345535
PTGS2	BROMFENAC SODIUM	Approved	""	0.2230931562345535
PTGS2	ASPIRIN	Approved	NSAID	0.02005331741434189
PPARG	METHOXYCHLOR	Not Approved	""	0.08352607769421684
PPARG	CHEMBL:CHEMBL2208197	Not Approved	""	0.8352607769421685
PPARG	PROPYLPYRAZOLETRIOL	Not Approved	""	0.03480253237259035
PPARG	LANIFIBRANOR	Not Approved	""	0.0696050647451807
PPARG	PROPYLPARABEN	Approved	""	0.08352607769421684
PPARG	ABIETIC ACID	Not Approved	""	0.2784202589807228
PPARG	KEPONE	Not Approved	""	0.03480253237259035
PPARG	SPIRONOLACTONE	Approved	antihypertensive agent	0.02610189927944276
PPARG	FLUOXASTROBIN	Not Approved	""	0.104407597117771
PPARG	ROSIGLITAZONE MALEATE	Approved	""	0.1392101294903614
PPARG	CHEMBL:CHEMBL2178583	Not Approved	""	0.8352607769421685
PPARG	NAVEGLITAZAR	Not Approved	antidiabetic	0.4176303884710842
PPARG	CELECOXIB	Approved	NSAID	0.01246657876033087
PPARG	SHINPTEROCARPIN	Not Approved	""	0.8352607769421685
PPARG	PSAMMAPLIN A	Not Approved	""	0.06425082899555143
PPARG	TECNAZENE	Not Approved	""	0.4176303884710842
PPARG	MYCOPHENOLATE	Approved	immunosuppressant	0.03796639895191675
PPARG	CHEMBL:CHEMBL1833984	Not Approved	""	0.8352607769421685
PPARG	IMIGLITAZAR	Not Approved	""	0.1392101294903614
PPARG	ROSIGLITAZONE	Approved	for treatment of Alzheimer's disease,antidiabetic	0.2847479921393756
PPARG	CLX-0921	Not Approved	antidiabetic	0.8352607769421685
PPARG	AVE0847	Not Approved	""	0.2088151942355421
PPARG	CHLORFENAPYR	Not Approved	""	0.104407597117771
PPARG	PIOGLITAZONE HYDROCHLORIDE	Approved	antidiabetic	0.1965319475158043
PPARG	PROCHLORAZ	Not Approved	""	0.1392101294903614
PPARG	MESALAMINE	Approved	for treatment of ulcerative proctitis,for treatment of ulcerative colitis,antiinflammatory agent	0.03796639895191675
PPARG	BEZAFIBRATE	Approved	antidiabetic	0.104407597117771
PPARG	CHEMBL:CHEMBL312032	Not Approved	""	0.03796639895191675
PPARG	ISOSILYBIN A	Not Approved	""	0.2784202589807228
PPARG	AMORFRUTIN A	Not Approved	""	0.2088151942355421
PPARG	NALED	Not Approved	""	0.104407597117771
PPARG	TROGLITAZONE	Approved	""	0.09637624349332714
PPARG	PROSTAGLANDIN D2	Not Approved	""	0.2784202589807228
PPARG	INT131	Not Approved	""	0.4176303884710842
PPARG	EFATUTAZONE HYDROCHLORIDE	Not Approved	""	0.4176303884710842
PPARG	FLUORODIFEN	Not Approved	""	0.1392101294903614
PPARG	FLUDIOXONIL	Not Approved	""	0.1392101294903614
PPARG	ESTRADIOL VALERATE	Approved	for treatment of menopausal symptoms,contraceptive,treatment for menopause,hormone replacement	0.008885752946193282
PPARG	CHEMBL:CHEMBL166112	Not Approved	""	0.2088151942355421
PPARG	BENSULIDE	Not Approved	""	0.2088151942355421
PPARG	ECHINATIN	Not Approved	""	0.8352607769421685
PPARG	OMS405	Not Approved	""	0.4176303884710842
PPARG	BENZBROMARONE	Approved	""	0.02610189927944276
PPARG	CHEMBL:CHEMBL2057864	Not Approved	""	0.8352607769421685
PPARG	DICLOFENAC SODIUM	Approved	for treatment of glaucoma,analgesic,NSAID	0.02456649343947554
PPARG	SEIMATOPOLIDE A	Not Approved	""	0.8352607769421685
PPARG	ENOXOLONE	Not Approved	""	0.08352607769421684
PPARG	GENTIAN VIOLET CATION	Approved	""	0.02198054676163601
PPARG	RALOXIFENE HYDROCHLORIDE	Approved	Hormone Replacement Agents	0.008352607769421684
PPARG	DIMETHENAMID	Not Approved	""	0.1392101294903614
PPARG	METHYLENE BLUE ANHYDROUS	Approved	""	0.01128730779651579
PPARG	CHEMBL:CHEMBL184450	Not Approved	""	0.02983074203364887
PPARG	SHINFLAVANONE	Not Approved	""	0.8352607769421685
PPARG	APIGENIN	Approved	""	0.01606270724888785
PPARG	SAROGLITAZAR	Not Approved	""	0.2088151942355421
PPARG	GLABRONE	Not Approved	""	0.8352607769421685
PPARG	SULFASALAZINE	Approved	DMARD,antiinflammatory agent	0.01740126618629517
PPARG	CHEMBL:CHEMBL1834951	Not Approved	""	0.8352607769421685
PPARG	MURAGLITAZAR	Not Approved	antidiabetic	0.1392101294903614
PPARG	MK-0767	Not Approved	""	0.2088151942355421
PPARG	AMG-131	Not Approved	antidiabetic	0.4176303884710842
PPARG	ALEGLITAZAR	Not Approved	cardiovascular agent	0.4176303884710842
PPARG	GW1929	Not Approved	""	0.09280675299357427
PPARG	CHEMBL:CHEMBL599165	Not Approved	""	0.8352607769421685
PPARG	PHENOTHIAZINE	Not Approved	""	0.02610189927944276
PPARG	OCHRATOXIN A	Not Approved	""	0.04640337649678713
PPARG	DB959	Not Approved	""	0.2088151942355421
PPARG	BALSALAZIDE DISODIUM	Approved	""	0.104407597117771
PPARG	ELATOSIDE D	Not Approved	""	0.8352607769421685
PPARG	ASPIRIN	Approved	NSAID	0.009384952549912005
PPARG	LEVOTHYROXINE	Approved	hormone replacement	0.02610189927944276
PPARG	PHENAMIPHOS	Not Approved	""	0.2088151942355421
PPARG	OLSALAZINE SODIUM	Approved	""	0.104407597117771
PPARG	GANCAONIN L	Not Approved	""	0.8352607769421685
PPARG	TREPROSTINIL	Approved	Antihypertensive Agents; Antithrombotic Agents	0.09280675299357427
PPARG	BARDOXOLONE METHYL	Not Approved	""	0.05220379855888553
PPARG	LERIGLITAZONE	Not Approved	""	0.4176303884710842
PPARG	MITOGLITAZONE	Not Approved	antidiabetic	0.1392101294903614
PPARG	METHOTREXATE	Approved	DMARD	0.003796639895191675
PPARG	TETRADECYLTHIOACETIC ACID	Not Approved	""	0.104407597117771
PPARG	GLABROL	Not Approved	""	0.4176303884710842
PPARG	MK-0533	Not Approved	""	0.4176303884710842
PPARG	EFATUTAZONE	Not Approved	""	0.4176303884710842
PPARG	GLYBURIDE	Approved	Hypoglycemic Agents,antidiabetic	0.02880209575662649
PPARG	KANZONOL X	Not Approved	""	0.8352607769421685
PPARG	SODELGLITAZAR	Not Approved	""	0.1392101294903614
PPARG	ALDICARB	Not Approved	""	0.1392101294903614
PPARG	CHEMBL:CHEMBL2178586	Not Approved	""	0.8352607769421685
PPARG	2-PHENYLPHENOL	Not Approved	""	0.08352607769421684
PPARG	METFORMIN	Approved	antidiabetic	0.0203722140717602
PPARG	LICOFLAVANONE A	Not Approved	""	0.8352607769421685
PPARG	CHEMBL:CHEMBL202243	Not Approved	""	0.8352607769421685
PPARG	CIGLITAZONE	Not Approved	""	0.238645936269191
PPARG	FARGLITAZAR	Not Approved	""	0.104407597117771
PPARG	ROTENONE	Not Approved	""	0.02983074203364887
PPARG	PATULIN	Not Approved	""	0.04640337649678713
PPARG	CHEMBL:CHEMBL2178596	Not Approved	""	0.8352607769421685
PPARG	GW501516	Not Approved	antidyslipidaemic agent	0.3132227913533131
PPARG	ATX08-001	Not Approved	""	0.4176303884710842
PPARG	NETOGLITAZONE	Not Approved	""	0.2088151942355421
PPARG	PHENOLPHTHALEIN	Approved	""	0.05220379855888553
PPARG	EFATUTAZONE DIHYDROCHLORIDE	Not Approved	antineoplastic agent	0.4176303884710842
PPARG	IPRODIONE	Not Approved	""	0.4176303884710842
PPARG	9,10-PHENANTHRENEQUINONE	Not Approved	""	0.01606270724888785
PPARG	HESPERETIN	Approved	""	0.09280675299357427
PPARG	BALAGLITAZONE	Not Approved	""	0.4176303884710842
PPARG	DICHLOROPHEN	Not Approved	""	0.02320168824839356
PPARG	RIVOGLITAZONE	Not Approved	""	0.4176303884710842
PPARG	INDEGLITAZAR	Not Approved	""	0.1392101294903614
PPARG	ETALOCIB	Not Approved	""	0.1392101294903614
PPARG	TESAGLITAZAR	Not Approved	""	0.2088151942355421
PPARG	METAGLIDASEN	Not Approved	antidiabetic	0.4176303884710842
PPARG	FENOFIBRIC ACID	Approved	""	0.3132227913533131
PPARG	BALSALAZIDE	Approved	antiinflammatory agent	0.104407597117771
PPARG	CHEMBL:CHEMBL2208195	Not Approved	""	0.8352607769421685
PPARG	CHEMBL:CHEMBL2208196	Not Approved	""	0.8352607769421685
PPARG	GW7647	Not Approved	""	0.02784202589807228
PPARG	JB991	Not Approved	dermatologic agent,antiinflammatory agent	0.4176303884710842
PPARG	TRIFLOXYSTROBIN	Not Approved	""	0.1392101294903614
PPARG	KANZONOL W	Not Approved	""	0.8352607769421685
PPARG	E319	Not Approved	""	0.03796639895191675
PPARG	ARHALOFENATE	Not Approved	""	0.2088151942355421
PPARG	CHIGLITAZAR	Not Approved	""	0.08352607769421684
PPARG	OLANZAPINE	Approved	for treatment of bipolar disorder,antidepressant,antipsychotic agent	0.010990273380818
PPARG	MBX-2044	Not Approved	antidiabetic	0.8352607769421685
IL18	MYCOPHENOLATE	Approved	immunosuppressant	0.2497789404731365
IL18	GSK-1070806	Not Approved	""	8.242705035613506
IL18	4-PHENYLENEDIAMINE	Not Approved	""	0.7850195272012863
IL18	THERAPEUTIC CORTICOSTEROID	Not Approved	""	0.130836587866881
IL18	COLCHICINE	Approved	for treatment of gout	0.1056757055847885
IL18	RECOMBINANT INTERFERON	Not Approved	""	0.140900940779718
IL18	ANHYDROUS TACROLIMUS	Approved	immunosuppressant	0.1962548818003215
IL18	PEGINTERFERON ALFA-2B	Approved	""	0.1717230215752813
IL18	IBOCTADEKIN	Not Approved	""	0.9158561150681672
IL18	TADEKINIG ALFA	Not Approved	""	2.747568345204501
IL18	CAMOTESKIMAB	Not Approved	""	5.495136690409003
IL18	THYROXINE	Not Approved	""	0.4579280575340836
IL18	ANTIVIRAL AGENT	Not Approved	""	0.6105707433787781
IL18	PEGINTERFERON ALFA-2A	Approved	Antineoplastic Agents; Immunomodulatory Agents,for treatment of hepatitis B and C	0.189487472083069
IL18	INTERFERON ALFA-2B	Approved	for treatment of hepatitis C,Antineoplastic Agents; Immunomodulatory Agents,for treatment of hepatitis B and C,for treatment of hepatitis	0.3925097636006431
IL18	SYNTHETIC HUMAN PAPILLOMAVIRUS 16 E6 PEPTIDE	Not Approved	""	5.495136690409003
IL18	CAMOTESKIMAB	Not Approved	""	2.747568345204501
IL18	RIBAVIRIN	Approved	""	0.1446088602739211
IL18	DEXTRAN SULFATE SODIUM	Not Approved	""	0.6868920863011254
CYP27A1	THERAPEUTIC HORMONE	Not Approved	""	0.2966124918118496
CYP27A1	COMPOUND 3 [PMID: 14640538]	Not Approved	""	1.631368704965172
CYP27A1	CHOLIC ACID	Approved	""	0.5437895683217243
CYP27A1	PHYTOSTEROLS	Approved	""	13.05094963972138
CYP27A1	COMPOUND 4 [PMID: 19954973]	Not Approved	""	3.262737409930345
CYP27A1	URSODIOL	Approved	for prevention of recurrence of colorectal polyps	0.8156843524825864
CYP27A1	CHOLESTYRAMINE RESIN	Approved	""	4.350316546573794
CYP27A1	RETINOIC ACID AGENT	Not Approved	""	0.4209983754748833
SLC22A12	VERINURAD	Not Approved	""	6.023515218332946
SLC22A12	ARHALOFENATE	Not Approved	""	2.007838406110982
SLC22A12	PRATOSARTAN	Not Approved	""	1.003919203055491
SLC22A12	IDARUBICIN	Approved	Antineoplastic Agents	0.1673198671759151
SLC22A12	DOTINURAD	Not Approved	""	2.007838406110982
SLC22A12	BENZBROMARONE	Approved	""	0.2509798007638728
SLC22A12	LOSARTAN POTASSIUM	Approved	Antihypertensive Agents	0.7301230567676299
SLC22A12	SHR-4640	Not Approved	""	4.015676812221964
SLC22A12	FLUDARABINE	Approved	antineoplastic agent	0.2362162830718802
SLC22A12	GEMTUZUMAB OZOGAMICIN	Approved	antineoplastic agent	0.8923726249382142
SLC22A12	CYTARABINE	Approved	antineoplastic agent	0.1003919203055491
SLC22A12	LESINURAD	Approved	""	2.677117874814642
SLC22A12	SULFINPYRAZONE	Approved	Uricosuric Agents	0.2868340580158546
SOCS3	PEGINTERFERON ALFA-2B	Approved	""	0.8156843524825864
SOCS3	PEGINTERFERON ALFA-2A	Approved	Antineoplastic Agents; Immunomodulatory Agents,for treatment of hepatitis B and C	0.900065492394578
SOCS3	RIBAVIRIN	Approved	""	0.6868920863011254
SOCS3	ANTISENSE OLIGONUCLEOTIDES	Not Approved	""	0.790966644831599
APC	VINORELBINE	Approved	antineoplastic agent	0.09126538209595374
APC	EFLORNITHINE	Not Approved	""	0.4745799868989593
APC	BINIMETINIB	Approved	antineoplastic agent,DMARD,antiinflammatory agent	0.1186449967247398
APC	SURAMIN	Not Approved	""	0.03122236755914206
APC	ENZALUTAMIDE	Approved	antineoplastic agent	0.1483062459059248
APC	TRAMETINIB DIMETHYL SULFOXIDE	Approved	antineoplastic agent	0.05048723264882547
APC	4-THIO-UTP	Not Approved	""	1.186449967247398
APC	ABIRATERONE ACETATE	Approved	antineoplastic agent	0.169492852463914
APC	DECITABINE	Approved	antineoplastic agent	0.1483062459059248
APC	PYRVINIUM	Not Approved	""	1.186449967247398
APC	MRS2698	Not Approved	""	1.186449967247398
APC	ADENOSINE TRIPHOSPHATE	Approved	""	0.06979117454396462
APC	5BRUTP	Not Approved	""	0.5932249836236992
APC	CELECOXIB	Approved	NSAID	0.05312462539913725
APC	NONSTEROIDAL ANTIINFLAMMATORY DRUG	Not Approved	""	0.1395823490879292
APC	URIDINE 5'-TRIPHOSPHATE	Not Approved	""	0.2966124918118496
APC	DIQUAFOSOL	Not Approved	opthalmological agent	0.3954833224157995
APC	DENUFOSOL	Not Approved	for treatment of cystic fibrosis,for treatment of perennial allergic rhinitis,for treatment of rhegmatogenous retinal detachment	0.3954833224157995
APC	VANTICTUMAB	Not Approved	""	0.3389857049278281
APC	PSB-416	Not Approved	""	1.186449967247398
APC	MRS2768	Not Approved	""	1.186449967247398
APC	ICG-001	Not Approved	""	2.372899934494797
APC	2-THIOUTP	Not Approved	""	1.186449967247398
APC	BASROPARIB	Not Approved	""	0.790966644831599
APC	AP4A	Not Approved	""	0.3954833224157995
APC	OSUGACESTAT	Not Approved	""	0.5932249836236992
APC	VANDETANIB	Approved	antineoplastic agent	0.04091206783611718
APC	REACTIVE BLUE-2	Not Approved	""	0.2966124918118496
APC	SULINDAC	Approved	NSAID	0.1129952349759427
APC	BUPARLISIB	Not Approved	""	0.09491599737979187
APC	PSB1114	Not Approved	""	1.186449967247398
APC	ERLOTINIB	Approved	antineoplastic agent	0.04237321311597852
APC	AR-C126313	Not Approved	""	1.186449967247398
APC	TETMYB DNA VACCINE	Not Approved	""	1.186449967247398
APC	DACTOLISIB	Not Approved	""	0.04943541530197493
APC	SIROLIMUS	Approved	for treatment of wet age-related macular degeneration,immunosuppressant	0.06136810175417578
APC	NICLOSAMIDE	Approved	""	0.08788518275906655
APC	LIOTHYRONINE	Approved	Hormone Replacement Agents	0.07190605862105445
APC	NIROGACESTAT	Approved	""	0.2542392786958711
APC	DASATINIB ANHYDROUS	Approved	antineoplastic agent	0.03122236755914206
APC	AR-C118925XX	Not Approved	""	1.186449967247398
APC	UTP&GAMMA;S	Not Approved	""	1.186449967247398
APC	HISTONE DEACETYLASE INHIBITOR	Not Approved	""	0.2636555482771996
APC	IBUPROFEN, SODIUM SALT	Approved	NSAID	0.06084358806396914
PTGER4	STREPTOZOCIN	Approved	""	0.1335135513014975
PTGER4	BUTAPROST	Not Approved	""	0.6141623359868885
PTGER4	DINOPROSTONE	Approved	Abortifacient Agents	0.7677029199836107
PTGER4	16,16-DIMETHYL-PGE2	Not Approved	""	1.023603893311481
PTGER4	DINOPROST	Not Approved	""	0.1919257299959026
PTGER4	ONO-AE1-437	Not Approved	""	3.070811679934443
PTGER4	IBUPROFEN, SODIUM SALT	Approved	NSAID	0.1574775220479201
PTGER4	BGC-20-1531	Not Approved	""	6.141623359868886
PTGER4	EP4 ANTAGONIST ONO-4578	Not Approved	""	3.070811679934443
PTGER4	BETAMETHASONE	Approved	glucocorticoid,antiinflammatory agent	0.6141623359868885
PTGER4	BGC201531	Not Approved	antimigraine agent	1.535405839967221
PTGER4	VORBIPIPRANT	Not Approved	""	3.070811679934443
PTGER4	GRAPIPRANT	Not Approved	""	1.535405839967221
PTGER4	PALUPIPRANT	Not Approved	""	3.070811679934443
PTGER4	RIVENPROST	Not Approved	""	3.070811679934443
PTGER4	ADALIMUMAB	Approved	DMARD,antiinflammatory agent	0.1861097987839056
PTGER4	CELECOXIB	Approved	NSAID	0.09166602029655053
BAP1	APITOLISIB	Not Approved	""	0.2509798007638728
BAP1	PANOBINOSTAT	Approved	antineoplastic agent	0.2039210881206466
BAP1	EVEROLIMUS	Approved	immunosuppressant	0.1919257299959026
BAP1	TRICHOSTATIN A	Not Approved	""	0.3262737409930346
BAP1	OLAPARIB	Approved	""	0.1418581482578411
BAP1	VALPROIC ACID	Approved	Anticonvulsants,for treatment of basal cell carcinoma,anticonvulsant	0.1144820143835209
BAP1	VORINOSTAT	Approved	antineoplastic agent	0.1165263360689409
BAP1	SUNITINIB	Approved	antineoplastic agent	0.135947392080431
FH	COMPOUND R-16 [PMID: 21967808]	Not Approved	""	2.088151942355421
FH	DIETHYLDITHIOCARBAMATE	Not Approved	""	2.983074203364888
FH	SBP-7455	Not Approved	""	5.220379855888553
FH	INLEXISERTIB	Not Approved	""	10.4407597117771
FH	SBI-0206965	Not Approved	""	10.4407597117771
SNCA	ABT702	Not Approved	""	0.3954833224157995
SNCA	GENTIAN VIOLET CATION	Approved	""	0.08325964682437884
SNCA	CHEMBL:CHEMBL599100	Not Approved	""	0.3163866579326396
SNCA	MYCOPHENOLATE	Approved	immunosuppressant	0.07190605862105445
SNCA	CHEMBL:CHEMBL505670	Not Approved	""	0.04519809399037709
SNCA	LICARIN A	Not Approved	""	1.581933289663198
SNCA	CINPANEMAB	Not Approved	""	1.581933289663198
SNCA	CALCDPWW	Not Approved	""	3.163866579326396
SNCA	ALTENUSIN	Not Approved	""	0.1581933289663198
SNCA	CONGO RED	Not Approved	""	0.1054622193108798
SNCA	CHEMBL:CHEMBL1521156	Not Approved	""	0.790966644831599
SNCA	PP2	Not Approved	""	0.05273110965543994
SNCA	DOXORUBICIN HYDROCHLORIDE	Approved	antineoplastic agent	0.01068873844367025
SNCA	LITHOCHOLIC ACID	Not Approved	""	0.1216871761279383
SNCA	CHEMBL:CHEMBL442906	Not Approved	""	1.581933289663198
SNCA	KETOCONAZOLE	Approved	""	0.07190605862105445
SNCA	2-CHLOROADENOSINE-5-TRIPHOSPHATE	Not Approved	""	0.2259904699518854
SNCA	GW305074X	Not Approved	""	0.3954833224157995
SNCA	CHEMBL:CHEMBL580727	Not Approved	""	0.1977416612078997
SNCA	CHEMBL:CHEMBL534353	Not Approved	""	0.5273110965543993
SNCA	CHEMBL:CHEMBL548540	Not Approved	""	0.5273110965543993
SNCA	CHEMBL:CHEMBL2094567	Not Approved	""	0.3163866579326396
SNCA	CHEMBL:CHEMBL450802	Not Approved	""	0.790966644831599
SNCA	CINPANEMAB	Not Approved	""	1.581933289663198
SNCA	6-AZAURIDINE	Not Approved	""	0.3163866579326396
SNCA	CHEMBL:CHEMBL1534035	Not Approved	""	1.581933289663198
SNCA	GARDENIN	Not Approved	""	0.790966644831599
SNCA	PARAROSANILINE	Not Approved	""	0.1438121172421089
SNCA	CHEMBL:CHEMBL1526167	Not Approved	""	0.1977416612078997
SNCA	PRASINEZUMAB	Not Approved	""	1.581933289663198
SNCA	PRASINEZUMAB	Not Approved	""	3.163866579326396
SNCA	CHEMBL:CHEMBL2094833	Not Approved	""	0.2636555482771996
SNCA	CAFFEIC ACID PHENETHYL ESTER	Not Approved	""	0.1129952349759427
KL	THERAPEUTIC CORTICOSTEROID	Not Approved	""	2.485895169470739
CD44	ODEVIXIBAT	Approved	""	0.4579280575340836
CD44	ELOBIXIBAT	Not Approved	""	1.37378417260225
CD44	[3H]TAUROCHOLIC ACID	Not Approved	""	1.37378417260225
CD44	DOCETAXEL ANHYDROUS	Approved	antineoplastic agent	0.03310323307475303
CD44	BIVATUZUMAB MERTANSINE	Not Approved	""	0.1717230215752813
CD44	GAMMA-INTERFERON	Not Approved	""	0.6105707433787781
CD44	GP-120 ANTIGEN	Not Approved	""	0.4227028223391541
CD44	MARALIXIBAT	Not Approved	""	0.9158561150681672
CD44	SC-435	Not Approved	""	2.747568345204501
CD44	MOMETASONE	Approved	glucocorticoid,antiinflammatory agent	0.6105707433787781
CD44	RECOMBINANT TUMOR NECROSIS FACTOR FAMILY PROTEIN	Not Approved	""	0.3663424460272669
CD44	264W94	Not Approved	""	1.37378417260225
CD44	PF-03475952	Not Approved	""	2.747568345204501
CD44	HYALURONIC ACID	Approved	antileukopenic agent	0.9158561150681672
CD44	ACETAMINOPHEN	Approved	analgesic	0.1056757055847885
CD44	MPA	Not Approved	""	0.5495136690409004
CD44	BIVATUZUMAB	Not Approved	""	2.747568345204501
CD44	GENTAMICIN	Approved	""	0.2389189865395219
CD44	CISPLATIN	Approved	""	0.01869094112384015
RB1	BAY 61-3606	Not Approved	""	0.07073685441583405
RB1	PALBOCICLIB	Approved	""	0.3980681807322426
RB1	TOPOTECAN HYDROCHLORIDE	Approved	antineoplastic agent	0.1208421262937165
RB1	REBEMADLIN	Not Approved	""	1.450105515524598
RB1	PICTILISIB	Not Approved	""	0.08788518275906655
RB1	VCN-01	Not Approved	""	2.900211031049196
RB1	LARGAZOLE	Not Approved	""	0.05000363846636545
RB1	RIBOCICLIB	Approved	antineoplastic agent	0.483368505174866
RB1	DALPICICLIB	Not Approved	""	2.900211031049196
RB1	FOSTAMATINIB	Approved	DMARD,antiinflammatory agent	1.450105515524598
RB1	FULVESTRANT	Approved	antineoplastic agent	0.1160084412419678
RB1	TRILACICLIB	Approved	""	0.4143158615784566
RB1	TRETINOIN	Approved	for treatment of acne	0.0318704508906505
RB1	PACLITAXEL	Approved	for treatment of peripheral arterial disease (PAD),DMARD,antiinflammatory agent,antineoplastic agent	0.02636555482771997
RB1	TRAMETINIB DIMETHYL SULFOXIDE	Approved	antineoplastic agent	0.06170661768189779
RB1	VEMURAFENIB	Approved	antineoplastic agent	0.07838408192024855
RB1	ENTINOSTAT	Not Approved	antineoplastic agent	0.2071579307892282
RB1	TALAZOPARIB	Approved	""	0.05178948269730708
RB1	OLAPARIB	Approved	""	0.03152403294618692
RB1	AURORA A KINASE INHIBITOR LY3295668 ERBUMINE	Not Approved	""	1.450105515524598
RB1	CISPLATIN	Approved	""	0.009864663370915634
RB1	TRICHOSTATIN A	Not Approved	""	0.2175158273286897
RB1	DECITABINE	Approved	antineoplastic agent	0.1208421262937165
RB1	LORLATINIB	Approved	""	0.2230931562345535
RB1	LY3295668	Not Approved	""	2.900211031049196
RB1	SIROLIMUS	Approved	for treatment of wet age-related macular degeneration,immunosuppressant	0.1000072769327309
RB1	ALPELISIB	Approved	""	0.04028070876457217
RB1	NIRAPARIB	Approved	antineoplastic agent	0.08530032444262342
RB1	LETROZOLE	Approved	antineoplastic agent	0.1611228350582886
RB1	BARASERTIB	Not Approved	""	0.2230931562345535
RB1	TAZEMETOSTAT	Approved	""	0.3625263788811495
RB1	JQ1	Not Approved	""	0.5800422062098393
RB1	SELICICLIB	Not Approved	antineoplastic agent	0.3866948041398929
RB1	R547	Not Approved	""	0.4143158615784566
RB1	ALISERTIB	Not Approved	antineoplastic agent	0.06042106314685826
RB1	VORINOSTAT	Approved	antineoplastic agent	0.07768422404596062
XDH	THERAPEUTIC GLUCOCORTICOID	Not Approved	""	0.07873876102396007
XDH	MERCAPTOPURINE	Approved	Antineoplastic Agents	0.05949150832921427
XDH	QUERCETIN	Approved	""	0.06777513607125676
XDH	DIDANOSINE	Approved	""	0.191222705343903
XDH	INSULIN, REGULAR, HUMAN	Approved	for treatment of diabetic foot ulcers,antidiabetic	0.05051165801537061
XDH	BENZODIAZEPINE	Not Approved	""	0.5354235749629285
XDH	DOXORUBICIN HYDROCHLORIDE	Approved	antineoplastic agent	0.01808863428928812
XDH	ROXITHROMYCIN	Not Approved	""	0.2974575416460713
XDH	FEBUXOSTAT	Approved	for treatment of gout	0.7207625047577884
XDH	IMMUNOTHERAPEUTIC AGENT	Not Approved	""	0.2677117874814642
XDH	FOSDENOPTERIN	Approved	""	0.6692794687036606
XDH	FENTANYL CITRATE	Approved	adjuvant to anesthesia,opioid,analgesic	0.08923726249382141
XDH	ALLOPURINOL	Approved	antiuricemic agent,for treatment of gout	0.3123304187283749
XDH	ALLOPURINOL SODIUM	Approved	""	1.338558937407321
XDH	VINCRISTINE	Approved	antineoplastic agent	0.0330508379606746
XDH	PAPAVERINE	Approved	Antispasmodics; Anti-impotence Agents; Vasodilator Agents	0.1487287708230356
XDH	RICIN	Not Approved	""	1.338558937407321
XDH	RECOMBINANT INTERFERON	Not Approved	""	0.06864404807217031
XDH	FOLIC ACID	Approved	""	0.1115465781172767
XDH	AZITHROMYCIN ANHYDROUS	Approved	""	0.191222705343903
XDH	CHEMOPREVENTIVE AGENT	Not Approved	""	0.2974575416460713
XDH	METHYLENE BLUE ANHYDROUS	Approved	""	0.0723545371571525
XDH	TIGULIXOSTAT	Not Approved	""	1.338558937407321
XDH	ERYTHROMYCIN	Approved	""	0.116396429339767
XDH	CARVEDILOL	Approved	cardiovascular agent,for treatment of congestive heart failure	0.1029660721082554
XDH	MISONIDAZOLE	Not Approved	""	0.8923726249382141
XDH	SIALYL TN ANTIGEN	Not Approved	""	2.677117874814642
XDH	CURCUMIN	Approved	""	0.02028119602132305
XDH	NITROFURANTOIN, MACROCRYSTALS	Approved	""	0.2059321442165109
XDH	HYPOXANTHINE	Not Approved	""	0.8923726249382141
XDH	MITOMYCIN	Approved	""	0.1115465781172767
XDH	THIOGUANINE	Approved	""	0.0811247840852922
XDH	DAUNORUBICIN LIPOSOMAL	Approved	antineoplastic agent	0.02941887774521584
XDH	OXYPURINOL	Approved	for treatment of gout,for treatment of heart failure	4.015676812221963
XDH	CHINESE HERBS	Not Approved	""	0.6692794687036606
XDH	TOPIROXOSTAT	Not Approved	""	2.677117874814642
XDH	BENDAZAC	Approved	""	1.338558937407321
XDH	OTERACIL POTASSIUM	Not Approved	""	2.677117874814642
XDH	CLARITHROMYCIN	Approved	""	0.1574775220479201
TH	TRIAMTERENE	Approved	Antihypertensive Agents; Diuretics	0.2762105743856377
TH	SAPROPTERIN	Approved	for treatment of phenolketonuria (PKU),PKU-treatment	1.491537101682443
TH	3-IODOBENZYLGUANIDINE	Approved	""	2.485895169470739
TH	PRASTERONE	Approved	hormone supplement for increasing bone mineral density in patients with systemic lupus erythematosus	0.2762105743856377
TH	DOXYCYCLINE ANHYDROUS	Approved	""	0.2161647973452817
TH	VITAMIN E	Approved	""	0.3107368961838424
TH	INDOMETHACIN	Approved	NSAID	0.1242947584735369
TH	PHENYLALANINE	Approved	""	0.6214737923676849
TH	TYROSINE	Approved	""	2.485895169470739
TH	OPIATE	Not Approved	""	0.8286317231569132
TH	PROSAVIN	Not Approved	""	0.8286317231569132
TH	SERTRALINE HYDROCHLORIDE	Approved	for treatment of obsessive compulsive disorder (OCD),antidepressant	0.2485895169470739
TH	METHADONE HYDROCHLORIDE	Approved	Opioid; Antitussive Agents,Analgesics	0.1462291276159258
TH	EPOETIN ALFA	Approved	for treatment of anemia,Antianemic Agents,for treatment of stroke,erythropoietic agent	0.1462291276159258
TH	STREPTOZOCIN	Approved	""	0.1080823986726408
TH	FLUTAMIDE	Approved	Hormonal,Antineoplastic Agents	0.2485895169470739
TH	SAPONIN	Not Approved	""	0.9943580677882958
TH	RECOMBINANT INTERFERON	Not Approved	""	0.127481803562602
TH	METYROSINE	Approved	Catecholamine synthesis inhibitors	0.9561135267195154
TH	ANTIESTROGEN	Not Approved	""	0.3314526892627653
TH	METHYLPHENIDATE HYDROCHLORIDE	Approved	for treatment of ADHD	0.1080823986726408
SMARCB1	FENRETINIDE	Approved	antineoplastic agent	0.3515407310362662
SMARCB1	TAZEMETOSTAT	Approved	""	4.152574885365895
SMARCB1	DZNEP	Not Approved	""	9.491599737979188
SMARCB1	BARASERTIB	Not Approved	""	0.7301230567676299
SMARCB1	ALISERTIB	Not Approved	antineoplastic agent	0.1977416612078997
SMARCB1	PANOBINOSTAT	Approved	antineoplastic agent	0.1483062459059248
SMARCB1	CFI-400945	Not Approved	""	4.745799868989594
SMARCB1	PALBOCICLIB	Approved	""	0.1861097987839056
SMARCB1	VORINOSTAT	Approved	antineoplastic agent	0.169492852463914
SMARCB1	ALVOCIDIB	Not Approved	antineoplastic agent	0.4519809399037708
SMARCB1	SELICICLIB	Not Approved	antineoplastic agent	0.6327733158652792
PAX8	KAMEBANIN	Not Approved	""	0.09887083060394987
PAX8	CHEMBL:CHEMBL585827	Not Approved	""	0.1977416612078997
PAX8	KINETIN RIBOSIDE	Not Approved	""	0.1977416612078997
PAX8	ANGUSTIBALIN	Not Approved	""	0.07190605862105445
PAX8	LEVOTHYROXINE	Approved	hormone replacement	0.04943541530197493
PAX8	LASALOCID A SODIUM	Not Approved	""	0.08788518275906655
PAX8	BREFELDIN A	Not Approved	""	0.1129952349759427
PAX8	CHEMBL:CHEMBL589238	Not Approved	""	0.3954833224157995
PAX8	CHEMBL:CHEMBL1342336	Not Approved	""	0.09887083060394987
PAX8	DEMECOLCINE	Not Approved	""	0.1318277741385998
PAX8	CHEMBL:CHEMBL171699	Not Approved	""	0.0790966644831599
PAX8	DOXORUBICIN HYDROCHLORIDE	Approved	antineoplastic agent	0.005344369221835128
PAX8	ETHYLISOPROPYLAMILORIDE	Not Approved	""	0.1581933289663198
PAX8	NANAOMYCIN	Not Approved	""	0.06084358806396916
PAX8	CHEMBL:CHEMBL536166	Not Approved	""	0.1318277741385998
PAX8	PIPERLONGUMINE	Not Approved	""	0.08788518275906655
PAX8	CHEMBL:CHEMBL461193	Not Approved	""	0.1318277741385998
PAX8	MITOXANTRONE HYDROCHLORIDE	Approved	""	0.02471770765098746
PAX8	VINBLASTINE SULFATE	Approved	""	0.03954833224157995
PAX8	CHEMBL:CHEMBL587849	Not Approved	""	0.0790966644831599
PAX8	TOPOTECAN HYDROCHLORIDE	Approved	antineoplastic agent	0.03295694353464996
PAX8	SB 216763	Not Approved	""	0.05273110965543994
PAX8	WIN55212-2	Not Approved	""	0.03766507832531423
PAX8	AURIN	Not Approved	""	0.07190605862105445
PAX8	N-ACETYLCOLCHINOL	Not Approved	""	0.2636555482771996
PAX8	CHEMBL:CHEMBL599924	Not Approved	""	0.04943541530197493
PAX8	CHEMBL:CHEMBL531268	Not Approved	""	0.1318277741385998
PAX8	CHEMBL:CHEMBL592600	Not Approved	""	0.1977416612078997
PAX8	DIGOXIN	Approved	Anti-Arrhythmia Agents; Cardiotonic Agents	0.0232637248479882
PAX8	ENPIROLINE	Not Approved	""	0.1581933289663198
PAX8	CHEMBL:CHEMBL535307	Not Approved	""	0.1581933289663198
PAX8	HEXACHLOROPHENE	Approved	""	0.01929186938613656
PAX8	CHEMBL:CHEMBL1351908	Not Approved	""	0.3954833224157995
PAX8	PINAFIDE	Not Approved	""	0.06591388706929992
PAX8	CHEMBL:CHEMBL591363	Not Approved	""	0.1977416612078997
PAX8	SORAFENIB	Approved	antineoplastic agent	0.006877970824622601
PAX8	CORONOPILIN	Not Approved	""	0.1977416612078997
PAX8	CHEMBL:CHEMBL1889303	Not Approved	""	0.1977416612078997
PAX8	DAUNORUBICIN HYDROCHLORIDE	Approved	""	0.02396868620701815
PAX8	COLCHICINE	Approved	for treatment of gout	0.01521089701599229
PAX8	CHLORHEXIDINE GLUCONATE	Approved	""	0.04162982341218942
PAX8	VORINOSTAT	Approved	antineoplastic agent	0.01412440437199284
PAX8	CHEMBL:CHEMBL493863	Not Approved	""	0.04943541530197493
PAX8	THIOGUANOSINE	Not Approved	""	0.1581933289663198
PAX8	CHEMBL:CHEMBL515505	Not Approved	""	0.034389854123113
PAX8	CHEMBL:CHEMBL578929	Not Approved	""	0.1977416612078997
PAX8	9-AMINOCAMPTOTHECIN	Not Approved	""	0.07190605862105445
PAX8	STROPHANTHIDIN	Not Approved	""	0.1318277741385998
PAX8	LANATOSIDE C	Approved	""	0.05273110965543994
PAX8	DIGITOXIGENIN	Not Approved	""	0.1977416612078997
PAX8	RESACTIN A	Not Approved	""	0.1977416612078997
PAX8	PODOFILOX	Approved	Phytogenic; Keratolytic Agents,Antineoplastic Agents	0.03295694353464996
PAX8	LYNGBYABELLIN A	Not Approved	""	0.3954833224157995
PAX8	IODOQUINOL	Approved	""	0.08788518275906655
PAX8	IMIDOCARB DIPROPIONATE	Approved	""	0.2636555482771996
PAX8	IRINOTECAN HYDROCHLORIDE HYDRATE	Not Approved	""	0.3954833224157995
PAX8	CHEMBL:CHEMBL590643	Not Approved	""	0.790966644831599
PAX8	TEGASEROD MALEATE	Approved	""	0.1318277741385998
PAX8	CHEMBL:CHEMBL1565444	Not Approved	""	0.1129952349759427
PAX8	DIGOXIGENIN	Not Approved	""	0.1977416612078997
PAX8	CHEMBL:CHEMBL580955	Not Approved	""	0.3954833224157995
PAX8	CHEMBL:CHEMBL1902074	Not Approved	""	0.1318277741385998
PAX8	BETA-NAPHTHOFLAVONE	Not Approved	""	0.2636555482771996
PAX8	THIOGUANINE	Approved	""	0.02396868620701815
PAX8	ANISOMYCIN	Not Approved	""	0.1581933289663198
PAX8	CHEMBL:CHEMBL580918	Not Approved	""	0.1977416612078997
POU5F1	PHENYTOIN SODIUM	Approved	Anticonvulsants	0.6214737923676849
POU5F1	CARBAMAZEPINE	Approved	for treatment of bipolar disorder	0.5326918220294442
POU5F1	DEHYDRATED ALCOHOL	Approved	""	0.3304037883473767
POU5F1	ALLOPURINOL	Approved	antiuricemic agent,for treatment of gout	0.8700633093147588
MYC	UBENIMEX	Not Approved	""	0.2130767288117777
MYC	DIETHYLSTILBESTROL	Approved	Hormone Replacement Agents	0.04519809399037708
MYC	METHYLPREDNISOLONE	Approved	Anti-Inflammatory Agents; Glucocorticoids	0.0828631723156913
MYC	PERILLYL ALCOHOL	Not Approved	""	0.4971790338941478
MYC	RONICICLIB	Not Approved	""	0.02663459110147221
MYC	OLAPARIB	Approved	""	0.01621235980089612
MYC	DINACICLIB	Not Approved	""	0.06214737923676848
MYC	BRYOSTATIN 1	Not Approved	antineoplastic agent	0.1065383644058888
MYC	TETRADECANOYLPHORBOL ACETATE	Not Approved	""	0.03242471960179225
MYC	LIF	Not Approved	""	0.1864421377103054
MYC	AMINOPTERIN	Not Approved	""	1.491537101682443
MYC	LOBAPLATIN	Not Approved	""	1.491537101682443
MYC	PREXASERTIB	Not Approved	""	0.1242947584735369
MYC	CISPLATIN	Approved	""	0.005073255447899468
MYC	AN-9	Not Approved	""	1.491537101682443
MYC	POLATUZUMAB VEDOTIN	Approved	""	0.0392509763600643
MYC	PREGNANT MARE SERUM GONADOTROPIN	Not Approved	""	0.1355942819711312
MYC	MELATONIN	Approved	Hypnotics and Sedatives	0.05143231385111874
MYC	PROTEASOME INHIBITOR	Not Approved	""	0.07457685508412218
MYC	VORINOSTAT	Approved	antineoplastic agent	0.02663459110147221
MYC	BROMOCRIPTINE	Approved	antidiabetic	0.04811410005427237
MYC	HYPOXANTHINE	Not Approved	""	0.4971790338941478
MYC	ESTRONE	Approved	Hormone Replacement Agents	0.2033914229566968
MYC	HISTONE DEACETYLASE INHIBITOR	Not Approved	""	0.1657263446313826
MYC	NOVOBIOCIN	Not Approved	""	0.2983074203364887
MYC	SULINDAC	Approved	NSAID	0.07102557627059256
MYC	RECOMBINANT INTERFERON	Not Approved	""	0.0382445410687806
MYC	AMG-900	Not Approved	""	0.09322106885515273
MYC	GLUTAMINE	Approved	""	0.1864421377103054
MYC	MILODISTIM	Not Approved	""	0.4971790338941478
MYC	BIZELESIN	Not Approved	""	1.491537101682443
MYC	TRAIL	Not Approved	""	0.09943580677882959
MYC	PROTOPORPHYRIN	Not Approved	""	0.05966148406729774
MYC	AFIMOXIFENE	Not Approved	""	0.1065383644058888
MYC	IBRUTINIB	Approved	antineoplastic agent	0.02193436914238887
MYC	RECOMBINANT INTERFERON ALFA	Not Approved	""	0.2485895169470739
MYC	VERAPAMIL	Approved	antihypertensive agent	0.03314526892627652
MYC	THYROTROPIN	Approved	""	0.4474611305047331
MYC	RECOMBINANT INTERLEUKIN-1	Not Approved	antineoplastic agent	0.0828631723156913
MYC	THROMBIN	Approved	topical tissue sealant,for treatment of hemophilia B,coagulant	0.06214737923676848
MYC	TEMOZOLOMIDE	Approved	""	0.03551278813529628
MYC	INDOMETHACIN	Approved	NSAID	0.03728842754206109
MYC	WARFARIN	Approved	Anticoagulants	0.04519809399037708
MYC	AMIFOSTINE ANHYDROUS	Approved	radiation-protective agent	0.2983074203364887
MYC	LITHIUM	Approved	""	0.03551278813529628
MYC	DRUGSATFDA.NDA:008378	Not Approved	""	0.1657263446313826
MYC	PD-98059	Not Approved	""	0.04031181355898496
MYC	COBALT CO-60	Not Approved	""	1.491537101682443
MYC	RECOMBINANT MACROPHAGE COLONY-STIMULATING FACTOR	Not Approved	""	1.491537101682443
MYC	ORNITHINE DECARBOXYLASE INHIBITOR	Not Approved	""	1.491537101682443
MYC	SOMATROPIN (RECOMBINANT DNA ORIGIN)	Approved	growth hormone replacement therapy,hormone replacement,for treatment of spinal muscular atrophy,For treatment of growth disorders	0.09943580677882959
MYC	PREDNISONE	Approved	corticosteroid,antiinflammatory agent	0.03314526892627652
MYC	ELSAMITRUCIN	Not Approved	""	0.7457685508412218
MYC	ACIVICIN	Not Approved	""	0.5593264131309164
MYC	AZACITIDINE	Approved	antineoplastic agent	0.03728842754206109
MYC	FOLIC ACID	Approved	""	0.06214737923676848
MYC	ANTIBIOTIC	Not Approved	""	0.08773747656955551
MYC	TROGLITAZONE	Approved	""	0.05736681160317091
MYC	IL-5	Not Approved	""	0.2983074203364887
MYC	PHOSPHORODIAMIDATE MORPHOLINO OLIGOMER AVI-4126	Not Approved	antineoplastic agent	0.7457685508412218
MYC	THIOGUANINE	Approved	""	0.04519809399037708
MYC	METHYLNITROSOUREA	Not Approved	""	0.1657263446313826
MYC	IMATINIB	Approved	antineoplastic agent	0.02071579307892282
MYC	MITOGUAZONE	Not Approved	""	1.491537101682443
MYC	ADOZELESIN	Not Approved	""	1.491537101682443
MYC	GANETESPIB	Not Approved	antineoplastic agent	0.09322106885515273
MYC	QUINAPRIL	Approved	antihypertensive agent	0.4971790338941478
MYC	ALISERTIB	Not Approved	antineoplastic agent	0.01553684480919212
MYC	IL-9	Not Approved	""	0.4971790338941478
MYC	CALCITRIOL	Approved	antineoplastic agent,antipsoriatic agent	0.1864421377103054
CCL2	EMAPTICAP PEGOL	Not Approved	for treatment of kidney disease	17.40126618629517
CCL2	RECOMBINANT MONOCYTE CHEMOATTRACTANT PROTEIN-1	Not Approved	""	1.087579136643448
CCL2	BINDARIT	Not Approved	""	4.350316546573794
CCL2	RISPERIDONE	Approved	Antipsychotic Agents,antipsychotic agent	0.3895805862603398
CCL2	CARLUMAB	Not Approved	""	17.40126618629517
CCL2	RS-504393	Not Approved	""	2.900211031049196
BARD1	PF‐06526290	Not Approved	""	2.610189927944276
BARD1	SAXITOXIN	Not Approved	""	1.305094963972138
BARD1	BC-III	Not Approved	""	0.8700633093147588
BARD1	TETRODOTOXIN	Not Approved	""	1.305094963972138
BARD1	ATX-II	Not Approved	""	0.8700633093147588
BARD1	AFT-II	Not Approved	""	0.8700633093147588
BARD1	OLAPARIB	Approved	""	0.1134865186062729
BARD1	VERATRIDINE	Not Approved	""	1.305094963972138
BARD1	GNE-616	Not Approved	""	0.745768550841222
BARD1	BATRACHOTOXIN	Not Approved	""	1.04407597117771
CD4	ANTI-THYMOCYTE GLOBULIN	Approved	Immunomodulatory Agents	0.2966124918118496
CD4	KELIXIMAB	Not Approved	""	3.262737409930345
CD4	ZANOLIMUMAB	Not Approved	DMARD,antiinflammatory agent	9.788212229791037
CD4	IBALIZUMAB	Approved	""	3.262737409930345
CD4	HERBIMYCIN	Not Approved	""	3.262737409930345
CD4	TREGALIZUMAB	Not Approved	DMARD,antiinflammatory agent	3.262737409930345
CD4	TREGALIZUMAB	Not Approved	""	3.262737409930345
CD4	PRILIXIMAB	Not Approved	""	3.262737409930345
CD4	CEDELIZUMAB	Not Approved	""	3.262737409930345
CD4	CLENOLIXIMAB	Not Approved	""	3.262737409930345
CD4	ANTISENSE OLIGONUCLEOTIDES	Not Approved	""	0.1977416612078997
CD4	VRC-01LS	Not Approved	""	3.262737409930345
CD4	TRX1	Not Approved	antiinflammatory agent	3.262737409930345
CD4	TRX-1	Not Approved	""	3.262737409930345
CD4	SEMZUVOLIMAB	Not Approved	""	3.262737409930345
CD4	ANTIVIRAL AGENT	Not Approved	""	0.725052757762299
DMP1	CU-CPT8M	Not Approved	""	7.457685508412219
DMP1	COMPOUND 12P [LARSON ET AL., 2017]	Not Approved	""	7.457685508412219
DMP1	MOTOLIMOD	Not Approved	antineoplastic agent	3.728842754206109
DMP1	SELGANTOLIMOD	Not Approved	""	3.728842754206109
DMP1	3M-002	Not Approved	""	3.728842754206109
DMP1	COMPOUND 15 [PMID: 35450354]	Not Approved	""	7.457685508412219
DMP1	RESIQUIMOD	Not Approved	""	1.864421377103054
PIK3R1	PF-04691502	Not Approved	""	0.2230931562345535
PIK3R1	GEDATOLISIB	Not Approved	""	0.1983050277640476
PIK3R1	SAMOTOLISIB	Not Approved	""	0.08923726249382141
PIK3R1	COPANLISIB	Approved	""	0.1825307641919074
PIK3R1	SF1126	Not Approved	antineoplastic agent	0.07436438541151784
PIK3R1	SONOLISIB	Not Approved	""	0.2230931562345535
PIK3R1	DACTOLISIB	Not Approved	""	0.1115465781172767
PIK3R1	PUQUITINIB MESYLATE DIHYDRATE	Not Approved	""	0.1216871761279382
PIK3R1	DS-7423	Not Approved	""	0.1784745249876428
PIK3R1	GSK-1059615	Not Approved	""	0.1673198671759151
PIK3R1	PAXALISIB	Not Approved	""	0.1216871761279382
PIK3R1	XL765	Not Approved	antineoplastic agent	0.1487287708230356
PIK3R1	SF-1126	Not Approved	""	0.1487287708230356
PIK3R1	PANULISIB	Not Approved	""	0.08365993358795758
PIK3R1	LENIOLISIB	Approved	""	0.3346397343518303
PIK3R1	VS-5584	Not Approved	""	0.1216871761279382
PIK3R1	APITOLISIB	Not Approved	""	0.1029660721082554
PIK3R1	WX-037	Not Approved	""	0.1673198671759151
PIK3R1	IZORLISIB	Not Approved	""	0.1487287708230356
PIK3R1	BUPARLISIB HYDROCHLORIDE	Not Approved	""	0.1338558937407321
PIK3R1	AZD-6482	Not Approved	""	0.1673198671759151
PIK3R1	EVEROLIMUS	Approved	immunosuppressant	0.07873876102396007
PIK3R1	OMIPALISIB	Not Approved	""	0.2007838406110981
PIK3R1	PICTILISIB	Not Approved	""	0.0811247840852922
PIK3R1	ZSTK-474	Not Approved	""	0.1673198671759151
PIK3R1	PI-103	Not Approved	""	0.07045047038985901
PIK3R1	TASELISIB	Not Approved	""	0.08923726249382141
PIK3R1	INFIGRATINIB	Approved	""	0.0495762569410119
PIK3R1	QUERCETIN	Approved	""	0.01694378401781419
PIK3R1	ALPELISIB	Approved	""	0.1115465781172767
PIK3R1	BGT-226	Not Approved	""	0.1216871761279382
PIK3R1	VOXTALISIB	Not Approved	""	0.1673198671759151
PIK3R1	PWT-33587	Not Approved	""	0.1487287708230356
PIK3R1	PF-04691502	Not Approved	""	0.07873876102396007
PIK3R1	BUPARLISIB	Not Approved	""	0.1070847149925856
PIK3R1	ZSTK474	Not Approved	""	0.1216871761279382
PIK3R1	GSK2636771	Not Approved	""	0.08365993358795758
PIK3R1	PILARALISIB	Not Approved	""	0.2362162830718802
PIK3R1	RECILISIB	Not Approved	""	0.1673198671759151
IDO1	CHEMBL:CHEMBL1224312	Not Approved	""	7.457685508412219
IDO1	LINRODOSTAT	Not Approved	""	7.457685508412219
IDO1	2-MERCAPTOBENZOTHIAZOLE	Not Approved	""	0.9322106885515273
IDO1	PHENYLHYDRAZINE	Not Approved	""	3.728842754206109
IDO1	PEGINTERFERON ALFA-2A	Approved	Antineoplastic Agents; Immunomodulatory Agents,for treatment of hepatitis B and C	0.2571615692555937
IDO1	TRYPTOPHAN	Approved	""	0.4661053442757636
IDO1	IDO-1 INHIBITOR LY3381916	Not Approved	""	3.728842754206109
IDO1	CHEMBL:CHEMBL1668301	Not Approved	""	7.457685508412219
IDO1	KHK2455	Not Approved	""	3.728842754206109
IDO1	CHEMBL:CHEMBL14145	Not Approved	""	7.457685508412219
IDO1	EPACADOSTAT	Not Approved	""	3.728842754206109
IDO1	INDOXIMOD PRODRUG NLG802	Not Approved	""	3.728842754206109
IDO1	PF-06840003	Not Approved	""	1.864421377103054
IDO1	CHEMBL:CHEMBL1933308	Not Approved	""	7.457685508412219
TGFB1	INTERFERON ALFA-2B	Approved	for treatment of hepatitis C,Antineoplastic Agents; Immunomodulatory Agents,for treatment of hepatitis B and C,for treatment of hepatitis	0.1264014492951223
TGFB1	PIOGLITAZONE HYDROCHLORIDE	Approved	antidiabetic	0.1040953111842184
TGFB1	SILYMARIN	Not Approved	""	0.5898734300439042
TGFB1	RITUXIMAB	Approved	antineoplastic agent	0.09831223834065071
TGFB1	VERAPAMIL	Approved	antihypertensive agent	0.01966244766813014
TGFB1	PROTEASOME INHIBITOR	Not Approved	""	0.08848101450658565
TGFB1	FRESOLIMUMAB	Not Approved	""	0.8848101450658564
TGFB1	ATENOLOL	Approved	Anti-Arrhythmia Agents; Antihypertensive Agents	0.04915611917032535
TGFB1	BINTRAFUSP ALFA	Not Approved	""	0.3539240580263426
TGFB1	NISEVOKITUG	Not Approved	""	0.8848101450658564
TGFB1	LUSPATERCEPT	Approved	""	0.2212025362664641
TGFB1	TRETINOIN	Approved	for treatment of acne	0.0194463768146342
TGFB1	HYDROCORTISONE BUTYRATE	Approved	""	0.04213381643170744
TGFB1	VITAMIN E	Approved	""	0.110601268133232
TGFB1	IRINOTECAN HYDROCHLORIDE	Approved	antineoplastic agent	0.02808921095447163
TGFB1	INOSITOL	Approved	for treatment of Alzheimer's disease	0.1179746860087808
TGFB1	NICOTINE POLACRILEX	Approved	Central Nervous System Stimulants	0.03847000630721115
TGFB1	FENRETINIDE	Approved	antineoplastic agent	0.06554149222710048
TGFB1	MELATONIN	Approved	Hypnotics and Sedatives	0.06102138931488665
TGFB1	ISOTRETINOIN	Approved	for treatment of acne	0.110601268133232
TGFB1	VACTOSERTIB	Not Approved	""	0.4424050725329282
TGFB1	TRIAMCINOLONE	Approved	for treatment of diabetic macular edema	0.0769400126144223
TGFB1	TAMOXIFEN	Approved	Hormonal,Antineoplastic Agents	0.02722492754048789
TGFB1	ADRIAMYCIN	Not Approved	""	0.09313791000693225
TGFB1	HEPARAN SULFATE	Not Approved	""	0.147468357510976
TGFB1	GOSSYPOL	Not Approved	""	0.03686708937774401
TGFB1	TCDD	Not Approved	""	0.0707848116052685
TGFB1	AMIFOSTINE ANHYDROUS	Approved	radiation-protective agent	0.3539240580263426
TGFB1	RAMIPRIL	Approved	Antihypertensive Agents	0.2949367150219521
TGFB1	ANTIOXIDANT	Not Approved	""	0.08426763286341489
TGFB1	SOTATERCEPT	Approved	antiosteoporotic agent,erythropoietic agent	0.2949367150219521
TGFB1	ASPIRIN	Approved	NSAID	0.01988337404642374
TGFB1	GALUNISERTIB	Not Approved	""	0.147468357510976
TGFB1	KEYHOLE LIMPET HEMOCYANIN	Not Approved	""	0.4424050725329282
TGFB1	PIRFENIDONE	Approved	for treatment of fibrotic conditions	0.3792043478853671
TGFB1	H2O2	Not Approved	""	0.06806231885121973
TGFB1	THERAPEUTIC ANDROGEN	Not Approved	""	0.1040953111842184
TGFB1	SANDOSTATIN	Not Approved	""	0.8848101450658564
TGFB1	BROXURIDINE	Not Approved	""	0.147468357510976
TGFB1	DISITERTIDE	Not Approved	""	1.769620290131712
TGFB1	ETOPOSIDE	Approved	Antineoplastic Agents	0.03051069465744332
TGFB1	GALLIUM NITRATE	Approved	""	0.2528028985902447
TGFB1	TOREMIFENE	Approved	SERM,antineoplastic agent	0.1361246377024394
TGFB1	FRESOLIMUMAB	Not Approved	""	0.2949367150219521
TGFB1	GENISTEIN	Approved	""	0.03051069465744332
TGFB1	TESTOSTERONE	Approved	for treatment of female sexual dysfunction,hormone replacement	0.04537487923414648
TGFB1	IDOXURIDINE	Approved	""	1.769620290131712
TGFB1	RETINOIC ACID AGENT	Not Approved	""	0.05708452548811977
TGFB1	EMODIN	Not Approved	""	0.06806231885121973
TGFB1	DOXORUBICIN HYDROCHLORIDE	Approved	antineoplastic agent	0.0119568938522413
TGFB1	LY-2382770	Not Approved	""	0.4424050725329282
TGFB1	METELIMUMAB	Not Approved	""	0.4424050725329282
TGFB1	ALPHA-TOCOPHEROL	Not Approved	""	0.1608745718301557
TGFB1	GLATIRAMER	Approved	""	0.2528028985902447
TGFB1	ANTISENSE OLIGONUCLEOTIDES	Not Approved	""	0.05362485727671857
TGFB1	STREPTOZOCIN	Approved	""	0.03847000630721115
TGFB1	ESTRADIOL VALERATE	Approved	for treatment of menopausal symptoms,contraceptive,treatment for menopause,hormone replacement	0.0376514955347173
TGFB1	BOVINE CARTILAGE	Not Approved	""	0.8848101450658564
TGFB1	CLADRIBINE	Approved	""	0.1179746860087808
HGD	TEPODITAMAB	Not Approved	""	26.10189927944276
NF2	CETUXIMAB	Approved	antineoplastic agent	0.1175761228803728
NF2	LAPATINIB	Approved	antineoplastic agent	0.4209983754748833
NF2	BEVACIZUMAB	Approved	antineoplastic agent	0.4350316546573794
NF2	SELUMETINIB	Approved	""	0.1318277741385998
NF2	AR-42	Not Approved	""	4.350316546573794
NF2	CARBOPLATIN	Approved	""	0.05058507612295109
NF2	TEMSIROLIMUS	Approved	antineoplastic agent	0.2900211031049196
NF2	IMATINIB	Approved	antineoplastic agent	0.1812631894405747
NF2	ERLOTINIB	Approved	antineoplastic agent	0.07768422404596062
NF2	OCTREOTIDE ACETATE	Approved	antihypertensive agent,antineoplastic agent	0.241684252587433
NF2	CISPLATIN	Approved	""	0.0295939901127469
NF2	EVEROLIMUS	Approved	immunosuppressant	0.3838514599918053
PSEN1	AVAGACESTAT	Not Approved	for treatment of alzheimer's disease	1.003919203055491
PSEN1	RG-4733	Not Approved	""	0.6692794687036606
PSEN1	TETRADECANOYLPHORBOL ACETATE	Not Approved	""	0.1745946440096506
PSEN1	NIROGACESTAT	Approved	""	0.2868340580158546
PSEN1	CHEMBL:CHEMBL247471	Not Approved	for treatment of alzheimer's disease	0.6692794687036606
PSEN1	CHEMBL:CHEMBL392068	Not Approved	""	2.007838406110982
PSEN1	SEMAGACESTAT	Not Approved	for treatment of Alzheimer's disease	1.505878804583236
PSEN1	BEGACESTAT	Not Approved	""	0.5019596015277455
PSEN1	TARENFLURBIL	Not Approved	""	0.6692794687036606
PSEN1	IC261	Not Approved	""	1.147336232063418
PSEN1	NOTCH SIGNALING PATHWAY INHIBITOR MK0752	Not Approved	""	0.4015676812221964
PSEN1	E2012	Not Approved	for treatment of Alzheimer's disease	2.007838406110982
PSEN1	GSI-136	Not Approved	for treatment of Alzheimer's disease	0.5736681160317092
SMAD4	GEMCITABINE	Approved	antineoplastic agent	0.1134865186062729
SMAD4	RECOMBINANT TRANSFORMING GROWTH FACTOR	Not Approved	""	0.9491599737979188
SMAD4	CETUXIMAB	Approved	antineoplastic agent	0.2821826949128947
SMAD4	LYSINE	Approved	""	5.220379855888553
SMAD4	FLUOROURACIL	Approved	""	0.0900065492394578
NR1I3	MECLIZINE	Approved	Antiemetics	0.5326918220294442
NR1I3	METHADONE HYDROCHLORIDE	Approved	Opioid; Antitussive Agents,Analgesics	0.2193436914238887
NR1I3	ETHINYL ESTRADIOL	Approved	contraceptive	0.3728842754206109
NR1I3	OXYMORPHONE	Approved	analgesic	0.6779714098556563
NR1I3	CHEMBL:CHEMBL458602	Not Approved	""	3.728842754206109
NR1I3	OXYCODONE	Approved	analgesic	0.5736681160317092
NR1I3	PHENOBARBITAL	Approved	Anticonvulsants; Hypnotics and Sedatives	0.1962548818003215
NR1I3	SUNITINIB	Approved	antineoplastic agent	0.2330526721378818
NR1I3	NEVIRAPINE	Approved	""	0.3389857049278281
NR1I3	DOCETAXEL ANHYDROUS	Approved	antineoplastic agent	0.1347774489472087
NR1I3	TRIPHENYL PHOSPHATE	Not Approved	""	3.728842754206109
NR1I3	PK 11195	Not Approved	""	3.728842754206109
NR1I3	CARBAMAZEPINE	Approved	for treatment of bipolar disorder	0.152197663436984
NR1I3	CLOTRIMAZOLE	Approved	""	0.2015590677949248
AFP	NICOTINE POLACRILEX	Approved	Central Nervous System Stimulants	0.08729732200482532
AFP	THERAPEUTIC CORTICOSTEROID	Not Approved	""	0.09561135267195152
AFP	ETOPOSIDE	Approved	Antineoplastic Agents	0.1038537106609128
AFP	MASOPROCOL	Approved	prostate cancer,antineoplastic agent	0.08543993217493541
AFP	FOLIC ACID	Approved	""	0.1673198671759151
AFP	PHOSPHATIDYLSERINE	Not Approved	""	2.007838406110982
AFP	METHOTREXATE	Approved	DMARD	0.03650615283838149
AFP	YTTRIUM Y 90 TACATUZUMAB TETRAXETAN	Not Approved	""	2.007838406110982
AFP	MIFEPRISTONE	Approved	antidepressant,antipsychotic,for lowering intraocular pressure,opthalmological agent	0.1434170290079273
AFP	ANALGESIC AGENT	Not Approved	""	0.4015676812221964
AFP	DOXORUBICIN HYDROCHLORIDE	Approved	antineoplastic agent	0.02713295143393219
AFP	EPOETIN ALFA	Approved	for treatment of anemia,Antianemic Agents,for treatment of stroke,erythropoietic agent	0.1181081415359401
AFP	POLYESTRADIOL PHOSPHATE	Approved	""	1.338558937407321
AFP	INDOMETHACIN	Approved	NSAID	0.1003919203055491
AFP	TEGAFUR-URACIL	Not Approved	""	1.338558937407321
AFP	BLEOMYCIN	Approved	antineoplastic agent	0.2509798007638728
AFP	DACTINOMYCIN	Approved	""	0.1147336232063418
AFP	AZACITIDINE	Approved	antineoplastic agent	0.1003919203055491
AFP	ASPIRIN	Approved	NSAID	0.04511996418226926
AFP	BACILLUS CALMETTE-GUERIN ANTIGEN	Not Approved	""	0.3346397343518303
AFP	POLYETHYLENE GLYCOL 4000	Approved	""	0.8031353624443928
AFP	RUTIN	Approved	""	0.4015676812221964
AFP	METHYLNITROSOUREA	Not Approved	""	0.4461863124691071
AFP	MM-093	Not Approved	""	2.007838406110982
AFP	VINCRISTINE	Approved	antineoplastic agent	0.0495762569410119
AFP	BROXURIDINE	Not Approved	""	0.3346397343518303
JUN	NEOCHAMAEJASMIN A	Not Approved	""	2.269730372125457
JUN	NAFRONYL OXALATE	Not Approved	""	0.2269730372125457
JUN	BRUCEANTIN	Approved	""	2.269730372125457
JUN	ATOMOXETINE HYDROCHLORIDE	Approved	for treatment of ADHD	0.1418581482578411
JUN	IRISOLIDONE	Not Approved	""	2.269730372125457
JUN	MECHLORETHAMINE HYDROCHLORIDE	Approved	""	0.1891441976771214
JUN	CINNARIZINE	Approved	Anti-Allergic Agents	0.206339124738678
JUN	(-)-CAMPHOR	Not Approved	""	1.134865186062728
JUN	QUINAPRIL HYDROCHLORIDE	Approved	""	0.3782883953542429
JUN	TRIFLUPROMAZINE HYDROCHLORIDE	Approved	""	0.1891441976771214
JUN	CHEMBL:CHEMBL477052	Not Approved	""	2.269730372125457
JUN	CRIDANIMOD	Not Approved	""	0.2837162965156822
JUN	TROPISETRON	Approved	""	0.0756576790708486
JUN	EFLORNITHINE	Approved	for treatment of unwanted facial hair in women	0.206339124738678
JUN	9-ANTHROIC ACID	Not Approved	""	0.2269730372125457
JUN	COLCHICINE	Approved	for treatment of gout	0.02182433050120632
JUN	METHIMAZOLE	Approved	Antithyroid Agents	0.05404119933632041
JUN	CARBOXYMETHYL-TRIMETHYL-ARSONIUM	Not Approved	""	1.134865186062728
JUN	PATULIN	Not Approved	""	0.2521922635694953
JUN	BENZO[B]FLUORANTHENE	Not Approved	""	0.1621235980089612
JUN	SERTRALINE HYDROCHLORIDE	Approved	for treatment of obsessive compulsive disorder (OCD),antidepressant	0.1134865186062728
JUN	GEMFIBROZIL	Approved	Antilipemic Agents	0.1745946440096506
JUN	SODIUM SELENITE	Approved	""	1.134865186062728
JUN	CIPROFIBRATE	Approved	""	0.5674325930313644
JUN	FENOFIBRATE MICRONIZED	Approved	anticholesterolaemic agent,antidyslipidaemic agent	0.0872973220048253
JUN	DIPHENHYDRAMINE HYDROCHLORIDE	Approved	""	0.2837162965156822
JUN	SANGIVAMYCIN	Not Approved	""	1.134865186062728
JUN	VINBLASTINE SULFATE	Approved	""	0.05674325930313644
JUN	ARSENIC TRIOXIDE	Approved	antineoplastic agent	0.04364866100241265
JUN	BENZENETHIOL	Not Approved	""	0.5674325930313644
JUN	CLOTRIMAZOLE	Approved	""	0.06134406411149885
JUN	RETINYLRETINOATE	Not Approved	""	1.134865186062728
JUN	2-MERCAPTOPYRIMIDINE	Not Approved	""	1.134865186062728
JUN	SERGEOLIDE	Not Approved	""	2.269730372125457
JUN	COPPER CHLORIDE	Approved	""	1.134865186062728
JUN	CLOFIBRATE	Approved	Anticholesteremic Agents	0.1418581482578411
JUN	CHEMBL:CHEMBL275260	Not Approved	""	0.2837162965156822
JUN	ISOLIQUIRITIGENIN	Not Approved	""	0.1891441976771214
JUN	HOLACANTHONE	Not Approved	""	2.269730372125457
JUN	AZELASTINE HYDROCHLORIDE	Approved	""	0.2837162965156822
JUN	LIPOIC ACID, ALPHA	Not Approved	""	0.0756576790708486
JUN	BUTINOLINE	Not Approved	""	1.134865186062728
JUN	VINORELBINE TARTRATE	Not Approved	""	0.5674325930313644
JUN	BUPROPION HYDROCHLORIDE	Approved	smoking-cessation agent,appetite suppressant,antidepressant	0.06675677565074875
JUN	ROTENONE	Not Approved	""	0.1621235980089612
JUN	AMINEPTIN	Approved	""	0.3782883953542429
S1PR1	CHEMBL:CHEMBL171699	Not Approved	""	0.1864421377103054
S1PR1	(S)-FTY720P	Not Approved	""	3.728842754206109
S1PR1	CHEMBL:CHEMBL1362503	Not Approved	""	0.169492852463914
S1PR1	SAR247799	Not Approved	""	0.9322106885515273
S1PR1	ASP-4058	Not Approved	""	0.9322106885515273
S1PR1	MOCRAVIMOD HYDROCHLORIDE	Not Approved	""	1.864421377103054
S1PR1	BMS-986104	Not Approved	""	1.864421377103054
S1PR1	PONESIMOD	Approved	for treatment of multiple sclerosis,antiinflammatory agent	1.118652826261832
S1PR1	ISOVELLERAL	Not Approved	""	0.1165263360689409
S1PR1	SIPONIMOD	Approved	""	0.6214737923676849
S1PR1	AMISELIMOD HYDROCHLORIDE	Not Approved	""	0.3728842754206109
S1PR1	GSK-2018682	Not Approved	""	0.6214737923676849
S1PR1	FINGOLIMOD LAURYL SULFATE	Approved	""	0.3728842754206109
S1PR1	FINGOLIMOD HYDROCHLORIDE	Approved	""	0.3728842754206109
S1PR1	CHEMBL:CHEMBL586135	Not Approved	""	0.2071579307892282
S1PR1	OZANIMOD HYDROCHLORIDE	Approved	""	1.864421377103054
S1PR1	CHEMBL:CHEMBL579318	Not Approved	""	0.1864421377103054
S1PR1	KRP203	Not Approved	""	1.864421377103054
S1PR1	AMISELIMOD	Not Approved	""	1.864421377103054
S1PR1	CENERIMOD	Not Approved	""	1.864421377103054
S1PR1	9,10-PHENANTHRENEQUINONE	Not Approved	""	0.07170851450396365
S1PR1	ETRASIMOD ARGININE	Approved	""	0.6214737923676849
S1PR1	ETRASIMOD	Approved	""	0.7457685508412218
S1PR1	SIPONIMOD FUMARIC ACID	Approved	""	1.864421377103054
S1PR1	OZANIMOD	Approved	for treatment of multiple sclerosis	0.6214737923676849
S1PR1	FINGOLIMOD	Approved	for treatment of multiple sclerosis	1.398316032827291
S1PR1	SONEPCIZUMAB	Not Approved	""	0.9322106885515273
S1PR1	PINAFIDE	Not Approved	""	0.1553684480919212
TFF2	APROTININ	Approved	""	2.175158273286897
TFF2	NAFAMOSTAT	Not Approved	""	0.790966644831599
TFF2	SIVELESTAT SODIUM	Not Approved	""	4.350316546573794
TFF2	THERAPEUTIC HORMONE	Not Approved	""	0.3954833224157995
TFF2	GABEXATE	Not Approved	""	4.350316546573794
TFF2	CAMOSTAT	Not Approved	""	2.900211031049196
IL13	DECTREKUMAB	Not Approved	for treatment of Chron's disease,antiinflammatory agent	4.350316546573794
IL13	TRALOKINUMAB	Approved	antiasthmatic agent	6.525474819860691
IL13	QAX-576	Not Approved	""	8.700633093147589
IL13	ROMILKIMAB	Not Approved	""	2.175158273286897
IL13	CENDAKIMAB	Not Approved	""	4.350316546573794
IL13	ADALIMUMAB	Approved	DMARD,antiinflammatory agent	0.2636555482771996
IL13	ROMILKIMAB	Not Approved	""	1.450105515524598
IL13	TNX-650	Not Approved	antineoplastic agent	8.700633093147589
IL13	USTEKINUMAB	Approved	Antipsoriatic Agents,DMARD,antiinflammatory agent	0.4350316546573794
IL13	LEBRIKIZUMAB	Approved	""	8.700633093147589
IL13	CNTO-5825	Not Approved	""	8.700633093147589
IL13	ANRUKINZUMAB	Not Approved	""	8.700633093147589
CD1D	KRN-7000	Not Approved	""	156.6113956766566
MMP2	MARIMASTAT	Not Approved	Antineoplastic Agents	0.3663424460272669
MMP2	RESVERATROL	Approved	antineoplastic agent,antidiabetic,for treatment of herpes simplex virus 1	0.05607282337152044
MMP2	HEPARAN SULFATE	Not Approved	""	0.2289640287670418
MMP2	LENOGRASTIM	Approved	""	0.2497789404731365
MMP2	TST10088	Not Approved	antineoplastic agent	0.6868920863011254
MMP2	DEFEROXAMINE	Approved	""	0.1616216673649707
MMP2	ACETAZOLAMIDE	Approved	Anticonvulsants; Diuretics; antiglaucomic agent	0.1962548818003215
MMP2	REBIMASTAT	Not Approved	""	0.6868920863011254
MMP2	MECHLORETHAMINE	Approved	""	0.2497789404731365
MMP2	RETINOIC ACID AGENT	Not Approved	""	0.0886312369420807
MMP2	PERFOSFAMIDE	Not Approved	""	0.4579280575340836
MMP2	SELECTIVE ESTROGEN RECEPTOR MODULATOR	Not Approved	""	0.3052853716893891
MMP2	PRAVASTATIN SODIUM	Approved	anticholesterolaemic agent,antihypecholesterolemic agent	0.1017617905631297
MMP2	CTS-1027	Not Approved	""	0.1962548818003215
MMP2	EPIGALLOCATECHIN GALLATE	Approved	""	0.08081083368248534
MMP2	ZOLEDRONIC ACID ANHYDROUS	Approved	antiosteoporotic agent	0.1831712230136334
MMP2	PRINOMASTAT	Not Approved	""	0.3925097636006431
MMP2	IMMUNOSUPPRESSANT	Not Approved	""	0.1526426858446945
MMP2	NEOVASTAT	Not Approved	""	0.2747568345204502
MMP2	ILOMASTAT	Not Approved	""	0.05495136690409003
MMP2	BEVACIZUMAB	Approved	antineoplastic agent	0.03434460431505627
MMP2	PAMIDRONATE	Approved	Bisphosphonates	0.2497789404731365
MMP2	VINBLASTINE	Approved	Antineoplastic Agents	0.08081083368248534
MMP2	RAMIPRIL	Approved	Antihypertensive Agents	0.4579280575340836
MMP2	ULINASTATIN	Not Approved	""	0.9158561150681672
MMP2	SIMVASTATIN	Approved	antidyslipidaemic agent,anticholesterolaemic agent,antihypertensive agent	0.05495136690409003
MMP2	PACLITAXEL	Approved	for treatment of peripheral arterial disease (PAD),DMARD,antiinflammatory agent,antineoplastic agent	0.02497789404731365
MMP2	SHARK CARTILAGE EXTRACT AE-941	Not Approved	antineoplastic agent	0.4579280575340836
MMP2	S-3304	Not Approved	""	0.6868920863011254
MMP2	INCYCLINIDE	Not Approved	antineoplastic agent	1.37378417260225
MMP2	ZILEUTON	Approved	antiinflammatory agent	0.3052853716893891
MMP2	STREPTOZOCIN	Approved	""	0.05972974663488047
MMP2	LETROZOLE	Approved	antineoplastic agent	0.1526426858446945
MMP2	ALDESLEUKIN	Approved	antineoplastic agent	0.09158561150681672
MMP2	CHLORHEXIDINE GLUCONATE	Approved	""	0.1446088602739211
MMP2	CYCLOSPORINE	Approved	immunosuppressant,opthalmological agent	0.03158124534717817
MMP2	OBOVATAL	Not Approved	""	2.747568345204501
MMP2	DEMETHYLWEDELOLACTONE	Not Approved	""	0.5495136690409004
CFTR	LUMACAFTOR	Approved	for treatment of cystic fibrosis	8.120590886937748
CFTR	ELEXACAFTOR	Approved	""	5.800422062098392
CFTR	GLYBURIDE	Approved	Hypoglycemic Agents,antidiabetic	0.04000291077309236
CFTR	IVACAFTOR	Approved	for treatment of cystic fibrosis	2.900211031049196
CFTR	TEZACAFTOR AND IVACAFTOR	Approved	""	1.160084412419678
CFTR	UCCF-029	Not Approved	""	0.5800422062098392
CFTR	BAMOCAFTOR	Not Approved	""	2.320168824839356
CFTR	ABBV-3221	Not Approved	""	1.160084412419678
CFTR	TEZACAFTOR	Approved	""	10.4407597117771
CFTR	UCCF-853	Not Approved	""	1.160084412419678
CFTR	GATX1	Not Approved	""	1.160084412419678
CFTR	CROFELEMER	Approved	antidiarrhoeal agent	1.546779216559571
CFTR	NAVOCAFTOR	Not Approved	""	1.160084412419678
CFTR	VITAMIN A	Approved	""	0.08593217869775395
CFTR	COMPOUND 16D [PMID: 36573286]	Not Approved	""	1.160084412419678
CFTR	IOWH-032	Not Approved	""	1.160084412419678
CFTR	ICENTICAFTOR	Not Approved	""	2.320168824839356
CFTR	APIGENIN	Not Approved	""	1.160084412419678
CFTR	GENISTEIN	Approved	""	0.08000582154618471
CFTR	CYSTEAMINE HYDROCHLORIDE	Approved	for treatment of corneal cystine accumulation	0.4640337649678713
CFTR	PHENYLGLYCINE-01	Not Approved	""	1.160084412419678
CFTR	ENTINOSTAT	Not Approved	antineoplastic agent	0.110484229754255
CFTR	IOWH-032	Not Approved	""	1.160084412419678
CFTR	GLPG-1837	Not Approved	""	1.160084412419678
CFTR	TRICHOSTATIN A	Not Approved	""	0.08593217869775395
CFTR	GLPG1837	Not Approved	""	1.160084412419678
CFTR	OLACAFTOR	Not Approved	""	1.160084412419678
CFTR	NAVOCAFTOR	Not Approved	""	1.160084412419678
CFTR	GALICAFTOR	Not Approved	""	1.160084412419678
CFTR	VORINOSTAT	Approved	antineoplastic agent	0.04143158615784566
CFTR	CBIQ	Not Approved	""	1.160084412419678
CFTR	CURCUMIN	Approved	""	0.03515407310362661
CFTR	GLYH-101	Not Approved	""	1.160084412419678
CFTR	CAPSAICIN	Approved	analgesic	0.06824025955409872
CFTR	SCRIPTAID	Not Approved	""	0.1933474020699464
CFTR	UCCF-339	Not Approved	""	1.160084412419678
CFTR	SULFONAMIDE-01	Not Approved	""	1.160084412419678
CFTR	FELODIPINE	Approved	antihypertensive agent	0.06824025955409872
CFTR	NS004	Not Approved	""	0.3866948041398928
CFTR	NIMODIPINE	Approved	Antihypertensive Agents; Vasodilator Agents	0.06105707433787781
CFTR	ROFLUMILAST	Approved	for treatment of chronic obstructive pulmonary disorder (COPD)	0.3866948041398928
CFTR	GLPG2737	Not Approved	""	1.160084412419678
CFTR	GALICAFTOR	Not Approved	""	1.160084412419678
CFTR	NPPB	Not Approved	""	0.2900211031049196
CFTR	CFTRINH-172	Not Approved	""	1.160084412419678
RUNX2	ANTISENSE OLIGONUCLEOTIDES	Not Approved	""	3.163866579326396
NAMPT	GMX1777	Not Approved	antineoplastic agent	20.88151942355421
NAMPT	TEGLARINAD CHLORIDE	Not Approved	""	10.4407597117771
NAMPT	CHS-828	Not Approved	""	10.4407597117771
NAMPT	DAPORINAD	Not Approved	""	20.88151942355421
NAMPT	NITRIC OXIDE	Approved	antiinflammatory agent	2.088151942355421
HSD11B1	INCB13739	Not Approved	antidiabetic	3.070811679934443
HSD11B1	ANHYDROUS TACROLIMUS	Approved	immunosuppressant	0.2193436914238888
HSD11B1	UE2343	Not Approved	""	1.023603893311481
HSD11B1	BMS-816336	Not Approved	""	3.070811679934443
HSD11B1	AZD8329	Not Approved	""	1.535405839967221
HSD11B1	AZD-4017	Not Approved	""	2.047207786622962
HSD11B1	CHEMBL:CHEMBL604538	Not Approved	""	6.141623359868886
HSD11B1	GLYCYRRHIZIC ACID	Approved	""	0.7677029199836107
HSD11B1	ABT-384	Not Approved	""	3.070811679934443
HSD11B1	URSOLIC ACID	Not Approved	""	0.5118019466557405
HSD11B1	MK-0736	Not Approved	""	3.070811679934443
HSD11B1	BMS-770767	Not Approved	""	3.070811679934443
HSD11B1	BI-187004	Not Approved	""	3.070811679934443
HSD11B1	TORMENTIC ACID METHYL ESTER	Not Approved	""	6.141623359868886
HSD11B1	CARBENOXOLONE	Approved	""	1.535405839967221
HSD11B1	FLAVANONE	Not Approved	""	0.3838514599918053
HSD11B1	BMS-823778	Not Approved	""	1.535405839967221
CBR1	FLUOROURACIL	Approved	""	0.1500109153990963
CBR1	DOXORUBICIN HYDROCHLORIDE	Approved	antineoplastic agent	0.293940307200932
CBR1	DAUNORUBICIN LIPOSOMAL	Approved	antineoplastic agent	0.3824454106878061
CBR1	CYCLOPHOSPHAMIDE ANHYDROUS	Approved	""	0.2148304467443849
CBR1	N6022	Not Approved	""	4.350316546573794
CBR1	WEDELOLACTONE	Not Approved	""	0.790966644831599
STAT5A	AZD-1480	Not Approved	""	17.40126618629517
STAT5A	TOFACITINIB	Approved	""	5.593264131309165
ABCG2	FOLIC ACID	Approved	""	0.06797369604021554
ABCG2	VORICONAZOLE	Approved	""	0.2718947841608621
ABCG2	AXITINIB	Approved	antineoplastic agent	0.0776842240459606
ABCG2	OSIMERTINIB	Approved	""	0.1165263360689409
ABCG2	FELODIPINE	Approved	antihypertensive agent	0.09596286499795134
ABCG2	TOPOTECAN HYDROCHLORIDE	Approved	antineoplastic agent	0.06797369604021554
ABCG2	TELMISARTAN	Approved	antihypertensive agent	0.1483062459059248
ABCG2	DELAVIRDINE	Not Approved	""	0.3262737409930346
ABCG2	SIROLIMUS	Approved	for treatment of wet age-related macular degeneration,immunosuppressant	0.02812704663733056
ABCG2	SILYMARIN	Not Approved	""	0.5437895683217243
ABCG2	CYCLOSPORINE	Approved	immunosuppressant,opthalmological agent	0.06562977548710465
ABCG2	ALVOCIDIB	Not Approved	antineoplastic agent	0.0776842240459606
ABCG2	ANHYDROUS TACROLIMUS	Approved	immunosuppressant	0.05826316803447046
ABCG2	CYCLOPHOSPHAMIDE ANHYDROUS	Approved	""	0.03021053157342912
ABCG2	TENOFOVIR	Approved	""	0.1165263360689409
ABCG2	ERLOTINIB HYDROCHLORIDE	Approved	""	0.5437895683217243
ABCG2	PACLITAXEL	Approved	for treatment of peripheral arterial disease (PAD),DMARD,antiinflammatory agent,antineoplastic agent	0.01483062459059248
ABCG2	HUMAN CHORIONIC GONADOTROPIN	Approved	""	0.08586151078764068
ABCG2	ERLOTINIB	Approved	antineoplastic agent	0.02913158401723523
ABCG2	EFAVIRENZ	Approved	""	0.1631368704965173
ABCG2	DOLUTEGRAVIR SODIUM	Approved	""	0.4078421762412932
ABCG2	IGURATIMOD	Not Approved	""	0.2330526721378818
ABCG2	SORAFENIB	Approved	antineoplastic agent	0.01418581482578411
ABCG2	KETOCONAZOLE	Approved	""	0.0741531229529624
ABCG2	ELACRIDAR	Not Approved	""	1.223526528723879
ABCG2	PRASTERONE	Approved	hormone supplement for increasing bone mineral density in patients with systemic lupus erythematosus	0.09063159472028738
ABCG2	RHODAMINE123	Not Approved	""	0.8156843524825864
ABCG2	PRAZOSIN	Approved	Antihypertensive Agents; antispasmodics	0.1087579136643448
ABCG2	PRAVASTATIN SODIUM	Approved	anticholesterolaemic agent,antihypecholesterolemic agent	0.06042106314685825
ABCG2	DOXORUBICIN HYDROCHLORIDE	Approved	antineoplastic agent	0.01653414228005242
ABCG2	SN-38	Not Approved	""	0.05826316803447046
ABCG2	IMATINIB	Approved	antineoplastic agent	0.03398684802010777
ABCG2	RISPERIDONE	Approved	Antipsychotic Agents,antipsychotic agent	0.02434878664127123
ABCG2	FLUVASTATIN	Approved	antihypecholesterolemic agent	0.2447053057447759
ABCG2	ZIDOVUDINE	Approved	""	0.06042106314685825
ABCG2	NILOTINIB	Approved	antineoplastic agent	0.1019605440603233
ABCG2	CHEMBL:CHEMBL428402	Not Approved	""	1.631368704965172
ABCG2	LOVASTATIN	Approved	anticholesterolaemic agent	0.02091498339698939
ABCG2	ITRACONAZOLE	Approved	""	0.1812631894405747
ABCG2	DIFLOMOTECAN	Not Approved	""	0.8156843524825864
ABCG2	DAUNORUBICIN LIPOSOMAL	Approved	antineoplastic agent	0.01792712862599091
ABCG2	NEVIRAPINE	Approved	""	0.0741531229529624
ABCG2	KO 143	Not Approved	""	3.262737409930345
ABCG2	CAPECITABINE	Approved	""	0.04798143249897567
ABCG2	RETUSIN	Not Approved	""	1.631368704965172
ABCG2	N-DESMETHYLTAMOXIFEN	Not Approved	""	1.631368704965172
ABCG2	SULFASALAZINE	Approved	DMARD,antiinflammatory agent	0.03398684802010777
ABCG2	COMPOUND 14 [PMID: 30925062]	Not Approved	""	0.2718947841608621
ABCG2	CHLORPROMAZINE	Approved	""	0.0440910460801398
ABCG2	ETRAVIRINE	Approved	""	0.3262737409930346
ABCG2	GENISTEIN	Approved	""	0.02812704663733056
ABCG2	LENVATINIB	Approved	antineoplastic agent	0.08586151078764068
ABCG2	DOCETAXEL ANHYDROUS	Approved	antineoplastic agent	0.02948256695720192
ABCG2	CHEMBL:CHEMBL444075	Not Approved	""	0.8156843524825864
ABCG2	CURCUMIN	Approved	""	0.02471770765098746
ABCG2	MITOXANTRONE	Approved	antineoplastic agent	0.0185382807382406
ABCG2	NITROFURANTOIN, MACROCRYSTALS	Approved	""	0.1254899003819364
ABCG2	LEVOFLOXACIN ANHYDROUS	Approved	""	0.2718947841608621
ABCG2	EPIRUBICIN	Approved	Antineoplastic Agents	0.04531579736014369
ABCG2	DASATINIB ANHYDROUS	Approved	antineoplastic agent	0.02146537769691017
ABCG2	LAMIVUDINE	Approved	""	0.03398684802010777
ABCG2	TARIQUIDAR	Not Approved	adjuvant to chemotherapy	0.8156843524825864
ABCG2	LEUCOVORIN CALCIUM	Approved	adjuvant to chemotherapy	0.09063159472028738
ABCG2	CLOZAPINE	Approved	Antipsychotic Agents	0.0168182340718059
CDKN1A	ARSENIC TRIOXIDE	Approved	antineoplastic agent	0.1295379616845794
CDKN1A	MITOGEN-ACTIVATED PROTEIN KINASE INHIBITOR	Not Approved	""	0.4811410005427238
CDKN1A	CLADRIBINE	Approved	""	0.2245324669199377
CDKN1A	NICOTINE POLACRILEX	Approved	Central Nervous System Stimulants	0.07321710877824059
CDKN1A	DIAZIQUONE	Not Approved	""	1.683993501899533
CDKN1A	IRINOTECAN HYDROCHLORIDE	Approved	antineoplastic agent	0.05346011117141375
CDKN1A	4-PHENYLBUTYRIC ACID	Approved	""	0.1683993501899533
CDKN1A	CASPASE INHIBITOR	Not Approved	""	1.122662334599689
CDKN1A	PTHRP	Not Approved	""	0.3742207781998963
CDKN1A	CYCLOSPORINE	Approved	immunosuppressant,opthalmological agent	0.03871249429654099
CDKN1A	DEXTRAN SULFATE SODIUM	Not Approved	""	0.4209983754748833
CDKN1A	FLUOROURACIL	Approved	""	0.04355155608360862
CDKN1A	MELPHALAN	Approved	""	0.1683993501899533
CDKN1A	FARNESYL TRANSFERASE INHIBITOR	Not Approved	""	1.683993501899533
CDKN1A	DICUMAROL	Approved	Anticoagulants	0.4209983754748833
CDKN1A	ACETAMINOPHEN	Approved	analgesic	0.06476898084228974
CDKN1A	CELECOXIB	Approved	NSAID	0.05026846274326965
CDKN1A	ROMIDEPSIN	Approved	antineoplastic agent	0.1202852501356809
CDKN1A	EPOETIN ALFA	Approved	for treatment of anemia,Antianemic Agents,for treatment of stroke,erythropoietic agent	0.09905844128820784
CDKN1A	RECOMBINANT HUMAN STEM CELL FACTOR	Not Approved	""	0.6735974007598133
CDKN1A	PACLITAXEL	Approved	for treatment of peripheral arterial disease (PAD),DMARD,antiinflammatory agent,antineoplastic agent	0.03061806367090061
CDKN1A	CARBOPLATIN	Approved	""	0.03916263957905892
CDKN1A	PENTETIC ACID	Approved	""	1.122662334599689
CDKN1A	FLUTAMIDE	Approved	Hormonal,Antineoplastic Agents	0.1683993501899533
CDKN1A	VINBLASTINE	Approved	Antineoplastic Agents	0.09905844128820784
CDKN1A	SODIUM SALICYLATE	Approved	""	0.8419967509497667
CDKN1A	IMMUNOSUPPRESSANT	Not Approved	""	0.1871103890999481
CDKN1A	NIMUSTINE	Not Approved	""	0.8419967509497667
CDKN1A	ANTIMETABOLITE	Not Approved	""	1.683993501899533
CDKN1A	TIPIFARNIB	Not Approved	antineoplastic agent	0.3742207781998963
CDKN1A	DEOXYCYTIDINE	Not Approved	""	0.8419967509497667
ACLY	BEMPEDOIC ACID	Approved	""	39.15284891916415
ACLY	BMS-303141	Not Approved	""	13.05094963972138
ACLY	GLUCAGON (RDNA)	Approved	Antihypoglycemic Agents	2.372899934494797
ACLY	NDI-091143	Not Approved	""	13.05094963972138
H19	THERAPEUTIC HORMONE	Not Approved	""	2.372899934494797
SLC2A4	PROTEASE INHIBITOR	Not Approved	""	0.08031353624443928
SLC2A4	CLOFIBRATE	Approved	Anticholesteremic Agents	0.1003919203055491
SLC2A4	ESTRADIOL 3-BENZOATE	Approved	""	0.1606270724888785
SLC2A4	GLUFOSFAMIDE	Not Approved	antineoplastic agent	0.1003919203055491
SLC2A4	CALCIUM CHANNEL BLOCKER	Not Approved	""	0.1784745249876428
SLC2A4	BUTHIONINE SULFOXIMINE	Not Approved	""	0.1606270724888785
SLC2A4	THEAFLAVIN	Not Approved	""	0.5354235749629285
SLC2A4	TROGLITAZONE	Approved	""	0.0617796432649533
SLC2A4	TCDD	Not Approved	""	0.06425082899555142
SLC2A4	STAUROSPORINE	Not Approved	""	0.05736681160317092
SLC2A4	GENISTEIN	Approved	""	0.02769432284291009
SLC2A4	HEPARIN	Approved	for treatment of cystic fibrosis,for treatment of pelvic pain of bladder origin and interstitital cystitis,antithrombotic,anticoagulant	0.05019596015277455
SLC2A4	GLYBURIDE	Approved	Hypoglycemic Agents,antidiabetic	0.05538864568582018
SLC2A4	EPINEPHRINE	Approved	anestethic	0.04015676812221964
SLC2A4	SOMATROPIN (RECOMBINANT DNA ORIGIN)	Approved	growth hormone replacement therapy,hormone replacement,for treatment of spinal muscular atrophy,For treatment of growth disorders	0.1070847149925857
SLC2A4	INSULIN, REGULAR, HUMAN	Approved	for treatment of diabetic foot ulcers,antidiabetic	1.454735750842673
SLC2A4	PRASTERONE	Approved	hormone supplement for increasing bone mineral density in patients with systemic lupus erythematosus	0.08923726249382141
SLC2A4	PD-98059	Not Approved	""	0.0434127222942915
SLC2A4	THERAPEUTIC GLUCOCORTICOID	Not Approved	""	0.04724325661437605
SLC2A4	NYSTATIN	Approved	""	0.5354235749629285
SLC2A4	RESVERATROL	Approved	antineoplastic agent,antidiabetic,for treatment of herpes simplex virus 1	0.03278103520181195
SLC2A4	LIOTHYRONINE	Approved	Hormone Replacement Agents	0.04867487045117531
SLC2A4	SORBITOL	Approved	""	0.5354235749629285
SLC2A4	IMATINIB	Approved	antineoplastic agent	0.02230931562345535
SLC2A4	SOYBEAN SEED OIL	Approved	""	0.3212541449777571
SLC2A4	FLUORODEOXYGLUCOSE F18	Approved	""	0.4015676812221964
SLC2A4	WORTMANNIN	Not Approved	""	0.1434170290079273
SLC2A4	RETINOIC ACID AGENT	Not Approved	""	0.05181518467383179
SLC2A4	INDOMETHACIN	Approved	NSAID	0.04015676812221964
SLC2A4	STREPTOZOCIN	Approved	""	0.06983785760386024
SLC2A4	BETA-ADRENERGIC ANTAGONIST	Not Approved	""	0.3212541449777571
SLC2A4	INDINAVIR	Not Approved	""	0.1606270724888785
SLC2A4	OMAPATRILAT	Not Approved	""	1.606270724888785
SLC2A4	DEXAMETHASONE	Approved	for treatment of Meniere's disease,glucocorticoid,antiinflammatory agent	0.01889730264575042
SLC2A4	UCN-01	Not Approved	""	0.08031353624443928
SLC2A4	HALOPERIDOL DECANOATE	Approved	Antipsychotic Agents	0.0211351411169577
SLC2A4	GREEN TEA LEAF EXTRACT	Approved	""	0.5354235749629285
SLC2A4	IRBESARTAN	Approved	antihypertensive agent	0.2007838406110982
SLC2A4	TNF-ALPHA	Not Approved	""	0.1338558937407321
SLC2A4	ADENOVIRUS VECTOR	Not Approved	""	0.1147336232063418
SLC2A4	ESTRADIOL VALERATE	Approved	for treatment of menopausal symptoms,contraceptive,treatment for menopause,hormone replacement	0.03417597286997416
SLC2A4	RECOMBINANT TUMOR NECROSIS FACTOR FAMILY PROTEIN	Not Approved	""	0.1070847149925857
SLC2A4	ETOPOSIDE	Approved	Antineoplastic Agents	0.02769432284291009
SLC2A4	HYDROGEN PEROXIDE	Approved	""	0.08031353624443928
SLC2A4	EPIGALLOCATECHIN GALLATE	Approved	""	0.0944865132287521
SLC2A4	PROTEIN SYNTHESIS INHIBITOR	Not Approved	""	0.1338558937407321
SLC2A4	ACE INHIBITOR	Not Approved	""	0.3442008696190255
SLC2A4	RECOMBINANT HEPATOCYTE GROWTH FACTOR	Not Approved	""	0.1606270724888785
SLC2A4	ALPHA-ADRENERGIC ANTAGONIST	Not Approved	""	0.5354235749629285
SLC2A4	MIRTAZAPINE	Approved	antidepressant	0.08031353624443928
SLC2A4	COLCHICINE	Approved	for treatment of gout	0.03088982163247665
SLC2A4	VERAPAMIL	Approved	antihypertensive agent	0.03569490499752856
SLC2A4	PHENTOLAMINE	Approved	Antihypertensive Agents,for treatment of erectile dysfunction	0.1070847149925857
SLC2A4	ISPAGHULA HUSK	Approved	""	0.5354235749629285
SLC2A4	THERAPEUTIC HORMONE	Not Approved	""	0.03650615283838149
SLC2A4	ACARBOSE	Approved	antidiabetic	0.2677117874814642
SLC2A4	ACETYLCYSTEINE	Approved	""	0.1070847149925857
SLC2A4	CURCUMIN	Approved	""	0.02433743522558765
SLC2A4	LIF	Not Approved	""	0.2007838406110982
SLC2A4	PROGESTERONE	Approved	for reducing the risk of pre-term birth for women with short cervix a mid-pregnancy,for prevention of preterm delivery,for symptomatic treatment of menopausal symptoms,neuroprotectant for stroke victims	0.02722492754048789
SLC2A4	URIDINE	Approved	""	0.2007838406110982
SLC2A4	GLIPIZIDE	Approved	Hypoglycemic Agents	0.2294672464126836
SLC2A4	FRAMYCETIN	Approved	""	0.2007838406110982
SLC2A4	PENICILLAMINE	Approved	""	0.2294672464126836
SLC2A4	DIPYRIDAMOLE	Approved	antithrombotic,anticoagulant	0.02868340580158546
NGF	MEDI-578	Not Approved	""	11.60084412419678
NGF	CERE-110	Not Approved	for treatment of alzheimer's disease	11.60084412419678
NGF	FASINUMAB	Not Approved	""	11.60084412419678
NGF	TANEZUMAB	Not Approved	analgesic	17.40126618629517
NGF	FRUNEVETMAB	Not Approved	""	5.800422062098392
NGF	FULRANUMAB	Not Approved	""	2.900211031049196
NGF	FASINUMAB	Not Approved	""	5.800422062098392
NGF	BEDINVETMAB	Not Approved	""	5.800422062098392
NGF	PG-110	Not Approved	""	5.800422062098392
GZMB	NSC 780521	Not Approved	""	2.610189927944276
GZMB	GKT136901	Not Approved	""	3.480253237259035
GZMB	COMPOUND 7C [PMID: 22041175]	Not Approved	""	2.610189927944276
GZMB	HEXACHLOROPHENE	Approved	""	0.5093053517940052
GZMB	SETANAXIB	Not Approved	""	2.610189927944276
CD274	SHR-1316	Not Approved	""	1.933474020699463
CD274	NIVOLUMAB	Approved	antineoplastic agent	0.2974575416460714
CD274	PACMILIMAB	Not Approved	""	3.866948041398927
CD274	DANBURSTOTUG	Not Approved	""	1.933474020699463
CD274	COSIBELIMAB	Not Approved	""	1.933474020699463
CD274	DURVALUMAB	Approved	""	0.9667370103497319
CD274	AVELUMAB	Approved	""	2.41684252587433
CD274	ANTI-PD-L1 MONOCLONAL ANTIBODY FAZ053	Not Approved	""	1.933474020699463
CD274	SUGEMALIMAB	Not Approved	""	1.933474020699463
CD274	IPILIMUMAB	Approved	antineoplastic agent	0.1288982680466309
CD274	TREMELIMUMAB	Approved	antineoplastic agent	0.2762105743856377
CD274	PEMBROLIZUMAB	Approved	""	0.2343604873575107
CD274	ATEZOLIZUMAB	Not Approved	""	1.933474020699463
CD274	ERFONRILIMAB	Not Approved	""	0.9667370103497319
CD274	PIDILIZUMAB	Not Approved	""	0.9667370103497319
CD274	LODAPOLIMAB	Not Approved	""	1.933474020699463
CD274	ANTI-PD-L1 MONOCLONAL ANTIBODY MDX-1105	Not Approved	""	1.933474020699463
CD274	SOCAZOLIMAB	Not Approved	""	1.933474020699463
CD274	ANTI-LAG-3/PD-L1 BISPECIFIC ANTIBODY FS118	Not Approved	""	0.9667370103497319
CD274	ENVAFOLIMAB	Not Approved	""	3.866948041398927
CD274	ATEZOLIZUMAB	Approved	""	1.074152233721924
CD274	CA-170	Not Approved	""	0.9667370103497319
CD274	BINTRAFUSP ALFA	Not Approved	""	0.7733896082797855
CD274	CEMIPLIMAB	Approved	""	0.2762105743856377
CD274	INCB-086550	Not Approved	""	1.933474020699463
CD274	BETIFISOLIMAB	Not Approved	""	1.933474020699463
CD274	PEMETREXED DISODIUM	Approved	Antineoplastic Agents,antineoplastic agent	0.07436438541151785
SHH	CAFFEINE	Approved	Central Nervous System Stimulants	0.7054567372822369
SHH	VISMODEGIB	Approved	""	6.525474819860691
SHH	ROBOTNIKININ	Not Approved	""	26.10189927944276
SHH	TRETINOIN	Approved	for treatment of acne	0.2868340580158545
IL5	METHYLPREDNISOLONE	Approved	Anti-Inflammatory Agents; Glucocorticoids	0.9667370103497321
IL5	ADENOVIRUS VECTOR	Not Approved	""	0.8286317231569132
IL5	BENRALIZUMAB	Approved	antiasthmatic agent	3.866948041398928
IL5	RESLIZUMAB	Approved	anti asthmatic,antiinflammatory agent	17.40126618629517
IL5	DEPEMOKIMAB	Not Approved	""	5.800422062098392
IL5	CYCLOPHOSPHAMIDE ANHYDROUS	Approved	""	0.1432202978295899
IL5	INTERLEUKIN-3	Not Approved	""	5.800422062098392
IL5	CYCLOSPORINE	Approved	immunosuppressant,opthalmological agent	0.1333430359103078
IL5	MEPOLIZUMAB	Approved	antiasthmatic agent,antiinflammatory agent	5.800422062098392
PNPLA3	PREDNISOLONE	Approved	corticosteroid,antiinflammatory agent	0.4661053442757637
PNPLA3	DOXORUBICIN HYDROCHLORIDE	Approved	antineoplastic agent	0.05878806144018641
PNPLA3	DEHYDRATED ALCOHOL	Approved	""	0.1101345961157922
PNPLA3	CYTARABINE	Approved	antineoplastic agent	0.1631368704965172
PNPLA3	THIOGUANINE	Approved	""	0.2636555482771996
PNPLA3	ASPARAGINASE	Approved	""	0.725052757762299
PNPLA3	PEGASPARGASE	Approved	""	0.5800422062098393
PNPLA3	METHOTREXATE	Approved	DMARD	0.0790966644831599
PNPLA3	MERCAPTOPURINE	Approved	Antineoplastic Agents	0.2900211031049196
PNPLA3	VINCRISTINE	Approved	antineoplastic agent	0.2148304467443849
PNPLA3	CYCLOPHOSPHAMIDE ANHYDROUS	Approved	""	0.2148304467443849
PNPLA3	DAUNORUBICIN LIPOSOMAL	Approved	antineoplastic agent	0.191222705343903
BCL2	OXALIPLATIN	Approved	""	0.05026039655861894
BCL2	POLATUZUMAB VEDOTIN	Approved	""	0.03350693103907929
BCL2	METHYLPREDNISOLONE	Approved	Anti-Inflammatory Agents; Glucocorticoids	0.106105281623751
BCL2	TESETAXEL	Not Approved	antineoplastic agent	0.3183158448712532
BCL2	MILATAXEL	Not Approved	antineoplastic agent	0.0374489229260298
BCL2	NAVITOCLAX	Not Approved	""	0.1989474030445333
BCL2	PACLITAXEL	Approved	for treatment of peripheral arterial disease (PAD),DMARD,antiinflammatory agent,antineoplastic agent	0.02315024326336387
BCL2	OBATOCLAX	Not Approved	antineoplastic agent	0.2387368836534399
BCL2	EPIDERMAL GROWTH FACTOR RECEPTOR TYROSINE KINASE INHIBITOR	Not Approved	""	0.1414737088316681
BCL2	RECOMBINANT TRANSFORMING GROWTH FACTOR-BETA 1	Not Approved	""	0.06063158949928633
BCL2	RECOMBINANT INTERFERON	Not Approved	""	0.06529555792230836
BCL2	DOLASTATIN 10	Not Approved	""	1.273263379485013
BCL2	OBLIMERSEN	Not Approved	antineoplastic agent	1.909895069227519
BCL2	FLOXURIDINE	Approved	antineoplastic agent	0.09094738424892951
BCL2	VENETOCLAX	Approved	""	0.1157512163168193
BCL2	ANTI-CD19 CAR T CELLS AT101	Not Approved	antineoplastic agent	0.4244211264950043
BCL2	HYPERBARIC OXYGEN	Not Approved	""	0.3819790138455038
BCL2	EPIRUBICIN	Approved	Antineoplastic Agents	0.03536842720791702
BCL2	PREGNANT MARE SERUM GONADOTROPIN	Not Approved	""	0.1157512163168193
BCL2	ETOPOSIDE	Approved	Antineoplastic Agents	0.03292922533150895
BCL2	BORTEZOMIB	Approved	antineoplastic agent	0.007489784585205959
BCL2	CARBOPLATIN	Approved	""	0.007402694066773332
BCL2	DITIOCARB	Not Approved	""	0.3183158448712532
BCL2	ANG1005	Not Approved	antineoplastic agent	0.0374489229260298
BCL2	ERYTHROMYCIN	Approved	""	0.05535927736891361
BCL2	AI-850	Not Approved	""	0.3183158448712532
BCL2	ORTATAXEL	Not Approved	antineoplastic agent	0.2122105632475021
BCL2	AMINOLEVULINIC ACID	Not Approved	""	1.273263379485013
BCL2	HEME	Not Approved	""	0.3183158448712532
BCL2	PROTUBOXEPIN A	Not Approved	""	0.6366316897425065
BCL2	RIBAVIRIN	Approved	""	0.08376732759769821
BCL2	ALPHA-TOCOPHEROL	Not Approved	""	0.1157512163168193
BCL2	PENTOXIFYLLINE	Approved	for treatment of amyotrophic lateral sclerosis (ALS)	0.0363789536995718
BCL2	HYDROQUINONE	Approved	""	0.0748978458520596
BCL2	C5A	Not Approved	""	0.181894768497859
BCL2	CILENGITIDE	Not Approved	antineoplastic agent	0.2546526758970026
BCL2	ORAL CONTRACEPTIVE	Not Approved	""	0.1157512163168193
BCL2	TENIPOSIDE	Approved	Antineoplastic Agents	0.1414737088316681
BCL2	DIETHYLSTILBESTROL	Approved	Hormone Replacement Agents	0.03858373877227312
BCL2	SAPONIN	Not Approved	""	0.2546526758970026
BCL2	SR9011	Not Approved	""	0.1273263379485013
BCL2	MASOPROCOL	Approved	prostate cancer,antineoplastic agent	0.02709071020180879
BCL2	CISPLATIN	Approved	""	0.01732331128551038
BCL2	BEAUVERICIN	Not Approved	""	1.273263379485013
BCL2	TRETINOIN	Approved	for treatment of acne	0.01399190526906607
BCL2	MUC-1 ANTIGEN	Not Approved	""	1.273263379485013
BCL2	HYPOXANTHINE	Not Approved	""	0.4244211264950043
BCL2	NONSTEROIDAL ANTIINFLAMMATORY DRUG	Not Approved	""	0.0748978458520596
BCL2	MICELLAR PACLITAXEL	Not Approved	""	1.273263379485013
BCL2	PROTEASE INHIBITOR	Not Approved	""	0.06366316897425064
BCL2	GAMMA-INTERFERON	Not Approved	""	0.1414737088316681
BCL2	SELENIUM	Approved	""	0.1123467687780893
BCL2	MITOXANTRONE	Approved	antineoplastic agent	0.02893780407920484
BCL2	APRINOCARSEN	Not Approved	""	0.9549475346137598
BCL2	APG-2575	Not Approved	""	0.3183158448712532
BCL2	ESTRAMUSTINE	Approved	""	0.1157512163168193
BCL2	DOCETAXEL ANHYDROUS	Approved	antineoplastic agent	0.007670261322198874
BCL2	MULTIDRUG RESISTANCE MODULATOR	Not Approved	""	0.6366316897425065
BCL2	PELCITOCLAX	Not Approved	""	0.3183158448712532
BCL2	ISOTRETINOIN	Approved	for treatment of acne	0.1193684418267199
BCL2	LYSOZYME	Not Approved	""	0.4244211264950043
BCL2	EDARAVONE	Approved	""	0.1273263379485013
BCL2	SR8278	Not Approved	""	0.6366316897425065
BCL2	FOSBRETABULIN DISODIUM	Not Approved	""	0.0748978458520596
BCL2	GSK4112	Not Approved	""	0.2122105632475021
BCL2	VALPROIC ACID	Approved	Anticonvulsants,for treatment of basal cell carcinoma,anticonvulsant	0.02233795402605286
BCL2	TRAIL	Not Approved	""	0.1273263379485013
BCL2	VINCRISTINE	Approved	antineoplastic agent	0.00785965049064823
BCL2	CAELYX	Not Approved	""	0.3183158448712532
BCL2	FAS LIGAND	Not Approved	""	0.106105281623751
BCL2	OBATOCLAX MESYLATE	Not Approved	""	0.106105281623751
BCL2	RECOMBINANT INTERLEUKIN	Not Approved	""	0.181894768497859
BCL2	GOSSYPOL	Not Approved	""	0.01326316020296888
BCL2	RALTITREXED	Not Approved	""	0.6366316897425065
BCL2	STREPTOZOCIN	Approved	""	0.0276796386844568
BCL2	SR9009	Not Approved	""	0.2122105632475021
BCL2	4-PHENYLBUTYRIC ACID	Approved	""	0.06366316897425064
BCL2	TAZAROTENE	Approved	for treatment of acne,antipsoriatic agent	0.1157512163168193
BCL2	BCL-2 INHIBITOR BCL201	Not Approved	""	0.3183158448712532
BCL2	ENDOTHELIN RECEPTOR ANTAGONIST	Not Approved	""	0.4244211264950043
BCL2	URSODIOL	Approved	for prevention of recurrence of colorectal polyps	0.07957896121781331
BCL2	DOXORUBICIN HYDROCHLORIDE	Approved	antineoplastic agent	0.008603130942466305
S100A9	TASQUINIMOD	Not Approved	""	26.10189927944276
S100A9	PAQUINIMOD	Not Approved	""	26.10189927944276
EGFR	ILORASERTIB	Not Approved	""	0.00234392055311088
EGFR	ERLOTINIB	Approved	antineoplastic agent	0.5680658883360871
EGFR	MDX-447	Not Approved	""	0.135947392080431
EGFR	ZALUTUMUMAB	Not Approved	""	0.8156843524825864
EGFR	RUSERONTINIB	Not Approved	""	0.09063159472028738
EGFR	LAPATINIB	Approved	antineoplastic agent	0.2718947841608621
EGFR	DACOMITINIB ANHYDROUS	Approved	antineoplastic agent	0.589105365681868
EGFR	AFATINIB	Approved	antineoplastic agent	1.223526528723879
EGFR	RAMUCIRUMAB	Approved	antineoplastic agent	0.135947392080431
EGFR	SIROLIMUS	Approved	for treatment of wet age-related macular degeneration,immunosuppressant	0.02812704663733056
EGFR	DULIGOTUZUMAB	Not Approved	""	0.2718947841608621
EGFR	REGORAFENIB	Approved	antineoplastic agent	0.00823923588366249
EGFR	OSIMERTINIB	Approved	""	0.1553684480919212
EGFR	CETUXIMAB	Approved	antineoplastic agent	0.6172746451219573
EGFR	ROCILETINIB	Not Approved	""	0.4078421762412932
EGFR	MOMELOTINIB	Approved	""	0.02091498339698939
EGFR	DIMETHYLCURCUMIN	Not Approved	""	0.1087579136643448
EGFR	GW843682X	Not Approved	""	0.006971661132329798
EGFR	FALNIDAMOL	Not Approved	""	0.1087579136643448
EGFR	BRIGATINIB	Approved	""	0.0741531229529624
EGFR	NERATINIB	Approved	antineoplastic agent	0.3625263788811495
EGFR	GC1118	Not Approved	""	0.2718947841608621
EGFR	LAZERTINIB	Approved	""	0.1087579136643448
EGFR	CUDC-101	Not Approved	antineoplastic agent	0.07768422404596062
EGFR	NIVOLUMAB	Approved	antineoplastic agent	0.02091498339698939
EGFR	RINDOPEPIMUT	Not Approved	antineoplastic agent	1.35947392080431
EGFR	ANTI-PD-L1 MONOCLONAL ANTIBODY	Not Approved	""	0.06797369604021554
EGFR	CETUXIMAB SAROTALOCAN	Not Approved	""	0.2718947841608621
EGFR	PD-168393	Not Approved	""	0.5437895683217243
EGFR	BEVACIZUMAB	Approved	antineoplastic agent	0.006797369604021553
EGFR	PUQUITINIB MESYLATE DIHYDRATE	Not Approved	""	0.02471770765098746
EGFR	ALISERTIB	Not Approved	antineoplastic agent	0.005664474670017961
EGFR	ZIPALERTINIB	Not Approved	""	0.135947392080431
EGFR	SIMOTINIB	Not Approved	""	0.2718947841608621
EGFR	TESEVATINIB	Not Approved	antineoplastic agent	0.09063159472028738
EGFR	NVP-TAE684	Not Approved	""	0.002639755186027788
EGFR	AG1478	Not Approved	""	0.07768422404596062
EGFR	PF-06459988	Not Approved	""	0.2718947841608621
EGFR	KBP5209	Not Approved	""	0.06797369604021554
EGFR	PELITINIB	Not Approved	""	0.2718947841608621
EGFR	EPIDERMAL GROWTH FACTOR	Not Approved	""	0.135947392080431
EGFR	CHEMBL:CHEMBL1358137	Not Approved	""	0.1812631894405747
EGFR	PLUMBAGIN	Not Approved	""	0.04182996679397879
EGFR	ALLITINIB	Not Approved	""	0.2718947841608621
EGFR	AUMOLERTINIB	Not Approved	""	0.135947392080431
EGFR	MM-151	Not Approved	""	0.1812631894405747
EGFR	MOBOCERTINIB	Approved	""	1.087579136643448
EGFR	AV-412	Not Approved	antineoplastic agent	0.2718947841608621
EGFR	BARASERTIB-HQPA	Not Approved	""	0.01182151235482009
EGFR	TAK-715	Not Approved	""	0.01132894934003592
EGFR	MAB-425	Not Approved	""	0.2718947841608621
EGFR	PF-05230907	Not Approved	""	0.2718947841608621
EGFR	JNJ-26483327	Not Approved	""	0.06042106314685825
EGFR	NAZARTINIB	Not Approved	""	0.5437895683217243
EGFR	TOMUZOTUXIMAB	Not Approved	""	0.2718947841608621
EGFR	ZALUTUMUMAB	Not Approved	antineoplastic agent	0.2718947841608621
EGFR	ANTI-EGFR/HER2/HER3 MONOCLONAL ANTIBODY MIXTURE SYM013	Not Approved	""	0.09063159472028738
EGFR	STAUROSPORINE	Not Approved	""	0.009710528005745078
EGFR	CYC-116	Not Approved	""	0.00280303901196765
EGFR	TARLOXOTINIB	Not Approved	""	0.06797369604021554
EGFR	LEUCOVORIN CALCIUM	Approved	adjuvant to chemotherapy	0.01510526578671456
EGFR	PD-0166285	Not Approved	""	0.005228745849247349
EGFR	NECITUMUMAB	Approved	antineoplastic agent	0.6797369604021554
EGFR	LIDOCAINE	Approved	for treatment of pelvic pain of bladder origin and interstitital cystitis,for treatment of premature ejaculation,anestethic,anesthetic	0.01599381083299189
EGFR	CANERTINIB	Not Approved	""	0.1942105601149015
EGFR	VATALANIB	Not Approved	antineoplastic agent	0.01510526578671456
EGFR	AMIVANTAMAB	Approved	""	0.2718947841608621
EGFR	ICOTINIB HYDROCHLORIDE	Not Approved	""	0.2718947841608621
EGFR	PEMETREXED DISODIUM	Approved	Antineoplastic Agents,antineoplastic agent	0.02091498339698939
EGFR	GRACILIN A	Not Approved	""	0.5437895683217243
EGFR	PKI166	Not Approved	""	0.4078421762412932
EGFR	DEPATUXIZUMAB	Not Approved	""	0.8156843524825864
EGFR	MATUZUMAB	Not Approved	""	0.8156843524825864
EGFR	ATEZOLIZUMAB	Approved	""	0.03021053157342912
EGFR	MODOTUXIMAB	Not Approved	""	0.2718947841608621
EGFR	ANTI-EGFR MONOCLONAL ANTIBODY GT-MAB 5.2-GEX	Not Approved	""	0.2718947841608621
EGFR	CURCUMIN	Approved	""	0.00823923588366249
EGFR	GRACILIN J	Not Approved	""	0.5437895683217243
EGFR	DURVALUMAB	Approved	""	0.02718947841608621
EGFR	FUTUXIMAB	Not Approved	""	0.2718947841608621
EGFR	G-QUADRUPLEX STABILIZER BMVC	Not Approved	""	0.2718947841608621
EGFR	GO-6976	Not Approved	""	0.006323134515368887
EGFR	ANTI-EGFRVIII IMMUNOTOXIN MR1-1	Not Approved	""	0.2718947841608621
EGFR	FUTUXIMAB	Not Approved	""	0.2718947841608621
EGFR	IMGATUZUMAB	Not Approved	""	0.5437895683217243
EGFR	GEFITINIB	Approved	antineoplastic agent	0.08522075324444933
EGFR	MULTIKINASE INHIBITOR AEE788	Not Approved	""	0.1812631894405747
EGFR	GELDANAMYCIN	Not Approved	""	0.03625263788811495
EGFR	IBRUTINIB	Approved	antineoplastic agent	0.01599381083299189
EGFR	CETUXIMAB SAROTALOCAN SODIUM	Not Approved	""	0.2718947841608621
EGFR	MITOGEN-ACTIVATED PROTEIN KINASE KINASE INHIBITOR	Not Approved	""	0.04531579736014369
EGFR	CANERTINIB DIHYDROCHLORIDE	Not Approved	""	0.1087579136643448
EGFR	PAN-HER KINASE INHIBITOR AC480	Not Approved	antineoplastic agent	0.06797369604021554
EGFR	DORAMAPIMOD	Not Approved	""	0.01182151235482009
EGFR	PEMBROLIZUMAB	Approved	""	0.01647847176732498
EGFR	CARBOPLATIN	Approved	""	0.009484701773053331
EGFR	S-222611	Not Approved	""	0.2718947841608621
EGFR	ABIVERTINIB MALEATE	Not Approved	""	0.135947392080431
EGFR	DULIGOTUZUMAB	Not Approved	""	0.135947392080431
EGFR	LOMUSTINE	Approved	""	0.06797369604021554
EGFR	OSIMERTINIB MESYLATE	Approved	""	0.2718947841608621
EGFR	EPITINIB	Not Approved	""	0.2718947841608621
EGFR	STO609	Not Approved	""	0.135947392080431
EGFR	LENVATINIB	Approved	antineoplastic agent	0.01431025179794011
EGFR	MAVELERTINIB	Not Approved	""	0.135947392080431
EGFR	EMB-01	Not Approved	""	0.135947392080431
EGFR	TRASTUZUMAB	Approved	antineoplastic agent	0.01007017719114304
EGFR	PIMURUTAMAB	Not Approved	""	0.2718947841608621
EGFR	ANTI-EGFR MONOCLONAL ANTIBODY EMD 55900	Not Approved	""	0.2718947841608621
EGFR	AGERAFENIB	Not Approved	""	0.05437895683217243
EGFR	RIBAVIRIN	Approved	""	0.01431025179794011
EGFR	CEP-11981	Not Approved	""	0.02589474134865353
EGFR	METHYLCURCUMIN	Not Approved	""	0.135947392080431
EGFR	PACRITINIB	Approved	antineoplastic agent	0.03398684802010777
EGFR	TUCATINIB	Approved	antineoplastic agent	0.03398684802010777
EGFR	RG-1530	Not Approved	""	0.002892497703838959
EGFR	EPIDERMAL GROWTH FACTOR RECEPTOR TYROSINE KINASE INHIBITOR	Not Approved	""	0.03021053157342912
EGFR	PEGINTERFERON ALFA-2B	Approved	""	0.01699342401005388
EGFR	BMS-690514	Not Approved	""	0.1812631894405747
EGFR	TAK-285	Not Approved	""	0.135947392080431
EGFR	PD 174265	Not Approved	""	0.2718947841608621
EGFR	SB202190	Not Approved	""	0.01510526578671456
EGFR	PATRITUMAB	Not Approved	""	0.09063159472028738
EGFR	PACLITAXEL	Approved	for treatment of peripheral arterial disease (PAD),DMARD,antiinflammatory agent,antineoplastic agent	0.004943541530197494
EGFR	TEPOTINIB	Approved	""	0.06797369604021554
EGFR	AEE-788	Not Approved	""	0.04531579736014369
EGFR	IPILIMUMAB	Approved	antineoplastic agent	0.01812631894405747
EGFR	YUANHUADINE	Not Approved	""	0.1087579136643448
EGFR	TEGAFUR	Approved	antineoplastic agent	0.06797369604021554
EGFR	THELIATINIB	Not Approved	""	0.2718947841608621
EGFR	METFORMIN	Approved	antidiabetic	0.006631580101484442
EGFR	LAPRITUXIMAB EMTANSINE	Not Approved	""	0.5437895683217243
EGFR	MOBOCERTINIB SUCCINATE	Approved	""	0.2718947841608621
EGFR	VANDETANIB	Approved	antineoplastic agent	0.1078203454431004
EGFR	DEHYDRATED ALCOHOL	Approved	""	0.006883412257237016
EGFR	MP-412	Not Approved	""	0.09063159472028738
EGFR	PERTUZUMAB	Approved	antineoplastic agent	0.03398684802010777
EGFR	CISPLATIN	Approved	""	0.001849624382046681
EGFR	SOTRASTAURIN	Not Approved	""	0.00445729154362069
EGFR	TUXOBERTINIB	Not Approved	""	0.06797369604021554
EGFR	ABIVERTINIB	Not Approved	""	0.04531579736014369
EGFR	ANTI-ERBB3 MONOCLONAL ANTIBODY AV-203	Not Approved	""	0.09063159472028738
EGFR	ANTI-MET MONOCLONAL ANTIBODY MIXTURE SYM015	Not Approved	""	0.135947392080431
EGFR	AZD-3759	Not Approved	""	0.2718947841608621
EGFR	CIPATINIB	Not Approved	""	0.135947392080431
EGFR	ANTI-EGFR MONOCLONAL ANTIBODY SYN004	Not Approved	""	0.2718947841608621
EGFR	CHEMBL:CHEMBL219557	Not Approved	""	0.09063159472028738
EGFR	CHEMBL:CHEMBL1078000	Not Approved	""	0.5437895683217243
EGFR	PYROTINIB	Not Approved	""	0.135947392080431
EGFR	ALOE-EMODIN	Not Approved	""	0.135947392080431
EGFR	CEMIPLIMAB	Approved	""	0.03884211202298031
EGFR	AEE788	Not Approved	""	0.03884211202298031
EGFR	FIRMONERTINIB	Not Approved	""	0.2718947841608621
EGFR	NITROGLYCERIN	Approved	for treatment of Raynaud's disease	0.02091498339698939
EGFR	ROGARATINIB	Not Approved	""	0.03884211202298031
EGFR	CHEMBL:CHEMBL1077773	Not Approved	""	0.5437895683217243
EGFR	BMS-599626	Not Approved	""	0.1631368704965172
EGFR	ANTI-MET/EGFR MONOCLONAL ANTIBODY LY3164530	Not Approved	""	0.135947392080431
EGFR	MLN-8054	Not Approved	antineoplastic agent	0.009375682212443521
EGFR	ANTI-PD1 MONOCLONAL ANTIBODY	Not Approved	""	0.2718947841608621
EGFR	ANTI-EGFRVIII ANTIBODY DRUG CONJUGATE AMG 595	Not Approved	""	0.2718947841608621
EGFR	NERATINIB MALEATE	Approved	""	0.1812631894405747
EGFR	VARLITINIB	Not Approved	antineoplastic agent	0.4078421762412932
EGFR	PEGINTERFERON ALFA-2A	Approved	Antineoplastic Agents; Immunomodulatory Agents,for treatment of hepatitis B and C	0.01875136442488704
EGFR	SAPITINIB	Not Approved	""	0.07768422404596062
EGFR	SERIBANTUMAB	Not Approved	""	0.135947392080431
EGFR	IMATINIB	Approved	antineoplastic agent	0.007552632893357281
EGFR	FLUOROURACIL	Approved	""	0.00468784110622176
EGFR	OLMUTINIB	Approved	""	0.2718947841608621
EGFR	RG-7160	Not Approved	""	0.2718947841608621
EGFR	NAQUOTINIB	Not Approved	""	0.4078421762412932
EGFR	NIMOTUZUMAB	Not Approved	antineoplastic agent	0.6797369604021554
EGFR	DEGUELIN	Not Approved	""	0.05437895683217243
EGFR	AZD-4769	Not Approved	""	0.2718947841608621
EGFR	PANITUMUMAB	Approved	antineoplastic agent	0.1767316097045603
EGFR	DEPATUXIZUMAB MAFODOTIN	Not Approved	""	0.8156843524825864
EGFR	CENISERTIB	Not Approved	antineoplastic agent	0.002304193086109001
EGFR	AFATINIB DIMALEATE	Approved	""	0.09063159472028738
EGFR	CHEMBL:CHEMBL29197	Not Approved	""	0.06797369604021554
EGFR	TREMELIMUMAB	Approved	antineoplastic agent	0.03884211202298031
EGFR	FUTUXIMAB/MODOTUXIMAB MIXTURE	Not Approved	antineoplastic agent	0.2718947841608621
EGFR	IMGATUZUMAB	Not Approved	""	0.135947392080431
EGFR	CRIZOTINIB	Approved	antineoplastic agent	0.01087579136643448
EGFR	TAMATINIB	Not Approved	""	0.003356725730381014
EGFR	SORAFENIB	Approved	antineoplastic agent	0.007092907412892056
EGFR	TALAZOPARIB	Approved	""	0.009710528005745078
EGFR	TOZASERTIB	Not Approved	antineoplastic agent	0.003724586084395371
EGFR	INDIUM-111	Not Approved	""	0.2718947841608621
EGFR	BMS-599626	Not Approved	""	0.2718947841608621
EGFR	ERLOTINIB HYDROCHLORIDE	Approved	""	0.1812631894405747
EGFR	POZIOTINIB	Not Approved	""	0.135947392080431
EGFR	ICOTINIB	Not Approved	""	0.5437895683217243
CD47	MAGROLIMAB	Not Approved	""	5.800422062098392
CD47	THROMBOSPONDIN 1	Not Approved	""	1.933474020699464
CD47	ANTI-CD47 MONOCLONAL ANTIBODY CC-90002	Not Approved	""	5.800422062098392
CD47	EVORPACEPT	Not Approved	""	5.800422062098392
CD47	EVORPACEPT	Not Approved	""	11.60084412419678
CD47	MAGROLIMAB	Not Approved	""	5.800422062098392
CD47	ONTORPACEPT	Not Approved	""	5.800422062098392
CD47	ONTORPACEPT	Not Approved	""	5.800422062098392
CD47	ABT-510	Not Approved	antineoplastic agent	1.450105515524598
SLCO2A1	DINOPROSTONE	Approved	Abortifacient Agents	2.610189927944276
IL7R	GLYCOSYLATED RECOMBINANT HUMAN INTERLEUKIN-7	Not Approved	immunosuppressant	8.700633093147589
IL7R	OSE-127	Not Approved	""	17.40126618629517
IL7R	RUXOLITINIB	Approved	antiinflammatory agent,antineoplastic agent	3.262737409930345
PTCH1	SONIDEGIB	Approved	antineoplastic agent	4.350316546573794
PTCH1	FORETINIB	Not Approved	antineoplastic agent	0.6868920863011254
PTCH1	TRETINOIN	Approved	for treatment of acne	0.2868340580158545
PTCH1	VISMODEGIB	Approved	""	19.57642445958207
TFF3	TAMOXIFEN	Approved	Hormonal,Antineoplastic Agents	0.4015676812221964
TFF3	AMINOGLUTETHIMIDE	Approved	Antineoplastic agents	3.262737409930345
PTK2	PF-562271	Not Approved	""	0.0895126861434937
PTK2	ENMD-2076	Not Approved	antineoplastic agent	0.06237012969998271
PTK2	LINIFANIB	Not Approved	antineoplastic agent	0.02416842525874329
PTK2	ENTRECTINIB	Approved	""	0.03392059685437656
PTK2	MASITINIB	Approved	antineoplastic agent,DMARD,antiinflammatory agent	0.1137337659234978
PTK2	HESPERADIN	Not Approved	""	0.04833685051748659
PTK2	VS-4718	Not Approved	""	3.866948041398927
PTK2	CHEMBL:CHEMBL1997335	Not Approved	""	0.04603509573093961
PTK2	RG-1530	Not Approved	""	0.02056887256063259
PTK2	CHEMBL:CHEMBL2333445	Not Approved	""	3.866948041398927
PTK2	CONTELTINIB	Not Approved	""	0.4833685051748659
PTK2	MLN-8054	Not Approved	antineoplastic agent	0.06667151795515393
PTK2	ADAVOSERTIB	Not Approved	antineoplastic agent	0.06905264359640943
PTK2	GSK-2256098	Not Approved	""	3.866948041398927
PTK2	ALISERTIB	Not Approved	antineoplastic agent	0.04028070876457217
PTK2	TETRADECANOYLPHORBOL ACETATE	Not Approved	""	0.08406408785649844
PTK2	GW843682X	Not Approved	""	0.04957625694101189
PTK2	SNS-314	Not Approved	antineoplastic agent	0.04603509573093961
PTK2	ILORASERTIB	Not Approved	""	0.01666787948878848
PTK2	CHEMBL:CHEMBL456559	Not Approved	""	1.933474020699463
PTK2	PD-0166285	Not Approved	""	0.03718219270575892
PTK2	CEP-37440	Not Approved	""	1.933474020699463
PTK2	DEFACTINIB	Not Approved	antineoplastic agent	2.900211031049195
PTK2	IFEBEMTINIB	Not Approved	""	3.866948041398927
PTK2	PAZOPANIB	Approved	antineoplastic agent	0.03392059685437656
PTK2	TAMATINIB	Not Approved	""	0.02387004963826498
PTK2	CHLORPYRAMIN HYDROCHLORIDE	Not Approved	""	1.933474020699463
COL1A1	PAMIDRONATE	Approved	Bisphosphonates	1.355942819711312
COL1A1	OCRIPLASMIN	Approved	""	0.1962548818003215
COL1A1	ZOLEDRONIC ACID ANHYDROUS	Approved	antiosteoporotic agent	0.9943580677882958
COL1A1	ETIDRONIC ACID	Approved	""	1.065383644058888
COL1A1	COLLAGENASE CLOSTRIDIUM HISTOLYTICUM	Approved	for treatment of Dupuytren's contracture	0.7990377330441664
COL1A1	VALPROIC ACID	Approved	Anticonvulsants,for treatment of basal cell carcinoma,anticonvulsant	0.2616731757337621
COL1A1	SOMATROPIN (RECOMBINANT DNA ORIGIN)	Approved	growth hormone replacement therapy,hormone replacement,for treatment of spinal muscular atrophy,For treatment of growth disorders	0.9943580677882958
IFNG	TRETINOIN	Approved	for treatment of acne	0.04097629400226493
IFNG	URSODIOL	Approved	for prevention of recurrence of colorectal polyps	0.2330526721378818
IFNG	TRASTUZUMAB	Approved	antineoplastic agent	0.1381052871928188
IFNG	FUMARIC ACID	Approved	""	1.864421377103054
IFNG	IBUPROFEN, SODIUM SALT	Approved	NSAID	0.09561135267195152
IFNG	RECOMBINANT INTERLEUKIN-1-BETA	Not Approved	""	1.864421377103054
IFNG	METHYLPREDNISOLONE	Approved	Anti-Inflammatory Agents; Glucocorticoids	0.2071579307892282
IFNG	EMAPALUMAB	Approved	""	0.4661053442757636
IFNG	MELPHALAN	Approved	""	0.1864421377103054
IFNG	FONTOLIZUMAB	Not Approved	antipsoriatic,for treatment of chron's disease,antiinflammatory agent	3.728842754206109
IFNG	AMITRIPTYLINE HYDROCHLORIDE	Approved	analgesic	0.08286317231569132
IFNG	BLEOMYCIN	Approved	antineoplastic agent	0.2330526721378818
IFNG	SURAMIN	Not Approved	""	0.09812744090016076
IFNG	DOXIFLURIDINE	Not Approved	""	0.9322106885515273
IFNG	THERAPEUTIC AUTOLOGOUS LYMPHOCYTES	Not Approved	""	3.728842754206109
IFNG	AMG-811	Not Approved	""	1.864421377103054
IFNG	PREDNISONE	Approved	corticosteroid,antiinflammatory agent	0.08286317231569132
IFNG	EDRECOLOMAB	Not Approved	""	1.242947584735369
IFNG	INTERFERON ALFA-2B	Approved	for treatment of hepatitis C,Antineoplastic Agents; Immunomodulatory Agents,for treatment of hepatitis B and C,for treatment of hepatitis	0.3995188665220832
IFNG	CISPLATIN	Approved	""	0.02536627723949734
IFNG	AMIKACIN	Approved	""	0.5326918220294442
IFNG	THEOPHYLLINE	Approved	bronchodilator	0.1381052871928188
IFNG	PEFLOXACIN	Approved	""	0.9322106885515273
IFNG	THROMBIN	Approved	topical tissue sealant,for treatment of hemophilia B,coagulant	0.1553684480919212
IFNG	GANCICLOVIR	Approved	""	0.4661053442757636
IFNG	THERAPEUTIC GLUCOCORTICOID	Not Approved	""	0.1096718457119443
IFNG	MELATONIN	Approved	Hypnotics and Sedatives	0.1285807846277968
IFNG	CYCLOPHOSPHAMIDE ANHYDROUS	Approved	""	0.04603509573093962
YAP1	ETOPOSIDE	Approved	Antineoplastic Agents	1.800130984789156
NTRK1	ANESTHETIC AGENT	Not Approved	""	0.1470529536870014
NTRK1	WORTMANNIN	Not Approved	""	0.07877836804660795
NTRK1	ENTRECTINIB	Approved	""	0.09029567331657987
NTRK1	CYTARABINE	Approved	antineoplastic agent	0.01838161921087518
NTRK1	IMATINIB	Approved	antineoplastic agent	0.02042402134541687
NTRK1	ACETYLCYSTEINE	Approved	""	0.098035302458001
NTRK1	ALTIRATINIB	Not Approved	""	0.1470529536870014
NTRK1	CRIZOTINIB	Approved	antineoplastic agent	0.02941059073740029
NTRK1	GW843682X	Not Approved	""	0.0188529427803848
NTRK1	LAROTRECTINIB	Approved	""	1.102897152652511
NTRK1	ANTINEOPLASTIC AGENT	Not Approved	""	0.1050378240621439
NTRK1	THERAPEUTIC ANDROSTANOLONE	Not Approved	""	0.07739629141421131
NTRK1	SELITRECTINIB	Not Approved	""	0.490176512290005
NTRK1	DOVITINIB	Not Approved	antineoplastic agent	0.01455969838485163
NTRK1	CENEGERMIN	Approved	""	0.1838161921087518
NTRK1	PEGCANTRATINIB	Not Approved	""	1.470529536870014
NTRK1	LESTAURTINIB	Not Approved	antineoplastic agent	0.1225441280725012
NTRK1	PLX7486	Not Approved	""	0.2450882561450025
NTRK1	RECOMBINANT CYTOKINE	Not Approved	""	0.05655882834115442
NTRK1	GAMMA-INTERFERON	Not Approved	""	0.2450882561450025
NTRK1	TAMOXIFEN	Approved	Hormonal,Antineoplastic Agents	0.02262353133646176
NTRK1	ENMD-2076	Not Approved	antineoplastic agent	0.02371821833661314
NTRK1	AST-487	Not Approved	""	0.01793328703500018
NTRK1	CEP-2563 DIHYDROCHLORIDE	Not Approved	""	0.129752606194413
NTRK1	IL-6	Not Approved	""	0.07739629141421131
NTRK1	LAROTRECTINIB SULFATE	Approved	""	0.2450882561450025
NTRK1	HESPERADIN	Not Approved	""	0.01838161921087518
NTRK1	SORAFENIB	Approved	antineoplastic agent	0.006393606682043544
NTRK1	PHENYLEPHRINE	Approved	for treatment of incontinence	0.09190809605437593
NTRK1	TALETRECTINIB	Not Approved	""	0.07352647684350073
NTRK1	CHEMBL:CHEMBL546797	Not Approved	""	0.02297702401359398
NTRK1	REPOTRECTINIB	Approved	""	0.1575567360932159
NTRK1	ANTIESTROGEN	Not Approved	""	0.098035302458001
NTRK1	GW-2580	Not Approved	""	0.09190809605437593
NTRK1	RG-1530	Not Approved	""	0.007821965621649015
NTRK1	TALETRECTINIB	Not Approved	""	0.3676323842175037
NTRK1	ESTRADIOL VALERATE	Approved	for treatment of menopausal symptoms,contraceptive,treatment for menopause,hormone replacement	0.03128786248659606
NTRK1	TAVILERMIDE	Not Approved	opthalmological agent	2.205794305305022
NTRK1	PF-562271	Not Approved	""	0.006808007115138958
NTRK1	THERAPEUTIC GLUCOCORTICOID	Not Approved	""	0.04325086873147103
NTRK1	NERVE GROWTH FACTOR	Not Approved	""	0.2450882561450025
NTRK1	GAMBOGIC AMIDE	Not Approved	""	0.2450882561450025
NTRK1	METHOTREXATE	Approved	DMARD	0.01336845033518195
NTRK1	CYCLOPHOSPHAMIDE ANHYDROUS	Approved	""	0.01815468564037055
NTRK1	GLUCARPIDASE	Approved	""	0.2100756481242878
NTRK1	GZ-389988	Not Approved	""	0.7352647684350074
NTRK1	MILCICLIB	Not Approved	""	0.06684225167590978
NTRK1	APAZIQUONE	Not Approved	""	0.7352647684350074
NTRK1	BMS-754807	Not Approved	antineoplastic agent	0.1633921707633349
NTRK1	SURAMIN	Not Approved	""	0.03869814570710565
NTRK1	STREPTOZOCIN	Approved	""	0.03196803341021772
NTRK1	GW441756X	Not Approved	""	0.01131176566823088
NTRK1	DEXAMETHASONE	Approved	for treatment of Meniere's disease,glucocorticoid,antiinflammatory agent	0.01730034749258841
NTRK1	GAMBOGIC ACID	Not Approved	""	0.1633921707633349
NTRK1	ONO-7579	Not Approved	""	0.7352647684350074
NTRK1	ALISERTIB	Not Approved	antineoplastic agent	0.01531801600906265
NTRK1	SP-600125	Not Approved	""	0.008261401892528174
NTRK1	PRASUGREL	Approved	antithrombotic	0.490176512290005
NTRK1	TOZASERTIB	Not Approved	antineoplastic agent	0.01007212011554804
NTRK1	PLX-7486	Not Approved	""	0.1838161921087518
NTRK1	PD-0166285	Not Approved	""	0.0141397070852886
NTRK1	UTATRECTINIB	Not Approved	""	0.1838161921087518
NTRK1	THERAPEUTIC ANDROGEN	Not Approved	""	0.08650173746294205
NTRK1	ASPIRIN	Approved	NSAID	0.0330456075701127
NTRK1	REGORAFENIB	Approved	antineoplastic agent	0.04456150111727317
NTRK1	VITAMIN B6	Approved	""	0.2450882561450025
NTRK1	ILORASERTIB	Not Approved	""	0.006338489383060408
NTRK1	AZD-6918	Not Approved	""	0.2450882561450025
NTRK1	PILOCARPINE HYDROCHLORIDE	Approved	for treatment of incontinence	0.07739629141421131
NTRK1	THYROXINE	Not Approved	""	0.1225441280725012
NTRK1	RADICICOL	Not Approved	""	0.490176512290005
NRAS	IRINOTECAN HYDROCHLORIDE	Approved	antineoplastic agent	0.02511005221687615
NRAS	CISPLATIN	Approved	""	0.005380725475044891
NRAS	DABRAFENIB	Approved	antineoplastic agent	0.1464753045984442
NRAS	CHELIDONINE	Not Approved	""	0.790966644831599
NRAS	VEMURAFENIB	Approved	antineoplastic agent	0.2030860304297349
NRAS	ERK1/2 INHIBITOR ERAS-007	Not Approved	""	0.2636555482771996
NRAS	P53-HDM2 INTERACTION INHIBITOR MI-773	Not Approved	""	0.2636555482771996
NRAS	BINIMETINIB	Approved	antineoplastic agent,DMARD,antiinflammatory agent	0.3757091562950095
NRAS	FORETINIB	Not Approved	antineoplastic agent	0.04162982341218942
NRAS	MIRDAMETINIB	Not Approved	""	0.1581933289663198
NRAS	ERK INHIBITOR CC-90003	Not Approved	""	0.1977416612078997
NRAS	TAK-632	Not Approved	""	0.1318277741385998
NRAS	GEDATOLISIB	Not Approved	""	0.04394259137953328
NRAS	DACTOLISIB	Not Approved	""	0.00823923588366249
NRAS	LENVATINIB	Approved	antineoplastic agent	0.04162982341218942
NRAS	INOSITOL	Approved	for treatment of Alzheimer's disease	0.05273110965543994
NRAS	CHLOROQUINE	Approved	""	0.04943541530197493
NRAS	RAVOXERTINIB	Not Approved	""	0.1318277741385998
NRAS	TUNLAMETINIB	Not Approved	""	0.5932249836236992
NRAS	GILTERITINIB	Approved	""	0.1318277741385998
NRAS	SCH772984	Not Approved	""	0.1318277741385998
NRAS	CETUXIMAB	Approved	antineoplastic agent	0.1817085535423943
NRAS	OMIPALISIB	Not Approved	""	0.05932249836236992
NRAS	GANITUMAB	Not Approved	antineoplastic agent	0.1977416612078997
NRAS	NST-628	Not Approved	""	0.1581933289663198
NRAS	REGORAFENIB	Approved	antineoplastic agent	0.03595302931052722
NRAS	TAPOTOCLAX	Not Approved	""	0.3954833224157995
NRAS	COPANLISIB	Approved	""	0.03595302931052722
NRAS	LUVOMETINIB	Not Approved	""	0.3954833224157995
NRAS	PLX8394	Not Approved	""	0.2636555482771996
NRAS	EG5 KINESIN-RELATED MOTOR PROTEIN INHIBITOR 4SC-205	Not Approved	antineoplastic agent	0.2636555482771996
NRAS	TOVORAFENIB	Approved	""	0.1318277741385998
NRAS	I-BET151	Not Approved	""	0.1129952349759427
NRAS	PF-4708671	Not Approved	""	0.1977416612078997
NRAS	PF-07799933	Not Approved	""	0.3954833224157995
NRAS	FF-10101	Not Approved	""	0.2636555482771996
NRAS	AKT INHIBITOR MK2206	Not Approved	""	0.05649761748797136
NRAS	MK-8353	Not Approved	""	0.1318277741385998
NRAS	AZ628	Not Approved	""	0.1977416612078997
NRAS	BAY 11-7082	Not Approved	""	0.06591388706929992
NRAS	ABEMACICLIB	Approved	""	0.06244473511828413
NRAS	PEMBROLIZUMAB	Approved	""	0.0479373724140363
NRAS	TRAMETINIB DIMETHYL SULFOXIDE	Approved	antineoplastic agent	0.3702397060913868
NRAS	BEROTERKIB ANHYDROUS	Not Approved	""	0.2636555482771996
NRAS	EXARAFENIB	Not Approved	""	0.1977416612078997
NRAS	DEL-22379	Not Approved	""	0.2636555482771996
NRAS	REFAMETINIB	Not Approved	antineoplastic agent	0.07190605862105445
NRAS	CCT196969	Not Approved	""	0.1977416612078997
NRAS	FUTUXIMAB/MODOTUXIMAB MIXTURE	Not Approved	antineoplastic agent	0.2636555482771996
NRAS	PAZOPANIB	Approved	antineoplastic agent	0.02081491170609471
NRAS	RECOMBINANT INTERFERON	Not Approved	""	0.02028119602132305
NRAS	CYTARABINE	Approved	antineoplastic agent	0.009887083060394987
NRAS	BUPARLISIB	Not Approved	""	0.03163866579326396
NRAS	TAK-733	Not Approved	""	0.1581933289663198
NRAS	SOTORASIB	Approved	""	0.3954833224157995
NRAS	ICOVAMENIB	Not Approved	""	0.3954833224157995
NRAS	AVUTOMETINIB	Not Approved	""	0.08788518275906655
NRAS	CERITINIB	Approved	""	0.04652744969597641
NRAS	RIBOCICLIB	Approved	antineoplastic agent	0.1098564784488331
NRAS	AZACITIDINE	Approved	antineoplastic agent	0.009887083060394987
NRAS	IODINE I 131-6-BETA-IODOMETHYL-19-NORCHOLESTEROL	Not Approved	""	0.3954833224157995
NRAS	BRIMARAFENIB	Not Approved	""	0.1977416612078997
NRAS	AZD5991	Not Approved	""	0.1977416612078997
NRAS	E6201	Not Approved	""	0.1129952349759427
NRAS	SIROLIMUS	Approved	for treatment of wet age-related macular degeneration,immunosuppressant	0.01363735594537239
NRAS	CARBOPLATIN	Approved	""	0.009197286567809292
NRAS	PLX-4720	Not Approved	""	0.1318277741385998
NRAS	FLUOROURACIL	Approved	""	0.01022801695902929
NRAS	LORLATINIB	Approved	""	0.06084358806396916
NRAS	MRTX-1133	Not Approved	""	0.3954833224157995
NRAS	BCL-2 INHIBITOR BCL201	Not Approved	""	0.3954833224157995
NRAS	BIVALENT BRD4 INHIBITOR AZD5153	Not Approved	""	0.3954833224157995
NRAS	CABOZANTINIB S-MALATE	Approved	antineoplastic agent	0.07190605862105445
NRAS	METFORMIN	Approved	antidiabetic	0.00964593469306828
NRAS	OPNURASIB	Not Approved	""	0.3954833224157995
NRAS	FUTIBATINIB	Approved	""	0.07190605862105445
NRAS	LY3009120	Not Approved	""	0.2372899934494796
NRAS	QUIZARTINIB	Approved	antineoplastic agent	0.06244473511828413
NRAS	INFIGRATINIB	Approved	""	0.02929506091968885
NRAS	TIVOZANIB	Approved	antineoplastic agent	0.08788518275906655
NRAS	VENETOCLAX	Approved	""	0.07190605862105445
NRAS	MEK INHIBITOR IMM-1-104	Not Approved	""	0.1977416612078997
NRAS	ENCORAFENIB	Approved	""	0.2636555482771996
NRAS	ALPELISIB	Approved	""	0.04394259137953327
NRAS	TALAZOPARIB	Approved	""	0.02824880874398568
NRAS	YM-254890	Not Approved	""	0.3954833224157995
NRAS	MITOGEN-ACTIVATED PROTEIN KINASE KINASE INHIBITOR	Not Approved	""	0.06591388706929992
NRAS	BI-847325	Not Approved	""	0.07190605862105445
NRAS	PALBOCICLIB	Approved	""	0.04652744969597641
NRAS	PELAREOREP	Not Approved	antineoplastic agent	0.1318277741385998
NRAS	OSIMERTINIB	Approved	""	0.05649761748797136
NRAS	LEUCOVORIN CALCIUM	Approved	adjuvant to chemotherapy	0.03295694353464996
NRAS	METHYLNITROSOUREA	Not Approved	""	0.08788518275906655
NRAS	RUCAPARIB	Approved	""	0.03295694353464996
NRAS	B-RAF/VEGFR-2 INHIBITOR RAF265	Not Approved	""	0.1318277741385998
NRAS	GDC-0879	Not Approved	""	0.1581933289663198
NRAS	NAPORAFENIB	Not Approved	""	0.1977416612078997
NRAS	GEMCITABINE	Approved	antineoplastic agent	0.00859746353077825
NRAS	KO-947	Not Approved	""	0.0790966644831599
NRAS	OLAPARIB	Approved	""	0.02579239059233475
NRAS	HSP90 INHIBITOR XL888	Not Approved	antineoplastic agent	0.1977416612078997
NRAS	PIMASERTIB	Not Approved	""	0.2471770765098747
NRAS	ADAVOSERTIB	Not Approved	antineoplastic agent	0.04237321311597852
NRAS	COBIMETINIB	Approved	antineoplastic agent	0.1040745585304735
NRAS	ANTI-CD19 CAR T CELLS PREPARATION	Not Approved	""	0.3954833224157995
NRAS	ALTEPLASE	Approved	Thrombolytic agent	0.03766507832531423
NRAS	CCT241161	Not Approved	""	0.1977416612078997
NRAS	TORIPALIMAB-TPZI	Approved	""	0.1977416612078997
NRAS	DUBERMATINIB	Not Approved	""	0.1318277741385998
NRAS	LYMPHOKINE-ACTIVATED KILLER CELLS	Not Approved	""	0.07190605862105445
NRAS	LIFIRAFENIB	Not Approved	""	0.5932249836236992
NRAS	GI-4000	Not Approved	vaccine,antineoplastic agent	0.5932249836236992
NRAS	TIZATERKIB	Not Approved	""	0.1977416612078997
NRAS	NAVITOCLAX	Not Approved	""	0.0741531229529624
NRAS	OBATOCLAX	Not Approved	antineoplastic agent	0.09887083060394987
NRAS	RIGOSERTIB	Not Approved	antineoplastic agent	0.09887083060394987
NRAS	NIVOLUMAB	Approved	antineoplastic agent	0.03042179403198458
NRAS	TUBASTATIN A	Not Approved	""	0.1318277741385998
NRAS	PANITUMUMAB	Approved	antineoplastic agent	0.2372899934494796
NRAS	TEMUTERKIB	Not Approved	""	0.2824880874398568
NRAS	BELVARAFENIB	Not Approved	""	0.3954833224157995
NRAS	ULIXERTINIB	Not Approved	""	0.1977416612078997
NRAS	GDC-0623	Not Approved	""	0.1977416612078997
NRAS	SELUMETINIB	Approved	""	0.1198434310350907
NRAS	EVEROLIMUS	Approved	immunosuppressant	0.04652744969597641
NRAS	SALIRASIB	Not Approved	""	0.07190605862105445
NRAS	BI-3406	Not Approved	""	0.2636555482771996
NRAS	MEK/RAF MOLECULAR GLUE IK-595	Not Approved	""	0.3954833224157995
NRAS	RINETERKIB	Not Approved	""	0.1318277741385998
NRAS	SORAFENIB	Approved	antineoplastic agent	0.0171949270615565
NRAS	IPILIMUMAB	Approved	antineoplastic agent	0.02636555482771997
NRAS	TUCATINIB	Approved	antineoplastic agent	0.04943541530197493
GSDMD	LDC7559	Not Approved	""	52.20379855888553
GSK3B	RG-1530	Not Approved	""	0.01207303389428435
GSK3B	SB 216763	Not Approved	""	0.3026307162833944
GSK3B	GO-6976	Not Approved	""	0.02639221362936578
GSK3B	GW441756X	Not Approved	""	0.01745946440096506
GSK3B	PHA-767491	Not Approved	""	0.01719492706155649
GSK3B	CHEMBL:CHEMBL1081326	Not Approved	""	2.269730372125457
GSK3B	CYC-116	Not Approved	""	0.01169964109343019
GSK3B	URSOLIC ACID	Not Approved	""	0.1891441976771214
GSK3B	CHEMBL:CHEMBL588859	Not Approved	""	0.2837162965156822
GSK3B	AR-AO-14418	Not Approved	""	0.1621235980089612
GSK3B	ALSTERPAULLONE	Not Approved	""	0.02182433050120632
GSK3B	BAY 61-3606	Not Approved	""	0.0276796386844568
GSK3B	JNJ-7706621	Not Approved	""	0.0206339124738678
GSK3B	ELRAGLUSIB	Not Approved	""	0.5674325930313644
GSK3B	KENPAULLONE	Not Approved	""	0.02364302470964018
GSK3B	METHOTREXATE	Approved	DMARD	0.0206339124738678
GSK3B	PALBINONE	Not Approved	""	2.269730372125457
GSK3B	CITALOPRAM	Approved	antidepressant,Second-Generation,Antidepressive Agents	0.0648494392035845
GSK3B	AZD-1080	Not Approved	""	0.1335135513014975
GSK3B	PALINURIN	Not Approved	""	2.269730372125457
GSK3B	CHEMBL:CHEMBL449063	Not Approved	""	2.269730372125457
GSK3B	TIDEGLUSIB	Not Approved	for treatment of Alzheimer's disease	0.7565767907084859
GSK3B	LY-2090314	Not Approved	""	0.04364866100241265
GSK3B	LITHIUM CARBONATE	Approved	""	0.2269730372125457
GSK3B	MANZAMINE A	Not Approved	""	2.269730372125457
GSK3B	BETA-SITOSTEROL	Not Approved	""	2.269730372125457
GSK3B	1-AZAKENPAULLONE	Not Approved	""	0.0872973220048253
GSK3B	CEP-11981	Not Approved	""	0.1080823986726408
GSK3B	GW843682X	Not Approved	""	0.02909910733494176
GSK3B	GSK-269962A	Not Approved	""	0.02579239059233475
GSK3B	LADUVIGLUSIB	Not Approved	""	0.0756576790708486
GSK3B	PF-562271	Not Approved	""	0.0105080109820623
GSK3B	RELATLIMAB	Not Approved	""	1.134865186062728
GSK3B	BMS-387032	Not Approved	""	0.06675677565074875
GSK3B	SB203580	Not Approved	""	0.03913328227802513
GSK3B	LITHIUM CITRATE	Approved	""	0.3782883953542429
GSK3B	BETULINIC ACID	Not Approved	""	0.4539460744250915
GSK3B	CHEMBL:CHEMBL546797	Not Approved	""	0.03546453706446027
GSK3B	SP-600125	Not Approved	""	0.01275129422542392
GSK3B	CHEMBL:CHEMBL1276446	Not Approved	""	0.2837162965156822
GSK3B	SOTRASTAURIN	Not Approved	""	0.01860434731250375
GSK3B	SITOGLUSIDE	Not Approved	""	2.269730372125457
GSK3B	CHEMBL:CHEMBL379975	Not Approved	""	0.02579239059233475
GSK3B	OLEANOLIC ACID	Not Approved	""	0.4539460744250915
GSK3B	SR-13668	Not Approved	""	0.7565767907084859
GSK3B	FLUOXETINE HYDROCHLORIDE	Approved	for treatment of bipolar disorder,for treatment of autism,antidepressant,for treatment of sleep apnea	0.08106179900448064
CYP1A2	DIBUCAINE	Approved	Local,Anesthetics	0.01467223118574635
CYP1A2	TYRPHOSTIN AG 555	Not Approved	""	0.004633336163919901
CYP1A2	IPRONIAZID	Approved	""	0.02515239631842232
CYP1A2	PHENOBARBITAL	Approved	Anticonvulsants; Hypnotics and Sedatives	0.009266672327839802
CYP1A2	DIDANOSINE	Approved	""	0.01257619815921116
CYP1A2	PROGESTERONE	Approved	for reducing the risk of pre-term birth for women with short cervix a mid-pregnancy,for prevention of preterm delivery,for symptomatic treatment of menopausal symptoms,neuroprotectant for stroke victims	0.002984182614050106
CYP1A2	KAEMPHEROL	Not Approved	""	0.004890743728582118
CYP1A2	CHEMBL:CHEMBL588859	Not Approved	""	0.02200834677861953
CYP1A2	CGS-12066	Not Approved	""	0.01100417338930976
CYP1A2	MEFENAMIC ACID	Approved	NSAID	0.01257619815921116
CYP1A2	DISULFIRAM	Approved	Alcohol Deterrents	0.004094576144859448
CYP1A2	2-APB	Not Approved	""	0.005502086694654883
CYP1A2	CHEMBL:CHEMBL582507	Not Approved	""	0.02934446237149271
CYP1A2	SALIRASIB	Not Approved	""	0.008003035192225285
CYP1A2	GF109203X	Not Approved	""	0.01100417338930976
CYP1A2	TRAMADOL	Approved	analgesic	0.003668057796436588
CYP1A2	CHLORPROMAZINE	Approved	""	0.0071378421984712
CYP1A2	BENZYDAMINE	Approved	""	0.02200834677861953
CYP1A2	LUZINDOLE	Not Approved	""	0.01257619815921116
CYP1A2	MONTELUKAST SODIUM	Approved	antiasthmatic agent	0.008003035192225285
CYP1A2	BENZOCAINE	Approved	Local,Anesthetics	0.02934446237149271
CYP1A2	FURAFYLLINE	Not Approved	""	0.02200834677861953
CYP1A2	DILTIAZEM HYDROCHLORIDE	Approved	antihypertensive agent	0.01100417338930976
CYP1A2	SULMAZOLE	Not Approved	""	0.04401669355723906
CYP1A2	HYMECROMONE	Not Approved	""	0.01760667742289562
CYP1A2	TRANYLCYPROMINE	Approved	Antidepressive Agents	0.01257619815921116
CYP1A2	SULFASALAZINE	Approved	DMARD,antiinflammatory agent	0.007336115592873177
CYP1A2	JWH015	Not Approved	""	0.01760667742289562
CYP1A2	O6-BENZYLGUANINE	Not Approved	""	0.08803338711447813
CYP1A2	CHEMBL:CHEMBL1520837	Not Approved	""	0.02200834677861953
CYP1A2	(Z)-PIPLARTINE	Not Approved	""	0.04401669355723906
CYP1A2	SPICLOMAZINE	Not Approved	""	0.02200834677861953
CYP1A2	ACACETIN	Not Approved	""	0.005868892474298542
CYP1A2	AZITHROMYCIN ANHYDROUS	Approved	""	0.01257619815921116
CYP1A2	(S)-MIDODRINE	Not Approved	""	0.08803338711447813
CYP1A2	BROMOCRIPTINE	Approved	antidiabetic	0.005679573362224395
CYP1A2	CAPSAICIN	Approved	analgesic	0.01553530360843731
CYP1A2	CHEMBL:CHEMBL530733	Not Approved	""	0.01257619815921116
CYP1A2	CLOFIBRATE	Approved	Anticholesteremic Agents	0.01100417338930976
CYP1A2	SPERMIDINE	Not Approved	""	0.01760667742289562
CYP1A2	CHLOROQUINE	Approved	""	0.01100417338930976
CYP1A2	CHEMBL:CHEMBL362223	Not Approved	""	0.01760667742289562
CYP1A2	NEVIRAPINE	Approved	""	0.01600607038445057
CYP1A2	FPL64176	Not Approved	""	0.009781487457164235
CYP1A2	CHEMBL:CHEMBL421215	Not Approved	""	0.009781487457164235
CYP1A2	SULFADOXINE	Approved	""	0.02934446237149271
CYP1A2	BUTYLATED HYDROXYTOLUENE	Approved	""	0.01956297491432847
CYP1A2	HYDROXYZINE	Approved	Antipruritics; Anxiolytics sedatives and hypnotics	0.01956297491432847
CYP1A2	VER-3323	Not Approved	""	0.01467223118574635
CYP1A2	PROPYLENE GLYCOL	Approved	""	0.1760667742289562
CYP1A2	SULFAMETHOXAZOLE	Approved	""	0.02515239631842232
CYP1A2	LORECLEZOLE	Not Approved	""	0.04401669355723906
CYP1A2	MECLIZINE	Approved	Antiemetics	0.02515239631842232
CYP1A2	CLEMIZOLE	Not Approved	""	0.01760667742289562
CYP1A2	CHEMBL:CHEMBL1420370	Not Approved	""	0.01257619815921116
CYP1A2	CHEMBL:CHEMBL469309	Not Approved	""	0.01760667742289562
CYP1A2	MYRICETIN	Not Approved	""	0.002200834677861953
CYP1A2	TRIOXSALEN	Approved	""	0.04401669355723906
CYP1A2	ETHINYL ESTRADIOL	Approved	contraceptive	0.008803338711447813
CYP1A2	MERCAPTOPURINE	Approved	Antineoplastic Agents	0.003912594982865694
CYP1A2	CHEMBL:CHEMBL1198140	Not Approved	""	0.01257619815921116
CYP1A2	PD168,077	Not Approved	""	0.08803338711447813
CYP1A2	CHEMBL:CHEMBL591126	Not Approved	""	0.008003035192225285
CYP1A2	OXYMORPHONE	Approved	analgesic	0.008003035192225285
CYP1A2	VITAMIN B2	Not Approved	""	0.02200834677861953
CYP1A2	3-ACETYLCOUMARIN	Not Approved	""	0.08803338711447813
CYP1A2	MONOAMINE OXIDASE INHIBITOR	Not Approved	""	0.00303563403843028
CYP1A2	CI-218872	Not Approved	""	0.04401669355723906
CYP1A2	PYRAZINAMIDE	Approved	""	0.01354359801761202
CYP1A2	METHYLHOMATROPINE	Approved	Antimuscarinics,GI Anti-Ulcer Agents	0.01956297491432847
CYP1A2	DICYCLOMINE HYDROCHLORIDE	Approved	Antispasmodics	0.008003035192225285
CYP1A2	ETIDRONIC ACID	Approved	""	0.01257619815921116
CYP1A2	MICONAZOLE NITRATE	Approved	""	0.005502086694654883
CYP1A2	RILUZOLE	Approved	for treatment of ALS	0.003827538570194701
CYP1A2	SULPIRIDE	Approved	Second-Generation; Antipsychotic Agents,Antidepressive Agents	0.01257619815921116
CYP1A2	S(+)-APOMORPHINE	Not Approved	""	0.01100417338930976
CYP1A2	FLECAINIDE ACETATE	Approved	Anti-Arrhythmia Agents	0.01760667742289562
CYP1A2	CHEMBL:CHEMBL120806	Not Approved	""	0.01760667742289562
CYP1A2	BUTAMBEN	Approved	""	0.01467223118574635
CYP1A2	HYDRAZINE	Not Approved	""	0.1760667742289562
CYP1A2	ESTRADIOL VALERATE	Approved	for treatment of menopausal symptoms,contraceptive,treatment for menopause,hormone replacement	0.003746101579339495
CYP1A2	L-162,313	Not Approved	""	0.009781487457164235
CYP1A2	IMIPRAMINE HYDROCHLORIDE	Approved	Tricyclic,Antidepressive Agents	0.01320500806717171
CYP1A2	CHEMBL:CHEMBL294747	Not Approved	""	0.04401669355723906
CYP1A2	AMOXICILLIN ANHYDROUS	Approved	""	0.009266672327839802
CYP1A2	TETRACYCLINE	Approved	""	0.009781487457164235
CYP1A2	INDOMETHACIN	Approved	NSAID	0.004401669355723906
CYP1A2	FINASTERIDE	Approved	antineoplastic agent	0.01257619815921116
CYP1A2	CHRYSIN	Approved	""	0.006288099079605581
CYP1A2	GR 113808	Not Approved	""	0.04401669355723906
CYP1A2	APIGENIN	Approved	""	0.003385899504403005
CYP1A2	DIMETHISOQUIN	Not Approved	""	0.04401669355723906
CYP1A2	PP2	Not Approved	""	0.002934446237149271
CYP1A2	PROMETHAZINE HYDROCHLORIDE	Approved	Hypnotics and Sedatives; Anti-anxiety agents; Anti-allergic Agents	0.008003035192225285
CYP1A2	TODRALAZINE	Not Approved	""	0.08803338711447813
CYP1A2	5-(N,N-HEXAMETHYLENE)-AMILORIDE	Not Approved	""	0.01257619815921116
CYP1A2	IODOPHENPROPIT	Not Approved	""	0.02200834677861953
CYP1A2	CHEMBL:CHEMBL313737	Not Approved	""	0.008803338711447813
CYP1A2	PIROXICAM-BETA-CYCLODEXTRIN	Approved	NSAID,antiinflammatory agent	0.01354359801761202
CYP1A2	EXISULIND	Not Approved	""	0.02934446237149271
CYP1A2	3,4-DICHLOROISOCOUMARIN	Not Approved	""	0.005868892474298542
CYP1A2	PROPENTOFYLLINE	Not Approved	""	0.04401669355723906
CYP1A2	CHEMBL:CHEMBL463783	Not Approved	""	0.008803338711447813
CYP1A2	ETOPOSIDE	Approved	Antineoplastic Agents	0.00303563403843028
CYP1A2	TORSEMIDE	Approved	Antihypertensive Agents; Diuretics	0.01467223118574635
CYP1A2	METARAMINOL	Approved	Antihypotensive Agents; Vasoconstrictor Agents	0.02515239631842232
CYP1A2	THIABENDAZOLE	Approved	""	0.01467223118574635
CYP1A2	6-O-BENZYLGUANINE	Not Approved	""	0.02200834677861953
CYP1A2	TESTOSTERONE	Approved	for treatment of female sexual dysfunction,hormone replacement	0.00451453267253734
CYP1A2	NS1619	Not Approved	""	0.01760667742289562
CYP1A2	PHENYLBUTAZONE	Approved	NSAID	0.01257619815921116
CYP1A2	TRIMETAZIDINE	Not Approved	""	0.08803338711447813
CYP1A2	CHEMBL:CHEMBL1477383	Not Approved	""	0.01760667742289562
CYP1A2	CHEMBL:CHEMBL1162521	Not Approved	""	0.08803338711447813
CYP1A2	CHEMBL:CHEMBL101168	Not Approved	""	0.04401669355723906
CYP1A2	SP-600125	Not Approved	""	0.000989139181061552
CYP1A2	GLYCINE	Approved	""	0.01467223118574635
CYP1A2	SANGUINARIUM	Not Approved	""	0.003521335484579124
CYP1A2	PHENELZINE	Approved	Antidepressive Agents	0.006288099079605581
CYP1A2	PHENACETIN	Approved	""	0.08803338711447813
CYP1A2	NS 2028	Not Approved	""	0.08803338711447813
CYP1A2	CHEMBL:CHEMBL592561	Not Approved	""	0.02934446237149271
CYP1A2	SIMVASTATIN	Approved	antidyslipidaemic agent,anticholesterolaemic agent,antihypertensive agent	0.003521335484579124
CYP1A2	LOVASTATIN	Approved	anticholesterolaemic agent	0.00451453267253734
CYP1A2	MK-212	Not Approved	""	0.02200834677861953
CYP1A2	CHEMBL:CHEMBL271165	Not Approved	""	0.04401669355723906
CYP1A2	GLAFENINE	Approved	""	0.02515239631842232
CYP1A2	CHEMBL:CHEMBL11458	Not Approved	""	0.04401669355723906
CYP1A2	AZTREONAM	Approved	""	0.02934446237149271
CYP1A2	ECADOTRIL	Not Approved	""	0.02200834677861953
CYP1A2	LIOTHYRONINE	Approved	Hormone Replacement Agents	0.005335356794816856
CYP1A2	FIPEXIDE	Approved	""	0.02200834677861953
CYP1A2	5-AMINOISOQUINOLINE	Not Approved	""	0.04401669355723906
CYP1A2	CHEMBL:CHEMBL429095	Not Approved	""	0.001760667742289562
CYP1A2	NIACIN	Approved	substance abuse deterrant,antidyslipidaemic agent	0.01257619815921116
CYP1A2	RANITIDINE HYDROCHLORIDE	Approved	antiulcer agent	0.01100417338930976
CYP1A2	ALLOPURINOL	Approved	antiuricemic agent,for treatment of gout	0.005868892474298542
CYP1A2	CHEMBL:CHEMBL471226	Not Approved	""	0.04401669355723906
CYP1A2	SB 228357	Not Approved	""	0.01257619815921116
CYP1A2	CHEMBL:CHEMBL458765	Not Approved	""	0.02934446237149271
CYP1A2	N-DESMETHYLCLOZAPINE	Not Approved	""	0.02641001613434343
CYP1A2	L-694,247	Not Approved	""	0.01257619815921116
CYP1A2	INDIRUBIN-3'-MONOXIME	Not Approved	""	0.004633336163919901
CYP1A2	DACARBAZINE	Approved	Antineoplastic Agents	0.02347556989719416
CYP1A2	PICEATANNOL	Not Approved	""	0.008384132106140774
CYP1A2	QUAZINONE	Not Approved	""	0.08803338711447813
CYP1A2	DEXPROPRANOLOL	Not Approved	""	0.01760667742289562
CYP1A2	LACTOSE	Approved	""	0.04401669355723906
CYP1A2	PIRIBEDIL	Not Approved	""	0.007336115592873177
CYP1A2	CHEMBL:CHEMBL238624	Not Approved	""	0.01467223118574635
CYP1A2	HYDRALAZINE	Approved	antihypertensive agent	0.008803338711447813
CYP1A2	LAPACHONE	Not Approved	""	0.003385899504403005
CYP1A2	VITAMIN K3	Approved	for reducing EGFR-inhibitor-induced dermatological side effects	0.00303563403843028
CYP1A2	DAIDZEIN	Not Approved	""	0.004633336163919901
CYP1A2	FERROUS SULFATE	Approved	""	0.04401669355723906
CYP1A2	ARASERTACONAZOLE	Not Approved	""	0.01760667742289562
CYP1A2	PROTOPORPHYRIN	Not Approved	""	0.003521335484579124
CYP1A2	OMEPRAZOLE	Approved	antiulcer agent,Proton pump inhibitor	0.009517122931294933
CYP1A2	QUERCETIN	Approved	""	0.001114346672335166
CYP1A2	CHEMBL:CHEMBL512908	Not Approved	""	0.01467223118574635
CYP1A2	CYTARABINE	Approved	antineoplastic agent	0.002200834677861953
CYP1A2	TRIM	Not Approved	""	0.02934446237149271
CYP1A2	CHEMBL:CHEMBL591613	Not Approved	""	0.01760667742289562
CYP1A2	HARMINE	Not Approved	""	0.005868892474298542
CYP1A2	6-CL-MLT	Not Approved	""	0.01257619815921116
CYP1A2	ASPIRIN	Approved	NSAID	0.001978278362123104
CYP1A2	CHEMBL:CHEMBL338115	Not Approved	""	0.01467223118574635
CYP1A2	ERYTHROMYCIN	Approved	""	0.007655077140389403
CYP1A2	CYPROTERONE	Approved	Hypersexuality-inhibiting agents; Antihirsutism agents	0.02515239631842232
CYP1A2	MELATONIN	Approved	Hypnotics and Sedatives	0.00303563403843028
CYP1A2	LINEZOLID	Approved	""	0.01956297491432847
CYP1A2	CLOZAPINE	Approved	Antipsychotic Agents	0.001815121383803672
CYP1A2	IRBESARTAN	Approved	antihypertensive agent	0.02200834677861953
CYP1A2	LABETALOL	Approved	Antihypertensive Agents	0.009781487457164235
CYP1A2	DESIPRAMINE	Approved	Tricyclic,Antidepressive Agents	0.00225726633626867
CYP1A2	GENTAMICIN	Approved	""	0.007655077140389403
CYP1A2	VEMURAFENIB	Approved	antineoplastic agent	0.004758561465647466
CYP1A2	CHEMBL:CHEMBL1569213	Not Approved	""	0.08803338711447813
CYP1A2	TYRPHOSTIN AG 835	Not Approved	""	0.008003035192225285
CYP1A2	ETOFENAMATE	Not Approved	""	0.08803338711447813
CYP1A2	PHLORETIN	Approved	""	0.005502086694654883
CYP1A2	ECHINACEA PREPARATION	Approved	""	0.04401669355723906
CYP1A2	VUF5574	Not Approved	""	0.04401669355723906
CYP1A2	ALVERINE CITRATE	Not Approved	""	0.01760667742289562
CYP1A2	CHEMBL:CHEMBL140220	Not Approved	""	0.02934446237149271
CYP1A2	GW5074	Not Approved	""	0.004001517596112642
CYP1A2	CHEMBL:CHEMBL2094549	Not Approved	""	0.02200834677861953
CYP1A2	SDZ 205557	Not Approved	""	0.04401669355723906
CYP1A2	PD-98059	Not Approved	""	0.002379280732823733
CYP1A2	TRACAZOLATE	Not Approved	""	0.01100417338930976
CYP1A2	CROMOGLYCATE	Approved	Anti-Asthmatic Agents	0.02200834677861953
CYP1A2	MITOMYCIN	Approved	""	0.007336115592873177
CYP1A2	TPCK	Not Approved	""	0.004890743728582118
CYP1A2	N-OLEOYLETHANOLAMIDE	Not Approved	""	0.01467223118574635
CYP1A2	S-ETOMIDATE	Not Approved	""	0.02934446237149271
CYP1A2	BOLDINE	Not Approved	""	0.02200834677861953
CYP1A2	CLOTRIMAZOLE	Approved	""	0.002379280732823733
CYP1A2	TYRPHOSTIN 47	Not Approved	""	0.005502086694654883
CYP1A2	GRAVEOLINE	Not Approved	""	0.02200834677861953
CYP1A2	BUTYLPARABEN	Approved	""	0.02934446237149271
CYP1A2	TYRPHOSTIN 23	Not Approved	""	0.004192066053070387
CYP1A2	INDINAVIR	Not Approved	""	0.01760667742289562
CYP1A2	CHEMBL:CHEMBL1269845	Not Approved	""	0.02934446237149271
CYP1A2	ALLOXAZINE	Not Approved	""	0.04401669355723906
CYP1A2	PRIMAQUINE	Approved	""	0.03201214076890114
CYP1A2	ERLOTINIB	Approved	antineoplastic agent	0.00314404953980279
CYP1A2	ELLIPTECINE	Not Approved	""	0.002751043347327441
CYP1A2	(S)-PINACIDIL	Not Approved	""	0.04401669355723906
CYP1A2	CHEMBL:CHEMBL59532	Not Approved	""	0.02200834677861953
CYP1A2	IBUDILAST	Approved	neuroprotectant	0.005502086694654883
CYP1A2	CARBIMAZOLE	Approved	Antithyroid Agents	0.02934446237149271
CYP1A2	CGP 54626A	Not Approved	""	0.08803338711447813
CYP1A2	SB 206553	Not Approved	""	0.006288099079605581
CYP1A2	CHEMBL:CHEMBL45349	Not Approved	""	0.08803338711447813
CYP1A2	FLUCONAZOLE	Approved	""	0.01760667742289562
CYP1A2	RECOMBINANT INTERLEUKIN-1	Not Approved	antineoplastic agent	0.009781487457164235
CYP1A2	PERHEXILINE	Not Approved	Antianginal Agents; Vasodilator Agents	0.02515239631842232
CYP1A2	AMINOPURVALANOL A	Not Approved	""	0.01467223118574635
CYP1A2	LANSOPRAZOLE	Approved	Proton pump inhibitor,antiulcer agent	0.00607126807686056
CYP1A2	HESPERETIN	Approved	""	0.009781487457164235
CYP1A2	PYRROLIDINE DITHIOCARBAMATE	Not Approved	""	0.006771799008806011
CYP1A2	LEUCINE	Approved	""	0.02934446237149271
CYP1A2	FENBENDAZOLE	Approved	""	0.02200834677861953
CYP1A2	NIMESULIDE	Not Approved	""	0.01257619815921116
CYP1A2	CHEMBL:CHEMBL404505	Not Approved	""	0.04401669355723906
CYP1A2	CHEMBL:CHEMBL29197	Not Approved	""	0.01100417338930976
CYP1A2	CHEMBL:CHEMBL472656	Not Approved	""	0.02200834677861953
CYP1A2	CIS-RESVERATROL	Not Approved	""	0.01257619815921116
CYP1A2	AG 112	Not Approved	""	0.02200834677861953
CYP1A2	CHEMBL:CHEMBL45245	Not Approved	""	0.08803338711447813
CYP1A2	CHEMBL:CHEMBL1214274	Not Approved	""	0.01257619815921116
CYP1A2	CHEMBL:CHEMBL287689	Not Approved	""	0.02934446237149271
CYP1A2	LY-294002	Not Approved	""	0.005502086694654883
CYP1A2	METIZOLINE	Not Approved	""	0.02200834677861953
CYP1A2	LEUPROLIDE ACETATE	Approved	for treatment of Alzheimer's disease,for treatment of endometriosis,antineoplastic agent	0.03521335484579125
CYP1A2	SILVER SULFADIAZINE	Approved	""	0.01100417338930976
CYP1A2	OXYCODONE	Approved	analgesic	0.006771799008806011
CYP1A2	MENTHOFURAN	Not Approved	""	0.04401669355723906
CYP1A2	SR2640	Not Approved	""	0.008003035192225285
CYP1A2	CHEMBL:CHEMBL362863	Not Approved	""	0.01760667742289562
CYP1A2	LEFLUNOMIDE	Approved	Antirheumatic Agents	0.007336115592873177
CYP1A2	1-PHENYLBIGUANIDE	Not Approved	""	0.04401669355723906
CYP1A2	PROPRANOLOL HYDROCHLORIDE	Approved	for treatment of cancer cachexia	0.01467223118574635
CYP1A2	CHEMBL:CHEMBL584860	Not Approved	""	0.02934446237149271
CYP1A2	BETA-CCM	Not Approved	""	0.02200834677861953
CYP1A2	CHEMBL:CHEMBL74189	Not Approved	""	0.1760667742289562
CYP1A2	CARBAMAZEPINE	Approved	for treatment of bipolar disorder	0.003593199474060332
CYP1A2	CAPSAZEPINE	Not Approved	""	0.004001517596112642
CYP1A2	AG 490	Not Approved	""	0.005502086694654883
CYP1A2	MODAFINIL	Approved	central nervous system stimulant	0.01956297491432847
CYP1A2	AMPHOTERICIN B LIPOSOMAL	Approved	""	0.01354359801761202
CYP1A2	2,3-DIHYDROXY-6,7-DICHLOROQUINOXALINE	Not Approved	""	0.01760667742289562
CYP1A2	TROLEANDOMYCIN	Approved	""	0.02515239631842232
CYP1A2	DEHYDRATED ALCOHOL	Approved	""	0.002228693344670332
CYP1A2	PYRILAMINE	Approved	""	0.02200834677861953
CYP1A2	LAMOTRIGINE	Approved	anticonvulsant	0.008003035192225285
CYP1A2	CHEMBL:CHEMBL1288106	Not Approved	""	0.08803338711447813
CYP1A2	CHLORPROMAZINE HYDROCHLORIDE	Approved	""	0.005178434536145772
CYP1A2	(R,S)-INDATRALINE	Not Approved	""	0.008003035192225285
CYP1A2	DYCLONINE	Approved	Local,Anesthetics	0.009781487457164235
CYP1A2	PIFEXOLE	Not Approved	""	0.01257619815921116
CYP1A2	CHEMBL:CHEMBL606167	Not Approved	""	0.01100417338930976
CYP1A2	CHEMBL:CHEMBL1337960	Not Approved	""	0.04401669355723906
CYP1A2	CORYNANTHINE	Not Approved	""	0.02934446237149271
CYP1A2	ANIRACETAM	Not Approved	""	0.009781487457164235
CYP1A2	CARMUSTINE	Approved	antineoplastic agent	0.01600607038445057
CYP1A2	AURINTRICARBOXYLIC ACID	Not Approved	""	0.002839786681112197
CYP1A2	CHEMBL:CHEMBL228132	Not Approved	""	0.04401669355723906
CYP1A2	(S)-ALAPROCLATE	Not Approved	""	0.02200834677861953
CYP1A2	CYCLOSPORINE	Approved	immunosuppressant,opthalmological agent	0.002023756025620186
CYP1A2	CEFTRIAXONE	Approved	""	0.01600607038445057
CYP1A2	DIETHYLSTILBESTROL	Approved	Hormone Replacement Agents	0.005335356794816856
CYP1A2	EDARAVONE	Approved	""	0.01760667742289562
CYP1A2	SB203580	Not Approved	""	0.00303563403843028
CYP1A2	PHENYTOIN SODIUM	Approved	Anticonvulsants	0.004192066053070387
CYP1A2	COLCHICINE	Approved	for treatment of gout	0.003385899504403005
CYP1A2	M-CHLOROPHENYLPIPERAZINE	Not Approved	""	0.01100417338930976
CYP1A2	MESTRANOL	Approved	Oral,Contraceptives	0.01956297491432847
CYP1A2	CEFOPERAZONE	Not Approved	""	0.02200834677861953
CYP1A2	PROPOXYCAINE	Not Approved	""	0.04401669355723906
CYP1A2	ALPROSTADIL	Approved	for treatment of sexual dysfunction in women,for treatment of erectile dysfunction	0.007655077140389403
CYP1A2	(R,S)-IFENPRODIL	Not Approved	""	0.04401669355723906
CYP1A2	METHOTREXATE	Approved	DMARD	0.001600607038445057
CYP1A2	CHEMBL:CHEMBL1256177	Not Approved	""	0.08803338711447813
CYP1A2	CHEMBL:CHEMBL363332	Not Approved	""	0.04401669355723906
CYP1A2	SPLITOMICIN	Not Approved	""	0.01760667742289562
CYP1A2	CHEMBL:CHEMBL580421	Not Approved	""	0.008003035192225285
CYP1A2	6-NITROQUIPAZINE	Not Approved	""	0.08803338711447813
CYP1A2	PREDNISONE	Approved	corticosteroid,antiinflammatory agent	0.003912594982865694
CYP1A2	REL-CISAPRIDE	Not Approved	""	0.02934446237149271
CYP1A2	FELBAMATE	Approved	Anticonvulsants; Antiepileptics	0.01467223118574635
CYP1A2	THIOPERAMIDE	Not Approved	""	0.01100417338930976
CYP1A2	THEOPHYLLINE	Approved	bronchodilator	0.01630247909527372
CYP1A2	ENDO-ATROPINE	Not Approved	""	0.03521335484579125
CYP1A2	BENOXINATE	Approved	Local,Anesthetics	0.02200834677861953
CYP1A2	CDK1/5 INHIBITOR	Not Approved	""	0.01467223118574635
CYP1A2	NICLOSAMIDE	Approved	""	0.003260495819054745
CYP1A2	ISOXSUPRINE	Approved	""	0.04401669355723906
CYP1A2	MINOXIDIL	Approved	Antihypertensive Agents; Vasodilator Agents	0.01467223118574635
CYP1A2	PERPHENAZINE	Approved	Antipsychotic Agents	0.003385899504403005
CYP1A2	DEXMEDETOMIDINE HYDROCHLORIDE	Approved	Analgesics; Hypnotics and Sedatives	0.008003035192225285
CYP1A2	3,4-DICHLOROBENZAMIL	Not Approved	""	0.02200834677861953
CYP1A2	FLUPENTHIXOL	Not Approved	Antipsychotic Agents	0.005868892474298542
CYP1A2	CGS 15943	Not Approved	""	0.008003035192225285
CYP1A2	CHEMBL:CHEMBL1269022	Not Approved	""	0.01760667742289562
CYP1A2	GW282974X	Not Approved	""	0.01100417338930976
CYP1A2	SB202190	Not Approved	""	0.002445371864291059
CYP1A2	DIAZOXIDE	Approved	Antihypertensive Agents; Vasodilator Agents	0.006771799008806011
CYP1A2	ISONIAZID	Approved	""	0.01956297491432847
CYP1A2	REMOXIPRIDE	Approved	Antipsychotic Agents	0.02934446237149271
CYP1A2	PROPYLPYRAZOLETRIOL	Not Approved	""	0.007336115592873177
CYP1A2	TACRINE	Approved	Nootropic Agents	0.02515239631842232
CYP1A2	MECAMYLAMINE	Approved	for treatment of ADHD,motilitant	0.01467223118574635
CYP1A2	PROPYLTHIOURACIL	Approved	Antithyroid Agents	0.008803338711447813
CYP1A2	NILUTAMIDE	Approved	Antineoplastic Agents	0.01760667742289562
CYP1A2	PROPARACAINE	Approved	Local,Anesthetics	0.04401669355723906
CYP1A2	NATEGLINIDE	Approved	antidiabetic	0.01956297491432847
CYP1A2	HYDROMORPHONE HYDROCHLORIDE	Approved	analgesic	0.006771799008806011
CYP1A2	(S)-ONDANSETRON	Not Approved	""	0.04401669355723906
CYP1A2	FLUTAMIDE	Approved	Hormonal,Antineoplastic Agents	0.004401669355723906
CYP1A2	CHEMBL:CHEMBL609628	Not Approved	""	0.01760667742289562
CYP1A2	OLOMOUCINE	Not Approved	""	0.02200834677861953
CYP1A2	CYCLOPHOSPHAMIDE ANHYDROUS	Approved	""	0.00217366387936983
CYP1A2	FENTANYL CITRATE	Approved	adjuvant to anesthesia,opioid,analgesic	0.002934446237149271
CYP1A2	BRILLIANT GREEN OXALATE	Not Approved	""	0.01760667742289562
CYP1A2	CHELERYTHRINE	Not Approved	""	0.007336115592873177
CYP1A2	SOTALOL	Approved	Anti-Arrhythmia Agents	0.01257619815921116
CYP1A2	CHEMBL:CHEMBL1256364	Not Approved	""	0.009781487457164235
CYP1A2	ROXINDOLE	Not Approved	""	0.005868892474298542
CYP1A2	AMIODARONE HYDROCHLORIDE	Approved	antiarrhytmic agent	0.006771799008806011
CYP1A2	MEBENDAZOLE	Approved	antineoplastic agent	0.01760667742289562
CYP1A2	E324	Not Approved	""	0.006771799008806011
CYP1A2	RIFAMPIN	Approved	""	0.006288099079605581
CYP1A2	PSORA-4	Not Approved	""	0.01257619815921116
CYP1A2	CHEMBL:CHEMBL602418	Not Approved	""	0.04401669355723906
CYP1A2	DIPHENHYDRAMINE	Approved	Anti-Allergic Agents; Hypnotics and sedatives; Antiemetics; Antipruritics; Antitussives	0.02200834677861953
CYP1A2	9-ANTHROIC ACID	Not Approved	""	0.01760667742289562
CYP1A2	CLONAZEPAM	Approved	anticonvulsant	0.007042670969158249
CYP1A2	RALOXIFENE HYDROCHLORIDE	Approved	Hormone Replacement Agents	0.003521335484579124
CYP1A2	LUTEOLIN	Not Approved	""	0.002751043347327441
CYP1A2	ZUCAPSAICIN	Not Approved	analgesic	0.01257619815921116
CYP1A2	N-[2-(2-IODO-5-METHOXY-1H-INDOL-3-YL)ETHYL]ACETAMIDE	Not Approved	""	0.01467223118574635
CYP1A2	FLUFENAMIC ACID	Not Approved	""	0.00231666808195995
CYP1A2	(S)-NIMODIPINE	Not Approved	""	0.02200834677861953
CYP1A2	METOCLOPRAMIDE HYDROCHLORIDE	Approved	antimigraine agent,antiemetic,for treatment of gastroesophageal reflux disease,motilitant,for treatment of diabetic gastroparesis	0.01257619815921116
CYP1A2	(3Z)-N,N-DIMETHYL-2-OXO-3-(4,5,6,7-TETRAHYDRO-1H-INDOL-2-YLMETHYLIDENE)-2,3-DIHYDRO-1H-INDOLE-5-SULFONAMIDE	Not Approved	""	0.003668057796436588
CYP1A2	IBUPROFEN, SODIUM SALT	Approved	NSAID	0.01128633168134335
CYP1A2	6-BENZYLAMINOPURINE	Not Approved	""	0.08803338711447813
CYP1A2	TAMOXIFEN	Approved	Hormonal,Antineoplastic Agents	0.005417439207044808
CYP1A2	CHEMBL:CHEMBL123904	Not Approved	""	0.01760667742289562
CYP1A2	TYRPHOSTIN AG 879	Not Approved	""	0.004890743728582118
CYP1A2	FLOXURIDINE	Approved	antineoplastic agent	0.01257619815921116
CYP1A2	CHEMBL:CHEMBL80155	Not Approved	""	0.008803338711447813
CYP1A2	BUTORPHANOL	Approved	Opioid,Analgesics	0.01956297491432847
CYP1A2	HYCANTHONE	Not Approved	""	0.004633336163919901
CYP1A2	AMSACRINE	Approved	""	0.01173778494859708
CYP1A2	DOXORUBICIN HYDROCHLORIDE	Approved	antineoplastic agent	0.001189640366411866
CYP1A2	RUTAECARPINE	Not Approved	""	0.009781487457164235
CYP1A2	BAICALEIN	Not Approved	""	0.003521335484579124
CYP1A2	CHEMBL:CHEMBL1371696	Not Approved	""	0.02200834677861953
CYP1A2	CLARITHROMYCIN	Approved	""	0.01035686907229154
CYP1A2	CHEMBL:CHEMBL1479195	Not Approved	""	0.04401669355723906
CYP1A2	TRAPIDIL	Not Approved	""	0.02934446237149271
CYP1A2	3-HYDROXYBENZYLHYDRAZINE	Not Approved	""	0.01760667742289562
CYP1A2	SR59230A	Not Approved	""	0.01467223118574635
CYP1A2	FLUVOXAMINE	Approved	antidepressant	0.02031539702641803
CYP1A2	CHEMBL:CHEMBL1343568	Not Approved	""	0.01257619815921116
CYP1A2	TERAZOSIN	Approved	Antineoplastic Agents; antihypertensive agents	0.01354359801761202
CYP1A2	CGP7930	Not Approved	""	0.01257619815921116
CYP1A2	ZOXAZOLAMINE	Not Approved	""	0.03521335484579125
CYP1A2	CLIOQUINOL	Approved	""	0.004890743728582118
CYP1A2	CHEMBL:CHEMBL601110	Not Approved	""	0.01257619815921116
CYP1A2	IPRATROPIUM CATION	Approved	for treatment of chronic obstructive pulmonary disorder (COPD)	0.01467223118574635
CYP1A2	DAPSONE	Approved	""	0.01600607038445057
CYP1A2	CHLORZOXAZONE	Approved	Muscle Relaxants	0.01467223118574635
CYP1A2	BUPIVACAINE	Approved	neuralgia,analgesic,local anestethic,Local,Anesthetics	0.005178434536145772
CYP1A2	CHEMBL:CHEMBL1367935	Not Approved	""	0.08803338711447813
CYP1A2	CHEMBL:CHEMBL581929	Not Approved	""	0.01467223118574635
CYP1A2	BUSULFAN	Approved	""	0.009266672327839802
CYP1A2	DIPHENYLENEIODONIUM	Not Approved	""	0.01100417338930976
CYP1A2	ALBENDAZOLE	Approved	""	0.04401669355723906
CYP1A2	CLORGILINE	Not Approved	""	0.01760667742289562
CYP1A2	CHEMBL:CHEMBL189724	Not Approved	""	0.04401669355723906
CYP1A2	IMAZODAN	Not Approved	""	0.02934446237149271
CYP1A2	CAFFEINE	Approved	Central Nervous System Stimulants	0.004758561465647466
CYP1A2	KETOCONAZOLE	Approved	""	0.008003035192225285
CYP1A2	TRIAMTERENE	Approved	Antihypertensive Agents; Diuretics	0.004890743728582118
CYP1A2	RU 24969	Not Approved	""	0.007336115592873177
CYP1A2	2-CHLORO-5-NITRO-N-PHENYLBENZAMIDE	Not Approved	""	0.01100417338930976
CYP1A2	CHEMBL:CHEMBL227298	Not Approved	""	0.04401669355723906
CYP1A2	5-CT	Not Approved	""	0.006771799008806011
CYP1A2	MINOCYCLINE	Approved	""	0.02200834677861953
CYP1A2	BROMAZEPAM	Approved	Hypnotics and Sedatives	0.004192066053070387
CYP1A2	CHEMBL:CHEMBL259103	Not Approved	""	0.08803338711447813
CYP1A2	OLEAMIDE	Not Approved	""	0.04401669355723906
CYP1A2	FLUNISOLIDE ANHYDROUS	Approved	glucocorticoid,antiinflammatory agent	0.01600607038445057
CYP1A2	ZUCLOPENTHIXOL	Approved	Antipsychotic Agents	0.02200834677861953
CYP1A2	SB-408124	Not Approved	""	0.01100417338930976
CYP1A2	AZATHIOPRINE	Approved	""	0.004633336163919901
CYP1A2	CHEMBL:CHEMBL587259	Not Approved	""	0.01760667742289562
CYP1A2	KHELLIN	Not Approved	""	0.02200834677861953
CYP1A2	NISOLDIPINE	Approved	Antihypertensive Agents; Vasodilator Agents	0.01035686907229154
CYP1A2	CHEMBL:CHEMBL1320453	Not Approved	""	0.01257619815921116
CYP1A2	NALBUPHINE HYDROCHLORIDE	Approved	analgesic	0.01956297491432847
CYP1A2	MIDODRINE	Approved	Antihypotensive Agents; Vasoconstrictor Agents	0.02200834677861953
CYP1A2	NIFEDIPINE	Approved	Antianginal Agents; Vasodilator Agents	0.00314404953980279
CYP1A2	BENZBROMARONE	Approved	""	0.005502086694654883
CYP1A2	SKIMMIANINE	Not Approved	""	0.01760667742289562
CYP1A2	NONIVAMIDE	Approved	""	0.01760667742289562
CYP1A2	NABUMETONE	Approved	Non-Steroidal,Anti-Inflammatory Agents	0.01100417338930976
CYP1A2	PROCARBAZINE	Approved	""	0.01760667742289562
CYP1A2	CHEMBL:CHEMBL601135	Not Approved	""	0.02200834677861953
CYP1A2	ESOXYBUTYNIN	Not Approved	""	0.02200834677861953
CYP1A2	PAREGORIC	Approved	analgesic	0.00191376928509735
CYP1A2	GABAPENTIN	Approved	analgesic,for treatment of neuropathic pain	0.002200834677861953
CYP1A2	DEXAMETHASONE	Approved	for treatment of Meniere's disease,glucocorticoid,antiinflammatory agent	0.002071373814458309
CYP1A2	EPIRIZOLE	Not Approved	""	0.08803338711447813
CYP1A2	MOXISYLYTE	Approved	""	0.01257619815921116
CYP1A2	PURVALANOLA	Not Approved	""	0.01467223118574635
CYP1A2	NIFLUMIC ACID	Not Approved	NSAID	0.006771799008806011
CYP1A2	(S)-MEXILETINE	Not Approved	""	0.04401669355723906
CYP1A2	FULVESTRANT	Approved	antineoplastic agent	0.007042670969158249
CYP1A2	PROPANTHELINE	Approved	anticholinergic; Antispasmodics,GI Anti-Ulcer Agents	0.01257619815921116
CYP1A2	NEOSTIGMINE BROMIDE	Not Approved	""	0.03521335484579125
CYP1A2	HYDROCOTARNINE	Not Approved	""	0.04401669355723906
CYP1A2	TOLFENAMIC ACID	Not Approved	""	0.008803338711447813
CYP1A2	SB 218795	Not Approved	""	0.02200834677861953
CYP1A2	CHEMBL:CHEMBL296407	Not Approved	""	0.02200834677861953
CYP1A2	TOLNAFTATE	Approved	""	0.02934446237149271
CYP1A2	8-PHENYL THEOPHYLLINE	Not Approved	""	0.08803338711447813
CYP1A2	RS-17053	Not Approved	""	0.009781487457164235
CYP1A2	BERBERINE	Not Approved	""	0.01760667742289562
CYP1A2	THALIDOMIDE	Approved	antineoplastic agent	0.004758561465647466
CYP1A2	ZM336372	Not Approved	""	0.01257619815921116
CYP1A2	SB 216763	Not Approved	""	0.005868892474298542
CYP1A2	CHEMBL:CHEMBL85194	Not Approved	""	0.01467223118574635
CYP1A2	METHOXSALEN	Approved	""	0.009781487457164235
CYP1A2	INAMRINONE	Approved	Cardiotonic Agents; Phosphodiesterase Inhibitors	0.004633336163919901
CYP1A2	ZIDOVUDINE	Approved	""	0.006520991638109491
CYP1A2	SULFAPHENAZOLE	Approved	""	0.02200834677861953
CYP1A2	DIHYDREXIDINE	Not Approved	""	0.01257619815921116
CYP1A2	GENISTEIN	Approved	""	0.00151781701921514
CYP1A2	PROMAZINE	Approved	Antiemetics; Antipsychotic Agents	0.004633336163919901
CYP1A2	HARMAN	Not Approved	""	0.01467223118574635
CYP1A2	CIMETIDINE	Approved	antihistamines,GI Anti-Ulcer Agents	0.01257619815921116
CYP1A2	TYRPHOSTIN A9	Not Approved	""	0.004001517596112642
CYP1A2	PYRIDOSTIGMINE	Approved	Antimyasthenics	0.02200834677861953
CYP1A2	MONOBENZONE	Approved	""	0.02934446237149271
CYP1A2	GS39783	Not Approved	""	0.02934446237149271
CYP1A2	CHEMBL:CHEMBL177809	Not Approved	""	0.02200834677861953
CYP1A2	FUROXAN	Not Approved	""	0.01760667742289562
CYP1A2	7-NITROINDAZOLE	Not Approved	""	0.01257619815921116
CYP1A2	AG 9	Not Approved	""	0.01257619815921116
CYP1A2	FENOFIBRATE MICRONIZED	Approved	anticholesterolaemic agent,antidyslipidaemic agent	0.003385899504403005
CYP1A2	17-OCTADECYNOIC ACID	Not Approved	""	0.01760667742289562
CYP1A2	TRIAMCINOLONE	Approved	for treatment of diabetic macular edema	0.007655077140389403
CYP1A2	BECLOMETHASONE	Approved	glucocorticoid,antiinflammatory agent	0.01467223118574635
CYP1A2	CHEMBL:CHEMBL221300	Not Approved	""	0.02934446237149271
CYP1A2	ZARDAVERINE	Not Approved	""	0.02934446237149271
CYP1A2	U-0126	Not Approved	""	0.008803338711447813
CYP1A2	DANAZOL	Approved	Antineoplastic Agent,Antiendometriosis Agent	0.01100417338930976
CYP1A2	NOCODAZOLE	Not Approved	""	0.003668057796436588
CYP1A2	SC-560	Not Approved	""	0.02200834677861953
CYP1A2	TRYPTAMINE	Not Approved	""	0.007336115592873177
CYP1A2	DPCPX	Not Approved	""	0.01760667742289562
CYP1A2	VALPROIC ACID	Approved	Anticonvulsants,for treatment of basal cell carcinoma,anticonvulsant	0.003088890775946601
CYP1A2	AM-630	Not Approved	""	0.01760667742289562
CYP1A2	CHEMBL:CHEMBL1342336	Not Approved	""	0.01100417338930976
CYP1A2	CHEMBL:CHEMBL250428	Not Approved	""	0.04401669355723906
CYP1A2	CLOBENPROPIT	Not Approved	""	0.009781487457164235
CYP1A2	METHYLDOPA ANHYDROUS	Approved	Antihypertensive Agents	0.005679573362224395
CYP1A2	CHEMBL:CHEMBL527271	Not Approved	""	0.01467223118574635
CYP1A2	NITROFURANTOIN, MACROCRYSTALS	Approved	""	0.01354359801761202
CYP1A2	ETICLOPRIDE	Not Approved	""	0.01467223118574635
CYP1A2	ALTRETAMINE	Approved	""	0.08803338711447813
CYP1A2	CHLORMETHIAZOLE	Approved	""	0.004401669355723906
CYP1A2	NIRIDAZOLE	Not Approved	""	0.04401669355723906
CYP1A2	MT47-100	Not Approved	""	0.04401669355723906
CYP1A2	CLOMIPRAMINE	Approved	Tricyclic,Antidepressive Agents	0.006950004245879853
CYP1A2	TROGLITAZONE	Approved	""	0.006771799008806011
CYP1A2	ACETAMINOPHEN	Approved	analgesic	0.01015769851320901
CYP1A2	CHEMBL:CHEMBL480626	Not Approved	""	0.02200834677861953
CYP1A2	AG1478	Not Approved	""	0.01257619815921116
CYP1A2	DOXEPIN HYDROCHLORIDE	Approved	hypnotic,antimigraine agent	0.004001517596112642
CYP1A2	BUFEXAMAC	Approved	""	0.02200834677861953
CYP1A2	ANTIPSYCHOTIC AGENT	Not Approved	""	0.05868892474298542
CYP1A2	SB 215505	Not Approved	""	0.01760667742289562
CYP1A2	TICLOPIDINE	Approved	Platelet Aggregation Inhibitors	0.01354359801761202
CYP1A2	THIORIDAZINE	Approved	Antipsychotic Agents	0.00607126807686056
CYP1A2	PREP-001	Not Approved	""	0.1760667742289562
CYP1A2	5-MEO-DMT	Not Approved	""	0.01760667742289562
CYP1A2	RO19-4603	Not Approved	""	0.01100417338930976
CYP1A2	GUAIFENESIN	Approved	""	0.04401669355723906
CYP1A2	DUP-697	Not Approved	""	0.02934446237149271
CYP1A2	SULINDAC	Approved	NSAID	0.008384132106140774
CYP1A2	ETHYLISOPROPYLAMILORIDE	Not Approved	""	0.01760667742289562
CYP1A2	SB-334867	Not Approved	""	0.02200834677861953
CYP1A2	MAPROTILINE	Approved	Second-Generation,Antidepressive Agents	0.01354359801761202
CYP1A2	METHOCARBAMOL	Approved	""	0.02934446237149271
CYP1A2	CHEMBL:CHEMBL41680	Not Approved	""	0.02934446237149271
CYP1A2	TRIMIPRAMINE	Approved	Tricyclic,Antidepressive Agents	0.002667678397408428
CYP1A2	(S)-PROMETHAZINE	Not Approved	""	0.02934446237149271
CYP1A2	ISOCARBOXAZID	Approved	Antidepressive Agents	0.02934446237149271
CYP1A2	5-METHOXYTRYPTAMINE	Not Approved	""	0.04401669355723906
CYP1A2	PARBENDAZOLE	Not Approved	""	0.02934446237149271
CYP1A2	DIGOXIN	Approved	Anti-Arrhythmia Agents; Cardiotonic Agents	0.005178434536145772
CYP1A2	NB-ACETYLTRYPTAMINE	Not Approved	""	0.04401669355723906
CYP1A2	DIHYDROXIDINE	Not Approved	""	0.01100417338930976
CYP1A2	LANSOPRAZOLE SULFIDE	Not Approved	""	0.01760667742289562
CYP1A2	CHEMBL:CHEMBL336095	Not Approved	""	0.01100417338930976
CYP1A2	PIRFENIDONE	Approved	for treatment of fibrotic conditions	0.01257619815921116
CYP1A2	(-)-ROLIPRAM	Not Approved	""	0.02934446237149271
CYP1A2	SB 203186	Not Approved	""	0.02934446237149271
CYP1A2	LUTEIN	Approved	""	0.08803338711447813
CYP1A2	CLOPIDOGREL	Approved	antithrombotic,antiplatelet agent	0.002515239631842232
CYP1A2	KENPAULLONE	Not Approved	""	0.001834028898218294
CYP1A2	COUMARIN	Approved	""	0.01467223118574635
CYP1A2	OXYBENZONE	Approved	""	0.02200834677861953
CYP1A2	RECOMBINANT CYTOKINE	Not Approved	""	0.006771799008806011
CYP1A2	ETAZOLATE	Not Approved	for treatment of alzheimer's disease	0.005502086694654883
CYP1A2	MEPIVACAINE HYDROCHLORIDE	Approved	anestethic	0.01100417338930976
CYP1A2	STAVUDINE	Approved	""	0.01354359801761202
CYP1A2	CHEMBL:CHEMBL68534	Not Approved	""	0.004633336163919901
CYP1A2	SB 204741	Not Approved	""	0.007336115592873177
CYP1A2	BIFEMELANE	Not Approved	""	0.04401669355723906
CYP1A2	CLEMASTINE	Approved	Anti-Allergic Agents	0.01760667742289562
CYP1A2	DEOXYVASICINONE	Not Approved	""	0.008003035192225285
CYP1A2	ZAPRINAST	Not Approved	""	0.006771799008806011
CYP1A2	CAMPTOTHECIN	Approved	antineoplastic agent	0.002515239631842232
CYP1A2	NAPROXEN SODIUM	Approved	NSAID,antimigraine agent	0.02071373814458308
CYP1A2	QUIPAZINE	Not Approved	""	0.02200834677861953
CYP1A2	8-CYCLOPENTYLTHEOPHYLLINE	Not Approved	""	0.02200834677861953
CYP1A2	ZAFIRLUKAST	Approved	antiasthmatic agent	0.009781487457164235
CYP1A2	TICRYNAFEN	Approved	""	0.05868892474298542
CYP1A2	PIPERACETAZINE	Approved	""	0.02934446237149271
CYP1A2	FLUPHENAZINE HYDROCHLORIDE	Approved	Antipsychotic Agents	0.01200455278833792
CYP1A2	MRS1220	Not Approved	""	0.009781487457164235
CYP1A2	ETIOCHOLANOLONE	Not Approved	""	0.1760667742289562
CYP1A2	PLICAMYCIN	Approved	""	0.02934446237149271
CYP1A2	L-741,626	Not Approved	""	0.008003035192225285
CYP1A2	CHEMBL:CHEMBL476501	Not Approved	""	0.02200834677861953
CYP1A2	AMIDATE	Not Approved	""	0.04401669355723906
CYP1A2	HYDROCODONE	Approved	analgesic	0.005502086694654883
CYP1A2	CHEMBL:CHEMBL239439	Not Approved	""	0.01257619815921116
CYP1A2	CHEMBL:CHEMBL533542	Not Approved	""	0.02934446237149271
CYP1A2	TRIFLUOPERAZINE	Approved	Antiemetics; Antipsychotic Agents	0.008803338711447815
CYP1A2	RUCAPARIB	Approved	""	0.007336115592873177
CYP1A2	CHEMBL:CHEMBL601616	Not Approved	""	0.02934446237149271
CYP1A2	GREEN TEA LEAF EXTRACT	Approved	""	0.05868892474298542
CYP1A2	SEROTONIN	Not Approved	""	0.01257619815921116
CYP1A2	RIMCAZOLE	Not Approved	antineoplastic agent	0.01467223118574635
CYP1A2	(S)-ROSCOVITINE	Not Approved	""	0.01760667742289562
CYP1A2	NS-398	Not Approved	""	0.01467223118574635
CYP1A2	PF-03715455	Not Approved	""	0.02934446237149271
CYP1A2	SPIRONOLACTONE	Approved	antihypertensive agent	0.01100417338930976
CYP1A2	CHEMBL:CHEMBL258465	Not Approved	""	0.01760667742289562
CYP1A2	HALOPERIDOL DECANOATE	Approved	Antipsychotic Agents	0.00231666808195995
CYP1A2	CIPROFLOXACIN	Approved	""	0.03201214076890114
CYP1A2	TRIFLUPROMAZINE	Approved	Antiemetics; Antipsychotic Agents	0.01100417338930976
CYP1A2	MECLOFENOXATE	Not Approved	""	0.08803338711447813
CYP1A2	APOMORPHINE	Approved	antiparkinson agent,for treatment of erectile dysfunction,for treatment of sexual dysfunction in women	0.003260495819054745
CYP1A2	PROCHLORPERAZINE	Approved	antiemetic,antimigraine agent	0.00314404953980279
CYP1A2	DANTROLENE	Approved	Muscle Relaxants	0.01956297491432847
CYP1A2	CHEMBL:CHEMBL187216	Not Approved	""	0.02934446237149271
CYP1A2	CHEMBL:CHEMBL271023	Not Approved	""	0.01467223118574635
CYP1A2	FLUOXETINE HYDROCHLORIDE	Approved	for treatment of bipolar disorder,for treatment of autism,antidepressant,for treatment of sleep apnea	0.006288099079605581
CYP1A2	OFLOXACIN	Approved	""	0.01467223118574635
CYP1A2	QUINIDINE	Approved	Anti-Arrhythmia Agents	0.008803338711447813
CYP1A2	NARINGENIN	Not Approved	""	0.01257619815921116
CYP1A2	AMITRIPTYLINE HYDROCHLORIDE	Approved	analgesic	0.003912594982865694
CYP1A2	ADIPHENINE	Not Approved	""	0.04401669355723906
CYP1A2	CILOSTAZOL	Approved	Platelet Aggregation Inhibitors	0.01257619815921116
CYP1A2	TYRPHOSTIN B48	Not Approved	""	0.004633336163919901
CYP1A2	CHEMBL:CHEMBL471225	Not Approved	""	0.01760667742289562
CYP1A2	DIOXYBENZONE	Not Approved	""	0.02200834677861953
CYP1A2	SB 204070	Not Approved	""	0.02200834677861953
CYP1A2	4',7-DIMETHOXY-5-HYDROXYGENISTEIN	Not Approved	""	0.009781487457164235
CYP1A2	ACEPROMAZINE	Approved	""	0.04401669355723906
CYP1A2	AJMALICINE	Approved	""	0.006771799008806011
CYP1A2	CHEMBL:CHEMBL1079460	Not Approved	""	0.006771799008806011
CYP1A2	BUDESONIDE	Approved	glucocorticoid,antiinflammatory agent	0.01354359801761202
CYP1A2	DIHYDROCAPSAICIN	Not Approved	""	0.02200834677861953
CYP1A2	THERAPEUTIC CORTICOSTEROID	Not Approved	""	0.004192066053070387
CYP1A2	DACTINOMYCIN	Approved	""	0.005030479263684465
CYP1A2	CHEMBL:CHEMBL1317986	Not Approved	""	0.02200834677861953
CYP1A2	CHEMBL:CHEMBL1288013	Not Approved	""	0.02200834677861953
CYP1A2	CHLORPROPAMIDE	Approved	Hypoglycemic Agents	0.01600607038445057
CYP1A2	DOFETILIDE	Approved	Anti-Arrhythmia Agents	0.01354359801761202
CYP1A2	CARVEDILOL	Approved	cardiovascular agent,for treatment of congestive heart failure	0.006771799008806011
CYP1A2	METYROSINE	Approved	Catecholamine synthesis inhibitors	0.01354359801761202
CYP1A2	DICLOFENAC SODIUM	Approved	for treatment of glaucoma,analgesic,NSAID	0.005178434536145772
CYP1A2	CHEMBL:CHEMBL1491455	Not Approved	""	0.08803338711447813
CYP1A2	5-(N-METHYL-N-ISOBUTYL)AMILORIDE	Not Approved	""	0.02200834677861953
PTH1R	9-AMINOCAMPTOTHECIN	Not Approved	""	0.3389857049278281
PTH1R	PARATHYROID HORMONE	Approved	antiosteoporotic agent	2.485895169470739
PTH1R	ABALOPARATIDE	Approved	""	3.728842754206109
PTH1R	CHEMBL:CHEMBL586870	Not Approved	""	3.728842754206109
PTH1R	TERIPARATIDE ACETATE	Approved	""	3.728842754206109
PTH1R	CHEMBL:CHEMBL599896	Not Approved	""	1.864421377103054
PTH1R	ESTRADIOL VALERATE	Approved	for treatment of menopausal symptoms,contraceptive,treatment for menopause,hormone replacement	0.1586741597534514
PTH1R	PARATHYROID HORMONE	Not Approved	antiosteoporotic agent	1.864421377103054
PTH1R	OSTABOLIN-C	Not Approved	antiosteoporotic agent	2.485895169470739
PTH1R	RECOMBINANT TRANSFORMING GROWTH FACTOR	Not Approved	""	0.3389857049278281
PTH1R	DEXAMETHASONE	Approved	for treatment of Meniere's disease,glucocorticoid,antiinflammatory agent	0.08773747656955551
PTH1R	PTHRP	Not Approved	""	2.485895169470739
PTH1R	PCO-371	Not Approved	""	1.864421377103054
PTH1R	TERIPARATIDE	Approved	antiosteoporotic agent	2.796632065654582
MIF	TETRADECANOYLPHORBOL ACETATE	Not Approved	""	0.378288395354243
MIF	4-PHENYLENEDIAMINE	Not Approved	""	2.48589516947074
MIF	IGURATIMOD	Not Approved	""	1.24294758473537
MIF	IMALUMAB	Not Approved	""	8.700633093147589
MIF	CHEMBL:CHEMBL524449	Not Approved	""	17.40126618629517
MIF	ISO-1	Not Approved	""	8.700633093147589
MAPK1	NAFTOPIDIL	Approved	""	0.04971790338941479
MAPK1	INDIRUBIN-3'-MONOXIME	Not Approved	""	0.01570039054402572
MAPK1	U-0126	Not Approved	""	0.02983074203364887
MAPK1	LITHOCHOLIC ACID	Not Approved	""	0.02294672464126837
MAPK1	LEVODOPA	Approved	antiparkinson agent	0.01657263446313826
MAPK1	SB203580	Not Approved	""	0.01028646277022374
MAPK1	RELCOVAPTAN	Not Approved	""	0.03314526892627652
MAPK1	SB220025	Not Approved	""	0.009622820010854476
MAPK1	CHEMBL:CHEMBL222556	Not Approved	""	0.02711885639422625
MAPK1	CHEMBL:CHEMBL1814509	Not Approved	""	0.04261534576235554
MAPK1	TYRPHOSTIN AG 835	Not Approved	""	0.02711885639422625
MAPK1	CHEMBL:CHEMBL580183	Not Approved	""	0.05966148406729775
MAPK1	CHEMBL:CHEMBL429095	Not Approved	""	0.005966148406729775
MAPK1	REFAMETINIB	Not Approved	antineoplastic agent	0.02711885639422625
MAPK1	RAVOXERTINIB	Not Approved	""	0.1491537101682443
MAPK1	DAPH	Not Approved	""	0.02983074203364887
MAPK1	WEDELOLACTONE	Not Approved	""	0.0542377127884525
MAPK1	GF109203X	Not Approved	""	0.03728842754206109
MAPK1	PHENYLMERCURIC ACETATE	Not Approved	""	0.01491537101682443
MAPK1	URSODIOL	Approved	for prevention of recurrence of colorectal polyps	0.03728842754206109
MAPK1	CHEMBL:CHEMBL484662	Not Approved	""	0.09943580677882959
MAPK1	COMBRETASTATIN A4	Not Approved	""	0.03314526892627652
MAPK1	CHEMBL:CHEMBL1224755	Not Approved	""	0.02711885639422625
MAPK1	CALCIMYCIN	Not Approved	""	0.01570039054402572
MAPK1	CHEMBL:CHEMBL578741	Not Approved	""	0.01420511525411851
MAPK1	LADUVIGLUSIB	Not Approved	""	0.01988716135576591
MAPK1	GLYBURIDE	Approved	Hypoglycemic Agents,antidiabetic	0.02057292554044749
MAPK1	CHEMBL:CHEMBL532849	Not Approved	""	0.07457685508412219
MAPK1	SANGUINARIUM CHLORIDE	Not Approved	""	0.03728842754206109
MAPK1	FREUND'S ADJUVANT	Not Approved	""	0.04971790338941479
MAPK1	NVP-TAE684	Not Approved	""	0.002896188546956201
MAPK1	CHEMBL:CHEMBL585628	Not Approved	""	0.04971790338941479
MAPK1	DEMETHYLWEDELOLACTONE	Not Approved	""	0.1193229681345955
MAPK1	PURPURIN	Not Approved	""	0.01420511525411851
MAPK1	HUMAN CHORIONIC GONADOTROPIN	Approved	""	0.03140078108805145
MAPK1	SPINASAPONIN A METHYL ESTER	Not Approved	""	0.2983074203364887
MAPK1	PD-169316	Not Approved	""	0.02485895169470739
MAPK1	DIPHENHYDRAMINE HYDROCHLORIDE	Approved	""	0.07457685508412219
MAPK1	RS-17053	Not Approved	""	0.03314526892627652
MAPK1	CHELERYTHRINE CHLORIDE	Not Approved	""	0.07457685508412219
MAPK1	CI-1040	Not Approved	""	0.0175474953139111
MAPK1	PF-562271	Not Approved	""	0.002762105743856377
MAPK1	CIMIRACEMATE A	Not Approved	""	0.2983074203364887
MAPK1	MADOLIN U	Not Approved	""	0.1491537101682443
MAPK1	2-CHLOROADENOSINE	Not Approved	""	0.02711885639422625
MAPK1	CHEMBL:CHEMBL329785	Not Approved	""	0.2983074203364887
MAPK1	MIBEFRADIL	Not Approved	""	0.0175474953139111
MAPK1	PHOSPHATIDYLINOSITIDE 3-KINASE INHIBITOR	Not Approved	""	0.1491537101682443
MAPK1	MADOLIN T	Not Approved	""	0.1491537101682443
MAPK1	ISOVELLERAL	Not Approved	""	0.01864421377103054
MAPK1	RO31-8220	Not Approved	""	0.03728842754206109
MAPK1	PHENMEDIPHAM	Not Approved	""	0.07457685508412219
MAPK1	CHEMBL:CHEMBL531322	Not Approved	""	0.04971790338941479
MAPK1	DERRUBONE	Not Approved	""	0.04971790338941479
MAPK1	ETHER	Not Approved	""	0.09943580677882959
MAPK1	PLUMBAGIN	Not Approved	""	0.02294672464126837
MAPK1	GOSSYPOL	Not Approved	""	0.006214737923676849
MAPK1	GDNF	Not Approved	""	0.2983074203364887
MAPK1	CHEMBL:CHEMBL428789	Not Approved	""	0.01988716135576591
MAPK1	CHEMBL:CHEMBL2333543	Not Approved	""	0.1491537101682443
MAPK1	CAPTAN	Not Approved	""	0.02294672464126837
MAPK1	URACIL	Not Approved	""	0.1491537101682443
MAPK1	OPHIOBOLIN O	Not Approved	""	0.09943580677882959
MAPK1	ULIXERTINIB	Not Approved	""	0.05966148406729775
MAPK1	FISETIN	Not Approved	""	0.02294672464126837
MAPK1	GAMBOGIC AMIDE	Not Approved	""	0.09943580677882959
MAPK1	KO-947	Not Approved	""	0.05966148406729775
MAPK1	ARISTOLACTONE	Not Approved	""	0.1491537101682443
MAPK1	ECONAZOLE NITRATE	Approved	""	0.02130767288117777
MAPK1	ASN007	Not Approved	""	0.1491537101682443
MAPK1	DOXIFLURIDINE	Not Approved	""	0.1491537101682443
MAPK1	PROGESTERONE	Approved	for reducing the risk of pre-term birth for women with short cervix a mid-pregnancy,for prevention of preterm delivery,for symptomatic treatment of menopausal symptoms,neuroprotectant for stroke victims	0.005056057971804894
MAPK1	R-1487	Not Approved	""	0.03314526892627652
MAPK1	CHEMBL:CHEMBL581872	Not Approved	""	0.04261534576235554
MAPK1	SP-600125	Not Approved	""	0.003351768767825717
MAPK1	PHA-767491	Not Approved	""	0.004519809399037709
MAPK1	MADOLIN A	Not Approved	""	0.1491537101682443
MAPK1	CHEMBL:CHEMBL2333548	Not Approved	""	0.1491537101682443
MAPK1	CHEMBL:CHEMBL597035	Not Approved	""	0.04971790338941479
MAPK1	RG-1530	Not Approved	""	0.003173483195069029
MAPK1	CHEMBL:CHEMBL547833	Not Approved	""	0.03728842754206109
MAPK1	BENZALKONIUM CHLORIDE	Approved	""	0.1491537101682443
MAPK1	CHLORHEXIDINE HYDROCHLORIDE	Approved	""	0.04971790338941479
MAPK1	GW282974X	Not Approved	""	0.03728842754206109
MAPK1	CHEMBL:CHEMBL581574	Not Approved	""	0.04261534576235554
MAPK1	TREQUINSIN HYDROCHLORIDE	Not Approved	""	0.05966148406729775
MAPK1	THIMEROSAL	Approved	""	0.0129698878407169
MAPK1	PATULIN	Not Approved	""	0.03314526892627652
MAPK1	PIMOZIDE	Approved	Antidyskinetics; Antipsychotic Agents	0.008773747656955553
MAPK1	CHEMBL:CHEMBL2088730	Not Approved	""	0.2983074203364887
MAPK1	ARSENIC TRIOXIDE	Approved	antineoplastic agent	0.01147336232063418
MAPK1	MEK1/2 INHIBITOR	Not Approved	""	0.09943580677882959
MAPK1	SORAFENIB	Approved	antineoplastic agent	0.005187955136286761
MAPK1	CHEMBL:CHEMBL1493528	Not Approved	""	0.03314526892627652
MAPK1	BAY 61-3606	Not Approved	""	0.00727579073991436
MAPK1	CLIOQUINOL	Approved	""	0.01657263446313826
MAPK1	TRIFLUOPERAZINE	Approved	Antiemetics; Antipsychotic Agents	0.009943580677882959
MAPK1	BIOCHANIN A	Not Approved	""	0.02485895169470739
MAPK1	CHEMBL:CHEMBL580340	Not Approved	""	0.04971790338941479
MAPK1	DOXORUBICIN HYDROCHLORIDE	Approved	antineoplastic agent	0.002015590677949248
MAPK1	ZIRAM	Not Approved	""	0.02294672464126837
MAPK1	GAMBOGIC ACID	Not Approved	""	0.06629053785255305
MAPK1	CHLORANIL	Not Approved	""	0.01988716135576591
MAPK1	CHLOROTHALONIL	Not Approved	""	0.02485895169470739
MAPK1	1,4-BENZOQUINONE	Not Approved	""	0.1988716135576591
MAPK1	REBAMIPIDE	Not Approved	""	0.1988716135576591
MAPK1	QUINALIZARIN	Not Approved	""	0.01988716135576591
MAPK1	NECA	Not Approved	""	0.03314526892627652
MAPK1	PESUDOGINSENOSIDE RP1 METHYL ESTER	Not Approved	""	0.2983074203364887
MAPK1	CHEMBL:CHEMBL126804	Not Approved	""	0.04971790338941479
MAPK1	CANTHARIDIN	Approved	""	0.09943580677882959
MAPK1	CHEMBL:CHEMBL2088731	Not Approved	""	0.2983074203364887
MAPK1	ALSTERPAULLONE	Not Approved	""	0.005736681160317092
MAPK1	DAUNORUBICIN HYDROCHLORIDE	Approved	""	0.009039618798075418
MAPK1	DIHYDROGAMBOGIC ACID	Not Approved	""	0.02711885639422625
MAPK1	CHEMBL:CHEMBL578944	Not Approved	""	0.02711885639422625
MAPK1	CHEMBL:CHEMBL184074	Not Approved	""	0.07457685508412219
MAPK1	AG1478	Not Approved	""	0.04261534576235554
MAPK1	SANGUINARIUM	Not Approved	""	0.01193229681345955
MAPK1	CHEMBL:CHEMBL2063687	Not Approved	""	0.2983074203364887
MAPK1	SAPPANONE A TRIMETHYL ETHER	Not Approved	""	0.07457685508412219
MAPK1	SANGUINARINE SULFATE	Not Approved	""	0.02294672464126837
MAPK1	CHEMBL:CHEMBL1270169	Not Approved	""	0.04971790338941479
MAPK1	CHEMBL:CHEMBL29197	Not Approved	""	0.07457685508412219
MAPK1	CHEMBL:CHEMBL581194	Not Approved	""	0.05966148406729775
MAPK1	CHEMBL:CHEMBL530280	Not Approved	""	0.04971790338941479
MAPK1	LORATADINE	Approved	antiasthmatic agent	0.01570039054402572
MAPK1	ARISTOYUNNOLIN A	Not Approved	""	0.1491537101682443
MAPK1	CHEMBL:CHEMBL586031	Not Approved	""	0.02294672464126837
MAPK1	WZ4002	Not Approved	""	0.04261534576235554
MAPK1	CHEMBL:CHEMBL505670	Not Approved	""	0.008523069152471108
MAPK1	CHEMBL:CHEMBL1485809	Not Approved	""	0.2983074203364887
MAPK1	MERCURIC CHLORIDE	Not Approved	""	0.01491537101682443
MAPK1	ZAFIRLUKAST	Approved	antiasthmatic agent	0.01657263446313826
MAPK1	TYRPHOSTIN 47	Not Approved	""	0.01864421377103054
MAPK1	ETOPOSIDE	Approved	Antineoplastic Agents	0.01028646277022374
MAPK1	ACID BLUE 129	Not Approved	""	0.01570039054402572
MAPK1	BUMETANIDE	Approved	Antihypertensive Agents; Diuretics	0.03314526892627652
MAPK1	ZALCITABINE	Approved	""	0.04971790338941479
MAPK1	GENTIAN VIOLET CATION	Approved	""	0.01570039054402572
MAPK1	CHEMBL:CHEMBL609606	Not Approved	""	0.02983074203364887
MAPK1	IPRIFLAVONE	Not Approved	""	0.02485895169470739
MAPK1	VOLVALERENAL D	Not Approved	""	0.1491537101682443
MAPK1	TEMUTERKIB	Not Approved	""	0.08523069152471109
MAPK1	MITOXANTRONE HYDROCHLORIDE	Approved	""	0.009322106885515274
MAPK1	NIFEDIPINE	Approved	Antianginal Agents; Vasodilator Agents	0.005326918220294443
MAPK1	CHEMBL:CHEMBL1519374	Not Approved	""	0.01864421377103054
MAPK1	PHENETHYLISOTHIOCYANATE	Not Approved	""	0.07457685508412219
MAPK1	CHEMBL:CHEMBL1939691	Not Approved	""	0.07457685508412219
MAPK1	ERLOTINIB	Approved	antineoplastic agent	0.005326918220294443
MAPK1	CHEMBL:CHEMBL154580	Not Approved	""	0.02711885639422625
MAPK1	AHPN	Not Approved	""	0.04261534576235554
MAPK1	CHEMBL:CHEMBL84010	Not Approved	""	0.01988716135576591
MAPK1	MITOXANTRONE	Approved	antineoplastic agent	0.006779714098556563
MAPK1	ALPHA-NAPHTHOFLAVONE	Not Approved	""	0.04261534576235554
MAPK1	JNK INHIBITOR VIII	Not Approved	""	0.03314526892627652
MAPK1	MUNDULONE	Not Approved	""	0.07457685508412219
MAPK1	PD-98059	Not Approved	""	0.008062362711796995
MAPK1	SB202190	Not Approved	""	0.008286317231569132
MAPK1	CHEMBL:CHEMBL2095095	Not Approved	""	0.01657263446313826
MAPK1	IROFULVEN	Not Approved	""	0.1988716135576591
MAPK1	GO-6976	Not Approved	""	0.006937381868290436
MAPK1	ELLAGIC ACID	Not Approved	""	0.01065383644058888
MAPK1	HAEMATOXYLIN	Not Approved	""	0.01147336232063418
MAPK1	XANTHOHUMOL	Not Approved	""	0.09943580677882959
MAPK1	GR 127935	Not Approved	""	0.01028646277022374
MAPK1	AG 112	Not Approved	""	0.07457685508412219
MAPK1	CHEMBL:CHEMBL2063681	Not Approved	""	0.2983074203364887
MAPK1	GUTHION	Not Approved	""	0.02485895169470739
MAPK1	CLOTRIMAZOLE	Approved	""	0.008062362711796995
MAPK1	MUNDULONE ACETATE	Not Approved	""	0.09943580677882959
MAPK1	MK-8353	Not Approved	""	0.04971790338941479
MAPK1	WITHAFERIN A	Not Approved	""	0.04971790338941479
MAPK1	CHEMBL:CHEMBL421215	Not Approved	""	0.03314526892627652
MAPK1	YUANHUADINE	Not Approved	""	0.1193229681345955
MUC5AC	YTTRIUM Y 90 CLIVATUZUMAB TETRAXETAN	Not Approved	""	13.05094963972138
MUC5AC	ENSITUXIMAB	Not Approved	""	6.525474819860691
MUC5AC	CLIVATUZUMAB TETRAXETAN	Not Approved	""	13.05094963972138
MUC5AC	THERAPEUTIC GLUCOCORTICOID	Not Approved	""	0.7677029199836107
IL11	AZACITIDINE	Approved	antineoplastic agent	0.3262737409930346
IL11	FLUOROURACIL	Approved	""	0.1687622798239833
IL11	CITALOPRAM	Approved	antidepressant,Second-Generation,Antidepressive Agents	0.5593264131309164
IL11	ANTISENSE OLIGONUCLEOTIDES	Not Approved	""	0.3954833224157995
IL11	RECOMBINANT FIBROBLAST GROWTH FACTOR 2	Not Approved	""	1.186449967247398
IL11	DOXORUBICIN HYDROCHLORIDE	Approved	antineoplastic agent	0.08818209216027961
IL11	ALENDRONATE SODIUM	Approved	Bisphosphonates	1.087579136643448
IL11	ETIDRONIC ACID	Approved	""	0.9322106885515274
JAG1	MARALIXIBAT	Approved	""	8.700633093147589
JAG1	ODEVIXIBAT	Approved	""	2.900211031049196
JAG1	HYDROCORTISONE BUTYRATE	Approved	""	0.8286317231569131
TYR	KOJIC ACID	Approved	""	7.11869980348439
TYR	IMMUNOTHERAPY REGIMEN MKC-1106-MT	Not Approved	""	2.372899934494797
TYR	MELANOMA VACCINE	Not Approved	""	1.186449967247398
TYR	MONOBENZONE	Approved	""	3.163866579326396
TYR	ARBUTIN	Approved	""	4.745799868989594
TYR	LUTEOLIN	Not Approved	""	0.1483062459059248
TYR	N-PHENYLTHIOUREA	Not Approved	""	4.745799868989594
TYR	MEQUINOL	Approved	""	4.745799868989594
TYR	CHRYSIN	Approved	""	0.3389857049278281
TYR	HYDROQUINONE	Approved	""	0.2791646981758585
TYR	ALPHA-THUJAPLICIN	Not Approved	""	9.491599737979188
DCT	CGS-27023A	Not Approved	""	1.087579136643448
DCT	(R)-ND-336	Not Approved	""	2.900211031049196
DCT	ILOMASTAT	Not Approved	""	0.3480253237259035
DCT	TP0556351	Not Approved	""	1.450105515524598
DCT	AMPHOTERICIN B LIPOSOMAL	Approved	""	1.338558937407321
DCT	COMPOUND 29E [PMID: 23631440]	Not Approved	""	4.350316546573794
BCKDHA	(R)-16 [PMID: 32267688]	Not Approved	""	0.5273110965543993
BCKDHA	CHIGLITAZAR	Not Approved	""	0.3163866579326396
BCKDHA	GW409544	Not Approved	""	0.790966644831599
BCKDHA	LY-465608	Not Approved	""	0.790966644831599
BCKDHA	SELADELPAR	Approved	""	0.3954833224157995
BCKDHA	LANIFIBRANOR	Not Approved	""	0.2636555482771996
BCKDHA	CIPROFIBRATE	Approved	""	0.3954833224157995
BCKDHA	GW7647	Not Approved	""	0.05273110965543994
BCKDHA	MK-0767	Not Approved	""	0.790966644831599
BCKDHA	NS-220	Not Approved	""	1.581933289663198
BCKDHA	CLOFIBRATE	Approved	Anticholesteremic Agents	0.09887083060394987
BCKDHA	REGLITAZAR	Not Approved	""	0.790966644831599
BCKDHA	AZD4619	Not Approved	""	1.581933289663198
BCKDHA	IMIGLITAZAR	Not Approved	""	0.5273110965543993
BCKDHA	TZD18	Not Approved	""	0.790966644831599
BCKDHA	N-OLEOYLETHANOLAMIDE	Not Approved	""	0.2636555482771996
BCKDHA	PIRINIXIC ACID	Not Approved	""	0.2636555482771996
BCKDHA	FARGLITAZAR	Not Approved	""	0.3954833224157995
BCKDHA	EDAGLITAZONE	Not Approved	""	0.790966644831599
BCKDHA	BEZAFIBRATE	Approved	antidiabetic	0.3954833224157995
BCKDHA	GW6471	Not Approved	""	1.581933289663198
BCKDHA	ELAFIBRANOR	Approved	""	0.3954833224157995
BCKDHA	GEMFIBROZIL	Approved	Antilipemic Agents	0.1216871761279383
BCKDHA	RAGAGLITAZAR	Not Approved	""	0.5273110965543993
BCKDHA	GW9578	Not Approved	""	0.5273110965543993
BCKDHA	FENOFIBRATE MICRONIZED	Approved	anticholesterolaemic agent,antidyslipidaemic agent	0.06084358806396916
BCKDHA	DRF 2519	Not Approved	""	1.581933289663198
BCKDHA	LY-510929	Not Approved	""	0.790966644831599
BCKDHA	PRISTANIC ACID	Not Approved	""	1.581933289663198
BCKDHA	LY-518674	Not Approved	anticholesterolaemic agent	0.790966644831599
BCKDHA	8S-HETE	Not Approved	""	1.581933289663198
BCKDHA	AD-5061	Not Approved	""	0.790966644831599
BCKDHA	CP-775146	Not Approved	""	1.581933289663198
GSTZ1	DICHLOROACETIC ACID	Approved	""	34.80253237259035
CBS	METHIONINE	Approved	""	4.176303884710842
CBS	[3H]2-DEOXYGLUCOSE	Not Approved	""	2.610189927944276
CBS	COMPOUND 30 [PMID: 22468970]	Not Approved	""	10.4407597117771
CBS	BETAINE	Approved	""	2.088151942355421
CBS	VITAMIN B6	Approved	""	3.480253237259035
BRCA2	CEDIRANIB	Not Approved	antineoplastic agent	0.0274179614279861
BRCA2	VELIPARIB	Not Approved	""	0.4187470472637877
BRCA2	VANILLIN	Not Approved	""	0.5118019466557405
BRCA2	EPICATECHIN	Not Approved	""	0.1181081415359401
BRCA2	NIRAPARIB	Approved	antineoplastic agent	0.2709539717589214
BRCA2	PIDNARULEX	Not Approved	""	0.7677029199836107
BRCA2	PLATINUM COMPOUND	Not Approved	""	0.1919257299959026
BRCA2	EPIGALLOCATECHIN	Not Approved	""	0.7677029199836107
BRCA2	GENISTEIN	Approved	""	0.02647251448219347
BRCA2	THEAFLAVIN	Not Approved	""	1.535405839967221
BRCA2	PHLORETIN	Not Approved	""	0.3070811679934442
BRCA2	DASATINIB ANHYDROUS	Approved	antineoplastic agent	0.02020270842062133
BRCA2	CISPLATIN	Approved	""	0.02088987537370369
BRCA2	LUTEOLIN	Not Approved	""	0.7677029199836107
BRCA2	TALAZOPARIB	Approved	""	0.2193436914238888
BRCA2	INIPARIB	Not Approved	antineoplastic agent	0.7677029199836107
BRCA2	CARBOPLATIN	Approved	""	0.01785355627868862
BRCA2	QUARFLOXIN	Not Approved	""	0.5118019466557405
BRCA2	SACITUZUMAB GOVITECAN	Approved	""	0.1706006488852468
BRCA2	6-METHYLFLAVONE	Not Approved	""	0.7677029199836107
BRCA2	GEMCITABINE	Approved	antineoplastic agent	0.01668919391268719
BRCA2	BOSUTINIB	Approved	antineoplastic agent	0.06675677565074876
BRCA2	OLAPARIB	Approved	""	0.3337838782537438
BRCA2	EPICATECHIN GALLATE	Not Approved	""	0.3070811679934442
BRCA2	SCUTELLAREIN	Not Approved	""	0.7677029199836107
BRCA2	RUCAPARIB	Approved	""	0.3198762166598378
BRCA2	THEAFLAVIN-3′-O-GALLATE	Not Approved	""	1.535405839967221
BRCA2	DATISCETIN	Not Approved	""	0.7677029199836107
BRCA2	(&PLUSMN;)-EQUOL	Not Approved	""	0.7677029199836107
BRCA2	L-TRP-TRP-TRP	Not Approved	""	0.3070811679934442
BRCA2	NARINGENIN	Not Approved	""	0.7677029199836107
BRCA2	ENZALUTAMIDE	Approved	antineoplastic agent	0.09596286499795134
BRCA2	PARP/TANKYRASE INHIBITOR 2X-121	Not Approved	""	0.3070811679934442
BRCA2	TEMOZOLOMIDE	Approved	""	0.07311456380796293
HGF	ASPIRIN	Approved	NSAID	0.04511996418226926
HGF	FICLATUZUMAB	Not Approved	antineoplastic agent	10.03919203055491
HGF	SOMATROPIN (RECOMBINANT DNA ORIGIN)	Approved	growth hormone replacement therapy,hormone replacement,for treatment of spinal muscular atrophy,For treatment of growth disorders	0.2677117874814643
HGF	NANOPARTICLE ALBUMIN-BOUND THIOCOLCHICINE DIMER NAB-5404	Not Approved	""	0.5019596015277455
HGF	WORTMANNIN	Not Approved	""	0.1434170290079273
HGF	RILOTUMUMAB	Not Approved	antineoplastic agent	10.03919203055491
HGF	RESVERATROL	Approved	antineoplastic agent,antidiabetic,for treatment of herpes simplex virus 1	0.08195258800452988
HGF	VEGF/HGF-TARGETING DARPIN MP0250	Not Approved	""	1.003919203055491
HGF	IMATINIB	Approved	antineoplastic agent	0.05577328905863839
HGF	GONADOTROPIN, CHORIONIC	Approved	""	2.007838406110982
HGF	SHO-SAIKO-TO	Not Approved	""	1.003919203055491
HGF	RESERPINE	Approved	Antihypertensive Agents; Antipsychotic Agents	0.1544491081623832
HGF	METHOTREXATE	Approved	DMARD	0.03650615283838149
HGF	PANCREATIC PROTEOLYTIC ENZYMES	Not Approved	""	1.003919203055491
HGF	NSC61610	Not Approved	""	2.007838406110982
HGF	HEPARIN	Approved	for treatment of cystic fibrosis,for treatment of pelvic pain of bladder origin and interstitital cystitis,antithrombotic,anticoagulant	0.1254899003819364
HGF	EPIGALLOCATECHIN GALLATE	Approved	""	0.2362162830718802
HGF	STREPTOZOCIN	Approved	""	0.08729732200482532
HGF	TRASTUZUMAB	Approved	antineoplastic agent	0.07436438541151785
HGF	CABOZANTINIB S-MALATE	Approved	antineoplastic agent	0.09126538209595374
HGF	THALIDOMIDE	Approved	antineoplastic agent	0.1085318057357287
HGF	CA19-9 ANTIGEN	Not Approved	""	2.007838406110982
HGF	OMILANCOR	Not Approved	""	2.007838406110982
HGF	ANTI-HGF MONOCLONAL ANTIBODY TAK-701	Not Approved	""	2.007838406110982
HGF	ABSCISIC ACID	Not Approved	""	1.003919203055491
HGF	RECOMBINANT INTERLEUKIN-1	Not Approved	antineoplastic agent	0.2230931562345535
HPD	OXIDOPAMINE	Not Approved	""	1.305094963972138
HPD	NITISINONE	Approved	antiparkinson agent,for treatment of hereditary tyrosinemia type 1 (HT-1),for treatment of restlegs legs syndrome	52.20379855888553
HPD	IAG933	Not Approved	""	2.610189927944276
HPD	GNE-7883	Not Approved	""	3.262737409930345
SMO	LEQ506	Not Approved	""	8.700633093147589
SMO	PATIDEGIB	Not Approved	""	4.350316546573794
SMO	SONIDEGIB	Approved	antineoplastic agent	5.075369304336093
SMO	TAK-441	Not Approved	""	8.700633093147589
SMO	BMS-833923	Not Approved	""	8.700633093147589
SMO	GLASDEGIB MALEATE	Approved	""	4.350316546573794
SMO	GLASDEGIB	Approved	""	3.262737409930345
SMO	GEFITINIB	Approved	antineoplastic agent	0.06493009771005663
SMO	ARSENIC TRIOXIDE	Approved	antineoplastic agent	0.1673198671759151
SMO	PURMORPHAMINE	Not Approved	""	4.350316546573794
SMO	TALADEGIB	Not Approved	""	6.525474819860691
SMO	VISMODEGIB	Approved	""	15.22610791300828
ACE2	COMPOUND 28 [PMID: 18324760]	Not Approved	""	5.220379855888553
ACE2	MLN-4760	Not Approved	for treatment of ulcerative colitis,for treatment of Chron's disease	10.4407597117771
ACE2	ALUNACEDASE ALFA	Not Approved	""	10.4407597117771
ACE2	DX600	Not Approved	""	5.220379855888553
ACE2	ORE-1001	Not Approved	""	5.220379855888553
ACE2	XNT [PMID: 18391097]	Not Approved	""	5.220379855888553
ACE2	LISINOPRIL ANHYDROUS	Approved	antihypertensive agent	0.6525474819860692
ACE2	CPS4	Not Approved	""	5.220379855888553
ACE2	ABZ-SER-PRO-TYR(NO2)-OH	Not Approved	""	5.220379855888553
ACE2	BCY15291	Not Approved	""	5.220379855888553
CD8A	PHLORIZIN	Not Approved	""	26.10189927944276
GPC3	ANTI-GLYPICAN 3/CD3 BISPECIFIC ANTIBODY ERY974	Not Approved	""	5.220379855888553
GPC3	CODRITUZUMAB	Not Approved	""	2.610189927944276
GPC3	ANTI-GPC3-CAR AUTOLOGOUS T LYMPHOCYTES	Not Approved	""	5.220379855888553
GPC3	GSK8814	Not Approved	""	2.610189927944276
GPC3	COMPOUND 23 [PMID: 31398032]	Not Approved	""	2.610189927944276
GPC3	CODRITUZUMAB	Not Approved	""	10.4407597117771
GPC3	COMPOUND 33 [PMID: 26230603]	Not Approved	""	5.220379855888553
GPC3	COMPOUND 60 [PMID: 26155854]	Not Approved	""	5.220379855888553
GPC3	COMPOUND 57 [PMID: 26155854]	Not Approved	""	5.220379855888553
GPC3	AZ13824374	Not Approved	""	5.220379855888553
GLI1	GARCINOL	Not Approved	""	0.6214737923676849
GLI1	CHEMBL:CHEMBL1934585	Not Approved	""	4.971790338941479
GLI1	I-CBP112	Not Approved	""	0.8286317231569132
GLI1	CBPD-409	Not Approved	""	1.242947584735369
GLI1	CHEMBL:CHEMBL512307	Not Approved	""	4.971790338941479
GLI1	H3-COA-20	Not Approved	""	1.242947584735369
GLI1	WITHAFERIN A	Not Approved	""	0.4143158615784566
GLI1	CHEMBL:CHEMBL471694	Not Approved	""	4.971790338941479
GLI1	SGC-CBP30	Not Approved	""	1.242947584735369
GLI1	PLUMBAGIN	Not Approved	""	1.242947584735369
GLI1	CURCUMIN	Not Approved	""	1.242947584735369
GLI1	C646	Not Approved	""	2.485895169470739
GLI1	TRETINOIN	Approved	for treatment of acne	0.05463505866968658
GLI1	ANACARDIC ACID	Not Approved	""	0.3551278813529628
GLI1	TTK21	Not Approved	""	1.242947584735369
GLI1	EPIGALLOCATECHIN-3-GALLATE	Not Approved	""	0.1381052871928188
GLI1	CBPD-268	Not Approved	""	0.8286317231569132
GLI1	LYS-COA	Not Approved	""	1.242947584735369
GLI1	INOBRODIB	Not Approved	""	1.242947584735369
GLI1	COLUBRINIC ACID	Not Approved	""	4.971790338941479
GLI1	BETULINIC ACID	Not Approved	""	0.9943580677882958
APP	VALILTRAMIPROSATE	Not Approved	for treatment of Alzheimer's disease	1.581933289663198
APP	CLIOQUINOL	Approved	""	0.08788518275906655
APP	PROPOFOL	Approved	sedative	0.05103010611816767
APP	NIROGACESTAT	Approved	""	0.05649761748797136
APP	BAPINEUZUMAB	Not Approved	for treatment of alzheimer's disease	2.372899934494797
APP	TRIAZINATE	Not Approved	""	1.581933289663198
APP	GANTENERUMAB	Not Approved	for treatment of Alzheimer's disease	2.372899934494797
APP	NANOLUCIFERASE-LABELLED RELAXIN	Not Approved	""	0.790966644831599
APP	ML290	Not Approved	""	0.790966644831599
APP	ADUCANUMAB	Approved	for treatment of alzheimer's disease	3.163866579326396
APP	TAMRLX	Not Approved	""	0.3954833224157995
APP	AZD5462	Not Approved	""	0.790966644831599
APP	A(4-24)(B7-24)H2	Not Approved	""	0.3954833224157995
APP	SOLANEZUMAB	Not Approved	for treatment of Alzheimer's disease	2.372899934494797
APP	GSK933776	Not Approved	""	2.372899934494797
APP	CAPROSPINOL	Not Approved	for treatment of alzheimer's disease	0.790966644831599
APP	CHEMBL:CHEMBL477841	Not Approved	""	1.581933289663198
APP	(B7-33)H2	Not Approved	""	0.790966644831599
APP	METHYLINOSITOL	Not Approved	for treatment of Alzheimer's disease	0.2636555482771996
APP	3,5-DICAFFEOYLQUINIC ACID	Not Approved	""	1.581933289663198
APP	TRAMIPROSATE	Not Approved	for treatment of Alzheimer's disease	2.372899934494797
APP	RESVERATROL	Approved	antineoplastic agent,antidiabetic,for treatment of herpes simplex virus 1	0.03228435285026934
APP	VALILTRAMIPROSATE	Not Approved	""	0.790966644831599
APP	INSL3	Not Approved	""	0.3954833224157995
APP	EUROPIUM-LABELLED RELAXIN	Not Approved	""	0.790966644831599
APP	SCYLLITOL	Not Approved	""	0.790966644831599
APP	RELAXIN	Not Approved	""	0.3954833224157995
APP	AMILOMOTIDE	Not Approved	""	0.790966644831599
APP	CURCUMIN	Approved	""	0.0479373724140363
APP	2-CHLOROADENOSINE-5-TRIPHOSPHATE	Not Approved	""	0.1129952349759427
APP	DAUNORUBICIN LIPOSOMAL	Approved	antineoplastic agent	0.01738388230399118
APP	RELAXIN	Not Approved	""	0.3954833224157995
APP	COMPOUND 54	Not Approved	""	0.790966644831599
APP	INOSITOL	Approved	for treatment of Alzheimer's disease	0.1054622193108798
APP	RELAXIN	Not Approved	""	0.790966644831599
APP	LECANEMAB	Not Approved	for treatment of alzheimer's disease	1.581933289663198
APP	AMPHOTERICIN B LIPOSOMAL	Approved	""	0.1216871761279383
APP	GENTIAN VIOLET CATION	Approved	""	0.04162982341218942
APP	[125I]RELAXIN (HUMAN)	Not Approved	""	0.790966644831599
APP	[33P]RELAXIN (HUMAN)	Not Approved	""	0.3954833224157995
APP	B-R13/17K H2 RELAXIN	Not Approved	""	0.790966644831599
APP	HYDROXYCHLOROQUINE	Approved	antirheumatic agent	0.08788518275906655
APP	FERULIC ACID	Approved	""	0.3163866579326396
APP	VANUTIDE CRIDIFICAR	Not Approved	""	0.790966644831599
APP	VANUTIDE CRIDIFICAR	Not Approved	for treatment of Alzheimer's disease	0.790966644831599
APP	LECANEMAB	Approved	""	0.3954833224157995
APP	LY3540378	Not Approved	""	0.790966644831599
APP	RELAXIN-3	Not Approved	""	0.1977416612078997
APP	CONGO RED	Not Approved	""	0.05273110965543994
APP	T-817 MALEATE	Not Approved	""	0.3954833224157995
APP	CRENEZUMAB	Not Approved	for treatment of Alzheimer's disease	0.790966644831599
APP	RELAXIN-1	Not Approved	""	0.3954833224157995
APP	BUNTANETAP	Not Approved	for treatment of Alzheimer's disease	0.2636555482771996
APP	PARAROSANILINE	Not Approved	""	0.07190605862105445
APP	CRENEZUMAB	Not Approved	""	1.581933289663198
APP	ISOCHLOROGENIC ACID B	Not Approved	""	0.790966644831599
APP	CHEMBL:CHEMBL177126	Not Approved	""	1.581933289663198
APP	PTI-110	Not Approved	""	0.790966644831599
APP	FLORBETAPIR F-18	Approved	""	0.790966644831599
APP	SA10SC-RLX	Not Approved	""	0.790966644831599
APP	A(4-24)(F23A)H2	Not Approved	""	0.790966644831599
APP	RELAXIN	Not Approved	""	0.2636555482771996
APP	PRADEMAGENE ZAMIKERACEL	Not Approved	""	0.790966644831599
APP	DONANEMAB	Approved	""	0.790966644831599
APP	PONEZUMAB	Not Approved	for treatment of Alzheimer's disease	2.372899934494797
APP	AMILOMOTIDE	Not Approved	""	0.790966644831599
NQO1	ORAL CONTRACEPTIVE	Not Approved	""	0.3650615283838149
NQO1	VITAMIN K3	Approved	for reducing EGFR-inhibitor-induced dermatological side effects	0.06923580710727524
NQO1	VATIQUINONE	Not Approved	for treatment of ulcerative colitis,for treatment of Chron's disease	2.007838406110982
NQO1	HYDROQUINONE	Approved	""	0.2362162830718802
NQO1	DICUMAROL	Approved	Anticoagulants	0.7529394022916183
NQO1	CYTARABINE	Approved	antineoplastic agent	0.05019596015277455
NQO1	ACETAMINOPHEN	Approved	analgesic	0.07722455408119162
NQO1	SULFORAPHANE	Not Approved	""	0.5736681160317092
NQO1	RECOMBINANT 70-KD HEAT-SHOCK PROTEIN	Not Approved	""	0.4015676812221964
NQO1	DOXORUBICIN HYDROCHLORIDE	Approved	antineoplastic agent	0.09496533001876267
NQO1	CHEMBL:CHEMBL1983317	Not Approved	""	2.007838406110982
NQO1	ETOPOSIDE	Approved	Antineoplastic Agents	0.06923580710727524
NQO1	CHEMBL:CHEMBL476968	Not Approved	""	2.007838406110982
NQO1	METHOTREXATE	Approved	DMARD	0.03650615283838149
NQO1	TYROSINE KINASE INHIBITOR	Not Approved	""	0.1544491081623832
NQO1	ITRACONAZOLE	Approved	""	0.4461863124691071
NQO1	CHEMBL:CHEMBL1288281	Not Approved	""	2.007838406110982
NQO1	BETA-LAPACHONE PRODRUG ARQ 761	Not Approved	""	2.007838406110982
NQO1	BENZENE	Not Approved	""	6.023515218332946
NQO1	ETHACRYNIC ACID	Approved	Antihypertensive Agents; Diuretics	0.2509798007638728
NQO1	CHEMBL:CHEMBL1287866	Not Approved	""	2.007838406110982
NQO1	IDARUBICIN	Approved	Antineoplastic Agents	0.08365993358795758
NQO1	CHEMBL:CHEMBL1287895	Not Approved	""	2.007838406110982
NQO1	CHEMBL:CHEMBL1288253	Not Approved	""	2.007838406110982
NQO1	VATIQUINONE	Not Approved	""	2.007838406110982
NQO1	CHEMBL:CHEMBL1287867	Not Approved	""	2.007838406110982
BMP7	DEXAMETHASONE	Approved	for treatment of Meniere's disease,glucocorticoid,antiinflammatory agent	0.1228324671973777
BMP7	PREDNISONE	Approved	corticosteroid,antiinflammatory agent	0.2320168824839356
BMP7	PEGASPARGASE	Approved	""	0.6960506474518071
BMP7	METHOTREXATE	Approved	DMARD	0.09491599737979188
BMP7	THIOGUANINE	Approved	""	0.3163866579326396
BMP7	CYCLOPHOSPHAMIDE ANHYDROUS	Approved	""	0.1288982680466309
BMP7	DAUNORUBICIN LIPOSOMAL	Approved	antineoplastic agent	0.1147336232063418
BMP7	VINCRISTINE	Approved	antineoplastic agent	0.1288982680466309
BMP7	DOXORUBICIN HYDROCHLORIDE	Approved	antineoplastic agent	0.07054567372822369
BMP7	CYTARABINE	Approved	antineoplastic agent	0.1305094963972138
SCN9A	MERETHOXYLLINE PROCAINE	Approved	""	0.06214737923676849
SCN9A	ETIDOCAINE HYDROCHLORIDE	Approved	""	0.06214737923676849
SCN9A	FOSPHENYTOIN	Approved	anticonvulsant	0.04780567633597576
SCN9A	VERATRIDINE	Not Approved	""	0.1553684480919212
SCN9A	ORPHENADRINE CITRATE	Approved	""	0.0295939901127469
SCN9A	PHENACEMIDE	Approved	Anticonvulsants	0.05649761748797136
SCN9A	LACOSAMIDE	Approved	neuropathic pain,analgesic,anticonvulsant	0.09561135267195153
SCN9A	VIXOTRIGINE	Not Approved	""	0.6214737923676849
SCN9A	DSP-2230	Not Approved	""	0.6214737923676849
SCN9A	SAXITOXIN	Not Approved	""	0.1553684480919212
SCN9A	ESLICARBAZEPINE ACETATE	Approved	""	0.05649761748797136
SCN9A	SAFINAMIDE	Approved	antiparkinson agent	0.04143158615784566
SCN9A	LIDOCAINE	Approved	for treatment of pelvic pain of bladder origin and interstitital cystitis,for treatment of premature ejaculation,anestethic,anesthetic	0.1096718457119443
SCN9A	RILUZOLE	Approved	for treatment of ALS	0.02702059966816021
SCN9A	ROPIVACAINE HYDROCHLORIDE	Approved	""	0.06214737923676849
SCN9A	FUNAPIDE	Not Approved	analgesic	0.3107368961838424
SCN9A	DYCLONINE HYDROCHLORIDE	Approved	""	0.0388421120229803
SCN9A	EVENAMIDE	Not Approved	""	0.06214737923676849
SCN9A	PROPOFOL	Approved	sedative	0.04009508337856031
SCN9A	AM-6120	Not Approved	""	0.1242947584735369
SCN9A	RG7893	Not Approved	""	1.242947584735369
SCN9A	RG6029	Not Approved	""	0.6214737923676849
SCN9A	QUINIDINE SULFATE	Approved	""	0.06214737923676849
SCN9A	ZONISAMIDE	Approved	anticonvulsant,antipsychotic agent,appetite suppressant	0.04971790338941478
SCN9A	NERISPIRDINE	Not Approved	""	0.01242947584735369
SCN9A	RALFINAMIDE	Not Approved	""	0.03107368961838424
SCN9A	VIXOTRIGINE	Not Approved	""	0.6214737923676849
SCN9A	DS-1971A	Not Approved	""	0.6214737923676849
SCN9A	HEXYLCAINE HYDROCHLORIDE	Approved	""	0.06214737923676849
SCN9A	MEPIVACAINE HYDROCHLORIDE	Approved	anestethic	0.0388421120229803
SCN9A	PROCAINAMIDE HYDROCHLORIDE	Approved	""	0.06214737923676849
SCN9A	PROPAFENONE HYDROCHLORIDE	Approved	""	0.04439098516912036
SCN9A	LIDOCAINE HYDROCHLORIDE	Approved	""	0.06214737923676849
SCN9A	QUINIDINE GLUCONATE	Approved	""	0.06214737923676849
SCN9A	PRILOCAINE	Approved	for treatment of premature ejaculation,anesthetic	0.05649761748797136
SCN9A	ETHOTOIN	Approved	Anticonvulsants	0.06214737923676849
SCN9A	PF-05089771	Not Approved	""	1.242947584735369
SCN9A	DICHLOROBENZYL ALCOHOL	Approved	""	0.06214737923676849
SCN9A	RANOLAZINE	Approved	antiallergy agent	0.0776842240459606
SCN9A	PRILOCAINE HYDROCHLORIDE	Approved	""	0.05649761748797136
SCN9A	ORPHENADRINE HYDROCHLORIDE	Approved	""	0.03270914696672026
SCN9A	TETRODOTOXIN	Not Approved	analgesic	0.06214737923676849
SCN9A	TETRACAINE	Approved	""	0.05649761748797136
SCN9A	ESLICARBAZEPINE	Approved	anticonvulsant	0.05649761748797136
SCN9A	PROPOXYCAINE HYDROCHLORIDE	Approved	""	0.06214737923676849
SCN9A	CENOBAMATE	Approved	""	0.02219549258456018
SCN9A	N-ME-AMINOPYRIMIDINONE 9	Not Approved	""	0.6214737923676849
SCN9A	CARBAMAZEPINE	Approved	for treatment of bipolar disorder	0.01268313861974867
SCN9A	GNE-616	Not Approved	""	0.08878197033824071
SCN9A	PF-05241328	Not Approved	""	0.6214737923676849
SCN9A	TETRODOTOXIN	Not Approved	""	0.1553684480919212
SCN9A	NKTR-171	Not Approved	""	0.06214737923676849
SCN9A	BATRACHOTOXIN	Not Approved	""	0.1242947584735369
SCN9A	AZD3161	Not Approved	""	0.6214737923676849
SCN9A	LAMOTRIGINE	Approved	anticonvulsant	0.02824880874398568
SCN9A	PROPARACAINE HYDROCHLORIDE	Approved	""	0.06214737923676849
SCN9A	ABBV-318	Not Approved	""	0.3107368961838424
SCN9A	MEPHENYTOIN	Approved	Anticonvulsants	0.05178948269730708
SCN9A	XEN403	Not Approved	""	0.6214737923676849
SCN9A	QUINIDINE POLYGALACTURONATE	Approved	""	0.06214737923676849
SCN9A	INDECAINIDE HYDROCHLORIDE	Approved	""	0.06214737923676849
SCN9A	PROCAINE HYDROCHLORIDE	Approved	""	0.06214737923676849
SCN9A	OXCARBAZEPINE	Approved	anticonvulsant	0.03452632179820471
SCN9A	PHENAZOPYRIDINE HYDROCHLORIDE	Approved	""	0.0388421120229803
SCN9A	XEN907	Not Approved	""	0.6214737923676849
SCN9A	GNE-131	Not Approved	""	0.1242947584735369
SCN9A	TOPIRAMATE	Approved	Anticonvulsants; anti-migraine agents,antimigraine agent,anticonvulsant	0.01412440437199284
SCN9A	CD2+	Not Approved	""	0.05178948269730708
SCN9A	ARTICAINE HYDROCHLORIDE	Approved	""	0.06214737923676849
SCN9A	PHENYTOIN SODIUM	Approved	Anticonvulsants	0.01479699505637345
SCN9A	DISOPYRAMIDE PHOSPHATE	Approved	""	0.05649761748797136
SCN9A	RUFINAMIDE	Approved	""	0.05178948269730708
SCN9A	MEXILETINE HYDROCHLORIDE	Approved	""	0.06214737923676849
SCN9A	PF‐06526290	Not Approved	""	0.3107368961838424
SCN9A	IRAMPANEL	Not Approved	""	0.04439098516912036
SCN9A	ENCAINIDE HYDROCHLORIDE	Approved	""	0.06214737923676849
SCN9A	PRIMIDONE	Approved	Anticonvulsants	0.01775639406764814
SCN9A	COCAINE HYDROCHLORIDE	Approved	""	0.06214737923676849
SCN9A	DRONEDARONE HYDROCHLORIDE	Approved	""	0.0388421120229803
SCN9A	MORICIZINE HYDROCHLORIDE	Approved	""	0.05178948269730708
SCN9A	BENOXINATE HYDROCHLORIDE	Approved	""	0.05649761748797136
SCN9A	PYRROLOPYRIMIDINE 48 [PMID: 22318156]	Not Approved	""	0.6214737923676849
SCN9A	TOCAINIDE HYDROCHLORIDE	Approved	""	0.06214737923676849
SCN9A	CHLOROPROCAINE	Approved	Local,Anesthetics	0.04780567633597576
INS	INSULIN ZINC SUSP RECOMBINANT HUMAN	Approved	""	4.350316546573794
INS	INSULIN SUSP ISOPHANE RECOMBINANT HUMAN	Approved	""	4.350316546573794
INS	INSULIN SUSP PROTAMINE ZINC BEEF/PORK	Approved	""	4.350316546573794
INS	INULIN	Approved	""	8.700633093147589
INS	INSULIN PEGLISPRO	Not Approved	""	8.700633093147589
INS	INSULIN DEGLUDEC	Approved	""	4.350316546573794
TAT	VITAMIN A	Approved	""	0.2577965360932618
TAT	PHENOBARBITAL	Approved	Anticonvulsants; Hypnotics and Sedatives	0.1831712230136334
TAT	GENISTEIN	Approved	""	0.120008732319277
TAT	ESTRADIOL VALERATE	Approved	for treatment of menopausal symptoms,contraceptive,treatment for menopause,hormone replacement	0.1480958824365547
TAT	THERAPEUTIC GLUCOCORTICOID	Not Approved	""	0.4094415573245923
TAT	RO-24-7429	Not Approved	""	3.480253237259035
TAT	URIDINE	Approved	""	0.8700633093147588
TAT	PREDNISOLONE	Approved	corticosteroid,antiinflammatory agent	0.2485895169470739
TAT	THERAPEUTIC ANDROGEN	Not Approved	""	0.4094415573245923
TAT	TETRACYCLINE	Approved	""	0.3866948041398928
TAT	BENZNIDAZOLE	Approved	""	3.480253237259035
TAT	MITOMYCIN	Approved	""	0.2900211031049196
TAT	METHOTREXATE	Approved	DMARD	0.06327733158652792
TAT	ENZYME INHIBITOR	Not Approved	""	0.5800422062098393
TAT	PROGESTERONE	Approved	for reducing the risk of pre-term birth for women with short cervix a mid-pregnancy,for prevention of preterm delivery,for symptomatic treatment of menopausal symptoms,neuroprotectant for stroke victims	0.1179746860087808
CSF2	STREPTOZOCIN	Approved	""	0.03026307162833944
CSF2	INTERFERON ALFA-2B	Approved	for treatment of hepatitis C,Antineoplastic Agents; Immunomodulatory Agents,for treatment of hepatitis B and C,for treatment of hepatitis	0.0994358067788296
CSF2	SODIUM SALICYLATE	Approved	""	0.3480253237259035
CSF2	THERAPEUTIC HORMONE	Not Approved	""	0.03163866579326396
CSF2	MITOFLAXONE	Not Approved	""	0.6960506474518071
CSF2	NAMILUMAB	Not Approved	DMARD,antiinflammatory agent	2.088151942355421
CSF2	RECOMBINANT OX40 LIGAND	Not Approved	""	0.6960506474518071
CSF2	FLUTICASONE	Approved	for treatment of symptomatic exophthalmos associated with thyroid-related eye disease,bronchodilator,glucocorticoid,antiinflammatory agent	0.07326848920545338
CSF2	RECOMBINANT TYROSINASE-RELATED PROTEIN-2	Not Approved	""	1.392101294903614
CSF2	PLONMARLIMAB	Not Approved	""	0.6960506474518071
CSF2	INSULIN, REGULAR, HUMAN	Approved	for treatment of diabetic foot ulcers,antidiabetic	0.02626606216799272
CSF2	PROCARBAZINE	Approved	""	0.2784202589807228
CSF2	MULTIDRUG RESISTANCE MODULATOR	Not Approved	""	0.6960506474518071
CSF2	GIMSILUMAB	Not Approved	""	1.392101294903614
CSF2	DIAZIQUONE	Not Approved	""	0.6960506474518071
CSF2	RECOMBINANT INTERLEUKIN-1	Not Approved	antineoplastic agent	0.07733896082797856
CSF2	METHIMAZOLE	Approved	Antithyroid Agents	0.09943580677882957
CSF2	VINBLASTINE	Approved	Antineoplastic Agents	0.04094415573245924
CSF2	STAVUDINE	Approved	""	0.1070847149925857
CSF2	MILTEFOSINE	Approved	""	0.2320168824839357
CSF2	INDINAVIR	Not Approved	""	0.1392101294903614
CSF2	PEXASTIMOGENE DEVACIREPVEC	Not Approved	""	1.392101294903614
CSF2	GEMOGENOVATUCEL-T	Not Approved	""	0.3480253237259035
CSF2	AMIKACIN	Approved	""	0.2983074203364888
CSF2	OTILIMAB	Not Approved	DMARD,antiinflammatory agent	2.088151942355421
CSF2	GP100 ANTIGEN	Not Approved	""	0.4640337649678714
CSF2	MECHLORETHAMINE	Approved	""	0.1265546631730558
CSF2	PLATINUM	Not Approved	""	0.0696050647451807
CSF2	BCG VACCINE	Not Approved	""	1.392101294903614
CSF2	MAVRILIMUMAB	Not Approved	DMARD,antiinflammatory agent	0.2320168824839357
CSF2	ISOPROTERENOL	Approved	Bronchodilator Agents; Cardiotonic Agents	0.04350316546573794
CSF2	DEHYDRATED ALCOHOL	Approved	""	0.01762153537852676
CSF2	IMMUNOTOXIN	Not Approved	""	0.1740126618629517
CSF2	INTERLEUKIN-11	Approved	thrombopoietic	0.1392101294903614
CSF2	PERFOSFAMIDE	Not Approved	""	0.2320168824839357
CSF2	CABIRALIZUMAB	Not Approved	""	0.3480253237259035
CSF2	OMEPRAZOLE	Approved	antiulcer agent,Proton pump inhibitor	0.0376243593217193
CSF2	VACCINE	Not Approved	""	0.1265546631730558
CSF2	PROTEASOME INHIBITOR	Not Approved	""	0.0696050647451807
CSF2	LACTULOSE	Approved	""	0.3480253237259035
CSF2	TICARCILLIN	Not Approved	""	0.6960506474518071
CSF2	VINORELBINE	Approved	antineoplastic agent	0.05354235749629286
CSF2	LENZILUMAB	Not Approved	""	1.392101294903614
CSF2	EPIGALLOCATECHIN GALLATE	Approved	""	0.1228324671973777
CSF2	KB002	Not Approved	antiasthmatic agent,DMARD,antiinflammatory agent	0.6960506474518071
CSF2	MART-1 ANTIGEN	Not Approved	""	0.6960506474518071
CSF2	TRIVALENT INFLUENZA VACCINE	Not Approved	""	1.392101294903614
CSF2	IL-3	Not Approved	""	0.2320168824839357
CSF2	MPA	Not Approved	""	0.1392101294903614
CSF2	CILOSTAZOL	Approved	Platelet Aggregation Inhibitors	0.0994358067788296
CSF2	CYTARABINE	Approved	antineoplastic agent	0.02610189927944276
CSF2	MELANOMA VACCINE	Not Approved	""	0.3480253237259035
CSF2	TEMOZOLOMIDE	Approved	""	0.09943580677882957
CSF2	TETANUS TOXOID	Not Approved	""	0.4640337649678714
CSF2	TERFENADINE	Approved	Anti-Allergic Agents	0.07733896082797856
CSF2	MASOPROCOL	Approved	prostate cancer,antineoplastic agent	0.02961917648731094
CSF2	DITIOCARB	Not Approved	""	0.3480253237259035
CSF2	MONOMETHYL FUMARATE	Approved	""	0.4176303884710842
CSF2	ETANERCEPT	Approved	DMARD,antiinflammatory agent	0.05354235749629286
CSF2	ACLARUBICIN	Not Approved	""	0.4640337649678714
CSF2	CETIRIZINE HYDROCHLORIDE	Approved	antiallergy agent	0.1988716135576592
CSF2	LENZILUMAB	Not Approved	""	0.6960506474518071
CSF2	TRIFLUOPERAZINE	Approved	Antiemetics; Antipsychotic Agents	0.04640337649678714
CSF2	FAMCICLOVIR	Approved	""	1.392101294903614
CSF2	RECOMBINANT TRANSFORMING GROWTH FACTOR-BETA-2	Not Approved	""	0.2784202589807228
CSF2	TALIMOGENE LAHERPAREPVEC	Approved	antineoplastic agent	0.3480253237259035
CSF2	STAUROSPORINE	Not Approved	""	0.0497179033894148
CSF2	HORSE ANTI-MOUSE ANTI-LYMPHOCYTE SERUM	Not Approved	""	1.392101294903614
CSF2	BECLOMETHASONE DIPROPIONATE	Approved	glucocorticoid,antiinflammatory agent	0.1392101294903614
CSF2	CRETOSTIMOGENE GRENADENOREPVEC	Not Approved	""	0.6960506474518071
CSF2	IDARUBICIN	Approved	Antineoplastic Agents	0.02900211031049196
CSF2	INTERLEUKIN-12 GENE	Not Approved	""	0.6960506474518071
CSF2	GM-CSF	Not Approved	vaccine,antineoplastic agent	0.04350316546573794
CSF2	ROQUINIMEX	Not Approved	""	0.6960506474518071
CSF2	GM-CSF-ENCODING ONCOLYTIC ADENOVIRUS CGTG-102	Not Approved	""	0.6960506474518071
TNFRSF11B	PAMIDRONATE	Approved	Bisphosphonates	1.355942819711312
TNFRSF11B	TESTOSTERONE	Approved	for treatment of female sexual dysfunction,hormone replacement	0.3824454106878061
TNFRSF11B	TRAIL	Not Approved	""	1.491537101682444
TNFRSF11B	ZOLEDRONIC ACID ANHYDROUS	Approved	antiosteoporotic agent	0.9943580677882958
TNFRSF11B	THERAPEUTIC HORMONE	Not Approved	""	0.5084785573917422
TNFRSF11B	RISEDRONIC ACID	Approved	Bisphosphonates,antiosteoporotic agent	2.983074203364887
TNFRSF11B	EPINEPHRINE	Approved	anestethic	0.3728842754206109
CYBB	COMPOUND 14N [PMID: 25589934]	Not Approved	""	3.480253237259035
CYBB	APIGENIN	Approved	""	0.8031353624443929
CYBB	SANOFI-14H	Not Approved	""	2.610189927944276
CYBB	LUTEOLIN	Not Approved	""	0.6525474819860692
CYBB	CHRYSIN	Approved	""	1.491537101682444
CHEK2	PF-477736	Not Approved	""	0.6214737923676849
CHEK2	CEDIRANIB	Not Approved	antineoplastic agent	0.02219549258456018
CHEK2	ABIRATERONE ACETATE	Approved	antineoplastic agent	0.08878197033824071
CHEK2	CYC-116	Not Approved	""	0.01281389262613783
CHEK2	ISOGRANULATIMIDE	Not Approved	""	0.4143158615784566
CHEK2	RUCAPARIB	Approved	""	0.1035789653946141
CHEK2	CHEMBL:CHEMBL578061	Not Approved	""	0.04971790338941478
CHEK2	KENPAULLONE	Not Approved	""	0.02589474134865354
CHEK2	XL844	Not Approved	antineoplastic agent	1.242947584735369
CHEK2	MLN-8054	Not Approved	antineoplastic agent	0.04286026154259895
CHEK2	GO-6976	Not Approved	""	0.02890575778454348
CHEK2	PREXASERTIB	Not Approved	""	0.4143158615784566
CHEK2	PF-562271	Not Approved	""	0.0115087739327349
CHEK2	CDK INHIBITOR 4.35	Not Approved	""	0.1775639406764814
CHEK2	SNS-314	Not Approved	antineoplastic agent	0.0295939901127469
CHEK2	DOVITINIB	Not Approved	antineoplastic agent	0.01230641173005316
CHEK2	XL-844	Not Approved	""	0.6214737923676849
CHEK2	CCT245737	Not Approved	""	0.6214737923676849
CHEK2	CHK2 INHIBITOR II	Not Approved	""	1.242947584735369
CHEK2	NVP-TAE684	Not Approved	""	0.01206745227898417
CHEK2	7-HYDROXYSTAUROSPORINE	Not Approved	""	0.09561135267195153
CHEK2	TALAZOPARIB	Approved	""	0.08878197033824071
CHEK2	NIRAPARIB	Approved	antineoplastic agent	0.07311456380796293
CHEK2	COMPOUND 25B [PMID: 22564207]	Not Approved	""	0.1553684480919212
CHEK2	GEFITINIB	Approved	antineoplastic agent	0.01855145648858761
CHEK2	CENISERTIB	Not Approved	antineoplastic agent	0.01053345410792686
CHEK2	GW441756X	Not Approved	""	0.0191222705343903
CHEK2	PALBOCICLIB	Approved	""	0.04874304253864195
CHEK2	PREDNISONE	Approved	corticosteroid,antiinflammatory agent	0.02762105743856377
CHEK2	SP-600125	Not Approved	""	0.01396570319927381
CHEK2	OLAPARIB	Approved	""	0.2161647973452817
CHEK2	VEMURAFENIB	Approved	antineoplastic agent	0.06718635593164161
CHEK2	CCT241533	Not Approved	""	0.6214737923676849
CHEK2	BARASERTIB-HQPA	Not Approved	""	0.05404119933632043
CHEK2	WITHAFERIN A	Not Approved	""	0.2071579307892283
CHEK2	FASUDIL	Not Approved	""	0.04286026154259895
CHEK2	ALSTERPAULLONE	Not Approved	""	0.02390283816798788
CHEK2	DIMETHYLADENINE	Not Approved	""	0.1381052871928188
CHEK2	AZD7762	Not Approved	""	0.4971790338941479
CHEK2	ENZALUTAMIDE	Approved	antineoplastic agent	0.1553684480919212
CHEK2	RG-1530	Not Approved	""	0.01322284664612095
CHEK2	ILORASERTIB	Not Approved	""	0.01071506538564973
EPO	CIBINETIDE	Not Approved	""	1.864421377103054
EPO	RECOMBINANT INTERFERON ALFA	Not Approved	""	2.485895169470739
EPO	MYCOPHENOLATE MOFETIL	Approved	immunosuppressant	0.9322106885515273
EPO	ARSENIC TRIOXIDE	Approved	antineoplastic agent	0.5736681160317092
EPO	RECOMBINANT INTERLEUKIN-1-ALPHA	Not Approved	""	14.91537101682443
EPO	OXYMETHOLONE	Approved	""	1.657263446313826
EPO	HUMAN CHORIONIC GONADOTROPIN	Approved	""	0.7850195272012861
ESR2	BAZEDOXIFENE ACETATE	Approved	""	0.2023403044918043
ESR2	DOCETAXEL ANHYDROUS	Approved	antineoplastic agent	0.007313504981631483
ESR2	MK-6913	Not Approved	for treatment of menopausal symptoms	0.6070209134754131
ESR2	EVEROLIMUS	Approved	immunosuppressant	0.01785355627868862
ESR2	DIARYLPROPIONITRILE	Not Approved	""	0.3035104567377065
ESR2	ARZOXIFENE	Not Approved	antiosteoporotic agent,antineoplastic agent	0.6070209134754131
ESR2	SYNTHETIC CONJUGATED ESTROGENS, B	Approved	""	0.3035104567377065
ESR2	ESTROGENS, CONJUGATED (USP)	Approved	Hormone Replacement Agents	0.1348935363278695
ESR2	CHF4227	Not Approved	""	0.3035104567377065
ESR2	WAY200070	Not Approved	""	0.3035104567377065
ESR2	LAPATINIB	Approved	antineoplastic agent	0.01958131978952945
ESR2	BITHIONOL	Approved	""	0.02529253806147554
ESR2	CHEMBL:CHEMBL600336	Not Approved	""	0.05518371940685574
ESR2	ALENDRONATE SODIUM	Approved	Bisphosphonates	0.1011701522459021
ESR2	EXEMESTANE	Approved	antineoplastic agent	0.07587761418442664
ESR2	LASOFOXIFENE	Approved	hormone replacement therapy,antiosteoporotic agent	0.4046806089836087
ESR2	AFIMOXIFENE	Not Approved	""	0.04335863667681523
ESR2	SACITUZUMAB GOVITECAN	Approved	""	0.06744676816393479
ESR2	NERATINIB	Approved	antineoplastic agent	0.04046806089836087
ESR2	MF101	Not Approved	for treatment of menopausal symptoms	1.214041826950826
ESR2	IDOXIFENE	Not Approved	""	0.1517552283688532
ESR2	ESTETROL	Approved	""	0.3035104567377065
ESR2	PHTPP	Not Approved	""	0.6070209134754131
ESR2	FERB 033	Not Approved	""	0.6070209134754131
ESR2	FAM-TRASTUZUMAB DERUXTECAN-NXKI	Approved	""	0.1517552283688532
ESR2	PERTUZUMAB	Approved	antineoplastic agent	0.07587761418442664
ESR2	PALBOCICLIB	Approved	""	0.01190237085245908
ESR2	FULVESTRANT	Approved	antineoplastic agent	0.1214041826950826
ESR2	ICI-164384	Not Approved	""	0.6070209134754131
ESR2	TOREMIFENE	Approved	SERM,antineoplastic agent	0.1400817492635568
ESR2	BAZEDOXIFENE	Approved	antiosteoporotic agent	0.2428083653901652
ESR2	FISPEMIFENE	Not Approved	hormone replacement	0.6070209134754131
ESR2	ACOLBIFENE	Not Approved	""	0.3035104567377065
ESR2	ETHINYL ESTRADIOL	Approved	contraceptive	0.03035104567377065
ESR2	(S)-LIQUIRITIGENIN	Not Approved	""	0.3035104567377065
ESR2	GOSERELIN ACETATE	Approved	Hormonal,Antineoplastic Agents	0.06744676816393479
ESR2	RALOXIFEN	Approved	for treatment of menopausal symptoms	0.3035104567377065
ESR2	LASOFOXIFENE TARTRATE	Approved	""	0.3035104567377065
ESR2	PCC0208017	Not Approved	""	0.3035104567377065
ESR2	ESTRAMUSTINE PHOSPHATE SODIUM	Approved	""	0.3035104567377065
ESR2	ALLYLESTRENOL	Approved	""	0.2023403044918043
ESR2	R,R-THC	Not Approved	""	0.3035104567377065
ESR2	SIVIFENE	Not Approved	antineoplastic agent	0.3035104567377065
ESR2	PCC0105003	Not Approved	""	0.1517552283688532
ESR2	ESTROGEN	Approved	for treatment of female sexual dysfunction,contraceptive,for symptomatic treatment of menopausal symptoms	0.6070209134754131
ESR2	LY2245461	Not Approved	""	0.3035104567377065
ESR2	ESTROGENS, ESTERIFIED (USP)	Approved	""	0.3035104567377065
ESR2	COMPOUND 14 [PMID: 34333981]	Not Approved	""	0.3035104567377065
ESR2	DIETHYLSTILBESTROL DIPHOSPHATE	Approved	""	0.2023403044918043
ESR2	CHF 4227	Not Approved	antiosteoporotic agent	0.3035104567377065
ESR2	HPTE	Not Approved	""	0.2023403044918043
ESR2	MENERBA	Not Approved	""	0.6070209134754131
ESR2	ERIBULIN MESYLATE	Approved	""	0.02529253806147554
ESR2	RIBOCICLIB	Approved	antineoplastic agent	0.03372338408196739
ESR2	DROLOXIFENE	Not Approved	""	0.1011701522459021
ESR2	CAPIVASERTIB	Approved	""	0.06070209134754131
ESR2	ALPELISIB	Approved	""	0.01686169204098369
ESR2	ESTRONE	Approved	Hormone Replacement Agents	0.05518371940685574
ESR2	4-HYDROXYTAMOXIFEN	Not Approved	""	0.1214041826950826
ESR2	TRILOSTANE	Approved	Antiadrenal	0.1011701522459021
ESR2	ABEMACICLIB	Approved	""	0.0319484691302849
ESR2	ERTEBEREL	Not Approved	""	1.214041826950826
ESR2	GENISTEIN	Approved	""	0.02093175563708321
ESR2	CHEMBL:CHEMBL2332580	Not Approved	""	1.214041826950826
ESR2	ESTROGENS, CONJUGATED SYNTHETIC A	Approved	""	0.3035104567377065
ESR2	QUINESTROL	Approved	Hormone Replacement Agents	0.1214041826950826
ESR2	OSPEMIFENE	Approved	for treatment of postmenopausal vaginal atrophy	0.3642125480852478
ESR2	NORENDOXIFEN	Not Approved	""	0.2023403044918043
ESR2	RALOXIFENE HYDROCHLORIDE	Approved	Hormone Replacement Agents	0.08498292788655783
ESR2	TRASTUZUMAB	Approved	antineoplastic agent	0.02248225605464493
ESR2	TAS-108	Not Approved	antineoplastic agent	0.3035104567377065
ESR2	ESTRIOL	Approved	Hormone Replacement Agents	0.3035104567377065
ESR2	DIETHYLSTILBESTROL	Approved	Hormone Replacement Agents	0.01839457313561858
ESR2	PRINABEREL	Not Approved	""	0.9105313702131197
ESR2	CHLOROTRIANISENE	Approved	Hormone Replacement Agents	0.1214041826950826
ESR2	CYCLOFENIL	Approved	""	0.1517552283688532
ESR2	CR 1447	Not Approved	""	0.3035104567377065
ESR2	IXABEPILONE	Approved	antineoplastic agent	0.02759185970342787
ESR2	NARINGENIN	Not Approved	""	0.08671727335363046
ESR2	BISPHENOL A	Not Approved	""	0.3035104567377065
ESR2	OLAPARIB	Approved	""	0.01319610681468289
ESR2	AC-186	Not Approved	""	0.3035104567377065
ESR2	ESTRADIOL VALERATE	Approved	for treatment of menopausal symptoms,contraceptive,treatment for menopause,hormone replacement	0.09040737009208281
ESR2	AUS-131	Not Approved	for treatment of menopausal symtpoms	1.821062740426239
ESR2	TAMOXIFEN	Approved	Hormonal,Antineoplastic Agents	0.074710266273897
ESR2	GEMCITABINE	Approved	antineoplastic agent	0.01319610681468289
PHEX	SOMATROPIN (RECOMBINANT DNA ORIGIN)	Approved	growth hormone replacement therapy,hormone replacement,for treatment of spinal muscular atrophy,For treatment of growth disorders	2.320168824839357
PHEX	VITAMIN D	Approved	""	4.015676812221964
PHEX	CALCITRIOL	Approved	antineoplastic agent,antipsoriatic agent	2.900211031049196
PTPN11	STIBOGLUCONATE	Not Approved	antineoplastic agent	7.457685508412219
PTPN11	CRYPTOTANSHINONE	Not Approved	""	1.065383644058888
PTPN11	AZACITIDINE	Approved	antineoplastic agent	0.1864421377103054
PTPN11	BATOPROTAFIB	Not Approved	""	4.971790338941479
PTPN11	OLTIPRAZ	Not Approved	""	3.728842754206109
PTPN11	SUCCIMER	Approved	""	1.065383644058888
PTPN11	CHEMBL:CHEMBL510966	Not Approved	""	7.457685508412219
GCH1	PROSAVIN	Not Approved	""	5.800422062098392
GCH1	GUANINE	Not Approved	""	17.40126618629517
GCH1	NEORAUFLAVANE	Not Approved	""	17.40126618629517
ADIPOQ	NEVIRAPINE	Approved	""	1.186449967247398
ADIPOQ	FENOFIBRATE MICRONIZED	Approved	anticholesterolaemic agent,antidyslipidaemic agent	1.003919203055491
ADIPOQ	INSULIN, REGULAR, HUMAN	Approved	for treatment of diabetic foot ulcers,antidiabetic	0.4924886656498635
ADIPOQ	SPIRONOLACTONE	Approved	antihypertensive agent	1.631368704965172
IL4	PASCOLIZUMAB	Not Approved	""	20.88151942355421
IL4	TEPOXALIN	Not Approved	""	2.610189927944276
IL4	ROMILKIMAB	Not Approved	""	5.220379855888553
IL4	ROMILKIMAB	Not Approved	""	3.480253237259035
IL4	ASPIRIN	Approved	NSAID	0.2346238137478001
CCR2	AZD2423	Not Approved	""	2.269730372125457
CCR2	PF-04634817	Not Approved	""	1.134865186062728
CCR2	CENICRIVIROC	Not Approved	""	1.513153581416971
CCR2	MK-0812	Not Approved	""	4.539460744250915
CCR2	PLOZALIZUMAB	Not Approved	""	4.539460744250915
CCR2	PLERIXAFOR	Approved	antineoplastic agent	0.7565767907084859
CCR2	BMS-813160	Not Approved	""	2.269730372125457
CCR2	PLOZALIZUMAB	Not Approved	DMARD,antiinflammatory agent	1.134865186062728
CCR2	PAREGORIC	Approved	analgesic	0.098683929222846
CCR2	BMS-741672	Not Approved	""	0.7565767907084859
CCR2	ILACIRNON	Not Approved	antidiabetic,antiinflammatory agent	3.404595558188186
CCR2	RECOMBINANT MONOCYTE CHEMOATTRACTANT PROTEIN-1	Not Approved	""	0.2837162965156822
CCR2	RS-504393	Not Approved	""	0.7565767907084859
CCR2	PF-4136309	Not Approved	""	2.269730372125457
CCR2	ALITRETINOIN	Approved	""	0.2161647973452816
CCR2	INCB3284	Not Approved	DMARD,antiinflammatory agent	2.269730372125457
CCR2	ABT702	Not Approved	""	0.5674325930313644
CCR2	SIMVASTATIN	Approved	antidyslipidaemic agent,anticholesterolaemic agent,antihypertensive agent	0.0907892148850183
CCR2	JNJ-41443532	Not Approved	""	2.269730372125457
CCR2	A134974	Not Approved	""	2.269730372125457
CCR2	TAK-779	Not Approved	""	1.513153581416971
CCR2	OPIATE	Not Approved	""	0.7565767907084859
CCR2	PIMAGEDINE	Not Approved	""	1.134865186062728
CCKBR	[3H]L365260	Not Approved	""	3.559349901742195
CCKBR	GASTRIN-71	Not Approved	""	1.186449967247398
CCKBR	GW-5823	Not Approved	""	0.5932249836236992
CCKBR	[3H]GASTRIN	Not Approved	""	1.186449967247398
CCKBR	GASTRIN-14	Not Approved	""	1.186449967247398
CCKBR	JNJ-26070109	Not Approved	""	2.372899934494797
CCKBR	CERULETIDE	Approved	Diagnostic Agents	0.5932249836236992
CCKBR	SPIROGLUMIDE	Not Approved	""	0.3954833224157995
CCKBR	LORGLUMIDE	Not Approved	""	1.186449967247398
CCKBR	NETAZEPIDE	Not Approved	""	3.559349901742195
CCKBR	AG-041R	Not Approved	""	1.186449967247398
CCKBR	PENTAGASTRIN	Approved	Diagnostic Agents	3.559349901742195
CCKBR	AZD-4017	Not Approved	""	0.790966644831599
CCKBR	CCK-33	Not Approved	""	0.5932249836236992
CCKBR	CCK-4	Not Approved	""	1.186449967247398
CCKBR	GASTRIN-34	Not Approved	""	1.186449967247398
CCKBR	L-740093	Not Approved	""	1.186449967247398
CCKBR	ITRIGLUMIDE	Not Approved	""	3.559349901742195
CCKBR	YM-022	Not Approved	""	1.186449967247398
CCKBR	LY-288513	Not Approved	""	1.186449967247398
CCKBR	OLANZAPINE	Approved	for treatment of bipolar disorder,antidepressant,antipsychotic agent	0.03122236755914206
CCKBR	DESULFATED GASTRIN-17	Not Approved	""	1.186449967247398
CCKBR	TETRONOTHIODIN	Not Approved	""	1.186449967247398
CCKBR	Z-360	Not Approved	""	2.372899934494797
CCKBR	PAREGORIC	Approved	analgesic	0.0515847811846695
CCKBR	DESULFATED GASTRIN-34	Not Approved	""	1.186449967247398
CCKBR	DESULFATED GASTRIN-14	Not Approved	""	1.186449967247398
CCKBR	INOSITOL	Approved	for treatment of Alzheimer's disease	0.2372899934494797
CCKBR	BENZODIAZEPINE	Not Approved	""	0.7118699803484391
CCKBR	SINCALIDE	Approved	""	0.5932249836236992
CCKBR	DEVAZEPIDE	Not Approved	""	0.5932249836236992
CCKBR	[125I]GASTRIN	Not Approved	""	1.186449967247398
CCKBR	CLOZAPINE	Approved	Antipsychotic Agents	0.02446288592262677
CCKBR	GV150013	Not Approved	""	1.186449967247398
CCKBR	PD-135158	Not Approved	""	1.186449967247398
CCKBR	[125I]DTYR-GLY-[(NLE28,31)CCK-26-33	Not Approved	""	0.5932249836236992
CCKBR	CI-988	Not Approved	""	2.372899934494797
CCKBR	A-71378	Not Approved	""	0.5932249836236992
CCKBR	DIAZEPAM	Approved	anticonvulsant	0.08182413567223437
CCKBR	[125I]-BDZ2	Not Approved	""	1.186449967247398
CCKBR	PD-170292	Not Approved	""	0.5932249836236992
CCKBR	DESULFATED CHOLECYSTOKININ-8	Not Approved	""	1.186449967247398
CCKBR	PROGLUMIDE	Approved	""	0.5932249836236992
CCKBR	DESULFATED GASTRIN-71	Not Approved	""	1.186449967247398
CXCL8	VITAMIN A	Approved	""	0.02357895147194468
CXCL8	FENTANYL CITRATE	Approved	adjuvant to anesthesia,opioid,analgesic	0.04244211264950044
CXCL8	ALPRAZOLAM	Approved	hypnotic,sedative,anxiolytic	0.0374489229260298
CXCL8	FENRETINIDE	Approved	antineoplastic agent	0.04715790294388937
CXCL8	RIBAVIRIN	Approved	""	0.01675346551953964
CXCL8	RECOMBINANT INTERLEUKIN-1	Not Approved	antineoplastic agent	0.07073685441583405
CXCL8	CIDOFOVIR ANHYDROUS	Approved	""	0.6366316897425065
CXCL8	DIPYRIDAMOLE	Approved	antithrombotic,anticoagulant	0.02273684606223237
CXCL8	TROGLITAZONE	Approved	""	0.04897166844173127
CXCL8	LANSOPRAZOLE	Approved	Proton pump inhibitor,antiulcer agent	0.04390563377534527
CXCL8	IONOMYCIN	Not Approved	""	0.1414737088316681
CXCL8	E319	Not Approved	""	0.05787560815840969
CXCL8	CEFTRIAXONE	Approved	""	0.1157512163168193
CXCL8	CHLORDANE	Not Approved	""	0.106105281623751
CXCL8	FOSCARNET	Approved	""	1.273263379485013
CXCL8	ADAKITUG	Not Approved	""	0.6366316897425065
CXCL8	DANAZOL	Approved	Antineoplastic Agent,Antiendometriosis Agent	0.07957896121781331
CXCL8	D-ALPHA-TOCOPHEROL ACETATE	Not Approved	""	0.6366316897425065
CXCL8	DICYCLOHEXYLCARBODIIMIDE	Not Approved	""	0.1591579224356266
CXCL8	RO 31-8220	Not Approved	""	0.3183158448712532
CXCL8	BEVACIZUMAB	Approved	antineoplastic agent	0.04774737673068798
CXCL8	BROXURIDINE	Not Approved	""	0.05305264081187554
CXCL8	TRETINOIN	Approved	for treatment of acne	0.01399190526906607
CXCL8	ALL-TRANS-RETINAL	Not Approved	""	0.09094738424892951
CXCL8	METHIMAZOLE	Approved	Antithyroid Agents	0.06063158949928633
CXCL8	DEOXYSPERGUALIN	Not Approved	""	0.6366316897425065
CXCL8	PAZOPANIB	Approved	antineoplastic agent	0.03350693103907929
CXCL8	OMEPRAZOLE	Approved	antiulcer agent,Proton pump inhibitor	0.03441252376986522
CXCL8	ALPHA-TOCOPHEROL ACETATE	Approved	""	0.6366316897425065
CXCL8	MEDROXYPROGESTERONE ACETATE	Approved	""	0.1273263379485013
CXCL8	ASPIRIN	Approved	NSAID	0.01430633010657318
CXCL8	TETRADECANOYLPHORBOL ACETATE	Not Approved	""	0.0276796386844568
CXCL8	PENTOXIFYLLINE	Approved	for treatment of amyotrophic lateral sclerosis (ALS)	0.0363789536995718
CXCL8	PYROGALLOL	Approved	""	0.04244211264950044
CXCL8	KLEBSIELLA PNEUMONIAE GLYCOPROTEIN	Not Approved	""	1.273263379485013
CXCL8	ABX-IL8	Not Approved	""	1.273263379485013
CXCL8	FLUOROURACIL	Approved	""	0.01097640844383631
CXCL8	BIOFLAVONOID	Not Approved	""	0.3183158448712532
CXCL8	LEFLUNOMIDE	Approved	Antirheumatic Agents	0.106105281623751
CXCL8	QUESTIOMYCIN B	Not Approved	""	0.1273263379485013
CXCL8	IBUPROFEN, SODIUM SALT	Approved	NSAID	0.01632388948057709
CXCL8	NAPROXEN SODIUM	Approved	NSAID,antimigraine agent	0.0748978458520596
CXCL8	PAMIDRONATE	Approved	Bisphosphonates	0.1157512163168193
CXCL8	METHYLENE BLUE ANHYDROUS	Approved	""	0.03441252376986522
CXCL8	BINETRAKIN	Not Approved	""	0.2546526758970026
CXCL8	COLCHICINE	Approved	for treatment of gout	0.01224291711043281
CXCL8	DACARBAZINE	Approved	Antineoplastic Agents	0.04244211264950044
CXCL8	MANNOSE-BINDING LECTIN	Not Approved	""	0.3183158448712532
CXCL8	SUNITINIB	Approved	antineoplastic agent	0.03978948060890665
CXCL8	DINITRO CRESOL	Not Approved	""	0.1591579224356266
CXCL8	HISTONE DEACETYLASE INHIBITOR	Not Approved	""	0.1414737088316681
CXCL8	CLARITHROMYCIN	Approved	""	0.0748978458520596
CXCL8	ALDRIN	Not Approved	""	0.1591579224356266
CXCL8	13-CIS-RETINAL	Not Approved	""	0.1591579224356266
CXCL8	ACETAMINOPHEN	Approved	analgesic	0.02448583422086563
CXCL8	MDX-018	Not Approved	""	0.6366316897425065
CXCL8	RECOMBINANT INTERFERON ALFA	Not Approved	""	0.3183158448712532
CXCL8	PACLITAXEL	Approved	for treatment of peripheral arterial disease (PAD),DMARD,antiinflammatory agent,antineoplastic agent	0.01157512163168193
CXCL8	HARMINE HYDROCHLORIDE	Not Approved	""	0.1273263379485013
CXCL8	CANERTINIB DIHYDROCHLORIDE	Not Approved	""	0.2546526758970026
CXCL8	ALUMINUM HYDROXIDE	Approved	""	1.273263379485013
CXCL8	TERFENADINE	Approved	Anti-Allergic Agents	0.07073685441583405
CXCL8	DICHLORVOS	Not Approved	""	0.1591579224356266
CXCL8	VERAPAMIL	Approved	antihypertensive agent	0.02829474176633362
CXCL8	TALC	Approved	""	1.273263379485013
CXCL8	GP-120 ANTIGEN	Not Approved	""	0.09794333688346255
CXCL8	YANGONIN	Not Approved	""	0.2122105632475021
CXCL8	ACE INHIBITOR	Not Approved	""	0.181894768497859
CXCL8	MIDAZOLAM HYDROCHLORIDE	Approved	Anesthesia; Hypnotics and Sedatives,Adjuvants	0.03536842720791702
CXCL8	CHEMBL:CHEMBL1902074	Not Approved	""	0.106105281623751
CXCL8	ANTIDEPRESSANT AGENT	Not Approved	""	0.02448583422086563
CXCL8	CYCLOPHOSPHAMIDE ANHYDROUS	Approved	""	0.01571930098129646
CXCL8	RECOMBINANT LYMPHOTOXIN BETA	Not Approved	""	0.6366316897425065
CXCL8	RECOMBINANT CYTOKINE	Not Approved	""	0.04897166844173127
CXCL8	ENDOSULFAN	Not Approved	""	0.1273263379485013
CXCL8	PROTECTIVE AGENT	Not Approved	""	1.273263379485013
CXCL8	CORONOPILIN	Not Approved	""	0.1591579224356266
CXCL8	HEPTACHLOR	Not Approved	""	0.2122105632475021
CXCL8	EMODIN	Not Approved	""	0.02448583422086563
CXCL8	RANIBIZUMAB	Approved	for treatment of age-related macular degeneration	0.4244211264950043
CXCL8	CETUXIMAB	Approved	antineoplastic agent	0.03441252376986522
CXCL8	HYDROQUINONE	Approved	""	0.1123467687780893
TDO2	THERAPEUTIC HORMONE	Not Approved	""	0.4745799868989594
TDO2	HYDROGEN PEROXIDE	Approved	""	1.04407597117771
TDO2	DEXAMETHASONE	Approved	for treatment of Meniere's disease,glucocorticoid,antiinflammatory agent	0.2456649343947554
TDO2	TCDD	Not Approved	""	0.8352607769421684
TDO2	INSULIN, REGULAR, HUMAN	Approved	for treatment of diabetic foot ulcers,antidiabetic	0.3939909325198908
ADORA2A	BVT.115959	Not Approved	analgesic	2.821826949128947
ADORA2A	SONEDENOSON	Not Approved	""	1.410913474564473
ADORA2A	CAFFEINE	Approved	Central Nervous System Stimulants	0.1525311864394025
ADORA2A	THEOPHYLLINE	Approved	bronchodilator	0.1567681638404971
ADORA2A	CIFORADENANT	Not Approved	""	1.410913474564473
ADORA2A	PBF-509	Not Approved	""	1.410913474564473
ADORA2A	CHEMBL:CHEMBL27508	Not Approved	""	0.4703044915214913
ADORA2A	REGADENOSON ANHYDROUS	Approved	diagnostic agent	0.9406089830429826
ADORA2A	UK-432,097	Not Approved	""	0.7054567372822369
ADORA2A	ST-1535	Not Approved	""	0.2821826949128947
ADORA2A	APADENOSON	Not Approved	""	0.7054567372822369
ADORA2A	EVODENOSON	Not Approved	""	2.821826949128947
ADORA2A	IMARADENANT	Not Approved	""	0.7054567372822369
ADORA2A	PBF-999	Not Approved	""	0.4703044915214913
ADORA2A	THERAPEUTIC CORTICOSTEROID	Not Approved	""	0.0671863559316416
ADORA2A	BINODENOSON	Not Approved	diagnostic agent	0.8465480847386841
ADORA2A	ETRUMADENANT	Not Approved	""	0.9406089830429826
ADORA2A	ISTRADEFYLLINE	Approved	antiparkinson agent	0.8465480847386841
ADORA2A	OXTRIPHYLLINE	Approved	""	0.1410913474564473
ADORA2A	TOZADENANT	Not Approved	antiparkinson agent	2.11637021184671
ADORA2A	PRELADENANT	Not Approved	antiparkinson agent	0.8465480847386841
ADORA2A	CHEMBL:CHEMBL1950650	Not Approved	""	0.7054567372822369
ADORA2A	GW-328267	Not Approved	""	2.821826949128947
ADORA2A	PENTOXIFYLLINE	Approved	for treatment of amyotrophic lateral sclerosis (ALS)	0.08062362711796993
ADORA2A	AMP579	Not Approved	""	0.7054567372822369
ADORA2A	DEXEFAROXAN	Not Approved	""	0.4703044915214913
ADORA2A	LEVODOPA	Approved	antiparkinson agent	0.07838408192024854
ADORA2A	SCH442416	Not Approved	""	0.2015590677949248
ADORA2A	CGS 21680	Not Approved	""	0.4031181355898497
ADORA2A	CAFFEINE CITRATE	Approved	""	0.3527283686411184
ADORA2A	ADENOSINE	Approved	""	0.09406089830429826
ADORA2A	TONAPOFYLLINE	Not Approved	for treatment of congestive heart failure	0.1763641843205592
ADORA2A	THEOPHYLLINE SODIUM GLYCINATE	Approved	""	0.1410913474564473
ADORA2A	AMINOPHYLLINE	Approved	""	0.1410913474564473
ADORA2A	UK-432097	Not Approved	""	1.410913474564473
ADORA2A	SONEDENOSON	Not Approved	""	1.410913474564473
ADORA2A	VIPADENANT	Not Approved	antiparkinson agent	0.8465480847386841
MTHFR	FLUOROURACIL	Approved	""	0.01216304719452132
MTHFR	MULTIVITAMIN	Not Approved	""	2.821826949128947
MTHFR	BUSULFAN	Approved	""	0.1485172078488919
MTHFR	CARBIDOPA ANHYDROUS	Approved	antiparkinson agent	0.2821826949128947
MTHFR	PREDNISOLONE	Approved	corticosteroid,antiinflammatory agent	0.1007795338974624
MTHFR	LEVODOPA	Approved	antiparkinson agent	0.07838408192024854
MTHFR	ZINC SULFATE ANHYDROUS	Approved	""	0.4703044915214913
MTHFR	VINCRISTINE	Approved	antineoplastic agent	0.05225605461349903
MTHFR	WARFARIN	Approved	Anticoagulants	0.08550990754936205
MTHFR	OLANZAPINE	Approved	for treatment of bipolar disorder,antidepressant,antipsychotic agent	0.0556939529433345
MTHFR	DISULFIRAM	Approved	Alcohol Deterrents	0.0656238825378825
MTHFR	MERCAPTOPURINE	Approved	Antineoplastic Agents	0.06270726553619883
MTHFR	AZACITIDINE	Approved	antineoplastic agent	0.07054567372822369
MTHFR	GEMCITABINE	Approved	antineoplastic agent	0.04600804808362415
MTHFR	PHENOBARBITAL	Approved	Anticonvulsants; Hypnotics and Sedatives	0.07425860392444598
MTHFR	DEHYDRATED ALCOHOL	Approved	""	0.03571932846998667
MTHFR	VALPROIC ACID	Approved	Anticonvulsants,for treatment of basal cell carcinoma,anticonvulsant	0.04950573594963066
MTHFR	CARBOPLATIN	Approved	""	0.09843582380682377
MTHFR	ATORVASTATIN CALCIUM TRIHYDRATE	Approved	anticholesterolaemic agent,antihypecholesterolemic agent	0.05130594452961723
MTHFR	VINORELBINE	Approved	antineoplastic agent	0.1085318057357287
MTHFR	L-METHYLFOLATE	Not Approved	""	5.643653898257895
MTHFR	BETAINE	Approved	""	0.2821826949128947
MTHFR	CYCLOSPORINE	Approved	immunosuppressant,opthalmological agent	0.0486521887780853
MTHFR	CHLORPROMAZINE	Approved	""	0.07626559321970129
MTHFR	CLOZAPINE	Approved	Antipsychotic Agents	0.04363649921333424
MTHFR	PEMETREXED DISODIUM	Approved	Antineoplastic Agents,antineoplastic agent	0.3255954172071862
MTHFR	PHENYTOIN SODIUM	Approved	Anticonvulsants	0.167965889829104
MTHFR	HALOPERIDOL DECANOATE	Approved	Antipsychotic Agents	0.03712930196222299
MTHFR	QUETIAPINE FUMARATE	Approved	antidepressant,antipsychotic agent	0.07838408192024854
MTHFR	NITROUS OXIDE	Approved	""	2.821826949128947
MTHFR	IRINOTECAN HYDROCHLORIDE	Approved	antineoplastic agent	0.04479090395442774
MTHFR	DACTINOMYCIN	Approved	""	0.08062362711796993
MTHFR	VITAMIN B12	Approved	""	1.007795338974624
MTHFR	DAUNORUBICIN LIPOSOMAL	Approved	antineoplastic agent	0.03100908735306535
MTHFR	ASPARAGINASE	Approved	""	0.156768163840497
MTHFR	OXALIPLATIN	Approved	""	0.07425860392444598
MTHFR	CARBAMAZEPINE	Approved	for treatment of bipolar disorder	0.05758830508426423
SOD2	METHOTREXATE	Approved	DMARD	0.0790966644831599
SOD2	ASPARAGINASE	Approved	""	0.725052757762299
SOD2	DOCETAXEL ANHYDROUS	Approved	antineoplastic agent	0.1048269047367179
SOD2	CYCLOPHOSPHAMIDE ANHYDROUS	Approved	""	0.1611228350582886
SOD2	PACLITAXEL	Approved	for treatment of peripheral arterial disease (PAD),DMARD,antiinflammatory agent,antineoplastic agent	0.0790966644831599
SOD2	BILIRUBIN	Not Approved	""	1.740126618629517
SOD2	ANTICONVULSANT AGENT	Not Approved	""	0.5800422062098393
SOD2	ANTIBIOTIC	Not Approved	""	0.5118019466557405
SOD2	VALPROIC ACID	Approved	Anticonvulsants,for treatment of basal cell carcinoma,anticonvulsant	0.1526426858446945
SOD2	DOXORUBICIN HYDROCHLORIDE	Approved	antineoplastic agent	0.05878806144018641
SOD2	DAUNORUBICIN LIPOSOMAL	Approved	antineoplastic agent	0.09561135267195152
SOD2	ANTIOXIDANT	Not Approved	""	0.4143158615784565
CAT	DEHYDRATED ALCOHOL	Approved	""	1.321615153389507
IL1A	HYDROXYCHLOROQUINE	Approved	antirheumatic agent	0.5800422062098392
IL1A	OLANZAPINE	Approved	for treatment of bipolar disorder,antidepressant,antipsychotic agent	0.137378417260225
IL1A	LUTIKIZUMAB	Not Approved	""	5.220379855888553
IL1A	AMG-108	Not Approved	DMARD,antiinflammatory agent	2.610189927944276
IL1A	MABP1	Not Approved	""	5.220379855888553
IL1A	MITOMYCIN	Approved	""	0.4350316546573794
IL1A	IMMUNOSUPPRESSANT	Not Approved	""	0.5800422062098392
IL1A	BERMEKIMAB	Not Approved	""	5.220379855888553
IL1A	RILONACEPT	Approved	DMARD,antiinflammatory agent	3.480253237259035
IL1A	BERMEKIMAB	Not Approved	""	5.220379855888553
CYP1A1	ANTIESTROGEN	Not Approved	""	0.2320168824839357
CYP1A1	ANTIMALARIAL AGENT	Not Approved	""	1.740126618629517
CYP1A1	CAPECITABINE	Approved	""	0.06824025955409872
CYP1A1	MT47-100	Not Approved	""	0.8700633093147588
CYP1A1	HYPERICIN	Not Approved	""	0.2677117874814643
CYP1A1	RUTIN	Approved	""	0.3480253237259035
CYP1A1	VALPROIC ACID	Approved	Anticonvulsants,for treatment of basal cell carcinoma,anticonvulsant	0.09158561150681672
CYP1A1	LIOTHYRONINE	Approved	Hormone Replacement Agents	0.1054622193108798
CYP1A1	AMODIAQUINE	Not Approved	""	0.4350316546573794
CYP1A1	ACACETIN	Not Approved	""	0.2320168824839357
CYP1A1	PHENYTOIN SODIUM	Approved	Anticonvulsants	0.1242947584735369
CYP1A1	GRANISETRON	Approved	antiemetic	0.3163866579326396
CYP1A1	PHENOBARBITAL	Approved	Anticonvulsants; Hypnotics and Sedatives	0.1373784172602251
CYP1A1	QUERCETIN	Approved	""	0.0440538384463169
CYP1A1	NILOTINIB	Approved	antineoplastic agent	0.2175158273286897
CYP1A1	DACARBAZINE	Approved	Antineoplastic Agents	0.2320168824839357
CYP1A1	PROMETHAZINE HYDROCHLORIDE	Approved	Hypnotics and Sedatives; Anti-anxiety agents; Anti-allergic Agents	0.1581933289663198
CYP1A1	BIOCHANIN A	Not Approved	""	1.160084412419678
CYP1A1	RISPERIDONE	Approved	Antipsychotic Agents,antipsychotic agent	0.0519440781680453
CYP1A1	RECOMBINANT INTERFERON	Not Approved	""	0.08923726249382141
CYP1A1	CARBAMAZEPINE	Approved	for treatment of bipolar disorder	0.1065383644058888
CYP1A1	ANTICONVULSANT AGENT	Not Approved	""	0.2320168824839357
CYP1A1	CLOZAPINE	Approved	Antipsychotic Agents	0.05381834902977889
CYP1A1	DAUNORUBICIN LIPOSOMAL	Approved	antineoplastic agent	0.0382445410687806
CYP1A1	LANSOPRAZOLE	Approved	Proton pump inhibitor,antiulcer agent	0.120008732319277
CYP1A1	DOXORUBICIN HYDROCHLORIDE	Approved	antineoplastic agent	0.02351522457607456
CYP1A1	OLANZAPINE	Approved	for treatment of bipolar disorder,antidepressant,antipsychotic agent	0.04579280575340836
CYP1A1	SPIRONOLACTONE	Approved	antihypertensive agent	0.2175158273286897
CYP1A1	PHYTOCHEMICAL	Not Approved	""	1.160084412419678
CYP1A1	DOCETAXEL ANHYDROUS	Approved	antineoplastic agent	0.04193076189468717
NUP62	GEFITINIB	Approved	antineoplastic agent	0.519440781680453
NUP62	ERLOTINIB	Approved	antineoplastic agent	0.621473792367685
NUP62	AFATINIB	Approved	antineoplastic agent	1.933474020699464
SOD1	TETRACYCLINE	Approved	""	0.725052757762299
SOD1	DOXYCYCLINE ANHYDROUS	Approved	""	0.5674325930313645
SOD1	TOFERSEN	Approved	for treatment of ALS	26.10189927944276
SOD1	OXYTETRACYCLINE ANHYDROUS	Approved	""	0.6525474819860692
IL15	MEGESTROL ACETATE	Approved	""	0.9322106885515273
IL15	THERAPEUTIC GLUCOCORTICOID	Not Approved	""	0.2193436914238887
IL15	IMMUNOADJUVANT	Not Approved	""	7.457685508412219
IL15	ORDESEKIMAB	Not Approved	""	3.728842754206109
IL15	ORDESEKIMAB	Not Approved	""	3.728842754206109
IL15	MYCOPHENOLATE MOFETIL	Approved	immunosuppressant	0.4661053442757636
IL15	LEVODOPA	Approved	antiparkinson agent	0.2071579307892282
IL15	SIROLIMUS	Approved	for treatment of wet age-related macular degeneration,immunosuppressant	0.1285807846277968
IL15	CYCLOSPORINE	Approved	immunosuppressant,opthalmological agent	0.2143013077129947
IL15	TETRADECANOYLPHORBOL ACETATE	Not Approved	""	0.1621235980089612
IL15	CELL SURFACE ANTIGEN	Not Approved	""	3.728842754206109
IL15	BACILLUS CALMETTE-GUERIN ANTIGEN	Not Approved	""	0.9322106885515273
IL15	RECOMBINANT CD40-LIGAND	Not Approved	""	1.398316032827291
IL15	LYMPHOKINE-ACTIVATED KILLER CELLS	Not Approved	""	1.016957114783484
CCND1	ACETAMINOPHEN	Approved	analgesic	0.02390283816798788
CCND1	URACIL	Not Approved	""	0.3107368961838424
CCND1	LY-510929	Not Approved	""	0.3107368961838424
CCND1	NTZDPA	Not Approved	""	0.6214737923676849
CCND1	BRICICLIB	Not Approved	""	1.242947584735369
CCND1	2-CHLORO-5-NITRO-N-PHENYLBENZAMIDE	Not Approved	""	0.0776842240459606
CCND1	LG100754	Not Approved	""	0.2071579307892283
CCND1	SELADELPAR	Approved	""	0.1553684480919212
CCND1	TROGLITAZONE	Approved	""	0.07170851450396365
CCND1	ALVOCIDIB	Not Approved	antineoplastic agent	0.0295939901127469
CCND1	VCE-004.3	Not Approved	""	0.2071579307892283
CCND1	NIFEDIPINE	Approved	Antianginal Agents; Vasodilator Agents	0.02219549258456018
CCND1	ROSIGLITAZONE	Approved	for treatment of Alzheimer's disease,antidiabetic	0.02824880874398568
CCND1	FLUOROURACIL	Approved	""	0.01071506538564973
CCND1	RESVERATROL	Approved	antineoplastic agent,antidiabetic,for treatment of herpes simplex virus 1	0.01268313861974867
CCND1	DOXORUBICIN HYDROCHLORIDE	Approved	antineoplastic agent	0.008398294491455202
CCND1	GW0072	Not Approved	""	0.6214737923676849
CCND1	RONICICLIB	Not Approved	""	0.02219549258456018
CCND1	LINOLEIC ACID	Not Approved	""	0.08878197033824071
CCND1	TZD18	Not Approved	""	0.3107368961838424
CCND1	TIROTUNDIN	Not Approved	""	0.6214737923676849
CCND1	BORTEZOMIB	Approved	antineoplastic agent	0.007311456380796293
CCND1	REGLITAZAR	Not Approved	""	0.3107368961838424
CCND1	MRL20	Not Approved	""	0.6214737923676849
CCND1	MESALAMINE	Approved	for treatment of ulcerative proctitis,for treatment of ulcerative colitis,antiinflammatory agent	0.02824880874398568
CCND1	ZAFIRLUKAST	Approved	antiasthmatic agent	0.03452632179820471
CCND1	GW7845	Not Approved	""	0.6214737923676849
CCND1	GW409544	Not Approved	""	0.3107368961838424
CCND1	LY-465608	Not Approved	""	0.3107368961838424
CCND1	CYTARABINE	Approved	antineoplastic agent	0.01553684480919212
CCND1	TRIPLE MODULATOR 10 [PMID: 29878767]	Not Approved	""	0.2071579307892283
CCND1	LAPATINIB	Approved	antineoplastic agent	0.04009508337856031
CCND1	AD5075	Not Approved	""	0.6214737923676849
CCND1	T0070907	Not Approved	""	0.6214737923676849
CCND1	CISPLATIN	Approved	""	0.008455425746499115
CCND1	PIOGLITAZONE HYDROCHLORIDE	Approved	antidiabetic	0.03655728190398146
CCND1	FMOC-L-LEUCINE	Not Approved	""	0.6214737923676849
CCND1	ARSENIC TRIOXIDE	Approved	antineoplastic agent	0.02390283816798788
CCND1	DICLOFENAC SODIUM	Approved	for treatment of glaucoma,analgesic,NSAID	0.01827864095199073
CCND1	PROTEIN SYNTHESIS INHIBITOR	Not Approved	""	0.1035789653946141
CCND1	SB-219993	Not Approved	""	0.6214737923676849
CCND1	CHEMOPREVENTIVE AGENT	Not Approved	""	0.1381052871928188
CCND1	PAT5A	Not Approved	""	0.6214737923676849
CCND1	L-796449	Not Approved	""	0.3107368961838424
CCND1	SELICICLIB	Not Approved	antineoplastic agent	0.08286317231569132
CCND1	TAGITININ A	Not Approved	""	0.6214737923676849
CCND1	ALPHA-TOCOPHEROL	Not Approved	""	0.1129952349759427
CCND1	MRL24	Not Approved	""	0.6214737923676849
CCND1	NETOGLITAZONE	Not Approved	""	0.3107368961838424
CCND1	BARDOXOLONE METHYL	Not Approved	""	0.0776842240459606
CCND1	GOSSYPOL	Not Approved	""	0.02589474134865354
CCND1	ELAFIBRANOR	Approved	""	0.1553684480919212
CCND1	SB-219994	Not Approved	""	0.6214737923676849
CCND1	ORAL CONTRACEPTIVE	Not Approved	""	0.1129952349759427
CCND1	MDG 548	Not Approved	""	0.6214737923676849
CCND1	COMPOUND 10 [O'MAHONY ET AL., 2022]	Not Approved	""	0.6214737923676849
CCND1	MPA	Not Approved	""	0.1242947584735369
CCND1	NAVITOCLAX	Not Approved	""	0.0388421120229803
CCND1	(R)-16 [PMID: 32267688]	Not Approved	""	0.2071579307892283
CCND1	METHOTREXATE	Approved	DMARD	0.01129952349759427
CCND1	INDOMETHACIN	Approved	NSAID	0.01553684480919212
CCND1	CIGLITAZONE	Not Approved	""	0.08878197033824071
CCND1	[125I]SB-236636	Not Approved	""	0.6214737923676849
CCND1	L-764406	Not Approved	""	0.6214737923676849
CCND1	GW1929	Not Approved	""	0.06905264359640943
CCND1	PALBOCICLIB	Approved	""	0.06092880317330243
CCND1	RIBOCICLIB	Approved	antineoplastic agent	0.06905264359640943
CCND1	ABEMACICLIB	Approved	""	0.03270914696672026
CCND1	GW9578	Not Approved	""	0.2071579307892283
CCND1	BADGE	Not Approved	""	0.6214737923676849
CCND1	L-783483	Not Approved	""	0.1553684480919212
CCND1	EDAGLITAZONE	Not Approved	""	0.3107368961838424
CCND1	MK-0767	Not Approved	""	0.3107368961838424
CCND1	15-DEOXY-&DELTA;-12,14-PROSTAGLANDIN J2	Not Approved	""	0.6214737923676849
CCND1	BEXAROTENE	Approved	antineoplastic agent	0.05178948269730708
CCND1	L-165461	Not Approved	""	0.6214737923676849
CCND1	TAMOXIFEN	Approved	Hormonal,Antineoplastic Agents	0.03824454106878061
CCND1	RAGAGLITAZAR	Not Approved	""	0.2071579307892283
CCND1	MITOGEN-ACTIVATED PROTEIN KINASE INHIBITOR	Not Approved	""	0.1775639406764814
CCND1	FARGLITAZAR	Not Approved	""	0.1553684480919212
CCND1	CHIGLITAZAR	Not Approved	""	0.1242947584735369
CCND1	AD-5061	Not Approved	""	0.3107368961838424
CCND1	BARDOXOLONE	Not Approved	antineoplastic agent	0.2071579307892283
CCND1	LANIFIBRANOR	Not Approved	""	0.1035789653946141
SP7	ASCORBIC ACID	Approved	""	4.015676812221964
TYRP1	FLANVOTUMAB	Not Approved	""	104.407597117771
LGR4	ROSMANTUZUMAB	Not Approved	""	26.10189927944276
CASP3	CHEMBL:CHEMBL576208	Not Approved	""	0.1054622193108798
CASP3	CHEMBL:CHEMBL1493528	Not Approved	""	0.1288982680466309
CASP3	PAC1	Not Approved	""	2.320168824839356
CASP3	IPRIFLAVONE	Not Approved	""	0.0966737010349732
CASP3	SPERMINE	Not Approved	""	0.2577965360932618
CASP3	1,4-DICHLOROBENZENE	Not Approved	""	2.320168824839356
CASP3	AZ10417808	Not Approved	""	1.160084412419678
CASP3	PACLITAXEL	Approved	for treatment of peripheral arterial disease (PAD),DMARD,antiinflammatory agent,antineoplastic agent	0.02109244386217597
CASP3	Z-DEVD-FMK	Not Approved	""	1.160084412419678
CASP3	CHEMBL:CHEMBL1210769	Not Approved	""	0.1450105515524598
CASP3	CHEMBL:CHEMBL312032	Not Approved	""	0.1054622193108798
CASP3	CHEMBL:CHEMBL600313	Not Approved	""	0.1288982680466309
CASP3	IDRONOXIL	Not Approved	antineoplastic agent	0.1657263446313826
CASP3	CHEMBL:CHEMBL584668	Not Approved	""	0.1933474020699464
CASP3	CHEMBL:CHEMBL375563	Not Approved	""	0.4640337649678713
CASP3	XANTHOANGELOL B	Not Approved	""	0.2320168824839356
CASP3	DIACETYLRHEIN	Approved	antidiabetic	0.1288982680466309
CASP3	CHEMBL:CHEMBL299853	Not Approved	""	0.06444913402331547
CASP3	CHEMBL:CHEMBL1504679	Not Approved	""	0.08923726249382143
CASP3	WITHAFERIN A	Not Approved	""	0.1933474020699464
CASP3	AC-DEVD-CHO	Not Approved	""	1.160084412419678
CASP3	KOBOPHENOL A	Not Approved	""	2.320168824839356
CASP3	EMRICASAN	Not Approved	""	0.08923726249382143
CASP3	CISPLATIN	Approved	""	0.01578346139346501
CASP3	M826	Not Approved	""	0.2320168824839356
CASP3	PHATHALIMIDE	Not Approved	""	2.320168824839356
CASP3	CHEMBL:CHEMBL546865	Not Approved	""	0.1933474020699464
CASP3	FAS LIGAND	Not Approved	""	0.1933474020699464
CASP3	TELEOCIDIN B	Not Approved	""	2.320168824839356
CASP3	CHEMBL:CHEMBL428789	Not Approved	""	0.07733896082797856
CASP3	CHEMBL:CHEMBL412603	Not Approved	""	0.1450105515524598
CASP3	CHEMBL:CHEMBL560532	Not Approved	""	2.320168824839356
CASP3	CHEMBL:CHEMBL376616	Not Approved	""	1.160084412419678
CASP3	CHEMBL:CHEMBL484663	Not Approved	""	0.1450105515524598
CASP3	PETCM	Not Approved	""	1.160084412419678
CASP3	AICA RIBONUCLEOTIDE	Not Approved	""	1.160084412419678
CASP3	Z-DQMD-FMK	Not Approved	""	1.160084412419678
CASP3	CHEMBL:CHEMBL546170	Not Approved	""	0.1657263446313826
CASP3	DOXORUBICIN HYDROCHLORIDE	Approved	antineoplastic agent	0.01567681638404971
CASP3	COMPOUND 4 [PMID: 12408711]	Not Approved	""	0.2900211031049196
CASP3	NAPHTHOQUINONE	Not Approved	""	0.4640337649678713
CASP3	STAUROSPORINE	Not Approved	""	0.08286317231569132
CASP3	CELECOXIB	Approved	NSAID	0.03462938544536353
CASP3	CHEMBL:CHEMBL378903	Not Approved	""	0.3866948041398928
CASP3	PAC-1	Not Approved	""	1.160084412419678
ACHE	EDROPHONIUM CATION	Approved	Anti-Arrhythmia Agents; Antidotes	1.134865186062729
ACHE	PYRIDOSTIGMINE	Approved	Antimyasthenics	0.2837162965156822
ACHE	ACOTIAMIDE HYDROCHLORIDE	Not Approved	""	1.513153581416972
ACHE	EPTASTIGMINE	Not Approved	""	0.378288395354243
ACHE	ISOFLUROPHATE	Approved	Antiglaucomic Agents	0.756576790708486
ACHE	METHADONE HYDROCHLORIDE	Approved	Opioid; Antitussive Agents,Analgesics	0.04450451710049918
ACHE	AMBENONIUM CHLORIDE	Approved	""	0.756576790708486
ACHE	AMBENONIUM	Approved	Antimyasthenics	2.269730372125458
ACHE	PRALIDOXIME CHLORIDE	Approved	""	1.513153581416972
ACHE	NEOSTIGMINE	Approved	Parasympathomimetics	1.008769054277981
ACHE	MIMOPEZIL	Not Approved	""	0.756576790708486
ACHE	SKIMMIANINE	Not Approved	""	0.1513153581416972
ACHE	ADRENOMEDULLIN	Not Approved	""	0.756576790708486
ACHE	TACRINE	Approved	Nootropic Agents	0.5404119933632043
ACHE	HUMAN CALCITONIN	Approved	""	0.378288395354243
ACHE	HUPERZINE A	Not Approved	for treatment of Alzheimer's disease	2.269730372125458
ACHE	&BETA;-CGRP	Not Approved	""	0.756576790708486
ACHE	SALMON CALCITONIN	Approved	antiosteoporotic agent	0.378288395354243
ACHE	GALACTITOL	Not Approved	""	1.513153581416972
ACHE	GALANTAMINE	Approved	for treatment of alzheimer's disease	0.5674325930313645
ACHE	ECHOTHIOPHATE IODIDE	Approved	Miotics	0.756576790708486
ACHE	AMYLIN	Not Approved	""	0.756576790708486
ACHE	TURBINATINE	Not Approved	""	1.513153581416972
ACHE	EDROPHONIUM CHLORIDE	Approved	""	0.756576790708486
ACHE	LATREPIRDINE	Not Approved	neuroprotectant	0.09457209883856076
ACHE	PYRIDOSTIGMINE BROMIDE	Approved	""	0.378288395354243
ACHE	DONEPEZIL	Approved	for treatment of alzheimer's disease	0.4728604941928038
ACHE	8-AZAGUANINE	Not Approved	""	0.2521922635694953
ACHE	DONEPEZIL HYDROCHLORIDE	Approved	""	0.756576790708486
ACHE	PHYSOSTIGMINE SALICYLATE	Approved	""	0.756576790708486
ACHE	MINAPRINE HYDROCHLORIDE	Approved	""	0.08406408785649844
ACHE	ADRENOMEDULLIN 2/INTERMEDIN	Not Approved	""	0.756576790708486
ACHE	AC187	Not Approved	""	0.756576790708486
ACHE	PRAMLINTIDE	Approved	antiobesity agent,antidiabetic	0.1080823986726408
ACHE	METHANESULFONYL FLUORIDE	Not Approved	""	0.756576790708486
ACHE	SURONACRINE MALEATE	Not Approved	""	0.378288395354243
ACHE	RIVASTIGMINE TARTRATE	Approved	""	0.378288395354243
ACHE	KBP-088	Not Approved	""	0.756576790708486
ACHE	DESOXYCORDIFOLINE	Not Approved	""	1.513153581416972
ACHE	HEXAFLUORENIUM BROMIDE	Approved	""	0.756576790708486
ACHE	TACRINE HYDROCHLORIDE	Approved	""	0.378288395354243
ACHE	ECHOTHIOPHATE	Approved	""	0.756576790708486
ACHE	DISTIGMINE	Approved	""	0.756576790708486
ACHE	[125I]CT (HUMAN)	Not Approved	""	0.756576790708486
ACHE	AMLINTIDE	Not Approved	""	0.378288395354243
ACHE	THIOGUANINE	Approved	""	0.04585313883081733
ACHE	LADOSTIGIL	Not Approved	""	0.378288395354243
ACHE	BUNTANETAP	Not Approved	""	0.756576790708486
ACHE	PHENSERINE	Not Approved	for treatment of Alzheimer's disease	0.3026307162833944
ACHE	ACOTIAMIDE	Not Approved	for treatment of functional dyspepsia	0.756576790708486
ACHE	RADIOSENSITIZING AGENT	Not Approved	""	1.513153581416972
ACHE	BETAMETHASONE	Approved	glucocorticoid,antiinflammatory agent	0.1513153581416972
ACHE	DAVALINTIDE	Not Approved	""	0.1891441976771215
ACHE	6-AMINONICOTINAMIDE	Not Approved	""	0.3026307162833944
ACHE	AMOCARZINE	Not Approved	""	0.756576790708486
ACHE	CT-(8-32) (SALMON)	Not Approved	""	0.756576790708486
ACHE	PROPANIDID	Approved	""	0.378288395354243
ACHE	RIVASTIGMINE	Approved	for treatment of Alzheimer's disease	0.4323295946905635
ACHE	PHYSOSTIGMINE	Approved	for treatment of dry mouth	0.3026307162833944
ACHE	DEMECARIUM BROMIDE	Approved	Antiglaucomic Agents	1.513153581416972
ACHE	ITOPRIDE	Not Approved	motilitant	0.5043845271389906
ACHE	KBP-066	Not Approved	""	0.756576790708486
ACHE	MALATHION	Approved	""	0.1260961317847476
ACHE	&ALPHA;-CGRP	Not Approved	""	0.756576790708486
ACHE	NN1213	Not Approved	""	0.756576790708486
ACHE	MINAPRINE	Approved	Antidepressive Agents	0.08406408785649844
ACHE	[125I]CT (SALMON)	Not Approved	""	0.756576790708486
ACHE	MAGNESIUM CHLORIDE ANHYDROUS	Approved	""	1.513153581416972
ACHE	PRALIDOXIME CATION	Approved	""	1.134865186062729
CTH	BALANOL	Not Approved	""	1.003919203055491
CTH	G&OUML; 6983	Not Approved	""	2.610189927944276
CTH	ARACHIDONIC ACID	Not Approved	""	1.305094963972138
CTH	COMPOUND 3 [PMID: 19097791]	Not Approved	""	6.525474819860691
CEACAM3	ARCITUMOMAB	Approved	diagnostic agent	17.40126618629517
GCG	FRONIGLUTIDE	Not Approved	antidiabetic	0.9667370103497319
GCG	BETHANECHOL CHLORIDE	Approved	""	1.288982680466309
GCG	ANTIDEPRESSANT AGENT	Not Approved	""	0.07436438541151785
GCG	FLUORODEOXYGLUCOSE F18	Approved	""	0.6444913402331547
GCG	PYRAZOLE	Not Approved	""	0.9667370103497319
GCG	SUMATRIPTAN	Approved	antimigraine agent	0.1681281757129968
GCG	MEK INHIBITOR PD-98059	Not Approved	""	1.933474020699463
GCG	BACLOFEN	Approved	for treatment of alcohol dependance	0.3866948041398927
GCG	CROTOXIN	Not Approved	""	3.866948041398927
GCG	EFINOPEGDUTIDE	Not Approved	""	0.6444913402331547
GCG	PENICILLAMINE	Approved	""	0.5524211487712755
GCG	COTADUTIDE	Not Approved	""	1.933474020699463
GCG	ARGIPRESSIN	Approved	analgesic,Antidiuretic Agents	0.1487287708230357
GCG	SAR425899	Not Approved	""	0.6444913402331547
GCG	VITAMIN D	Approved	""	0.2974575416460714
GCG	ALPHA-ADRENERGIC ANTAGONIST	Not Approved	""	1.288982680466309
GCG	OLANZAPINE	Approved	for treatment of bipolar disorder,antidepressant,antipsychotic agent	0.05088089528156483
GCG	NALTREXONE	Approved	for treatment of substance abuse,appetite suppressant,analgesic	0.2274675318469957
GCG	SODIUM BUTYRATE	Not Approved	""	0.2762105743856377
GCG	PANTOPRAZOLE SODIUM	Approved	Proton pump inhibitor	0.3866948041398927
GCG	CORDYCEPIN	Not Approved	antineoplastic agent	1.288982680466309
GCG	TYROSINE KINASE INHIBITOR	Not Approved	""	0.1487287708230357
GCG	DEXTROMETHORPHAN POLISTIREX	Approved	Antitussive Agents,analgesic,antitussive agent	0.2416842525874329
GCG	SILICON PHTHALOCYANINE 4	Not Approved	""	1.288982680466309
GCG	CLOZAPINE	Approved	Antipsychotic Agents	0.03986544372576214
GCG	MECASERMIN	Approved	hormone replacement	0.9667370103497319
GCG	PAREGORIC	Approved	analgesic	0.08406408785649844
AMH	LTB4	Not Approved	""	0.7677029199836107
AMH	DIETHYLSTILBESTROL	Approved	Hormone Replacement Agents	0.2791646981758585
AMH	THERAPEUTIC GONADOTROPIN	Not Approved	""	1.316062148543332
AMH	12-EPI LTB4	Not Approved	""	3.070811679934443
AMH	CAY10583	Not Approved	""	3.070811679934443
AMH	TRETINOIN	Approved	for treatment of acne	0.1012355498879486
AMH	ETHINYL ESTRADIOL	Approved	contraceptive	0.3070811679934442
AMH	TESTOSTERONE	Approved	for treatment of female sexual dysfunction,hormone replacement	0.6299100881916806
AMH	CP-195543	Not Approved	""	1.535405839967221
AMH	THERAPEUTIC HORMONE	Not Approved	""	0.1395823490879292
AMH	LY255283	Not Approved	""	1.535405839967221
AMH	ZK-158252	Not Approved	""	3.070811679934443
AMH	HUMAN CHORIONIC GONADOTROPIN	Approved	""	0.3232433347299414
AMH	12S-HETE	Not Approved	""	3.070811679934443
AMH	15S-HETE	Not Approved	""	3.070811679934443
AMH	12-HYDROXYHEPTADECATRIENOIC ACID	Not Approved	""	3.070811679934443
AMH	[3H]LTB4	Not Approved	""	1.535405839967221
NR4A1	IONOMYCIN	Not Approved	""	1.160084412419678
NR4A1	CYTOSPORONE B	Not Approved	""	6.960506474518071
NR4A1	CYCLOSPORINE	Approved	immunosuppressant,opthalmological agent	0.08000582154618471
NR4A1	LIF	Not Approved	""	0.8700633093147588
NR4A1	LEVODOPA	Approved	antiparkinson agent	0.2900211031049196
NR4A1	HISTONE DEACETYLASE INHIBITOR	Not Approved	""	0.7733896082797856
NR4A1	HALOPERIDOL DECANOATE	Approved	Antipsychotic Agents	0.09158561150681672
NR4A1	ETOPOSIDE	Approved	Antineoplastic Agents	0.120008732319277
NR4A1	NICOTINE POLACRILEX	Approved	Central Nervous System Stimulants	0.2269730372125458
NR4A1	PD-98059	Not Approved	""	0.1881217966085965
NR4A1	TRETINOIN	Approved	for treatment of acne	0.07648908213756121
NR4A1	ACETYLCYSTEINE	Approved	""	0.4640337649678714
NR4A1	CHEMBL:CHEMBL547833	Not Approved	""	0.4350316546573794
NR4A1	PAREGORIC	Approved	analgesic	0.1513153581416972
NR4A1	RECOMBINANT INTERLEUKIN-1	Not Approved	antineoplastic agent	0.5800422062098393
SST	GP-120 ANTIGEN	Not Approved	""	0.617796432649533
SST	FREUND'S ADJUVANT	Not Approved	""	0.6692794687036606
SST	DEXTROAMPHETAMINE SULFATE	Approved	for treatment of ADHD,for treatment of cognitive dysfunction	0.4227028223391541
SST	CYSTEAMINE HYDROCHLORIDE	Approved	for treatment of corneal cystine accumulation	0.8031353624443928
SST	GANCICLOVIR	Approved	""	1.003919203055491
SST	BOMBESIN ANTAGONIST	Not Approved	""	8.031353624443929
SST	STREPTOZOCIN	Approved	""	0.1745946440096506
SST	CAPTOPRIL	Approved	Antihypertensive Agents	0.617796432649533
SST	LITHIUM	Approved	""	0.191222705343903
SST	ASPIRIN	Approved	NSAID	0.09023992836453852
SST	VALPROIC ACID	Approved	Anticonvulsants,for treatment of basal cell carcinoma,anticonvulsant	0.140900940779718
SST	VALINOMYCIN	Not Approved	""	4.015676812221964
SST	ESTRADIOL 3-BENZOATE	Approved	""	0.8031353624443928
ALAD	PORPHOBILINOGEN	Not Approved	""	52.20379855888553
ERAP1	CHEMBL:CHEMBL531269	Not Approved	""	2.900211031049196
ERAP1	CHEMBL:CHEMBL587247	Not Approved	""	8.700633093147589
ERAP1	ESCULETIN	Not Approved	""	1.24294758473537
ERAP1	TOSEDOSTAT	Not Approved	""	0.4350316546573794
ERAP1	SCOPOLETIN	Not Approved	""	1.450105515524598
ERAP1	UMBELLIFERONE	Not Approved	""	4.350316546573794
CDX2	TEGAFUR	Approved	antineoplastic agent	4.350316546573794
CDX2	CAPECITABINE	Approved	""	0.6824025955409873
CDX2	DRUGSATFDA.NDA:008378	Not Approved	""	3.866948041398928
DST	DIPHENIDOL	Approved	Antiemetics	3.728842754206109
DST	DENATONIUM	Not Approved	""	8.700633093147589
RET	SUNITINIB	Approved	antineoplastic agent	0.3978948060890666
RET	CYC-116	Not Approved	""	0.0065632132963145
RET	HISTONE DEACETYLASE INHIBITOR	Not Approved	""	0.1414737088316681
RET	RET INHIBITOR APS03118	Not Approved	""	0.6366316897425065
RET	SELPERCATINIB	Approved	""	5.411369362811306
RET	GW441756X	Not Approved	""	0.009794333688346254
RET	PONATINIB	Approved	antineoplastic agent	0.2448583422086564
RET	TOZASERTIB	Not Approved	antineoplastic agent	0.01744196410253442
RET	TYROSINE KINASE INHIBITOR	Not Approved	""	0.04897166844173127
RET	VANDETANIB	Approved	antineoplastic agent	0.450032746197289
RET	VOLASERTIB	Not Approved	""	0.2546526758970026
RET	CEP-2563 DIHYDROCHLORIDE	Not Approved	""	0.0374489229260298
RET	BARASERTIB-HQPA	Not Approved	""	0.0276796386844568
RET	ENBEZOTINIB	Not Approved	""	0.6366316897425065
RET	PD-0166285	Not Approved	""	0.01224291711043281
RET	ENMD-2076	Not Approved	antineoplastic agent	0.02053650612072601
RET	DEXAMETHASONE	Approved	for treatment of Meniere's disease,glucocorticoid,antiinflammatory agent	0.01497956917041191
RET	AT9283	Not Approved	antineoplastic agent	0.05787560815840969
RET	RECOMBINANT CHEMOKINE	Not Approved	""	0.106105281623751
RET	BARASERTIB	Not Approved	""	0.04897166844173127
RET	CENISERTIB	Not Approved	antineoplastic agent	0.005395183811377174
RET	RET INHIBITOR TY-1091	Not Approved	""	0.6366316897425065
RET	AZD1480	Not Approved	""	0.1591579224356266
RET	RG-1530	Not Approved	""	0.006772677550452197
RET	NINTEDANIB ESYLATE	Approved	antineoplastic agent	0.02546526758970026
RET	AST-487	Not Approved	""	0.04658280656652486
RET	LAPATINIB	Approved	antineoplastic agent	0.02053650612072601
RET	PRALSETINIB	Approved	""	2.000842453476449
RET	REGORAFENIB	Approved	antineoplastic agent	0.1350430857029559
RET	CHEMBL:CHEMBL546797	Not Approved	""	0.01989474030445332
RET	ZM447439	Not Approved	""	0.03350693103907929
RET	CEDIRANIB	Not Approved	antineoplastic agent	0.01136842303111618
RET	JNJ-7706621	Not Approved	""	0.01157512163168193
RET	ALECTINIB HYDROCHLORIDE	Approved	""	0.2122105632475021
RET	MITOQUINONE MESYLATE	Not Approved	""	1.273263379485013
RET	CHEMBL:CHEMBL1997335	Not Approved	""	0.01515789737482158
RET	ENTRECTINIB	Approved	""	0.01116897701302643
RET	MOTESANIB	Not Approved	antineoplastic agent	0.2315024326336387
RET	TANESPIMYCIN	Not Approved	antineoplastic agent	0.09794333688346255
RET	PAZOPANIB	Approved	antineoplastic agent	0.01116897701302643
RET	RET INHIBITOR SY-5007	Not Approved	""	1.273263379485013
RET	ERLOTINIB	Approved	antineoplastic agent	0.01136842303111618
RET	IMATINIB	Approved	antineoplastic agent	0.03536842720791702
RET	DOVITINIB	Not Approved	antineoplastic agent	0.025213136227426
RET	NVP-TAE684	Not Approved	""	0.006180890191674821
RET	ALISERTIB	Not Approved	antineoplastic agent	0.01326316020296888
RET	TRAMETINIB DIMETHYL SULFOXIDE	Approved	antineoplastic agent	0.02709071020180879
RET	LESTAURTINIB	Not Approved	antineoplastic agent	0.05305264081187554
RET	RET INHIBITOR FHND5071	Not Approved	""	0.6366316897425065
RET	AGERAFENIB	Not Approved	""	0.2546526758970026
RET	OMIPALISIB	Not Approved	""	0.06366316897425064
RET	PALBOCICLIB	Approved	""	0.01248297430867659
RET	PF-562271	Not Approved	""	0.005894737867986171
RET	CP-547632	Not Approved	""	0.01446890203960242
RET	GSK-3179106	Not Approved	""	0.6366316897425065
RET	TETRADECANOYLPHORBOL ACETATE	Not Approved	""	0.0276796386844568
RET	ILORASERTIB	Not Approved	""	0.005488204221918159
RET	AGERAFENIB	Not Approved	""	0.8488422529900087
RET	TRETINOIN	Approved	for treatment of acne	0.01399190526906607
RET	SP-600125	Not Approved	""	0.007153165053286591
RET	SITRAVATINIB	Not Approved	""	0.03978948060890665
RET	QUIZARTINIB	Approved	antineoplastic agent	0.03350693103907929
RET	RET INHIBITOR EP0031	Not Approved	""	0.6366316897425065
RET	JAK2 INHIBITOR AZD1480	Not Approved	""	0.6366316897425065
RET	SB220025	Not Approved	""	0.02053650612072601
RET	SNS-314	Not Approved	antineoplastic agent	0.01515789737482158
RET	EVEROLIMUS	Approved	immunosuppressant	0.0748978458520596
RET	AMUVATINIB	Not Approved	antineoplastic agent	0.2728421527467885
RET	GENISTEIN	Approved	""	0.02195281688767263
RET	SAPANISERTIB	Approved	antineoplastic agent	0.0276796386844568
RET	LINIFANIB	Not Approved	antineoplastic agent	0.01591579224356266
RET	CABOZANTINIB S-MALATE	Approved	antineoplastic agent	0.5208804734256872
RET	SORAFENIB	Approved	antineoplastic agent	0.0719670605795877
RET	HESPERADIN	Not Approved	""	0.01591579224356266
RET	ALECTINIB	Approved	""	0.1909895069227519
RET	LENVATINIB	Approved	antineoplastic agent	0.1340277241563171
RET	VEPAFESTINIB	Not Approved	""	1.273263379485013
RET	NERVE GROWTH FACTOR	Not Approved	""	0.106105281623751
RET	RET INHIBITOR HS-10365	Not Approved	""	0.6366316897425065
RET	ROMIPLOSTIM	Approved	for treatment of thrombocytopenia	0.07957896121781331
RET	TAMATINIB	Not Approved	""	0.01571930098129646
RET	BOS-589	Not Approved	""	0.6366316897425065
SRC	XL-228	Not Approved	""	0.08056141752914434
SRC	ILORASERTIB	Not Approved	""	0.01666787948878848
SRC	GW843682X	Not Approved	""	0.02478812847050594
SRC	CEDIRANIB	Not Approved	antineoplastic agent	0.01726316089910235
SRC	MASITINIB	Approved	antineoplastic agent,DMARD,antiinflammatory agent	0.1137337659234978
SRC	DASATINIB ANHYDROUS	Approved	antineoplastic agent	0.1144820143835208
SRC	TYRPHOSTIN A9	Not Approved	""	0.08788518275906655
SRC	GW459057A	Not Approved	""	0.9667370103497319
SRC	TG100-801	Not Approved	""	0.06042106314685824
SRC	XL228	Not Approved	antineoplastic agent	0.4143158615784566
SRC	CATEQUENTINIB	Not Approved	""	0.1933474020699463
SRC	LAVENDUSTIN A	Not Approved	""	0.3866948041398927
SRC	CENISERTIB	Not Approved	antineoplastic agent	0.008192686528387559
SRC	AZM-475271	Not Approved	""	0.4833685051748659
SRC	DOXORUBICIN HYDROCHLORIDE	Approved	antineoplastic agent	0.01306401365337475
SRC	ENTRECTINIB	Approved	""	0.01696029842718828
SRC	ALISERTIB	Not Approved	antineoplastic agent	0.02014035438228608
SRC	MLN-8054	Not Approved	antineoplastic agent	0.03333575897757696
SRC	CINNAMTANNIN B1	Not Approved	""	1.933474020699463
SRC	XL999	Not Approved	antineoplastic agent	0.09667370103497319
SRC	INTERLEUKIN-11	Approved	thrombopoietic	0.1933474020699463
SRC	CHEMBL:CHEMBL230686	Not Approved	""	1.933474020699463
SRC	CRENOLANIB	Not Approved	""	0.06444913402331547
SRC	VANDETANIB	Approved	antineoplastic agent	0.01666787948878848
SRC	AZD-0424	Not Approved	""	0.4833685051748659
SRC	JNJ-26483327	Not Approved	""	0.1074152233721924
SRC	HERBIMYCIN A	Not Approved	""	0.1208421262937164
SRC	DOVITINIB	Not Approved	antineoplastic agent	0.009571653567819128
SRC	KENPAULLONE	Not Approved	""	0.02014035438228608
SRC	GW441756X	Not Approved	""	0.01487287708230356
SRC	ALSTERPAULLONE	Not Approved	""	0.01859109635287946
SRC	ENMD-2076	Not Approved	antineoplastic agent	0.03118506484999135
SRC	RG-1530	Not Approved	""	0.01028443628031629
SRC	TAMATINIB	Not Approved	""	0.01193502481913249
SRC	PP2	Not Approved	""	0.0966737010349732
SRC	GW559768X	Not Approved	""	0.3866948041398927
SRC	LINIFANIB	Not Approved	antineoplastic agent	0.01208421262937164
SRC	VODOBATINIB	Not Approved	""	0.3222456701165773
SRC	PONATINIB	Approved	antineoplastic agent	0.03718219270575892
SRC	CLOZAPINE	Approved	Antipsychotic Agents	0.01993272186288107
SRC	NVP-TAE684	Not Approved	""	0.009385796216987688
SRC	PF-562271	Not Approved	""	0.00895126861434937
SRC	CHEMBL:CHEMBL219557	Not Approved	""	0.3222456701165773
SRC	PD-0166285	Not Approved	""	0.01859109635287946
SRC	TIRBANIBULIN	Approved	antineoplastic agent	0.7733896082797855
SRC	CYC-116	Not Approved	""	0.009966360931440535
SRC	TOZASERTIB	Not Approved	antineoplastic agent	0.01324297274451687
SRC	BOSUTINIB	Approved	antineoplastic agent	0.1681281757129968
SRC	PD173074	Not Approved	""	0.1208421262937164
SRC	KX2-361	Not Approved	""	0.4833685051748659
SRC	ENMD-981693	Not Approved	""	0.05088089528156483
SRC	CP-547632	Not Approved	""	0.02197129568976663
SRC	SARACATINIB	Not Approved	""	0.2974575416460714
SRC	HESPERADIN	Not Approved	""	0.02416842525874329
PIK3CA	CARBOPLATIN	Approved	""	0.01976347160152507
PIK3CA	AZD0156	Not Approved	""	0.1618722435934435
PIK3CA	CISPLATIN	Approved	""	0.009910545526129194
PIK3CA	ACALISIB	Not Approved	""	0.03468690934145218
PIK3CA	IPATASERTIB	Not Approved	antineoplastic agent	0.1103674388137114
PIK3CA	MIRDAMETINIB	Not Approved	""	0.0647488974373774
PIK3CA	TORIN 1	Not Approved	""	0.2428083653901652
PIK3CA	OMIPALISIB	Not Approved	""	0.07284250961704956
PIK3CA	BORUSSERTIB	Not Approved	""	0.2428083653901652
PIK3CA	PI-103	Not Approved	""	0.03833816295634188
PIK3CA	PICTILISIB	Not Approved	""	0.1839457313561857
PIK3CA	GEFITINIB	Approved	antineoplastic agent	0.003624005453584556
PIK3CA	DS-7423	Not Approved	""	0.0647488974373774
PIK3CA	PI3K-ALPHA INHIBITOR HS-10352	Not Approved	""	0.4856167307803304
PIK3CA	IRINOTECAN HYDROCHLORIDE	Approved	antineoplastic agent	0.02312460622763478
PIK3CA	LINSITINIB	Not Approved	antineoplastic agent	0.06937381868290436
PIK3CA	INFIGRATINIB	Approved	""	0.02697870726557391
PIK3CA	ASPIRIN	Approved	NSAID	0.002728183880788373
PIK3CA	VOXTALISIB	Not Approved	""	0.06070209134754131
PIK3CA	LUCITANIB	Not Approved	""	0.0323744487186887
PIK3CA	IBUPROFEN, SODIUM SALT	Approved	NSAID	0.006225855522824749
PIK3CA	SAMOTOLISIB	Not Approved	""	0.1133105705154104
PIK3CA	COPANLISIB	Approved	""	0.1655511582205672
PIK3CA	NERATINIB	Approved	antineoplastic agent	0.08093612179672174
PIK3CA	PANITUMUMAB	Approved	antineoplastic agent	0.01214041826950826
PIK3CA	BORTEZOMIB	Approved	antineoplastic agent	0.005713138009180358
PIK3CA	VS-5584	Not Approved	""	0.0662204632882269
PIK3CA	RIGOSERTIB	Not Approved	antineoplastic agent	0.06070209134754131
PIK3CA	XL765	Not Approved	antineoplastic agent	0.1348935363278695
PIK3CA	MILTEFOSINE	Approved	""	0.08093612179672174
PIK3CA	TRAMETINIB DIMETHYL SULFOXIDE	Approved	antineoplastic agent	0.05166135433833303
PIK3CA	TASELISIB	Not Approved	""	0.275182814108854
PIK3CA	GSK690693	Not Approved	""	0.03035104567377065
PIK3CA	PWT-33579	Not Approved	""	0.1214041826950826
PIK3CA	APITOLISIB	Not Approved	""	0.04669391642118563
PIK3CA	EVEROLIMUS	Approved	immunosuppressant	0.1214041826950826
PIK3CA	PALBOCICLIB	Approved	""	0.04284853506885269
PIK3CA	TEMSIROLIMUS	Approved	antineoplastic agent	0.1780594679527878
PIK3CA	ONATASERTIB	Not Approved	""	0.1618722435934435
PIK3CA	CELECOXIB	Approved	NSAID	0.01087201636075366
PIK3CA	NONSTEROIDAL ANTIINFLAMMATORY DRUG	Not Approved	""	0.02856569004590179
PIK3CA	PI3K ALPHA/BETA INHIBITOR BAY1082439	Not Approved	""	0.2428083653901652
PIK3CA	BINIMETINIB	Approved	antineoplastic agent,DMARD,antiinflammatory agent	0.02428083653901652
PIK3CA	U0126	Not Approved	""	0.08093612179672174
PIK3CA	SERABELISIB	Not Approved	""	0.2428083653901652
PIK3CA	NAVITOCLAX	Not Approved	""	0.03035104567377065
PIK3CA	MYRICETIN	Not Approved	""	0.01214041826950826
PIK3CA	PF-04691502	Not Approved	""	0.1214041826950826
PIK3CA	PKI-179	Not Approved	""	0.2428083653901652
PIK3CA	PERIFOSINE	Not Approved	antineoplastic agent	0.1456850192340991
PIK3CA	CETUXIMAB	Approved	antineoplastic agent	0.08531104729924724
PIK3CA	PI3K-ALPHA INHIBITOR TOS-358	Not Approved	""	0.2428083653901652
PIK3CA	RALOXIFENE HYDROCHLORIDE	Approved	Hormone Replacement Agents	0.009712334615606609
PIK3CA	SELECTIVE ESTROGEN RECEPTOR MODULATOR	Not Approved	""	0.05395741453114783
PIK3CA	BUPARLISIB	Not Approved	""	0.1845343576965255
PIK3CA	LAPATINIB	Approved	antineoplastic agent	0.04699516749487069
PIK3CA	VINCRISTINE	Approved	antineoplastic agent	0.005995268281238648
PIK3CA	PHOSPHATIDYLINOSITIDE 3-KINASE INHIBITOR	Not Approved	""	0.06070209134754131
PIK3CA	A-1331852	Not Approved	""	0.2428083653901652
PIK3CA	SULINDAC	Approved	NSAID	0.05781151556908696
PIK3CA	FLOXURIDINE	Approved	antineoplastic agent	0.03468690934145218
PIK3CA	PP-242	Not Approved	""	0.1214041826950826
PIK3CA	DOXORUBICIN LIPOSOME	Approved	""	0.1618722435934435
PIK3CA	TORIPALIMAB-TPZI	Approved	""	0.1214041826950826
PIK3CA	DOXORUBICIN HYDROCHLORIDE	Approved	antineoplastic agent	0.008202985317235312
PIK3CA	CHEMBL:CHEMBL1379243	Not Approved	""	0.2428083653901652
PIK3CA	ERLOTINIB	Approved	antineoplastic agent	0.004335863667681523
PIK3CA	ANGIOGENESIS INHIBITOR	Not Approved	""	0.04046806089836087
PIK3CA	PWT-33587	Not Approved	""	0.02697870726557391
PIK3CA	MUTANT-SELECTIVE PI3K-ALPHA H1047R INHIBITOR OKI-219	Not Approved	""	0.2428083653901652
PIK3CA	ZSTK474	Not Approved	""	0.08829395105096918
PIK3CA	LEUCOVORIN CALCIUM	Approved	adjuvant to chemotherapy	0.01348935363278695
PIK3CA	RAS INHIBITOR	Not Approved	""	0.1214041826950826
PIK3CA	GSK2636771	Not Approved	""	0.01517552283688532
PIK3CA	SAPANISERTIB	Approved	antineoplastic agent	0.05278442725873158
PIK3CA	MIRANSERTIB	Not Approved	""	0.1214041826950826
PIK3CA	PI3K/MTOR KINASE INHIBITOR WXFL10030390	Not Approved	""	0.2428083653901652
PIK3CA	AKT INHIBITOR MK2206	Not Approved	""	0.2428083653901652
PIK3CA	INTERLEUKIN-11	Approved	thrombopoietic	0.04856167307803304
PIK3CA	TRASTUZUMAB	Approved	antineoplastic agent	0.05395741453114783
PIK3CA	PAXALISIB	Not Approved	""	0.02207348776274229
PIK3CA	GSK1059615	Not Approved	""	0.1214041826950826
PIK3CA	DOCETAXEL ANHYDROUS	Approved	antineoplastic agent	0.01170160797061037
PIK3CA	PUQUITINIB MESYLATE DIHYDRATE	Not Approved	""	0.02207348776274229
PIK3CA	LETROZOLE	Approved	antineoplastic agent	0.05395741453114783
PIK3CA	(2S)-1-(1H-INDOL-3-YL)-3-{[5-(3-METHYL-1H-INDAZOL-5-YL)PYRIDIN-3-YL]OXY}PROPAN-2-AMINE	Not Approved	""	0.0373551331369485
PIK3CA	TAS-117	Not Approved	""	0.2428083653901652
PIK3CA	NVP-AEW541	Not Approved	""	0.1214041826950826
PIK3CA	WX-037	Not Approved	""	0.03035104567377065
PIK3CA	PAN-AKT INHIBITOR ARQ751	Not Approved	""	0.2428083653901652
PIK3CA	ALVOCIDIB	Not Approved	antineoplastic agent	0.02312460622763478
PIK3CA	RIBOCICLIB	Approved	antineoplastic agent	0.05395741453114783
PIK3CA	EMODIN	Not Approved	""	0.01867756656847425
PIK3CA	VEMURAFENIB	Approved	antineoplastic agent	0.0393743295227295
PIK3CA	SIROLIMUS	Approved	for treatment of wet age-related macular degeneration,immunosuppressant	0.05442256465641634
PIK3CA	ZSTK-474	Not Approved	""	0.03035104567377065
PIK3CA	AFATINIB	Approved	antineoplastic agent	0.02697870726557391
PIK3CA	RLY-2608	Not Approved	""	0.7284250961704957
PIK3CA	RECILISIB	Not Approved	""	0.03035104567377065
PIK3CA	NINTEDANIB ESYLATE	Approved	antineoplastic agent	0.01942466923121321
PIK3CA	GANITUMAB	Not Approved	antineoplastic agent	0.08093612179672174
PIK3CA	TANESPIMYCIN	Not Approved	antineoplastic agent	0.0373551331369485
PIK3CA	TRAIL	Not Approved	""	0.04856167307803305
PIK3CA	AFURESERTIB	Not Approved	""	0.06937381868290436
PIK3CA	CH-5132799	Not Approved	""	0.06070209134754131
PIK3CA	LORLATINIB	Approved	""	0.0373551331369485
PIK3CA	OLAPARIB	Approved	""	0.01055688545174631
PIK3CA	GSK-1059615	Not Approved	""	0.03035104567377065
PIK3CA	TAK-733	Not Approved	""	0.09712334615606609
PIK3CA	MULTI-AGC KINASE INHIBITOR AT13148	Not Approved	""	0.2428083653901652
PIK3CA	MTOR KINASE INHIBITOR PP242	Not Approved	""	0.2428083653901652
PIK3CA	CAPECITABINE	Approved	""	0.004760948340983632
PIK3CA	ZINC SULFATE ANHYDROUS	Approved	""	0.08093612179672174
PIK3CA	TAMOXIFEN	Approved	Hormonal,Antineoplastic Agents	0.0074710266273897
PIK3CA	STREPTOZOCIN	Approved	""	0.01055688545174631
PIK3CA	FULVESTRANT	Approved	antineoplastic agent	0.03884933846242643
PIK3CA	PF-04691502	Not Approved	""	0.01428284502295089
PIK3CA	TGX-221	Not Approved	""	0.08093612179672174
PIK3CA	NU-7441	Not Approved	""	0.1618722435934435
PIK3CA	SF1126	Not Approved	antineoplastic agent	0.02697870726557391
PIK3CA	TYROSINE KINASE INHIBITOR	Not Approved	""	0.01867756656847425
PIK3CA	CABOZANTINIB S-MALATE	Approved	antineoplastic agent	0.01103674388137114
PIK3CA	FIMEPINOSTAT	Not Approved	""	0.02801634985271137
PIK3CA	COBIMETINIB	Approved	antineoplastic agent	0.01277938765211396
PIK3CA	RESVERATROL	Approved	antineoplastic agent,antidiabetic,for treatment of herpes simplex virus 1	0.009910545526129194
PIK3CA	ALDESLEUKIN	Approved	antineoplastic agent	0.01618722435934435
PIK3CA	AZD8055	Not Approved	""	0.04046806089836087
PIK3CA	APILIMOD DIMESYLATE CAPSULE	Not Approved	""	0.4856167307803304
PIK3CA	CARBOXYAMIDOTRIAZOLE OROTATE	Not Approved	""	0.1214041826950826
PIK3CA	BACILLUS CALMETTE-GUERIN ANTIGEN	Not Approved	""	0.04046806089836087
PIK3CA	RIGOSERTIB SODIUM	Not Approved	""	0.2428083653901652
PIK3CA	CHEMBL:CHEMBL589258	Not Approved	""	0.2428083653901652
PIK3CA	DABRAFENIB	Approved	antineoplastic agent	0.01798580484371594
PIK3CA	LY-294002	Not Approved	""	0.04552656851065598
PIK3CA	CRIZOTINIB	Approved	antineoplastic agent	0.01942466923121321
PIK3CA	VENETOCLAX	Approved	""	0.02207348776274229
PIK3CA	QUERCETIN	Approved	""	0.01536761806266868
PIK3CA	DASATINIB ANHYDROUS	Approved	antineoplastic agent	0.00958454073908547
PIK3CA	SORAFENIB	Approved	antineoplastic agent	0.008445508361397052
PIK3CA	CAMPTOTHECIN	Approved	antineoplastic agent	0.01387476373658087
PIK3CA	MIDOSTAURIN	Approved	antineoplastic agent	0.01387476373658087
PIK3CA	AZD8835	Not Approved	""	0.08093612179672174
PIK3CA	PF-4708671	Not Approved	""	0.1214041826950826
PIK3CA	BAY-1082439	Not Approved	""	0.1214041826950826
PIK3CA	PIMASERTIB	Not Approved	""	0.09105313702131196
PIK3CA	NIVOLUMAB	Approved	antineoplastic agent	0.009338783284237125
PIK3CA	BEVACIZUMAB	Approved	antineoplastic agent	0.01821062740426239
PIK3CA	AZD6482	Not Approved	""	0.02697870726557391
PIK3CA	SELUMETINIB	Approved	""	0.03678914627123715
PIK3CA	CC-115	Not Approved	""	0.08093612179672174
PIK3CA	OSIMERTINIB	Approved	""	0.03468690934145218
PIK3CA	SF-1126	Not Approved	""	0.02697870726557391
PIK3CA	BRAFV600/PI3K INHIBITOR ASN003	Not Approved	""	0.08093612179672174
PIK3CA	ENZALUTAMIDE	Approved	antineoplastic agent	0.03035104567377065
PIK3CA	M-2698	Not Approved	""	0.05395741453114783
PIK3CA	THEAFLAVIN	Not Approved	""	0.1618722435934435
PIK3CA	BAY1125976	Not Approved	""	0.09712334615606609
PIK3CA	METFORMIN	Approved	antidiabetic	0.01776646576025599
PIK3CA	AZD-6482	Not Approved	""	0.03035104567377065
PIK3CA	STX-478	Not Approved	""	0.2428083653901652
PIK3CA	PREXASERTIB	Not Approved	""	0.08093612179672174
PIK3CA	MS417	Not Approved	""	0.1618722435934435
PIK3CA	TOPOTECAN HYDROCHLORIDE	Approved	antineoplastic agent	0.02023403044918043
PIK3CA	PI3K INHIBITOR BGT226	Not Approved	""	0.06070209134754131
PIK3CA	UPROSERTIB	Not Approved	""	0.02428083653901652
PIK3CA	PANULISIB	Not Approved	""	0.04552656851065598
PIK3CA	PTHRP	Not Approved	""	0.05395741453114783
PIK3CA	IDELALISIB	Approved	antineoplastic agent	0.1079148290622956
PIK3CA	ABT-737	Not Approved	""	0.1214041826950826
PIK3CA	INAVOLISIB	Approved	""	0.4856167307803304
PIK3CA	DACTOLISIB	Not Approved	""	0.1011701522459021
PIK3CA	PEMBROLIZUMAB	Approved	""	0.01471565850849486
PIK3CA	HERBIMYCIN A	Not Approved	""	0.06070209134754131
PIK3CA	INDOLE-3-CARBINOL	Not Approved	""	0.1618722435934435
PIK3CA	NAB-PACLITAXEL	Not Approved	""	0.1618722435934435
PIK3CA	ERDAFITINIB	Approved	""	0.0373551331369485
PIK3CA	VISTUSERTIB	Not Approved	""	0.06070209134754131
PIK3CA	RETINOIC ACID AGENT	Not Approved	""	0.01566505583162356
PIK3CA	ADO-TRASTUZUMAB EMTANSINE	Approved	antineoplastic agent	0.02856569004590179
PIK3CA	GSK2334470	Not Approved	""	0.1618722435934435
PIK3CA	TEMOZOLOMIDE	Approved	""	0.02312460622763478
PIK3CA	PI3K/MTOR KINASE INHIBITOR PF-04691502	Not Approved	""	0.06070209134754131
PIK3CA	SURAMIN	Not Approved	""	0.01277938765211396
PIK3CA	PRASTERONE	Approved	hormone supplement for increasing bone mineral density in patients with systemic lupus erythematosus	0.02697870726557391
PIK3CA	GEDATOLISIB	Not Approved	""	0.09892192664043768
PIK3CA	MUTANT-SELECTIVE PI3K-ALPHA H1047R INHIBITOR LOXO-783	Not Approved	""	0.2428083653901652
PIK3CA	PACLITAXEL	Approved	for treatment of peripheral arterial disease (PAD),DMARD,antiinflammatory agent,antineoplastic agent	0.02648818531529076
PIK3CA	OXALIPLATIN	Approved	""	0.01277938765211396
PIK3CA	FLUOROURACIL	Approved	""	0.0104658778185416
PIK3CA	CHEMBL:CHEMBL263664	Not Approved	""	0.2428083653901652
PIK3CA	GEMCITABINE	Approved	antineoplastic agent	0.007917664088809737
PIK3CA	PI3K/BET INHIBITOR LY294002	Not Approved	""	0.08093612179672174
PIK3CA	UROKINASE	Approved	Thrombolytic Agents,thrombolytic agent	0.06070209134754131
PIK3CA	ABEMACICLIB	Approved	""	0.02555877530422792
PIK3CA	GM-CSF	Not Approved	vaccine,antineoplastic agent	0.03035104567377065
PIK3CA	ATEZOLIZUMAB	Approved	""	0.01348935363278695
PIK3CA	SAR260301	Not Approved	""	0.03035104567377065
PIK3CA	ANTI-EGFR MONOCLONAL ANTIBODY	Not Approved	""	0.1214041826950826
PIK3CA	SONOLISIB	Not Approved	""	0.0944254754295087
PIK3CA	FUTIBATINIB	Approved	""	0.04414697552548459
PIK3CA	BGT-226	Not Approved	""	0.02207348776274229
PIK3CA	IZORLISIB	Not Approved	""	0.1618722435934435
PIK3CA	COPANLISIB HYDROCHLORIDE	Approved	""	0.1214041826950826
PIK3CA	CHEMBL:CHEMBL1939433	Not Approved	""	0.4856167307803304
PIK3CA	PILARALISIB	Not Approved	""	0.1142627601836071
PIK3CA	BUPARLISIB HYDROCHLORIDE	Not Approved	""	0.02428083653901652
PIK3CA	REGORAFENIB	Approved	antineoplastic agent	0.02207348776274229
PIK3CA	AKT INHIBITOR LY2780301	Not Approved	""	0.1821062740426239
PIK3CA	TIPIFARNIB	Not Approved	antineoplastic agent	0.1079148290622956
PIK3CA	RISOVALISIB	Not Approved	""	0.2428083653901652
PIK3CA	CAPIVASERTIB	Approved	""	0.2670892019291817
PIK3CA	ALPELISIB	Approved	""	0.2900211031049196
PIK3CA	RECOMBINANT HEPATOCYTE GROWTH FACTOR	Not Approved	""	0.04856167307803304
PIK3CA	OSI-027	Not Approved	antineoplastic agent	0.05395741453114783
PIK3CA	RIDAFOROLIMUS	Not Approved	antineoplastic agent	0.1618722435934435
KEAP1	DIROXIMEL FUMARATE	Approved	""	4.745799868989594
KEAP1	COMPOUND 10 [PMID: 31411465]	Not Approved	""	4.745799868989594
KEAP1	BARDOXOLONE	Not Approved	antineoplastic agent	1.581933289663198
KEAP1	ISOQUINOLINE 17 [PMID: 30122040]	Not Approved	""	4.745799868989594
KEAP1	CPUY192018	Not Approved	""	4.745799868989594
KEAP1	NRF2 PEPTIDE [PMID: 23647822]	Not Approved	""	4.745799868989594
KEAP1	BIKEAP1	Not Approved	""	4.745799868989594
KEAP1	BARDOXOLONE METHYL	Not Approved	""	0.5932249836236992
KEAP1	DIMETHYL FUMARATE	Approved	""	4.745799868989594
KEAP1	MONOMETHYL FUMARATE	Approved	""	0.9491599737979187
KEAP1	RA839	Not Approved	""	4.745799868989594
STAT3	OUABAIN	Not Approved	Cardiotonic Agents	0.1933474020699464
STAT3	COSMOMYCIN C	Not Approved	""	3.480253237259035
STAT3	DIGITOXIN	Approved	Anti-Arrhythmia Agents; Cardiotonic Agents	0.09158561150681672
STAT3	RECOMBINANT INTERLEUKIN	Not Approved	""	0.4971790338941479
STAT3	CELECOXIB	Approved	NSAID	0.0519440781680453
STAT3	CUCURBITACIN E	Not Approved	""	3.480253237259035
STAT3	STAT3 INHIBITOR OPB-51602	Not Approved	antineoplastic agent	3.480253237259035
STAT3	ACITRETIN	Approved	Keratolytic Agents	0.1087579136643448
STAT3	CHEMBL:CHEMBL2062862	Not Approved	""	3.480253237259035
STAT3	OSIMERTINIB	Approved	""	0.2485895169470739
STAT3	OCHROMYCINONE	Not Approved	""	3.480253237259035
STAT3	CHEMBL:CHEMBL2062869	Not Approved	""	3.480253237259035
STAT3	CURCUMIN/DOXORUBICIN-ENCAPSULATING NANOPARTICLE IMX-110	Not Approved	""	1.740126618629517
STAT3	GOLOTIMOD	Not Approved	""	1.740126618629517
STAT3	WP-1066	Not Approved	""	1.740126618629517
STAT3	CHEMBL:CHEMBL1687979	Not Approved	""	1.740126618629517
STAT3	CHEMBL:CHEMBL2062868	Not Approved	""	3.480253237259035
STAT3	RECOMBINANT INTERFERON	Not Approved	""	0.08923726249382141
STAT3	CHEMBL:CHEMBL2062863	Not Approved	""	3.480253237259035
STAT3	DIGOXIN	Approved	Anti-Arrhythmia Agents; Cardiotonic Agents	0.05118019466557404
STAT3	BARDOXOLONE METHYL	Not Approved	""	0.4350316546573794
STAT3	CHEMBL:CHEMBL578504	Not Approved	""	0.2485895169470739
STAT3	CUCURBITACIN B	Approved	""	0.5800422062098393
STAT3	NICLOSAMIDE	Approved	""	0.06444913402331547
STAT3	CIGLITAZONE	Not Approved	""	0.4971790338941479
STAT3	AZD-1480	Not Approved	""	1.740126618629517
STAT3	CHEMBL:CHEMBL530664	Not Approved	""	0.5800422062098393
STAT3	PYRIMETHAMINE	Approved	""	0.3163866579326396
STAT3	ATIPRIMOD	Not Approved	""	1.740126618629517
STAT3	STAT3 INHIBITOR OPB-31121	Not Approved	""	1.740126618629517
VDR	ERGOCALCIFEROL	Approved	Antihypocalcemic Agents	0.111071911827416
VDR	CHEMBL:CHEMBL480626	Not Approved	""	0.02776797795685401
VDR	LOVASTATIN	Approved	anticholesterolaemic agent	0.002847997739164513
VDR	CHEMBL:CHEMBL17201	Not Approved	""	0.01586741597534514
VDR	ESTRADIOL VALERATE	Approved	for treatment of menopausal symptoms,contraceptive,treatment for menopause,hormone replacement	0.004726464333081533
VDR	4'-METHOXYCHALCONE	Not Approved	""	0.05553595591370802
VDR	QUINOCIDE	Not Approved	""	0.05553595591370802
VDR	CYTARABINE	Approved	antineoplastic agent	0.0027767977956854
VDR	LEVISOPRENALINE	Not Approved	""	0.05553595591370802
VDR	DOCEBENONE	Not Approved	""	0.006941994489213502
VDR	CALCITRIOL	Approved	antineoplastic agent,antipsoriatic agent	0.3239597428299634
VDR	EPINEPHRINE	Approved	anestethic	0.0027767977956854
VDR	ALFACALCIDOL	Approved	""	0.111071911827416
VDR	CALCIFEDIOL ANHYDROUS	Approved	""	0.05553595591370802
VDR	MECYSTEINE HYDROCHLORIDE	Not Approved	""	0.03702397060913867
VDR	HOMIDIUM BROMIDE	Not Approved	""	0.003830065925083311
VDR	TETROQUINONE	Not Approved	""	0.01586741597534514
VDR	AMBAZONE	Not Approved	""	0.03702397060913867
VDR	SURAMIN	Not Approved	""	0.002922945048089895
VDR	5,7-DIHYDROXYISOFLAVONE	Not Approved	""	0.01009744652976509
VDR	N-DOCOSATETRA-7,10,13,16-ENOYLETHANOLAMINE	Not Approved	""	0.02776797795685401
VDR	PARICALCITOL	Approved	for treatment of hyperparathyroidism	0.1480958824365547
VDR	CHLORPYRIFOS	Not Approved	""	0.0222143823654832
VDR	CHEMBL:CHEMBL404954	Not Approved	""	0.111071911827416
VDR	U-0126	Not Approved	""	0.0111071911827416
VDR	AZOCYCLOTIN	Not Approved	""	0.111071911827416
VDR	OXIDOPAMINE HYDROCHLORIDE	Not Approved	""	0.006533641872200943
VDR	2-ARACHIDONOYLGLYCEROL	Not Approved	""	0.01851198530456933
VDR	INECALCITOL	Not Approved	prostate cancer,antineoplastic agent	0.111071911827416
VDR	S(+)-APOMORPHINE	Not Approved	""	0.013883988978427
VDR	CARBARIL	Approved	""	0.01586741597534514
VDR	2-BENZOYL-5-METHOXYBENZOQUINONE	Not Approved	""	0.0222143823654832
VDR	NORSTICTIC ACID	Not Approved	""	0.01586741597534514
VDR	Z-PRO-PROLINAL	Not Approved	""	0.02776797795685401
VDR	DIENOCHLOR	Not Approved	""	0.02776797795685401
VDR	MERSALYL	Approved	""	0.05553595591370802
VDR	CHEMBL:CHEMBL581044	Not Approved	""	0.01234132353637955
VDR	IOPHENOXIC ACID	Not Approved	""	0.05553595591370802
VDR	DIHYDROTACHYSTEROL	Approved	Anti-migraine Agents	0.4442876473096641
VDR	ISOETHARINE	Approved	Bronchodilator Agents	0.02776797795685401
VDR	CHINIOFON	Not Approved	""	0.05553595591370802
VDR	PLUMBAGIN	Not Approved	""	0.008543993217493542
VDR	GLIOTOXIN	Not Approved	""	0.111071911827416
VDR	OXYPHENBUTAZONE	Approved	""	0.008543993217493542
VDR	CARNOSIC ACID	Not Approved	""	0.0222143823654832
VDR	BECOCALCIDIOL	Not Approved	""	0.111071911827416
VDR	AURINTRICARBOXYLIC ACID	Not Approved	""	0.003582964897658581
VDR	CHEMBL:CHEMBL1426508	Not Approved	""	0.0222143823654832
VDR	PD-98059	Not Approved	""	0.006003887125806272
VDR	SHIKONIN	Not Approved	""	0.0111071911827416
VDR	CHEMBL:CHEMBL122355	Not Approved	""	0.01586741597534514
VDR	CHEMBL:CHEMBL429095	Not Approved	""	0.00222143823654832
VDR	BENZYL ISOTHIOCYANATE	Not Approved	""	0.01851198530456933
VDR	3,4-DIMETHOXYDALBERGIONE	Not Approved	""	0.03702397060913867
VDR	CHEMBL:CHEMBL116548	Not Approved	""	0.009255992652284668
VDR	RIFAMPIN	Approved	""	0.007933707987672574
VDR	DEFERASIROX	Approved	""	0.04165196693528101
VDR	CHEMBL:CHEMBL580421	Not Approved	""	0.01009744652976509
VDR	LAWSONE	Not Approved	""	0.03702397060913867
VDR	CHEMBL:CHEMBL1567571	Not Approved	""	0.007404794121827735
VDR	NANAOMYCIN	Not Approved	""	0.008543993217493542
VDR	(R)-&ALPHA;-METHYLHISTAMINE	Not Approved	""	0.03702397060913867
VDR	CHEMBL:CHEMBL523200	Not Approved	""	0.006533641872200943
VDR	PYRROLIDINE DITHIOCARBAMATE	Not Approved	""	0.008543993217493542
VDR	NOREPINEPHRINE	Approved	Antihypotensive Agents; Vasoconstrictor Agents	0.003470997244606751
VDR	CHEMBL:CHEMBL1224755	Not Approved	""	0.01009744652976509
VDR	GW5074	Not Approved	""	0.005048723264882547
VDR	VITAMIN K3H2	Not Approved	""	0.05553595591370802
VDR	CHEMBL:CHEMBL164449	Not Approved	""	0.05553595591370802
VDR	CHRYSOPHANOL	Not Approved	""	0.0222143823654832
VDR	CHEMBL:CHEMBL166486	Not Approved	""	0.013883988978427
VDR	TRICIFEROL	Not Approved	""	0.222143823654832
VDR	CHEMBL:CHEMBL1498652	Not Approved	""	0.0111071911827416
VDR	4-AMINOPHENOL	Approved	""	0.013883988978427
VDR	DIPYRITHIONE	Not Approved	""	0.01851198530456933
VDR	METHYSERGIDE	Approved	Anti-migraine agents; Vasoconstrictor Agents	0.005845890096179791
VDR	CHEMBL:CHEMBL538798	Not Approved	""	0.0111071911827416
VDR	MITOXANTRONE HYDROCHLORIDE	Approved	""	0.003470997244606751
VDR	OMEGA-CHLOROACETOPHENONE	Not Approved	""	0.01851198530456933
VDR	DOXERCALCIFEROL	Approved	for treatment of secondary hyperparathyroidism	0.166607867741124
VDR	SEOCALCITOL	Not Approved	""	0.111071911827416
VDR	5-HYDROXYINDOLEACETIC ACID	Not Approved	""	0.02776797795685401
VDR	THIPHENAMIL	Not Approved	""	0.111071911827416
VDR	CHLORANIL	Not Approved	""	0.007404794121827735
VDR	DIAMIDE	Not Approved	""	0.01851198530456933
VDR	CHEMBL:CHEMBL305695	Not Approved	""	0.111071911827416
VDR	MERCURIC CHLORIDE	Not Approved	""	0.005553595591370801
VDR	THERAPEUTIC ANDROGEN	Not Approved	""	0.01306728374440188
VDR	CEFOTAXIME SODIUM	Approved	""	0.007404794121827735
VDR	3,4-DICHLOROISOCOUMARIN	Not Approved	""	0.007404794121827735
VDR	CYSTAMINE	Not Approved	""	0.03702397060913867
VDR	TAMOXIFEN	Approved	Hormonal,Antineoplastic Agents	0.005126395930496124
VDR	2-MERCAPTOBENZOTHIAZOLE	Not Approved	""	0.013883988978427
VDR	DISULFIRAM	Approved	Alcohol Deterrents	0.002583067716916652
VDR	GATIFLOXACIN ANHYDROUS	Approved	""	0.01586741597534514
VDR	1.ALPHA.-HYDROXYVITAMIN D5	Not Approved	antineoplastic agent	0.05553595591370802
VDR	2-APB	Not Approved	""	0.006941994489213502
VDR	ANAZOLENE	Not Approved	""	0.0222143823654832
VDR	NISOLDIPINE	Approved	Antihypertensive Agents; Vasodilator Agents	0.006533641872200943
VDR	DIALLYLDISULFIDE	Not Approved	""	0.03702397060913867
VDR	FURATHIOCARB	Not Approved	""	0.111071911827416
VDR	GALLIC ACID	Not Approved	""	0.009255992652284668
VDR	CHEMBL:CHEMBL271023	Not Approved	""	0.01851198530456933
VDR	CALPHOSTIN C	Not Approved	""	0.111071911827416
VDR	PROTHIOFOS	Not Approved	""	0.111071911827416
VDR	ANTISERUM	Not Approved	""	0.006346966390138059
VDR	DOCONEXENT	Approved	""	0.013883988978427
VDR	CHEMBL:CHEMBL118678	Not Approved	""	0.01851198530456933
VDR	CAFFEINE	Approved	Central Nervous System Stimulants	0.006003887125806272
VDR	PROSULTIAMINE	Not Approved	""	0.05553595591370802
VDR	SYK INHIBITOR III	Not Approved	""	0.01234132353637955
VDR	ETHACRIDINE LACTATE	Not Approved	""	0.0222143823654832
VDR	TRIPHENYLSTANNANOL	Not Approved	""	0.0222143823654832
VDR	4-METHOXYDALBERGIONE	Not Approved	""	0.01234132353637955
VDR	IODOQUINOL	Approved	""	0.01234132353637955
VDR	ORTHO-PHTHALALDEHYDE	Not Approved	""	0.01851198530456933
VDR	E324	Not Approved	""	0.008543993217493542
VDR	SLAZINIC ACID	Not Approved	""	0.005289138658448382
VDR	MALATHION	Approved	""	0.01851198530456933
VDR	CAMBINOL	Not Approved	""	0.01851198530456933
VDR	3-METHOXYCATECHOL	Not Approved	""	0.0111071911827416
VDR	DIMETHYL GAMBOGATE	Not Approved	""	0.0222143823654832
VDR	CHEMBL:CHEMBL125044	Not Approved	""	0.01234132353637955
VDR	MECARBAM	Not Approved	""	0.111071911827416
VDR	PATULIN	Not Approved	""	0.01234132353637955
VDR	CHEMBL:CHEMBL527584	Not Approved	""	0.009255992652284668
VDR	5'-GUANIDINONALTRINDOLE	Not Approved	""	0.0111071911827416
VDR	CEFPIROME	Approved	""	0.111071911827416
VDR	PEGINTERFERON ALFA-2A	Approved	Antineoplastic Agents; Immunomodulatory Agents,for treatment of hepatitis B and C	0.01149019777524993
VDR	CHEMBL:CHEMBL1489812	Not Approved	""	0.0222143823654832
VDR	PANTOPRAZOLE SODIUM	Approved	Proton pump inhibitor	0.0111071911827416
VDR	SULINDAC SULFIDE	Not Approved	""	0.02776797795685401
VDR	CADMIUM ACETATE	Not Approved	""	0.013883988978427
VDR	GW7647	Not Approved	""	0.003702397060913867
VDR	GW0742X	Not Approved	""	0.013883988978427
VDR	CAMPTOTHECIN	Approved	antineoplastic agent	0.006346966390138059
VDR	RIBAVIRIN	Approved	""	0.01461472524044947
VDR	TINORIDINE	Not Approved	""	0.05553595591370802
VDR	MK-571	Not Approved	""	0.0222143823654832
VDR	MICONAZOLE NITRATE	Approved	""	0.006941994489213502
VDR	CHEMBL:CHEMBL135561	Not Approved	""	0.111071911827416
VDR	VALSPODAR	Not Approved	""	0.05553595591370802
VDR	KEPONE	Not Approved	""	0.009255992652284668
VDR	PYROGALLOL RED	Not Approved	""	0.004442876473096641
VDR	BITHIONOLOXIDE	Not Approved	""	0.01586741597534514
VDR	CHEMBL:CHEMBL211045	Not Approved	""	0.05553595591370802
VDR	CYCLOSPORINE	Approved	immunosuppressant,opthalmological agent	0.002553377283388874
VDR	CHEMBL:CHEMBL1256813	Not Approved	""	0.01009744652976509
VDR	MASOPROCOL	Approved	prostate cancer,antineoplastic agent	0.002363232166540766
VDR	CALCIMYCIN	Not Approved	""	0.005845890096179791
VDR	4'-HYDROXYCHALCONE	Not Approved	""	0.111071911827416
VDR	EBSELEN	Not Approved	""	0.003173483195069029
VDR	ZAPA	Not Approved	""	0.01586741597534514
VDR	TYRPHOSTIN 25	Not Approved	""	0.009255992652284668
VDR	PD-118057	Not Approved	""	0.03702397060913867
VDR	DESERPIDINE	Approved	Antihypertensive Agents	0.02776797795685401
VDR	LAVENDUSTIN A	Not Approved	""	0.0222143823654832
VDR	ZOMEPIRAC SODIUM	Approved	""	0.03702397060913867
VDR	TANSHINONE IIA	Not Approved	""	0.008543993217493542
VDR	PHENYLMERCURIC ACETATE	Not Approved	""	0.005553595591370801
VDR	CHEMBL:CHEMBL154580	Not Approved	""	0.01009744652976509
VDR	CRYPTOTANSHINONE	Not Approved	""	0.007933707987672574
VDR	PYROGALLOL	Approved	""	0.007404794121827735
VDR	IODOPHTHALEIN	Not Approved	""	0.013883988978427
VDR	BITHIONOL	Approved	""	0.004627996326142334
VDR	TOLFENAMIC ACID	Not Approved	""	0.0111071911827416
VDR	CHEMBL:CHEMBL601364	Not Approved	""	0.008543993217493542
VDR	RO 40-6055	Not Approved	""	0.01851198530456933
VDR	CHLORPYRIFOS-METHYL	Not Approved	""	0.03702397060913867
VDR	ANTIOXIDANT	Not Approved	""	0.01057827731689676
VDR	THIRAM	Not Approved	""	0.00482921355771374
VDR	4-AMINO-[1,2]NAPHTHOQUINONE	Not Approved	""	0.03702397060913867
VDR	THIOLUTIN	Not Approved	""	0.05553595591370802
VDR	DIHYDROTANSHINONE I	Not Approved	""	0.0222143823654832
VDR	OBTUSAQUINONE	Not Approved	""	0.01851198530456933
VDR	VITAMIN A	Approved	""	0.01234132353637956
VDR	PROTEIN KINASE C INHIBITOR	Not Approved	""	0.02468264707275911
VDR	CHEMBL:CHEMBL1256719	Not Approved	""	0.05553595591370802
VDR	PHANQUONE	Not Approved	""	0.0222143823654832
VDR	FLUAZINAM	Not Approved	""	0.0222143823654832
VDR	ACITRETIN	Approved	Keratolytic Agents	0.006941994489213502
VDR	GANGALEOIDIN	Not Approved	""	0.03702397060913867
VDR	CHEMBL:CHEMBL421215	Not Approved	""	0.01234132353637955
VDR	PROTOPORPHYRIN DISODIUM	Not Approved	""	0.01009744652976509
VDR	9,10-PHENANTHRENEQUINONE	Not Approved	""	0.004271996608746771
VDR	ROSE BENGAL	Not Approved	""	0.01586741597534514
VDR	L-161,982 (EP4A)	Not Approved	""	0.05553595591370802
VDR	FUMARPROTOCETRARIC ACID	Not Approved	""	0.009255992652284668
VDR	METHYL 7-DESHYDROXYPYROGALLIN-4-CARBOXYLATE	Not Approved	""	0.01234132353637955
VDR	TYRPHOSTIN 51	Not Approved	""	0.01234132353637955
VDR	BRONOPOL	Approved	""	0.03702397060913867
VDR	NBQX	Not Approved	""	0.006941994489213502
VDR	LANSOPRAZOLE	Approved	Proton pump inhibitor,antiulcer agent	0.003830065925083311
VDR	FLAVOKAWAIN B	Not Approved	""	0.05553595591370802
VDR	OXYTETRACYCLINE HYDROCHLORIDE	Approved	""	0.01234132353637955
VDR	4,4'-DIMETHOXYDALBERGIONE	Not Approved	""	0.02776797795685401
VDR	CHEMBL:CHEMBL599712	Not Approved	""	0.05553595591370802
VDR	MESALAMINE	Approved	for treatment of ulcerative proctitis,for treatment of ulcerative colitis,antiinflammatory agent	0.005048723264882547
VDR	ECONAZOLE NITRATE	Approved	""	0.007933707987672574
VDR	ESTROPIPATE	Approved	""	0.03702397060913867
VDR	CYSTEINE	Approved	""	0.05553595591370802
VDR	GW3965	Not Approved	""	0.013883988978427
VDR	CHEMBL:CHEMBL445153	Not Approved	""	0.03702397060913867
VDR	EDARAVONE	Approved	""	0.0222143823654832
VDR	CHEMBL:CHEMBL599255	Not Approved	""	0.01234132353637955
VDR	BMS-182874	Not Approved	""	0.03702397060913867
VDR	DYCLONINE	Approved	Local,Anesthetics	0.01234132353637955
VDR	OCHRATOXIN A	Not Approved	""	0.01234132353637955
VDR	HERNANDEZINE	Not Approved	""	0.111071911827416
VDR	BAY-11-7085	Not Approved	""	0.009255992652284668
VDR	TPCK	Not Approved	""	0.006170661768189779
VDR	THERAPEUTIC ANDROSTANOLONE	Not Approved	""	0.01169178019235958
VDR	ARUNDINE	Not Approved	""	0.03702397060913867
VDR	RITANSERIN	Not Approved	""	0.005048723264882547
VDR	PROROXAN	Not Approved	""	0.02776797795685401
VDR	ALAZANINE	Not Approved	""	0.0222143823654832
VDR	FLUACIZINE	Not Approved	""	0.05553595591370802
VDR	CHEMBL:CHEMBL97858	Not Approved	""	0.05553595591370802
VDR	TETRAHYDROGAMBOGIC ACID	Not Approved	""	0.111071911827416
VDR	ANETHOLE TRITHIONE	Not Approved	""	0.02776797795685401
VDR	RABEPRAZOLE	Approved	Proton pump inhibitor	0.004271996608746771
VDR	VITAMIN K3	Approved	for reducing EGFR-inhibitor-induced dermatological side effects	0.003830065925083311
VDR	CHEMBL:CHEMBL1537417	Not Approved	""	0.01234132353637955
VDR	ZK159222	Not Approved	""	0.111071911827416
VDR	CHEMBL:CHEMBL457504	Not Approved	""	0.01586741597534514
VDR	METHYLERGONOVINE	Approved	Abortifacient Agents	0.01009744652976509
VDR	PYRANTEL PAMOATE	Approved	""	0.02776797795685401
VDR	CHEMBL:CHEMBL1459280	Not Approved	""	0.01851198530456933
VDR	SOFALCONE	Not Approved	""	0.01586741597534514
VDR	N-ARACHIDONOYLGLYCINE	Not Approved	""	0.005845890096179791
VDR	TYRPHOSTIN 23	Not Approved	""	0.005289138658448382
VDR	THIMEROSAL	Approved	""	0.00482921355771374
VDR	TESTOSTERONE	Approved	for treatment of female sexual dysfunction,hormone replacement	0.005695995478329027
VDR	CHLOROTHALONIL	Not Approved	""	0.009255992652284668
VDR	LINTITRIPT	Not Approved	""	0.02776797795685401
VDR	TANSHINONE IIA SULFONATE	Not Approved	""	0.01851198530456933
VDR	HEXACHLOROPHENE	Approved	""	0.002709071020180878
VDR	VIOLASTYRENE	Not Approved	""	0.111071911827416
VDR	GENTIAN VIOLET CATION	Approved	""	0.005845890096179791
VDR	DAMNACANTHAL	Not Approved	""	0.02776797795685401
VDR	FLUPIRTINE	Not Approved	analgesic	0.006941994489213502
VDR	DITHIOLETHIONE	Not Approved	""	0.01851198530456933
VDR	PHOSALONE	Not Approved	""	0.02776797795685401
VDR	RITONAVIR	Approved	""	0.00411377451212652
VDR	AURIN	Not Approved	""	0.01009744652976509
VDR	OXIDOPAMINE	Not Approved	""	0.005553595591370801
VDR	ANANDAMIDE	Not Approved	""	0.006941994489213502
VDR	NITROXOLINE	Not Approved	""	0.008543993217493542
VDR	ZAFIRLUKAST	Approved	antiasthmatic agent	0.006170661768189779
VDR	CHEMBL:CHEMBL119878	Not Approved	""	0.01586741597534514
VDR	CHEMBL:CHEMBL515505	Not Approved	""	0.00482921355771374
VDR	VITAMIN D	Approved	""	0.05980795252245478
VDR	MANUMYCIN A	Not Approved	""	0.05553595591370802
VDR	CATECHIN	Approved	""	0.008543993217493542
VDR	SAPPANONE A TRIMETHYL ETHER	Not Approved	""	0.02776797795685401
VDR	APOMORPHINE	Approved	antiparkinson agent,for treatment of erectile dysfunction,for treatment of sexual dysfunction in women	0.00411377451212652
VDR	ARACHIDONIC ACID	Not Approved	""	0.008543993217493542
VDR	N-ARACHIDONYL-&GAMMA;-AMINOBUTYRIC ACID	Not Approved	""	0.03702397060913867
VDR	PEFCALCITOL	Not Approved	""	0.111071911827416
VDR	BAY 11-7082	Not Approved	""	0.009255992652284668
VDR	BENZBROMARONE	Approved	""	0.006941994489213502
VDR	CHEMBL:CHEMBL126804	Not Approved	""	0.01851198530456933
VDR	DALBERGIONE	Not Approved	""	0.111071911827416
VDR	IDEBENONE	Approved	""	0.02776797795685401
VDR	AG 9	Not Approved	""	0.01586741597534514
VDR	PROTOAPIGENONE	Not Approved	""	0.007933707987672574
VDR	VITAMIN K	Approved	Antifibrinolytic Agents	0.02468264707275911
VDR	CHEMBL:CHEMBL1549738	Not Approved	""	0.0222143823654832
VDR	PROPICONAZOLE	Not Approved	""	0.02776797795685401
VDR	CHEMBL:CHEMBL59532	Not Approved	""	0.02776797795685401
VDR	SAPPANONE A DIMETHYL ETHER	Not Approved	""	0.01851198530456933
VDR	TRETINOIN	Approved	for treatment of acne	0.001220570459641934
VDR	LOBARIC ACID	Not Approved	""	0.007404794121827735
VDR	STAUROSPORINE	Not Approved	""	0.007933707987672574
VDR	LUNACALCIPOL	Not Approved	""	0.03702397060913867
VDR	METHOTREXATE	Approved	DMARD	0.001009744652976509
VDR	CHEMBL:CHEMBL59150	Not Approved	""	0.03702397060913867
VDR	BOCEPREVIR	Approved	""	0.03173483195069029
VDR	PHENYLHYDRAZINE	Not Approved	""	0.05553595591370802
VDR	CHEMBL:CHEMBL601618	Not Approved	""	0.02776797795685401
VDR	METHYL PARATHIONE	Not Approved	""	0.02776797795685401
VDR	TYRPHOSTIN AG 879	Not Approved	""	0.006170661768189779
VDR	ISOLIQUIRITIGENIN	Not Approved	""	0.009255992652284668
VDR	LAPACHONE	Not Approved	""	0.004271996608746771
VDR	TEMEFOS	Not Approved	""	0.03702397060913867
VDR	EPALRESTAT	Approved	""	0.0222143823654832
VDR	TYRPHOSTIN A9	Not Approved	""	0.005048723264882547
VDR	NITAZOXANIDE	Approved	""	0.009255992652284668
VDR	EICOSAPENTAENOIC ACID	Approved	""	0.03702397060913867
VDR	CHEMBL:CHEMBL602213	Not Approved	""	0.013883988978427
VDR	NADA	Not Approved	""	0.01851198530456933
VDR	CAPTAMINE	Not Approved	""	0.111071911827416
VDR	STICTIC ACID	Not Approved	""	0.006170661768189779
VDR	CEFONICID	Not Approved	""	0.111071911827416
VDR	TRIAZOPHOS	Not Approved	""	0.111071911827416
VDR	GARCINOLIC ACID	Not Approved	""	0.02776797795685401
VDR	BENZIODARONE	Approved	""	0.0222143823654832
VDR	2-IODOACETAMIDE	Not Approved	""	0.007933707987672574
VDR	MEDROXYPROGESTERONE	Approved	""	0.03173483195069029
VDR	BICALUTAMIDE	Approved	antineoplastic agent	0.0222143823654832
VDR	CHEMBL:CHEMBL313737	Not Approved	""	0.0111071911827416
VDR	2,6-DIMETHOXYQUINONE	Not Approved	""	0.01586741597534514
VDR	CHINOMETHIONAT	Not Approved	""	0.111071911827416
VDR	DACTINOMYCIN	Approved	""	0.003173483195069029
VDR	CHELERYTHRINE	Not Approved	""	0.009255992652284668
VDR	IRIGINOL HEXAACEATATE	Not Approved	""	0.01009744652976509
VDR	HALOPROGIN	Approved	""	0.02776797795685401
VDR	HYDROCORTISONE BUTYRATE	Approved	""	0.007933707987672572
VDR	CHEMBL:CHEMBL1465049	Not Approved	""	0.007933707987672574
VDR	URACIL MUSTARD	Approved	""	0.111071911827416
VDR	CONGO RED	Not Approved	""	0.007404794121827735
VDR	TENATOPRAZOLE	Not Approved	""	0.05553595591370802
VDR	OXCARBAZEPINE	Approved	anticonvulsant	0.006170661768189779
VDR	VITAMIN D3 ANALOGUE ILX23-7553	Not Approved	""	0.111071911827416
VDR	DESMOSDUMOTIN C	Not Approved	""	0.111071911827416
VDR	ELLAGIC ACID	Not Approved	""	0.003966853993836287
VDR	TRIMETREXATE	Approved	Antineoplastic Agents	0.01234132353637955
VDR	ARACHIDONYL TRIFLUOROMETHYL KETONE	Not Approved	""	0.05553595591370802
VDR	CLOFENOXYDE	Not Approved	""	0.03702397060913867
VDR	ESTRAMUSTINE	Approved	""	0.01009744652976509
VDR	NIFEKALANT	Not Approved	""	0.111071911827416
VDR	RETINYL ACETATE	Not Approved	""	0.013883988978427
VDR	CHEMBL:CHEMBL1256191	Not Approved	""	0.013883988978427
VDR	CHLORACYZINE	Not Approved	""	0.05553595591370802
VDR	HAEMATOXYLIN	Not Approved	""	0.004271996608746771
VDR	CHEMBL:CHEMBL1362503	Not Approved	""	0.01009744652976509
VDR	CINTAZONE	Not Approved	""	0.05553595591370802
VDR	CHEMBL:CHEMBL592124	Not Approved	""	0.003582964897658581
VDR	R-(+)-METHANANDAMIDE	Not Approved	""	0.0222143823654832
VDR	IPA-3	Not Approved	""	0.0222143823654832
VDR	DACLATASVIR	Not Approved	""	0.05553595591370802
VDR	SULFOBROMOPHTHALEIN	Not Approved	""	0.01586741597534514
VDR	CARBOPLATIN	Approved	""	0.001291533858458326
VDR	PURPURIN	Not Approved	""	0.005289138658448382
VDR	DICHLOFENTHION	Not Approved	""	0.111071911827416
VDR	MELENGESTROL ACETATE	Approved	""	0.03702397060913867
VDR	GOSSYPOL	Not Approved	""	0.002313998163071167
VDR	SODIUM DODECYL SULFATE	Approved	""	0.03702397060913867
VDR	METITEPINE	Not Approved	""	0.005289138658448382
VDR	CHEMBL:CHEMBL1256186	Not Approved	""	0.05553595591370802
VDR	RALOXIFENE HYDROCHLORIDE	Approved	Hormone Replacement Agents	0.004442876473096641
VDR	ETHACRIDINE	Not Approved	""	0.111071911827416
VDR	BIS(DIMETHYLAMINETHIOCARBONYL)MONOSULFIDE	Not Approved	""	0.013883988978427
VDR	DIPHENADIONE	Not Approved	""	0.02776797795685401
VDR	CALCIPOTRIENE	Approved	Dermatologic Agents,antipsoriatic agent	0.4998236032233721
VDR	PEGINTERFERON ALFA-2B	Approved	""	0.01041299173382025
VDR	CHEMBL:CHEMBL602763	Not Approved	""	0.03702397060913867
VDR	PHOSMET	Not Approved	""	0.0222143823654832
VDR	(-)-N-PORPHYNORAPOMORPHINE	Not Approved	""	0.013883988978427
VDR	FPL-55712	Not Approved	""	0.05553595591370802
VDR	CHEMBL:CHEMBL462861	Not Approved	""	0.03702397060913867
VDR	CAPTAN	Not Approved	""	0.008543993217493542
VDR	ALLOXAN	Not Approved	""	0.02776797795685401
VDR	RECOMBINANT INTERFERON	Not Approved	""	0.005695995478329027
VDR	PENTACHLOROPHENOL	Not Approved	""	0.007933707987672574
VDR	SB-408124	Not Approved	""	0.013883988978427
VDR	ETHACRYNIC ACID	Approved	Antihypertensive Agents; Diuretics	0.006941994489213502
VDR	ICRF-193	Not Approved	""	0.05553595591370802
VDR	CHOLECALCIFEROL	Approved	""	0.02776797795685401
VDR	BROMOENOL LACTONE	Not Approved	""	0.013883988978427
VDR	&ALPHA;-ERGOCRYPTINE	Not Approved	""	0.0111071911827416
VDR	ZIRAM	Not Approved	""	0.008543993217493542
VDR	CLODRONIC ACID	Approved	antineoplastic agent	0.02019489305953019
VDR	BENSERAZIDE HYDROCHLORIDE	Not Approved	""	0.006941994489213502
VDR	METHOXYARACHIDONOYL FLUOROPHOSPHONATE	Not Approved	""	0.05553595591370802
VDR	LAPACHOL	Not Approved	""	0.0222143823654832
VDR	PHENYLSTIBONIC ACID	Not Approved	""	0.0222143823654832
VDR	NALED	Not Approved	""	0.02776797795685401
VDR	FEPRAZONE	Approved	""	0.0222143823654832
VDR	CALPEPTIN	Not Approved	""	0.03702397060913867
VDR	RT3	Not Approved	""	0.01851198530456933
VDR	CHEMBL:CHEMBL56393	Not Approved	""	0.003966853993836287
VDR	ROTTLERIN	Not Approved	""	0.008543993217493542
VDR	CALCIUM	Approved	""	0.4442876473096641
VDR	STREPTONIGRIN	Not Approved	""	0.005553595591370801
VDR	CHEMBL:CHEMBL505670	Not Approved	""	0.003173483195069029
VDR	BENSERAZIDE	Approved	""	0.01586741597534514
VDR	IRIGENOL	Not Approved	""	0.007933707987672574
VDR	THYMOL IODIDE	Approved	""	0.05553595591370802
VDR	0-HEXYL-1,3-DIAMINE-PLATINUM 2,2-DICHLORIDE	Not Approved	""	0.03702397060913867
VDR	TETRAIDOFLUORESCEIN	Not Approved	""	0.01234132353637955
VDR	2MD	Not Approved	""	0.05553595591370802
VDR	PURPUROGALLIN	Not Approved	""	0.003085330884094889
VDR	TRIPHENYLSTANNYL ACETATE	Not Approved	""	0.02776797795685401
VDR	JUGLONE	Not Approved	""	0.005553595591370801
VDR	LINOLENIC ACID	Approved	""	0.005289138658448382
VDR	CHEMBL:CHEMBL1255944	Not Approved	""	0.01234132353637955
VDR	DECYLUBIQUINONE	Not Approved	""	0.05553595591370802
VDR	KETOCONAZOLE	Approved	""	0.01514616979464764
VDR	BRIMONIDINE	Approved	for treatment of glaucoma	0.009255992652284668
VDR	ISOPROTERENOL	Approved	Bronchodilator Agents; Cardiotonic Agents	0.003470997244606751
VDR	SULFINPYRAZONE	Approved	Uricosuric Agents	0.007933707987672574
VDR	CHEMBL:CHEMBL1310701	Not Approved	""	0.01851198530456933
VDR	CHALCONE	Not Approved	""	0.03702397060913867
VDR	DEPHOSTATIN	Not Approved	""	0.004442876473096641
VDR	{4-[3-(4-ACETYL-3-HYDROXY-2-PROPYLPHENOXY)PROPOXY]PHENOXY}ACETIC ACID	Not Approved	""	0.01586741597534514
VDR	CEFACLOR ANHYDROUS	Approved	""	0.007933707987672574
VDR	THIOTEPA	Approved	""	0.0111071911827416
VDR	DICLAZURIL	Approved	""	0.05553595591370802
VDR	HOMIDIUM	Not Approved	""	0.013883988978427
VDR	QUINIZARIN	Not Approved	""	0.05553595591370802
VDR	2'-HYDROXYCHALCONE	Not Approved	""	0.01851198530456933
VDR	FENITROTHION	Not Approved	""	0.111071911827416
VDR	DIHYDROGAMBOGIC ACID	Not Approved	""	0.01009744652976509
VDR	FENBUTATIN OXIDE	Not Approved	""	0.111071911827416
VDR	INAMRINONE	Approved	Cardiotonic Agents; Phosphodiesterase Inhibitors	0.005845890096179791
VDR	PD-146176	Not Approved	""	0.03702397060913867
VDR	TOMELUKAST	Not Approved	""	0.05553595591370802
VDR	EUFLAVINE	Not Approved	""	0.006941994489213502
VDR	AGROCLAVINE	Not Approved	""	0.0222143823654832
VDR	2',4'-DIHYDROXYCHALCONE	Not Approved	""	0.02776797795685401
VDR	4-METHYLDAPHNETIN	Not Approved	""	0.0222143823654832
VDR	ISOTRETINOIN	Approved	for treatment of acne	0.006941994489213502
VDR	TBBT	Not Approved	""	0.013883988978427
VDR	CYSTEAMINE HYDROCHLORIDE	Approved	for treatment of corneal cystine accumulation	0.0222143823654832
VDR	CYSTAMINE DIHYDROCHLORIDE	Not Approved	""	0.02776797795685401
VDR	IPRONIAZID SULFATE	Not Approved	""	0.111071911827416
VDR	TRIBUTYLTIN-OXIDE	Not Approved	""	0.0222143823654832
VDR	CHEMBL:CHEMBL1232076	Not Approved	""	0.0222143823654832
VDR	CHEMBL:CHEMBL74852	Not Approved	""	0.03702397060913867
VDR	ESTROGENS, CONJUGATED (USP)	Approved	Hormone Replacement Agents	0.02468264707275911
VDR	FTI 276	Not Approved	""	0.05553595591370802
VDR	CHEMBL:CHEMBL565893	Not Approved	""	0.01851198530456933
VDR	DAUNORUBICIN HYDROCHLORIDE	Approved	""	0.003365815509921697
VDR	BROMOCRIPTINE	Approved	antidiabetic	0.003582964897658581
VDR	4-CHLOROMERCURIBENZOIC ACID	Not Approved	""	0.003966853993836287
VDR	PHENTHOATE	Not Approved	""	0.111071911827416
VDR	CHEMBL:CHEMBL1546223	Not Approved	""	0.01851198530456933
VDR	DYCLONINE HYDROCHLORIDE	Approved	""	0.006941994489213502
VDR	TYRPHOSTIN B48	Not Approved	""	0.005845890096179791
VDR	GAMMA-LINOLENIC ACID	Not Approved	""	0.01851198530456933
VDR	LOFEPRAMINE	Not Approved	""	0.02776797795685401
VDR	GOSSYPETIN	Not Approved	""	0.0111071911827416
VDR	ALLITRIDIN	Not Approved	""	0.02776797795685401
VDR	ILX23-7553	Not Approved	""	0.111071911827416
VDR	DOCUSATE	Approved	""	0.05553595591370802
VDR	CURCUMIN	Approved	""	0.003365815509921697
VDR	ETIDRONIC ACID	Approved	""	0.01586741597534514
VDR	SANGUINARIUM	Not Approved	""	0.004442876473096641
VDR	CHEMBL:CHEMBL388979	Not Approved	""	0.01851198530456933
VDR	PHYSCION	Not Approved	""	0.111071911827416
VDR	TRIBROMSALAN	Approved	""	0.02776797795685401
VDR	AMOXAPINE	Approved	antidepressant	0.007404794121827735
VDR	MIDAZOLAM HYDROCHLORIDE	Approved	Anesthesia; Hypnotics and Sedatives,Adjuvants	0.006170661768189779
VDR	OMEPRAZOLE	Approved	antiulcer agent,Proton pump inhibitor	0.003001943562903136
VDR	NIFEDIPINE	Approved	Antianginal Agents; Vasodilator Agents	0.001983426996918143
VDR	DIXANTHOGEN	Not Approved	""	0.111071911827416
VDR	LITHOCHOLIC ACID	Not Approved	""	0.01708798643498708
VDR	CANDESARTAN CILEXETIL	Approved	antihypertensive agent	0.007404794121827735
VDR	ALITRETINOIN	Approved	""	0.02115655463379353
VDR	IODOFORM	Not Approved	""	0.02776797795685401
VDR	CYCLOVALONE	Not Approved	""	0.01586741597534514
VDR	BITHIONOLATE SODIUM	Approved	""	0.013883988978427
VDR	WORTMANNIN	Not Approved	""	0.003966853993836287
VDR	ELDECALCITOL	Not Approved	antiosteoporotic agent	0.222143823654832
VDR	SB-415286	Not Approved	""	0.005553595591370801
VDR	ANTIAROL	Not Approved	""	0.111071911827416
VDR	SANGUINARINE SULFATE	Not Approved	""	0.008543993217493542
VDR	ELOCALCITOL	Not Approved	for treatment of benign prostatic hyperplasia	0.222143823654832
VDR	GUTHION	Not Approved	""	0.009255992652284668
VDR	PYRITHIONE ZINC	Approved	""	0.006170661768189779
VDR	7,8-DIHYDROXYFLAVONE	Not Approved	""	0.013883988978427
VDR	TIOXOLONE	Not Approved	""	0.0222143823654832
VDR	ERYTHROSINE	Approved	""	0.01234132353637955
VDR	PROTOPORPHYRIN	Not Approved	""	0.004442876473096641
VDR	HEMATOXYLIN	Not Approved	""	0.01851198530456933
VDR	ALENDRONATE SODIUM	Approved	Bisphosphonates	0.1018159191751313
VDR	KOPARIN	Not Approved	""	0.0111071911827416
VDR	PYRITHIONE	Approved	""	0.01009744652976509
VDR	CHEMBL:CHEMBL600694	Not Approved	""	0.01586741597534514
CD40LG	PG-102	Not Approved	""	0.9000654923945781
CD40LG	ALDESLEUKIN	Approved	antineoplastic agent	0.120008732319277
CD40LG	URSODIOL	Approved	for prevention of recurrence of colorectal polyps	0.1125081865493222
CD40LG	DAPIROLIZUMAB PEGOL	Not Approved	""	3.600261969578312
CD40LG	ALPROSTADIL	Approved	for treatment of sexual dysfunction in women,for treatment of erectile dysfunction	0.1565331291121005
CD40LG	ADALIMUMAB	Approved	DMARD,antiinflammatory agent	0.1090988475629791
CD40LG	RUPLIZUMAB	Not Approved	""	1.800130984789156
CD40LG	FENOFIBRATE MICRONIZED	Approved	anticholesterolaemic agent,antidyslipidaemic agent	0.1384716142145504
CD40LG	ATORVASTATIN CALCIUM TRIHYDRATE	Approved	anticholesterolaemic agent,antihypecholesterolemic agent	0.0654593085377875
CD40LG	RAVAGALIMAB	Not Approved	""	1.800130984789156
CD40LG	ANTI-CD40 MONOCLONAL ANTIBODY CHI LOB 7/4	Not Approved	""	3.600261969578312
CD40LG	AUTOLOGOUS PROSTATE CANCER ANTIGEN-EXPRESSING DENDRITIC CELL VACCINE BPX-101	Not Approved	antineoplastic agent	1.800130984789156
CD40LG	DAZODALIBEP	Not Approved	""	1.800130984789156
CD40LG	ROSIGLITAZONE	Approved	for treatment of Alzheimer's disease,antidiabetic	0.1636482713444687
CD40LG	TEGOPRUBART	Not Approved	""	1.800130984789156
CD40LG	BISPECIFIC ANTIBODY	Not Approved	""	0.6000436615963854
CD40LG	BULEVIRTIDE	Not Approved	""	1.800130984789156
CD40LG	MUROMONAB-CD3	Approved	Immunosuppressive Agents	0.5143231385111875
CD40LG	LUCATUMUMAB	Not Approved	antineoplastic agent	1.800130984789156
CD40LG	DAZODALIBEP	Not Approved	""	1.800130984789156
CD40LG	DEXPROPRANOLOL	Not Approved	""	0.3600261969578312
CD40LG	IRBESARTAN	Approved	antihypertensive agent	0.2250163730986445
CD40LG	PROPRANOLOL HYDROCHLORIDE	Approved	for treatment of cancer cachexia	0.07500545769954818
CD40LG	IMATINIB	Approved	antineoplastic agent	0.05000363846636545
CD40LG	TORALIZUMAB	Not Approved	""	1.800130984789156
CD40LG	CYCLOSPORINE	Approved	immunosuppressant,opthalmological agent	0.02069116074470294
CD40LG	SELICRELUMAB	Not Approved	""	1.800130984789156
CD40LG	ANTINEOPLASTIC VACCINE	Not Approved	""	0.7200523939156624
CD40LG	ANTI-CD40/ANTI-MESOTHELIN BISPECIFIC ANTIBODY ABBV-428	Not Approved	""	1.800130984789156
MMP13	CURCUMIN	Approved	""	0.09887083060394987
MMP13	REBIMASTAT	Not Approved	""	1.087579136643448
MMP13	DOXYCYCLINE CALCIUM	Approved	""	1.631368704965172
MMP13	APRATASTAT	Not Approved	""	2.610189927944276
MMP13	PRINOMASTAT	Not Approved	""	0.9322106885515274
MMP13	DOXYCYCLINE ANHYDROUS	Approved	""	0.2837162965156822
MMP13	CTS-1027	Not Approved	""	0.9322106885515274
MMP13	ILOMASTAT	Not Approved	""	0.2610189927944276
DNMT1	IFOSFAMIDE	Approved	Antineoplastic Agents	0.1657263446313826
DNMT1	CURCUMIN	Approved	""	0.05273110965543993
DNMT1	DEMETHOXYCURCUMIN	Not Approved	""	0.3866948041398928
DNMT1	AZACITIDINE	Approved	antineoplastic agent	0.1740126618629517
DNMT1	TCDD	Not Approved	""	0.09280675299357427
DNMT1	ZEBULARINE	Not Approved	""	2.320168824839356
DNMT1	BROMO-DEAZA-SAH	Not Approved	""	0.5800422062098392
DNMT1	ANTROQUINONOL	Not Approved	""	1.160084412419678
DNMT1	FARNESYL TRANSFERASE INHIBITOR	Not Approved	""	1.160084412419678
DNMT1	PALIFOSFAMIDE	Not Approved	""	1.160084412419678
DNMT1	CHEMBL:CHEMBL1490332	Not Approved	""	0.1657263446313826
DNMT1	LDN-214117	Not Approved	""	0.2900211031049196
DNMT1	ML347	Not Approved	""	0.3866948041398928
DNMT1	ZILURGISERTIB	Not Approved	""	0.2320168824839356
DNMT1	CEPHALOTHIN	Not Approved	""	0.1160084412419678
DNMT1	HYDROXYUREA	Approved	Antineoplastic Agents	0.110484229754255
DNMT1	DECITABINE AND CEDAZURIDINE	Not Approved	""	1.160084412419678
DNMT1	COMPOUND 13A [PMID: 23639540]	Not Approved	""	0.1657263446313826
DNMT1	CHEMBL:CHEMBL580076	Not Approved	""	0.1933474020699464
DNMT1	GSK3685032	Not Approved	""	1.160084412419678
DNMT1	BISDEMETHOXYCURCUMIN	Not Approved	""	0.7733896082797856
DNMT1	SGI-1027	Not Approved	""	1.160084412419678
DNMT1	MITOXANTRONE	Approved	antineoplastic agent	0.05273110965543993
DNMT1	CHEMBL:CHEMBL2063052	Not Approved	""	2.320168824839356
DNMT1	BENZANTHRONE	Not Approved	""	0.5800422062098392
DNMT1	CM-272	Not Approved	""	0.5800422062098392
DNMT1	COMPOUND 13D [PMID: 23639540]	Not Approved	""	0.1657263446313826
DNMT1	COMPOUND 13R [PMID: 23639540]	Not Approved	""	0.1933474020699464
DNMT1	DAPHNORIN	Not Approved	""	0.1657263446313826
DNMT1	K02288	Not Approved	""	0.5800422062098392
DNMT1	MAHANINE	Not Approved	""	2.320168824839356
DNMT1	FLOXURIDINE	Approved	antineoplastic agent	0.1657263446313826
DNMT1	CHEMBL:CHEMBL599013	Not Approved	""	0.08286317231569132
DNMT1	HEXAHYDROCURCUMIN	Not Approved	""	2.320168824839356
DNMT1	SELENIUM	Approved	""	0.2047207786622961
DNMT1	ADRIAMYCIN	Not Approved	""	0.1221141486757556
DNMT1	TETRAHYDROCURCUMIN	Not Approved	""	2.320168824839356
DNMT1	GUADECITABINE	Not Approved	""	1.160084412419678
DNMT1	ARSENIC TRIOXIDE	Approved	antineoplastic agent	0.08923726249382143
DNMT1	CISPLATIN	Approved	""	0.007891730696732506
DNMT1	DIETHYLSTILBESTROL	Approved	Hormone Replacement Agents	0.07030814620725323
DNMT1	ORAL AZACITIDINE	Not Approved	""	0.5800422062098392
DNMT1	DECITABINE	Approved	antineoplastic agent	0.1933474020699464
DNMT1	DNMT1 MIXED-BACKBONE ANTISENSE OLIGONUCLEOTIDE MG 98	Not Approved	antineoplastic agent	1.160084412419678
DNMT1	RODUCITABINE	Not Approved	""	1.160084412419678
CTSK	MIV-701	Not Approved	for treatment of osteoporosis	5.800422062098392
CTSK	RELACATIB	Not Approved	antiosteoporotic agent	2.900211031049196
CTSK	ONO-5334	Not Approved	""	5.800422062098392
CTSK	ANTISENSE OLIGONUCLEOTIDES	Not Approved	""	0.3515407310362662
CTSK	CHEMBL:CHEMBL1085282	Not Approved	antirheumatic agent	11.60084412419678
CTSK	HEPARAN SULFATE	Not Approved	""	0.9667370103497321
CTSK	BALICATIB	Not Approved	""	11.60084412419678
CTSK	ODANACATIB	Not Approved	antiosteoporotic agent	23.20168824839357
CTSK	CHEMBL:CHEMBL2316602	Not Approved	""	11.60084412419678
PRMT5	ONAMETOSTAT	Not Approved	""	5.220379855888553
PRMT5	LLY-283	Not Approved	""	5.220379855888553
PRMT5	PEMRAMETOSTAT	Not Approved	""	10.4407597117771
PRMT5	MRTX1719	Not Approved	""	5.220379855888553
PRMT5	DS-437	Not Approved	""	2.610189927944276
PRMT5	PF-06939999	Not Approved	""	5.220379855888553
PRMT5	CMP5 [PMID: 25742700]	Not Approved	""	5.220379855888553
PRMT5	EPZ015666	Not Approved	""	5.220379855888553
PRMT5	TNG908	Not Approved	""	5.220379855888553
PRMT5	GSK591	Not Approved	""	5.220379855888553
ADAM17	CHEMBL:CHEMBL599255	Not Approved	""	0.966737010349732
ADAM17	APRATASTAT	Not Approved	""	3.480253237259035
ADAM17	MARIMASTAT	Not Approved	Antineoplastic Agents	1.160084412419678
ADAM17	INFLIXIMAB	Approved	DMARD,antiinflammatory agent	0.5613311672998444
ADAM17	INCB7839	Not Approved	antineoplastic agent	4.350316546573794
ADAM17	ADERBASIB	Not Approved	""	4.350316546573794
CYP2C9	CHEMBL:CHEMBL527271	Not Approved	""	0.02009384086177272
CYP2C9	HYCANTHONE	Not Approved	""	0.01269084686006698
CYP2C9	CYCLOPHOSPHAMIDE ANHYDROUS	Approved	""	0.01041902859499326
CYP2C9	PD123319	Not Approved	""	0.03014076129265908
CYP2C9	ZAFIRLUKAST	Approved	antiasthmatic agent	0.02679178781569696
CYP2C9	DIGOXIN	Approved	Anti-Arrhythmia Agents; Cardiotonic Agents	0.007091943833566842
CYP2C9	CHEMBL:CHEMBL471226	Not Approved	""	0.06028152258531816
CYP2C9	TRIAMCINOLONE	Approved	for treatment of diabetic macular edema	0.0104837430583162
CYP2C9	DICLOFENAC SODIUM	Approved	for treatment of glaucoma,analgesic,NSAID	0.04964360683496789
CYP2C9	KETANSERIN	Not Approved	""	0.005241871529158101
CYP2C9	CYC-116	Not Approved	""	0.002485835982899718
CYP2C9	MEFENAMIC ACID	Approved	NSAID	0.01722329216723376
CYP2C9	CHEMBL:CHEMBL1611308	Not Approved	""	0.06028152258531816
CYP2C9	(R)-PINOCEMBRIN	Not Approved	""	0.03014076129265908
CYP2C9	CHLORPROPAMIDE	Approved	Hypoglycemic Agents	0.02192055366738842
CYP2C9	FELBAMATE	Approved	Anticonvulsants; Antiepileptics	0.02009384086177272
CYP2C9	TYRPHOSTIN 23	Not Approved	""	0.00574109738907792
CYP2C9	SULFAPHENAZOLE	Approved	""	0.04521114193898862
CYP2C9	ABROCITINIB	Approved	""	0.02009384086177272
CYP2C9	GR 89696	Not Approved	""	0.02009384086177272
CYP2C9	LESINURAD	Approved	""	0.08037536344709088
CYP2C9	NIFEDIPINE	Approved	Antianginal Agents; Vasodilator Agents	0.004305823041808441
CYP2C9	PIOGLITAZONE HYDROCHLORIDE	Approved	antidiabetic	0.01418388766713368
CYP2C9	PYRROLIDINE DITHIOCARBAMATE	Not Approved	""	0.009274080397741257
CYP2C9	CHEMBL:CHEMBL258465	Not Approved	""	0.02411260903412726
CYP2C9	VANOXERINE	Not Approved	""	0.006028152258531816
CYP2C9	FLURBIPROFEN	Approved	NSAID,antiinflammatory agent	0.07535190323164771
CYP2C9	TROGLITAZONE	Approved	""	0.009274080397741257
CYP2C9	5-METHOXYPSORALEN	Not Approved	""	0.02009384086177272
CYP2C9	DIPHENHYDRAMINE	Approved	Anti-Allergic Agents; Hypnotics and sedatives; Antiemetics; Antipruritics; Antitussives	0.03014076129265908
CYP2C9	VALPROIC ACID	Approved	Anticonvulsants,for treatment of basal cell carcinoma,anticonvulsant	0.004230282286688994
CYP2C9	CHEMBL:CHEMBL601110	Not Approved	""	0.01722329216723376
CYP2C9	STAVUDINE	Approved	""	0.01854816079548251
CYP2C9	OMEPRAZOLE	Approved	antiulcer agent,Proton pump inhibitor	0.006516921360574936
CYP2C9	POMIFERIN	Not Approved	""	0.01339589390784848
CYP2C9	TYRPHOSTIN AG 879	Not Approved	""	0.00669794695392424
CYP2C9	FLUNISOLIDE ANHYDROUS	Approved	glucocorticoid,antiinflammatory agent	0.02192055366738842
CYP2C9	CHEMBL:CHEMBL336095	Not Approved	""	0.01507038064632954
CYP2C9	CARBAMAZEPINE	Approved	for treatment of bipolar disorder	0.004920940619209646
CYP2C9	MANGOSTIN	Not Approved	""	0.01205630451706363
CYP2C9	CHEMBL:CHEMBL512908	Not Approved	""	0.02009384086177272
CYP2C9	AMIODARONE HYDROCHLORIDE	Approved	antiarrhytmic agent	0.009274080397741257
CYP2C9	DOFETILIDE	Approved	Anti-Arrhythmia Agents	0.01854816079548251
CYP2C9	CHEMBL:CHEMBL1256291	Not Approved	""	0.01096027683369421
CYP2C9	NICLOSAMIDE	Approved	""	0.004465297969282827
CYP2C9	MELOXICAM	Approved	NSAID	0.1205630451706363
CYP2C9	(R)-FLECAINIDE	Not Approved	""	0.03014076129265908
CYP2C9	DOXEPIN HYDROCHLORIDE	Approved	hypnotic,antimigraine agent	0.005480138416847106
CYP2C9	SB203580	Not Approved	""	0.004157346385194356
CYP2C9	(S)-AMPA	Not Approved	""	0.04018768172354544
CYP2C9	PITAVASTATIN	Approved	anticholesterolaemic agent	0.04822521806825453
CYP2C9	IPRATROPIUM CATION	Approved	for treatment of chronic obstructive pulmonary disorder (COPD)	0.02009384086177272
CYP2C9	SB 216763	Not Approved	""	0.008037536344709089
CYP2C9	SR2640	Not Approved	""	0.01096027683369421
CYP2C9	CP55940	Not Approved	""	0.01205630451706363
CYP2C9	SULFAMETHOXAZOLE	Approved	""	0.01722329216723376
CYP2C9	ACETAMINOPHEN	Approved	analgesic	0.006955560298305943
CYP2C9	SULFADOXINE	Approved	""	0.04018768172354544
CYP2C9	GW5074	Not Approved	""	0.005480138416847106
CYP2C9	FOSPHENYTOIN	Approved	anticonvulsant	0.009274080397741257
CYP2C9	OFLOXACIN	Approved	""	0.02009384086177272
CYP2C9	DIPYRONE	Approved	""	0.04822521806825453
CYP2C9	LINEZOLID	Approved	""	0.02679178781569696
CYP2C9	DESIPRAMINE	Approved	Tricyclic,Antidepressive Agents	0.003091360132580418
CYP2C9	AMINOPURVALANOL A	Not Approved	""	0.02009384086177272
CYP2C9	BENZBROMARONE	Approved	""	0.03014076129265908
CYP2C9	DAIDZEIN	Not Approved	""	0.006345423430033491
CYP2C9	FLIBANSERIN	Approved	for treatment of female sexual dysfunction	0.03444658433446752
CYP2C9	ENDO-ATROPINE	Not Approved	""	0.04822521806825453
CYP2C9	RIMEGEPANT	Approved	""	0.04018768172354544
CYP2C9	LANSOPRAZOLE SULFIDE	Not Approved	""	0.02411260903412726
CYP2C9	EMODIN	Not Approved	""	0.004637040198870628
CYP2C9	TRAMADOL	Approved	analgesic	0.00502346021544318
CYP2C9	CHEMBL:CHEMBL585045	Not Approved	""	0.03014076129265908
CYP2C9	ZOXAZOLAMINE	Not Approved	""	0.04822521806825453
CYP2C9	MIRTAZAPINE	Approved	antidepressant	0.006028152258531816
CYP2C9	GEFITINIB	Approved	antineoplastic agent	0.003598896870765263
CYP2C9	MK-212	Not Approved	""	0.03014076129265908
CYP2C9	PIMARIC ACID	Not Approved	""	0.06028152258531816
CYP2C9	GW7647	Not Approved	""	0.004018768172354544
CYP2C9	DEXAMETHASONE	Approved	for treatment of Meniere's disease,glucocorticoid,antiinflammatory agent	0.002836777533426737
CYP2C9	IMIPRAMINE HYDROCHLORIDE	Approved	Tricyclic,Antidepressive Agents	0.01205630451706363
CYP2C9	NAPROXEN SODIUM	Approved	NSAID,antimigraine agent	0.02836777533426737
CYP2C9	(R)-FELODIPINE	Not Approved	""	0.04018768172354544
CYP2C9	AZATHIOPRINE	Approved	""	0.006345423430033491
CYP2C9	URAPIDIL	Not Approved	""	0.02009384086177272
CYP2C9	FPL64176	Not Approved	""	0.01339589390784848
CYP2C9	BERGAMOTTIN	Not Approved	""	0.02009384086177272
CYP2C9	EMBELIN	Not Approved	""	0.008037536344709089
CYP2C9	WARFARIN	Approved	Anticoagulants	0.01096027683369421
CYP2C9	TORSEMIDE	Approved	Antihypertensive Agents; Diuretics	0.02009384086177272
CYP2C9	NITROFURANTOIN, MACROCRYSTALS	Approved	""	0.01854816079548251
CYP2C9	MORIN	Not Approved	""	0.006345423430033491
CYP2C9	(R)-NFPS	Not Approved	""	0.03014076129265908
CYP2C9	GLYCINE	Approved	""	0.02009384086177272
CYP2C9	ETHAVERINE	Not Approved	""	0.06028152258531816
CYP2C9	ALLOPURINOL	Approved	antiuricemic agent,for treatment of gout	0.008037536344709089
CYP2C9	CDK1/5 INHIBITOR	Not Approved	""	0.02009384086177272
CYP2C9	SB 203186	Not Approved	""	0.04018768172354544
CYP2C9	DICUMAROL	Approved	Anticoagulants	0.01507038064632954
CYP2C9	AURINTRICARBOXYLIC ACID	Not Approved	""	0.003889130489375365
CYP2C9	MECLIZINE	Approved	Antiemetics	0.03444658433446752
CYP2C9	DAPSONE	Approved	""	0.02192055366738842
CYP2C9	LABETALOL	Approved	Antihypertensive Agents	0.01339589390784848
CYP2C9	MENTHOFURAN	Not Approved	""	0.06028152258531816
CYP2C9	CEFOPERAZONE	Not Approved	""	0.03014076129265908
CYP2C9	BRILLIANT GREEN OXALATE	Not Approved	""	0.02411260903412726
CYP2C9	ZUCAPSAICIN	Not Approved	analgesic	0.01722329216723376
CYP2C9	LEUCINE	Approved	""	0.04018768172354544
CYP2C9	GLAFENINE	Approved	""	0.03444658433446752
CYP2C9	ZILEUTON	Approved	antiinflammatory agent	0.02679178781569696
CYP2C9	RS-100329	Not Approved	""	0.03014076129265908
CYP2C9	INDOMETHACIN MORPHOLINYLAMIDE	Not Approved	""	0.04018768172354544
CYP2C9	PROPYLPYRAZOLETRIOL	Not Approved	""	0.01004692043088636
CYP2C9	SALAGEN	Not Approved	""	0.03014076129265908
CYP2C9	SELEGILINE	Approved	antiparkinson agent,antidepressant	0.02411260903412726
CYP2C9	ETIDRONIC ACID	Approved	""	0.01722329216723376
CYP2C9	MECLOFENAMATE SODIUM	Approved	""	0.01722329216723376
CYP2C9	ETRASIMOD	Approved	""	0.02411260903412726
CYP2C9	INDOMETHACIN	Approved	NSAID	0.006028152258531816
CYP2C9	MAPROTILINE	Approved	Second-Generation,Antidepressive Agents	0.01854816079548251
CYP2C9	GEMFIBROZIL	Approved	Antilipemic Agents	0.009274080397741257
CYP2C9	MINOXIDIL	Approved	Antihypertensive Agents; Vasodilator Agents	0.02009384086177272
CYP2C9	NICORANDIL	Not Approved	""	0.02411260903412726
CYP2C9	MONOAMINE OXIDASE INHIBITOR	Not Approved	""	0.004157346385194356
CYP2C9	ICI-199441	Not Approved	""	0.01722329216723376
CYP2C9	COUMARIN	Approved	""	0.02009384086177272
CYP2C9	BUSULFAN	Approved	""	0.02538169372013396
CYP2C9	ETHINYL ESTRADIOL	Approved	contraceptive	0.01205630451706363
CYP2C9	NONIVAMIDE	Approved	""	0.02411260903412726
CYP2C9	SPLITOMICIN	Not Approved	""	0.02411260903412726
CYP2C9	CHEMBL:CHEMBL123904	Not Approved	""	0.02411260903412726
CYP2C9	TYRPHOSTIN A9	Not Approved	""	0.005480138416847106
CYP2C9	NATEGLINIDE	Approved	antidiabetic	0.05358357563139392
CYP2C9	MRS1220	Not Approved	""	0.01339589390784848
CYP2C9	ICILIN	Not Approved	""	0.04018768172354544
CYP2C9	CI-966	Not Approved	""	0.04018768172354544
CYP2C9	TOLFENAMIC ACID	Not Approved	""	0.01205630451706363
CYP2C9	CELECOXIB	Approved	NSAID	0.001799448435382631
CYP2C9	CILOSTAZOL	Approved	Platelet Aggregation Inhibitors	0.01722329216723376
CYP2C9	CYPROTERONE	Approved	Hypersexuality-inhibiting agents; Antihirsutism agents	0.03444658433446752
CYP2C9	A68930	Not Approved	""	0.02009384086177272
CYP2C9	DANTROLENE	Approved	Muscle Relaxants	0.02679178781569696
CYP2C9	MINOCYCLINE	Approved	""	0.03014076129265908
CYP2C9	GUAIFENESIN	Approved	""	0.06028152258531816
CYP2C9	CHEMBL:CHEMBL239439	Not Approved	""	0.01722329216723376
CYP2C9	AMPHOTERICIN B LIPOSOMAL	Approved	""	0.01854816079548251
CYP2C9	CHEMBL:CHEMBL606167	Not Approved	""	0.01507038064632954
CYP2C9	ANTIPSYCHOTIC AGENT	Not Approved	""	0.08037536344709088
CYP2C9	METHYLDOPA ANHYDROUS	Approved	Antihypertensive Agents	0.00777826097875073
CYP2C9	CHLOROQUINE	Approved	""	0.01507038064632954
CYP2C9	GYKI53784	Not Approved	""	0.01507038064632954
CYP2C9	PHENOBARBITAL	Approved	Anticonvulsants; Hypnotics and Sedatives	0.006345423430033491
CYP2C9	MASOPROCOL	Approved	prostate cancer,antineoplastic agent	0.002565171173843326
CYP2C9	TROLEANDOMYCIN	Approved	""	0.03444658433446752
CYP2C9	SB 228357	Not Approved	""	0.01722329216723376
CYP2C9	CLOMIPRAMINE	Approved	Tricyclic,Antidepressive Agents	0.003172711715016745
CYP2C9	PLICAMYCIN	Approved	""	0.04018768172354544
CYP2C9	4-HYDROXYCYCLOPHOSPHAMIDE	Approved	""	0.1808445677559544
CYP2C9	REL-CISAPRIDE	Not Approved	""	0.04018768172354544
CYP2C9	1R,9S-HYDRASTINE	Not Approved	""	0.03014076129265908
CYP2C9	DEXMEDETOMIDINE HYDROCHLORIDE	Approved	Analgesics; Hypnotics and Sedatives	0.01096027683369421
CYP2C9	NISOLDIPINE	Approved	Antihypertensive Agents; Vasodilator Agents	0.01418388766713368
CYP2C9	L-162,313	Not Approved	""	0.01339589390784848
CYP2C9	(S)-NIMODIPINE	Not Approved	""	0.03014076129265908
CYP2C9	KARANJIN	Not Approved	""	0.02009384086177272
CYP2C9	TESMILIFENE	Not Approved	adjuvant to chemotherapy	0.01507038064632954
CYP2C9	COLCHICINE	Approved	for treatment of gout	0.004637040198870628
CYP2C9	CHEMBL:CHEMBL222808	Not Approved	""	0.06028152258531816
CYP2C9	MICONAZOLE NITRATE	Approved	""	0.00753519032316477
CYP2C9	TICLOPIDINE	Approved	Platelet Aggregation Inhibitors	0.01854816079548251
CYP2C9	AVATROMBOPAG	Approved	""	0.03444658433446752
CYP2C9	PROCHLORPERAZINE	Approved	antiemetic,antimigraine agent	0.008611646083616881
CYP2C9	GABAPENTIN	Approved	analgesic,for treatment of neuropathic pain	0.003014076129265908
CYP2C9	ISRADIPINE	Approved	Antihypertensive Agents; Vasodilator Agents	0.01004692043088636
CYP2C9	GLABRANIN	Not Approved	""	0.04018768172354544
CYP2C9	RANITIDINE HYDROCHLORIDE	Approved	antiulcer agent	0.01507038064632954
CYP2C9	ZIDOVUDINE	Approved	""	0.0178611918771313
CYP2C9	ANIRACETAM	Not Approved	""	0.01339589390784848
CYP2C9	IBUPROFEN, SODIUM SALT	Approved	NSAID	0.006182720265160837
CYP2C9	GENTAMICIN	Approved	""	0.0104837430583162
CYP2C9	DACARBAZINE	Approved	Antineoplastic Agents	0.01607507268941817
CYP2C9	CP-339818	Not Approved	""	0.03014076129265908
CYP2C9	DILTIAZEM HYDROCHLORIDE	Approved	antihypertensive agent	0.01507038064632954
CYP2C9	SIMVASTATIN	Approved	antidyslipidaemic agent,anticholesterolaemic agent,antihypertensive agent	0.004822521806825452
CYP2C9	OXOTREMORINE	Not Approved	""	0.01722329216723376
CYP2C9	SILVER SULFADIAZINE	Approved	""	0.01507038064632954
CYP2C9	GLYBURIDE	Approved	Hypoglycemic Agents,antidiabetic	0.004157346385194356
CYP2C9	CHEMBL:CHEMBL225513	Not Approved	""	0.01507038064632954
CYP2C9	[3H]GABAZINE	Not Approved	""	0.01339589390784848
CYP2C9	AM404	Not Approved	""	0.01722329216723376
CYP2C9	CHEMBL:CHEMBL311489	Not Approved	""	0.06028152258531816
CYP2C9	CHEMBL:CHEMBL530733	Not Approved	""	0.01722329216723376
CYP2C9	TARENFLURBIL	Not Approved	""	0.01004692043088636
CYP2C9	ETHACRYNIC ACID	Approved	Antihypertensive Agents; Diuretics	0.00753519032316477
CYP2C9	ERYTHROMYCIN	Approved	""	0.0104837430583162
CYP2C9	AMSACRINE	Approved	""	0.01607507268941817
CYP2C9	SULFASALAZINE	Approved	DMARD,antiinflammatory agent	0.01004692043088636
CYP2C9	NIMESULIDE	Not Approved	""	0.01722329216723376
CYP2C9	PURVALANOLA	Not Approved	""	0.02009384086177272
CYP2C9	PD-98059	Not Approved	""	0.003258460680287468
CYP2C9	HEXESTROL	Not Approved	""	0.02009384086177272
CYP2C9	HESPERETIN	Approved	""	0.01339589390784848
CYP2C9	RIMCAZOLE	Not Approved	antineoplastic agent	0.02009384086177272
CYP2C9	ISONIAZID	Approved	""	0.02679178781569696
CYP2C9	SULPIRIDE	Approved	Second-Generation; Antipsychotic Agents,Antidepressive Agents	0.01722329216723376
CYP2C9	NABUMETONE	Approved	Non-Steroidal,Anti-Inflammatory Agents	0.01507038064632954
CYP2C9	DRONABINOL	Approved	Antiemetics,for treatment of restlegs legs syndrome,neuropathic pain,analgesic,appetite stimulant	0.01418388766713368
CYP2C9	QUINIDINE	Approved	Anti-Arrhythmia Agents	0.01808445677559544
CYP2C9	ASPIRIN	Approved	NSAID	0.002709281913946884
CYP2C9	(-)-USNIC ACID	Not Approved	""	0.1205630451706363
CYP2C9	METHYLHOMATROPINE	Approved	Antimuscarinics,GI Anti-Ulcer Agents	0.02679178781569696
CYP2C9	FLUTAMIDE	Approved	Hormonal,Antineoplastic Agents	0.01205630451706363
CYP2C9	CHEMBL:CHEMBL1548739	Not Approved	""	0.06028152258531816
CYP2C9	BW373U86	Not Approved	""	0.02009384086177272
CYP2C9	FAMPROFAZONE	Not Approved	""	0.06028152258531816
CYP2C9	TENOXICAM	Not Approved	NSAID	0.07233782710238179
CYP2C9	NOSCAPINE	Not Approved	antineoplastic agent	0.03014076129265908
CYP2C9	QUERCETIN	Approved	""	0.001526114495830839
CYP2C9	BECLOMETHASONE	Approved	glucocorticoid,antiinflammatory agent	0.02009384086177272
CYP2C9	ACECLOFENAC	Approved	""	0.1205630451706363
CYP2C9	E324	Not Approved	""	0.009274080397741257
CYP2C9	SOTALOL	Approved	Anti-Arrhythmia Agents	0.01722329216723376
CYP2C9	ROSIGLITAZONE	Approved	for treatment of Alzheimer's disease,antidiabetic	0.005480138416847106
CYP2C9	CHEMBL:CHEMBL587849	Not Approved	""	0.01205630451706363
CYP2C9	SB 204741	Not Approved	""	0.01004692043088636
CYP2C9	TIRATRICOL	Not Approved	""	0.02009384086177272
CYP2C9	HYDROXYZINE	Approved	Antipruritics; Anxiolytics sedatives and hypnotics	0.02679178781569696
CYP2C9	N- (9-FLUORENYLMETHOXYCARBONYL)-L-LEUCINE	Not Approved	""	0.06028152258531816
CYP2C9	4-CHLOROMERCURIBENZOIC ACID	Not Approved	""	0.004305823041808441
CYP2C9	CHEMBL:CHEMBL584854	Not Approved	""	0.06028152258531816
CYP2C9	CHEMBL:CHEMBL547407	Not Approved	""	0.06028152258531816
CYP2C9	MESTRANOL	Approved	Oral,Contraceptives	0.02679178781569696
CYP2C9	FERROUS SULFATE	Approved	""	0.06028152258531816
CYP2C9	CLOPIDOGREL	Approved	antithrombotic,antiplatelet agent	0.003444658433446752
CYP2C9	FENTICLOR	Not Approved	""	0.006345423430033491
CYP2C9	MIDODRINE	Approved	Antihypotensive Agents; Vasoconstrictor Agents	0.03014076129265908
CYP2C9	CHEMBL:CHEMBL242172	Not Approved	""	0.03014076129265908
CYP2C9	DANAZOL	Approved	Antineoplastic Agent,Antiendometriosis Agent	0.01507038064632954
CYP2C9	DIDANOSINE	Approved	""	0.01722329216723376
CYP2C9	AZTREONAM	Approved	""	0.04018768172354544
CYP2C9	CHEMBL:CHEMBL29197	Not Approved	""	0.01507038064632954
CYP2C9	EBSELEN	Not Approved	""	0.003444658433446752
CYP2C9	CIPROFLOXACIN	Approved	""	0.02192055366738842
CYP2C9	CAPSAZEPINE	Not Approved	""	0.005480138416847106
CYP2C9	NPPB	Not Approved	""	0.01507038064632954
CYP2C9	DIHYDROCAPSAICIN	Not Approved	""	0.03014076129265908
CYP2C9	CHEMBL:CHEMBL253786	Not Approved	""	0.06028152258531816
CYP2C9	VANIPREVIR	Not Approved	""	0.06028152258531816
CYP2C9	CHEMBL:CHEMBL238624	Not Approved	""	0.02009384086177272
CYP2C9	LINOPIRDINE	Not Approved	""	0.01722329216723376
CYP2C9	CHEMBL:CHEMBL552439	Not Approved	""	0.04018768172354544
CYP2C9	BUTORPHANOL	Approved	Opioid,Analgesics	0.02679178781569696
CYP2C9	FLOXURIDINE	Approved	antineoplastic agent	0.01722329216723376
CYP2C9	INDINAVIR	Not Approved	""	0.02411260903412726
CYP2C9	METYROSINE	Approved	Catecholamine synthesis inhibitors	0.01854816079548251
CYP2C9	MITOMYCIN	Approved	""	0.01004692043088636
CYP2C9	GW282974X	Not Approved	""	0.01507038064632954
CYP2C9	PRASUGREL	Approved	antithrombotic	0.02009384086177272
CYP2C9	CHEMBL:CHEMBL242171	Not Approved	""	0.01205630451706363
CYP2C9	BUTYLATED HYDROXYTOLUENE	Approved	""	0.02679178781569696
CYP2C9	SB 224289	Not Approved	""	0.01004692043088636
CYP2C9	ZAPA	Not Approved	""	0.01722329216723376
CYP2C9	LIOTHYRONINE	Approved	Hormone Replacement Agents	0.007306851222462807
CYP2C9	TETRACYCLINE	Approved	""	0.01339589390784848
CYP2C9	CHEMBL:CHEMBL1420370	Not Approved	""	0.01722329216723376
CYP2C9	CHEMBL:CHEMBL546597	Not Approved	""	0.01507038064632954
CYP2C9	ANTICONVULSANT AGENT	Not Approved	""	0.01607507268941817
CYP2C9	PROPYLTHIOURACIL	Approved	Antithyroid Agents	0.01205630451706363
CYP2C9	MECAMYLAMINE	Approved	for treatment of ADHD,motilitant	0.02009384086177272
CYP2C9	DIETHYLSTILBESTROL	Approved	Hormone Replacement Agents	0.007306851222462807
CYP2C9	CHEMBL:CHEMBL471225	Not Approved	""	0.02411260903412726
CYP2C9	CYTARABINE	Approved	antineoplastic agent	0.003014076129265908
CYP2C9	2-CHLORO-5-NITRO-N-PHENYLBENZAMIDE	Not Approved	""	0.01507038064632954
CYP2C9	CHEMBL:CHEMBL244707	Not Approved	""	0.01096027683369421
CYP2C9	[3H]GBR12935	Not Approved	""	0.01722329216723376
CYP2C9	CHEMBL:CHEMBL472656	Not Approved	""	0.03014076129265908
CYP2C9	PHENYLBUTAZONE	Approved	NSAID	0.01722329216723376
CYP2C9	ENOXOLONE	Not Approved	""	0.02411260903412726
CYP2C9	PAREGORIC	Approved	analgesic	0.00262093576457905
CYP2C9	PROPOFOL	Approved	sedative	0.00777826097875073
CYP2C9	AMITRIPTYLINE HYDROCHLORIDE	Approved	analgesic	0.005358357563139392
CYP2C9	SB-408124	Not Approved	""	0.01507038064632954
CYP2C9	CHEMBL:CHEMBL421215	Not Approved	""	0.01339589390784848
CYP2C9	CHLORPROMAZINE	Approved	""	0.006516921360574936
CYP2C9	DOXORUBICIN HYDROCHLORIDE	Approved	antineoplastic agent	0.001629230340143734
CYP2C9	LEUPROLIDE ACETATE	Approved	for treatment of Alzheimer's disease,for treatment of endometriosis,antineoplastic agent	0.02411260903412726
CYP2C9	MONTELUKAST SODIUM	Approved	antiasthmatic agent	0.01096027683369421
CYP2C9	METARAMINOL	Approved	Antihypotensive Agents; Vasoconstrictor Agents	0.03444658433446752
CYP2C9	DUP-697	Not Approved	""	0.04018768172354544
CYP2C9	TAMOXIFEN	Approved	Hormonal,Antineoplastic Agents	0.003709632159096502
CYP2C9	PSORA-4	Not Approved	""	0.01722329216723376
CYP2C9	RS67506	Not Approved	""	0.03014076129265908
CYP2C9	CLOTRIMAZOLE	Approved	""	0.006516921360574936
CYP2C9	CROMOGLYCATE	Approved	Anti-Asthmatic Agents	0.03014076129265908
CYP2C9	FENOFIBRATE MICRONIZED	Approved	anticholesterolaemic agent,antidyslipidaemic agent	0.009274080397741257
CYP2C9	CHEMBL:CHEMBL120806	Not Approved	""	0.02411260903412726
CYP2C9	OSPEMIFENE	Approved	for treatment of postmenopausal vaginal atrophy	0.04822521806825453
CYP2C9	FLUVOXAMINE	Approved	antidepressant	0.01854816079548251
CYP2C9	ALPROSTADIL	Approved	for treatment of sexual dysfunction in women,for treatment of erectile dysfunction	0.0104837430583162
CYP2C9	ASARININ	Not Approved	""	0.04018768172354544
CYP2C9	NEOSTIGMINE BROMIDE	Not Approved	""	0.04822521806825453
CYP2C9	KAEMPHEROL	Not Approved	""	0.00669794695392424
CYP2C9	CHEMBL:CHEMBL429095	Not Approved	""	0.002411260903412726
CYP2C9	SB 222200	Not Approved	""	0.01722329216723376
CYP2C9	CLOZAPINE	Approved	Antipsychotic Agents	0.002485835982899718
CYP2C9	SULINDAC	Approved	NSAID	0.01148219477815584
CYP2C9	3,4-DICHLOROISOCOUMARIN	Not Approved	""	0.008037536344709089
CYP2C9	CARBIMAZOLE	Approved	Antithyroid Agents	0.04018768172354544
CYP2C9	CHEMBL:CHEMBL80155	Not Approved	""	0.01205630451706363
CYP2C9	KETOROLAC TROMETHAMINE	Approved	antimigraine agent,NSAID	0.03014076129265908
CYP2C9	3,6-DIMETHOXYFLAVONE	Not Approved	""	0.03014076129265908
CYP2C9	COMPOUND 9 [PMID: 1738140]	Not Approved	""	0.1205630451706363
CYP2C9	TRETINOIN	Approved	for treatment of acne	0.002649737256497501
CYP2C9	WIN55212-2	Not Approved	""	0.00574109738907792
CYP2C9	DL-TBOA	Not Approved	""	0.01507038064632954
CYP2C9	PHLORETIN	Approved	""	0.00753519032316477
CYP2C9	CHEMBL:CHEMBL515505	Not Approved	""	0.005241871529158101
CYP2C9	CLARITHROMYCIN	Approved	""	0.01418388766713368
CYP2C9	AM281	Not Approved	""	0.04018768172354544
CYP2C9	PRIMIDONE	Approved	Anticonvulsants	0.006889316866893504
CYP2C9	RIFAMPIN	Approved	""	0.008611646083616881
CYP2C9	LORATADINE	Approved	antiasthmatic agent	0.006345423430033491
CYP2C9	AMOXICILLIN ANHYDROUS	Approved	""	0.01269084686006698
CYP2C9	FISETIN	Not Approved	""	0.009274080397741257
CYP2C9	CHEMBL:CHEMBL145725	Not Approved	""	0.03014076129265908
CYP2C9	CEFTRIAXONE	Approved	""	0.02192055366738842
CYP2C9	PROPRANOLOL HYDROCHLORIDE	Approved	for treatment of cancer cachexia	0.01004692043088636
CYP2C9	PIROXICAM-BETA-CYCLODEXTRIN	Approved	NSAID,antiinflammatory agent	0.02782224119322377
CYP2C9	PYRILAMINE	Approved	""	0.03014076129265908
CYP2C9	LUMIRACOXIB	Approved	NSAID	0.02009384086177272
CYP2C9	PYRIDOSTIGMINE	Approved	Antimyasthenics	0.03014076129265908
CYP2C9	METHOCARBAMOL	Approved	""	0.04018768172354544
CYP2C9	PF-03715455	Not Approved	""	0.04018768172354544
CYP2C9	PHENYTOIN SODIUM	Approved	Anticonvulsants	0.00861164608361688
CYP2C9	BRIVARACETAM	Approved	anticonvulsant	0.04018768172354544
CYP2C9	TRIMIPRAMINE	Approved	Tricyclic,Antidepressive Agents	0.007306851222462807
CYP2C9	CHEMBL:CHEMBL1342336	Not Approved	""	0.01507038064632954
CYP2C9	PSEUDOEPHEDRINE	Approved	antiallergy agent	0.007091943833566842
CYP2C9	NS1619	Not Approved	""	0.02411260903412726
CYP2C9	CHEMBL:CHEMBL362223	Not Approved	""	0.02411260903412726
CYP2C9	ETOPOSIDE	Approved	Antineoplastic Agents	0.004157346385194356
CYP2C9	FLUCONAZOLE	Approved	""	0.04822521806825453
CYP2C9	SPERMIDINE	Not Approved	""	0.02411260903412726
CYP2C9	CHEMBL:CHEMBL512832	Not Approved	""	0.06028152258531816
CYP2C9	MERCAPTOPURINE	Approved	Antineoplastic Agents	0.005358357563139392
CYP2C9	REMOXIPRIDE	Approved	Antipsychotic Agents	0.04018768172354544
CYP2C9	(R)-NITRENDIPINE	Not Approved	""	0.03014076129265908
CYP2C9	NEVIRAPINE	Approved	""	0.01644041525054131
CYP2C9	CLEMASTINE	Approved	Anti-Allergic Agents	0.02411260903412726
CYP2C9	SORAFENIB	Approved	antineoplastic agent	0.00209674861166324
CYP2C9	OXYMORPHONE	Approved	analgesic	0.01096027683369421
CYP2C9	PSORALEN	Not Approved	""	0.01722329216723376
CYP2C9	MODAFINIL	Approved	central nervous system stimulant	0.02679178781569696
CYP2C9	PREDNISONE	Approved	corticosteroid,antiinflammatory agent	0.005358357563139392
CYP2C9	DIPYRIDAMOLE	Approved	antithrombotic,anticoagulant	0.00215291152090422
CYP2C9	CHEMBL:CHEMBL272005	Not Approved	""	0.04018768172354544
CYP2C9	ARCTIGENIN	Not Approved	""	0.06028152258531816
CYP2C9	DOCEBENONE	Not Approved	""	0.00753519032316477
CYP2C9	LAPACHONE	Not Approved	""	0.004637040198870628
CYP2C9	LOVASTATIN	Approved	anticholesterolaemic agent	0.006182720265160837
CYP2C9	CHEMBL:CHEMBL2094549	Not Approved	""	0.03014076129265908
CYP2C9	3-AMINOBENZAMIDE	Not Approved	""	0.06028152258531816
CYP2C9	CHEMBL:CHEMBL1374610	Not Approved	""	0.06028152258531816
CYP2C9	CHEMBL:CHEMBL592561	Not Approved	""	0.04018768172354544
CYP2C9	L-733,060	Not Approved	""	0.01507038064632954
CYP2C9	HYDROMORPHONE HYDROCHLORIDE	Approved	analgesic	0.009274080397741257
CYP2C9	RESOKAEMPFEROL	Not Approved	""	0.04018768172354544
CYP2C9	CHEMBL:CHEMBL1214274	Not Approved	""	0.01722329216723376
CYP2C9	CARMUSTINE	Approved	antineoplastic agent	0.02192055366738842
CYP2C9	LAMOTRIGINE	Approved	anticonvulsant	0.01096027683369421
CYP2C9	DYCLONINE	Approved	Local,Anesthetics	0.01339589390784848
CYP2C9	ARASERTACONAZOLE	Not Approved	""	0.02411260903412726
CYP2C9	HYDRALAZINE	Approved	antihypertensive agent	0.01205630451706363
CYP2C9	GW1929	Not Approved	""	0.01339589390784848
CYP2C9	CHEMBL:CHEMBL584860	Not Approved	""	0.04018768172354544
CYP2C9	CHEMBL:CHEMBL595227	Not Approved	""	0.01205630451706363
CYP2C9	NIACIN	Approved	substance abuse deterrant,antidyslipidaemic agent	0.01722329216723376
CYP2C9	3,5-DINITROCATECHOL (OR-486)	Not Approved	""	0.02411260903412726
CYP2C9	AM251	Not Approved	""	0.01507038064632954
CYP2C9	(S)-FELODIPINE	Not Approved	""	0.03014076129265908
CYP2C9	MYRICETIN	Not Approved	""	0.003014076129265908
CYP2C9	CAFFEINE	Approved	Central Nervous System Stimulants	0.006516921360574936
CYP2C9	6-CL-MLT	Not Approved	""	0.01722329216723376
CYP2C9	GR 127935	Not Approved	""	0.004157346385194356
CYP2C9	TPCK	Not Approved	""	0.00669794695392424
CYP2C9	LORNOXICAM	Approved	""	0.1205630451706363
CYP2C9	17-OCTADECYNOIC ACID	Not Approved	""	0.02411260903412726
CYP2C9	GALANGIN	Not Approved	""	0.01507038064632954
CYP2C9	NIGULDIPINE	Not Approved	""	0.01507038064632954
CYP2C9	CHEMBL:CHEMBL1269022	Not Approved	""	0.02411260903412726
CYP2C9	SB202190	Not Approved	""	0.00334897347696212
CYP2C9	AZITHROMYCIN ANHYDROUS	Approved	""	0.01722329216723376
CYP2C9	{4-[3-(4-ACETYL-3-HYDROXY-2-PROPYLPHENOXY)PROPOXY]PHENOXY}ACETIC ACID	Not Approved	""	0.01722329216723376
CYP2C9	PAPAVERINE	Approved	Antispasmodics; Anti-impotence Agents; Vasodilator Agents	0.00669794695392424
CYP2C9	CLOBENPROPIT	Not Approved	""	0.01339589390784848
CYP2C9	DEXPROPRANOLOL	Not Approved	""	0.02411260903412726
CYP2C9	CHEMBL:CHEMBL362863	Not Approved	""	0.02411260903412726
CYP2C9	AJMALICINE	Approved	""	0.009274080397741257
CYP2C9	NILUTAMIDE	Approved	Antineoplastic Agents	0.02411260903412726
CYP2C9	FENTANYL CITRATE	Approved	adjuvant to anesthesia,opioid,analgesic	0.004018768172354544
CYP2C9	THIOPERAMIDE	Not Approved	""	0.01507038064632954
CYP2C9	RO 04-6790	Not Approved	""	0.04018768172354544
CYP2C9	MEPIVACAINE HYDROCHLORIDE	Approved	anestethic	0.01507038064632954
CYP2C9	GLIQUIDONE	Not Approved	""	0.03444658433446752
CYP2C9	RO19-4603	Not Approved	""	0.01507038064632954
CYP2C9	L-732,138	Not Approved	""	0.02411260903412726
CYP2C9	IPRONIAZID	Approved	""	0.03444658433446752
CYP2C9	CYCLOSPORINE	Approved	immunosuppressant,opthalmological agent	0.002771564256796237
CYP2C9	PYRAZINAMIDE	Approved	""	0.01854816079548251
CYP2C9	ESTRADIOL VALERATE	Approved	for treatment of menopausal symptoms,contraceptive,treatment for menopause,hormone replacement	0.005130342347686652
CYP2C9	CLONIDINE HYDROCHLORIDE	Approved	antimucositic,for treatment of ADHD,for treatment of diabetic neuropathy	0.009274080397741257
CYP2C9	TERAZOSIN	Approved	Antineoplastic Agents; antihypertensive agents	0.01854816079548251
CYP2C9	PROGESTERONE	Approved	for reducing the risk of pre-term birth for women with short cervix a mid-pregnancy,for prevention of preterm delivery,for symptomatic treatment of menopausal symptoms,neuroprotectant for stroke victims	0.004086882887140215
CYP2C9	FINASTERIDE	Approved	antineoplastic agent	0.01722329216723376
CYP2C9	HYDROCODONE	Approved	analgesic	0.00753519032316477
CYP2C9	GS39783	Not Approved	""	0.04018768172354544
CYP2C9	BMS-182874	Not Approved	""	0.04018768172354544
CYP2C9	DEXTROTHYROXINE	Approved	""	0.03014076129265908
CYP2C9	(S)-NITRENDIPINE	Not Approved	""	0.04018768172354544
CYP2C9	DIPHENYLENEIODONIUM	Not Approved	""	0.01507038064632954
CYP2C9	BAICALEIN	Not Approved	""	0.004822521806825452
CYP2C9	OXYCODONE	Approved	analgesic	0.009274080397741257
CYP2C9	METHOTREXATE	Approved	DMARD	0.002192055366738842
CYP2C9	CHEMBL:CHEMBL242385	Not Approved	""	0.04018768172354544
CYP2C9	SIPONIMOD	Approved	""	0.08037536344709088
CYP2C9	DISULFIRAM	Approved	Alcohol Deterrents	0.002803791748154333
CYP2C9	BUDESONIDE	Approved	glucocorticoid,antiinflammatory agent	0.01854816079548251
CYP2C9	CITALOPRAM	Approved	antidepressant,Second-Generation,Antidepressive Agents	0.003444658433446752
CYP2C9	TELENZEPINE	Not Approved	""	0.02411260903412726
CYP2C9	ERDAFITINIB	Approved	""	0.01854816079548251
CYP2C9	KETOCONAZOLE	Approved	""	0.01096027683369421
CYP2C9	N-OLEOYLDOPAMINE	Not Approved	""	0.00669794695392424
UMOD	RECOMBINANT LYMPHOKINE	Not Approved	""	4.97179033894148
UMOD	CYCLOSPORINE	Approved	immunosuppressant,opthalmological agent	0.4000291077309236
UMOD	VITAMIN A	Approved	""	1.288982680466309
SPP1	IMMUNOSUPPRESSANT	Not Approved	""	0.3866948041398928
SPP1	CALCITONIN	Approved	antiosteoporotic agent	1.160084412419678
SPP1	GENTAMICIN	Approved	""	0.3026307162833944
SPP1	CHONDROITIN SULFATES	Approved	""	0.7733896082797856
SPP1	TETRADECANOYLPHORBOL ACETATE	Not Approved	""	0.1513153581416972
SPP1	ALTEPLASE	Approved	Thrombolytic agent	0.3314526892627653
SPP1	ZOLEDRONIC ACID ANHYDROUS	Approved	antiosteoporotic agent	0.4640337649678714
SPP1	ANHYDROUS TACROLIMUS	Approved	immunosuppressant	0.2485895169470739
SPP1	SODIUM BUTYRATE	Not Approved	""	0.4971790338941479
SPP1	PROTEIN PHOSPHATASE INHIBITOR	Not Approved	""	1.392101294903614
SPP1	TRETINOIN	Approved	for treatment of acne	0.07648908213756121
SPP1	PAMIDRONATE	Approved	Bisphosphonates	0.6327733158652792
SPP1	ASK-8007	Not Approved	""	3.480253237259035
SPP1	WORTMANNIN	Not Approved	""	0.2485895169470739
SPP1	TYROSINE KINASE INHIBITOR	Not Approved	""	0.2677117874814643
IDH1	CANDIDIN	Not Approved	""	0.06335412446466691
IDH1	CHEMBL:CHEMBL530280	Not Approved	""	0.0211180414882223
IDH1	TUBERCIDIN	Not Approved	""	0.03167706223233346
IDH1	CHEMBL:CHEMBL482050	Not Approved	""	0.01055902074411115
IDH1	CETUXIMAB	Approved	antineoplastic agent	0.003424547268360373
IDH1	N-OLEOYLDOPAMINE	Not Approved	""	0.007039347162740767
IDH1	CHEMBL:CHEMBL600353	Not Approved	""	0.06335412446466691
IDH1	CHEMBL:CHEMBL1257013	Not Approved	""	0.1267082489293338
IDH1	PROTRIPTYLINE HYDROCHLORIDE	Approved	""	0.04223608297644461
IDH1	CHEMBL:CHEMBL538798	Not Approved	""	0.01267082489293338
IDH1	DABRAFENIB	Approved	antineoplastic agent	0.00938579621698769
IDH1	WIN55212-2	Not Approved	""	0.006033726139492086
IDH1	CHEMBL:CHEMBL581225	Not Approved	""	0.01583853111616673
IDH1	CHEMBL:CHEMBL583558	Not Approved	""	0.0211180414882223
IDH1	VANDETANIB	Approved	antineoplastic agent	0.004369249963080476
IDH1	REV-5901	Not Approved	""	0.03167706223233346
IDH1	MITOXANTRONE HYDROCHLORIDE	Approved	""	0.003959632779041682
IDH1	BROXYQUINOLINE	Not Approved	""	0.02534164978586676
IDH1	CHEMBL:CHEMBL1437888	Not Approved	""	0.02534164978586676
IDH1	CALANOLIDE A	Not Approved	""	0.04223608297644461
IDH1	CHEMBL:CHEMBL1490332	Not Approved	""	0.01810117841847626
IDH1	CHEMBL:CHEMBL578294	Not Approved	""	0.0211180414882223
IDH1	PIPERLONGUMINE	Not Approved	""	0.01407869432548153
IDH1	CHEMBL:CHEMBL191611	Not Approved	""	0.04223608297644461
IDH1	CHEMBL:CHEMBL596633	Not Approved	""	0.01151893172084853
IDH1	CHEMBL:CHEMBL1889303	Not Approved	""	0.03167706223233346
IDH1	ELIMUSERTIB	Not Approved	""	0.08447216595288921
IDH1	CHEMBL:CHEMBL580918	Not Approved	""	0.03167706223233346
IDH1	CHEMBL:CHEMBL515505	Not Approved	""	0.005509054301275384
IDH1	CETYLPYRIDINIUM BROMIDE	Not Approved	""	0.009746788379179526
IDH1	MICHLER'S KETONE	Not Approved	""	0.01407869432548153
IDH1	CHEMBL:CHEMBL591178	Not Approved	""	0.04223608297644461
IDH1	2,4-DIACETYLPHLOROGLUCINOL	Not Approved	""	0.04223608297644461
IDH1	PIMOZIDE	Approved	Antidyskinetics; Antipsychotic Agents	0.003726713203803935
IDH1	CHEMBL:CHEMBL580609	Not Approved	""	0.06335412446466691
IDH1	LOVASTATIN	Approved	anticholesterolaemic agent	0.003248929459726508
IDH1	MOMETASONE	Approved	glucocorticoid,antiinflammatory agent	0.01407869432548153
IDH1	CHEMBL:CHEMBL268584	Not Approved	""	0.1267082489293338
IDH1	OLUTASIDENIB	Approved	""	0.2534164978586676
IDH1	9-AMINOCAMPTOTHECIN	Not Approved	""	0.01151893172084853
IDH1	IVOSIDENIB	Approved	""	1.055902074411115
IDH1	DIGOXIN	Approved	Anti-Arrhythmia Agents; Cardiotonic Agents	0.003726713203803935
IDH1	TENONITROZOLE	Not Approved	""	0.03167706223233346
IDH1	DEOXYVASICINONE	Not Approved	""	0.01151893172084853
IDH1	ENASIDENIB MESYLATE	Approved	""	0.06335412446466691
IDH1	CHEMBL:CHEMBL1255944	Not Approved	""	0.01407869432548153
IDH1	NIFUROXAZIDE	Not Approved	""	0.0211180414882223
IDH1	CHEMBL:CHEMBL600773	Not Approved	""	0.1267082489293338
IDH1	TRIFLUPROMAZINE HYDROCHLORIDE	Approved	""	0.0211180414882223
IDH1	CARBOQUONE	Not Approved	""	0.04223608297644461
IDH1	LY3410738	Not Approved	""	0.06335412446466691
IDH1	VORINOSTAT	Approved	antineoplastic agent	0.004525294604619065
IDH1	CHEMBL:CHEMBL578719	Not Approved	""	0.03167706223233346
IDH1	CHEMBL:CHEMBL1520837	Not Approved	""	0.03167706223233346
IDH1	FLUSPIRILENE	Approved	Antipsychotic Agents	0.005759465860424265
IDH1	FLUPHENAZINE HYDROCHLORIDE	Approved	Antipsychotic Agents	0.005759465860424265
IDH1	BEPRIDIL	Approved	Anti-Arrhythmia Agents; Antihypertensive Agents	0.01055902074411115
IDH1	KINETIN RIBOSIDE	Not Approved	""	0.03167706223233346
IDH1	AGI-5198	Not Approved	""	0.2956525808351122
IDH1	CHEMBL:CHEMBL585656	Not Approved	""	0.01267082489293338
IDH1	AZATHIOPRINE	Approved	""	0.003334427603403521
IDH1	5-FLUOROURIDINE	Not Approved	""	0.02534164978586676
IDH1	CHEMBL:CHEMBL1459149	Not Approved	""	0.06335412446466691
IDH1	CHEMBL:CHEMBL538542	Not Approved	""	0.01583853111616673
IDH1	CHLORPROMAZINE	Approved	""	0.003424547268360373
IDH1	CHEMBL:CHEMBL19954	Not Approved	""	0.007039347162740767
IDH1	CHEMBL:CHEMBL530682	Not Approved	""	0.04223608297644461
IDH1	METHIOTHEPIN MESYLATE	Not Approved	""	0.0211180414882223
IDH1	DS-1001B	Not Approved	""	0.3801247467880014
IDH1	IDARUBICIN	Approved	Antineoplastic Agents	0.002639755186027788
IDH1	CHEMBL:CHEMBL609438	Not Approved	""	0.0211180414882223
IDH1	CHEMBL:CHEMBL581194	Not Approved	""	0.02534164978586676
IDH1	TEGASEROD MALEATE	Approved	""	0.0211180414882223
IDH1	VORASIDENIB	Approved	""	0.2217394356263341
IDH1	PARAROSANILINE	Not Approved	""	0.01151893172084853
IDH1	TRIFLUOPERAZINE HYDROCHLORIDE	Approved	""	0.01151893172084853
IDH1	SAFUSIDENIB	Not Approved	""	0.1267082489293338
IDH1	CHEMBL:CHEMBL598270	Not Approved	""	0.02534164978586676
IDH1	CHEMBL:CHEMBL408850	Not Approved	""	0.01151893172084853
IDH1	PROPIONYLPROMAZINE HYDROCHLORIDE	Not Approved	""	0.03167706223233346
IDH1	PYRITHIONE	Approved	""	0.01151893172084853
IDH1	TANNIC ACID	Approved	""	0.01267082489293338
IDH1	CHEMBL:CHEMBL487356	Not Approved	""	0.06335412446466691
IDH1	CHEMBL:CHEMBL601757	Not Approved	""	0.005279510372055576
IDH1	CHEMBL:CHEMBL494668	Not Approved	""	0.0211180414882223
IDH1	BREFELDIN A	Not Approved	""	0.01810117841847626
IDH1	IDH305	Not Approved	""	0.5068329957173353
IDH1	EUFLAVINE	Not Approved	""	0.007919265558083364
IDH1	FENRETINIDE	Approved	antineoplastic agent	0.004692898108493845
IDH1	CHEMBL:CHEMBL547101	Not Approved	""	0.06335412446466691
IDH1	METHYLENE BLUE ANHYDROUS	Approved	""	0.003424547268360373
IDH1	CHEMBL:CHEMBL532909	Not Approved	""	0.1267082489293338
IDH1	GALANTAMINE	Approved	for treatment of alzheimer's disease	0.01583853111616673
IDH1	CHEMBL:CHEMBL526952	Not Approved	""	0.06335412446466691
IDH1	METHIXENE HYDROCHLORIDE	Approved	""	0.03167706223233346
IDH1	NIRAPARIB	Approved	antineoplastic agent	0.02981370563043148
IDH1	TAZEMETOSTAT	Approved	""	0.03167706223233346
IDH1	CENTAUREIDIN	Not Approved	""	0.1267082489293338
IDH1	CHEMBL:CHEMBL121556	Not Approved	""	0.04223608297644461
IDH1	DURVALUMAB	Approved	""	0.01267082489293338
IDH1	SARACATINIB	Not Approved	""	0.01949357675835905
IDH1	CHEMBL:CHEMBL587849	Not Approved	""	0.01267082489293338
IDH1	CHEMBL:CHEMBL576208	Not Approved	""	0.01151893172084853
IDH1	LUXEPTINIB	Not Approved	""	0.03167706223233346
IDH1	FLOXURIDINE	Approved	antineoplastic agent	0.00905058920923813
IDH1	AMCINONIDE	Approved	topical,Anti-Inflammatory Agents; Anti-pruritics; Corticosteroids	0.01810117841847626
IDH1	CHALCONE	Not Approved	""	0.04223608297644461
IDH1	N-ACETYLCOLCHINOL	Not Approved	""	0.04223608297644461
IDH1	CHEMBL:CHEMBL597251	Not Approved	""	0.06335412446466691
IDH1	CHEMBL:CHEMBL1327172	Not Approved	""	0.01407869432548153
IDH1	CHEMBL:CHEMBL602718	Not Approved	""	0.01151893172084853
IDH1	GITOXIGENIN	Not Approved	""	0.03167706223233346
IDH1	GR 127935	Not Approved	""	0.004369249963080476
IDH1	CHEMBL:CHEMBL1451921	Not Approved	""	0.04223608297644461
IDH1	CHEMBL:CHEMBL548458	Not Approved	""	0.06335412446466691
IDH1	CHEMBL:CHEMBL530609	Not Approved	""	0.02534164978586676
IDH1	CHEMBL:CHEMBL405317	Not Approved	""	0.03167706223233346
IDH1	CHEMBL:CHEMBL582983	Not Approved	""	0.03167706223233346
IDH1	CHEMBL:CHEMBL607309	Not Approved	""	0.01407869432548153
IDH1	CHEMBL:CHEMBL523200	Not Approved	""	0.007453426407607871
IDH1	GITOXIN	Not Approved	""	0.04223608297644461
IDH1	BENZETHONIUM CHLORIDE	Approved	""	0.007919265558083364
IDH1	CHEMBL:CHEMBL582055	Not Approved	""	0.06335412446466691
IDH1	RALOXIFENE HYDROCHLORIDE	Approved	Hormone Replacement Agents	0.002534164978586676
IDH1	CHEMBL:CHEMBL598679	Not Approved	""	0.06335412446466691
IDH1	LASALOCID A SODIUM	Not Approved	""	0.01407869432548153
IDH1	FANCHININ	Not Approved	""	0.03167706223233346
IDH1	L-741,626	Not Approved	""	0.01151893172084853
IDH1	CHEMBL:CHEMBL602126	Not Approved	""	0.06335412446466691
IDH1	NEOCUPROINE	Not Approved	""	0.06335412446466691
IDH1	ISOLIQUIRITIGENIN	Not Approved	""	0.01055902074411115
IDH1	TALAZOPARIB	Approved	""	0.02262647302309532
IDH1	NIVOLUMAB	Approved	antineoplastic agent	0.009746788379179526
IDH1	TRICHOSTATIN A	Not Approved	""	0.01267082489293338
IDH1	CHEMBL:CHEMBL394883	Not Approved	""	0.04223608297644461
IDH1	PROTOAPIGENONE	Not Approved	""	0.00905058920923813
IDH1	CHEMBL:CHEMBL582030	Not Approved	""	0.04223608297644461
IDH1	ISOVELLERAL	Not Approved	""	0.007919265558083364
IDH1	DOXORUBICIN HYDROCHLORIDE	Approved	antineoplastic agent	0.0008561368170900934
IDH1	CHEMBL:CHEMBL1902074	Not Approved	""	0.0211180414882223
IDH1	CHEMBL:CHEMBL515617	Not Approved	""	0.02534164978586676
IDH1	CHEMBL:CHEMBL124006	Not Approved	""	0.01055902074411115
IDH1	MICONAZOLE NITRATE	Approved	""	0.007919265558083364
IDH1	QUESTIOMYCIN B	Not Approved	""	0.02534164978586676
IDH1	PYRIMETHAMINE	Approved	""	0.01151893172084853
IDH1	CHEMBL:CHEMBL598903	Not Approved	""	0.04223608297644461
IDH1	PANOBINOSTAT	Approved	antineoplastic agent	0.007919265558083364
IDH1	CHEMBL:CHEMBL533954	Not Approved	""	0.0211180414882223
IDH1	DIGITOXIGENIN	Not Approved	""	0.03167706223233346
IDH1	TAMOXIFEN	Approved	Hormonal,Antineoplastic Agents	0.001949357675835905
IDH1	ANISOCOUMARIN H	Not Approved	""	0.06335412446466691
IDH1	APOMORPHINE HYDROCHLORIDE HEMIHYDRATE	Not Approved	""	0.007039347162740767
IDH1	MOFEBUTAZONE	Not Approved	""	0.06335412446466691
IDH1	SB 228357	Not Approved	""	0.01810117841847626
IDH1	ANISOMYCIN	Not Approved	""	0.02534164978586676
IDH1	CHEMBL:CHEMBL601351	Not Approved	""	0.03167706223233346
IDH1	CHEMBL:CHEMBL601400	Not Approved	""	0.06335412446466691
IDH1	CHEMBL:CHEMBL596631	Not Approved	""	0.04223608297644461
IDH1	FENBENDAZOLE	Approved	""	0.03167706223233346
IDH1	AZELASTINE HYDROCHLORIDE	Approved	""	0.03167706223233346
IDH1	GERONTOXANTHONE H	Not Approved	""	0.0211180414882223
IDH1	THIOTHIXENE	Approved	""	0.0211180414882223
IDH1	MEVASTATIN	Not Approved	""	0.03167706223233346
IDH1	CHEMBL:CHEMBL548017	Not Approved	""	0.02534164978586676
IDH1	SALMETEROL XINAFOATE	Approved	""	0.01810117841847626
IDH1	SIMVASTATIN	Approved	antidyslipidaemic agent,anticholesterolaemic agent,antihypertensive agent	0.002534164978586676
IDH1	METFORMIN	Approved	antidiabetic	0.00618089019167482
IDH1	IODOQUINOL	Approved	""	0.01407869432548153
IDH1	QUINESTROL	Approved	Hormone Replacement Agents	0.02534164978586676
IDH1	CHEMBL:CHEMBL1312050	Not Approved	""	0.01583853111616673
IDH1	CHEMBL:CHEMBL84010	Not Approved	""	0.008447216595288921
IDH1	CHEMBL:CHEMBL604321	Not Approved	""	0.01407869432548153
IDH1	HEXACHLOROPHENE	Approved	""	0.00309044509583741
IDH1	CHEMBL:CHEMBL581152	Not Approved	""	0.0211180414882223
IDH1	CLOFOCTOL	Not Approved	""	0.0211180414882223
IDH1	AMCINAFIDE	Not Approved	""	0.04223608297644461
IDH1	CHEMBL:CHEMBL1420457	Not Approved	""	0.1267082489293338
IDH1	LEVOMEPROMAZINE MALEATE	Not Approved	""	0.1267082489293338
IDH1	CHEMBL:CHEMBL588038	Not Approved	""	0.01267082489293338
IDH1	PD173074	Not Approved	""	0.01583853111616673
IDH1	CISPLATIN	Approved	""	0.001723921754140596
IDH1	CHEMBL:CHEMBL587564	Not Approved	""	0.04223608297644461
IDH1	LYNGBYABELLIN A	Not Approved	""	0.06335412446466691
IDH1	DECYNIUM 22	Not Approved	""	0.005509054301275384
IDH1	CHEMBL:CHEMBL1343568	Not Approved	""	0.01810117841847626
IDH1	CHEMBL:CHEMBL530049	Not Approved	""	0.01407869432548153
IDH1	CHEMBL:CHEMBL1362503	Not Approved	""	0.01151893172084853
IDH1	2-CHLOROADENOSINE	Not Approved	""	0.01151893172084853
IDH1	CHEMBL:CHEMBL426	Not Approved	""	0.04223608297644461
IDH1	IMATINIB	Approved	antineoplastic agent	0.001759836790685191
IDH1	CHEMBL:CHEMBL1567571	Not Approved	""	0.008447216595288921
IDH1	PURPURIN	Not Approved	""	0.006033726139492086
IDH1	CHEMBL:CHEMBL546597	Not Approved	""	0.01583853111616673
IDH1	SCOULERINE	Not Approved	""	0.0211180414882223
IDH1	PROPACHLOR	Not Approved	""	0.01810117841847626
IDH1	VINBLASTINE SULFATE	Approved	""	0.00633541244646669
IDH1	ENASIDENIB	Approved	""	0.06335412446466691
IDH1	CHEMBL:CHEMBL586031	Not Approved	""	0.009746788379179526
IDH1	CHEMBL:CHEMBL584269	Not Approved	""	0.02534164978586676
IDH1	CHEMBL:CHEMBL600908	Not Approved	""	0.03167706223233346
IDH1	RUCAPARIB	Approved	""	0.01055902074411115
IDH1	PAMIPARIB	Not Approved	""	0.05430353525542879
IDH1	BAY1436032	Not Approved	""	0.6335412446466692
IDH1	CYTARABINE	Approved	antineoplastic agent	0.001583853111616672
IDH1	9,10-PHENANTHRENEQUINONE	Not Approved	""	0.004873394189589763
IDH1	CHEMBL:CHEMBL590919	Not Approved	""	0.04223608297644461
IDH1	CHEMBL:CHEMBL582675	Not Approved	""	0.04223608297644461
IDH1	CHEMBL:CHEMBL548615	Not Approved	""	0.0211180414882223
IDH1	CRENOLANIB	Not Approved	""	0.01689443319057784
IDH1	CHEMBL:CHEMBL589694	Not Approved	""	0.02534164978586676
IDH1	CHEMBL:CHEMBL600173	Not Approved	""	0.04223608297644461
IDH1	ESTRADIOL VALERATE	Approved	for treatment of menopausal symptoms,contraceptive,treatment for menopause,hormone replacement	0.002695920189985826
IDH1	CHEMBL:CHEMBL587579	Not Approved	""	0.06335412446466691
IDH1	PREGNENOLONE SULFATE SODIUM	Not Approved	""	0.1267082489293338
IDH1	CHEMBL:CHEMBL22062	Not Approved	""	0.01267082489293338
IDH1	DIPHYLLIN	Not Approved	""	0.03167706223233346
IDH1	DAUNORUBICIN HYDROCHLORIDE	Approved	""	0.003839643906949509
IDH1	POMIFERIN	Not Approved	""	0.01407869432548153
IDH1	CHEMBL:CHEMBL428064	Not Approved	""	0.01267082489293338
IDH1	CHEMBL:CHEMBL579957	Not Approved	""	0.04223608297644461
IDH1	LANATOSIDE C	Approved	""	0.008447216595288921
IDH1	DOLASTATIN 12	Not Approved	""	0.06335412446466691
IDH1	CHEMBL:CHEMBL388979	Not Approved	""	0.0211180414882223
IDH1	CUCURBITACIN B	Approved	""	0.0211180414882223
IDH1	CHEMBL:CHEMBL599102	Not Approved	""	0.06335412446466691
IDH1	1,10-PHENANTHROLINE	Not Approved	""	0.006033726139492086
IDH1	AFIMOXIFENE	Not Approved	""	0.00905058920923813
IDH1	CHEMBL:CHEMBL585591	Not Approved	""	0.005279510372055576
IDH1	CHEMBL:CHEMBL1317506	Not Approved	""	0.04223608297644461
IDH1	CHEMBL:CHEMBL578944	Not Approved	""	0.01151893172084853
IDH1	EPIRUBICIN HYDROCHLORIDE	Approved	""	0.01810117841847626
IDH1	CHEMBL:CHEMBL592124	Not Approved	""	0.004087362868688187
IDH1	ENNIATIN B	Not Approved	""	0.03167706223233346
IDH1	BERZOSERTIB	Not Approved	""	0.02815738865096307
IDH1	CHEMBL:CHEMBL95704	Not Approved	""	0.02534164978586676
IDH1	CHEMBL:CHEMBL532160	Not Approved	""	0.02534164978586676
IDH1	METHOTREXATE	Approved	DMARD	0.001151893172084853
IDH1	AURIN	Not Approved	""	0.01151893172084853
IDH1	ENCLOMIPHENE CITRATE	Not Approved	""	0.01583853111616673
IDH1	PYRONIN Y	Not Approved	""	0.007039347162740767
IDH1	CLIOXANIDE	Not Approved	""	0.01810117841847626
IDH1	CHEMBL:CHEMBL505670	Not Approved	""	0.003620235683695252
IDH1	TRICLABENDAZOLE	Approved	""	0.0211180414882223
IDH1	CHEMBL:CHEMBL606532	Not Approved	""	0.04223608297644461
IDH1	ISOCONAZOLE	Not Approved	""	0.02534164978586676
IDH1	4-CHLOROMERCURIBENZOIC ACID	Not Approved	""	0.004525294604619065
IDH1	CHEMBL:CHEMBL535307	Not Approved	""	0.02534164978586676
IDH1	OLAPARIB	Approved	""	0.02479074435573923
IDH1	CHEMBL:CHEMBL546493	Not Approved	""	0.02534164978586676
IDH1	MEBEVERINE HYDROCHLORIDE	Not Approved	""	0.06335412446466691
IDH1	CHEMBL:CHEMBL609027	Not Approved	""	0.06335412446466691
IDH1	CHEMBL:CHEMBL473721	Not Approved	""	0.01583853111616673
IDH1	MERCAPTOPURINE	Not Approved	""	0.04223608297644461
IDH1	CHEMBL:CHEMBL1939691	Not Approved	""	0.03167706223233346
IDH1	CHLORHEXIDINE GLUCONATE	Approved	""	0.006668855206807043
IDH1	PERHEXILINE MALEATE	Approved	""	0.01151893172084853
IDH1	CHEMBL:CHEMBL530291	Not Approved	""	0.01810117841847626
IDH1	CICLOPIROX OLAMINE	Approved	""	0.02534164978586676
IDH1	EBSELEN	Not Approved	""	0.003620235683695252
IDH1	WR-159412	Not Approved	""	0.1267082489293338
IDH1	CHEMBL:CHEMBL1079460	Not Approved	""	0.009746788379179526
IDH1	CHEMBL:CHEMBL353764	Not Approved	""	0.04223608297644461
IDH1	PROCHLORPERAZINE	Approved	antiemetic,antimigraine agent	0.004525294604619065
IDH1	CHEMBL:CHEMBL593211	Not Approved	""	0.04223608297644461
IDH1	MEFLOQUINE HYDROCHLORIDE	Approved	""	0.06335412446466691
IDH1	ELLIPTECINE	Not Approved	""	0.003959632779041682
IDH1	LOPERAMIDE	Approved	Antidiarrheals	0.01055902074411115
IDH1	CHEMBL:CHEMBL1420370	Not Approved	""	0.01810117841847626
IDH1	CHEMBL:CHEMBL599924	Not Approved	""	0.007919265558083364
IDH1	CHEMBL:CHEMBL578929	Not Approved	""	0.03167706223233346
IDH1	METAPHIT METHANESULFONATE	Not Approved	""	0.03167706223233346
IDH1	PAROXETINE HYDROCHLORIDE, HEMIHYDRATE	Approved	antidepressant	0.005068329957173353
IDH1	CHEMBL:CHEMBL410484	Not Approved	""	0.01583853111616673
IDH1	CHEMBL:CHEMBL146525	Not Approved	""	0.01810117841847626
IDH1	THONZONIUM BROMIDE	Approved	""	0.01407869432548153
IDH1	CHEMBL:CHEMBL1873045	Not Approved	""	0.06335412446466691
IDH1	AMSACRINE HYDROCHLORIDE	Not Approved	""	0.01267082489293338
IDH1	CHEMBL:CHEMBL525106	Not Approved	""	0.04223608297644461
IDH1	PEMBROLIZUMAB	Approved	""	0.007679287813899019
IDH1	ANGUSTIBALIN	Not Approved	""	0.01151893172084853
IDH1	MANGOSTIN	Not Approved	""	0.02534164978586676
IDH1	CHEMBL:CHEMBL1256995	Not Approved	""	0.04223608297644461
IDH1	OUABAIN	Not Approved	Cardiotonic Agents	0.01407869432548153
IDH1	PENTABROMOPHENOL	Not Approved	""	0.009746788379179526
IDH1	MAPROTILINE HYDROCHLORIDE	Approved	""	0.01810117841847626
IDH1	CHEMBL:CHEMBL579742	Not Approved	""	0.03167706223233346
IDH1	CHEMBL:CHEMBL1329349	Not Approved	""	0.06335412446466691
IDH1	CP55940	Not Approved	""	0.01267082489293338
IDH1	CHEMBL:CHEMBL1453126	Not Approved	""	0.01055902074411115
IDH1	CHEMBL:CHEMBL1537417	Not Approved	""	0.01407869432548153
IDH1	CHEMBL:CHEMBL1342336	Not Approved	""	0.01583853111616673
IDH1	THIMEROSAL	Approved	""	0.005509054301275384
IDH1	CHEMBL:CHEMBL581257	Not Approved	""	0.1267082489293338
IDH1	DASATINIB ANHYDROUS	Approved	antineoplastic agent	0.006668855206807043
IDH1	CHEMBL:CHEMBL528119	Not Approved	""	0.06335412446466691
IDH1	CHEMBL:CHEMBL2002487	Not Approved	""	0.01151893172084853
IDH1	CHEMBL:CHEMBL578502	Not Approved	""	0.01407869432548153
IDH1	CYCLOVALONE	Not Approved	""	0.01810117841847626
IDH1	CHEMBL:CHEMBL74644	Not Approved	""	0.1267082489293338
IDH1	TRIMEPRAZINE TARTRATE	Approved	""	0.04223608297644461
IDH1	FENTICLOR	Not Approved	""	0.006668855206807043
IDH1	CHEMBL:CHEMBL1565444	Not Approved	""	0.01810117841847626
IDH1	CHEMBL:CHEMBL600313	Not Approved	""	0.01407869432548153
IDH1	CHEMBL:CHEMBL527584	Not Approved	""	0.01055902074411115
IDH1	CHEMBL:CHEMBL580183	Not Approved	""	0.02534164978586676
IDH1	CHEMBL:CHEMBL602209	Not Approved	""	0.1267082489293338
IDH1	HALOFANTRINE HYDROCHLORIDE	Approved	""	0.04223608297644461
IDH1	CHEMBL:CHEMBL579640	Not Approved	""	0.1267082489293338
IDH1	SYROSINGOPINE	Not Approved	""	0.03167706223233346
IDH1	CHEMBL:CHEMBL598263	Not Approved	""	0.03167706223233346
IDH1	CHEMBL:CHEMBL1503729	Not Approved	""	0.01407869432548153
IDH1	CHEMBL:CHEMBL1431017	Not Approved	""	0.1267082489293338
IDH1	CAPSAZEPINE	Not Approved	""	0.005759465860424265
IDH1	TOLONIUM CHLORIDE	Not Approved	""	0.007039347162740767
IDH1	CHEMBL:CHEMBL591834	Not Approved	""	0.01810117841847626
IDH1	CHEMBL:CHEMBL536166	Not Approved	""	0.0211180414882223
IDH1	CHEMBL:CHEMBL584458	Not Approved	""	0.00905058920923813
IDH1	MERCAPTOPURINE	Approved	Antineoplastic Agents	0.002815738865096307
IDH1	CHEMBL:CHEMBL1256667	Not Approved	""	0.06335412446466691
IDH1	THIORIDAZINE	Approved	Antipsychotic Agents	0.004369249963080476
IDH1	LOMUSTINE	Approved	""	0.06335412446466691
IDH1	AMPEROZIDE HYDROCHLORIDE	Not Approved	""	0.04223608297644461
IDH1	CHEMBL:CHEMBL1256761	Not Approved	""	0.04223608297644461
IDH1	THIOPROPERAZINE MESYLATE	Not Approved	""	0.06335412446466691
IDH1	CHEMBL:CHEMBL1224755	Not Approved	""	0.01151893172084853
IDH1	CHEMBL:CHEMBL528694	Not Approved	""	0.00905058920923813
IDH1	LESCOL	Not Approved	""	0.06335412446466691
IDH1	CHEMBL:CHEMBL192626	Not Approved	""	0.03167706223233346
IDH1	PROROXAN HYDROCHLORIDE	Not Approved	""	0.01810117841847626
IDH1	TRIAMTERENE	Approved	Antihypertensive Agents; Diuretics	0.007039347162740767
IDH1	CEPHARANTHINE	Not Approved	""	0.03167706223233346
IDH1	TOPOTECAN HYDROCHLORIDE	Approved	antineoplastic agent	0.005279510372055576
IDH1	CHEMBL:CHEMBL589238	Not Approved	""	0.06335412446466691
IDH1	CEPHALOCHROMIN	Not Approved	""	0.006668855206807043
IDH1	CHEMBL:CHEMBL1257031	Not Approved	""	0.06335412446466691
IDH1	CINOBUFOTALIN	Not Approved	""	0.04223608297644461
IDH1	CHEMBL:CHEMBL600734	Not Approved	""	0.01151893172084853
IDH1	NICLOSAMIDE	Approved	""	0.004692898108493845
IDH1	CYCLOHEXIMIDE	Not Approved	""	0.001333771041361408
IDH1	NANAOMYCIN	Not Approved	""	0.009746788379179526
IDH1	6-AMINONICOTINAMIDE	Not Approved	""	0.02534164978586676
IDH1	CHEMBL:CHEMBL528647	Not Approved	""	0.06335412446466691
IDH1	CHEMBL:CHEMBL1466186	Not Approved	""	0.01583853111616673
IDH1	TYRPHOSTIN A9	Not Approved	""	0.005759465860424265
IDH1	SANGUINARIUM CHLORIDE	Not Approved	""	0.01583853111616673
IDH1	COLCHICEINE	Approved	""	0.03167706223233346
IDH1	NITROXOLINE	Not Approved	""	0.009746788379179526
IDH1	CHEMBL:CHEMBL592316	Not Approved	""	0.01810117841847626
IDH1	CHEMBL:CHEMBL598883	Not Approved	""	0.1267082489293338
IDH1	DIHYDROSPHINGOSINE	Not Approved	""	0.0211180414882223
IDH1	CHEMBL:CHEMBL486706	Not Approved	""	0.01583853111616673
IDH1	CHEMBL:CHEMBL260342	Not Approved	""	0.01583853111616673
IDH1	CHEMBL:CHEMBL536008	Not Approved	""	0.06335412446466691
IDH1	CHEMBL:CHEMBL590168	Not Approved	""	0.02534164978586676
IDH1	DICHLOROPHEN	Not Approved	""	0.007039347162740767
IDH1	CHEMBL:CHEMBL537045	Not Approved	""	0.06335412446466691
IDH1	CHEMBL:CHEMBL581868	Not Approved	""	0.04223608297644461
IDH1	CHEMBL:CHEMBL533602	Not Approved	""	0.01055902074411115
IDH1	THIOGUANOSINE	Not Approved	""	0.02534164978586676
IDH1	CHEMBL:CHEMBL1998001	Not Approved	""	0.02534164978586676
IDH1	CHEMBL:CHEMBL1529479	Not Approved	""	0.1267082489293338
IDH1	VENETOCLAX	Approved	""	0.04031626102296985
IDH1	STREPTONIGRIN	Not Approved	""	0.00633541244646669
IDH1	CHEMBL:CHEMBL1606	Not Approved	""	0.03167706223233346
IDH1	THIOGUANINE	Approved	""	0.003839643906949509
IDH1	CHEMBL:CHEMBL581574	Not Approved	""	0.01810117841847626
IDH1	(2S)-1-(1H-INDOL-3-YL)-3-{[5-(3-METHYL-1H-INDAZOL-5-YL)PYRIDIN-3-YL]OXY}PROPAN-2-AMINE	Not Approved	""	0.009746788379179526
IDH1	SERTRALINE HYDROCHLORIDE	Approved	for treatment of obsessive compulsive disorder (OCD),antidepressant	0.00633541244646669
IDH1	ASTEMIZOLE	Approved	Anti-Allergic Agents	0.007919265558083364
IDH1	CALMIDAZOLIUM CHLORIDE	Not Approved	""	0.00633541244646669
IDH1	VALPROIC ACID	Approved	Anticonvulsants,for treatment of basal cell carcinoma,anticonvulsant	0.004445903471204695
IDH1	SPHAEROPSIDIN A	Not Approved	""	0.06335412446466691
IDH1	CHEMBL:CHEMBL579318	Not Approved	""	0.01267082489293338
IDH1	KAMEBANIN	Not Approved	""	0.01583853111616673
IDH1	AZACITIDINE	Approved	antineoplastic agent	0.02217394356263341
IDH1	CHEMBL:CHEMBL530361	Not Approved	""	0.02534164978586676
IDH1	HELENALIN	Not Approved	""	0.007919265558083364
IDH1	PERUVOSIDE	Not Approved	""	0.04223608297644461
IDH1	CHEMBL:CHEMBL610622	Not Approved	""	0.1267082489293338
IDH1	MITONAFIDE	Not Approved	""	0.01583853111616673
IDH1	CALCIMYCIN	Not Approved	""	0.006668855206807043
IDH1	CERALASERTIB	Not Approved	""	0.04223608297644461
IDH1	ETHACRYNIC ACID	Approved	Antihypertensive Agents; Diuretics	0.007919265558083364
IDH1	CHEMBL:CHEMBL583584	Not Approved	""	0.06335412446466691
IDH1	RANOSIDENIB	Not Approved	""	0.06335412446466691
IDH1	CHEMBL:CHEMBL1530911	Not Approved	""	0.02534164978586676
IDH1	CHEMBL:CHEMBL1588679	Not Approved	""	0.02534164978586676
IDH1	BEVACIZUMAB	Approved	antineoplastic agent	0.00633541244646669
IDH1	TEMOZOLOMIDE	Approved	""	0.01206745227898417
IDH1	CHEMBL:CHEMBL578512	Not Approved	""	0.004369249963080476
IDH1	NORTRIPTYLINE HYDROCHLORIDE	Approved	""	0.0211180414882223
IDH1	CHEMBL:CHEMBL81782	Not Approved	""	0.01055902074411115
IDH1	DIGITOXIN	Approved	Anti-Arrhythmia Agents; Cardiotonic Agents	0.006668855206807043
IDH1	CHEMBL:CHEMBL1439833	Not Approved	""	0.03167706223233346
IDH1	CHEMBL:CHEMBL528791	Not Approved	""	0.02534164978586676
IDH1	CHEMBL:CHEMBL602776	Not Approved	""	0.02534164978586676
IDH1	CHEMBL:CHEMBL581872	Not Approved	""	0.01810117841847626
IDH1	2,6-DIMETHOXYQUINONE	Not Approved	""	0.01810117841847626
IDH1	VELIPARIB	Not Approved	""	0.02303786344169706
IDH1	BIX-01294	Not Approved	""	0.01583853111616673
IDH1	2-METHOXY-1,4-NAPHTHOQUINONE	Not Approved	""	0.01583853111616673
IDH1	STROPHANTHIDIN	Not Approved	""	0.0211180414882223
IDH1	ALEXIDINE HYDROCHLORIDE	Not Approved	""	0.007453426407607871
IDH1	TRAMETINIB DIMETHYL SULFOXIDE	Approved	antineoplastic agent	0.005391840379971652
IDH1	DIGOXIGENIN	Not Approved	""	0.03167706223233346
IDH1	CHLORPROMAZINE HYDROCHLORIDE	Approved	""	0.007453426407607871
IDH1	DECITABINE	Approved	antineoplastic agent	0.01055902074411115
IDH1	THIETHYLPERAZINE MALATE	Approved	""	0.01583853111616673
IDH1	HYCANTHONE	Not Approved	""	0.006668855206807043
IDH1	ASTERRIC ACID	Not Approved	""	0.007039347162740767
IDH1	DAUNORUBICIN LIPOSOMAL	Approved	antineoplastic agent	0.002784796679765578
IDH1	SAQUINAVIR	Approved	""	0.01407869432548153
GLUL	PF-06648671	Not Approved	""	1.864421377103054
GLUL	RG-4733	Not Approved	""	3.728842754206109
GLUL	GSI-136	Not Approved	for treatment of Alzheimer's disease	0.5326918220294442
GLUL	AVAGACESTAT	Not Approved	for treatment of alzheimer's disease	0.4661053442757636
GLUL	COMBRETASTATIN A4	Not Approved	""	3.728842754206109
GLUL	E-2212	Not Approved	""	3.728842754206109
GLUL	CHF-5074	Not Approved	""	1.864421377103054
GLUL	BEGACESTAT	Not Approved	""	0.4661053442757636
GLUL	TARENFLURBIL	Not Approved	""	0.3107368961838424
GLUL	E2012	Not Approved	for treatment of Alzheimer's disease	1.864421377103054
GLUL	MK-0752	Not Approved	""	0.7457685508412218
GLUL	SEMAGACESTAT	Not Approved	for treatment of Alzheimer's disease	0.4661053442757636
GLUL	NIROGACESTAT	Approved	""	0.2663459110147221
GLUL	TREBANANIB	Not Approved	""	0.6214737923676849
REN	MURAGLITAZAR	Not Approved	antidiabetic	1.740126618629517
REN	HYDROCHLOROTHIAZIDE	Approved	antihypertensive agent	0.2269730372125458
REN	IMARIKIREN HYDROCHLORIDE	Not Approved	""	10.4407597117771
REN	1.ALPHA.-HYDROXYVITAMIN D5	Not Approved	antineoplastic agent	2.610189927944276
REN	ALISKIREN FUMARATE	Approved	""	5.220379855888553
REN	TERLAKIREN	Not Approved	""	5.220379855888553
REN	SITOKIREN	Not Approved	""	2.610189927944276
REN	REMIKIREN	Not Approved	Antihypertensive Agents	15.66113956766565
REN	ALISKIREN	Approved	antihypertensive agent	5.220379855888553
REN	VTP-27999	Not Approved	antihypertensive agent	15.66113956766565
CD68	FUROSEMIDE	Approved	Antihypertensive Agents; Diuretics	0.966737010349732
CD68	BUMETANIDE	Approved	Antihypertensive Agents; Diuretics	0.966737010349732
CD68	PIRETANIDE	Not Approved	""	2.900211031049196
ALB	UROCORTIN 3	Not Approved	""	1.186449967247398
ALB	UROCORTIN 2	Not Approved	""	0.5932249836236992
ALB	[125I]ANTISAUVAGINE	Not Approved	""	1.186449967247398
ALB	SAUVAGINE	Not Approved	""	0.5932249836236992
ALB	UROCORTIN 1	Not Approved	""	0.5932249836236992
ALB	ANTISAUVAGINE	Not Approved	""	1.186449967247398
ALB	COCHINCHINENIN C	Not Approved	""	2.372899934494797
ALB	GADOFOSVESET TRISODIUM	Approved	""	1.186449967247398
ALB	CHEMBL:CHEMBL1945287	Not Approved	""	2.372899934494797
ALB	EPIGALLOCATECHIN	Not Approved	""	1.186449967247398
ALB	EPICATECHIN GALLATE	Not Approved	""	0.4745799868989593
ALB	[125I]ASTRESSIN	Not Approved	""	0.5932249836236992
ALB	NAPROXEN SODIUM	Approved	NSAID,antimigraine agent	0.1395823490879292
ALB	EPIGALLOCATECHIN-3-GALLATE	Not Approved	""	0.1318277741385998
ALB	EBSELEN	Not Approved	""	0.03389857049278282
ALB	EPICATECHIN	Not Approved	""	0.1825307641919074
ALB	GADOBENATE DIMEGLUMINE	Approved	""	1.186449967247398
ALB	WARFARIN	Approved	Anticoagulants	0.07190605862105445
ALB	[125I]UROCORTIN 1 (MOUSE, RAT)	Not Approved	""	0.5932249836236992
ALB	BISMUTH	Approved	""	1.186449967247398
ALB	CORTICOTROPHIN-RELEASING HORMONE	Not Approved	""	0.3954833224157995
ALB	SODIUM DODECYL SULFATE	Approved	""	0.3954833224157995
ALB	AMODIAQUINE HYDROCHLORIDE	Approved	""	1.186449967247398
ALB	IODIPAMIDE	Not Approved	""	1.186449967247398
ALB	PYROGALLOL	Approved	""	0.1581933289663198
ALB	CORTICOTROPIN-RELEASING FACTOR	Not Approved	for treatment of peritumoral brain edema	0.2966124918118496
ALB	ASTRESSIN 2B	Not Approved	""	0.5932249836236992
ALB	K31440	Not Approved	""	1.186449967247398
ALB	ASTRESSIN	Not Approved	""	0.5932249836236992
ALB	UROTENSIN 1 (FISH)	Not Approved	""	0.5932249836236992
ALB	OLMESARTAN MEDOXOMIL	Approved	for treatment of glaucoma,antihypertensive agent	0.5932249836236992
ALB	DIAZEPAM	Approved	anticonvulsant	0.08182413567223437
ALB	EVANS BLUE	Not Approved	""	0.2372899934494796
ALB	ALBUMIN HUMAN-KJDA	Approved	""	1.186449967247398
ALB	[125I]SAUVAGINE (FROG)	Not Approved	""	0.5932249836236992
ALB	ANTISERUM	Not Approved	""	0.06779714098556563
ALB	UROCORTIN 1	Not Approved	""	0.5932249836236992
ALB	DICLOFENAC SODIUM	Approved	for treatment of glaucoma,analgesic,NSAID	0.06979117454396462
ALB	K41498	Not Approved	""	1.186449967247398
ALB	RALTITREXED	Approved	antineoplastic agent	0.3389857049278281
ALB	PHENYLBUTAZONE	Approved	NSAID	0.169492852463914
ALB	OXYPHENBUTAZONE	Approved	""	0.09126538209595374
ALB	[19F]-HALOPERIDOL	Not Approved	""	1.186449967247398
ALB	FLUCONAZOLE	Approved	""	0.2372899934494796
NT5E	IMMUNOTHERAPEUTIC AGENT	Not Approved	""	0.5495136690409004
NT5E	HALOPERIDOL DECANOATE	Approved	Antipsychotic Agents	0.07230443013696057
NT5E	CLOZAPINE	Approved	Antipsychotic Agents	0.05665089371555673
NT5E	VESNARINONE	Not Approved	""	0.6868920863011254
NT5E	CAPSAICIN	Approved	analgesic	0.3232433347299414
NT5E	DIAZOXIDE	Approved	Antihypertensive Agents; Vasodilator Agents	0.4227028223391541
NT5E	ANTICONVULSANT AGENT	Not Approved	""	0.3663424460272669
NT5E	C5A	Not Approved	""	0.7850195272012863
NT5E	RESERPINE	Approved	Antihypertensive Agents; Antipsychotic Agents	0.211351411169577
NT5E	DOXORUBICIN HYDROCHLORIDE	Approved	antineoplastic agent	0.037129301962223
NT5E	RECOMBINANT INTERFERON	Not Approved	""	0.211351411169577
NT5E	CETUXIMAB	Approved	antineoplastic agent	0.074258603924446
NT5E	MUPADOLIMAB	Not Approved	""	2.747568345204501
NT5E	SULFASALAZINE	Approved	DMARD,antiinflammatory agent	0.2289640287670418
NT5E	OLECLUMAB	Not Approved	""	5.495136690409003
NT5E	TINIDAZOLE	Approved	""	5.495136690409003
NT5E	EPOETIN ALFA	Approved	for treatment of anemia,Antianemic Agents,for treatment of stroke,erythropoietic agent	0.1616216673649707
NT5E	INOSITOL	Approved	for treatment of Alzheimer's disease	0.3663424460272669
NT5E	LOVASTATIN	Approved	anticholesterolaemic agent	0.140900940779718
LIPA	THERAPEUTIC HORMONE	Not Approved	""	0.790966644831599
LIPA	SEBELIPASE ALFA	Approved	""	8.700633093147589
LIPA	LOVASTATIN	Approved	anticholesterolaemic agent	0.446186312469107
LIPA	LIOTHYRONINE	Approved	Hormone Replacement Agents	0.5273110965543993
LIPA	TRIFLUOPERAZINE	Approved	Antiemetics; Antipsychotic Agents	0.5800422062098393
LIPA	GLUCAGON (RDNA)	Approved	Antihypoglycemic Agents	1.581933289663198
IL2	DACLIZUMAB	Approved	immunosuppressant	0.2039210881206466
IL2	HUMAN CHORIONIC GONADOTROPIN	Approved	""	0.08586151078764068
IL2	AMIKACIN	Approved	""	0.2330526721378818
IL2	ACETAMINOPHEN	Approved	analgesic	0.0313724750954841
IL2	BECLOMETHASONE	Approved	glucocorticoid,antiinflammatory agent	0.135947392080431
IL2	PROTEASOME INHIBITOR	Not Approved	""	0.08156843524825864
IL2	QUININE	Approved	""	0.1882348505729045
IL2	PROCHLORPERAZINE	Approved	antiemetic,antimigraine agent	0.05826316803447046
IL2	TROPISETRON	Approved	""	0.1087579136643448
IL2	OFLOXACIN	Approved	""	0.135947392080431
IL2	BCG VACCINE	Approved	""	0.5437895683217243
IL2	LORUKAFUSP ALFA	Not Approved	""	0.8156843524825864
IL2	TICARCILLIN	Not Approved	""	0.8156843524825864
IL2	PRASTERONE	Approved	hormone supplement for increasing bone mineral density in patients with systemic lupus erythematosus	0.09063159472028738
IL2	PHYTOCHEMICAL	Not Approved	""	0.5437895683217243
IL2	HUMAN INTERLEUKIN-2	Not Approved	""	0.8156843524825864
IL2	AZIRIDINE	Not Approved	""	1.631368704965172
IL2	MESMULOGENE ANCOVACIVEC	Not Approved	""	0.4078421762412932
IL2	CYCLOOXYGENASE INHIBITOR	Not Approved	""	0.4078421762412932
IL2	GENTAMICIN	Approved	""	0.07092907412892056
IL2	CELL DIFFERENTIATING AGENT	Not Approved	""	1.631368704965172
IL2	MACROLIDE ANTIBIOTIC	Not Approved	""	0.4078421762412932
IL2	LEUVECTIN	Not Approved	""	0.8156843524825864
IL2	DIETHYLSTILBESTROL DIPHOSPHATE	Approved	""	0.5437895683217243
IL2	PERFOSFAMIDE	Not Approved	""	0.2718947841608621
IL2	METHOTREXATE	Approved	DMARD	0.01483062459059248
IL2	TRICHOSTATIN A	Not Approved	""	0.08156843524825864
IL2	CLOZAPINE	Approved	Antipsychotic Agents	0.0168182340718059
IL2	GARLIC EXTRACT	Not Approved	""	1.631368704965172
IL2	MESMULOGENE ANCOVACIVEC	Not Approved	""	0.4078421762412932
IL2	METYROSINE	Approved	Catecholamine synthesis inhibitors	0.1254899003819364
IL2	MISTLETOE EXTRACT	Not Approved	""	0.8156843524825864
IL2	PEFLOXACIN	Approved	""	0.4078421762412932
IL2	CYCLOSPORINE	Approved	immunosuppressant,opthalmological agent	0.02812704663733056
IL2	GARLIC	Not Approved	""	0.1631368704965173
IL2	ANHYDROUS TACROLIMUS	Approved	immunosuppressant	0.05826316803447046
IL2	RECOMBINANT TRANSFORMING GROWTH FACTOR-BETA	Not Approved	""	1.631368704965172
IL2	IMIPENEM ANHYDROUS	Approved	""	1.631368704965172
IL2	ITRACONAZOLE	Approved	""	0.1812631894405747
IL2	RECOMBINANT SOLUBLE HUMAN CD4 PROTEIN	Not Approved	""	1.631368704965172
IL2	MIDOSTAURIN	Approved	antineoplastic agent	0.04661053442757637
IL2	IL-2/9/15 GAMMA CHAIN RECEPTOR INHIBITOR BNZ-1	Not Approved	""	0.2039210881206466
IL2	CARBOXYAMIDOTRIAZOLE OROTATE	Not Approved	""	0.4078421762412932
IL2	PROTEIN KINASE C INHIBITOR	Not Approved	""	0.1812631894405747
IL2	BROMOCRIPTINE	Approved	antidiabetic	0.05262479693436041
IL2	CALCITRIOL	Approved	antineoplastic agent,antipsoriatic agent	0.135947392080431
IL2	GLYBURIDE	Approved	Hypoglycemic Agents,antidiabetic	0.05625409327466112
IL2	EDRECOLOMAB	Not Approved	""	0.5437895683217243
IL2	INTERFERON BETA-1B	Approved	for treatment of multiple sclerosis	0.1631368704965173
IL2	LYMPHOKINE-ACTIVATED KILLER CELLS	Not Approved	""	0.1483062459059248
IL2	TILARGININE	Not Approved	for treatment of cardiogenic shock	0.2330526721378818
IL2	THYMOCTONAN	Not Approved	""	0.8156843524825864
IL2	ALDESLEUKIN	Approved	antineoplastic agent	0.02718947841608621
IL2	CEFEPIME	Approved	""	1.631368704965172
IL2	SIGNAL TRANSDUCTION INHIBITOR	Not Approved	""	0.4078421762412932
IL2	ROXITHROMYCIN	Not Approved	""	0.1812631894405747
IL2	PENTAMIDINE ISETHIONATE	Approved	""	0.2330526721378818
IL2	METOCLOPRAMIDE HYDROCHLORIDE	Approved	antimigraine agent,antiemetic,for treatment of gastroesophageal reflux disease,motilitant,for treatment of diabetic gastroparesis	0.1165263360689409
IL2	HALOFUGINONE	Not Approved	antineoplastic agent	0.2718947841608621
IL2	DIDEMNIN B	Not Approved	""	1.631368704965172
IL2	PRAVASTATIN SODIUM	Approved	anticholesterolaemic agent,antihypecholesterolemic agent	0.06042106314685825
IL2	PYRIMETHAMINE	Approved	""	0.1483062459059248
IL2	MARIJUANA	Not Approved	""	0.4078421762412932
IL2	RITUXIMAB	Approved	antineoplastic agent	0.09063159472028738
PARP1	4-[3-(1,4-DIAZEPAN-1-YLCARBONYL)-4-FLUOROBENZYL]PHTHALAZIN-1(2H)-ONE	Not Approved	""	1.505878804583236
PARP1	CEP-9722	Not Approved	""	2.007838406110982
PARP1	NIACINAMIDE	Approved	""	0.6692794687036606
PARP1	NIRAPARIB TOSYLATE MONOHYDRATE	Approved	""	1.003919203055491
PARP1	OLAPARIB	Approved	""	0.3928379490217139
PARP1	AMELPARIB DIHYDROCHLORIDE DIHYDRATE	Not Approved	""	2.007838406110982
PARP1	VELIPARIB	Not Approved	""	1.277715349343352
PARP1	BGP-15	Not Approved	""	1.003919203055491
PARP1	PAMIPARIB	Not Approved	""	0.5736681160317092
PARP1	NIRAPARIB	Approved	antineoplastic agent	0.7086488492156406
PARP1	RUCAPARIB PHOSPHATE	Not Approved	""	2.007838406110982
PARP1	RUCAPARIB CAMSYLATE	Approved	""	0.6692794687036606
PARP1	TRABECTEDIN	Approved	""	0.4015676812221964
PARP1	SENAPARIB	Not Approved	""	1.003919203055491
PARP1	ORAL AZACITIDINE	Not Approved	""	1.003919203055491
PARP1	NIRAPARIB TOSYLATE	Not Approved	""	2.007838406110982
PARP1	E-7016	Not Approved	""	0.6692794687036606
PARP1	TALAZOPARIB TOSYLATE	Approved	""	1.003919203055491
PARP1	TALAZOPARIB	Approved	""	0.2151255435118909
PARP1	NICARAVEN	Not Approved	""	2.007838406110982
PARP1	PARP-1/2 INHIBITOR ABT-767	Not Approved	""	2.007838406110982
PARP1	PARP INHIBITOR E7016	Not Approved	""	2.007838406110982
PARP1	RUCAPARIB	Approved	""	0.3346397343518303
PARP1	INIPARIB	Not Approved	antineoplastic agent	4.015676812221964
PARP1	INO-1001	Not Approved	""	2.007838406110982
PARP1	2X-121	Not Approved	""	1.003919203055491
MAPK8	PALBOCICLIB	Approved	""	0.02007066457473491
MAPK8	TAK-715	Not Approved	""	0.0426501622213117
MAPK8	RECOMBINANT EOTAXIN	Not Approved	""	0.3412012977704936
MAPK8	CC-401	Not Approved	""	0.6824025955409873
MAPK8	IMMUNOTOXIN	Not Approved	""	0.2559009733278702
MAPK8	BEXAROTENE	Approved	antineoplastic agent	0.1706006488852468
MAPK8	ACE INHIBITOR	Not Approved	""	0.2924582552318517
MAPK8	ENALAPRIL MALEATE	Approved	antihypertensive agent	0.1077477782433137
MAPK8	RHAMNETIN	Not Approved	""	0.2047207786622961
MAPK8	KEYHOLE LIMPET HEMOCYANIN	Not Approved	""	0.5118019466557404
MAPK8	JNK INHIBITOR VIII	Not Approved	""	0.1137337659234978
MAPK8	TCDD	Not Approved	""	0.08188831146491847
MAPK8	SB203580	Not Approved	""	0.03529668597625796
MAPK8	RUTHENIUM-BASED TRANSFERRIN TARGETING AGENT NKP-1339	Not Approved	""	0.5118019466557404
MAPK8	DOXYCYCLINE ANHYDROUS	Approved	""	0.1335135513014975
MAPK8	SP-600125	Not Approved	""	0.01150116734057843
MAPK8	GO-6976	Not Approved	""	0.02380474170491816
MAPK8	DEXRAZOXANE	Approved	""	0.4094415573245923
MAPK8	TRETINOIN	Approved	for treatment of acne	0.02249678886398859
MAPK8	PD-0166285	Not Approved	""	0.01968469025599002
MAPK8	BRIMAPITIDE	Not Approved	for treatment of acute hearing loss	0.5118019466557404
MAPK8	GEFITINIB	Approved	antineoplastic agent	0.03055534009885018
MAPK8	TAMATINIB	Not Approved	""	0.01263708510261087
MAPK8	SIGNAL TRANSDUCTION INHIBITOR	Not Approved	""	0.5118019466557404
MAPK8	SB202190	Not Approved	""	0.05686688296174894
MAPK8	R-1487	Not Approved	""	0.1137337659234978
MAPK8	PAZOPANIB	Approved	antineoplastic agent	0.01795796304055229
MAPK8	NVP-TAE684	Not Approved	""	0.009937901876810495
MAPK8	PICTILISIB	Not Approved	""	0.0310182997973176
MAPK8	CYC-116	Not Approved	""	0.01055261745681939
MAPK8	BACILLUS CALMETTE-GUERIN ANTIGEN	Not Approved	""	0.1706006488852468
MAPK8	DOVITINIB	Not Approved	antineoplastic agent	0.01013469201298496
MAPK8	CENISERTIB	Not Approved	antineoplastic agent	0.008674609265351534
MAPK8	JNJ-7706621	Not Approved	""	0.01861097987839056
MAPK8	ARGIPRESSIN	Approved	analgesic,Antidiuretic Agents	0.07873876102396007
MAPK8	BLEOMYCIN	Approved	antineoplastic agent	0.1279504866639351
MAPK8	PHENETHYL ISOTHIOCYANATE	Not Approved	""	0.5118019466557404
MAPK8	2-METHOXYESTRADIOL	Not Approved	""	0.2047207786622961
MAPK8	BENTAMAPIMOD	Not Approved	""	0.3412012977704936
MAPK8	BGP-15	Not Approved	""	0.5118019466557404
MAPK8	ALPHA-TOCOPHEROL	Not Approved	""	0.1861097987839056
MAPK8	SORAFENIB	Approved	antineoplastic agent	0.01780180684019967
MAPK8	CI-1040	Not Approved	""	0.06021199372420476
MAPK8	BUTYLATED HYDROXYTOLUENE	Approved	""	0.2274675318469957
MAPK8	PRAZOSIN	Approved	Antihypertensive Agents; antispasmodics	0.1364805191081974
MAPK8	TANZISERTIB	Not Approved	""	0.3412012977704936
MAPK8	PLATINUM	Not Approved	""	0.102360389331148
MAPK8	PP2	Not Approved	""	0.03412012977704937
MAPK8	CARDAMOMIN	Not Approved	""	0.6824025955409873
MAPK8	DEXTRAN SULFATE SODIUM	Not Approved	""	0.2559009733278702
MAPK8	HESPERADIN	Not Approved	""	0.02559009733278702
F2R	TORIN 2	Not Approved	""	0.2868340580158546
F2R	RECOMBINANT TRANSFORMING GROWTH FACTOR	Not Approved	""	0.1825307641919074
F2R	ATOPAXAR	Not Approved	""	2.007838406110982
F2R	THERAPEUTIC GLUCOCORTICOID	Not Approved	""	0.1181081415359401
F2R	PZ-128	Not Approved	""	2.007838406110982
F2R	VORAPAXAR	Approved	cardiovascular agent	1.003919203055491
F2R	ASPIRIN	Approved	NSAID	0.09023992836453852
F2R	THALIDOMIDE	Approved	antineoplastic agent	0.1085318057357287
F2R	RUSALATIDE	Not Approved	for treatment of diabetic foot ulcers	0.6692794687036606
F2R	COMPOUND 22 [WO2019141694A1]	Not Approved	""	2.007838406110982
F2R	TYROSINE KINASE INHIBITOR	Not Approved	""	0.1544491081623832
F2R	ARGATROBAN	Approved	anticoagulant	1.338558937407321
F2R	PAREGORIC	Approved	analgesic	0.08729732200482532
F2R	BLEOMYCIN	Approved	antineoplastic agent	0.2509798007638728
F2R	DEHYDRATED ALCOHOL	Approved	""	0.05083135205344258
F2R	N-(5-{4-CHLORO-3-[(2-HYDROXYETHYL)SULFAMOYL]PHENYL}-4-METHYL-1,3-THIAZOL-2-YL)ACETAMIDE	Not Approved	""	2.007838406110982
F2R	VORAPAXAR SULFATE	Approved	""	2.007838406110982
F2R	TINZAPARIN SODIUM	Approved	anticoagulant,Anticoagulants	0.5736681160317092
F2R	BEVACIZUMAB	Approved	antineoplastic agent	0.1003919203055491
F2R	ATROPINE	Approved	nerve agent antidote	0.2362162830718802
F2R	DESIRUDIN	Approved	antithrombotic	1.003919203055491
F2R	THROMBIN	Approved	topical tissue sealant,for treatment of hemophilia B,coagulant	0.8365993358795758
F2R	ALPROSTADIL	Approved	for treatment of sexual dysfunction in women,for treatment of erectile dysfunction	0.1745946440096506
F2R	CLOPIDOGREL	Approved	antithrombotic,antiplatelet agent	0.1147336232063418
F2R	WORTMANNIN	Not Approved	""	0.2509798007638728
F2R	WORTMANNIN	Not Approved	""	0.2868340580158546
MDM2	DIPLAMINE B	Not Approved	""	4.015676812221964
MDM2	NUTLIN-3	Not Approved	""	7.027434421388436
MDM2	TCDD	Not Approved	""	0.1606270724888785
MDM2	NAVTEMADLIN	Not Approved	""	0.6692794687036606
MDM2	SULANEMADLIN	Not Approved	""	0.6692794687036606
MDM2	MILADEMETAN	Not Approved	""	2.007838406110982
MDM2	IPILIMUMAB	Approved	antineoplastic agent	0.1338558937407321
MDM2	LISSOCLINIDINE B	Not Approved	""	4.015676812221964
MDM2	CISPLATIN	Approved	""	0.01365876466742164
MDM2	CHEMBL:CHEMBL1492017	Not Approved	""	0.3346397343518303
MDM2	GAMBOGIC ACID	Not Approved	""	0.2230931562345535
MDM2	PD-98059	Not Approved	""	0.1085318057357287
MDM2	HDM2 INHIBITOR MK-8242	Not Approved	""	1.003919203055491
MDM2	MDM2 ANTAGONIST RO5045337	Not Approved	""	2.007838406110982
MDM2	MILADEMETAN TOSYLATE	Not Approved	""	2.007838406110982
MDM2	THIRAM	Not Approved	""	0.08729732200482532
MDM2	APG115	Not Approved	""	1.003919203055491
MDM2	SERDEMETAN	Not Approved	""	1.003919203055491
MDM2	PEMBROLIZUMAB	Approved	""	0.06084358806396915
MDM2	ANGIOGENESIS INHIBITOR	Not Approved	""	0.3346397343518303
MDM2	IDASANUTLIN	Not Approved	""	1.338558937407321
MDM2	ALRIZOMADLIN	Not Approved	""	1.003919203055491
MDM2	NIVOLUMAB	Approved	antineoplastic agent	0.07722455408119162
MDM2	SIREMADLIN	Not Approved	""	2.007838406110982
MDM2	HELENALIN	Not Approved	""	0.1254899003819364
MDM2	MANGOSTIN	Not Approved	""	0.2007838406110982
FGF23	BUROSUMAB	Approved	""	104.407597117771
ABL1	RUSERONTINIB	Not Approved	""	0.1216871761279382
ABL1	MK-912	Not Approved	""	0.09126538209595372
ABL1	AZACITIDINE	Approved	antineoplastic agent	0.01825307641919074
ABL1	MLN-8054	Not Approved	antineoplastic agent	0.01258832856495913
ABL1	1-AZAKENPAULLONE	Not Approved	""	0.02808165602952422
ABL1	BOSUTINIB	Approved	antineoplastic agent	0.6031451338515202
ABL1	AZM-475271	Not Approved	""	0.1825307641919074
ABL1	TIZANIDINE HYDROCHLORIDE	Approved	muscle relaxant,for treatment of skeletal muscular spasticity	0.06084358806396914
ABL1	TRAMETINIB DIMETHYL SULFOXIDE	Approved	antineoplastic agent	0.007767266561357764
ABL1	RS79948	Not Approved	""	0.1216871761279382
ABL1	RADOTINIB	Not Approved	""	0.3650615283838149
ABL1	COMPOUND 33A [PMID: 35944901]	Not Approved	""	0.3650615283838149
ABL1	EPINEPHRINE	Approved	anestethic	0.009126538209595372
ABL1	GUANABENZ	Approved	Antihypertensive Agents	0.07301230567676298
ABL1	IMATINIB	Approved	antineoplastic agent	0.1115465781172767
ABL1	MELPHALAN	Approved	""	0.03650615283838149
ABL1	BRIMONIDINE	Approved	for treatment of glaucoma	0.03042179403198457
ABL1	BAFETINIB	Not Approved	""	0.4563269104797686
ABL1	REBASTINIB	Not Approved	""	0.2190369170302889
ABL1	VINCRISTINE	Approved	antineoplastic agent	0.0090138648983658
ABL1	MASITINIB	Approved	antineoplastic agent,DMARD,antiinflammatory agent	0.02147420755198911
ABL1	MUSCARINIC TOXIN 3	Not Approved	""	0.06084358806396914
ABL1	AT9283	Not Approved	antineoplastic agent	0.0331874116712559
ABL1	LOFEXIDINE	Approved	for treatment of opiate withdrawal	0.05215164691197356
ABL1	FLUMATINIB	Not Approved	""	0.3650615283838149
ABL1	YOHIMBINE	Approved	Mydriatics; Anti-impotence Agents	0.02147420755198911
ABL1	FORETINIB	Not Approved	antineoplastic agent	0.01921376465177973
ABL1	ATIPAMEZOLE	Approved	""	0.1216871761279382
ABL1	GUANFACINE HYDROCHLORIDE	Approved	for treatment of ADHD	0.0331874116712559
ABL1	CHEMBL:CHEMBL379975	Not Approved	""	0.008296852917813976
ABL1	LURASIDONE HYDROCHLORIDE	Approved	antipsychotic agent	0.04563269104797686
ABL1	PHENTOLAMINE	Approved	Antihypertensive Agents,for treatment of erectile dysfunction	0.02433743522558766
ABL1	DOVITINIB	Not Approved	antineoplastic agent	0.003614470578057573
ABL1	WB 4101	Not Approved	""	0.05215164691197356
ABL1	XL228	Not Approved	antineoplastic agent	0.1564549407359207
ABL1	IDAZOXAN	Not Approved	""	0.03042179403198457
ABL1	SIAIS178	Not Approved	""	0.3650615283838149
ABL1	BUSULFAN	Approved	""	0.03842752930355946
ABL1	REGORAFENIB	Approved	antineoplastic agent	0.0221249411141706
ABL1	PAZOPANIB	Approved	antineoplastic agent	0.006404588217259911
ABL1	OMACETAXINE	Approved	""	0.5475922925757224
ABL1	SPIROXATRINE	Not Approved	""	0.03650615283838149
ABL1	APRACLONIDINE	Approved	Antiglaucomic Agents	0.1216871761279382
ABL1	LISURIDE	Not Approved	Antiparkinson Agents	0.01921376465177973
ABL1	KENPAULLONE	Not Approved	""	0.007605448507996143
ABL1	CENISERTIB	Not Approved	antineoplastic agent	0.0092812252978936
ABL1	BLINATUMOMAB	Approved	antineoplastic agent	0.07301230567676298
ABL1	NAPHAZOLINE	Approved	""	0.07301230567676298
ABL1	[3H]RAUWOLSCINE	Not Approved	""	0.09126538209595372
ABL1	CYC-116	Not Approved	""	0.003763520911173349
ABL1	FLUMBATINIB	Not Approved	""	0.1216871761279382
ABL1	RX821002	Not Approved	""	0.09126538209595372
ABL1	OLVEREMBATINIB	Not Approved	""	0.1216871761279382
ABL1	INOTUZUMAB OZOGAMICIN	Approved	antineoplastic agent	0.1825307641919074
ABL1	ACYCLOVIR	Approved	""	0.1216871761279382
ABL1	VENETOCLAX	Approved	""	0.01659370583562795
ABL1	PIRIBEDIL	Not Approved	""	0.03042179403198457
ABL1	ETHYLISOPROPYLAMILORIDE	Not Approved	""	0.07301230567676298
ABL1	AXITINIB	Approved	antineoplastic agent	0.06953552921596473
ABL1	ARC-239	Not Approved	""	0.1216871761279382
ABL1	PROGESTERONE	Approved	for reducing the risk of pre-term birth for women with short cervix a mid-pregnancy,for prevention of preterm delivery,for symptomatic treatment of menopausal symptoms,neuroprotectant for stroke victims	0.01237496706385813
ABL1	[125I]P-IODOCLONIDINE	Not Approved	""	0.1216871761279382
ABL1	OXALIPLATIN	Approved	""	0.01921376465177973
ABL1	QUERCETIN	Approved	""	0.009242064009716833
ABL1	VANDETANIB	Approved	antineoplastic agent	0.01258832856495913
ABL1	VODOBATINIB	Not Approved	""	0.2433743522558765
ABL1	ALSTERPAULLONE	Not Approved	""	0.007020414007381057
ABL1	CEP-11981	Not Approved	""	0.03476776460798236
ABL1	ALISERTIB	Not Approved	antineoplastic agent	0.007605448507996143
ABL1	COMPOUND 2C [PMID: 24900538]	Not Approved	""	0.03650615283838149
ABL1	DEXMEDETOMIDINE HYDROCHLORIDE	Approved	Analgesics; Hypnotics and Sedatives	0.0331874116712559
ABL1	THERAPEUTIC GLUCOCORTICOID	Not Approved	""	0.02147420755198911
ABL1	CHEMBL:CHEMBL219557	Not Approved	""	0.1216871761279382
ABL1	HYDROXYUREA	Approved	Antineoplastic Agents	0.03476776460798236
ABL1	CP-547632	Not Approved	""	0.008296852917813976
ABL1	CELECOXIB	Approved	NSAID	0.01089735905623328
ABL1	APOMORPHINE	Approved	antiparkinson agent,for treatment of erectile dysfunction,for treatment of sexual dysfunction in women	0.0135207973475487
ABL1	XL-228	Not Approved	""	0.03042179403198457
ABL1	TERGURIDE	Not Approved	for treatment of pulmonary arterial hypertension	0.02433743522558766
ABL1	CABERGOLINE	Approved	Antiparkinson Agents	0.02281634552398843
ABL1	ZAK INHIBITOR 6P	Not Approved	""	0.05215164691197356
ABL1	ADAVOSERTIB	Not Approved	antineoplastic agent	0.01303791172799339
ABL1	BROMOCRIPTINE	Approved	antidiabetic	0.01177617833496177
ABL1	GNF-5	Not Approved	""	0.3650615283838149
ABL1	C10 (HOMOBIVALENT 4-AMINOQUINOLINE)	Not Approved	""	0.3650615283838149
ABL1	CABOZANTINIB S-MALATE	Approved	antineoplastic agent	0.01659370583562795
ABL1	XYLAZINE	Not Approved	""	0.1216871761279382
ABL1	RISVODETINIB	Not Approved	""	0.1216871761279382
ABL1	VAMOTINIB	Not Approved	""	0.3650615283838149
ABL1	BOSUTINIB MONOHYDRATE	Approved	""	0.1825307641919074
ABL1	TOLAZOLINE	Approved	Antihypertensive Agents	0.07301230567676298
ABL1	PP-121	Not Approved	""	0.03042179403198457
ABL1	GENISTEIN	Approved	""	0.01258832856495913
ABL1	PEXMETINIB	Not Approved	for treatment of myelodysplastic syndrome	0.0405623920426461
ABL1	ERLOTINIB	Approved	antineoplastic agent	0.006518955863996695
ABL1	DDR1/2 INHIBITOR 5N	Not Approved	""	0.02808165602952422
ABL1	BO1	Not Approved	""	0.3650615283838149
ABL1	BRL 44408	Not Approved	""	0.1216871761279382
ABL1	RISPERIDONE	Approved	Antipsychotic Agents,antipsychotic agent	0.00544867952811664
ABL1	[3H]MK-912	Not Approved	""	0.1216871761279382
ABL1	PRAZOSIN	Approved	Antihypertensive Agents; antispasmodics	0.02433743522558766
ABL1	ENMD-2076	Not Approved	antineoplastic agent	0.01177617833496177
ABL1	SARACATINIB	Not Approved	""	0.1123266241180969
ABL1	NILOTINIB HYDROCHLORIDE MONOHYDRATE	Approved	""	0.1825307641919074
ABL1	CHLORPROMAZINE	Approved	""	0.00986652779415716
ABL1	COMPOUND 8H [PMID: 21561767]	Not Approved	""	0.05215164691197356
ABL1	NILOTINIB	Approved	antineoplastic agent	0.6160413291476877
ABL1	UMBRALISIB TOSYLATE	Approved	""	0.1216871761279382
ABL1	PD-0166285	Not Approved	""	0.007020414007381057
ABL1	TOZASERTIB	Not Approved	antineoplastic agent	0.005000842854572807
ABL1	KW-2449	Not Approved	""	0.1368980731439306
ABL1	MIRTAZAPINE	Approved	antidepressant	0.01825307641919074
ABL1	AZD-0424	Not Approved	""	0.1825307641919074
ABL1	PP2	Not Approved	""	0.01216871761279383
ABL1	PONATINIB	Approved	antineoplastic agent	0.744163884782392
ABL1	NOREPINEPHRINE	Approved	Antihypotensive Agents; Vasoconstrictor Agents	0.01140817276199421
ABL1	SORAFENIB	Approved	antineoplastic agent	0.003174448072902738
ABL1	ILORASERTIB	Not Approved	""	0.003147082141239783
ABL1	CLONIDINE HYDROCHLORIDE	Approved	antimucositic,for treatment of ADHD,for treatment of diabetic neuropathy	0.02808165602952422
ABL1	AST-487	Not Approved	""	0.008903939716678412
ABL1	AT-9283	Not Approved	""	0.03042179403198457
ABL1	ECF506	Not Approved	""	0.03650615283838149
ABL1	BCR-ABL INHIBITOR GNF-2	Not Approved	""	0.2433743522558765
ABL1	RAUWOLSCINE	Not Approved	""	0.04563269104797686
ABL1	ASCIMINIB HYDROCHLORIDE	Approved	""	0.1825307641919074
ABL1	NVP-TAE684	Not Approved	""	0.003544286683338009
ABL1	CRIZOTINIB	Approved	antineoplastic agent	0.01460246113535259
ABL1	PD173955	Not Approved	""	0.3650615283838149
ABL1	ENTRECTINIB	Approved	""	0.006404588217259911
ABL1	5-(N,N-HEXAMETHYLENE)-AMILORIDE	Not Approved	""	0.05215164691197356
ABL1	PERGOLIDE	Approved	Antiparkinson Agents	0.02147420755198911
ABL1	OXYMETAZOLINE HYDROCHLORIDE	Approved	analgesic	0.01825307641919074
ABL1	XYLOMETAZOLINE	Approved	""	0.03650615283838149
ABL1	ASCIMINIB	Approved	""	1.277715349343352
ABL1	JNJ-7706621	Not Approved	""	0.006637482334251181
ABL1	ATROPINE	Approved	nerve agent antidote	0.02147420755198911
ABL1	DASATINIB ANHYDROUS	Approved	antineoplastic agent	0.1777273230289625
ABL1	COMPOUND 24 [PMID: 23441572]	Not Approved	""	0.1825307641919074
ABL1	MOXONIDINE	Approved	""	0.05215164691197356
ABL1	ADENOSINE TRIPHOSPHATE	Approved	""	0.06442262265596733
ABL1	CHEMBL:CHEMBL546797	Not Approved	""	0.01140817276199421
ABL1	OMACETAXINE MEPESUCCINATE	Approved	antineoplastic agent	0.2190369170302889
ABL1	CEDIRANIB	Not Approved	antineoplastic agent	0.006518955863996695
FLT1	AGN-211745	Not Approved	for treatment of age-related macular degeneration	0.6214737923676849
FLT1	ENTRECTINIB	Approved	""	0.01090304898890675
FLT1	XL-820	Not Approved	""	0.1035789653946141
FLT1	LINIFANIB	Not Approved	antineoplastic agent	0.03107368961838424
FLT1	X-82	Not Approved	""	0.3728842754206109
FLT1	TIVOZANIB	Approved	antineoplastic agent	0.4833685051748659
FLT1	NVP-TAE684	Not Approved	""	0.006033726139492087
FLT1	DOVITINIB	Not Approved	antineoplastic agent	0.03076602932513291
FLT1	PEGPLERANIB SODIUM	Not Approved	for treatment of age-related macular degeneration	0.1035789653946141
FLT1	XL999	Not Approved	antineoplastic agent	0.06214737923676849
FLT1	AXITINIB	Approved	antineoplastic agent	0.2367519209019752
FLT1	GLESATINIB	Not Approved	antineoplastic agent	0.2485895169470739
FLT1	CEP-11981	Not Approved	""	0.0591879802254938
FLT1	ALISERTIB	Not Approved	antineoplastic agent	0.01294737067432677
FLT1	LENVATINIB	Approved	antineoplastic agent	0.06541829393344052
FLT1	XL820	Not Approved	antineoplastic agent	0.1035789653946141
FLT1	SUNITINIB	Approved	antineoplastic agent	0.1294737067432677
FLT1	4SC-203	Not Approved	""	0.1553684480919212
FLT1	PAZOPANIB	Approved	antineoplastic agent	0.07632134292234727
FLT1	AST-487	Not Approved	""	0.01515789737482158
FLT1	TESEVATINIB	Not Approved	antineoplastic agent	0.1035789653946141
FLT1	FORETINIB	Not Approved	antineoplastic agent	0.06541829393344052
FLT1	VATALANIB	Not Approved	antineoplastic agent	0.1726316089910235
FLT1	CP-547632	Not Approved	""	0.01412440437199284
FLT1	REGORAFENIB	Approved	antineoplastic agent	0.07533015665062848
FLT1	TAK-593	Not Approved	""	0.1242947584735369
FLT1	ENMD-2076	Not Approved	antineoplastic agent	0.04009508337856031
FLT1	SULFATINIB	Not Approved	""	0.1775639406764814
FLT1	EW-A-401	Not Approved	for treatment of intermittent claudication	0.3107368961838424
FLT1	VEGF RECEPTOR TYROSINE KINASE INHIBITOR III	Not Approved	""	0.1035789653946141
FLT1	TABERMINOGENE VADENOVEC	Not Approved	for prevention of blood vessel-blocking in kidney dialysis patients who have undergone vascular access graft surgery	0.2071579307892283
FLT1	BMS-690514	Not Approved	""	0.1035789653946141
FLT1	TIVOZANIB HYDROCHLORIDE	Approved	""	0.1242947584735369
FLT1	PD-0166285	Not Approved	""	0.01195141908399394
FLT1	MOTESANIB	Not Approved	antineoplastic agent	0.3389857049278281
FLT1	RABEPRAZOLE	Approved	Proton pump inhibitor	0.04780567633597576
FLT1	ICRUCUMAB	Not Approved	""	0.6214737923676849
FLT1	ABICIPAR PEGOL	Not Approved	for treatment of diabetic retinopathy	0.3107368961838424
FLT1	AG-13958	Not Approved	""	0.2071579307892283
FLT1	JNJ-7706621	Not Approved	""	0.01129952349759427
FLT1	MUPARFOSTAT	Not Approved	antineoplastic agent	0.06214737923676849
FLT1	RG-1530	Not Approved	""	0.01322284664612095
FLT1	L-21649	Not Approved	""	0.2071579307892283
FLT1	TOZASERTIB	Not Approved	antineoplastic agent	0.008513339621475135
FLT1	ILORASERTIB	Not Approved	""	0.01071506538564973
FLT1	CP-459632	Not Approved	""	0.0776842240459606
FLT1	CEP-7055	Not Approved	""	0.2071579307892283
FLT1	TG100-801	Not Approved	""	0.0388421120229803
FLT1	FAMITINIB	Not Approved	""	0.1775639406764814
FLT1	TELBERMIN	Not Approved	""	0.3107368961838424
FLT1	ORANTINIB	Not Approved	""	0.04780567633597576
FLT1	IBCASERTIB	Not Approved	""	0.1553684480919212
FLT1	VEGFRECINE	Not Approved	""	0.6214737923676849
FLT1	SP-600125	Not Approved	""	0.006982851599636909
FLT1	LUCITANIB	Not Approved	""	0.08286317231569132
FLT1	PF-562271	Not Approved	""	0.005754386966367453
FLT1	VARGATEF	Not Approved	""	0.0776842240459606
FLT1	BRIVANIB	Not Approved	""	0.04439098516912036
FLT1	XL-999	Not Approved	""	0.05649761748797136
FLT1	GW843682X	Not Approved	""	0.01593522544532525
FLT1	SU-014813	Not Approved	""	0.08878197033824071
FLT1	CEDIRANIB	Not Approved	antineoplastic agent	0.05548873146140044
FLT1	TELATINIB	Not Approved	antineoplastic agent	0.08878197033824071
FLT1	SORAFENIB	Approved	antineoplastic agent	0.03242471960179226
FLT1	GO-6976	Not Approved	""	0.01445287889227174
FLT1	CEP-5214	Not Approved	""	0.6214737923676849
FLT1	PTC299	Not Approved	antineoplastic agent	0.1242947584735369
FLT1	ERLOTINIB	Approved	antineoplastic agent	0.01109774629228009
FLT1	BRIVANIB ALANINATE	Not Approved	""	0.08878197033824071
FLT1	AEE-788	Not Approved	""	0.1035789653946141
FLT1	OSI-930	Not Approved	antineoplastic agent	0.1242947584735369
FLT1	CHEMBL:CHEMBL1997335	Not Approved	""	0.01479699505637345
FLT1	BARASERTIB-HQPA	Not Approved	""	0.02702059966816021
FLT1	VANDETANIB	Approved	antineoplastic agent	0.05357532692824868
FLT1	KENPAULLONE	Not Approved	""	0.01294737067432677
FLT1	FRUQUINTINIB	Approved	antineoplastic agent	0.2663459110147221
FLT1	NINTEDANIB ESYLATE	Approved	antineoplastic agent	0.09943580677882957
FLT1	LENVATINIB MESYLATE	Approved	""	0.2071579307892283
FLT1	CEDIRANIB	Not Approved	""	0.6214737923676849
FLT1	CYC-116	Not Approved	""	0.006406946313068916
FLT1	SEMAXANIB	Not Approved	""	0.03655728190398146
FLT1	TAMATINIB	Not Approved	""	0.007672515955156604
FLT1	CENISERTIB	Not Approved	antineoplastic agent	0.005266727053963431
FLT1	DORAMAPIMOD	Not Approved	""	0.02702059966816021
UOX	POLYETHYLENE GLYCOL 4000	Approved	""	31.32227913533131
CSF3	INTERLEUKIN-3	Not Approved	""	4.350316546573794
CSF3	RECOMBINANT HUMAN ALBUMIN-HUMAN GRANULOCYTE COLONY-STIMULATING FACTOR	Not Approved	""	17.40126618629517
CSF3	TALABOSTAT	Not Approved	for treatment of neutropenia	1.740126618629517
CSF3	EFBEMALENOGRASTIM ALFA	Approved	""	8.700633093147589
CSF3	EFLAPEGRASTIM	Approved	""	4.350316546573794
CSF3	PEGFILGRASTIM BIOSIMILAR LA-EP2006	Not Approved	""	8.700633093147589
ALPP	GLP-2 ANALOGUE 10	Not Approved	""	5.800422062098392
ALPP	PREDNISOLONE	Approved	corticosteroid,antiinflammatory agent	0.4143158615784566
ALPP	APRAGLUTIDE	Not Approved	""	5.800422062098392
ALPP	BETA-ADRENERGIC ANTAGONIST	Not Approved	""	2.320168824839357
ALPP	TEDUGLUTIDE	Approved	""	2.900211031049196
ALPP	GLUCAGON-LIKE PEPTIDE 2-(3-33)	Not Approved	""	5.800422062098392
ALPP	GLUCAGON-LIKE PEPTIDE 2	Not Approved	""	5.800422062098392
ALPP	DIDEOXYADENOSINE	Not Approved	""	1.933474020699464
ALPP	PHENTOLAMINE	Approved	Antihypertensive Agents,for treatment of erectile dysfunction	0.7733896082797858
ASRGL1	ERYASPASE	Not Approved	""	26.10189927944276
ASRGL1	CALASPARGASE PEGOL	Approved	""	26.10189927944276
BMP2	CHEMBL:CHEMBL1467165	Not Approved	""	26.10189927944276
BMP2	CHEMBL:CHEMBL1321401	Not Approved	""	26.10189927944276
BMP2	BUTAMBEN	Approved	""	4.350316546573794
BMP2	CHEMBL:CHEMBL1927048	Not Approved	""	26.10189927944276
CYP2C19	TETRACYCLINE	Approved	""	0.01198434310350907
CYP2C19	ALPHA-NAPHTHOFLAVONE	Not Approved	""	0.01540844113308309
CYP2C19	NATEGLINIDE	Approved	antidiabetic	0.02396868620701815
CYP2C19	NELFINAVIR	Approved	""	0.05392954396579084
CYP2C19	SANGUINARIUM	Not Approved	""	0.004314363517263267
CYP2C19	CYTARABINE	Approved	antineoplastic agent	0.002696477198289542
CYP2C19	ZARDAVERINE	Not Approved	""	0.03595302931052722
CYP2C19	FLUNISOLIDE ANHYDROUS	Approved	glucocorticoid,antiinflammatory agent	0.01961074326028758
CYP2C19	(R)-NFPS	Not Approved	""	0.02696477198289542
CYP2C19	CARMUSTINE	Approved	antineoplastic agent	0.01961074326028758
CYP2C19	AM281	Not Approved	""	0.03595302931052722
CYP2C19	BOSUTINIB	Approved	antineoplastic agent	0.004689525562242682
CYP2C19	LANSOPRAZOLE	Approved	Proton pump inhibitor,antiulcer agent	0.01859639447096235
CYP2C19	SULINDAC	Approved	NSAID	0.01027229408872206
CYP2C19	PF-03715455	Not Approved	""	0.03595302931052722
CYP2C19	TRAMADOL	Approved	analgesic	0.004494128663815903
CYP2C19	VORICONAZOLE	Approved	""	0.008988257327631807
CYP2C19	IPRONIAZID	Approved	""	0.03081688226616619
CYP2C19	OXYMORPHONE	Approved	analgesic	0.00980537163014379
CYP2C19	(S)-AMPA	Not Approved	""	0.03595302931052722
CYP2C19	FORMOTEROL FUMARATE	Approved	for treatment of chronic obstructive pulmonary disorder (COPD),antiasthmatic agent,bronchodilator	0.04314363517263267
CYP2C19	DIPHENYLENEIODONIUM	Not Approved	""	0.01348238599144771
CYP2C19	UE2343	Not Approved	""	0.03595302931052722
CYP2C19	SULFAPHENAZOLE	Approved	""	0.02696477198289542
CYP2C19	ETIDRONIC ACID	Approved	""	0.01540844113308309
CYP2C19	PHENYTOIN SODIUM	Approved	Anticonvulsants	0.007704220566541547
CYP2C19	CHEMBL:CHEMBL85194	Not Approved	""	0.01797651465526361
CYP2C19	MERCAPTOPURINE	Approved	Antineoplastic Agents	0.00479373724140363
CYP2C19	IRL 2500	Not Approved	""	0.02157181758631633
CYP2C19	N-OLEOYLDOPAMINE	Not Approved	""	0.005992171551754537
CYP2C19	PHENTOLAMINE	Approved	Antihypertensive Agents,for treatment of erectile dysfunction	0.007190605862105445
CYP2C19	AZATHIOPRINE	Approved	""	0.005676794101662193
CYP2C19	PP2	Not Approved	""	0.003595302931052722
CYP2C19	BAICALEIN	Not Approved	""	0.004314363517263267
CYP2C19	ICI-199441	Not Approved	""	0.01540844113308309
CYP2C19	MAVACAMTEN	Approved	""	0.01198434310350907
CYP2C19	APIGENIN	Approved	""	0.004148426458906988
CYP2C19	DISULFIRAM	Approved	Alcohol Deterrents	0.005016701764259613
CYP2C19	KETANSERIN	Not Approved	""	0.004689525562242682
CYP2C19	LEUPROLIDE ACETATE	Approved	for treatment of Alzheimer's disease,for treatment of endometriosis,antineoplastic agent	0.02157181758631633
CYP2C19	NIGULDIPINE	Not Approved	""	0.01348238599144771
CYP2C19	CHEMBL:CHEMBL1513392	Not Approved	""	0.03595302931052722
CYP2C19	FIPEXIDE	Approved	""	0.02696477198289542
CYP2C19	ETRAVIRINE	Approved	""	0.04314363517263267
CYP2C19	QUERCETIN	Approved	""	0.00136530491052635
CYP2C19	NORMEPERIDINE	Not Approved	""	0.2157181758631633
CYP2C19	TERAZOSIN	Approved	Antineoplastic Agents; antihypertensive agents	0.01659370583562795
CYP2C19	CHEMBL:CHEMBL1339015	Not Approved	""	0.05392954396579084
CYP2C19	CHEMBL:CHEMBL601110	Not Approved	""	0.01540844113308309
CYP2C19	CHLORMETHIAZOLE	Approved	""	0.005392954396579084
CYP2C19	(R)-FLECAINIDE	Not Approved	""	0.02696477198289542
CYP2C19	PSORALEN	Not Approved	""	0.01540844113308309
CYP2C19	NIMESULIDE	Not Approved	""	0.01540844113308309
CYP2C19	MANGOSTIN	Not Approved	""	0.01078590879315816
CYP2C19	ENOXOLONE	Not Approved	""	0.02157181758631633
CYP2C19	CYC-116	Not Approved	""	0.002223898720238797
CYP2C19	BUSULFAN	Approved	""	0.01135358820332438
CYP2C19	BRIVARACETAM	Approved	anticonvulsant	0.1078590879315816
CYP2C19	SB 204741	Not Approved	""	0.008988257327631807
CYP2C19	GALANGIN	Not Approved	""	0.01348238599144771
CYP2C19	SILVER SULFADIAZINE	Approved	""	0.01348238599144771
CYP2C19	TESMILIFENE	Not Approved	adjuvant to chemotherapy	0.01348238599144771
CYP2C19	GR 89696	Not Approved	""	0.01797651465526361
CYP2C19	CITALOPRAM	Approved	antidepressant,Second-Generation,Antidepressive Agents	0.006163376453233239
CYP2C19	CHEMBL:CHEMBL591613	Not Approved	""	0.02157181758631633
CYP2C19	VITAMIN K3	Approved	for reducing EGFR-inhibitor-induced dermatological side effects	0.003719278894192471
CYP2C19	NB-ACETYLTRYPTAMINE	Not Approved	""	0.05392954396579084
CYP2C19	OXOTREMORINE	Not Approved	""	0.01540844113308309
CYP2C19	PYRROLIDINE DITHIOCARBAMATE	Not Approved	""	0.008296852917813976
CYP2C19	IPSAPIRONE	Not Approved	""	0.05392954396579084
CYP2C19	CHEMBL:CHEMBL1370698	Not Approved	""	0.05392954396579084
CYP2C19	ESOMEPRAZOLE SODIUM	Approved	Proton pump inhibitor	0.01797651465526361
CYP2C19	CIMETIDINE	Approved	antihistamines,GI Anti-Ulcer Agents	0.01540844113308309
CYP2C19	MONASTROL	Not Approved	""	0.03595302931052722
CYP2C19	PIRIBEDIL	Not Approved	""	0.008988257327631807
CYP2C19	MOCLOBEMIDE	Approved	antidepressant	0.02157181758631633
CYP2C19	TICLOPIDINE	Approved	Platelet Aggregation Inhibitors	0.008296852917813976
CYP2C19	CHEMBL:CHEMBL1079460	Not Approved	""	0.008296852917813976
CYP2C19	5-METHOXYPSORALEN	Not Approved	""	0.01797651465526361
CYP2C19	CYPROTERONE	Approved	Hypersexuality-inhibiting agents; Antihirsutism agents	0.03081688226616619
CYP2C19	SB 222200	Not Approved	""	0.01540844113308309
CYP2C19	VANOXERINE	Not Approved	""	0.005392954396579084
CYP2C19	PSEUDOEPHEDRINE	Approved	antiallergy agent	0.006344652231269511
CYP2C19	ELLIPTECINE	Not Approved	""	0.003370596497861927
CYP2C19	INDIRUBIN-3'-MONOXIME	Not Approved	""	0.005676794101662193
CYP2C19	TOLBUTAMIDE	Approved	Hypoglycemic Agents	0.05392954396579084
CYP2C19	AZITHROMYCIN ANHYDROUS	Approved	""	0.01540844113308309
CYP2C19	NAPROXEN SODIUM	Approved	NSAID,antimigraine agent	0.01268930446253902
CYP2C19	MEPIVACAINE HYDROCHLORIDE	Approved	anestethic	0.01348238599144771
CYP2C19	CHLORPROMAZINE HYDROCHLORIDE	Approved	""	0.006344652231269511
CYP2C19	CLORGILINE	Not Approved	""	0.02157181758631633
CYP2C19	6BETA-HYDROXYTESTOSTERONE	Not Approved	""	0.2157181758631633
CYP2C19	METYROSINE	Approved	Catecholamine synthesis inhibitors	0.01659370583562795
CYP2C19	CHLOROQUINE	Approved	""	0.01348238599144771
CYP2C19	DIPYRONE	Approved	""	0.04314363517263267
CYP2C19	PHENPROCOUMON	Approved	Anticoagulants	0.03595302931052722
CYP2C19	HYDRASTINE	Not Approved	""	0.1078590879315816
CYP2C19	SPERMINE	Not Approved	""	0.01198434310350907
CYP2C19	COMPOUND 30 [PMID: 22239545]	Not Approved	""	0.1078590879315816
CYP2C19	OMEPRAZOLE	Approved	antiulcer agent,Proton pump inhibitor	0.005830220969274685
CYP2C19	MEFENAMIC ACID	Approved	NSAID	0.01540844113308309
CYP2C19	DIOXYBENZONE	Not Approved	""	0.02696477198289542
CYP2C19	TAMOXIFEN CITRATE	Approved	""	0.005676794101662193
CYP2C19	CHEMBL:CHEMBL471005	Not Approved	""	0.02696477198289542
CYP2C19	RABEPRAZOLE	Approved	Proton pump inhibitor	0.004148426458906988
CYP2C19	1-PHENYLBIGUANIDE	Not Approved	""	0.05392954396579084
CYP2C19	EFAVIRENZ	Approved	""	0.01078590879315816
CYP2C19	TROGLITAZONE	Approved	""	0.008296852917813976
CYP2C19	CHEMBL:CHEMBL547407	Not Approved	""	0.05392954396579084
CYP2C19	GUANFACINE HYDROCHLORIDE	Approved	for treatment of ADHD	0.00980537163014379
CYP2C19	PYRAZINAMIDE	Approved	""	0.01659370583562795
CYP2C19	GENISTEIN	Approved	""	0.001859639447096235
CYP2C19	CP-339818	Not Approved	""	0.02696477198289542
CYP2C19	ALLOPURINOL	Approved	antiuricemic agent,for treatment of gout	0.007190605862105445
CYP2C19	IMIPRAMINE HYDROCHLORIDE	Approved	Tricyclic,Antidepressive Agents	0.01078590879315816
CYP2C19	CDK1/5 INHIBITOR	Not Approved	""	0.01797651465526361
CYP2C19	PROPYLPYRAZOLETRIOL	Not Approved	""	0.008988257327631807
CYP2C19	ACETAMINOPHEN	Approved	analgesic	0.006222639688360482
CYP2C19	CHEMBL:CHEMBL2094549	Not Approved	""	0.02696477198289542
CYP2C19	6-O-BENZYLGUANINE	Not Approved	""	0.02696477198289542
CYP2C19	NILUTAMIDE	Approved	Antineoplastic Agents	0.02157181758631633
CYP2C19	ETHINYL ESTRADIOL	Approved	contraceptive	0.01617886318973725
CYP2C19	CLOPIDOGREL	Approved	antithrombotic,antiplatelet agent	0.006163376453233239
CYP2C19	TOPIRAMATE	Approved	Anticonvulsants; anti-migraine agents,antimigraine agent,anticonvulsant	0.002451342907535947
CYP2C19	(R)-FELODIPINE	Not Approved	""	0.03595302931052722
CYP2C19	METHOTREXATE	Approved	DMARD	0.001961074326028758
CYP2C19	ARBACLOFEN	Not Approved	symptomatic treatment for fragile X syndrome	0.02696477198289542
CYP2C19	AMITRIPTYLINOXIDE	Not Approved	""	0.05392954396579084
CYP2C19	SB 224289	Not Approved	""	0.008988257327631807
CYP2C19	CHEMBL:CHEMBL1342336	Not Approved	""	0.01348238599144771
CYP2C19	CHEMBL:CHEMBL587259	Not Approved	""	0.02157181758631633
CYP2C19	MONTELUKAST SODIUM	Approved	antiasthmatic agent	0.00980537163014379
CYP2C19	BIOCHANIN A	Not Approved	""	0.008988257327631807
CYP2C19	ESTRADIOL VALERATE	Approved	for treatment of menopausal symptoms,contraceptive,treatment for menopause,hormone replacement	0.004589748422620497
CYP2C19	SB 216763	Not Approved	""	0.007190605862105445
CYP2C19	ASARININ	Not Approved	""	0.03595302931052722
CYP2C19	AMIODARONE HYDROCHLORIDE	Approved	antiarrhytmic agent	0.008296852917813976
CYP2C19	ZOXAZOLAMINE	Not Approved	""	0.04314363517263267
CYP2C19	TARENFLURBIL	Not Approved	""	0.008988257327631807
CYP2C19	CHEMBL:CHEMBL188641	Not Approved	""	0.05392954396579084
CYP2C19	ETOPOSIDE	Approved	Antineoplastic Agents	0.003719278894192471
CYP2C19	SIMVASTATIN	Approved	antidyslipidaemic agent,anticholesterolaemic agent,antihypertensive agent	0.004314363517263267
CYP2C19	SULFAMETHOXAZOLE	Approved	""	0.01540844113308309
CYP2C19	CGS-12066	Not Approved	""	0.01348238599144771
CYP2C19	MIDODRINE	Approved	Antihypotensive Agents; Vasoconstrictor Agents	0.02696477198289542
CYP2C19	MEPHOBARBITAL	Approved	Anticonvulsants; Hypnotics and Sedatives	0.01797651465526361
CYP2C19	EMODIN	Not Approved	""	0.004148426458906988
CYP2C19	CHEMBL:CHEMBL336095	Not Approved	""	0.01348238599144771
CYP2C19	(-)-U-50488	Not Approved	""	0.02157181758631633
CYP2C19	DIFLUFENICAN	Not Approved	""	0.03595302931052722
CYP2C19	LANSOPRAZOLE SULFIDE	Not Approved	""	0.02157181758631633
CYP2C19	COUMARIN	Approved	""	0.01797651465526361
CYP2C19	GLABRANIN	Not Approved	""	0.03595302931052722
CYP2C19	PROPYLTHIOURACIL	Approved	Antithyroid Agents	0.01078590879315816
CYP2C19	DOXORUBICIN HYDROCHLORIDE	Approved	antineoplastic agent	0.004372665726956014
CYP2C19	CEFOPERAZONE	Not Approved	""	0.02696477198289542
CYP2C19	MESTRANOL	Approved	Oral,Contraceptives	0.02396868620701815
CYP2C19	SB-431542	Not Approved	""	0.01198434310350907
CYP2C19	DESOXYCORTICOSTERONE	Not Approved	""	0.05392954396579084
CYP2C19	LINOPIRDINE	Not Approved	""	0.01540844113308309
CYP2C19	CHEMBL:CHEMBL258465	Not Approved	""	0.02157181758631633
CYP2C19	AMSACRINE	Approved	""	0.01438121172421089
CYP2C19	CLOTRIMAZOLE	Approved	""	0.005830220969274685
CYP2C19	ARASERTACONAZOLE	Not Approved	""	0.02157181758631633
CYP2C19	MODAFINIL	Approved	central nervous system stimulant	0.02396868620701815
CYP2C19	BRADANICLINE	Not Approved	neuroprotectant	0.04314363517263267
CYP2C19	N-[2-(2-IODO-5-METHOXY-1H-INDOL-3-YL)ETHYL]ACETAMIDE	Not Approved	""	0.01797651465526361
CYP2C19	FLUCONAZOLE	Approved	""	0.02157181758631633
CYP2C19	CHEMBL:CHEMBL584860	Not Approved	""	0.03595302931052722
CYP2C19	(R,S)-INDATRALINE	Not Approved	""	0.00980537163014379
CYP2C19	NEVIRAPINE	Approved	""	0.01961074326028758
CYP2C19	BERGAMOTTIN	Not Approved	""	0.01797651465526361
CYP2C19	ISOBOLDINE	Not Approved	""	0.01797651465526361
CYP2C19	CHEMBL:CHEMBL1317986	Not Approved	""	0.02696477198289542
CYP2C19	NICORANDIL	Not Approved	""	0.02157181758631633
CYP2C19	CHEMBL:CHEMBL1288013	Not Approved	""	0.02696477198289542
CYP2C19	PROCHLORPERAZINE	Approved	antiemetic,antimigraine agent	0.007704220566541549
CYP2C19	LAMOTRIGINE	Approved	anticonvulsant	0.00980537163014379
CYP2C19	VALPROIC ACID	Approved	Anticonvulsants,for treatment of basal cell carcinoma,anticonvulsant	0.003784529401108129
CYP2C19	HYDRALAZINE	Approved	antihypertensive agent	0.01078590879315816
CYP2C19	BELZUTIFAN	Approved	""	0.02157181758631633
CYP2C19	ECADOTRIL	Not Approved	""	0.02696477198289542
CYP2C19	CYCLOSPORINE	Approved	immunosuppressant,opthalmological agent	0.002479519262794981
CYP2C19	CHEMBL:CHEMBL585045	Not Approved	""	0.02696477198289542
CYP2C19	CLOBENPROPIT	Not Approved	""	0.01198434310350907
CYP2C19	CROMOGLYCATE	Approved	Anti-Asthmatic Agents	0.02696477198289542
CYP2C19	BRILLIANT GREEN OXALATE	Not Approved	""	0.02157181758631633
CYP2C19	CHEMBL:CHEMBL238624	Not Approved	""	0.01797651465526361
CYP2C19	L-733,060	Not Approved	""	0.01348238599144771
CYP2C19	PIROXICAM-BETA-CYCLODEXTRIN	Approved	NSAID,antiinflammatory agent	0.01659370583562795
CYP2C19	FLUNITRAZEPAM	Approved	Hypnotics and Sedatives	0.004902685815071895
CYP2C19	CHEMBL:CHEMBL45349	Not Approved	""	0.1078590879315816
CYP2C19	(R)-PINOCEMBRIN	Not Approved	""	0.02696477198289542
CYP2C19	(S)-FLUOXETINE	Not Approved	""	0.01198434310350907
CYP2C19	E324	Not Approved	""	0.008296852917813976
CYP2C19	CHEMBL:CHEMBL242172	Not Approved	""	0.02696477198289542
CYP2C19	PHLORETIN	Approved	""	0.006741192995723855
CYP2C19	PYRILAMINE	Approved	""	0.02696477198289542
CYP2C19	PD123319	Not Approved	""	0.02696477198289542
CYP2C19	(S)-FELODIPINE	Not Approved	""	0.02696477198289542
CYP2C19	SB202190	Not Approved	""	0.002996085775877268
CYP2C19	LACOSAMIDE	Approved	neuropathic pain,analgesic,anticonvulsant	0.01659370583562795
CYP2C19	ERYTHROMYCIN	Approved	""	0.009379051124485364
CYP2C19	GLAFENINE	Approved	""	0.03081688226616619
CYP2C19	SB-408124	Not Approved	""	0.01348238599144771
CYP2C19	CHLORAMPHENICOL	Approved	""	0.01348238599144771
CYP2C19	METHYLHOMATROPINE	Approved	Antimuscarinics,GI Anti-Ulcer Agents	0.02396868620701815
CYP2C19	DIPHENHYDRAMINE	Approved	Anti-Allergic Agents; Hypnotics and sedatives; Antiemetics; Antipruritics; Antitussives	0.02696477198289542
CYP2C19	NORCLOBAZAM	Not Approved	""	0.1078590879315816
CYP2C19	LABETALOL	Approved	Antihypertensive Agents	0.02396868620701815
CYP2C19	CARBIMAZOLE	Approved	Antithyroid Agents	0.03595302931052722
CYP2C19	3,4-METHYLENEDIOXYMETHAMPHETAMINE	Not Approved	""	0.01961074326028758
CYP2C19	CILOSTAZOL	Approved	Platelet Aggregation Inhibitors	0.01540844113308309
CYP2C19	CHEMBL:CHEMBL601616	Not Approved	""	0.03595302931052722
CYP2C19	CAFFEINE	Approved	Central Nervous System Stimulants	0.005830220969274685
CYP2C19	CHEMBL:CHEMBL41680	Not Approved	""	0.03595302931052722
CYP2C19	CHEMBL:CHEMBL335741	Not Approved	""	0.05392954396579084
CYP2C19	INAMRINONE	Approved	Cardiotonic Agents; Phosphodiesterase Inhibitors	0.005676794101662193
CYP2C19	CHEMBL:CHEMBL239439	Not Approved	""	0.01540844113308309
CYP2C19	SB203580	Not Approved	""	0.003719278894192471
CYP2C19	CHEMBL:CHEMBL515505	Not Approved	""	0.004689525562242682
CYP2C19	CAPSAZEPINE	Not Approved	""	0.004902685815071895
CYP2C19	INDINAVIR	Not Approved	""	0.02157181758631633
CYP2C19	CHEMBL:CHEMBL1548739	Not Approved	""	0.05392954396579084
CYP2C19	NARINGENIN	Not Approved	""	0.01540844113308309
CYP2C19	PREDNISONE	Approved	corticosteroid,antiinflammatory agent	0.002396868620701815
CYP2C19	CHEMBL:CHEMBL533542	Not Approved	""	0.03595302931052722
CYP2C19	EBSELEN	Not Approved	""	0.003081688226616619
CYP2C19	POMIFERIN	Not Approved	""	0.01198434310350907
CYP2C19	4-CHLOROMERCURIBENZOIC ACID	Not Approved	""	0.003852110283270774
CYP2C19	CHEMBL:CHEMBL29197	Not Approved	""	0.01348238599144771
CYP2C19	CHEMBL:CHEMBL1310701	Not Approved	""	0.01797651465526361
CYP2C19	ICILIN	Not Approved	""	0.03595302931052722
CYP2C19	STAVUDINE	Approved	""	0.01659370583562795
CYP2C19	THALIDOMIDE	Approved	antineoplastic agent	0.005830220969274685
CYP2C19	CHEMBL:CHEMBL471225	Not Approved	""	0.02157181758631633
CYP2C19	BUDESONIDE	Approved	glucocorticoid,antiinflammatory agent	0.01659370583562795
CYP2C19	FLUVOXAMINE	Approved	antidepressant	0.01659370583562795
CYP2C19	NITROFURANTOIN, MACROCRYSTALS	Approved	""	0.01659370583562795
CYP2C19	CHEMBL:CHEMBL469309	Not Approved	""	0.02157181758631633
CYP2C19	CHEMBL:CHEMBL1420370	Not Approved	""	0.01540844113308309
CYP2C19	DIHYDROXIDINE	Not Approved	""	0.01348238599144771
CYP2C19	CHEMBL:CHEMBL242171	Not Approved	""	0.01078590879315816
CYP2C19	CLARITHROMYCIN	Approved	""	0.01268930446253902
CYP2C19	PROPRANOLOL HYDROCHLORIDE	Approved	for treatment of cancer cachexia	0.008988257327631807
CYP2C19	ESOXYBUTYNIN	Not Approved	""	0.02696477198289542
CYP2C19	TYRPHOSTIN 47	Not Approved	""	0.006741192995723855
CYP2C19	MINOCYCLINE	Approved	""	0.02696477198289542
CYP2C19	ISOLIQUIRITIGENIN	Not Approved	""	0.008988257327631807
CYP2C19	HESPERETIN	Approved	""	0.01198434310350907
CYP2C19	NIFEDIPINE	Approved	Antianginal Agents; Vasodilator Agents	0.003852110283270774
CYP2C19	CHEMBL:CHEMBL287689	Not Approved	""	0.03595302931052722
CYP2C19	CLOZAPINE	Approved	Antipsychotic Agents	0.002223898720238797
CYP2C19	(S)-NIMODIPINE	Not Approved	""	0.02696477198289542
CYP2C19	UBP302	Not Approved	""	0.05392954396579084
CYP2C19	DOXEPIN HYDROCHLORIDE	Approved	hypnotic,antimigraine agent	0.00980537163014379
CYP2C19	RALOXIFENE HYDROCHLORIDE	Approved	Hormone Replacement Agents	0.004314363517263267
CYP2C19	ZAFIRLUKAST	Approved	antiasthmatic agent	0.01198434310350907
CYP2C19	CARISOPRODOL	Approved	""	0.05392954396579084
CYP2C19	CHEMBL:CHEMBL601135	Not Approved	""	0.02696477198289542
CYP2C19	TEMAZEPAM	Approved	Hypnotics and Sedatives	0.004902685815071895
CYP2C19	DICLOFENAC SODIUM	Approved	for treatment of glaucoma,analgesic,NSAID	0.006344652231269511
CYP2C19	DIAZEPAM	Approved	anticonvulsant	0.003719278894192471
CYP2C19	CHEMBL:CHEMBL512832	Not Approved	""	0.05392954396579084
CYP2C19	CARBAMAZEPINE	Approved	for treatment of bipolar disorder	0.004402411752309456
CYP2C19	GR 127935	Not Approved	""	0.003719278894192471
CYP2C19	FLIBANSERIN	Approved	for treatment of female sexual dysfunction	0.03081688226616619
CYP2C19	FENTICLOR	Not Approved	""	0.005676794101662193
CYP2C19	LAPACHONE	Not Approved	""	0.004148426458906988
CYP2C19	PRAZIQUANTEL	Approved	""	0.1078590879315816
CYP2C19	DIDANOSINE	Approved	""	0.01540844113308309
CYP2C19	IGURATIMOD	Not Approved	""	0.03081688226616619
CYP2C19	ANTIDEPRESSANT AGENT	Not Approved	""	0.008296852917813976
CYP2C19	NS1619	Not Approved	""	0.02157181758631633
CYP2C19	CHEMBL:CHEMBL606167	Not Approved	""	0.01348238599144771
CYP2C19	CHEMBL:CHEMBL294747	Not Approved	""	0.05392954396579084
CYP2C19	COLCHICINE	Approved	for treatment of gout	0.004148426458906988
CYP2C19	NORETHINDRONE	Approved	Synthetic,Oral,Contraceptives,contraceptive	0.01078590879315816
CYP2C19	GYKI53784	Not Approved	""	0.01348238599144771
CYP2C19	RESOKAEMPFEROL	Not Approved	""	0.03595302931052722
CYP2C19	NS-398	Not Approved	""	0.01797651465526361
CYP2C19	MRS1220	Not Approved	""	0.01198434310350907
CYP2C19	PERHEXILINE	Not Approved	Antianginal Agents; Vasodilator Agents	0.03081688226616619
CYP2C19	PHENOBARBITAL	Approved	Anticonvulsants; Hypnotics and Sedatives	0.005676794101662193
CYP2C19	SC-560	Not Approved	""	0.02696477198289542
CYP2C19	ICOTINIB	Not Approved	""	0.1617886318973725
CYP2C19	CHEMBL:CHEMBL512908	Not Approved	""	0.01797651465526361
CYP2C19	MYRICETIN	Not Approved	""	0.002696477198289542
CYP2C19	S-ETOMIDATE	Not Approved	""	0.03595302931052722
CYP2C19	COMPOUND 51 [CROSIGNANI ET AL., 2011]	Not Approved	""	0.02696477198289542
CYP2C19	N-DESMETHYLCLOZAPINE	Not Approved	""	0.02157181758631633
CYP2C19	TECHTOCHRYSIN	Not Approved	""	0.05392954396579084
CYP2C19	CHEMBL:CHEMBL530733	Not Approved	""	0.01540844113308309
CYP2C19	SALAGEN	Not Approved	""	0.02696477198289542
CYP2C19	RANITIDINE HYDROCHLORIDE	Approved	antiulcer agent	0.01348238599144771
CYP2C19	MONO-N-ACETYL DAPSONE	Not Approved	""	0.1078590879315816
CYP2C19	QUINIDINE	Approved	Anti-Arrhythmia Agents	0.01078590879315816
CYP2C19	DROSPIRENONE	Approved	contraceptive,hormone replacement	0.02696477198289542
CYP2C19	RACLOPRIDE	Not Approved	""	0.02157181758631633
CYP2C19	TRIAMCINOLONE	Approved	for treatment of diabetic macular edema	0.009379051124485364
CYP2C19	MINOXIDIL	Approved	Antihypertensive Agents; Vasodilator Agents	0.01797651465526361
CYP2C19	CHELERYTHRINE	Not Approved	""	0.008988257327631807
CYP2C19	CHEMBL:CHEMBL592561	Not Approved	""	0.03595302931052722
CYP2C19	FLUTAMIDE	Approved	Hormonal,Antineoplastic Agents	0.01078590879315816
CYP2C19	CAMPTOTHECIN	Approved	antineoplastic agent	0.003081688226616619
CYP2C19	RS-17053	Not Approved	""	0.01198434310350907
CYP2C19	SPIPERONE	Not Approved	""	0.005676794101662193
CYP2C19	MICONAZOLE NITRATE	Approved	""	0.006741192995723855
CYP2C19	HYDROXYPROGESTERONE	Not Approved	""	0.07190605862105445
CYP2C19	MESALAMINE	Approved	for treatment of ulcerative proctitis,for treatment of ulcerative colitis,antiinflammatory agent	0.004902685815071895
CYP2C19	MONOAMINE OXIDASE INHIBITOR	Not Approved	""	0.003719278894192471
CYP2C19	PRASUGREL	Approved	antithrombotic	0.01797651465526361
CYP2C19	CHEMBL:CHEMBL1270168	Not Approved	""	0.05392954396579084
CYP2C19	PANTOPRAZOLE SODIUM	Approved	Proton pump inhibitor	0.01078590879315816
CYP2C19	GENTAMICIN	Approved	""	0.009379051124485364
CYP2C19	ALPROSTADIL	Approved	for treatment of sexual dysfunction in women,for treatment of erectile dysfunction	0.009379051124485364
CYP2C19	CHEMBL:CHEMBL1343568	Not Approved	""	0.01540844113308309
CYP2C19	CAPENSIN	Not Approved	""	0.03595302931052722
CYP2C19	TICAGRELOR	Approved	antithrombotic	0.01198434310350907
CYP2C19	LEUCINE	Approved	""	0.03595302931052722
CYP2C19	DEXMEDETOMIDINE HYDROCHLORIDE	Approved	Analgesics; Hypnotics and Sedatives	0.00980537163014379
CYP2C19	AURINTRICARBOXYLIC ACID	Not Approved	""	0.003479325417147796
CYP2C19	FLUOROURACIL	Approved	""	0.001859639447096235
CYP2C19	URAPIDIL	Not Approved	""	0.01797651465526361
CYP2C19	GABAPENTIN	Approved	analgesic,for treatment of neuropathic pain	0.002696477198289542
CYP2C19	PAPAVERINE	Approved	Antispasmodics; Anti-impotence Agents; Vasodilator Agents	0.005992171551754537
CYP2C19	RS67506	Not Approved	""	0.02696477198289542
CYP2C19	NOSCAPINE	Not Approved	antineoplastic agent	0.02696477198289542
CYP2C19	TRIMIPRAMINE	Approved	Tricyclic,Antidepressive Agents	0.03922148652057516
CYP2C19	ANIRACETAM	Not Approved	""	0.01198434310350907
CYP2C19	6-CL-MLT	Not Approved	""	0.01540844113308309
CYP2C19	DANTROLENE	Approved	Muscle Relaxants	0.02396868620701815
CYP2C19	OFLOXACIN	Approved	""	0.01797651465526361
CYP2C19	FENTANYL CITRATE	Approved	adjuvant to anesthesia,opioid,analgesic	0.003595302931052722
CYP2C19	CHEMBL:CHEMBL546597	Not Approved	""	0.01348238599144771
CYP2C19	SR2640	Not Approved	""	0.00980537163014379
CYP2C19	LUZINDOLE	Not Approved	""	0.01540844113308309
CYP2C19	PROGUANIL	Approved	""	0.07190605862105445
CYP2C19	ZUCAPSAICIN	Not Approved	analgesic	0.01540844113308309
CYP2C19	ANABASINE	Not Approved	""	0.1078590879315816
CYP2C19	A68930	Not Approved	""	0.01797651465526361
CYP2C19	FOSPHENYTOIN	Approved	anticonvulsant	0.008296852917813976
CYP2C19	[3H]GABAZINE	Not Approved	""	0.01198434310350907
CYP2C19	CLEMASTINE	Approved	Anti-Allergic Agents	0.01078590879315816
CYP2C19	FENOFIBRATE MICRONIZED	Approved	anticholesterolaemic agent,antidyslipidaemic agent	0.004148426458906988
CYP2C19	CLEMIZOLE	Not Approved	""	0.02157181758631633
CYP2C19	DILTIAZEM HYDROCHLORIDE	Approved	antihypertensive agent	0.01348238599144771
CYP2C19	SPLITOMICIN	Not Approved	""	0.02157181758631633
CYP2C19	CHEMBL:CHEMBL584854	Not Approved	""	0.05392954396579084
CYP2C19	SKIMMIANINE	Not Approved	""	0.02157181758631633
CYP2C19	SULFADOXINE	Approved	""	0.03595302931052722
CYP2C19	CHEMBL:CHEMBL1320453	Not Approved	""	0.01540844113308309
CYP2C19	MIRTAZAPINE	Approved	antidepressant	0.005392954396579084
CYP2C19	CHEMBL:CHEMBL587849	Not Approved	""	0.01078590879315816
CYP2C19	DAIDZEIN	Not Approved	""	0.005676794101662193
CYP2C19	CHEMBL:CHEMBL244707	Not Approved	""	0.00980537163014379
CYP2C19	CHEMBL:CHEMBL1288014	Not Approved	""	0.05392954396579084
CYP2C19	AMOXICILLIN ANHYDROUS	Approved	""	0.02270717640664877
CYP2C19	LOVASTATIN	Approved	anticholesterolaemic agent	0.00553123527854265
CYP2C19	CHEMBL:CHEMBL1358137	Not Approved	""	0.03595302931052722
CYP2C19	SULPIRIDE	Approved	Second-Generation; Antipsychotic Agents,Antidepressive Agents	0.01540844113308309
CYP2C19	GLYCINE	Approved	""	0.01797651465526361
CYP2C19	2-CHLORO-5-NITRO-N-PHENYLBENZAMIDE	Not Approved	""	0.01348238599144771
CYP2C19	MASOPROCOL	Approved	prostate cancer,antineoplastic agent	0.002294874211310248
CYP2C19	METHYLDOPA ANHYDROUS	Approved	Antihypertensive Agents	0.006958650834295592
CYP2C19	CHEMBL:CHEMBL123904	Not Approved	""	0.02157181758631633
CYP2C19	PIMOZIDE	Approved	Antidyskinetics; Antipsychotic Agents	0.003172326115634755
CYP2C19	CLOBAZAM	Approved	anticonvulsant,anxiolytic	0.004902685815071895
CYP2C19	ANDROSTENEDIONE	Not Approved	""	0.02157181758631633
CYP2C19	PROGESTERONE	Approved	for reducing the risk of pre-term birth for women with short cervix a mid-pregnancy,for prevention of preterm delivery,for symptomatic treatment of menopausal symptoms,neuroprotectant for stroke victims	0.003656240268867175
CYP2C19	ZILEUTON	Approved	antiinflammatory agent	0.02396868620701815
CYP2C19	CHEMBL:CHEMBL1257081	Not Approved	""	0.1078590879315816
CYP2C19	CHEMBL:CHEMBL1256364	Not Approved	""	0.01198434310350907
CYP2C19	CIPROFLOXACIN	Approved	""	0.01961074326028758
CYP2C19	BUTYLPARABEN	Approved	""	0.03595302931052722
CYP2C19	ZD-7155	Not Approved	""	0.1078590879315816
CYP2C19	PD-98059	Not Approved	""	0.002915110484637342
CYP2C19	TORSEMIDE	Approved	Antihypertensive Agents; Diuretics	0.01797651465526361
CYP2C19	DOCEBENONE	Not Approved	""	0.006741192995723855
CYP2C19	DIHYDROCAPSAICIN	Not Approved	""	0.02696477198289542
CYP2C19	GS39783	Not Approved	""	0.03595302931052722
CYP2C19	ELLAGIC ACID	Not Approved	""	0.003852110283270774
CYP2C19	L-694,247	Not Approved	""	0.01540844113308309
CYP2C19	(S)-NITRENDIPINE	Not Approved	""	0.03595302931052722
CYP2C19	CHEMBL:CHEMBL145725	Not Approved	""	0.02696477198289542
CYP2C19	CHEMBL:CHEMBL1269022	Not Approved	""	0.02157181758631633
CYP2C19	HYDROCODONE	Approved	analgesic	0.006741192995723855
CYP2C19	MITOMYCIN	Approved	""	0.008988257327631807
CYP2C19	CHEMBL:CHEMBL476501	Not Approved	""	0.02696477198289542
CYP2C19	CLONIDINE HYDROCHLORIDE	Approved	antimucositic,for treatment of ADHD,for treatment of diabetic neuropathy	0.008296852917813976
CYP2C19	LORATADINE	Approved	antiasthmatic agent	0.005676794101662193
CYP2C19	ZIDOVUDINE	Approved	""	0.00798956206900605
CYP2C19	CHEMBL:CHEMBL429095	Not Approved	""	0.002157181758631633
CYP2C19	CHEMBL:CHEMBL272005	Not Approved	""	0.03595302931052722
CYP2C19	INDOMETHACIN	Approved	NSAID	0.008089431594868624
CYP2C19	CHLOROPYRAMINE	Not Approved	""	0.05392954396579084
CYP2C19	AZTREONAM	Approved	""	0.03595302931052722
CYP2C19	CHEMBL:CHEMBL552439	Not Approved	""	0.03595302931052722
CYP2C19	CHEMBL:CHEMBL362863	Not Approved	""	0.02157181758631633
CYP2C19	OXAZEPAM	Approved	Hypnotics and Sedatives	0.004148426458906988
CYP2C19	DOFETILIDE	Approved	Anti-Arrhythmia Agents	0.01659370583562795
CYP2C19	1R,9S-HYDRASTINE	Not Approved	""	0.02696477198289542
CYP2C19	DUP-697	Not Approved	""	0.03595302931052722
CYP2C19	NIACIN	Approved	substance abuse deterrant,antidyslipidaemic agent	0.01540844113308309
CYP2C19	DIGOXIN	Approved	Anti-Arrhythmia Agents; Cardiotonic Agents	0.006344652231269511
CYP2C19	IBUPROFEN, SODIUM SALT	Approved	NSAID	0.00553123527854265
CYP2C19	DEXAMETHASONE	Approved	for treatment of Meniere's disease,glucocorticoid,antiinflammatory agent	0.002537860892507804
CYP2C19	L-732,138	Not Approved	""	0.02157181758631633
CYP2C19	CHRYSIN	Approved	""	0.007704220566541549
CYP2C19	ISRADIPINE	Approved	Antihypertensive Agents; Vasodilator Agents	0.008988257327631807
CYP2C19	GW1929	Not Approved	""	0.01198434310350907
CYP2C19	PHENELZINE	Approved	Antidepressive Agents	0.007704220566541549
CYP2C19	ACACETIN	Not Approved	""	0.007190605862105445
CYP2C19	NEOSTIGMINE BROMIDE	Not Approved	""	0.04314363517263267
CYP2C19	CHEMBL:CHEMBL362223	Not Approved	""	0.02157181758631633
CYP2C19	BUTORPHANOL	Approved	Opioid,Analgesics	0.02396868620701815
CYP2C19	CHLORPROPAMIDE	Approved	Hypoglycemic Agents	0.01961074326028758
CYP2C19	FLOXURIDINE	Approved	antineoplastic agent	0.01540844113308309
CYP2C19	BECLOMETHASONE	Approved	glucocorticoid,antiinflammatory agent	0.01797651465526361
CYP2C19	CYCLOPHOSPHAMIDE ANHYDROUS	Approved	""	0.00266318735633535
CYP2C19	DEGUELIN	Not Approved	""	0.02157181758631633
CYP2C19	PLICAMYCIN	Approved	""	0.03595302931052722
CYP2C19	AMBRISENTAN	Approved	antihypertensive agent	0.04314363517263267
CYP2C19	DACARBAZINE	Approved	Antineoplastic Agents	0.01438121172421089
CYP2C19	CHEMBL:CHEMBL16751	Not Approved	""	0.02696477198289542
CYP2C19	DL-TBOA	Not Approved	""	0.01348238599144771
CYP2C19	FELBAMATE	Approved	Anticonvulsants; Antiepileptics	0.02696477198289542
CYP2C19	SOTALOL	Approved	Anti-Arrhythmia Agents	0.01540844113308309
CYP2C19	DIPYRIDAMOLE	Approved	antithrombotic,anticoagulant	0.001926055141635387
CYP2C19	KETOCONAZOLE	Approved	""	0.00980537163014379
CYP2C19	GLYBURIDE	Approved	Hypoglycemic Agents,antidiabetic	0.003719278894192471
CYP2C19	NISOLDIPINE	Approved	Antihypertensive Agents; Vasodilator Agents	0.01268930446253902
CYP2C19	ROTENONE	Not Approved	""	0.007704220566541549
CYP2C19	LIOTHYRONINE	Approved	Hormone Replacement Agents	0.006536914420095859
CYP2C19	RIMCAZOLE	Not Approved	antineoplastic agent	0.01797651465526361
CYP2C19	ABROCITINIB	Approved	""	0.01797651465526361
CYP2C19	REMOXIPRIDE	Approved	Antipsychotic Agents	0.03595302931052722
CYP2C19	SELEGILINE	Approved	antiparkinson agent,antidepressant	0.02157181758631633
CYP2C19	WIN55212-2	Not Approved	""	0.005136147044361032
CYP2C19	METARAMINOL	Approved	Antihypotensive Agents; Vasoconstrictor Agents	0.03081688226616619
CYP2C19	BETA-CCM	Not Approved	""	0.02696477198289542
CYP2C19	PIFEXOLE	Not Approved	""	0.01540844113308309
CYP2C19	TRIFLUOPERAZINE	Approved	Antiemetics; Antipsychotic Agents	0.003595302931052722
CYP2C19	KARANJIN	Not Approved	""	0.01797651465526361
CYP2C19	RO19-4603	Not Approved	""	0.01348238599144771
CYP2C19	OXYCODONE	Approved	analgesic	0.01659370583562795
CYP2C19	CHEMBL:CHEMBL1214274	Not Approved	""	0.01540844113308309
CYP2C19	RIFAMPIN	Approved	""	0.007704220566541549
CYP2C19	(S)-ALAPROCLATE	Not Approved	""	0.02696477198289542
CYP2C19	CEFTRIAXONE	Approved	""	0.01961074326028758
CYP2C19	AROTINOID ACID	Not Approved	""	0.006344652231269511
CYP2C19	JWH015	Not Approved	""	0.02157181758631633
CYP2C19	RIVAROXABAN	Approved	antithrombotic	0.02396868620701815
CYP2C19	FPL64176	Not Approved	""	0.01198434310350907
CYP2C19	BUTYLATED HYDROXYTOLUENE	Approved	""	0.02396868620701815
CYP2C19	HYCANTHONE	Not Approved	""	0.01135358820332438
CYP2C19	AM251	Not Approved	""	0.01348238599144771
CYP2C19	CHEMBL:CHEMBL242385	Not Approved	""	0.03595302931052722
CYP2C19	CHEMBL:CHEMBL421215	Not Approved	""	0.01198434310350907
CYP2C19	PHENYLBUTAZONE	Approved	NSAID	0.01540844113308309
CYP2C19	TYRPHOSTIN AG 555	Not Approved	""	0.005676794101662193
CYP2C19	TYRPHOSTIN AG 879	Not Approved	""	0.005992171551754537
CYP2C19	TESTOSTERONE	Approved	for treatment of female sexual dysfunction,hormone replacement	0.00553123527854265
CYP2C19	FLUMAZENIL	Approved	Benzodoazepine Overdose,Antidotes	0.004494128663815903
CYP2C19	REL-CISAPRIDE	Not Approved	""	0.03595302931052722
CYP2C19	HYDROXYZINE	Approved	Antipruritics; Anxiolytics sedatives and hypnotics	0.02396868620701815
CYP2C19	FINASTERIDE	Approved	antineoplastic agent	0.01540844113308309
CYP2C19	TELENZEPINE	Not Approved	""	0.02157181758631633
CYP2C19	CHEMBL:CHEMBL271165	Not Approved	""	0.05392954396579084
CYP2C19	CHEMBL:CHEMBL250053	Not Approved	""	0.1078590879315816
CYP2C19	CLOFIBRATE	Approved	Anticholesteremic Agents	0.01348238599144771
CYP2C19	CGP7930	Not Approved	""	0.01540844113308309
CYP2C19	CHEMBL:CHEMBL120806	Not Approved	""	0.02157181758631633
CYP2C19	ATORVASTATIN CALCIUM TRIHYDRATE	Approved	anticholesterolaemic agent,antihypecholesterolemic agent	0.003922148652057516
CYP2C19	CHEMBL:CHEMBL1371696	Not Approved	""	0.02696477198289542
CYP2C19	E4031	Not Approved	""	0.02696477198289542
CYP2C19	PSORA-4	Not Approved	""	0.01540844113308309
CYP2C19	5-(N,N-HEXAMETHYLENE)-AMILORIDE	Not Approved	""	0.01540844113308309
CYP2C19	DIETHYLSTILBESTROL	Approved	Hormone Replacement Agents	0.006536914420095859
CYP2C19	CHEMBL:CHEMBL1256835	Not Approved	""	0.03595302931052722
CYP2C19	(R)-NITRENDIPINE	Not Approved	""	0.02696477198289542
CYP2C19	TOLNAFTATE	Approved	""	0.03595302931052722
CYP2C19	THIOPERAMIDE	Not Approved	""	0.01348238599144771
CYP2C19	TPCK	Not Approved	""	0.005992171551754537
LRRK2	ADAVOSERTIB	Not Approved	antineoplastic agent	0.07457685508412219
LRRK2	AST-487	Not Approved	""	0.05093053517940052
LRRK2	PICTILISIB	Not Approved	""	0.06327733158652792
LRRK2	DOVITINIB	Not Approved	antineoplastic agent	0.02067477170648932
LRRK2	PF-562271	Not Approved	""	0.01933474020699464
LRRK2	RG-1530	Not Approved	""	0.0222143823654832
LRRK2	GNE-0877	Not Approved	""	1.04407597117771
LRRK2	CENISERTIB	Not Approved	antineoplastic agent	0.01769620290131713
LRRK2	ALISERTIB	Not Approved	antineoplastic agent	0.04350316546573794
LRRK2	CHEMBL:CHEMBL379975	Not Approved	""	0.04745799868989594
LRRK2	CHEMBL:CHEMBL2204495	Not Approved	""	4.176303884710843
LRRK2	PD-0166285	Not Approved	""	0.04015676812221965
LRRK2	NVP-TAE684	Not Approved	""	0.04054663965738682
LRRK2	DACTOLISIB	Not Approved	""	0.04350316546573794
LRRK2	CHEMBL:CHEMBL1997335	Not Approved	""	0.04971790338941479
LRRK2	JNJ-7706621	Not Approved	""	0.03796639895191676
LRRK2	SOTRASTAURIN	Not Approved	""	0.03423199905500691
LRRK2	PALBOCICLIB	Approved	""	0.04094415573245924
LRRK2	VANDETANIB	Approved	antineoplastic agent	0.03600261969578312
LRRK2	ENTRECTINIB	Approved	""	0.03663424460272669
LRRK2	TAMATINIB	Not Approved	""	0.02577965360932619
LRRK2	FASUDIL	Not Approved	""	0.07200523939156625
LRRK2	TOZASERTIB	Not Approved	antineoplastic agent	0.02860482112815645
LRRK2	ILORASERTIB	Not Approved	""	0.01800130984789156
LRRK2	PHA-767491	Not Approved	""	0.03163866579326396
BMP1	COMPOUND 2 [PMID: 11934595]	Not Approved	""	52.20379855888553
IL2RA	CAFFEINE	Approved	Central Nervous System Stimulants	0.05532994017899897
IL2RA	DENILEUKIN DIFTITOX	Approved	antineoplastic agent	0.8530032444262341
IL2RA	MEGESTROL ACETATE	Approved	""	0.2559009733278702
IL2RA	HUMAN CHORIONIC GONADOTROPIN	Approved	""	0.1077477782433137
IL2RA	LENTINAN	Not Approved	""	2.047207786622961
IL2RA	PROPYLTHIOURACIL	Approved	Antithyroid Agents	0.102360389331148
IL2RA	STAUROSPORINE	Not Approved	""	0.07311456380796293
IL2RA	ANTISERUM	Not Approved	""	0.05849165104637034
IL2RA	BASILIXIMAB	Approved	immunomodulatory agent	1.706006488852468
IL2RA	ALDESLEUKIN	Approved	antineoplastic agent	0.1706006488852468
IL2RA	ISOTRETINOIN	Approved	for treatment of acne	0.1279504866639351
IL2RA	ATORVASTATIN CALCIUM TRIHYDRATE	Approved	anticholesterolaemic agent,antihypecholesterolemic agent	0.03722195975678113
IL2RA	HEPATITIS B VACCINE	Not Approved	""	1.02360389331148
IL2RA	CAMIDANLUMAB TESIRINE	Not Approved	""	1.02360389331148
IL2RA	CETIRIZINE HYDROCHLORIDE	Approved	antiallergy agent	0.2924582552318517
IL2RA	PROGESTERONE	Approved	for reducing the risk of pre-term birth for women with short cervix a mid-pregnancy,for prevention of preterm delivery,for symptomatic treatment of menopausal symptoms,neuroprotectant for stroke victims	0.03469843706140613
IL2RA	FLUOROURACIL	Approved	""	0.01764834298812898
IL2RA	VERAPAMIL	Approved	antihypertensive agent	0.04549350636939915
IL2RA	DINITROCHLOROBENZENE	Not Approved	""	0.6824025955409873
IL2RA	THERAPEUTIC HORMONE	Not Approved	""	0.04652744969597641
IL2RA	CHINESE HERBS	Not Approved	""	0.5118019466557404
IL2RA	ANTITUBERCULAR AGENT	Not Approved	""	1.02360389331148
IL2RA	DRUGSATFDA.NDA:008378	Not Approved	""	0.2274675318469957
IL2RA	DHA-PACLITAXEL	Not Approved	""	2.047207786622961
IL2RA	METHIMAZOLE	Approved	Antithyroid Agents	0.1949721701545677
IL2RA	MONOCLONAL ANTIBODY R24	Not Approved	""	2.047207786622961
IL2RA	SHO-SAIKO-TO	Not Approved	""	0.5118019466557404
IL2RA	THEOPHYLLINE	Approved	bronchodilator	0.07582251061566525
IL2RA	BRYOSTATIN 1	Not Approved	for treatment of alzheimer's disease	0.1706006488852468
IL2RA	RECOMBINANT INTERLEUKIN-2	Not Approved	antineoplastic agent	0.3412012977704936
IL2RA	METHYLPREDNISOLONE	Approved	Anti-Inflammatory Agents; Glucocorticoids	0.1137337659234978
IL2RA	BECLOMETHASONE DIPROPIONATE	Approved	glucocorticoid,antiinflammatory agent	0.2047207786622961
IL2RA	INTERFERON BETA-1B	Approved	for treatment of multiple sclerosis	0.2047207786622961
IL2RA	INTERLEUKIN-2 GENE	Not Approved	""	2.047207786622961
IL2RA	DEXTRAN SULFATE	Not Approved	""	0.3412012977704936
IL2RA	FLUTAMIDE	Approved	Hormonal,Antineoplastic Agents	0.102360389331148
IL2RA	PACLITAXEL	Approved	for treatment of peripheral arterial disease (PAD),DMARD,antiinflammatory agent,antineoplastic agent	0.01861097987839056
IL2RA	DECITABINE	Approved	antineoplastic agent	0.08530032444262341
IL2RA	MERCAPTOPURINE	Approved	Antineoplastic Agents	0.04549350636939915
IL2RA	INOLIMOMAB	Not Approved	""	2.047207786622961
IL2RA	LMB-2	Not Approved	""	2.047207786622961
IL2RA	ALDESLEUKIN	Not Approved	antineoplastic agent	0.3412012977704936
IL2RA	DACLIZUMAB	Approved	immunosuppressant	1.02360389331148
IL2RA	ANTI-TAC 90 Y-HAT	Not Approved	""	1.02360389331148
IL2RA	GARLIC	Not Approved	""	0.2047207786622961
IL2RA	DIDANOSINE	Approved	""	0.1462291276159258
IL2RA	HUMAN THYMOSIN-FRACTION 5	Not Approved	""	1.02360389331148
IL2RA	THYROXINE	Not Approved	""	0.1706006488852468
IL2RA	FARNESYLTRANSFERASE/GERANYLGERANYLTRANSFERASE INHIBITOR L-778,123	Not Approved	""	2.047207786622961
IL2RA	IL-2/9/15 GAMMA CHAIN RECEPTOR INHIBITOR BNZ-1	Not Approved	""	0.2559009733278702
IL2RA	CLADRIBINE	Approved	""	0.1364805191081974
NFKB1	TYRPHOSTIN 47	Not Approved	""	0.03398684802010777
NFKB1	CHLORPROPAMIDE	Approved	Hypoglycemic Agents	0.04943541530197493
NFKB1	QUERCETIN	Approved	""	0.01376682451447403
NFKB1	DEHYDROXYMETHYLEPOXYQUINOMICIN	Not Approved	""	0.5437895683217243
NFKB1	CHLORAMBUCIL	Approved	""	0.05437895683217243
NFKB1	ANDROGRAPHOLIDE	Not Approved	for treatment of Chron's disease,for treatment of ulcerative colitis,antiinflammatory agent	0.2718947841608621
NFKB1	CHEMBL:CHEMBL260560	Not Approved	""	0.06797369604021554
NFKB1	THALIDOMIDE	Approved	antineoplastic agent	0.0293940307200932
NFKB1	LAPACHONE	Not Approved	""	0.02091498339698939
NFKB1	AG 9	Not Approved	""	0.07768422404596062
NFKB1	TYRPHOSTIN 23	Not Approved	""	0.02589474134865353
NFKB1	GW5074	Not Approved	""	0.02471770765098746
NFKB1	DIHYDREXIDINE	Not Approved	""	0.07768422404596062
NFKB1	KAEMPFERIDE	Not Approved	""	0.3625263788811495
NFKB1	(R)-NITRENDIPINE	Not Approved	""	0.135947392080431
NFKB1	ISORHAMNETIN	Not Approved	""	0.3625263788811495
NFKB1	FLUPENTHIXOL	Not Approved	Antipsychotic Agents	0.07250527577622991
NFKB1	KAEMPHEROL	Not Approved	""	0.06042106314685825
NFKB1	CHEMBL:CHEMBL578741	Not Approved	""	0.02589474134865353
NFKB1	CHEMBL:CHEMBL201325	Not Approved	""	0.05437895683217243
NFKB1	CHEMBL:CHEMBL406557	Not Approved	""	0.06797369604021554
NFKB1	PROTRIPTYLINE	Approved	Tricyclic,Antidepressive Agents	0.06042106314685825
NFKB1	INDOPROFEN	Approved	""	0.04531579736014369
NFKB1	CHEMBL:CHEMBL63329	Not Approved	""	0.2718947841608621
NFKB1	CHEMBL:CHEMBL502774	Not Approved	""	0.06797369604021554
NFKB1	BORTEZOMIB	Approved	antineoplastic agent	0.006397524333196756
NFKB1	GOSSYPETIN	Not Approved	""	0.1087579136643448
NFKB1	ARTESUNATE	Approved	""	0.1812631894405747
NFKB1	EPIGALLOCATECHIN-3-GALLATE	Not Approved	""	0.03021053157342912
NFKB1	TAMARIXETIN	Not Approved	""	0.3625263788811495
NFKB1	CHEMBL:CHEMBL2094789	Not Approved	""	0.04943541530197493
NFKB1	CHEMBL:CHEMBL428789	Not Approved	""	0.03625263788811495
NFKB1	CHEMBL:CHEMBL528694	Not Approved	""	0.03884211202298031
NFKB1	BACLOFEN	Approved	for treatment of alcohol dependance	0.05437895683217243
NFKB1	FURAFYLLINE	Not Approved	""	0.135947392080431
NFKB1	HYDROCORTISONE BUTYRATE	Approved	""	0.01294737067432676
NFKB1	DAPH	Not Approved	""	0.05437895683217243
NFKB1	CHEMBL:CHEMBL51697	Not Approved	""	0.2718947841608621
NFKB1	TRYPTAMINE	Not Approved	""	0.04531579736014369
NFKB1	(+)-EPITAXIFOLIN	Not Approved	""	0.135947392080431
NFKB1	ETANERCEPT	Approved	DMARD,antiinflammatory agent	0.04182996679397879
NFKB1	BENZO(K)FLUORANTHENE	Not Approved	""	0.05437895683217243
NFKB1	FRENTIZOLE	Not Approved	""	0.07768422404596062
NFKB1	MITOXANTRONE	Approved	antineoplastic agent	0.01235885382549373
NFKB1	OCHRATOXIN A	Not Approved	""	0.06042106314685825
NFKB1	AG1478	Not Approved	""	0.07768422404596062
NFKB1	MASOPROCOL	Approved	prostate cancer,antineoplastic agent	0.01156999081535583
NFKB1	LUTEOLIN	Not Approved	""	0.03398684802010777
NFKB1	PHENAMIL METHANESULFONATE	Not Approved	""	0.09063159472028738
NFKB1	RITANSERIN	Not Approved	""	0.02471770765098746
NFKB1	4',7-DIMETHOXY-5-HYDROXYGENISTEIN	Not Approved	""	0.06042106314685825
NFKB1	PECTOLINARIGENIN	Not Approved	""	0.09063159472028738
NFKB1	BARDOXOLONE	Not Approved	antineoplastic agent	0.1812631894405747
NFKB1	CHEMBL:CHEMBL408850	Not Approved	""	0.04943541530197493
NFKB1	ANDROGRAPHOLIDE	Not Approved	""	0.3625263788811495
NFKB1	CHEMBL:CHEMBL602718	Not Approved	""	0.04943541530197493
NFKB1	RESVERATROL	Approved	antineoplastic agent,antidiabetic,for treatment of herpes simplex virus 1	0.01109774629228008
NFKB1	PROMETHAZINE HYDROCHLORIDE	Approved	Hypnotics and Sedatives; Anti-anxiety agents; Anti-allergic Agents	0.02471770765098746
NFKB1	DYRENE	Not Approved	""	0.5437895683217243
NFKB1	PARTHENOLIDE	Not Approved	""	0.2718947841608621
NFKB1	6-CL-MLT	Not Approved	""	0.07768422404596062
NFKB1	DIOSMETIN	Not Approved	""	0.3625263788811495
NFKB1	CHEMBL:CHEMBL466465	Not Approved	""	0.135947392080431
NFKB1	SB 222200	Not Approved	""	0.07768422404596062
NFKB1	OMTRIPTOLIDE	Not Approved	antineoplastic agent	0.2718947841608621
NFKB1	SANGUINARIUM	Not Approved	""	0.02175158273286897
NFKB1	FENRETINIDE	Approved	antineoplastic agent	0.02014035438228608
NFKB1	BENZETHONIUM CHLORIDE	Approved	""	0.03398684802010777
NFKB1	CHELIDAMIC ACID	Not Approved	""	0.2718947841608621
NFKB1	CHEMBL:CHEMBL85826	Not Approved	""	0.06042106314685825
NFKB1	(S)-MEXILETINE	Not Approved	""	0.2718947841608621
NFKB1	LY-294002	Not Approved	""	0.03398684802010777
NFKB1	HYDROQUINONE	Approved	""	0.03198762166598378
NFKB1	(R,S)-INDATRALINE	Not Approved	""	0.04943541530197493
NFKB1	GW7647	Not Approved	""	0.01812631894405747
NFKB1	(3Z)-N,N-DIMETHYL-2-OXO-3-(4,5,6,7-TETRAHYDRO-1H-INDOL-2-YLMETHYLIDENE)-2,3-DIHYDRO-1H-INDOLE-5-SULFONAMIDE	Not Approved	""	0.02265789868007184
NFKB1	6,4'-DIMETHOXYFLAVONE	Not Approved	""	0.06042106314685825
NFKB1	EDASALONEXENT	Not Approved	""	0.1812631894405747
NFKB1	SULFAPHENAZOLE	Approved	""	0.06797369604021554
NFKB1	RUTIN	Approved	""	0.1087579136643448
NFKB1	CHRYSOERIOL	Not Approved	""	0.3625263788811495
NFKB1	QUERCETAGETIN	Not Approved	""	0.3625263788811495
NFKB1	CHEMBL:CHEMBL1405979	Not Approved	""	0.135947392080431
NFKB1	APIGENIN	Approved	""	0.04182996679397879
NFKB1	CHEMBL:CHEMBL84010	Not Approved	""	0.03625263788811495
NFKB1	DISULFIRAM	Approved	Alcohol Deterrents	0.01264626903073777
NFKB1	TRIAMCINOLONE	Approved	for treatment of diabetic macular edema	0.02364302470964019
NFKB1	TBBT	Not Approved	""	0.06797369604021554
NFKB1	CHEMBL:CHEMBL595227	Not Approved	""	0.05437895683217243
NFKB1	CHELERYTHRINE	Not Approved	""	0.04531579736014369
NFKB1	NF-KAPPAB DECOY	Not Approved	antiinflammatory agent	0.2718947841608621
NFKB1	SORBINIL	Not Approved	""	0.2175158273286897
NFKB1	NIFEDIPINE	Approved	Antianginal Agents; Vasodilator Agents	0.009710528005745078
NFKB1	THYMOSIN BETA-4	Not Approved	for restoring cardiac tissue following infarction,wound healing accelerant	0.135947392080431
NFKB1	ACACETIN	Not Approved	""	0.07250527577622991
NFKB1	AROTINOID ACID	Not Approved	""	0.03198762166598378
PDGFRA	IMATINIB	Approved	antineoplastic agent	0.2733805480087357
PDGFRA	TOVETUMAB	Not Approved	""	3.42319990550069
PDGFRA	DASATINIB ANHYDROUS	Approved	antineoplastic agent	0.1914289420839202
PDGFRA	RIPRETINIB	Approved	""	0.5134799858251036
PDGFRA	SUNITINIB	Approved	antineoplastic agent	0.3565833234896552
PDGFRA	AST-487	Not Approved	""	0.02087317015549201
PDGFRA	SORAFENIB	Approved	antineoplastic agent	0.0223252167750045
PDGFRA	QUIZARTINIB	Approved	antineoplastic agent	0.04504210401974593
PDGFRA	REGORAFENIB	Approved	antineoplastic agent	0.07779999785228843
PDGFRA	FAMITINIB	Not Approved	""	0.244514278964335
PDGFRA	CRENOLANIB	Not Approved	""	1.084013303408552
PDGFRA	BECAPLERMIN	Approved	for treatment of diabetic foot ulcers	0.8557999763751726
PDGFRA	MASITINIB	Approved	antineoplastic agent,DMARD,antiinflammatory agent	0.1510235252426775
PDGFRA	ENMD-2076	Not Approved	antineoplastic agent	0.02760645085081202
PDGFRA	CEDIRANIB	Not Approved	antineoplastic agent	0.03056428487054188
PDGFRA	ZM447439	Not Approved	""	0.04504210401974593
PDGFRA	PAZOPANIB	Approved	antineoplastic agent	0.09008420803949185
PDGFRA	X-82	Not Approved	""	0.342319990550069
PDGFRA	SU-014813	Not Approved	""	0.1222571394821675
PDGFRA	LINIFANIB	Not Approved	antineoplastic agent	0.02139499940937931
PDGFRA	XL-999	Not Approved	""	0.07779999785228843
PDGFRA	VARGATEF	Not Approved	""	0.1069749970468965
PDGFRA	ILORASERTIB	Not Approved	""	0.01475517200646849
PDGFRA	AMUVATINIB	Not Approved	antineoplastic agent	0.4890285579286701
PDGFRA	TANDUTINIB	Not Approved	antineoplastic agent	0.1222571394821675
PDGFRA	PONATINIB	Approved	antineoplastic agent	0.09874615112021223
PDGFRA	AVAPRITINIB	Approved	""	0.6846399811001381
PDGFRA	OLARATUMAB	Approved	antineoplastic agent	2.139499940937932
PDGFRA	NILOTINIB	Approved	antineoplastic agent	0.05348749852344828
PDGFRA	MOTESANIB	Not Approved	antineoplastic agent	0.2333999935568652
PDGFRA	CYC-116	Not Approved	""	0.008822680168816212
PDGFRA	MIDOSTAURIN	Approved	antineoplastic agent	0.04890285579286701
PDGFRA	ORANTINIB	Not Approved	""	0.06583076741347482
PDGFRA	CENISERTIB	Not Approved	antineoplastic agent	0.007252542172670955
PDGFRA	TAMATINIB	Not Approved	""	0.01056543180710089
PDGFRA	XL-820	Not Approved	""	0.2852666587917242
PDGFRA	CHEMBL:CHEMBL1997335	Not Approved	""	0.02037618991369458
PDGFRA	RG-1530	Not Approved	""	0.009104255067820985
PDGFRA	VATALANIB	Not Approved	antineoplastic agent	0.1426333293958621
PDGFRA	SERALUTINIB	Not Approved	""	0.1426333293958621
PDGFRA	PEGPLERANIB SODIUM	Not Approved	for treatment of age-related macular degeneration	0.1426333293958621
PDGFRA	TAK-593	Not Approved	""	0.1711599952750345
PDGFRA	DOVITINIB	Not Approved	antineoplastic agent	0.02541980127847047
PDGFRA	ENMD-981693	Not Approved	""	0.04504210401974593
PDGFRA	CP-547632	Not Approved	""	0.0194499994630721
PDGFRA	RAMUCIRUMAB	Approved	antineoplastic agent	0.2852666587917242
PDGFRA	MEPOLIZUMAB	Approved	antiasthmatic agent,antiinflammatory agent	0.2852666587917242
PDGFRA	RABEPRAZOLE	Approved	Proton pump inhibitor	0.03291538370673741
PDGFRA	ROMIPLOSTIM	Approved	for treatment of thrombocytopenia	0.1069749970468965
PDGFRA	FORETINIB	Not Approved	antineoplastic agent	0.04504210401974593
PDGFRA	NVP-TAE684	Not Approved	""	0.008308737634710415
PDGFRA	PD-0166285	Not Approved	""	0.0164576918533687
PDGFRA	AXITINIB	Approved	antineoplastic agent	0.04075237982738917
PDGFRA	NINTEDANIB ESYLATE	Approved	antineoplastic agent	0.1369279962200276
PDGFRA	BARASERTIB-HQPA	Not Approved	""	0.03720869462500751
PDGFRA	PP2	Not Approved	""	0.02852666587917242
PDGFRA	LENVATINIB	Approved	antineoplastic agent	0.04504210401974593
PDGFRA	XL820	Not Approved	antineoplastic agent	0.1426333293958621
PDGFRA	VANDETANIB	Approved	antineoplastic agent	0.01475517200646849
PDGFRA	BARASERTIB	Not Approved	""	0.06583076741347482
PDGFRA	TELATINIB	Not Approved	antineoplastic agent	0.1222571394821675
NR3C1	PREDNISONE	Approved	corticosteroid,antiinflammatory agent	0.06060142452938619
NR3C1	FLUNISOLIDE ANHYDROUS	Approved	glucocorticoid,antiinflammatory agent	0.1416656677310326
NR3C1	HYDROCORTAMATE	Approved	Anti-Inflammatory Agents; Glucocorticoids	0.5843708793905097
NR3C1	HE3286	Not Approved	DMARD,antiinflammatory agent	0.3895805862603397
NR3C1	DESOXIMETASONE	Approved	Anti-Inflammatory Agents; Glucocorticoids	0.1298601954201132
NR3C1	POTASSIUM DICHROMATE	Not Approved	""	0.07791611725206796
NR3C1	MOMETASONE	Approved	glucocorticoid,antiinflammatory agent	0.216433659033522
NR3C1	APIGENIN	Approved	""	0.01498386870232076
NR3C1	MIFEPRISTONE	Approved	antidepressant,antipsychotic,for lowering intraocular pressure,opthalmological agent	0.05565436946576283
NR3C1	BECLOMETHASONE	Approved	glucocorticoid,antiinflammatory agent	0.06493009771005663
NR3C1	ESTRADIOL VALERATE	Approved	for treatment of menopausal symptoms,contraceptive,treatment for menopause,hormone replacement	0.02486684593151105
NR3C1	CORT 108297	Not Approved	for prevention of weight gain during antipsychotic treatment	0.7791611725206795
NR3C1	BENZO(K)FLUORANTHENE	Not Approved	""	0.03895805862603398
NR3C1	OUABAIN OCTAHYDRATE	Not Approved	""	0.3895805862603397
NR3C1	METHYLPREDNISOLONE	Approved	Anti-Inflammatory Agents; Glucocorticoids	0.06493009771005663
NR3C1	RELACORILANT	Not Approved	""	0.7791611725206795
NR3C1	CHEMBL:CHEMBL1275761	Not Approved	""	0.7791611725206795
NR3C1	BAICALEIN	Not Approved	""	0.03116644690082718
NR3C1	PREDNISOLONE ACETATE	Approved	""	0.1298601954201132
NR3C1	TRIAMCINOLONE	Approved	for treatment of diabetic macular edema	0.06775314543658084
NR3C1	AZD-5423	Not Approved	""	0.1298601954201132
NR3C1	MAPRACORAT	Not Approved	""	0.3895805862603397
NR3C1	AMCINONIDE	Approved	topical,Anti-Inflammatory Agents; Anti-pruritics; Corticosteroids	0.1669631083972885
NR3C1	DIFLORASONE DIACETATE	Approved	Anti-Inflammatory Agents; Glucocorticoids	0.1298601954201132
NR3C1	FLUPREDNISOLONE	Approved	""	0.1947902931301698
NR3C1	TNF-ALPHA	Not Approved	""	0.03246504885502831
NR3C1	CHEMBL:CHEMBL1915270	Not Approved	""	0.7791611725206795
NR3C1	FLUOCINONIDE	Approved	glucocorticoid,antiinflammatory agent	0.1947902931301698
NR3C1	CHEMBL:CHEMBL184450	Not Approved	""	0.02782718473288141
NR3C1	METHYLPREDNISOLONE ACETATE	Approved	""	0.7791611725206795
NR3C1	ORG-34517	Not Approved	""	0.7791611725206795
NR3C1	BECLOMETHASONE DIPROPIONATE	Approved	glucocorticoid,antiinflammatory agent	0.07791611725206796
NR3C1	PREDNISOLONE	Approved	corticosteroid,antiinflammatory agent	0.05565436946576283
NR3C1	PARAMETHASONE ACETATE	Approved	""	0.1947902931301698
NR3C1	RIMEXOLONE	Approved	Anti-Inflammatory Agents; Corticosteroids	0.1558322345041359
NR3C1	ANDROSTENEDIONE	Not Approved	""	0.1168741758781019
NR3C1	MEDRYSONE	Approved	Topical,Anti-Inflammatory Agents	0.1947902931301698
NR3C1	DIFLUPREDNATE	Approved	corticosteroid,antiinflammatory agent	0.2921854396952548
NR3C1	THERAPEUTIC GLUCOCORTICOID	Not Approved	""	0.02291650507413763
NR3C1	PREDNISOLONE TEBUTATE	Approved	""	0.3895805862603397
NR3C1	BETAMETHASONE BENZOATE	Approved	""	0.7791611725206795
NR3C1	METHADONE HYDROCHLORIDE	Approved	Opioid; Antitussive Agents,Analgesics	0.02291650507413763
NR3C1	HYDROCORTISONE ACEPONATE	Not Approved	""	0.3895805862603397
NR3C1	CARBAMAZEPINE	Approved	for treatment of bipolar disorder	0.007950624209394689
NR3C1	DIGOXIN	Approved	Anti-Arrhythmia Agents; Cardiotonic Agents	0.01145825253706881
NR3C1	BUDESONIDE	Approved	glucocorticoid,antiinflammatory agent	0.119870949618566
NR3C1	TO-901317	Not Approved	""	0.02434878664127123
NR3C1	PARAMETHASONE	Approved	Anti-Inflammatory Agents; Glucocorticoids	0.1947902931301698
NR3C1	RESOCORTOL BUTYRATE	Not Approved	""	0.3895805862603397
NR3C1	DEFLAZACORT	Approved	""	0.3895805862603397
NR3C1	ALDOSTERONE	Not Approved	""	0.1298601954201132
NR3C1	GW7647	Not Approved	""	0.01298601954201132
NR3C1	HYDROCORTISONE ACETATE	Approved	""	0.1947902931301698
NR3C1	ALCLOMETASONE	Approved	topical,Anti-Inflammatory Agents; Anti-pruritics; Corticosteroids	0.1947902931301698
NR3C1	FLUOROMETHOLONE	Approved	Anti-Inflammatory Agents; Anti-allergic agents; Glucocorticoids	0.2921854396952548
NR3C1	FLUMETHASONE PIVALATE	Approved	Anti-Inflammatory Agents; corticosteroid	0.2921854396952548
NR3C1	DEXAMETHASONE	Approved	for treatment of Meniere's disease,glucocorticoid,antiinflammatory agent	0.03208310710379269
NR3C1	CLOCORTOLONE	Approved	topical,Anti-Inflammatory Agents; Anti-pruritics; Corticosteroids	0.1558322345041359
NR3C1	FLUTICASONE	Approved	for treatment of symptomatic exophthalmos associated with thyroid-related eye disease,bronchodilator,glucocorticoid,antiinflammatory agent	0.08201696552849258
NR3C1	PMI-001	Not Approved	DMARD,antiinflammatory agent	0.3895805862603397
NR3C1	METHYLTESTOSTERONE	Approved	for treatment of dysfunctional libido in women	0.06493009771005663
NR3C1	FLUTICASONE FUROATE	Approved	glucocorticoid,antiinflammatory agent	1.168741758781019
NR3C1	BETAMETHASONE VALERATE	Approved	""	0.3895805862603397
NR3C1	FLUOCINOLONE ACETONIDE	Approved	glucocorticoid,antiinflammatory agent	0.2337483517562038
NR3C1	RALOXIFENE HYDROCHLORIDE	Approved	Hormone Replacement Agents	0.007791611725206795
NR3C1	OMEGA-CHLOROACETOPHENONE	Not Approved	""	0.06493009771005663
NR3C1	BETAMETHASONE SODIUM PHOSPHATE	Approved	""	0.1947902931301698
NR3C1	HYDROCORTAMATE HYDROCHLORIDE	Approved	""	0.3895805862603397
NR3C1	CICLESONIDE	Approved	Anti-Inflammatory Agents; Anti-allergic agents; Glucocorticoids	0.1947902931301698
NR3C1	HALCINONIDE	Approved	""	0.1298601954201132
NR3C1	CLOBETASOL PROPIONATE	Approved	""	0.07791611725206796
NR3C1	FLUOROMETHOLONE ACETATE	Approved	""	0.3895805862603397
NR3C1	STANOLONE	Not Approved	""	0.06493009771005663
NR3C1	MEPREDNISONE	Approved	""	0.3895805862603397
NR3C1	CLIOQUINOL	Approved	""	0.02164336590335221
NR3C1	CHEMBL:CHEMBL259820	Not Approved	""	0.7791611725206795
NR3C1	AZACITIDINE	Approved	antineoplastic agent	0.009739514656508495
NR3C1	METHYLPREDNISOLONE SODIUM SUCCINATE	Approved	""	0.1947902931301698
NR3C1	FOSDAGROCORAT	Not Approved	""	0.1947902931301698
NR3C1	TESTOSTERONE	Approved	for treatment of female sexual dysfunction,hormone replacement	0.009989245801547173
NR3C1	ETHINYL ESTRADIOL	Approved	contraceptive	0.01947902931301699
NR3C1	METHOTREXATE	Approved	DMARD	0.007083283386551633
NR3C1	PROPYLPYRAZOLETRIOL	Not Approved	""	0.03246504885502831
NR3C1	CLOBETASOL	Approved	corticosteroid,antiinflammatory agent	0.09739514656508494
NR3C1	PHENOLPHTHALEIN	Approved	""	0.04869757328254247
NR3C1	GUGGULSTERONE	Not Approved	""	0.04328673180670442
NR3C1	HYDROCORTISONE CYPIONATE	Approved	""	0.3895805862603397
NR3C1	HYDROCORTISONE PROBUTATE	Approved	""	0.1947902931301698
NR3C1	NIFEDIPINE	Approved	Antianginal Agents; Vasodilator Agents	0.006956796183220354
NR3C1	CHEMBL:CHEMBL1915271	Not Approved	""	0.7791611725206795
NR3C1	DEXAMETHASONE SODIUM PHOSPHATE	Approved	""	0.3895805862603397
NR3C1	CORTIVAZOL	Approved	""	0.3895805862603397
NR3C1	URSODIOL	Approved	for prevention of recurrence of colorectal polyps	0.04869757328254247
NR3C1	HYDROCORTISONE SODIUM PHOSPHATE	Approved	""	0.1947902931301698
NR3C1	PHENYLMERCURIC ACETATE	Not Approved	""	0.01947902931301699
NR3C1	OCHRATOXIN A	Not Approved	""	0.04328673180670442
NR3C1	CATECHOL	Not Approved	""	0.01770820846637908
NR3C1	PENTABROMOPHENOL	Not Approved	""	0.02996773740464152
NR3C1	ZEARALENONE	Not Approved	""	0.02996773740464152
NR3C1	DIGITOXIN	Approved	Anti-Arrhythmia Agents; Cardiotonic Agents	0.02050424138212314
NR3C1	FLURANDRENOLIDE	Approved	Anti-Inflammatory Agents; Glucocorticoids	0.2597203908402265
NR3C1	VAMOROLONE	Approved	""	0.1298601954201132
NR3C1	HYDROCORTISONE VALERATE	Approved	""	0.1298601954201132
NR3C1	CHEMBL:CHEMBL1915269	Not Approved	""	0.7791611725206795
NR3C1	KEPONE	Not Approved	""	0.03246504885502831
NR3C1	BETAMETHASONE ACETATE	Approved	""	0.3895805862603397
NR3C1	CHEMBL:CHEMBL2059711	Not Approved	""	0.2597203908402265
NR3C1	DAGROCORAT	Not Approved	""	0.1947902931301698
NR3C1	HALOBETASOL	Approved	Anti-inflammatory Agents	0.2597203908402265
NR3C1	HYDROCORTISONE SODIUM SUCCINATE	Approved	""	0.1298601954201132
NR3C1	VELSECORAT	Not Approved	""	0.1947902931301698
NR3C1	TESTOSTERONE PROPIONATE	Approved	""	0.04869757328254247
NR3C1	PREDNISOLONE SODIUM PHOSPHATE	Approved	""	0.3895805862603397
NR3C1	DESONIDE	Approved	corticosteroid,antiinflammatory agent	0.2597203908402265
NR3C1	TRIAMCINOLONE DIACETATE	Approved	""	0.1947902931301698
NR3C1	PREDNICARBATE	Approved	Anti-Inflammatory Agents; Corticosteroids	0.1947902931301698
NR3C1	LOTEPREDNOL	Approved	corticosteroid,antiinflammatory agent	0.2921854396952548
NR3C1	FLUOXYMESTERONE	Approved	Anabolic Agents; Antineoplastic Agents	0.09739514656508494
NR3C1	ETIPREDNOL DICLOACETATE	Not Approved	""	0.3895805862603397
NR3C1	CYCLOHEXIMIDE	Not Approved	""	0.004100848276424629
NR3C1	CHEMBL:CHEMBL210411	Not Approved	""	0.7791611725206795
NR3C1	DEXAMETHASONE ACETATE	Approved	""	0.1947902931301698
NR3C1	CORTISONE ACETATE	Approved	""	0.1947902931301698
NR3C1	HYDROCORTISONE BUTYRATE	Approved	""	0.03710291297717522
NR3C1	DIBUTYLDICHLOROSTANNANE	Not Approved	""	0.07791611725206796
NR3C1	PROGESTERONE	Approved	for reducing the risk of pre-term birth for women with short cervix a mid-pregnancy,for prevention of preterm delivery,for symptomatic treatment of menopausal symptoms,neuroprotectant for stroke victims	0.006603060784073556
NR3C1	CYPROTERONE ACETATE	Approved	""	0.1113087389315256
NR3C1	BETAMETHASONE	Approved	glucocorticoid,antiinflammatory agent	0.1947902931301698
NR3C1	THERAPEUTIC ANDROGEN	Not Approved	""	0.04583301014827527
NR3C1	TRIAMCINOLONE HEXACETONIDE	Approved	""	0.3895805862603397
NR3C1	ANTIDEPRESSANT AGENT	Not Approved	""	0.01498386870232076
NR3C1	DACTINOMYCIN	Approved	""	0.01113087389315256
NR3C1	ABBV-3373	Not Approved	""	0.1298601954201132
NR3C1	CHRYSIN	Approved	""	0.05565436946576283
HRAS	INSULIN, REGULAR, HUMAN	Approved	for treatment of diabetic foot ulcers,antidiabetic	0.02373439352529462
HRAS	ANTISENSE OLIGONUCLEOTIDES	Not Approved	""	0.03811887444971561
HRAS	STREPTOZOCIN	Approved	""	0.0273461490617525
HRAS	FEXAGRATINIB	Not Approved	""	0.1572403571050769
HRAS	LY3009120	Not Approved	""	0.1257922856840615
HRAS	L-744,832	Not Approved	""	0.6289614284203076
HRAS	LORLATINIB	Approved	""	0.145144945020071
HRAS	RIGOSERTIB	Not Approved	antineoplastic agent	0.1572403571050769
HRAS	HYDROXYUREA	Approved	Antineoplastic Agents	0.05990108842098167
HRAS	UPROSERTIB	Not Approved	""	0.06289614284203075
HRAS	NAPORAFENIB	Not Approved	""	0.1572403571050769
HRAS	ADENOVIRUS VECTOR	Not Approved	""	0.08985163263147251
HRAS	NST-628	Not Approved	""	0.251584571368123
HRAS	TUCATINIB	Approved	antineoplastic agent	0.07862017855253844
HRAS	ANTINEOPLASTIC AGENT	Not Approved	""	0.08985163263147251
HRAS	PELAREOREP	Not Approved	antineoplastic agent	0.2096538094734358
HRAS	TIPIFARNIB	Not Approved	antineoplastic agent	0.8386152378937435
HRAS	MRTX-1133	Not Approved	""	0.6289614284203076
HRAS	PANITUMUMAB	Approved	antineoplastic agent	0.06289614284203075
HRAS	SIROLIMUS	Approved	for treatment of wet age-related macular degeneration,immunosuppressant	0.02168832511794163
HRAS	VEMURAFENIB	Approved	antineoplastic agent	0.01699895752487317
HRAS	DOCETAXEL ANHYDROUS	Approved	antineoplastic agent	0.01515569707036885
HRAS	BRYOSTATIN 1	Not Approved	antineoplastic agent	0.08985163263147251
HRAS	ANTHRACYCLINE ANTINEOPLASTIC ANTIBIOTIC	Not Approved	""	0.1048269047367179
HRAS	PACLITAXEL	Approved	for treatment of peripheral arterial disease (PAD),DMARD,antiinflammatory agent,antineoplastic agent	0.01143566233491468
HRAS	ALPELISIB	Approved	""	0.08735575394726494
HRAS	DIMETHYL SULFOXIDE	Approved	""	0.07862017855253844
HRAS	DIETHYLSTILBESTROL	Approved	Hormone Replacement Agents	0.03811887444971561
HRAS	BEVACIZUMAB	Approved	antineoplastic agent	0.03144807142101537
HRAS	AZD8055	Not Approved	""	0.1048269047367179
HRAS	AKT INHIBITOR MK2206	Not Approved	""	0.08985163263147251
HRAS	DABRAFENIB	Approved	antineoplastic agent	0.02329486771927065
HRAS	EPIDERMAL GROWTH FACTOR RECEPTOR TYROSINE KINASE INHIBITOR	Not Approved	""	0.06988460315781195
HRAS	ISIS-2503	Not Approved	antineoplastic agent	0.6289614284203076
HRAS	EVEROLIMUS	Approved	immunosuppressant	0.05549659662532125
HRAS	DACTOLISIB	Not Approved	""	0.02620672618417948
HRAS	ANTIBIOTIC	Not Approved	""	0.073995462167095
HRAS	SAPANISERTIB	Approved	antineoplastic agent	0.0273461490617525
HRAS	BINIMETINIB	Approved	antineoplastic agent,DMARD,antiinflammatory agent	0.09434421426304614
HRAS	GEMCITABINE	Approved	antineoplastic agent	0.01367307453087625
HRAS	RIGOSERTIB SODIUM	Not Approved	""	0.4193076189468717
HRAS	SR9009	Not Approved	""	0.4193076189468717
HRAS	LYMPHOKINE-ACTIVATED KILLER CELLS	Not Approved	""	0.1143566233491468
HRAS	CETUXIMAB	Approved	antineoplastic agent	0.03399791504974635
HRAS	SELUMETINIB	Approved	""	0.1143566233491468
HRAS	PD173074	Not Approved	""	0.1572403571050769
HRAS	METHYLNITROSOUREA	Not Approved	""	0.1397692063156239
HRAS	MIRDAMETINIB	Not Approved	""	0.04193076189468717
HRAS	OPNURASIB	Not Approved	""	0.6289614284203076
HRAS	TRAMETINIB DIMETHYL SULFOXIDE	Approved	antineoplastic agent	0.1472037385664549
HRAS	VITAMIN E	Approved	""	0.1179302678288076
HRAS	SF1126	Not Approved	antineoplastic agent	0.06988460315781195
HRAS	PRALSETINIB	Approved	""	0.179703265262945
HRAS	SR9011	Not Approved	""	0.251584571368123
HRAS	CRIZOTINIB	Approved	antineoplastic agent	0.0503169142736246
HRAS	EPOETIN ALFA	Approved	for treatment of anemia,Antianemic Agents,for treatment of stroke,erythropoietic agent	0.0369977310835475
HRAS	CISPLATIN	Approved	""	0.008557298345854525
HRAS	ERK1/2 INHIBITOR ERAS-007	Not Approved	""	0.4193076189468717
HRAS	DASATINIB ANHYDROUS	Approved	antineoplastic agent	0.01655161653737651
HRAS	PEMETREXED DISODIUM	Approved	Antineoplastic Agents,antineoplastic agent	0.04838164834002366
HRAS	IL-6	Not Approved	""	0.06620646614950607
HRAS	METFORMIN	Approved	antidiabetic	0.03068104528879549
HRAS	TEMUTERKIB	Not Approved	""	0.179703265262945
HRAS	NITROGLYCERIN	Approved	for treatment of Raynaud's disease	0.09676329668004732
HRAS	MTOR KINASE INHIBITOR AZD8055	Not Approved	""	0.3144807142101538
HRAS	GANITUMAB	Not Approved	antineoplastic agent	0.2096538094734358
HRAS	CI-1040	Not Approved	""	0.073995462167095
HRAS	BUPARLISIB	Not Approved	""	0.1006338285472492
HRAS	BAY 11-7082	Not Approved	""	0.1048269047367179
HRAS	HEXAMETHYLENE BISACETAMIDE	Not Approved	""	0.179703265262945
HRAS	CARBOPLATIN	Approved	""	0.01462700996326296
HRAS	PICTILISIB	Not Approved	""	0.03811887444971561
HRAS	SOTORASIB	Approved	""	0.4193076189468717
HRAS	ENCORAFENIB	Approved	""	0.06988460315781195
HRAS	AZD8186	Not Approved	""	0.179703265262945
HRAS	SCH772984	Not Approved	""	0.2096538094734358
HRAS	ULIXERTINIB	Not Approved	""	0.1257922856840615
HRAS	SALIRASIB	Not Approved	""	0.05717831167457342
HRAS	PD-98059	Not Approved	""	0.03399791504974635
HRAS	B-RAF/VEGFR-2 INHIBITOR RAF265	Not Approved	""	0.2096538094734358
HRAS	ISIS 2503	Not Approved	""	0.6289614284203076
HRAS	E6201	Not Approved	""	0.179703265262945
HRAS	CABOZANTINIB S-MALATE	Approved	antineoplastic agent	0.1143566233491468
ARL3	ZD7288	Not Approved	""	1.491537101682443
ARL3	CILOBRADINE	Not Approved	""	1.491537101682443
ARL3	ZATEBRADINE	Not Approved	""	1.864421377103054
ARL3	CS+	Not Approved	""	0.9322106885515273
ARL3	MEL57A	Not Approved	""	7.457685508412219
ARL3	IVABRADINE	Approved	""	1.242947584735369
ARL3	EC18	Not Approved	""	7.457685508412219
BACE1	SOPHORAFLAVANONE G	Not Approved	""	4.015676812221964
BACE1	AZ-4217	Not Approved	""	1.003919203055491
BACE1	LY2886721	Not Approved	""	1.003919203055491
BACE1	BYAKANGELICIN	Not Approved	""	4.015676812221964
BACE1	CHEMBL:CHEMBL496451	Not Approved	""	4.015676812221964
BACE1	AZD-3839	Not Approved	""	2.007838406110982
BACE1	TAK-070	Not Approved	""	1.003919203055491
BACE1	ELENBECESTAT	Not Approved	""	2.007838406110982
BACE1	KUSHENOL A	Not Approved	""	4.015676812221964
BACE1	LY3202626	Not Approved	""	1.003919203055491
BACE1	VERUBECESTAT	Not Approved	""	1.338558937407321
BACE1	BUNTANETAP	Not Approved	for treatment of Alzheimer's disease	0.6692794687036606
BACE1	CTS-21166	Not Approved	for treatment of Alzheimer's disease	4.015676812221964
BACE1	CHEMBL:CHEMBL1412710	Not Approved	""	1.003919203055491
BACE1	BERGAMOTTIN	Not Approved	""	0.6692794687036606
BACE1	LANABECESTAT	Not Approved	""	2.007838406110982
BACE1	OXAZINE 89	Not Approved	""	1.003919203055491
BACE1	ELENBECESTAT	Not Approved	""	2.007838406110982
BACE1	RO5508887	Not Approved	""	0.6692794687036606
BACE1	LY-2811376	Not Approved	""	2.007838406110982
BACE1	ATABECESTAT	Not Approved	""	4.015676812221964
BACE1	LANABECESTAT	Not Approved	""	4.015676812221964
BACE1	EPIGALLOCATECHIN-3-GALLATE	Not Approved	""	0.2230931562345535
BACE1	KURARINONE	Not Approved	""	4.015676812221964
BACE1	TARENFLURBIL	Not Approved	""	0.1673198671759151
BACE1	CHEMBL:CHEMBL2047666	Not Approved	""	2.007838406110982
AGXT	LUMASIRAN	Approved	""	26.10189927944276
AGXT	NEDOSIRAN	Approved	""	26.10189927944276
MAPK14	RILAPLADIB	Not Approved	""	0.1418581482578411
MAPK14	KC706	Not Approved	DMARD,antiinflammatory agent	0.1418581482578411
MAPK14	SB203580	Not Approved	""	0.07826656455605026
MAPK14	NEFLAMAPIMOD	Not Approved	""	0.2837162965156822
MAPK14	SU11274	Not Approved	""	0.2837162965156822
MAPK14	LEO-15520	Not Approved	""	0.5674325930313644
MAPK14	PG-760564	Not Approved	""	0.5674325930313644
MAPK14	ARRY-371797	Not Approved	antineoplastic agent	0.1891441976771214
MAPK14	DORAMAPIMOD	Not Approved	""	0.0740129469171345
MAPK14	RECOMBINANT INTERLEUKIN	Not Approved	""	0.1621235980089612
MAPK14	ALPHA-ADRENERGIC AGONIST	Not Approved	""	0.2837162965156822
MAPK14	BMS-582949	Not Approved	antipsoriatic,DMARD,antiinflammatory agent	0.1891441976771214
MAPK14	CHEMBL:CHEMBL1997335	Not Approved	""	0.0135102998340801
MAPK14	TETRADECANOYLPHORBOL ACETATE	Not Approved	""	0.0246709823057115
MAPK14	XANTHOHUMOL	Not Approved	""	0.1891441976771214
MAPK14	H2O2	Not Approved	""	0.04364866100241265
MAPK14	SB202190	Not Approved	""	0.03152403294618691
MAPK14	PH-797804	Not Approved	DMARD,antiinflammatory agent	0.2269730372125457
MAPK14	RWJ-67657	Not Approved	""	0.1891441976771214
MAPK14	SEMAPIMOD	Not Approved	for treatment of Chron's disease,antiinflammatory agent	0.1891441976771214
MAPK14	ALDESLEUKIN	Approved	antineoplastic agent	0.0378288395354243
MAPK14	GSK-610677	Not Approved	""	0.5674325930313644
MAPK14	DILMAPIMOD	Not Approved	DMARD,antiinflammatory agent	0.5674325930313644
MAPK14	ITX-5061	Not Approved	""	0.5674325930313644
MAPK14	RESVERATROL	Approved	antineoplastic agent,antidiabetic,for treatment of herpes simplex virus 1	0.02316051400128018
MAPK14	PAMAPIMOD	Not Approved	""	0.09457209883856074
MAPK14	PEXMETINIB	Not Approved	for treatment of myelodysplastic syndrome	0.06304806589237383
MAPK14	SD-0006	Not Approved	""	0.5674325930313644
MAPK14	TAK-715	Not Approved	""	0.02364302470964018
MAPK14	COMPOUND 37 [PMID: 29193967]	Not Approved	""	0.5674325930313644
MAPK14	AZD6703	Not Approved	""	0.2837162965156822
MAPK14	DASATINIB ANHYDROUS	Approved	antineoplastic agent	0.007466218329360058
MAPK14	HMG-COA REDUCTASE INHIBITOR	Not Approved	""	0.2837162965156822
MAPK14	CRYPTOLEPINE HYDROCHLORIDE	Not Approved	""	0.2837162965156822
MAPK14	SULINDAC SULFIDE	Not Approved	""	0.2837162965156822
MAPK14	VX-702	Not Approved	cardiovascular agent,antiinflammatory agent	0.1621235980089612
MAPK14	TALMAPIMOD	Not Approved	DMARD,antiinflammatory agent	0.7565767907084859
MAPK14	AST-487	Not Approved	""	0.0138398193422284
MAPK14	RO-3201195	Not Approved	""	2.269730372125457
MAPK14	ABX-1431	Not Approved	""	0.1891441976771214
MAPK14	LY-3007113	Not Approved	""	0.5674325930313644
MAPK14	2-METHOXYESTRADIOL	Not Approved	""	0.1134865186062728
MAPK14	(S)-23 [PMID: 27933945]	Not Approved	""	0.5674325930313644
MAPK14	FX-005	Not Approved	""	0.5674325930313644
MAPK14	HALOPERIDOL DECANOATE	Approved	Antipsychotic Agents	0.01493243665872011
MAPK14	MILTIRONE	Not Approved	""	0.2269730372125457
MAPK14	PIRFENIDONE	Approved	for treatment of fibrotic conditions	0.08106179900448064
MAPK14	SC-80036	Not Approved	""	0.5674325930313644
MAPK14	COBALT	Not Approved	""	0.103169562369339
MAPK14	ACUMAPIMOD	Not Approved	""	0.2837162965156822
MAPK14	ILORASERTIB	Not Approved	""	0.004891660284753141
MAPK14	PAREGORIC	Approved	analgesic	0.0246709823057115
MAPK14	PS-516895	Not Approved	""	0.5674325930313644
MAPK14	CHEMBL:CHEMBL8483	Not Approved	""	0.1891441976771214
MAPK14	R-1487	Not Approved	""	0.06304806589237383
MAPK14	LOSMAPIMOD	Not Approved	""	0.1891441976771214
MAPK14	LINIFANIB	Not Approved	antineoplastic agent	0.007092907412892055
MAPK14	PP2	Not Approved	""	0.01891441976771215
MAPK14	AVE-9940	Not Approved	""	0.5674325930313644
MAPK14	TOSITUMOMAB	Not Approved	""	1.134865186062728
MAPK14	RALIMETINIB MESYLATE	Not Approved	""	0.2837162965156822
MAPK14	SCIO-323	Not Approved	""	0.5674325930313644
MAPK14	TA-5493	Not Approved	""	0.5674325930313644
MAPK14	GEFITINIB	Approved	antineoplastic agent	0.008469143179572603
MAPK14	RECOMBINANT TRANSFORMING GROWTH FACTOR-BETA-2	Not Approved	""	0.2269730372125457
MAPK14	RECOMBINANT FIBROBLAST GROWTH FACTOR 2	Not Approved	""	0.103169562369339
MAPK14	RALIMETINIB	Not Approved	""	0.1418581482578411
MAPK14	RG-1530	Not Approved	""	0.006036516947142175
MAPK14	RECOMBINANT HEREGULIN	Not Approved	""	0.1621235980089612
MAPK14	ARGIPRESSIN	Approved	analgesic,Antidiuretic Agents	0.06547299150361897
MAPK14	OPHIOBOLIN O	Not Approved	""	0.1891441976771214
MAPK14	VANDETANIB	Approved	antineoplastic agent	0.009783320569506282
MAPK14	CP-547632	Not Approved	""	0.01289619529616737
MAPK14	RECOMBINANT INTERFERON	Not Approved	""	0.02909910733494176
MAPK14	MISTLETOE EXTRACT	Not Approved	""	0.5674325930313644
MAPK14	PF-03715455	Not Approved	""	0.09457209883856074
MAPK14	RHAMNETIN	Not Approved	""	0.1134865186062728
MAPK14	AZD-7624	Not Approved	""	0.5674325930313644
MAPK14	KERACYANIN	Not Approved	""	0.1621235980089612
MAPK14	PD-0166285	Not Approved	""	0.01091216525060316
MAPK14	GW775608X	Not Approved	""	0.5674325930313644
MAPK14	DARAPLADIB	Not Approved	DMARD,antiinflammatory agent	0.2837162965156822
MAPK14	AMG-548	Not Approved	""	0.5674325930313644
MAPK14	LITHIUM	Approved	""	0.0270205996681602
MAPK14	DOXYCYCLINE ANHYDROUS	Approved	""	0.049341964611423
MAPK14	METHOXSALEN	Approved	""	0.1260961317847476
MAPK14	DIHYDROTANSHINONE I	Not Approved	""	0.2269730372125457
MAPK14	C5A	Not Approved	""	0.1621235980089612
MAPK14	SB-85635	Not Approved	""	0.5674325930313644
MAPK14	EPOETIN ALFA	Approved	for treatment of anemia,Antianemic Agents,for treatment of stroke,erythropoietic agent	0.03337838782537437
MAPK14	SORAFENIB	Approved	antineoplastic agent	0.0148025893834269
MAPK14	DOXORUBICIN HYDROCHLORIDE	Approved	antineoplastic agent	0.01533601602787471
ACSL4	COMPOUND 19A [PMID: 21855335]	Not Approved	""	13.05094963972138
ACSL4	TILFRINIB	Not Approved	""	26.10189927944276
MGMT	METHYLNITROSOUREA	Not Approved	""	0.7030814620725324
MGMT	LOMUSTINE	Approved	""	1.186449967247398
MGMT	GENISTEIN	Approved	""	0.05454942378148958
MGMT	FOTEMUSTINE	Not Approved	""	1.581933289663198
MGMT	RECOMBINANT TRANSFORMING GROWTH FACTOR-BETA 1	Not Approved	""	0.1506603133012569
MGMT	ANTIOXIDANT	Not Approved	""	0.1506603133012569
MGMT	CHLORAMBUCIL	Approved	""	0.3163866579326396
MGMT	RECOMBINANT CYTOKINE	Not Approved	""	0.1216871761279383
MGMT	THIOGUANINE	Approved	""	0.09587474482807261
MGMT	EXATECAN MESYLATE	Not Approved	""	1.581933289663198
MGMT	CISPLATIN	Approved	""	0.03228435285026934
MGMT	CARMUSTINE	Approved	antineoplastic agent	0.1438121172421089
MGMT	CAMPTOTHECIN	Approved	antineoplastic agent	0.09039618798075418
MGMT	HYCANTHONE	Not Approved	""	0.1665192936487576
MGMT	DOXORUBICIN HYDROCHLORIDE	Approved	antineoplastic agent	0.02137747688734051
MGMT	6-O-BENZYLGUANINE	Not Approved	""	1.186449967247398
MGMT	ETHACRYNIC ACID	Approved	Antihypertensive Agents; Diuretics	0.1977416612078997
MGMT	MELPHALAN	Approved	""	0.1581933289663198
MGMT	IRINOTECAN HYDROCHLORIDE	Approved	antineoplastic agent	0.05022010443375231
MGMT	CHEMOPREVENTIVE AGENT	Not Approved	""	0.3515407310362662
MGMT	TRIAZENE COMPOUND	Not Approved	""	3.163866579326396
MGMT	CHEMBL:CHEMBL485756	Not Approved	""	4.745799868989594
MGMT	ADJUVANT	Not Approved	""	0.2109244386217597
MGMT	DACARBAZINE	Approved	Antineoplastic Agents	0.2109244386217597
MGMT	NITROSOUREA COMPOUND	Not Approved	""	1.581933289663198
MGMT	RECOMBINANT INTERFERON	Not Approved	""	0.0811247840852922
MGMT	IFOSFAMIDE	Approved	Antineoplastic Agents	0.2259904699518854
MGMT	MAFOSFAMIDE	Not Approved	""	0.790966644831599
MGMT	NIMUSTINE	Not Approved	""	0.790966644831599
MGMT	G207	Not Approved	""	3.163866579326396
MGMT	AZACITIDINE	Approved	antineoplastic agent	0.0790966644831599
MGMT	THERAPEUTIC GLUCOCORTICOID	Not Approved	""	0.09305489939195281
MGMT	TEMOZOLOMIDE	Approved	""	0.4519809399037708
PBRM1	CDK9 INHIBITOR PRT2527	Not Approved	""	5.495136690409003
PBRM1	EVEROLIMUS	Approved	immunosuppressant	0.5656758357773973
PBRM1	IPILIMUMAB	Approved	antineoplastic agent	0.5495136690409004
PBRM1	TRIAZOLAM	Approved	sedative,analgesic	0.1665192936487576
PBRM1	ANTI-PD-L1 MONOCLONAL ANTIBODY	Not Approved	""	0.6868920863011254
PBRM1	SUNITINIB	Approved	antineoplastic agent	0.1717230215752813
PBRM1	DURVALUMAB	Approved	""	0.2747568345204502
PBRM1	ATEZOLIZUMAB	Approved	""	0.4579280575340836
PBRM1	NIVOLUMAB	Approved	antineoplastic agent	0.4227028223391541
PBRM1	MYELOID CELL LEUKEMIA 1 INHIBITOR PRT1419	Not Approved	""	2.747568345204501
PBRM1	FAVIPIRAVIR	Not Approved	""	1.37378417260225
PBRM1	PAZOPANIB	Approved	antineoplastic agent	0.09640590684928077
PBRM1	ALPRAZOLAM	Approved	hypnotic,sedative,anxiolytic	0.1616216673649707
PBRM1	PEMBROLIZUMAB	Approved	""	0.08325964682437884
PBRM1	CABOZANTINIB S-MALATE	Approved	antineoplastic agent	0.2497789404731365
PBRM1	GSK126	Not Approved	""	1.37378417260225
PBRM1	APITOLISIB	Not Approved	""	0.211351411169577
PBRM1	BELZUTIFAN	Approved	""	1.0990273380818
PBRM1	CTLA-4-TARGETING AGENT	Not Approved	""	2.747568345204501
TNFRSF1A	COLLOIDAL GOLD-BOUND TUMOR NECROSIS FACTOR	Not Approved	antineoplastic agent	8.700633093147589
TNFRSF1A	CYCLOPHOSPHAMIDE ANHYDROUS	Approved	""	0.4296608934887698
TNFRSF1A	GSK-1995057	Not Approved	""	17.40126618629517
NOS3	SAPROPTERIN	Approved	for treatment of phenolketonuria (PKU),PKU-treatment	0.7457685508412218
NOS3	HYDROCHLOROTHIAZIDE	Approved	antihypertensive agent	0.08106179900448064
NOS3	GW274150	Not Approved	""	0.6214737923676849
NOS3	ATORVASTATIN CALCIUM TRIHYDRATE	Approved	anticholesterolaemic agent,antihypecholesterolemic agent	0.1355942819711312
NOS3	IBUPROFEN, SODIUM SALT	Approved	NSAID	0.09561135267195152
NOS3	LEUCOVORIN CALCIUM	Approved	adjuvant to chemotherapy	0.1035789653946141
NOS3	DIGOXIN	Approved	Anti-Arrhythmia Agents; Cardiotonic Agents	0.1096718457119443
NOS3	TILARGININE	Not Approved	for treatment of cardiogenic shock	0.5326918220294442
NOS3	VINCRISTINE	Approved	antineoplastic agent	0.04603509573093962
NOS3	CYTARABINE	Approved	antineoplastic agent	0.04661053442757636
NOS3	SILDENAFIL	Approved	antihypertensive agent,for treatment of erectile dysfucntion,for treatment of erectile dysfunction	0.3389857049278281
NOS3	DAUNORUBICIN LIPOSOMAL	Approved	antineoplastic agent	0.04097629400226493
NOS3	L-NAME	Not Approved	""	1.864421377103054
NOS3	GEDATOLISIB	Not Approved	""	0.1381052871928188
NOS3	TILARGININE ACETATE	Not Approved	""	1.242947584735369
NOS3	EPICATECHIN	Not Approved	""	0.2868340580158546
NOS3	SUNITINIB	Approved	antineoplastic agent	0.1553684480919212
NOS3	RONOPTERIN	Not Approved	""	1.864421377103054
NOS3	METHOTREXATE	Approved	DMARD	0.08474642623195704
NOS3	L-NNA	Not Approved	""	0.6214737923676849
NOS3	SALVIANOLIC ACID B	Not Approved	""	0.9322106885515273
NOS3	SPIRONOLACTONE	Approved	antihypertensive agent	0.2330526721378818
NOS3	ANTIHYPERTENSIVE AGENT	Not Approved	""	0.6991580164136455
NOS3	ARGININE	Approved	""	1.864421377103054
NOS3	SORAFENIB	Approved	antineoplastic agent	0.03242471960179226
NOS3	PREDNISONE	Approved	corticosteroid,antiinflammatory agent	0.08286317231569132
NOS3	DIURETIC	Not Approved	""	0.4661053442757636
NOS3	ASPIRIN	Approved	NSAID	0.04189710959782145
LAG3	IERAMILIMAB	Not Approved	""	13.05094963972138
LAG3	FIANLIMAB	Not Approved	""	6.525474819860691
LAG3	GSK2831781	Not Approved	""	6.525474819860691
LAG3	FAVEZELIMAB	Not Approved	""	6.525474819860691
LAG3	ANTI-LAG-3/PD-L1 BISPECIFIC ANTIBODY FS118	Not Approved	""	3.262737409930345
LAG3	RELATLIMAB	Approved	""	19.57642445958207
LAG3	EFTILAGIMOD ALPHA	Not Approved	""	6.525474819860691
LAG3	TEBOTELIMAB	Not Approved	""	3.262737409930345
DHFR	CH-4051	Not Approved	""	1.581933289663198
DHFR	PEMETREXED DISODIUM	Approved	Antineoplastic Agents,antineoplastic agent	0.4867487045117533
DHFR	DIFLUNISAL	Approved	antidiabetic	0.3163866579326396
DHFR	METHOTREXATE	Approved	DMARD	0.1869557524147416
DHFR	PEMETREXED MONOHYDRATE	Approved	""	0.5273110965543993
DHFR	CH-1504	Not Approved	DMARD,antiinflammatory agent	1.581933289663198
DHFR	TRIMETREXATE	Approved	Antineoplastic Agents	0.5273110965543993
DHFR	PRALATREXATE	Approved	antineoplastic agent,Antineoplastic Agents	2.636555482771996
DHFR	ANTINEOPLASTIC ANTIBIOTIC	Not Approved	""	1.581933289663198
DHFR	ICLAPRIM	Not Approved	""	3.163866579326396
DHFR	LENOGRASTIM	Approved	""	0.1438121172421089
DHFR	FOLIC ACID	Approved	""	0.1318277741385998
DHFR	PEGFILGRASTIM	Approved	Antineutropenic Agents,for treatment of neutropenia	0.790966644831599
DHFR	CYCLOSPORINE	Approved	immunosuppressant,opthalmological agent	0.03636628252099305
DHFR	RALTITREXED	Not Approved	""	1.581933289663198
DHFR	RALTITREXED	Approved	antineoplastic agent	0.4519809399037708
DHFR	PIRITREXIM	Not Approved	""	3.163866579326396
DHFR	VITAMIN B12	Approved	""	0.4519809399037708
DHFR	AMINOSALICYLIC ACID	Approved	""	0.790966644831599
DHFR	ANUMIGILIMAB	Not Approved	""	1.581933289663198
DHFR	TALOTREXIN	Not Approved	antineoplastic agent	0.5273110965543993
DHFR	SULFASALAZINE	Approved	DMARD,antiinflammatory agent	0.1318277741385998
DHFR	CHEMBL:CHEMBL22148	Not Approved	""	1.581933289663198
DHFR	FOLATE ANTAGONIST	Not Approved	""	1.054622193108798
DHFR	PERFOSFAMIDE	Not Approved	""	0.5273110965543993
DHFR	TAMOXIFEN	Approved	Hormonal,Antineoplastic Agents	0.04867487045117532
DHFR	PYRIMETHAMINE	Approved	""	0.2876242344842178
DHFR	PEMETREXED TROMETHAMINE	Approved	""	0.790966644831599
DHFR	SULFAMETHOXAZOLE	Approved	""	0.1129952349759427
DHFR	METHOTREXATE SODIUM	Approved	""	3.163866579326396
DHFR	MITOMYCIN	Approved	""	0.1318277741385998
DHFR	COMPOUND 9 [PMID: 15615544]	Not Approved	""	0.790966644831599
DHFR	LEUCOVORIN CALCIUM	Approved	adjuvant to chemotherapy	0.04394259137953327
STING1	MK-1454	Not Approved	""	26.10189927944276
STING1	ADU-S100	Not Approved	""	52.20379855888553
SLC10A1	PRAVASTATIN SODIUM	Approved	anticholesterolaemic agent,antihypecholesterolemic agent	0.5524211487712755
SLC10A1	HEPALATIDE	Not Approved	""	7.457685508412219
SLC10A1	ROSUVASTATIN	Approved	antihypecholesterolemic agent	0.6214737923676849
SLC10A1	MYRCLUDEX B	Not Approved	""	7.457685508412219
SLC10A1	MARALIXIBAT	Not Approved	""	2.485895169470739
SLC10A1	BULEVIRTIDE ACETATE	Approved	""	7.457685508412219
SLC10A1	BULEVIRTIDE	Approved	""	7.457685508412219
GCLC	ANTIOXIDANT	Not Approved	""	0.4971790338941478
GCLC	CISPLATIN	Approved	""	0.07102557627059256
GCLC	SULFAMETHOXAZOLE	Approved	""	0.745768550841222
GCLC	(+)-JQ1	Not Approved	""	1.04407597117771
GCLC	XD14	Not Approved	""	1.305094963972138
GCLC	GSK852	Not Approved	""	1.740126618629517
GCLC	BUTHIONINE SULFOXIMINE	Not Approved	""	2.610189927944276
GCLC	DEHYDRATED ALCOHOL	Approved	""	0.1321615153389507
GCLC	CARBOPLATIN	Approved	""	0.1214041826950826
GCLC	WNY0824	Not Approved	""	1.04407597117771
PDCD1	PEMBROLIZUMAB	Approved	""	0.1186449967247398
PDCD1	PUCOTENLIMAB	Not Approved	""	1.305094963972138
PDCD1	TISLELIZUMAB	Approved	""	2.610189927944276
PDCD1	EZABENLIMAB	Not Approved	""	1.305094963972138
PDCD1	ANTI-PD-1 MONOCLONAL ANTIBODY SYM021	Not Approved	""	1.305094963972138
PDCD1	AMP-224	Not Approved	""	2.610189927944276
PDCD1	SPARTALIZUMAB	Not Approved	""	0.8700633093147588
PDCD1	DOSTARLIMAB	Approved	""	0.8700633093147588
PDCD1	CEMIPLIMAB	Approved	""	0.372884275420611
PDCD1	CT-011	Not Approved	antineoplastic agent	2.610189927944276
PDCD1	LOMVASTOMIG	Not Approved	""	0.6525474819860692
PDCD1	PIDILIZUMAB	Not Approved	""	1.305094963972138
PDCD1	CADONILIMAB	Not Approved	""	0.6525474819860692
PDCD1	CAMRELIZUMAB	Not Approved	""	1.305094963972138
PDCD1	PENPULIMAB	Not Approved	""	1.305094963972138
PDCD1	MEDI0680	Not Approved	""	1.305094963972138
PDCD1	FINOTONLIMAB	Not Approved	""	1.305094963972138
PDCD1	CETRELIMAB	Not Approved	""	0.8700633093147588
PDCD1	SERPLULIMAB	Not Approved	""	1.305094963972138
PDCD1	BUDIGALIMAB	Not Approved	""	1.305094963972138
PDCD1	LIPUSTOBART	Not Approved	""	1.305094963972138
PDCD1	CAMRELIZUMAB	Not Approved	""	1.305094963972138
PDCD1	DURVALUMAB	Approved	""	0.1305094963972138
PDCD1	BALSTILIMAB	Not Approved	""	2.610189927944276
PDCD1	RETIFANLIMAB	Approved	""	1.305094963972138
PDCD1	TEBOTELIMAB	Not Approved	""	1.305094963972138
PDCD1	BINTRAFUSP ALFA	Not Approved	""	0.2610189927944276
PDCD1	APL-501	Not Approved	""	1.305094963972138
PDCD1	VUDALIMAB	Not Approved	""	1.305094963972138
PDCD1	AUNP-12	Not Approved	""	1.305094963972138
PDCD1	CS-1003	Not Approved	""	1.305094963972138
PDCD1	ZIMBERELIMAB	Not Approved	""	1.305094963972138
PDCD1	PIMIVALIMAB	Not Approved	""	1.305094963972138
PDCD1	SINTILIMAB	Not Approved	""	0.8700633093147588
PDCD1	CC-90006	Not Approved	""	1.305094963972138
PDCD1	RETIFANLIMAB	Not Approved	""	1.305094963972138
PDCD1	GEPTANOLIMAB	Not Approved	""	1.305094963972138
PDCD1	TORIPALIMAB	Approved	""	1.305094963972138
PDCD1	NIVOLUMAB	Approved	antineoplastic agent	0.3011757609166473
PDCD1	SASANLIMAB	Not Approved	""	2.610189927944276
TARDBP	BIFONAZOLE	Approved	""	0.04237321311597852
TARDBP	CHEMBL:CHEMBL1320453	Not Approved	""	0.06658647775368053
TARDBP	CHEMBL:CHEMBL579318	Not Approved	""	0.04661053442757636
TARDBP	CHEMBL:CHEMBL74852	Not Approved	""	0.1553684480919212
TARDBP	CHEMBL:CHEMBL1545737	Not Approved	""	0.2330526721378818
TARDBP	PRASTERONE	Approved	hormone supplement for increasing bone mineral density in patients with systemic lupus erythematosus	0.02589474134865353
TARDBP	WIN55212-2	Not Approved	""	0.02219549258456017
TARDBP	1,10-PHENANTHROLINE	Not Approved	""	0.02219549258456017
TARDBP	2-(2'-METHOXYPHENYL)-1H-INDOLE	Not Approved	""	0.1553684480919212
TARDBP	NAPROXEN SODIUM	Approved	NSAID,antimigraine agent	0.02741796142798609
TARDBP	CHEMBL:CHEMBL599098	Not Approved	""	0.05826316803447046
TARDBP	CHEMBL:CHEMBL2094567	Not Approved	""	0.09322106885515273
TARDBP	CHEMBL:CHEMBL2094833	Not Approved	""	0.0776842240459606
TARDBP	TESTOSTERONE PROPIONATE	Approved	""	0.05826316803447046
TARDBP	IBUPROFEN, SODIUM SALT	Approved	NSAID	0.01195141908399394
TARDBP	CHEMBL:CHEMBL1210769	Not Approved	""	0.05826316803447046
TARDBP	CHENODEOXYCHOLIC ACID	Approved	""	0.04661053442757636
TARDBP	RILUZOLE	Approved	for treatment of ALS	0.02026544975112016
TARDBP	PTEROSTILBENE	Not Approved	""	0.1165263360689409
TARDBP	CHEMBL:CHEMBL429095	Not Approved	""	0.009322106885515272
TARDBP	PHENYLETHENYLSEMICARBAZONE	Not Approved	""	0.4661053442757636
TARDBP	CHEMBL:CHEMBL1569494	Not Approved	""	0.09322106885515273
TARDBP	2-PHENYL-1H-INDOLE	Not Approved	""	0.4661053442757636
TARDBP	FLURBIPROFEN	Approved	NSAID,antiinflammatory agent	0.05826316803447046
TARDBP	CHEMBL:CHEMBL591876	Not Approved	""	0.1165263360689409
TARDBP	CHEMBL:CHEMBL1333049	Not Approved	""	0.06658647775368053
TARDBP	ANDROSTERONE	Not Approved	""	0.4661053442757636
TARDBP	1,4-DIMETHOXYANTHRAQUINONE	Not Approved	""	0.04661053442757636
TARDBP	CHEMBL:CHEMBL1445650	Not Approved	""	0.1553684480919212
TARDBP	STILONIUM IODIDE	Not Approved	""	0.06658647775368053
TARDBP	TRIADIMEFON	Not Approved	""	0.2330526721378818
TARDBP	ESTRONE	Approved	Hormone Replacement Agents	0.04237321311597852
TARDBP	EPIANDROSTERONE	Not Approved	""	0.2330526721378818
TARDBP	CHEMBL:CHEMBL589444	Not Approved	""	0.4661053442757636
TARDBP	CHEMBL:CHEMBL548681	Not Approved	""	0.4661053442757636
TARDBP	CHEMBL:CHEMBL1479114	Not Approved	""	0.2330526721378818
TARDBP	TO-901317	Not Approved	""	0.02913158401723523
TARDBP	JNJ1661010	Not Approved	""	0.0776842240459606
TARDBP	CHEMBL:CHEMBL607138	Not Approved	""	0.4661053442757636
TARDBP	CHEMBL:CHEMBL1415851	Not Approved	""	0.09322106885515273
TARDBP	FLUCONAZOLE	Approved	""	0.04661053442757636
TARDBP	FLAVANONE	Not Approved	""	0.05826316803447046
TARDBP	SIMVASTATIN	Approved	antidyslipidaemic agent,anticholesterolaemic agent,antihypertensive agent	0.009322106885515272
TARDBP	ESFLURBIPROFEN	Approved	""	0.1165263360689409
TARDBP	CHEMBL:CHEMBL602990	Not Approved	""	0.05826316803447046
TARDBP	CHEMBL:CHEMBL139935	Not Approved	""	0.04237321311597852
TARDBP	PHYLLODULCIN	Not Approved	""	0.4661053442757636
TARDBP	CHEMBL:CHEMBL590695	Not Approved	""	0.4661053442757636
TARDBP	CHEMBL:CHEMBL601385	Not Approved	""	0.06658647775368053
TARDBP	BENZETHONIUM CHLORIDE	Approved	""	0.02913158401723523
TARDBP	PHENETHYL PHENYLCARBAMATE	Not Approved	""	0.4661053442757636
TARDBP	FAGARONINE	Not Approved	""	0.0776842240459606
TARDBP	CHEMBL:CHEMBL426	Not Approved	""	0.1553684480919212
TARDBP	CHEMBL:CHEMBL597035	Not Approved	""	0.0776842240459606
TARDBP	CHEMBL:CHEMBL47875	Not Approved	""	0.1165263360689409
TARDBP	CEPHALOCHROMIN	Not Approved	""	0.02453186022504019
TARDBP	CHEMBL:CHEMBL527271	Not Approved	""	0.0776842240459606
TARDBP	N-OLEOYLDOPAMINE	Not Approved	""	0.02589474134865353
TARDBP	PIPERLONGUMINE	Not Approved	""	0.05178948269730707
TARDBP	CHEMBL:CHEMBL1553566	Not Approved	""	0.4661053442757636
TARDBP	FORMESTANE	Not Approved	""	0.1165263360689409
TARDBP	DIFENPIRAMIDE	Not Approved	""	0.4661053442757636
TARDBP	CHLORHEXIDINE GLUCONATE	Approved	""	0.02453186022504019
TARDBP	CHEMBL:CHEMBL1537417	Not Approved	""	0.05178948269730707
TARDBP	CHEMBL:CHEMBL1256364	Not Approved	""	0.05178948269730707
TARDBP	CAFFEIC ACID PHENETHYL ESTER	Not Approved	""	0.03329323887684026
TARDBP	CHEMBL:CHEMBL1373255	Not Approved	""	0.1553684480919212
TARDBP	CHEMBL:CHEMBL524407	Not Approved	""	0.4661053442757636
TARDBP	ADENINE	Not Approved	""	0.4661053442757636
TARDBP	CHEMBL:CHEMBL66279	Not Approved	""	0.2330526721378818
TARDBP	CHEMBL:CHEMBL602740	Not Approved	""	0.2330526721378818
TARDBP	TRIADIMENOL	Not Approved	""	0.2330526721378818
TARDBP	CHRYSIN DIMETHYL ETHER	Not Approved	""	0.1553684480919212
TARDBP	CHEMBL:CHEMBL600778	Not Approved	""	0.1165263360689409
TARDBP	PAXILLINE	Not Approved	""	0.1165263360689409
TARDBP	TPCK	Not Approved	""	0.02589474134865353
TARDBP	CHEMBL:CHEMBL598263	Not Approved	""	0.1165263360689409
TARDBP	CHEMBL:CHEMBL599924	Not Approved	""	0.02913158401723523
TARDBP	CHEMBL:CHEMBL601554	Not Approved	""	0.4661053442757636
TARDBP	CLOROPHENE	Not Approved	""	0.09322106885515273
TARDBP	CHEMBL:CHEMBL592611	Not Approved	""	0.1165263360689409
TARDBP	GIPARMEN	Not Approved	""	0.2330526721378818
TARDBP	BENZOPHENONE-THIOSEMICARBAZONE	Not Approved	""	0.2330526721378818
TARDBP	REV-5901	Not Approved	""	0.1165263360689409
TARDBP	PROGESTERONE	Approved	for reducing the risk of pre-term birth for women with short cervix a mid-pregnancy,for prevention of preterm delivery,for symptomatic treatment of menopausal symptoms,neuroprotectant for stroke victims	0.007900090580945146
TARDBP	CHEMBL:CHEMBL533074	Not Approved	""	0.4661053442757636
TARDBP	CHEMBL:CHEMBL1889303	Not Approved	""	0.1165263360689409
TARDBP	ONONETIN	Not Approved	""	0.1553684480919212
TARDBP	CHEMBL:CHEMBL580130	Not Approved	""	0.4661053442757636
TARDBP	CHEMBL:CHEMBL600255	Not Approved	""	0.4661053442757636
TARDBP	CHEMBL:CHEMBL597449	Not Approved	""	0.2330526721378818
TARDBP	CHEMBL:CHEMBL103583	Not Approved	""	0.05826316803447046
TARDBP	CHEMBL:CHEMBL591178	Not Approved	""	0.1553684480919212
TARDBP	CHEMBL:CHEMBL1522984	Not Approved	""	0.09322106885515273
TARDBP	MORUSINOL	Not Approved	""	0.2330526721378818
TARDBP	EQUILIN	Not Approved	""	0.1165263360689409
TARDBP	ARTEMISININ	Approved	""	0.05178948269730707
TARDBP	ENILCONAZOLE	Not Approved	""	0.2330526721378818
TARDBP	SESAMIN	Not Approved	""	0.4661053442757636
TARDBP	DIDEOXYADENOSINE	Not Approved	""	0.0776842240459606
TARDBP	CHEMBL:CHEMBL64239	Not Approved	""	0.1553684480919212
TARDBP	GRINIMIBINE	Not Approved	""	0.09322106885515273
TARDBP	CHEMBL:CHEMBL153505	Not Approved	""	0.2330526721378818
TARDBP	CHEMBL:CHEMBL1902074	Not Approved	""	0.0776842240459606
TARDBP	DEXIBUPROFEN	Approved	""	0.1165263360689409
TARDBP	CHEMBL:CHEMBL576208	Not Approved	""	0.04237321311597852
TARDBP	CHEMBL:CHEMBL601918	Not Approved	""	0.4661053442757636
TARDBP	DICLOFENAC SODIUM	Approved	for treatment of glaucoma,analgesic,NSAID	0.01370898071399304
TARDBP	CHEMBL:CHEMBL1523215	Not Approved	""	0.1165263360689409
TARDBP	CHEMBL:CHEMBL589717	Not Approved	""	0.4661053442757636
TARDBP	NEOCUPROINE	Not Approved	""	0.2330526721378818
TARDBP	CHEMBL:CHEMBL600107	Not Approved	""	0.4661053442757636
MC2R	COSYNTROPIN	Approved	Diagnostic Agents	13.05094963972138
MC2R	CORTICOTROPIN	Approved	Diagnostic Agents	2.447053057447759
MC2R	IMIPRAMINE HYDROCHLORIDE	Approved	Tricyclic,Antidepressive Agents	0.6525474819860692
MC2R	CORTICOTROPIN-ZINC HYDROXIDE	Approved	""	3.262737409930345
MC2R	VALPROIC ACID	Approved	Anticonvulsants,for treatment of basal cell carcinoma,anticonvulsant	0.2289640287670418
MC2R	SERACTIDE ACETATE	Approved	""	6.525474819860691
MC2R	PREDNISONE	Approved	corticosteroid,antiinflammatory agent	0.2900211031049196
MC2R	SURAMIN	Not Approved	""	0.3434460431505627
SYK	DASATINIB ANHYDROUS	Approved	antineoplastic agent	0.01962548818003215
SYK	CENISERTIB	Not Approved	antineoplastic agent	0.01264014492951223
SYK	FOSTAMATINIB DISODIUM	Approved	""	2.983074203364887
SYK	ENTOSPLETINIB	Not Approved	""	0.7457685508412218
SYK	FOSTAMATINIB	Approved	DMARD,antiinflammatory agent	2.983074203364887
SYK	CEDIRANIB	Not Approved	antineoplastic agent	0.02663459110147221
SYK	NVP-TAE684	Not Approved	""	0.014480942734781
SYK	ADAVOSERTIB	Not Approved	antineoplastic agent	0.05326918220294442
SYK	RG-1530	Not Approved	""	0.01586741597534514
SYK	CHEMBL:CHEMBL379975	Not Approved	""	0.03389857049278281
SYK	ERLOTINIB	Approved	antineoplastic agent	0.02663459110147221
SYK	PRT-2607	Not Approved	""	1.491537101682443
SYK	CEVIDOPLENIB DIMESYLATE	Not Approved	""	1.491537101682443
SYK	MIVAVOTINIB CITRATE	Not Approved	""	2.983074203364887
SYK	CHEMBL:CHEMBL535331	Not Approved	""	0.1657263446313826
SYK	R-112	Not Approved	""	1.491537101682443
SYK	SOVLEPLENIB	Not Approved	""	0.7457685508412218
SYK	GUSACITINIB	Not Approved	""	0.2983074203364887
SYK	TAMATINIB	Not Approved	""	0.05524211487712754
SYK	PACLITAXEL	Approved	for treatment of peripheral arterial disease (PAD),DMARD,antiinflammatory agent,antineoplastic agent	0.01355942819711312
SYK	ILORASERTIB	Not Approved	""	0.01285807846277968
SYK	GSK2646264	Not Approved	""	0.1657263446313826
SYK	GW441756X	Not Approved	""	0.02294672464126836
SYK	ENTRECTINIB	Approved	""	0.0261673175733762
SYK	R-348	Not Approved	""	0.7457685508412218
SYK	R-333	Not Approved	""	0.7457685508412218
SYK	PD-0166285	Not Approved	""	0.02868340580158545
SYK	R-343	Not Approved	""	1.491537101682443
SYK	CYC-116	Not Approved	""	0.01537667115136539
SYK	SP-600125	Not Approved	""	0.01675884383912858
SYK	TAMATINIB	Not Approved	""	0.4971790338941478
SYK	LANRAPLENIB	Not Approved	""	2.983074203364887
SYK	P505-15	Not Approved	antiinflammatory agent	0.7457685508412218
SYK	CERDULATINIB	Not Approved	""	0.2485895169470739
SYK	IMATINIB	Approved	antineoplastic agent	0.02071579307892282
NFE2L2	CHEMBL:CHEMBL1537417	Not Approved	""	0.00693001441110919
NFE2L2	SIMVASTATIN	Approved	antidyslipidaemic agent,anticholesterolaemic agent,antihypertensive agent	0.002494805187999308
NFE2L2	CHEMBL:CHEMBL591631	Not Approved	""	0.06237012969998271
NFE2L2	CHEMBL:CHEMBL578929	Not Approved	""	0.01559253242499567
NFE2L2	MIFEPRISTONE	Approved	antidepressant,antipsychotic,for lowering intraocular pressure,opthalmological agent	0.00222750463214224
NFE2L2	CHEMBL:CHEMBL224318	Not Approved	""	0.02079004323332757
NFE2L2	ROSIGLITAZONE MALEATE	Approved	""	0.02079004323332757
NFE2L2	DICUMAROL	Approved	Anticoagulants	0.02338879863749352
NFE2L2	2-NITROFLUORENE	Not Approved	""	0.06237012969998271
NFE2L2	CHEMBL:CHEMBL530291	Not Approved	""	0.00891001852856896
NFE2L2	PREDNICARBATE	Approved	Anti-Inflammatory Agents; Corticosteroids	0.01559253242499567
NFE2L2	5-FLUOROURIDINE	Not Approved	""	0.01247402593999654
NFE2L2	BENZO[E]PYRENE	Not Approved	""	0.02079004323332757
NFE2L2	DIPHENADIONE	Not Approved	""	0.01559253242499567
NFE2L2	RABEPRAZOLE	Approved	Proton pump inhibitor	0.002398851142307027
NFE2L2	DEXAMETHASONE SODIUM PHOSPHATE	Approved	""	0.03118506484999135
NFE2L2	2-METHOXY-1,4-NAPHTHOQUINONE	Not Approved	""	0.007796266212497839
NFE2L2	DINITRO CRESOL	Not Approved	""	0.01559253242499567
NFE2L2	ALDICARB	Not Approved	""	0.02079004323332757
NFE2L2	VITAMIN A	Approved	""	0.002310004803703064
NFE2L2	ANTIMYCIN A	Not Approved	""	0.02079004323332757
NFE2L2	MELENGESTROL ACETATE	Approved	""	0.02079004323332757
NFE2L2	CHEMBL:CHEMBL168075	Not Approved	""	0.03118506484999135
NFE2L2	WORTMANNIN	Not Approved	""	0.00668251389642672
NFE2L2	BROMOCRIPTINE MESYLATE	Approved	""	0.00891001852856896
NFE2L2	HEXYLRESORCINOL	Approved	""	0.01559253242499567
NFE2L2	ISOFLUPREDONE ACETATE	Not Approved	""	0.03118506484999135
NFE2L2	LITHIUM	Approved	""	0.002970006176189653
NFE2L2	1-NAPHTHOL	Not Approved	""	0.06237012969998271
NFE2L2	BENZO[B]FLUORANTHENE	Not Approved	""	0.00891001852856896
NFE2L2	NANAOMYCIN	Not Approved	""	0.004797702284614055
NFE2L2	NIFEDIPINE	Approved	Antianginal Agents; Vasodilator Agents	0.00111375231607112
NFE2L2	2-AMINOANTHRACENE	Not Approved	""	0.01559253242499567
NFE2L2	CHEMBL:CHEMBL426404	Not Approved	""	0.03118506484999135
NFE2L2	METHOTREXATE	Approved	DMARD	0.000567001179090752
NFE2L2	E1501	Not Approved	""	0.03118506484999135
NFE2L2	CHEMBL:CHEMBL1329443	Not Approved	""	0.02079004323332757
NFE2L2	CHEMBL:CHEMBL531710	Not Approved	""	0.03118506484999135
NFE2L2	METHYLPREDNISOLONE ACETATE	Not Approved	""	0.03118506484999135
NFE2L2	AZAMETHIPHOS	Not Approved	""	0.03118506484999135
NFE2L2	METOPRINE	Not Approved	""	0.02079004323332757
NFE2L2	FLUFENACET	Not Approved	""	0.03118506484999135
NFE2L2	CHEMBL:CHEMBL606167	Not Approved	""	0.007796266212497839
NFE2L2	TRETAZICAR	Not Approved	""	0.06237012969998271
NFE2L2	PENDIMETHALIN	Not Approved	""	0.06237012969998271
NFE2L2	PHENYLPYRUVATE	Not Approved	""	0.06237012969998271
NFE2L2	CHEMBL:CHEMBL585656	Not Approved	""	0.006237012969998271
NFE2L2	AZOSEMIDE	Not Approved	""	0.06237012969998271
NFE2L2	ABSCISIC ACID	Not Approved	""	0.06237012969998271
NFE2L2	TOLFENAMIC ACID	Not Approved	""	0.006237012969998271
NFE2L2	MEFENAMIC ACID	Approved	NSAID	0.00445500926428448
NFE2L2	CHEMBL:CHEMBL1761683	Not Approved	""	0.06237012969998271
NFE2L2	5,7-DIHYDROXY-4-METHYLCOUMARIN	Not Approved	""	0.01559253242499567
NFE2L2	CHEMBL:CHEMBL582030	Not Approved	""	0.02079004323332757
NFE2L2	COUMARIN	Approved	""	0.005197510808331893
NFE2L2	CHEMBL:CHEMBL167529	Not Approved	""	0.06237012969998271
NFE2L2	METHYL ALCOHOL	Not Approved	""	0.06237012969998271
NFE2L2	FLUMAZENIL	Approved	Benzodoazepine Overdose,Antidotes	0.002598755404165946
NFE2L2	DIGITOXIN	Approved	Anti-Arrhythmia Agents; Cardiotonic Agents	0.003282638405262248
NFE2L2	NITROFURANTOIN, MACROCRYSTALS	Approved	""	0.004797702284614055
NFE2L2	CHEMBL:CHEMBL604528	Not Approved	""	0.06237012969998271
NFE2L2	TCDD	Not Approved	""	0.004989610375998617
NFE2L2	AMINACRINE HYDROCHLORIDE	Not Approved	""	0.00891001852856896
NFE2L2	PYROGALLOL	Approved	""	0.004158008646665515
NFE2L2	CARFILZOMIB	Approved	antineoplastic agent	0.001039502161666378
NFE2L2	CHEMBL:CHEMBL578636	Not Approved	""	0.03118506484999135
NFE2L2	SUFORAPHANE ISOSELENOCYANATE	Not Approved	""	0.1247402593999654
NFE2L2	CHEMBL:CHEMBL583584	Not Approved	""	0.03118506484999135
NFE2L2	CHEMBL:CHEMBL609606	Not Approved	""	0.006237012969998271
NFE2L2	2-METHOXYESTRADIOL	Not Approved	""	0.006237012969998271
NFE2L2	TIOXOLONE	Not Approved	""	0.01247402593999654
NFE2L2	STREPTONIGRIN	Not Approved	""	0.003118506484999135
NFE2L2	GLUTARAL	Approved	""	0.03118506484999135
NFE2L2	STROPHANTHIDIN	Not Approved	""	0.01039502161666378
NFE2L2	MITONAFIDE	Not Approved	""	0.007796266212497839
NFE2L2	CHEMBL:CHEMBL601547	Not Approved	""	0.01559253242499567
NFE2L2	NORGESTREL	Approved	Synthetic,Oral,Contraceptives	0.01039502161666378
NFE2L2	METHYSTICIN	Not Approved	""	0.02079004323332757
NFE2L2	HOMIDIUM BROMIDE	Not Approved	""	0.00215069412758561
NFE2L2	CHEMBL:CHEMBL482050	Not Approved	""	0.005197510808331893
NFE2L2	CHEMBL:CHEMBL167316	Not Approved	""	0.06237012969998271
NFE2L2	CYCLOASPEPTIDE A	Not Approved	""	0.02079004323332757
NFE2L2	TRIFLUMIZOLE	Not Approved	""	0.03118506484999135
NFE2L2	CARFENTRAZONE-ETHYL	Not Approved	""	0.06237012969998271
NFE2L2	4-AMINOPHENOL	Approved	""	0.007796266212497839
NFE2L2	CHEMBL:CHEMBL593366	Not Approved	""	0.03118506484999135
NFE2L2	TRIAMTERENE	Approved	Antihypertensive Agents; Diuretics	0.003465007205554595
NFE2L2	9,10-PHENANTHRENEQUINONE	Not Approved	""	0.002398851142307027
NFE2L2	OMEGA-CHLOROACETOPHENONE	Not Approved	""	0.01039502161666378
NFE2L2	PREGNENOLONE-16&ALPHA;-CARBONITRILE	Not Approved	""	0.06237012969998271
NFE2L2	DIFLORASONE DIACETATE	Approved	Anti-Inflammatory Agents; Glucocorticoids	0.01039502161666378
NFE2L2	FENAMIDONE	Not Approved	""	0.03118506484999135
NFE2L2	CHEMBL:CHEMBL53738	Not Approved	""	0.06237012969998271
NFE2L2	MORNIFLUMATE	Not Approved	""	0.03118506484999135
NFE2L2	CHEMBL:CHEMBL582983	Not Approved	""	0.01559253242499567
NFE2L2	CHEMBL:CHEMBL577660	Not Approved	""	0.01247402593999654
NFE2L2	DINOSEB	Not Approved	""	0.01559253242499567
NFE2L2	TRETINOIN	Approved	for treatment of acne	0.002056158121977451
NFE2L2	METHABENZTHIAZURON	Not Approved	""	0.03118506484999135
NFE2L2	DROMETRIZOLE	Not Approved	""	0.02079004323332757
NFE2L2	(2S)-1-(1H-INDOL-3-YL)-3-{[5-(3-METHYL-1H-INDAZOL-5-YL)PYRIDIN-3-YL]OXY}PROPAN-2-AMINE	Not Approved	""	0.004797702284614055
NFE2L2	LEAD DIACETATE TRIHYDRATE	Not Approved	""	0.02079004323332757
NFE2L2	TRICYCLAZOLE	Not Approved	""	0.06237012969998271
NFE2L2	ACAMPROSATE CALCIUM	Approved	antineoplastic agent,for treatment of alcohol-dependance	0.002494805187999308
NFE2L2	PROPACHLOR	Not Approved	""	0.00891001852856896
NFE2L2	BARDOXOLONE METHYL	Not Approved	""	0.02338879863749352
NFE2L2	SPIPERONE	Not Approved	""	0.003282638405262248
NFE2L2	SIROLIMUS	Approved	for treatment of wet age-related macular degeneration,immunosuppressant	0.00215069412758561
NFE2L2	CHEMBL:CHEMBL581880	Not Approved	""	0.01039502161666378
NFE2L2	PROROXAN HYDROCHLORIDE	Not Approved	""	0.00891001852856896
NFE2L2	CHEMBL:CHEMBL578944	Not Approved	""	0.00567001179090752
NFE2L2	SELECTIVE ESTROGEN RECEPTOR MODULATOR	Not Approved	""	0.01386002882221838
NFE2L2	NEFAZODONE HYDROCHLORIDE	Approved	""	0.01039502161666378
NFE2L2	DIMETHENAMID	Not Approved	""	0.02079004323332757
NFE2L2	CINOBUFOTALIN	Not Approved	""	0.02079004323332757
NFE2L2	RESMETHRIN	Not Approved	""	0.06237012969998271
NFE2L2	DESACETOXYMATRICARIN	Not Approved	""	0.06237012969998271
NFE2L2	9-AMINOCAMPTOTHECIN	Not Approved	""	0.00567001179090752
NFE2L2	CHEMBL:CHEMBL587229	Not Approved	""	0.06237012969998271
NFE2L2	ISOFENPHOS	Not Approved	""	0.03118506484999135
NFE2L2	NELFINAVIR MESYLATE	Approved	""	0.01039502161666378
NFE2L2	QUINIZARIN	Not Approved	""	0.03118506484999135
NFE2L2	INDOLE-3-BUTYRIC ACID	Not Approved	""	0.06237012969998271
NFE2L2	SUFENTANIL CITRATE	Approved	""	0.01559253242499567
NFE2L2	CHEMBL:CHEMBL598263	Not Approved	""	0.01559253242499567
NFE2L2	BIS(DIMETHYLAMINETHIOCARBONYL)MONOSULFIDE	Not Approved	""	0.007796266212497839
NFE2L2	TROGLITAZONE	Approved	""	0.002398851142307027
NFE2L2	CHEMBL:CHEMBL585591	Not Approved	""	0.002598755404165946
NFE2L2	MONOBENZONE	Approved	""	0.02079004323332757
NFE2L2	FIPEXIDE HYDROCHLORIDE	Not Approved	""	0.02079004323332757
NFE2L2	BETAMETHASONE	Approved	glucocorticoid,antiinflammatory agent	0.006237012969998271
NFE2L2	CLORGYLINE HYDROCHLORIDE	Not Approved	""	0.02079004323332757
NFE2L2	SAQUINAVIR MESYLATE	Approved	""	0.00693001441110919
NFE2L2	CHEMBL:CHEMBL1304363	Not Approved	""	0.01559253242499567
NFE2L2	CHEMBL:CHEMBL529138	Not Approved	""	0.03118506484999135
NFE2L2	GUGGULSTERONE	Not Approved	""	0.00693001441110919
NFE2L2	NITRILOTRIACETIC ACID	Not Approved	""	0.03118506484999135
NFE2L2	MITOGEN-ACTIVATED PROTEIN KINASE INHIBITOR	Not Approved	""	0.01782003705713792
NFE2L2	CHEMBL:CHEMBL184450	Not Approved	""	0.00445500926428448
NFE2L2	BENODANIL	Not Approved	""	0.06237012969998271
NFE2L2	THIOPHANATE METHYL	Not Approved	""	0.02079004323332757
NFE2L2	CHEMBL:CHEMBL426	Not Approved	""	0.02079004323332757
NFE2L2	CAPSAICIN	Approved	analgesic	0.01100649347646753
NFE2L2	STILONIUM IODIDE	Not Approved	""	0.00891001852856896
NFE2L2	THIORPHAN	Not Approved	""	0.01559253242499567
NFE2L2	CHEMBL:CHEMBL607140	Not Approved	""	0.03118506484999135
NFE2L2	CYCLOFENIL	Approved	""	0.01559253242499567
NFE2L2	CHEMBL:CHEMBL388823	Not Approved	""	0.01039502161666378
NFE2L2	METHYL ABIETATE	Not Approved	""	0.06237012969998271
NFE2L2	CHEMBL:CHEMBL295337	Not Approved	""	0.03118506484999135
NFE2L2	TBBT	Not Approved	""	0.007796266212497839
NFE2L2	CHEMBL:CHEMBL530499	Not Approved	""	0.02079004323332757
NFE2L2	OXENDOLONE	Not Approved	""	0.03118506484999135
NFE2L2	ATOVAQUONE	Approved	""	0.03118506484999135
NFE2L2	TRIAMCINOLONE	Approved	for treatment of diabetic macular edema	0.002711744769564466
NFE2L2	HALAZONE	Not Approved	""	0.03118506484999135
NFE2L2	HPTE	Not Approved	""	0.02079004323332757
NFE2L2	CHEMBL:CHEMBL585502	Not Approved	""	0.00567001179090752
NFE2L2	DIBENZ[A,H]ANTHRACENE	Not Approved	""	0.01247402593999654
NFE2L2	PHENYLALANINE	Approved	""	0.01559253242499567
NFE2L2	CHEMBL:CHEMBL601353	Not Approved	""	0.03118506484999135
NFE2L2	DIMETHYL YELLOW	Not Approved	""	0.01559253242499567
NFE2L2	CHEMBL:CHEMBL531268	Not Approved	""	0.01039502161666378
NFE2L2	CHEMBL:CHEMBL529918	Not Approved	""	0.02079004323332757
NFE2L2	DEXAMETHASONE	Approved	for treatment of Meniere's disease,glucocorticoid,antiinflammatory agent	0.002201298695293507
NFE2L2	IOXYNIL	Not Approved	""	0.02079004323332757
NFE2L2	DICHLORODIMETHYLSTANNANE	Not Approved	""	0.03118506484999135
NFE2L2	BUPIRIMATE	Not Approved	""	0.03118506484999135
NFE2L2	ZAFIRLUKAST	Approved	antiasthmatic agent	0.003465007205554595
NFE2L2	CHRYSOPHANOL	Not Approved	""	0.01247402593999654
NFE2L2	CHLORMIDAZOLE	Not Approved	""	0.02079004323332757
NFE2L2	GITOXIGENIN	Not Approved	""	0.01559253242499567
NFE2L2	APIGENIN	Approved	""	0.002398851142307027
NFE2L2	PYRROLIDINE DITHIOCARBAMIC ACID, AMMONIUM SALT	Not Approved	""	0.01039502161666378
NFE2L2	CHEMBL:CHEMBL87568	Not Approved	""	0.03118506484999135
NFE2L2	ANCITABINE	Not Approved	""	0.06237012969998271
NFE2L2	CLOXYQUIN	Not Approved	""	0.006237012969998271
NFE2L2	CHEMBL:CHEMBL225563	Not Approved	""	0.03118506484999135
NFE2L2	RIMSULFURON	Not Approved	""	0.03118506484999135
NFE2L2	LINOLEIC ACID	Approved	""	0.01039502161666378
NFE2L2	CHOLESTEROL	Approved	""	0.03118506484999135
NFE2L2	CHEMBL:CHEMBL84685	Not Approved	""	0.01039502161666378
NFE2L2	AURIN	Not Approved	""	0.00567001179090752
NFE2L2	HYPERICIN	Not Approved	""	0.009595404569228111
NFE2L2	TIBOLONE	Not Approved	""	0.02079004323332757
NFE2L2	NITAZOXANIDE	Approved	""	0.005197510808331893
NFE2L2	DACTHAL	Not Approved	""	0.06237012969998271
NFE2L2	AZOXYSTROBIN	Not Approved	""	0.03118506484999135
NFE2L2	BECLOMETHASONE DIPROPIONATE	Approved	glucocorticoid,antiinflammatory agent	0.006237012969998271
NFE2L2	PREDNISOLONE SODIUM SUCCINATE	Not Approved	""	0.06237012969998271
NFE2L2	BENZO(K)FLUORANTHENE	Not Approved	""	0.006237012969998271
NFE2L2	TOSUFLOXACIN TOSYLATE	Not Approved	""	0.02079004323332757
NFE2L2	ISATIN	Not Approved	""	0.06237012969998271
NFE2L2	CARBOQUONE	Not Approved	""	0.02079004323332757
NFE2L2	CHEMBL:CHEMBL578504	Not Approved	""	0.00891001852856896
NFE2L2	CHEMBL:CHEMBL536599	Not Approved	""	0.03118506484999135
NFE2L2	LINTITRIPT	Not Approved	""	0.01559253242499567
NFE2L2	ANETHOLE TRITHIONE	Not Approved	""	0.01559253242499567
NFE2L2	DIGOXIGENIN	Not Approved	""	0.01559253242499567
NFE2L2	ACROLEIN	Not Approved	""	0.02079004323332757
NFE2L2	CHEMBL:CHEMBL547977	Not Approved	""	0.03118506484999135
NFE2L2	DIGOXIN	Approved	Anti-Arrhythmia Agents; Cardiotonic Agents	0.001834415579411256
NFE2L2	BUMETANIDE	Approved	Antihypertensive Agents; Diuretics	0.003465007205554595
NFE2L2	INDOLE-3-CARBINOL	Not Approved	""	0.01039502161666378
NFE2L2	PHENOL	Approved	""	0.01559253242499567
NFE2L2	CARBENOXOLONE SODIUM	Not Approved	""	0.06237012969998271
NFE2L2	CHEMBL:CHEMBL68096	Not Approved	""	0.00693001441110919
NFE2L2	FOSPIRATE	Not Approved	""	0.06237012969998271
NFE2L2	8-CYCLOPENTYLTHEOPHYLLINE	Not Approved	""	0.01559253242499567
NFE2L2	LOTEPREDNOL	Approved	corticosteroid,antiinflammatory agent	0.01559253242499567
NFE2L2	CHEMBL:CHEMBL588038	Not Approved	""	0.006237012969998271
NFE2L2	STANOZOLOL	Approved	""	0.02079004323332757
NFE2L2	4-PHENYLENEDIAMINE	Not Approved	""	0.00891001852856896
NFE2L2	GINSENOSIDE RG3	Not Approved	""	0.03118506484999135
NFE2L2	CLOROPHENE	Not Approved	""	0.01247402593999654
NFE2L2	TETRADECANOYLPHORBOL ACETATE	Not Approved	""	0.002711744769564466
NFE2L2	PIPOXOLAN HYDROCHLORIDE	Not Approved	""	0.06237012969998271
NFE2L2	KAMEBANIN	Not Approved	""	0.007796266212497839
NFE2L2	CHEMBL:CHEMBL591361	Not Approved	""	0.01559253242499567
NFE2L2	CHEMBL:CHEMBL1257022	Not Approved	""	0.03118506484999135
NFE2L2	TEROXIRONE	Not Approved	""	0.01247402593999654
NFE2L2	CHEMBL:CHEMBL581574	Not Approved	""	0.00891001852856896
NFE2L2	DEFEROXAMINE	Approved	""	0.01100649347646753
NFE2L2	CHEMBL:CHEMBL269881	Not Approved	""	0.02079004323332757
NFE2L2	NITROFEN	Not Approved	""	0.03118506484999135
NFE2L2	METHYLENE BLUE ANHYDROUS	Approved	""	0.001685679181080613
NFE2L2	TRIS(2,3-DIBROMOPROPYL)PHOSPHATE	Not Approved	""	0.02079004323332757
NFE2L2	TO-901317	Not Approved	""	0.003898133106248919
NFE2L2	FURAZABOL	Not Approved	""	0.03118506484999135
NFE2L2	CYTOPROTECTIVE AGENT	Not Approved	""	0.1247402593999654
NFE2L2	CHEMBL:CHEMBL1362503	Not Approved	""	0.00567001179090752
NFE2L2	METHOPRENE	Not Approved	""	0.06237012969998271
NFE2L2	PHENMEDIPHAM	Not Approved	""	0.01559253242499567
NFE2L2	ENDOSULFAN	Not Approved	""	0.01247402593999654
NFE2L2	BENZOQUINONE	Not Approved	""	0.01247402593999654
NFE2L2	FLAVONE	Approved	""	0.01039502161666378
NFE2L2	CHEMBL:CHEMBL118417	Not Approved	""	0.01559253242499567
NFE2L2	PARAROSANILINE	Not Approved	""	0.00567001179090752
NFE2L2	(1R)-TRANS-TETRAMETHRIN	Not Approved	""	0.06237012969998271
NFE2L2	CHEMBL:CHEMBL584458	Not Approved	""	0.00445500926428448
NFE2L2	E319	Not Approved	""	0.00567001179090752
NFE2L2	PHENAZOPYRIDINE HYDROCHLORIDE	Approved	""	0.003898133106248919
NFE2L2	TANNIN PYROGALLOL	Not Approved	""	0.06237012969998271
NFE2L2	CHEMBL:CHEMBL600313	Not Approved	""	0.00693001441110919
NFE2L2	SB 242084	Not Approved	""	0.007796266212497839
NFE2L2	OXYPHENBUTAZONE	Approved	""	0.004797702284614055
NFE2L2	2,4-DINITROPHENOL	Not Approved	""	0.01559253242499567
NFE2L2	CHEMBL:CHEMBL585439	Not Approved	""	0.06237012969998271
NFE2L2	CHEMBL:CHEMBL579318	Not Approved	""	0.006237012969998271
NFE2L2	NEOSTIGMINE	Approved	Parasympathomimetics	0.02079004323332757
NFE2L2	CHEMBL:CHEMBL259784	Not Approved	""	0.01039502161666378
NFE2L2	FENPYROXYMATE	Not Approved	""	0.03118506484999135
NFE2L2	NAPHTHOQUINONE	Not Approved	""	0.01247402593999654
NFE2L2	DIFENOCONAZOLE	Not Approved	""	0.01247402593999654
NFE2L2	CHEMBL:CHEMBL527585	Not Approved	""	0.00891001852856896
NFE2L2	CHEMBL:CHEMBL533226	Not Approved	""	0.004797702284614055
NFE2L2	CHEMBL:CHEMBL587389	Not Approved	""	0.06237012969998271
NFE2L2	CHOLECALCIFEROL	Approved	""	0.005197510808331893
NFE2L2	NITROFURAZONE	Approved	""	0.02079004323332757
NFE2L2	IDAZOXAN	Not Approved	""	0.005197510808331893
NFE2L2	VATALANIB	Not Approved	antineoplastic agent	0.003465007205554595
NFE2L2	PYRAZOLE	Not Approved	""	0.03118506484999135
NFE2L2	CHEMBL:CHEMBL138061	Not Approved	""	0.06237012969998271
NFE2L2	DESOXIMETASONE	Approved	Anti-Inflammatory Agents; Glucocorticoids	0.01039502161666378
NFE2L2	LY-294002	Not Approved	""	0.003898133106248919
NFE2L2	ALACHLOR	Not Approved	""	0.02079004323332757
NFE2L2	CALCIMYCIN	Not Approved	""	0.003282638405262248
NFE2L2	CHEMBL:CHEMBL163970	Not Approved	""	0.06237012969998271
NFE2L2	RECOMBINANT PROTHYMOSIN ALPHA	Not Approved	""	0.04158008646665515
NFE2L2	VITAMIN K3	Approved	for reducing EGFR-inhibitor-induced dermatological side effects	0.00215069412758561
NFE2L2	SORAFENIB	Approved	antineoplastic agent	0.0005423489539128932
NFE2L2	TECTOQUINONE	Not Approved	""	0.03118506484999135
NFE2L2	QUINOXYFEN	Not Approved	""	0.03118506484999135
NFE2L2	DIBUCAINE HYDROCHLORIDE	Approved	""	0.01247402593999654
NFE2L2	CHEMBL:CHEMBL329673	Not Approved	""	0.00567001179090752
NFE2L2	CHEMBL:CHEMBL1563896	Not Approved	""	0.06237012969998271
NFE2L2	HARMINE	Not Approved	""	0.004158008646665515
NFE2L2	EUFLAVINE	Not Approved	""	0.003898133106248919
NFE2L2	PIRITREXIM ISETHIONATE	Not Approved	""	0.06237012969998271
NFE2L2	BIFENAZATE	Not Approved	""	0.02079004323332757
NFE2L2	CHLOROXYLENOL	Approved	""	0.06237012969998271
NFE2L2	EFAVIRENZ	Approved	""	0.003118506484999135
NFE2L2	GUANFACINE HYDROCHLORIDE	Approved	for treatment of ADHD	0.00567001179090752
NFE2L2	CHEMBL:CHEMBL609570	Not Approved	""	0.03118506484999135
NFE2L2	BENOXACOR	Not Approved	""	0.03118506484999135
NFE2L2	PHENAZINE	Not Approved	""	0.03118506484999135
NFE2L2	CHEMBL:CHEMBL580918	Not Approved	""	0.01559253242499567
NFE2L2	AROTINOID ACID	Not Approved	""	0.003668831158822513
NFE2L2	PREGNENOLONE	Not Approved	""	0.03118506484999135
NFE2L2	ENNIATIN B	Not Approved	""	0.01559253242499567
NFE2L2	CHEMBL:CHEMBL599943	Not Approved	""	0.01247402593999654
NFE2L2	BETANAPHTHOL	Not Approved	""	0.06237012969998271
NFE2L2	CHEMBL:CHEMBL580727	Not Approved	""	0.007796266212497839
NFE2L2	CHEMBL:CHEMBL581872	Not Approved	""	0.00891001852856896
NFE2L2	CHEMBL:CHEMBL583351	Not Approved	""	0.06237012969998271
NFE2L2	RESVERATROL	Approved	antineoplastic agent,antidiabetic,for treatment of herpes simplex virus 1	0.001272859789795565
NFE2L2	OXYMETHOLONE	Approved	""	0.00693001441110919
NFE2L2	CHEMBL:CHEMBL2095095	Not Approved	""	0.003465007205554595
NFE2L2	MEGESTROL ACETATE	Approved	""	0.007796266212497839
NFE2L2	ASCORBIC ACID	Approved	""	0.004797702284614055
NFE2L2	CHEMBL:CHEMBL596839	Not Approved	""	0.01559253242499567
NFE2L2	CHLORDANE	Not Approved	""	0.01039502161666378
NFE2L2	OCTABENZONE	Not Approved	""	0.06237012969998271
NFE2L2	HALCINONIDE	Approved	""	0.02079004323332757
NFE2L2	NIHYDRAZONE	Not Approved	""	0.02079004323332757
NFE2L2	ANCITABINE HYDROCHLORIDE	Not Approved	""	0.06237012969998271
NFE2L2	NITROXOLINE	Not Approved	""	0.004797702284614055
NFE2L2	DIELDRIN	Not Approved	""	0.03118506484999135
NFE2L2	CHEMBL:CHEMBL555242	Not Approved	""	0.03118506484999135
NFE2L2	MANEB	Not Approved	""	0.06237012969998271
NFE2L2	CHEMBL:CHEMBL253989	Not Approved	""	0.03118506484999135
NFE2L2	6-CHLOROFLAVONE	Not Approved	""	0.06237012969998271
NFE2L2	EPIRUBICIN HYDROCHLORIDE	Approved	""	0.00891001852856896
NFE2L2	OMAVELOXOLONE	Approved	""	0.03118506484999135
NFE2L2	ALPHA-TERTHIENYL	Not Approved	""	0.01559253242499567
NFE2L2	METHIOCARB	Not Approved	""	0.03118506484999135
NFE2L2	CHEMBL:CHEMBL261692	Not Approved	""	0.01559253242499567
NFE2L2	MESOTRIONE	Not Approved	""	0.03118506484999135
NFE2L2	STANOLONE	Not Approved	""	0.01039502161666378
NFE2L2	DOPAMINE	Approved	""	0.00215069412758561
NFE2L2	THIAMINE	Not Approved	""	0.06237012969998271
NFE2L2	DYDROGESTERONE	Approved	Antidysmennorheal Agents	0.01559253242499567
NFE2L2	CHEMBL:CHEMBL589711	Not Approved	""	0.01247402593999654
NFE2L2	EPINEPHRINE	Approved	anestethic	0.001559253242499567
NFE2L2	CHEMBL:CHEMBL584883	Not Approved	""	0.01559253242499567
NFE2L2	STIROFOS	Not Approved	""	0.03118506484999135
NFE2L2	BORTEZOMIB	Approved	antineoplastic agent	0.0007337662317645025
NFE2L2	MOMETASONE	Approved	glucocorticoid,antiinflammatory agent	0.00693001441110919
NFE2L2	CHEMBL:CHEMBL443343	Not Approved	""	0.06237012969998271
NFE2L2	2-PHENYLPHENOL	Not Approved	""	0.01247402593999654
NFE2L2	CARBARIL	Approved	""	0.00891001852856896
NFE2L2	CHEMBL:CHEMBL19954	Not Approved	""	0.003465007205554595
NFE2L2	PHENTOLAMINE MESYLATE	Approved	""	0.00693001441110919
NFE2L2	ETOXAZOLE	Not Approved	""	0.03118506484999135
NFE2L2	OMAVELOXOLONE	Not Approved	""	0.06237012969998271
NFE2L2	CHEMBL:CHEMBL598270	Not Approved	""	0.01247402593999654
NFE2L2	CHEMOPREVENTIVE AGENT	Not Approved	""	0.02079004323332757
NFE2L2	NOCODAZOLE	Not Approved	""	0.002598755404165946
NFE2L2	IONOMYCIN	Not Approved	""	0.01386002882221838
NFE2L2	CHEMBL:CHEMBL83761	Not Approved	""	0.06237012969998271
NFE2L2	PHOSALONE	Not Approved	""	0.01559253242499567
NFE2L2	DIFLUNISAL	Approved	antidiabetic	0.01247402593999654
NFE2L2	THIOGUANINE	Approved	""	0.001890003930302506
NFE2L2	DICHLOROPHEN	Not Approved	""	0.003465007205554595
NFE2L2	METHYLEUGENOL	Approved	""	0.06237012969998271
NFE2L2	PROPARGITE	Not Approved	""	0.01559253242499567
NFE2L2	DAZOMET	Not Approved	""	0.03118506484999135
NFE2L2	SAPANISERTIB	Approved	antineoplastic agent	0.002711744769564466
NFE2L2	EUPAROTIN ACETATE	Not Approved	""	0.03118506484999135
NFE2L2	CHEMBL:CHEMBL73380	Not Approved	""	0.03118506484999135
NFE2L2	LIPOIC ACID, ALPHA	Not Approved	""	0.004158008646665515
NFE2L2	INDIGO	Approved	""	0.01247402593999654
NFE2L2	PIPOBROMAN	Approved	""	0.02079004323332757
NFE2L2	GITOXIN	Not Approved	""	0.02079004323332757
NFE2L2	PYRIDALYL	Not Approved	""	0.06237012969998271
NFE2L2	DEHYDRATED ALCOHOL	Approved	""	0.001578990625316018
NFE2L2	FEPRAZONE	Approved	""	0.01247402593999654
NFE2L2	CHEMBL:CHEMBL259865	Not Approved	""	0.06237012969998271
NFE2L2	CHEMBL:CHEMBL22062	Not Approved	""	0.006237012969998271
NFE2L2	CHEMBL:CHEMBL547269	Not Approved	""	0.01247402593999654
NFE2L2	RO 40-6055	Not Approved	""	0.01039502161666378
NFE2L2	CHEMBL:CHEMBL609438	Not Approved	""	0.01039502161666378
NFE2L2	CHEMBL:CHEMBL601822	Not Approved	""	0.06237012969998271
NFE2L2	TYRPHOSTIN A9	Not Approved	""	0.00283500589545376
NFE2L2	CURCUMIN	Approved	""	0.001890003930302506
NFE2L2	ESTRADIOL VALERATE	Approved	for treatment of menopausal symptoms,contraceptive,treatment for menopause,hormone replacement	0.00265404807233969
NFE2L2	FGF-1	Not Approved	""	0.03118506484999135
NFE2L2	PANTOPRAZOLE SODIUM	Approved	Proton pump inhibitor	0.006237012969998271
NFE2L2	PROPANTHELINE BROMIDE	Approved	""	0.01247402593999654
NFE2L2	ROTENONE	Not Approved	""	0.00445500926428448
NFE2L2	ALOE-EMODIN	Not Approved	""	0.01559253242499567
NFE2L2	(S)-ROSCOVITINE	Not Approved	""	0.01247402593999654
NFE2L2	MEDRYSONE	Approved	Topical,Anti-Inflammatory Agents	0.01559253242499567
NFE2L2	CHEMBL:CHEMBL582073	Not Approved	""	0.03118506484999135
NFE2L2	CHEMBL:CHEMBL1453126	Not Approved	""	0.005197510808331893
NFE2L2	2,4-DIHYDROXYBENZOPHENONE	Not Approved	""	0.01039502161666378
NFE2L2	BENZO[B]TRIPHENYLENE	Not Approved	""	0.06237012969998271
NFE2L2	CHEMBL:CHEMBL577662	Not Approved	""	0.03118506484999135
NFE2L2	NEPAPRAZOLE	Not Approved	""	0.06237012969998271
NFE2L2	DICYCLOHEXYLCARBODIIMIDE	Not Approved	""	0.01559253242499567
NFE2L2	CHEMBL:CHEMBL1873684	Not Approved	""	0.02079004323332757
NFE2L2	BROMODICHLOROACETIC ACID	Not Approved	""	0.06237012969998271
NFE2L2	2'-HYDROXYCHALCONE	Not Approved	""	0.01039502161666378
NFE2L2	2-BROMOETHANOL	Not Approved	""	0.06237012969998271
NFE2L2	CHEMBL:CHEMBL529986	Not Approved	""	0.06237012969998271
NFE2L2	BROMETHALIN	Not Approved	""	0.03118506484999135
NFE2L2	ETHACRYNIC ACID	Approved	Antihypertensive Agents; Diuretics	0.003898133106248919
NFE2L2	TETRAZOLIUM RED	Not Approved	""	0.03118506484999135
NFE2L2	PIFEXOLE	Not Approved	""	0.00891001852856896
NFE2L2	HYDROXYFLUTAMIDE	Not Approved	""	0.03118506484999135
NFE2L2	MALINAMIDE	Not Approved	""	0.06237012969998271
NFE2L2	NANDROLONE DECANOATE	Approved	Antianemic Agents; anti-osteoporosis agents	0.02079004323332757
NFE2L2	KAEMPHEROL	Not Approved	""	0.003465007205554595
NFE2L2	CHEMBL:CHEMBL528647	Not Approved	""	0.03118506484999135
NFE2L2	OXYQUINOLINE	Approved	""	0.01247402593999654
NFE2L2	ETHYNODIOL DIACETATE	Approved	Synthetic,Oral,Contraceptives	0.01559253242499567
NFE2L2	7-BENZYLOXYCOUMARIN	Not Approved	""	0.06237012969998271
NFE2L2	FIPRONIL	Not Approved	""	0.03118506484999135
NFE2L2	1-HYDROXY-4-ETHOXYBENZENE	Not Approved	""	0.06237012969998271
NFE2L2	TRICLOSAN	Approved	""	0.01039502161666378
NFE2L2	ARTEANNUIN B	Not Approved	""	0.03118506484999135
NFE2L2	BUFOGENIN	Not Approved	""	0.01559253242499567
NFE2L2	WHILE OLIVETOL	Not Approved	""	0.02079004323332757
NFE2L2	CHEMBL:CHEMBL42355	Not Approved	""	0.02079004323332757
NFE2L2	SALICYLANILIDE	Not Approved	""	0.03118506484999135
NFE2L2	DEXTRAN SULFATE SODIUM	Not Approved	""	0.01559253242499567
NFE2L2	ML385	Not Approved	""	0.06237012969998271
NFE2L2	CHEMBL:CHEMBL428064	Not Approved	""	0.006237012969998271
NFE2L2	CHEMBL:CHEMBL592305	Not Approved	""	0.03118506484999135
NFE2L2	OMEPRAZOLE	Approved	antiulcer agent,Proton pump inhibitor	0.001685679181080613
NFE2L2	2-MERCAPTOBENZOTHIAZOLE	Not Approved	""	0.007796266212497839
NFE2L2	DESMEDIPHAM	Not Approved	""	0.03118506484999135
NFE2L2	PELUBIPROFEN	Not Approved	""	0.03118506484999135
NFE2L2	TRILOSTANE	Approved	Antiadrenal	0.01039502161666378
NFE2L2	DIBUTYLDICHLOROSTANNANE	Not Approved	""	0.01247402593999654
NFE2L2	TETRANITROMETHANE	Not Approved	""	0.03118506484999135
NFE2L2	CHEMBL:CHEMBL583558	Not Approved	""	0.01039502161666378
NFE2L2	LUFENURON	Approved	""	0.03118506484999135
NFE2L2	PREDNISOLONE ACETATE	Approved	""	0.02079004323332757
NFE2L2	DINITROPHENYLENE	Not Approved	""	0.06237012969998271
NFE2L2	DIACETYLRHEIN	Approved	antidiabetic	0.00693001441110919
NFE2L2	NIZOFENONE	Not Approved	""	0.06237012969998271
NFE2L2	CLIOXANIDE	Not Approved	""	0.00891001852856896
NFE2L2	CHEMBL:CHEMBL388979	Not Approved	""	0.01039502161666378
NFE2L2	CRUFOMATE	Not Approved	""	0.03118506484999135
NFE2L2	2-CHLORO-5-NITRO-N-PHENYLBENZAMIDE	Not Approved	""	0.007796266212497839
NFE2L2	ANGUSTIBALIN	Not Approved	""	0.00567001179090752
NFE2L2	CHEMBL:CHEMBL443436	Not Approved	""	0.06237012969998271
NFE2L2	METHYL YELLOW	Not Approved	""	0.03118506484999135
NFE2L2	LANATOSIDE C	Approved	""	0.004158008646665515
NFE2L2	CEPHALOCHROMIN	Not Approved	""	0.003282638405262248
NFE2L2	4-NONYLPHENOL	Not Approved	""	0.01247402593999654
NFE2L2	FLUTAMIDE	Approved	Hormonal,Antineoplastic Agents	0.009355519454997407
NFE2L2	BROMOCHLOROACETIC ACID	Not Approved	""	0.06237012969998271
NFE2L2	METHANESULFONIC ACID METHYL ESTER	Not Approved	""	0.03118506484999135
NFE2L2	CHEMBL:CHEMBL1079460	Not Approved	""	0.004797702284614055
NFE2L2	CHLOROPHACINONE	Not Approved	""	0.03118506484999135
NFE2L2	CHEMBL:CHEMBL275260	Not Approved	""	0.01559253242499567
NFE2L2	PROCHLORPERAZINE	Approved	antiemetic,antimigraine agent	0.00222750463214224
NFE2L2	CHLOROPHENOTHANE	Not Approved	""	0.06237012969998271
NFE2L2	DEHYDROEPIANDROSTERONE ACETATE	Not Approved	""	0.06237012969998271
NFE2L2	COLCHICINE	Approved	for treatment of gout	0.001199425571153513
NFE2L2	AROMATICIN	Not Approved	""	0.01559253242499567
NFE2L2	DILAZEP	Not Approved	""	0.01247402593999654
NFE2L2	CHEMBL:CHEMBL199592	Not Approved	""	0.01559253242499567
NFE2L2	BROMAMINIC ACID	Not Approved	""	0.06237012969998271
NFE2L2	IODOFORM	Not Approved	""	0.01559253242499567
NFE2L2	BUSPIRONE	Approved	Anti-anxiety Agents	0.00891001852856896
NFE2L2	PHENOXYCARB	Not Approved	""	0.03118506484999135
NFE2L2	VORINOSTAT	Approved	antineoplastic agent	0.00111375231607112
NFE2L2	LIOTHYRONINE SODIUM	Approved	""	0.006237012969998271
NFE2L2	THIRAM	Not Approved	""	0.002711744769564466
NFE2L2	LITHOCHOLIC ACID	Not Approved	""	0.004797702284614055
NFE2L2	PERUVOSIDE	Not Approved	""	0.02079004323332757
NFE2L2	LEVOTHYROXINE	Approved	hormone replacement	0.003898133106248919
NFE2L2	ARISTOLOCHIC ACID	Not Approved	""	0.01247402593999654
NFE2L2	DOCEBENONE	Not Approved	""	0.003898133106248919
NFE2L2	RONNEL	Not Approved	""	0.06237012969998271
NFE2L2	NITROMIDE	Not Approved	""	0.03118506484999135
NFE2L2	TILIQUINOL	Not Approved	""	0.03118506484999135
NFE2L2	ALFUZOSIN HYDROCHLORIDE	Approved	""	0.01559253242499567
NFE2L2	PYRIPROXYFEN	Not Approved	""	0.03118506484999135
NFE2L2	CHEMBL:CHEMBL254077	Not Approved	""	0.06237012969998271
NFE2L2	DICHLORVOS	Not Approved	""	0.01559253242499567
NFE2L2	DIETHYLSTILBESTROL	Approved	Hormone Replacement Agents	0.001890003930302506
NFE2L2	E324	Not Approved	""	0.004797702284614055
NFE2L2	CHEMBL:CHEMBL599102	Not Approved	""	0.03118506484999135
NFE2L2	CHEMBL:CHEMBL600692	Not Approved	""	0.00891001852856896
NFE2L2	HYCANTHONE	Not Approved	""	0.003282638405262248
NFE2L2	TRIFLOXYSTROBIN	Not Approved	""	0.02079004323332757
NFE2L2	NITROGEN MUSTARD HN-3	Not Approved	""	0.06237012969998271
NFE2L2	CHLOROXURON	Not Approved	""	0.03118506484999135
NFE2L2	DAIDZEIN	Not Approved	""	0.003282638405262248
NFE2L2	PYRAFLUFEN-ETHYL	Not Approved	""	0.03118506484999135
NFE2L2	BRONOPOL	Approved	""	0.02079004323332757
NFE2L2	CHEMBL:CHEMBL535307	Not Approved	""	0.01247402593999654
NFE2L2	CHEMBL:CHEMBL597035	Not Approved	""	0.01039502161666378
NFE2L2	HYDROXYPROGESTERONE CAPROATE (USP)	Approved	""	0.01559253242499567
NFE2L2	BERBERINE CHLORIDE	Not Approved	""	0.007796266212497839
NFE2L2	PHENOXYBENZAMINE	Approved	Anticonvulsants; Hypnotics and Sedatives	0.00567001179090752
NFE2L2	FENBUCONAZOLE	Not Approved	""	0.03118506484999135
NFE2L2	PENTACHLORONITROBENZENE	Not Approved	""	0.03118506484999135
NFE2L2	ANISOMYCIN	Not Approved	""	0.01247402593999654
NFE2L2	ENDRIN	Not Approved	""	0.01559253242499567
NFE2L2	HYDROCORTISONE BUTYRATE	Approved	""	0.001485003088094826
NFE2L2	TRICHLORFON	Approved	""	0.06237012969998271
NFE2L2	1-NITROPYRENE	Not Approved	""	0.06237012969998271
NFE2L2	CHEMBL:CHEMBL398363	Not Approved	""	0.01247402593999654
NFE2L2	CHEMBL:CHEMBL607253	Not Approved	""	0.03118506484999135
NFE2L2	CATECHOL	Not Approved	""	0.00283500589545376
NFE2L2	CHEMBL:CHEMBL220845	Not Approved	""	0.00693001441110919
NFE2L2	MORICIZINE HYDROCHLORIDE	Approved	""	0.005197510808331893
NFE2L2	ISOPROPYL PALMITATE	Approved	""	0.06237012969998271
NFE2L2	ROSIGLITAZONE	Approved	for treatment of Alzheimer's disease,antidiabetic	0.00567001179090752
NFE2L2	MITOTANE	Approved	""	0.00693001441110919
NFE2L2	DEXBUDESONIDE	Not Approved	""	0.03118506484999135
NFE2L2	DEBRISOQUIN SULFATE	Not Approved	""	0.03118506484999135
NFE2L2	ATORVASTATIN CALCIUM TRIHYDRATE	Approved	anticholesterolaemic agent,antihypecholesterolemic agent	0.001134002358181504
NFE2L2	TENATOPRAZOLE	Not Approved	""	0.03118506484999135
NFE2L2	CHEMBL:CHEMBL1481509	Not Approved	""	0.02079004323332757
NFE2L2	PROTEIN PHOSPHATASE INHIBITOR	Not Approved	""	0.02494805187999308
NFE2L2	2,4,6-TRIBROMOPHENOL	Not Approved	""	0.02079004323332757
NFE2L2	DIBENZOYLMETHANE	Not Approved	""	0.01559253242499567
NFE2L2	FURAZOLIDONE	Approved	""	0.02079004323332757
NFE2L2	ANGUIDIN	Not Approved	""	0.01559253242499567
NFE2L2	NALED	Not Approved	""	0.01559253242499567
NFE2L2	BROMOXYNIL	Not Approved	""	0.01559253242499567
NFE2L2	PROCHLORAZ	Not Approved	""	0.02079004323332757
NFE2L2	FLUFENAMIC ACID	Not Approved	""	0.001641319202631124
NFE2L2	AMINOCARB	Not Approved	""	0.06237012969998271
NFE2L2	RESACTIN A	Not Approved	""	0.01559253242499567
NFE2L2	METHYLPARABEN	Approved	""	0.06237012969998271
NFE2L2	PHENOTHIAZINE	Not Approved	""	0.003898133106248919
NFE2L2	CHEMBL:CHEMBL601970	Not Approved	""	0.02079004323332757
NFE2L2	TEMEFOS	Not Approved	""	0.02079004323332757
NFE2L2	YANGONIN	Not Approved	""	0.02079004323332757
NFE2L2	{4-[3-(4-ACETYL-3-HYDROXY-2-PROPYLPHENOXY)PROPOXY]PHENOXY}ACETIC ACID	Not Approved	""	0.00891001852856896
NFE2L2	CHLOROACETIC ACID	Approved	""	0.06237012969998271
NFE2L2	DICHLORISONE ACETATE	Not Approved	""	0.06237012969998271
NFE2L2	KAVAIN	Not Approved	""	0.03118506484999135
NFE2L2	TRITON X	Not Approved	""	0.02079004323332757
NFE2L2	CHEMBL:CHEMBL602424	Not Approved	""	0.03118506484999135
NFE2L2	LINOLENIC ACID	Approved	""	0.002970006176189653
NFE2L2	ACETOCHLOR	Not Approved	""	0.01247402593999654
NFE2L2	4-CHLOROMERCURIBENZOIC ACID	Not Approved	""	0.00222750463214224
NFE2L2	HYDROCORTISONE HEMISUCCINATE	Not Approved	""	0.06237012969998271
NFE2L2	PHENAZINE-1-CARBOXYLIC ACID	Not Approved	""	0.02079004323332757
NFE2L2	NONSTEROIDAL ANTIINFLAMMATORY DRUG	Not Approved	""	0.007337662317645026
NFE2L2	TRIBROMOACETIC ACID	Not Approved	""	0.06237012969998271
NFE2L2	TUBERCIDIN	Not Approved	""	0.01559253242499567
NFE2L2	DIGITOXIGENIN	Not Approved	""	0.01559253242499567
NFE2L2	HEXESTROL	Not Approved	""	0.01039502161666378
NFE2L2	EPIGALLOCATECHIN GALLATE	Approved	""	0.007337662317645026
NFE2L2	FENHEXAMID	Not Approved	""	0.03118506484999135
NFE2L2	CHEMBL:CHEMBL531079	Not Approved	""	0.06237012969998271
NFE2L2	SOFALCONE	Not Approved	""	0.00891001852856896
NFE2L2	PYRIDABEN	Not Approved	""	0.01559253242499567
NFE2L2	CHEMBL:CHEMBL515617	Not Approved	""	0.01247402593999654
NFE2L2	CYCLOHEXIMIDE	Not Approved	""	0.0006565276810524496
NFE2L2	CITRIC ACID	Approved	""	0.01247402593999654
NFE2L2	ELLIPTECINE	Not Approved	""	0.001949066553124459
NFE2L2	1,10-PHENANTHROLINE	Not Approved	""	0.002970006176189653
NFE2L2	CHEMBL:CHEMBL609027	Not Approved	""	0.03118506484999135
NFE2L2	HYDROCORTISONE ACETATE	Approved	""	0.03118506484999135
NFE2L2	CHEMBL:CHEMBL584442	Not Approved	""	0.007796266212497839
NFE2L2	MALATHION	Approved	""	0.01039502161666378
NFE2L2	EMETINE HYDROCHLORIDE	Not Approved	""	0.01039502161666378
NFE2L2	CHEMBL:CHEMBL285157	Not Approved	""	0.03118506484999135
NFE2L2	ALPHA-ENDOSULFAN	Not Approved	""	0.06237012969998271
NFE2L2	CHEMBL:CHEMBL600734	Not Approved	""	0.00567001179090752
NFE2L2	CYPRODINIL	Not Approved	""	0.02079004323332757
NFE2L2	CHEMBL:CHEMBL601757	Not Approved	""	0.002598755404165946
NFE2L2	CHLORPYRIFOS-METHYL	Not Approved	""	0.02079004323332757
NFE2L2	RECOMBINANT CYTOKINE	Not Approved	""	0.004797702284614055
NFE2L2	GALLIC ACID	Not Approved	""	0.005197510808331893
NFE2L2	TRICIRIBINE	Not Approved	antineoplastic agent	0.01039502161666378
NFE2L2	TOLPERISONE HYDROCHLORIDE	Not Approved	""	0.06237012969998271
NFE2L2	PROPICONAZOLE	Not Approved	""	0.01559253242499567
NFE2L2	BENZYL ISOTHIOCYANATE	Not Approved	""	0.01039502161666378
NFE2L2	LASALOCID A SODIUM	Not Approved	""	0.00693001441110919
NFE2L2	BLEOMYCIN	Approved	antineoplastic agent	0.007796266212497839
NFE2L2	BUTACHLOR	Not Approved	""	0.03118506484999135
NFE2L2	OXYPHENONIUM BROMIDE	Approved	""	0.02079004323332757
NFE2L2	CHEMBL:CHEMBL584514	Not Approved	""	0.01039502161666378
NFE2L2	CHEMBL:CHEMBL584269	Not Approved	""	0.01247402593999654
NFE2L2	3-METHYLCHOLANTHRENE	Not Approved	""	0.01559253242499567
NFE2L2	BUPROFEZIN	Not Approved	""	0.06237012969998271
NFE2L2	HARMINE HYDROCHLORIDE	Not Approved	""	0.01247402593999654
NFE2L2	BENZOFURAN	Not Approved	""	0.02079004323332757
NFE2L2	CHEMBL:CHEMBL320361	Not Approved	""	0.02079004323332757
NFE2L2	ROCAGLAMIDE	Not Approved	""	0.06237012969998271
NFE2L2	PRAZEPAM	Approved	Anti-anxiety Agents; Hypnotics and Sedatives	0.00283500589545376
NFE2L2	MECHLORETHAMINE HYDROCHLORIDE	Approved	""	0.01039502161666378
NFE2L2	OUABAIN	Not Approved	Cardiotonic Agents	0.00693001441110919
NFE2L2	TIRATRICOL	Not Approved	""	0.01039502161666378
NFE2L2	CHEMBL:CHEMBL586061	Not Approved	""	0.03118506484999135
NFE2L2	CLADRIBINE	Approved	""	0.004158008646665515
NFE2L2	TRYPTANTHRIN	Not Approved	""	0.01247402593999654
NFE2L2	AMITRAZ	Not Approved	""	0.06237012969998271
NFE2L2	CHEMBL:CHEMBL1287980	Not Approved	""	0.00891001852856896
NFE2L2	TOPOTECAN HYDROCHLORIDE	Approved	antineoplastic agent	0.002598755404165946
NFE2L2	DIBROMOACETIC ACID	Not Approved	""	0.03118506484999135
NFE2L2	GENE TRANSDUCTION AGENT	Not Approved	""	0.1247402593999654
NFE2L2	BIOALLETHRIN S-CYCLOPENTENYL ISOMER	Not Approved	""	0.02079004323332757
NFE2L2	MERCAPTOPURINE	Approved	Antineoplastic Agents	0.001386002882221838
NFE2L2	PROGESTERONE	Approved	for reducing the risk of pre-term birth for women with short cervix a mid-pregnancy,for prevention of preterm delivery,for symptomatic treatment of menopausal symptoms,neuroprotectant for stroke victims	0.001057120842372588
NFE2L2	CHEMBL:CHEMBL166112	Not Approved	""	0.03118506484999135
NFE2L2	LANSOPRAZOLE	Approved	Proton pump inhibitor,antiulcer agent	0.00215069412758561
NFE2L2	CHLORANIL	Not Approved	""	0.004158008646665515
NFE2L2	OXYCARBOXIN	Not Approved	""	0.01559253242499567
NFE2L2	GW0742X	Not Approved	""	0.007796266212497839
NFE2L2	AMLEXANOX	Approved	""	0.004797702284614055
NFE2L2	CHRYSIN	Approved	""	0.00445500926428448
NFE2L2	CHEMBL:CHEMBL591370	Not Approved	""	0.01247402593999654
NFE2L2	METHYCLOTHIAZIDE	Approved	Antihypertensive Agents; Diuretics	0.02079004323332757
NFE2L2	TRICLOFENOL	Not Approved	""	0.02079004323332757
NFE2L2	UCCF-029	Not Approved	""	0.03118506484999135
NFE2L2	CHEMBL:CHEMBL1492017	Not Approved	""	0.01039502161666378
NFE2L2	CHEMBL:CHEMBL1098875	Not Approved	""	0.01039502161666378
NFE2L2	SULFORAPHANE	Not Approved	""	0.01782003705713792
NFE2L2	NIFUROXAZIDE	Not Approved	""	0.01039502161666378
NFE2L2	BIPHENYL	Not Approved	""	0.03118506484999135
NFE2L2	DISULFIRAM	Approved	Alcohol Deterrents	0.001450468132557737
NFE2L2	CHRYSENE	Not Approved	""	0.03118506484999135
NFE2L2	CHEMBL:CHEMBL1287983	Not Approved	""	0.00891001852856896
NFE2L2	ALLO-OCIMENE	Not Approved	""	0.06237012969998271
NFE2L2	TAZAROTENE	Approved	for treatment of acne,antipsoriatic agent	0.00567001179090752
NFE2L2	NAMODENOSON	Not Approved	antineoplastic agent	0.01039502161666378
NFE2L2	CHEMBL:CHEMBL1863271	Not Approved	""	0.06237012969998271
NFE2L2	CYCLOSPORINE	Approved	immunosuppressant,opthalmological agent	0.0007168980425285369
NFE2L2	CHEMBL:CHEMBL536166	Not Approved	""	0.01039502161666378
NFE2L2	NEUROPROTECTIVE AGENT	Not Approved	""	0.06237012969998271
NFE2L2	CHEMBL:CHEMBL528181	Not Approved	""	0.00891001852856896
NFE2L2	FENTICLOR	Not Approved	""	0.003282638405262248
NFE2L2	FLUDARABINE	Approved	antineoplastic agent	0.001834415579411256
NFE2L2	JNJ1661010	Not Approved	""	0.01039502161666378
NFE2L2	LOPINAVIR	Approved	""	0.01247402593999654
NFE2L2	13-CIS-RETINAL	Not Approved	""	0.01559253242499567
NFE2L2	EPOETIN ALFA	Approved	for treatment of anemia,Antianemic Agents,for treatment of stroke,erythropoietic agent	0.003668831158822513
NFE2L2	CHEMBL:CHEMBL299853	Not Approved	""	0.003465007205554595
NFE2L2	RETINYL ACETATE	Not Approved	""	0.007796266212497839
NFE2L2	FLUORANTHENE	Not Approved	""	0.03118506484999135
NFE2L2	CHEMBL:CHEMBL601146	Not Approved	""	0.00891001852856896
NFE2L2	STROPHANTHIDIN ACETATE	Not Approved	""	0.03118506484999135
NFE2L2	RHEIN	Not Approved	""	0.00283500589545376
NFE2L2	CHEMBL:CHEMBL29878	Not Approved	""	0.06237012969998271
NFE2L2	PENTACHLOROPHENOL	Not Approved	""	0.00445500926428448
NFE2L2	BROMODIOLONE	Not Approved	""	0.06237012969998271
NFE2L2	ORYZALIN	Not Approved	""	0.02079004323332757
NFE2L2	CHEMBL:CHEMBL600306	Not Approved	""	0.01247402593999654
NFE2L2	PENTAMIDINE ISETHIONATE	Approved	""	0.00891001852856896
NFE2L2	CANRENONE	Approved	""	0.02079004323332757
NFE2L2	PHLORETIN	Approved	""	0.003898133106248919
NFE2L2	CHEMBL:CHEMBL582055	Not Approved	""	0.03118506484999135
NFE2L2	AZATHIOPRINE	Approved	""	0.001641319202631124
NFE2L2	PAMICOGREL	Not Approved	""	0.06237012969998271
NFE2L2	CELECOXIB	Approved	NSAID	0.0009308974582086973
NFE2L2	CHEMBL:CHEMBL591876	Not Approved	""	0.01559253242499567
NFE2L2	CHEMBL:CHEMBL582081	Not Approved	""	0.03118506484999135
NFE2L2	TRIBUTYLTIN-OXIDE	Not Approved	""	0.01247402593999654
NFE2L2	CHEMBL:CHEMBL592363	Not Approved	""	0.06237012969998271
NFE2L2	TRIDECAN-1-OL	Not Approved	""	0.06237012969998271
NFE2L2	CHEMBL:CHEMBL77675	Not Approved	""	0.01559253242499567
NFE2L2	PYRITHIONE SODIUM	Not Approved	""	0.03118506484999135
NFE2L2	DICHLORODIPHENYLDICHLOROETHYLENE	Not Approved	""	0.02079004323332757
NFE2L2	CHEMBL:CHEMBL578675	Not Approved	""	0.00891001852856896
NFE2L2	E232	Not Approved	""	0.06237012969998271
NFE2L2	PROPYLPARABEN	Approved	""	0.01247402593999654
NFE2L2	CHEMBL:CHEMBL578915	Not Approved	""	0.01559253242499567
NFE2L2	PIOGLITAZONE HYDROCHLORIDE	Approved	antidiabetic	0.003668831158822513
NFE2L2	MOLINATE	Not Approved	""	0.06237012969998271
NFE2L2	NICLOSAMIDE	Approved	""	0.002310004803703064
NFE2L2	CHEMBL:CHEMBL600908	Not Approved	""	0.01559253242499567
NFE2L2	QUESTIOMYCIN B	Not Approved	""	0.01247402593999654
NFE2L2	CHEMBL:CHEMBL172988	Not Approved	""	0.03118506484999135
NFE2L2	CYPROTERONE ACETATE	Approved	""	0.00891001852856896
NFE2L2	CHEMBL:CHEMBL576208	Not Approved	""	0.00567001179090752
NFE2L2	CHEMBL:CHEMBL127579	Not Approved	""	0.01559253242499567
NFE2L2	METHYLPREDNISOLONE	Approved	Anti-Inflammatory Agents; Glucocorticoids	0.003465007205554595
NFE2L2	PHENOXYBENZAMINE HYDROCHLORIDE	Approved	""	0.006237012969998271
NFE2L2	NOVIFLUMURON	Not Approved	""	0.06237012969998271
NFE2L2	CIS/TRANS-ISOEUGENOL	Not Approved	""	0.06237012969998271
NFE2L2	CYMOXANIL	Not Approved	""	0.06237012969998271
NFE2L2	MERCURIC CHLORIDE	Not Approved	""	0.003118506484999135
NFE2L2	TPCK	Not Approved	""	0.003465007205554595
NFE2L2	ACTINONIN	Not Approved	""	0.03118506484999135
NFE2L2	CARBENDAZIM	Not Approved	""	0.02079004323332757
NFE2L2	CHEMBL:CHEMBL533388	Not Approved	""	0.03118506484999135
NFE2L2	CHEMBL:CHEMBL2094567	Not Approved	""	0.01247402593999654
NFE2L2	COUMESTROL	Not Approved	""	0.006237012969998271
NFE2L2	BENZOTHIAZYL DISULFIDE	Not Approved	""	0.01559253242499567
NFE2L2	PAPAVERINE	Approved	Antispasmodics; Anti-impotence Agents; Vasodilator Agents	0.003465007205554595
NFE2L2	BENZETHONIUM CHLORIDE	Approved	""	0.003898133106248919
NFE2L2	PROTEASE INHIBITOR	Not Approved	""	0.006237012969998271
NFE2L2	THIOCYCLAM HYDROGEN OXALATE	Not Approved	""	0.06237012969998271
NFE2L2	DARGLITAZONE	Not Approved	""	0.06237012969998271
NFE2L2	TROVAFLOXACIN MESYLATE	Approved	""	0.02079004323332757
NFE2L2	SU9516	Not Approved	""	0.003898133106248919
NFE2L2	ALDRIN	Not Approved	""	0.01559253242499567
NFE2L2	PD-169316	Not Approved	""	0.005197510808331893
NFE2L2	S-METOLACHLOR	Not Approved	""	0.06237012969998271
NFE2L2	LYCOPENE	Approved	""	0.01559253242499567
NFE2L2	CHEMBL:CHEMBL586135	Not Approved	""	0.00693001441110919
NFE2L2	CHEMBL:CHEMBL296021	Not Approved	""	0.03118506484999135
NFE2L2	TEBUFENOZIDE	Not Approved	""	0.02079004323332757
NFE2L2	ANISOCOUMARIN H	Not Approved	""	0.03118506484999135
NFE2L2	AZACITIDINE	Approved	antineoplastic agent	0.001559253242499567
NFE2L2	OXYQUINOLINE SULFATE	Approved	""	0.03118506484999135
NFE2L2	KETOCONAZOLE	Approved	""	0.00283500589545376
NFE2L2	CHEMBL:CHEMBL1363033	Not Approved	""	0.06237012969998271
NFE2L2	PHENFORMIN HYDROCHLORIDE	Approved	""	0.01559253242499567
NFE2L2	FUMAGILLIN	Not Approved	""	0.06237012969998271
NFE2L2	CHEMBL:CHEMBL530682	Not Approved	""	0.02079004323332757
NFE2L2	CHEMBL:CHEMBL443949	Not Approved	""	0.03118506484999135
NFE2L2	CHEMBL:CHEMBL599100	Not Approved	""	0.01247402593999654
NFE2L2	BUTYLPARABEN	Approved	""	0.02079004323332757
NFE2L2	EXEMESTANE	Approved	antineoplastic agent	0.003898133106248919
NFE2L2	CLIOQUINOL	Approved	""	0.003465007205554595
NFE2L2	CHEMBL:CHEMBL601933	Not Approved	""	0.01559253242499567
NFE2L2	PREDNISOLONE	Approved	corticosteroid,antiinflammatory agent	0.00222750463214224
NFE2L2	KINETIN RIBOSIDE	Not Approved	""	0.01559253242499567
NFE2L2	CHEMBL:CHEMBL81782	Not Approved	""	0.005197510808331893
NFE2L2	MEDROXYPROGESTERONE ACETATE	Approved	""	0.006237012969998271
NFE2L2	GENISTEIN	Approved	""	0.001075347063792805
NFE2L2	LAGASCATRIOL	Not Approved	""	0.1247402593999654
NFE2L2	HEXACHLOROPHENE	Approved	""	0.001521222675609334
NFE2L2	TETRADIFON	Not Approved	""	0.03118506484999135
NFE2L2	DOXORUBICIN HYDROCHLORIDE	Approved	antineoplastic agent	0.00126425938581046
NFE2L2	MEPANIPYRIM	Not Approved	""	0.03118506484999135
NFE2L2	METOLACHOR	Not Approved	""	0.06237012969998271
NFE2L2	CHEMBL:CHEMBL128729	Not Approved	""	0.1247402593999654
NFE2L2	IROFULVEN	Not Approved	""	0.04158008646665515
NFE2L2	PYRACLOSTROBIN	Not Approved	""	0.01247402593999654
NFE2L2	FINASTERIDE	Approved	antineoplastic agent	0.00445500926428448
NFE2L2	PINAFIDE	Not Approved	""	0.005197510808331893
NFE2L2	CHEMBL:CHEMBL601320	Not Approved	""	0.06237012969998271
NFE2L2	CHEMBL:CHEMBL601550	Not Approved	""	0.01559253242499567
NFE2L2	CHEMBL:CHEMBL590184	Not Approved	""	0.01559253242499567
NFE2L2	ORTHOTOLIDINE	Not Approved	""	0.01559253242499567
NFE2L2	CHEMBL:CHEMBL538965	Not Approved	""	0.01559253242499567
NFE2L2	PAPAVERINE HYDROCHLORIDE	Approved	""	0.01039502161666378
NFE2L2	SPIRAMIDE	Not Approved	""	0.02079004323332757
NFE2L2	CHEMBL:CHEMBL578512	Not Approved	""	0.00215069412758561
NFE2L2	CHEMBL:CHEMBL602383	Not Approved	""	0.06237012969998271
NFE2L2	DOCUSATE SODIUM	Approved	""	0.03118506484999135
NFE2L2	AZINPHOS-ETHYL	Not Approved	""	0.02079004323332757
NFE2L2	CHEMBL:CHEMBL156959	Not Approved	""	0.02079004323332757
NFE2L2	BECLOMETHASONE	Approved	glucocorticoid,antiinflammatory agent	0.005197510808331893
NFE2L2	TRIBUTYLCHLOROSTANNANE	Not Approved	""	0.01559253242499567
NFE2L2	CHEMBL:CHEMBL591412	Not Approved	""	0.01247402593999654
NFE2L2	BACLOFEN	Approved	for treatment of alcohol dependance	0.006237012969998271
NFE2L2	CETYLPYRIDINIUM BROMIDE	Not Approved	""	0.004797702284614055
NFE2L2	IOBENGUANE	Not Approved	""	0.02079004323332757
NFE2L2	KRESOXIM-METHYL	Not Approved	""	0.02079004323332757
NFE2L2	CALCIPOTRIENE	Approved	Dermatologic Agents,antipsoriatic agent	0.01559253242499567
NFE2L2	METACRESOL	Approved	""	0.06237012969998271
NFE2L2	TRIPROLIDINE HYDROCHLORIDE	Approved	""	0.02079004323332757
NFE2L2	CHEMBL:CHEMBL601137	Not Approved	""	0.01247402593999654
NFE2L2	CHEMBL:CHEMBL590422	Not Approved	""	0.06237012969998271
NFE2L2	RIMEXOLONE	Approved	Anti-Inflammatory Agents; Corticosteroids	0.01247402593999654
NFE2L2	SIDURON	Not Approved	""	0.06237012969998271
NFE2L2	ADEFOVIR DIPIVOXIL	Approved	""	0.00693001441110919
NFE2L2	CHLORPYRIFOS	Not Approved	""	0.01247402593999654
NFE2L2	DIENESTROL	Approved	Hormone Replacement Agents	0.00891001852856896
NFE2L2	NISOLDIPINE	Approved	Antihypertensive Agents; Vasodilator Agents	0.003668831158822513
NFE2L2	CISPLATIN	Approved	""	0.0004242865965985219
NFE2L2	CHEMBL:CHEMBL297304	Not Approved	""	0.004158008646665515
NFE2L2	LEFLUNOMIDE	Approved	Antirheumatic Agents	0.005197510808331893
NFE2L2	CHLOROTRIPHENYLSTANNANE	Not Approved	""	0.06237012969998271
NFE2L2	AMCINAFIDE	Not Approved	""	0.02079004323332757
NFE2L2	DIMETHISTERONE	Not Approved	""	0.06237012969998271
NFE2L2	CHEMBL:CHEMBL1990783	Not Approved	""	0.02079004323332757
NFE2L2	HYDROQUINONE	Approved	""	0.003668831158822513
NFE2L2	DIPYRITHIONE	Not Approved	""	0.01039502161666378
NFE2L2	CHEMBL:CHEMBL148831	Not Approved	""	0.03118506484999135
NFE2L2	IOPANOIC ACID	Not Approved	""	0.06237012969998271
NFE2L2	CHEMBL:CHEMBL528390	Not Approved	""	0.06237012969998271
NFE2L2	CHEMBL:CHEMBL225257	Not Approved	""	0.03118506484999135
NFE2L2	HYDROCORTISONE VALERATE	Approved	""	0.02079004323332757
NFE2L2	IL-6	Not Approved	""	0.006565276810524497
NFE2L2	ALL-TRANS-RETINAL	Not Approved	""	0.00891001852856896
NFE2L2	CHEMBL:CHEMBL590706	Not Approved	""	0.01039502161666378
NFE2L2	INDIUM CHLORIDE	Not Approved	""	0.02079004323332757
NFE2L2	LONIDAMINE	Not Approved	""	0.01247402593999654
NFE2L2	HAPLAMINE	Not Approved	""	0.03118506484999135
NFE2L2	PHENYTOIN SODIUM	Approved	Anticonvulsants	0.001485003088094826
NFE2L2	THONZONIUM BROMIDE	Approved	""	0.00693001441110919
NFE2L2	FLUMETHASONE PIVALATE	Approved	Anti-Inflammatory Agents; corticosteroid	0.01559253242499567
NFE2L2	CHEMBL:CHEMBL578502	Not Approved	""	0.00693001441110919
NFE2L2	CHEMBL:CHEMBL600971	Not Approved	""	0.06237012969998271
NFE2L2	CHEMBL:CHEMBL585240	Not Approved	""	0.01039502161666378
NFE2L2	DICHLON	Not Approved	""	0.02079004323332757
NFE2L2	CHEMBL:CHEMBL530361	Not Approved	""	0.01247402593999654
NFE2L2	CHEMBL:CHEMBL600334	Not Approved	""	0.02079004323332757
NFE2L2	P-TOLUENESULFONAMIDE	Not Approved	""	0.06237012969998271
NFE2L2	EMODIN	Not Approved	""	0.002398851142307027
NFE2L2	HELENALIN	Not Approved	""	0.003898133106248919
NFE2L2	METHACHOLINE CHLORIDE	Approved	""	0.01039502161666378
NFE2L2	PHENYLMERCURIC ACETATE	Not Approved	""	0.003118506484999135
NFE2L2	OXADIAZON	Not Approved	""	0.03118506484999135
NFE2L2	CHEMBL:CHEMBL1531222	Not Approved	""	0.03118506484999135
NFE2L2	CHEMBL:CHEMBL429095	Not Approved	""	0.001247402593999654
NFE2L2	METHOXYCHLOR	Not Approved	""	0.01247402593999654
NFE2L2	ALSTERPAULLONE	Not Approved	""	0.001199425571153513
NFE2L2	CHEMBL:CHEMBL1523215	Not Approved	""	0.01559253242499567
NFE2L2	FLUORODIFEN	Not Approved	""	0.02079004323332757
NFE2L2	KEPONE	Not Approved	""	0.005197510808331893
NFE2L2	CHEMBL:CHEMBL591178	Not Approved	""	0.02079004323332757
NFE2L2	CHEMBL:CHEMBL124006	Not Approved	""	0.005197510808331893
NFE2L2	DACTOLISIB	Not Approved	""	0.001299377702082973
NFE2L2	BITERTANOL	Not Approved	""	0.06237012969998271
NFE2L2	MELPHALAN	Approved	""	0.003118506484999135
NFE2L2	DECYNIUM 22	Not Approved	""	0.002711744769564466
NFE2L2	NILUTAMIDE	Approved	Antineoplastic Agents	0.006237012969998271
NFE2L2	CORTICOSTERONE	Not Approved	""	0.03118506484999135
NFE2L2	IPCONAZOLE	Not Approved	""	0.02079004323332757
NFE2L2	ERGOCALCIFEROL	Approved	Antihypocalcemic Agents	0.01559253242499567
NFE2L2	DEMETON-S-METHYL	Not Approved	""	0.06237012969998271
NFE2L2	STAUROSPORINE	Not Approved	""	0.00445500926428448
NFE2L2	HYDROCORTISONE SODIUM SUCCINATE	Approved	""	0.02079004323332757
NFE2L2	ETODOLAC	Approved	for treatment of cancer cachexia,NSAID	0.01559253242499567
NFE2L2	TELMISARTAN	Approved	antihypertensive agent	0.00567001179090752
NFE2L2	PROPYL GALLATE	Approved	""	0.06237012969998271
NFE2L2	CHEMBL:CHEMBL1170485	Not Approved	""	0.01039502161666378
NFE2L2	CHEMBL:CHEMBL2002487	Not Approved	""	0.00567001179090752
NFE2L2	GAMMA-CYHALOTHRIN	Not Approved	""	0.06237012969998271
NFE2L2	DIMETHYL FUMARATE	Approved	""	0.04158008646665515
NFE2L2	CHEMBL:CHEMBL1198140	Not Approved	""	0.00891001852856896
NFE2L2	CHEMBL:CHEMBL598903	Not Approved	""	0.02079004323332757
NFE2L2	CADMIUM DICHLORIDE	Not Approved	""	0.00567001179090752
NFE2L2	FLOCTAFENINE	Not Approved	""	0.06237012969998271
NFE2L2	CHEMBL:CHEMBL591630	Not Approved	""	0.03118506484999135
NFE2L2	BISPHENOL A	Not Approved	""	0.01559253242499567
NFE2L2	DANTHRON	Approved	""	0.01559253242499567
NFE2L2	CHEMBL:CHEMBL586982	Not Approved	""	0.03118506484999135
NFE2L2	THIOINOSINE	Not Approved	""	0.01039502161666378
NFE2L2	ALPHA-PHELLANDRENE	Not Approved	""	0.06237012969998271
NFE2L2	VANOXERINE	Not Approved	""	0.003118506484999135
NFE2L2	CHEMBL:CHEMBL70582	Not Approved	""	0.01559253242499567
NFE2L2	CLOCORTOLONE	Approved	topical,Anti-Inflammatory Agents; Anti-pruritics; Corticosteroids	0.01247402593999654
NFE2L2	FLUOXASTROBIN	Not Approved	""	0.01559253242499567
NFE2L2	INDOMETHACIN	Approved	NSAID	0.003118506484999135
NFE2L2	2-ACETYLAMINOFLUORENE	Not Approved	""	0.03118506484999135
NFE2L2	SIMETRIDE	Not Approved	""	0.06237012969998271
NFE2L2	1-NAPHTHYLISOTHIOCYANATE	Not Approved	""	0.01559253242499567
NFE2L2	CHEMBL:CHEMBL584635	Not Approved	""	0.01039502161666378
NFE2L2	TAMOXIFEN	Approved	Hormonal,Antineoplastic Agents	0.001919080913845622
NFE2L2	BROMOCRIPTINE	Approved	antidiabetic	0.004023879335482755
NFE2L2	CAMPTOTHECIN	Approved	antineoplastic agent	0.001782003705713792
NFE2L2	ANDALUSOL	Not Approved	""	0.1247402593999654
NFE2L2	BREFELDIN A	Not Approved	""	0.00891001852856896
NFE2L2	DIETHYLCARBAMAZINE CITRATE	Approved	""	0.01247402593999654
NFE2L2	TOLONIUM CHLORIDE	Not Approved	""	0.003465007205554595
NFE2L2	PICONOL	Not Approved	""	0.06237012969998271
NFE2L2	NORETHINDRONE	Approved	Synthetic,Oral,Contraceptives,contraceptive	0.006237012969998271
NFE2L2	DIHYDROXANTHOHUMOL	Not Approved	""	0.00891001852856896
NFE2L2	2,4-HEXADIENAL	Not Approved	""	0.02079004323332757
NR1H3	GSK4112	Not Approved	""	1.657263446313826
NR1H3	ATENOLOL	Approved	Anti-Arrhythmia Agents; Antihypertensive Agents	0.1381052871928188
NR1H3	DESMOSTEROL	Not Approved	""	1.242947584735369
NR1H3	NIACIN	Approved	substance abuse deterrant,antidyslipidaemic agent	0.3551278813529628
NR1H3	ROVAZOLAC	Not Approved	""	1.242947584735369
NR1H3	CHEMBL:CHEMBL2204435	Not Approved	""	2.485895169470739
NR1H3	GSK9772	Not Approved	""	2.485895169470739
NR1H3	BEXAROTENE	Approved	antineoplastic agent	0.2071579307892283
NR1H3	VERAPAMIL	Approved	antihypertensive agent	0.110484229754255
NR1H3	LAROPIPRANT	Approved	for counteracting niacin-induced flushing	0.5524211487712755
NR1H3	RICCARDI C	Not Approved	""	4.971790338941479
NR1H3	BMS-852927	Not Approved	""	1.242947584735369
NR1H3	CS-8080	Not Approved	""	1.242947584735369
NR1H3	HESPERETIN	Approved	""	0.5524211487712755
NR1H3	GW3965	Not Approved	""	0.6214737923676849
NR1H3	HYODEOXYCHOLIC_ACID	Not Approved	""	1.242947584735369
NR1H3	TO-901317	Not Approved	""	0.6214737923676849
NR1H3	CHEMBL:CHEMBL1243244	Not Approved	""	2.485895169470739
NR1H3	ABEQUOLIXRON	Not Approved	""	1.242947584735369
NR1H3	SR9011	Not Approved	""	0.9943580677882958
NR1H3	LXR-623	Not Approved	""	0.8286317231569132
CASR	NPS-2143	Not Approved	antiosteoporotic agent	3.070811679934443
CASR	CINACALCET	Approved	Calcimimetics	3.070811679934443
CASR	ENCALERET SULFATE	Not Approved	""	3.070811679934443
CASR	RONACALERET	Not Approved	antiiosteoporotic agent	6.141623359868886
CASR	ETELCALCETIDE	Approved	""	3.070811679934443
CASR	VITAMIN D	Approved	""	0.4724325661437605
CASR	PARATHYROID HORMONE	Approved	antiosteoporotic agent	1.023603893311481
CASR	ASP7991	Not Approved	""	6.141623359868886
CASR	TECALCET HYDROCHLORIDE	Not Approved	""	3.070811679934443
CASR	PAMIDRONATE	Approved	Bisphosphonates	0.558329396351717
CASR	ETELCALCETIDE HYDROCHLORIDE	Approved	""	3.070811679934443
CASR	ATF-936	Not Approved	""	3.070811679934443
CASR	CINACALCET HYDROCHLORIDE	Approved	""	1.535405839967221
CASR	STRONTIUM RANELATE	Approved	antiosteoporotic agent	3.070811679934443
CASR	AXT914	Not Approved	""	1.535405839967221
CASR	AMINOGLYCOSIDE ANTIBIOTIC	Not Approved	""	0.6824025955409873
CASR	EVOCALCET	Not Approved	""	1.535405839967221
HPGD	EBSELEN	Not Approved	""	0.006014262506784048
HPGD	DEMETHYLENCECALIN	Not Approved	""	0.1052495938687208
HPGD	ATHRAQUINONES A	Not Approved	""	0.02104991877374416
HPGD	KOPARIN	Not Approved	""	0.02104991877374416
HPGD	OMEPRAZOLE	Approved	antiulcer agent,Proton pump inhibitor	0.005689167236147072
HPGD	CHEMBL:CHEMBL120806	Not Approved	""	0.04209983754748833
HPGD	FPL-55712	Not Approved	""	0.1052495938687208
HPGD	CHEMBL:CHEMBL242172	Not Approved	""	0.05262479693436042
HPGD	NONSTEROIDAL ANTIINFLAMMATORY DRUG	Not Approved	""	0.02476461032205196
HPGD	CHEMBL:CHEMBL222808	Not Approved	""	0.1052495938687208
HPGD	CHEMBL:CHEMBL523200	Not Approved	""	0.01238230516102598
HPGD	DALCETRAPIB	Not Approved	""	0.07016639591248056
HPGD	CHEMBL:CHEMBL469309	Not Approved	""	0.04209983754748833
HPGD	(4-CHLOROPHENYL)(MORPHOLINO)METHANETHIONE	Not Approved	""	0.05262479693436042
HPGD	SUPROFEN METHYL ESTER	Not Approved	""	0.2104991877374416
HPGD	OBTUSAQUINONE	Not Approved	""	0.03508319795624028
HPGD	MANGOSTIN	Not Approved	""	0.02104991877374416
HPGD	KAINIC ACID	Not Approved	""	0.02631239846718021
HPGD	HOMIDIUM BROMIDE	Not Approved	""	0.007258592680601436
HPGD	CHEMBL:CHEMBL1091971	Not Approved	""	0.05262479693436042
HPGD	3-METHOXYCATECHOL	Not Approved	""	0.02104991877374416
HPGD	HEXACHLOROPHENE	Approved	""	0.005134126530181504
HPGD	CHEMBL:CHEMBL1214274	Not Approved	""	0.03007131253392024
HPGD	7-CHLOROKYNURENIC ACID	Not Approved	""	0.2104991877374416
HPGD	IRIGINOL HEXAACEATATE	Not Approved	""	0.01913628979431288
HPGD	SILVER SULFADIAZINE	Approved	""	0.02631239846718021
HPGD	CHEMBL:CHEMBL166486	Not Approved	""	0.02631239846718021
HPGD	BRIMONIDINE	Approved	for treatment of glaucoma	0.01754159897812014
HPGD	HEMATOXYLIN	Not Approved	""	0.03508319795624028
HPGD	CISPLATIN	Approved	""	0.001431967263520011
HPGD	REV-5901	Not Approved	""	0.05262479693436042
HPGD	CHEMBL:CHEMBL56393	Not Approved	""	0.00751782813348006
HPGD	2-BENZOYL-5-METHOXYBENZOQUINONE	Not Approved	""	0.04209983754748833
HPGD	CHEMBL:CHEMBL602807	Not Approved	""	0.02631239846718021
HPGD	CHEMBL:CHEMBL471005	Not Approved	""	0.05262479693436042
HPGD	CHEMBL:CHEMBL421215	Not Approved	""	0.02338879863749352
HPGD	LUZINDOLE	Not Approved	""	0.03007131253392024
HPGD	CHEMBL:CHEMBL242171	Not Approved	""	0.02104991877374416
HPGD	OXYTETRACYCLINE HYDROCHLORIDE	Approved	""	0.02338879863749352
HPGD	TYRPHOSTIN AG 555	Not Approved	""	0.01107890461776008
HPGD	FENTICLOR	Not Approved	""	0.01107890461776008
HPGD	2-ARACHIDONOYLGLYCEROL	Not Approved	""	0.03508319795624028
HPGD	ZEARALENONE	Not Approved	""	0.01619224521057243
HPGD	AM404	Not Approved	""	0.03007131253392024
HPGD	SOFALCONE	Not Approved	""	0.03007131253392024
HPGD	E927A	Not Approved	""	0.07016639591248056
HPGD	ZARDAVERINE	Not Approved	""	0.07016639591248056
HPGD	U-0126	Not Approved	""	0.02104991877374416
HPGD	PYRROLIDINE DITHIOCARBAMIC ACID, AMMONIUM SALT	Not Approved	""	0.03508319795624028
HPGD	DANTHRON	Approved	""	0.05262479693436042
HPGD	PHLORETIN	Approved	""	0.0131561992335901
HPGD	MK-8262	Not Approved	""	0.2104991877374416
HPGD	CHEMBL:CHEMBL598663	Not Approved	""	0.01913628979431288
HPGD	PYRROLIDINE DITHIOCARBAMATE	Not Approved	""	0.01619224521057243
HPGD	ALPRAZOLAM	Approved	hypnotic,sedative,anxiolytic	0.00619115258051299
HPGD	DIHYDROXIDINE	Not Approved	""	0.02631239846718021
HPGD	N-ACETYLSEROTONIN	Not Approved	""	0.1052495938687208
HPGD	ZAPRINAST	Not Approved	""	0.01619224521057243
HPGD	ONONETIN	Not Approved	""	0.07016639591248056
HPGD	1,2-NAPHTHOQUINONE	Not Approved	""	0.02338879863749352
HPGD	MASOPROCOL	Approved	prostate cancer,antineoplastic agent	0.004478706122073227
HPGD	PENTACHLOROPHENOL	Not Approved	""	0.01503565626696012
HPGD	LORECLEZOLE	Not Approved	""	0.1052495938687208
HPGD	MUNDULONE	Not Approved	""	0.05262479693436042
HPGD	GW405833	Not Approved	""	0.02631239846718021
HPGD	BENZBROMARONE	Approved	""	0.0131561992335901
HPGD	CHEMBL:CHEMBL225513	Not Approved	""	0.02631239846718021
HPGD	BENZOTHIAZYL DISULFIDE	Not Approved	""	0.05262479693436042
HPGD	PYROGALLOL	Approved	""	0.01403327918249611
HPGD	LUTEOLIN	Not Approved	""	0.006578099616795052
HPGD	CHLORANIL	Not Approved	""	0.01403327918249611
HPGD	CHEMBL:CHEMBL601618	Not Approved	""	0.05262479693436042
HPGD	DITHIOLETHIONE	Not Approved	""	0.03508319795624028
HPGD	NORSTICTIC ACID	Not Approved	""	0.03007131253392024
HPGD	CHEMBL:CHEMBL68534	Not Approved	""	0.01107890461776008
HPGD	DIALLYLDISULFIDE	Not Approved	""	0.07016639591248056
HPGD	N-ARACHIDONOYLGLYCINE	Not Approved	""	0.01107890461776008
HPGD	LY-255283	Not Approved	""	0.05262479693436042
HPGD	CADMIUM DICHLORIDE	Not Approved	""	0.01913628979431288
HPGD	CHEMBL:CHEMBL529138	Not Approved	""	0.1052495938687208
HPGD	CHEMBL:CHEMBL581929	Not Approved	""	0.03508319795624028
HPGD	PURPUROGALLIN	Not Approved	""	0.00584719965937338
HPGD	3,4-DIMETHOXYDALBERGIONE	Not Approved	""	0.07016639591248056
HPGD	CHEMBL:CHEMBL607309	Not Approved	""	0.02338879863749352
HPGD	AMENTOFLAVONE	Not Approved	""	0.02631239846718021
HPGD	HAEMATOXYLIN	Not Approved	""	0.008096122605286218
HPGD	BITHIONOL	Approved	""	0.00877079948906007
HPGD	CHEMBL:CHEMBL80155	Not Approved	""	0.02104991877374416
HPGD	PLUMBAGIN	Not Approved	""	0.01619224521057243
HPGD	IBUPROFEN, SODIUM SALT	Approved	NSAID	0.01079483014038162
HPGD	CHEMBL:CHEMBL1465049	Not Approved	""	0.01503565626696012
HPGD	MECYSTEINE HYDROCHLORIDE	Not Approved	""	0.07016639591248056
HPGD	METHYLDOPA (RACEMIC)	Not Approved	""	0.01754159897812014
HPGD	PAEONOL	Not Approved	""	0.1052495938687208
HPGD	CHEMBL:CHEMBL585628	Not Approved	""	0.03508319795624028
HPGD	TARENFLURBIL	Not Approved	""	0.01754159897812014
HPGD	THIRAM	Not Approved	""	0.009152138597280073
HPGD	CHEMBL:CHEMBL484663	Not Approved	""	0.02631239846718021
HPGD	PAPAVERINE HYDROCHLORIDE	Approved	""	0.03508319795624028
HPGD	PIRINIXIC ACID	Not Approved	""	0.03508319795624028
HPGD	CARMINE	Not Approved	""	0.01754159897812014
HPGD	IRIGENOL	Not Approved	""	0.01503565626696012
HPGD	GW0742X	Not Approved	""	0.02631239846718021
HPGD	THIMEROSAL	Approved	""	0.009152138597280073
HPGD	MERCURIC CHLORIDE	Not Approved	""	0.01052495938687208
HPGD	FUMARPROTOCETRARIC ACID	Not Approved	""	0.01754159897812014
HPGD	METHYL 7-DESHYDROXYPYROGALLIN-4-CARBOXYLATE	Not Approved	""	0.02338879863749352
HPGD	ARACHIDONIC ACID	Not Approved	""	0.01619224521057243
HPGD	DERRUBONE	Not Approved	""	0.03508319795624028
HPGD	DIHYDREXIDINE HYDROCHLORIDE	Not Approved	""	0.05262479693436042
HPGD	5,7-DIHYDROXYISOFLAVONE	Not Approved	""	0.01913628979431288
HPGD	MYRICETIN	Not Approved	""	0.005262479693436042
HPGD	GW5074	Not Approved	""	0.00956814489715644
HPGD	EPHEDRINE	Approved	Central Nervous System Stimulants	0.01238230516102598
HPGD	PEUCENIN	Not Approved	""	0.2104991877374416
HPGD	PIPERINE	Approved	""	0.01913628979431288
HPGD	TOLMETIN SODIUM	Approved	""	0.07016639591248056
HPGD	TPCK	Not Approved	""	0.01169439931874676
HPGD	EVACETRAPIB	Not Approved	""	0.1052495938687208
HPGD	THIOGUANINE	Approved	""	0.006378763264770959
HPGD	NITRAZEPAM	Not Approved	Anticonvulsants; Hypnotics and Sedatives	0.01002377084464007
HPGD	HYDROQUINONE	Approved	""	0.01238230516102598
HPGD	QUINALIZARIN	Not Approved	""	0.01403327918249611
HPGD	ELLAGIC ACID	Not Approved	""	0.00751782813348006
HPGD	TANSHINONE IIA	Not Approved	""	0.01619224521057243
HPGD	2',4'-DIHYDROXYCHALCONE	Not Approved	""	0.05262479693436042
HPGD	CHEMBL:CHEMBL515505	Not Approved	""	0.009152138597280073
HPGD	MESALAMINE	Approved	for treatment of ulcerative proctitis,for treatment of ulcerative colitis,antiinflammatory agent	0.00956814489715644
HPGD	CHEMBL:CHEMBL1214407	Not Approved	""	0.05262479693436042
HPGD	FLAVANONE	Not Approved	""	0.02631239846718021
HPGD	CHEMBL:CHEMBL222556	Not Approved	""	0.01913628979431288
HPGD	DIOXYBENZONE	Not Approved	""	0.05262479693436042
HPGD	CHEMBL:CHEMBL516616	Not Approved	""	0.03007131253392024
HPGD	ZAPA	Not Approved	""	0.03007131253392024
HPGD	ALLITRIDIN	Not Approved	""	0.05262479693436042
HPGD	CHEMBL:CHEMBL239439	Not Approved	""	0.03007131253392024
HPGD	CHEMBL:CHEMBL261123	Not Approved	""	0.03508319795624028
HPGD	GOSSYPOL	Not Approved	""	0.004385399744530035
HPGD	BERGAPTOL	Not Approved	""	0.07016639591248056
HPGD	TYRPHOSTIN 47	Not Approved	""	0.0131561992335901
HPGD	CHEMBL:CHEMBL77387	Not Approved	""	0.05262479693436042
HPGD	CHEMBL:CHEMBL1481974	Not Approved	""	0.02631239846718021
HPGD	CONGO RED	Not Approved	""	0.01403327918249611
HPGD	FLUFENAMIC ACID	Not Approved	""	0.005539452308880043
HPGD	CATECHOL	Not Approved	""	0.00956814489715644
HPGD	ANACETRAPIB	Not Approved	for treatment of dyslipidemia	0.1052495938687208
HPGD	THIORPHAN	Not Approved	""	0.05262479693436042
HPGD	CHEMBL:CHEMBL531709	Not Approved	""	0.1052495938687208
HPGD	CHEMBL:CHEMBL429095	Not Approved	""	0.004209983754748833
HPGD	LEOIDIN	Not Approved	""	0.2104991877374416
HPGD	LINOLEIC ACID	Approved	""	0.03508319795624028
HPGD	KETANSERIN	Not Approved	""	0.009152138597280073
HPGD	DRL-17822	Not Approved	""	0.1052495938687208
HPGD	APIGENIN	Approved	""	0.008096122605286218
HPGD	TRICLOSAN	Approved	""	0.03508319795624028
HPGD	HYPERICIN	Not Approved	""	0.01619224521057243
HPGD	ALTANSERIN	Not Approved	""	0.1052495938687208
HPGD	JUGLONE	Not Approved	""	0.01052495938687208
HPGD	CARBIDOPA ANHYDROUS	Approved	antiparkinson agent	0.02104991877374416
HPGD	FOSFONET	Not Approved	""	0.07016639591248056
HPGD	CHEMBL:CHEMBL1332182	Not Approved	""	0.07016639591248056
HPGD	DNQX	Not Approved	""	0.04209983754748833
HPGD	CHEMBL:CHEMBL1485420	Not Approved	""	0.2104991877374416
HPGD	5,7-DICHLOROKYNURENIC ACID	Not Approved	""	0.03007131253392024
HPGD	3,4-DIDESMETHYL-5-DESHYDROXY-3'-ETHOXYSCLEROIN	Not Approved	""	0.03007131253392024
HPGD	7,8-DIHYDROXYFLAVONE	Not Approved	""	0.02631239846718021
HPGD	CHEMBL:CHEMBL1368535	Not Approved	""	0.2104991877374416
HPGD	GOSSYPETIN	Not Approved	""	0.02104991877374416
HPGD	7-NITROINDAZOLE	Not Approved	""	0.03007131253392024
HPGD	LIOTHYRONINE SODIUM	Approved	""	0.02104991877374416
HPGD	CLORGYLINE HYDROCHLORIDE	Not Approved	""	0.07016639591248056
HPGD	PROSTAGLANDIN A2	Not Approved	""	0.03508319795624028
HPGD	DISULFIRAM	Approved	Alcohol Deterrents	0.004895329947382365
HPGD	BAY-11-7085	Not Approved	""	0.01754159897812014
HPGD	CHEMBL:CHEMBL1256191	Not Approved	""	0.02631239846718021
HPGD	OXOGLAUCINE	Not Approved	""	0.03007131253392024
HPGD	PHOSMET	Not Approved	""	0.04209983754748833
HPGD	NBQX	Not Approved	""	0.0131561992335901
HPGD	CHEMBL:CHEMBL1256291	Not Approved	""	0.01913628979431288
HPGD	CHEMBL:CHEMBL452954	Not Approved	""	0.04209983754748833
HPGD	TRANILAST	Not Approved	""	0.01913628979431288
HPGD	OBICETRAPIB	Not Approved	""	0.1052495938687208
HPGD	CHEMBL:CHEMBL67535	Not Approved	""	0.01107890461776008
HPGD	BAICALEIN	Not Approved	""	0.008419967509497667
HPGD	CHEMBL:CHEMBL592124	Not Approved	""	0.00679029637862715
HPGD	SULFANITRAN	Not Approved	""	0.1052495938687208
HPGD	CHEMBL:CHEMBL1388908	Not Approved	""	0.1052495938687208
HPGD	GALLIC ACID	Not Approved	""	0.01754159897812014
HPGD	CHLORPROPHAM	Not Approved	""	0.2104991877374416
HPGD	CHEMBL:CHEMBL1255936	Not Approved	""	0.03508319795624028
HPGD	OXYBENZONE	Approved	""	0.05262479693436042
HPGD	2-MERCAPTOBENZOTHIAZOLE	Not Approved	""	0.02631239846718021
HPGD	CEAROIN	Not Approved	""	0.07016639591248056
HPGD	THIOTEPA	Approved	""	0.02104991877374416
HPGD	2',BETA-DIHYDROXYCHALCONE	Not Approved	""	0.2104991877374416
HPGD	CHEMBL:CHEMBL502257	Not Approved	""	0.2104991877374416
HPGD	CURCUMIN	Approved	""	0.003189381632385479
HPGD	PYRITHIONE ZINC	Approved	""	0.01169439931874676
HPGD	GUTHION	Not Approved	""	0.01754159897812014
HPGD	QUERCETIN	Approved	""	0.00266454668022078
HPGD	SULFASALAZINE	Approved	DMARD,antiinflammatory agent	0.00877079948906007
HPGD	CHEMBL:CHEMBL244707	Not Approved	""	0.01913628979431288
HPGD	DEPHOSTATIN	Not Approved	""	0.008419967509497667
HPGD	SODIUM CHLORIDE	Approved	""	0.01503565626696012
HPGD	SAPPANONE A DIMETHYL ETHER	Not Approved	""	0.03508319795624028
HPGD	4-CHLOROMERCURIBENZOIC ACID	Not Approved	""	0.00751782813348006
HPGD	CHEMBL:CHEMBL271023	Not Approved	""	0.03508319795624028
HPGD	PENTABROMOPHENOL	Not Approved	""	0.01619224521057243
HPGD	AMBUNOL	Not Approved	""	0.04209983754748833
HPGD	SULFINPYRAZONE	Approved	Uricosuric Agents	0.01503565626696012
HPGD	5-HYDROXYINDOLEACETIC ACID	Not Approved	""	0.05262479693436042
HPGD	BROMOENOL LACTONE	Not Approved	""	0.02631239846718021
HPGD	KAEMPHEROL	Not Approved	""	0.01169439931874676
HPGD	CLOROPHENE	Not Approved	""	0.04209983754748833
HPGD	PD-98059	Not Approved	""	0.005689167236147072
HPGD	CAPSAZEPINE	Not Approved	""	0.00956814489715644
HPGD	GENISTEIN	Approved	""	0.003629296340300718
HPGD	EMODIC ACID	Not Approved	""	0.01754159897812014
HPGD	CHLOROTHALONIL	Not Approved	""	0.01754159897812014
HPGD	TYRPHOSTIN 23	Not Approved	""	0.01002377084464007
HPGD	CHEMBL:CHEMBL595227	Not Approved	""	0.02104991877374416
HPGD	CHEMBL:CHEMBL277148	Not Approved	""	0.05262479693436042
HPGD	EMBELIN	Not Approved	""	0.01403327918249611
HPGD	CHEMBL:CHEMBL472656	Not Approved	""	0.05262479693436042
HPGD	BW373U86	Not Approved	""	0.03508319795624028
HPGD	3-HYDROXYCOUMARIN	Not Approved	""	0.1052495938687208
HPGD	PHENYLMERCURIC ACETATE	Not Approved	""	0.01052495938687208
HPGD	PHENAMIPHOS	Not Approved	""	0.1052495938687208
HPGD	DICHLOROPHEN	Not Approved	""	0.01169439931874676
HPGD	PURPURIN	Not Approved	""	0.01002377084464007
HPGD	LECANORIC ACID	Not Approved	""	0.1052495938687208
HPGD	CHEMBL:CHEMBL220845	Not Approved	""	0.02338879863749352
HPGD	NIFEDIPINE	Approved	Antianginal Agents; Vasodilator Agents	0.00375891406674003
HPGD	CHEMBL:CHEMBL1459280	Not Approved	""	0.03508319795624028
HPGD	CHEMBL:CHEMBL585269	Not Approved	""	0.1052495938687208
HPGD	KETANSERIN TARTRATE	Not Approved	""	0.05262479693436042
HPGD	TOLFENAMIC ACID	Not Approved	""	0.02104991877374416
HPGD	CHEMBL:CHEMBL592106	Not Approved	""	0.07016639591248056
HPGD	IODOPHTHALEIN	Not Approved	""	0.02631239846718021
HPGD	CARNOSIC ACID	Not Approved	""	0.04209983754748833
HPGD	FLAVONE	Approved	""	0.03508319795624028
HPGD	KHELLIN	Not Approved	""	0.05262479693436042
HPGD	AURIN	Not Approved	""	0.01913628979431288
HPGD	CAPTAN	Not Approved	""	0.01619224521057243
HPGD	DIETHYLTOLUAMIDE	Not Approved	""	0.2104991877374416
HPGD	GW282974X	Not Approved	""	0.02631239846718021
HPGD	STICTIC ACID	Not Approved	""	0.01169439931874676
HPGD	TRICLOFENOL	Not Approved	""	0.07016639591248056
ELN	VONAPANITASE	Not Approved	""	13.05094963972138
ELN	VONAPANITASE	Not Approved	to improve vascular access during surgery	13.05094963972138
ELN	DCLK1-IN-1	Not Approved	""	3.262737409930345
ELN	XMD8-92	Not Approved	""	3.262737409930345
CTNNB1	PP1	Not Approved	""	0.1318277741385998
CTNNB1	PF-670462	Not Approved	""	0.1977416612078997
CTNNB1	MPI-0479605	Not Approved	""	0.5273110965543993
CTNNB1	SKF-86002	Not Approved	""	0.3954833224157995
CTNNB1	SB203580	Not Approved	""	0.02727471189074479
CTNNB1	IMATINIB	Approved	antineoplastic agent	0.02197129568976663
CTNNB1	MAPK13-IN-1	Not Approved	""	0.3954833224157995
CTNNB1	BAY1217389	Not Approved	""	0.5273110965543993
CTNNB1	NIROGACESTAT	Approved	""	0.05649761748797136
CTNNB1	NMS-P715	Not Approved	""	0.790966644831599
CTNNB1	ACUMAPIMOD	Not Approved	""	0.3954833224157995
CTNNB1	EOSIN_Y	Not Approved	""	1.581933289663198
CTNNB1	DILMAPIMOD	Not Approved	DMARD,antiinflammatory agent	0.3954833224157995
CTNNB1	PRI-724	Not Approved	""	0.3954833224157995
CTNNB1	MW150	Not Approved	""	0.790966644831599
CTNNB1	COMPOUND 12 [PMID: 22521646]	Not Approved	""	0.790966644831599
CTNNB1	BMS-582949	Not Approved	""	0.790966644831599
CTNNB1	OSUGACESTAT	Not Approved	""	0.3954833224157995
CTNNB1	AZD7624	Not Approved	""	0.3954833224157995
CTNNB1	VANTICTUMAB	Not Approved	""	0.2259904699518854
CTNNB1	ANTI-PD-L1 MONOCLONAL ANTIBODY	Not Approved	""	0.1977416612078997
CTNNB1	LOSMAPIMOD	Not Approved	""	0.2636555482771996
CTNNB1	LENALIDOMIDE	Approved	antineoplastic agent	0.1216871761279383
CTNNB1	NDPPC	Not Approved	""	0.790966644831599
CTNNB1	CELECOXIB	Approved	NSAID	0.02361094462183877
CTNNB1	TRAMETINIB DIMETHYL SULFOXIDE	Approved	antineoplastic agent	0.03365815509921698
CTNNB1	DORAMAPIMOD	Not Approved	""	0.034389854123113
CTNNB1	CHEMBL:CHEMBL2172378	Not Approved	""	1.581933289663198
CTNNB1	RECOMBINANT HUMAN ENDOSTATIN	Not Approved	""	0.790966644831599
CTNNB1	TRICIRIBINE	Not Approved	antineoplastic agent	0.2636555482771996
CTNNB1	TEMSIROLIMUS	Approved	antineoplastic agent	0.1054622193108798
CTNNB1	AZD6703	Not Approved	""	0.3954833224157995
CTNNB1	SAM68 MODULATOR CWP232291	Not Approved	""	0.790966644831599
CTNNB1	NEFLAMAPIMOD	Not Approved	""	0.1318277741385998
CTNNB1	LETROZOLE	Approved	antineoplastic agent	0.04394259137953327
CTNNB1	VX-702	Not Approved	""	0.3954833224157995
CTNNB1	7-HYDROXYSTAUROSPORINE	Not Approved	""	0.06084358806396916
CTNNB1	TAK-715	Not Approved	""	0.3954833224157995
CTNNB1	FLUORESCEIN SODIUM	Approved	""	1.581933289663198
CTNNB1	PEXMETINIB	Not Approved	for treatment of myelodysplastic syndrome	0.04394259137953327
CTNNB1	CHEMBL:CHEMBL91638	Not Approved	""	0.790966644831599
CTNNB1	COMPOUND 4E [PMID: 35546685]	Not Approved	""	0.1977416612078997
CTNNB1	CHEMBL:CHEMBL533293	Not Approved	""	0.07190605862105445
CTNNB1	MPS1-IN-1	Not Approved	""	0.790966644831599
CTNNB1	CETUXIMAB	Approved	antineoplastic agent	0.04275495377468102
CTNNB1	PF-03715455	Not Approved	""	0.2636555482771996
CTNNB1	CHEMBL:CHEMBL410484	Not Approved	""	0.09887083060394987
CTNNB1	ARRY-371797	Not Approved	antineoplastic agent	0.1318277741385998
CTNNB1	DEXAMETHASONE	Approved	for treatment of Meniere's disease,glucocorticoid,antiinflammatory agent	0.01861097987839056
CTNNB1	PAMAPIMOD	Not Approved	""	0.1318277741385998
CTNNB1	ANTI-CTLA-4 MONOCLONAL ANTIBODY	Not Approved	""	0.790966644831599
CTNNB1	PH-797804	Not Approved	""	0.3954833224157995
CTNNB1	DITHIAZANINE IODIDE	Not Approved	""	0.06084358806396916
CTNNB1	SB220025	Not Approved	""	0.02551505305908383
CTNNB1	CEQ508	Not Approved	antineoplastic agent	2.372899934494797
CTNNB1	CABOZANTINIB S-MALATE	Approved	antineoplastic agent	0.07190605862105445
CTNNB1	SB202190	Not Approved	""	0.02197129568976663
CTNNB1	RALIMETINIB	Not Approved	""	0.1977416612078997
CTNNB1	TALMAPIMOD	Not Approved	DMARD,antiinflammatory agent	0.2636555482771996
CTNNB1	CBS-3595	Not Approved	""	0.2636555482771996
CTNNB1	THALIDOMIDE	Approved	antineoplastic agent	0.04275495377468102
CTNNB1	EMPESERTIB	Not Approved	""	0.5273110965543993
CTNNB1	SORAFENIB	Approved	antineoplastic agent	0.0137559416492452
CTNNB1	OSIMERTINIB	Approved	""	0.1129952349759427
CTNNB1	CYCLOPHOSPHAMIDE ANHYDROUS	Approved	""	0.0195300406131259
CTNNB1	EVEROLIMUS	Approved	immunosuppressant	0.06979117454396461
POMC	INTERMEDINE	Not Approved	""	52.20379855888553
POMC	SETMELANOTIDE	Approved	""	6.525474819860691
KRAS	ABEMACICLIB	Approved	""	0.05724100719176045
KRAS	BEVACIZUMAB	Approved	antineoplastic agent	0.0135947392080431
KRAS	PD98059	Not Approved	""	0.135947392080431
KRAS	DANOPREVIR	Not Approved	""	0.5437895683217243
KRAS	PELAREOREP	Not Approved	antineoplastic agent	0.1812631894405747
KRAS	GEMCITABINE	Approved	antineoplastic agent	0.01182151235482009
KRAS	DECITABINE	Approved	antineoplastic agent	0.04531579736014369
KRAS	TRASTUZUMAB	Approved	antineoplastic agent	0.02014035438228608
KRAS	ALISERTIB	Not Approved	antineoplastic agent	0.01132894934003592
KRAS	SALIRASIB	Not Approved	""	0.09887083060394987
KRAS	CRIZOTINIB	Approved	antineoplastic agent	0.02175158273286897
KRAS	PEMETREXED DISODIUM	Approved	Antineoplastic Agents,antineoplastic agent	0.02091498339698939
KRAS	SORAFENIB	Approved	antineoplastic agent	0.004728604941928037
KRAS	AFATINIB	Approved	antineoplastic agent	0.03021053157342912
KRAS	TEPROTUMUMAB	Approved	""	0.1812631894405747
KRAS	NARLAPREVIR	Not Approved	""	0.5437895683217243
KRAS	ERLOTINIB	Approved	antineoplastic agent	0.01942105601149015
KRAS	RAMUCIRUMAB	Approved	antineoplastic agent	0.09063159472028738
KRAS	LAPATINIB	Approved	antineoplastic agent	0.01754159897812014
KRAS	REGORAFENIB	Approved	antineoplastic agent	0.04943541530197493
KRAS	SELUMETINIB	Approved	""	0.06591388706929992
KRAS	METFORMIN	Approved	antidiabetic	0.01326316020296888
KRAS	GLECAPREVIR	Approved	""	0.5437895683217243
KRAS	TEMSIROLIMUS	Approved	antineoplastic agent	0.03625263788811495
KRAS	PANITUMUMAB	Approved	antineoplastic agent	0.9788212229791036
KRAS	PEMBROLIZUMAB	Approved	""	0.01647847176732498
KRAS	VANIPREVIR	Not Approved	""	0.135947392080431
KRAS	VOCIPROTAFIB	Not Approved	""	0.2718947841608621
KRAS	BINIMETINIB	Approved	antineoplastic agent,DMARD,antiinflammatory agent	0.08156843524825863
KRAS	SOTORASIB	Approved	""	0.5437895683217243
KRAS	GI-4000	Not Approved	vaccine,antineoplastic agent	0.2718947841608621
KRAS	EVEROLIMUS	Approved	immunosuppressant	0.01599381083299189
KRAS	TUCATINIB	Approved	antineoplastic agent	0.06797369604021554
KRAS	TRAMETINIB DIMETHYL SULFOXIDE	Approved	antineoplastic agent	0.05784995407677917
KRAS	EPIDERMAL GROWTH FACTOR RECEPTOR TYROSINE KINASE INHIBITOR	Not Approved	""	0.06042106314685825
KRAS	IMATINIB	Approved	antineoplastic agent	0.007552632893357281
KRAS	THERAPEUTIC TUMOR INFILTRATING LYMPHOCYTES	Not Approved	""	0.2718947841608621
KRAS	TELAPREVIR	Approved	""	0.1087579136643448
KRAS	VANDETANIB	Approved	antineoplastic agent	0.009375682212443521
KRAS	CILUPREVIR	Not Approved	""	0.5437895683217243
KRAS	FURAPREVIR	Not Approved	""	0.5437895683217243
KRAS	DABRAFENIB	Approved	antineoplastic agent	0.02014035438228608
KRAS	VEMURAFENIB	Approved	antineoplastic agent	0.0146970153600466
KRAS	ASUNAPREVIR	Approved	""	0.1812631894405747
KRAS	ATEZOLIZUMAB	Approved	""	0.03021053157342912
KRAS	FALDAPREVIR	Not Approved	""	0.1812631894405747
KRAS	B-RAF/VEGFR-2 INHIBITOR RAF265	Not Approved	""	0.09063159472028738
KRAS	BCL-2 INHIBITOR	Not Approved	""	0.5437895683217243
KRAS	SCH772984	Not Approved	""	0.09063159472028738
KRAS	ADAGRASIB	Approved	""	0.8156843524825864
KRAS	SOVAPREVIR	Not Approved	""	0.5437895683217243
KRAS	MITOGEN-ACTIVATED PROTEIN KINASE KINASE INHIBITOR	Not Approved	""	0.09063159472028738
KRAS	SIMEPREVIR SODIUM	Approved	""	0.5437895683217243
KRAS	RAS PEPTIDE CANCER VACCINE	Not Approved	""	0.5437895683217243
KRAS	FRUQUINTINIB	Approved	antineoplastic agent	0.07768422404596062
KRAS	VOXILAPREVIR	Approved	""	0.1812631894405747
KRAS	ARS-1620	Not Approved	""	0.2718947841608621
KRAS	RIGOSERTIB	Not Approved	antineoplastic agent	0.06797369604021554
KRAS	VEDROPREVIR	Not Approved	""	0.5437895683217243
KRAS	PALBOCICLIB	Approved	""	0.01066254055532792
KRAS	GRAZOPREVIR	Approved	""	0.2718947841608621
KRAS	NIVOLUMAB	Approved	antineoplastic agent	0.02091498339698939
KRAS	PARITAPREVIR	Approved	""	0.2718947841608621
KRAS	CAPECITABINE	Approved	""	0.02132508111065585
KRAS	OXALIPLATIN	Approved	""	0.04293075539382034
KRAS	IRINOTECAN HYDROCHLORIDE	Approved	antineoplastic agent	0.008631580449551179
KRAS	PHA-665752	Not Approved	""	0.1087579136643448
KRAS	PICTILISIB	Not Approved	""	0.01647847176732498
KRAS	CET KRAS ANTISENSE OLIGONUCLEOTIDE AZD4785	Not Approved	""	0.5437895683217243
KRAS	PACLITAXEL	Approved	for treatment of peripheral arterial disease (PAD),DMARD,antiinflammatory agent,antineoplastic agent	0.004943541530197494
KRAS	AZACITIDINE	Approved	antineoplastic agent	0.0135947392080431
KRAS	GS-9256	Not Approved	""	0.135947392080431
KRAS	DUAL IGF-1R/INSR INHIBITOR BMS-754807	Not Approved	""	0.1812631894405747
KRAS	MIRDAMETINIB	Not Approved	""	0.03625263788811495
KRAS	ENCORAFENIB	Approved	""	0.1208421262937165
KRAS	COBIMETINIB	Approved	antineoplastic agent	0.05724100719176045
KRAS	MUC1-TARGETED PEPTIDE GO-203-2C	Not Approved	""	0.5437895683217243
KRAS	TIPIRACIL / TRIFLURIDINE	Not Approved	""	0.2718947841608621
KRAS	SIMVASTATIN	Approved	antidyslipidaemic agent,anticholesterolaemic agent,antihypertensive agent	0.01087579136643448
KRAS	BOCEPREVIR	Approved	""	0.07768422404596062
KRAS	PI3KBETA INHIBITOR AZD8186	Not Approved	""	0.2718947841608621
KRAS	DIVARASIB	Not Approved	""	0.5437895683217243
KRAS	MIRDAMETINIB	Not Approved	""	0.135947392080431
KRAS	CARBOPLATIN	Approved	""	0.006323134515368887
KRAS	GEFITINIB	Approved	antineoplastic agent	0.01623252442751415
KRAS	DOCETAXEL ANHYDROUS	Approved	antineoplastic agent	0.01310336309208974
KRAS	TIZATERKIB	Not Approved	""	0.135947392080431
KRAS	CISPLATIN	Approved	""	0.003699248764093362
KRAS	DACTOLISIB	Not Approved	""	0.01132894934003592
KRAS	DASATINIB ANHYDROUS	Approved	antineoplastic agent	0.007155125898970056
KRAS	CETUXIMAB	Approved	antineoplastic agent	0.5290925529616777
KRAS	PONATINIB	Approved	antineoplastic agent	0.02091498339698939
KRAS	PIMASERTIB	Not Approved	""	0.06797369604021554
KRAS	KRAS G12D INHIBITOR HRS-4642	Not Approved	""	0.5437895683217243
KRAS	AZD5438	Not Approved	""	0.02265789868007184
KRAS	MEK INHIBITOR GDC-0623	Not Approved	""	0.5437895683217243
MMP3	PRINOMASTAT	Not Approved	""	0.5326918220294442
MMP3	CTS-1027	Not Approved	""	0.5326918220294442
MMP3	BERKELEYTRIONE	Not Approved	""	3.728842754206109
MMP3	MARIMASTAT	Not Approved	Antineoplastic Agents	0.745768550841222
MMP3	PRAVASTATIN SODIUM	Approved	anticholesterolaemic agent,antihypecholesterolemic agent	0.2762105743856377
MMP3	BERKELEYACETAL B	Not Approved	""	3.728842754206109
MMP3	BERKELEYAMIDE B	Not Approved	""	3.728842754206109
MMP3	LISINOPRIL ANHYDROUS	Approved	antihypertensive agent	0.9322106885515273
MMP3	ILOMASTAT	Not Approved	""	0.1491537101682443
MMP3	BERKELEYDIONE	Not Approved	""	3.728842754206109
MMP3	CHLORTHALIDONE	Approved	Antihypertensive Agents; Diuretics	0.8286317231569131
MMP3	BERKELEYAMIDE C	Not Approved	""	3.728842754206109
MMP3	BERKELEYACETAL C	Not Approved	""	3.728842754206109
MMP3	BERKELEYACETAL A	Not Approved	""	3.728842754206109
SLC5A2	TOFOGLIFLOZIN	Approved	""	3.262737409930345
SLC5A2	SERGLIFLOZIN ETABONATE	Not Approved	""	3.262737409930345
SLC5A2	IPRAGLIFLOZIN	Approved	antidiabetic	1.631368704965172
SLC5A2	LICOGLIFLOZIN	Not Approved	""	0.6525474819860692
SLC5A2	HENAGLIFLOZIN	Not Approved	""	3.262737409930345
SLC5A2	YM-543	Not Approved	""	1.631368704965172
SLC5A2	GLUFOSFAMIDE	Not Approved	antineoplastic agent	0.4078421762412932
SLC5A2	DAPAGLIFLOZIN PROPANEDIOL	Approved	antidiabetic	1.631368704965172
SLC5A2	IPRAGLIFLOZIN L-PROLINE	Not Approved	""	3.262737409930345
SLC5A2	REMOGLIFLOZIN ETABONATE	Not Approved	""	1.631368704965172
SLC5A2	ERTUGLIFLOZIN PIDOLATE	Approved	""	3.262737409930345
SLC5A2	EMPAGLIFLOZIN	Approved	antidiabetic	1.631368704965172
SLC5A2	ERTUGLIFLOZIN	Approved	""	0.8156843524825864
SLC5A2	SOTAGLIFLOZIN	Approved	antidiabetic	1.305094963972138
SLC5A2	CANAGLIFLOZIN	Approved	antidiabetic	1.631368704965172
SLC5A2	BEXAGLIFLOZIN	Approved	""	1.087579136643448
GAA	OLANZAPINE	Approved	for treatment of bipolar disorder,antidepressant,antipsychotic agent	0.009540167865293409
GAA	CHEMBL:CHEMBL375673	Not Approved	""	0.1450105515524598
GAA	CHEMBL:CHEMBL12019	Not Approved	""	0.725052757762299
GAA	ESCULETIN	Not Approved	""	0.1035789653946141
GAA	PHLORETIN	Approved	""	0.04531579736014369
GAA	CHEMBL:CHEMBL1422873	Not Approved	""	0.725052757762299
GAA	CELGOSIVIR	Not Approved	""	0.1812631894405747
GAA	TERAZOSIN HYDROCHLORIDE HYDRATE	Not Approved	""	0.725052757762299
GAA	DOXAZOSIN MESYLATE	Approved	Anticholesteremic Agents; Antihypertensive Agents; Vasodilator Agents	0.06042106314685826
GAA	ALFUZOSIN	Approved	for treatment of benign prostatic hyperplasia	0.08056141752914434
GAA	IMINOSTILBENE	Not Approved	""	0.3625263788811495
GAA	CHEMBL:CHEMBL146525	Not Approved	""	0.1035789653946141
GAA	CHEMBL:CHEMBL602150	Not Approved	""	0.1812631894405747
GAA	MIGLITOL	Approved	Hypoglycemic Agents	0.5437895683217243
GAA	CHEMBL:CHEMBL580155	Not Approved	""	0.1450105515524598
GAA	CHEMBL:CHEMBL2002487	Not Approved	""	0.06591388706929992
GAA	VOGLIBOSE	Approved	antidiabetic	0.1812631894405747
GAA	PURPUROGALLIN	Not Approved	""	0.02014035438228608
GAA	SULFURETIN	Not Approved	""	0.04531579736014369
GAA	CHEMBL:CHEMBL339587	Not Approved	""	0.09063159472028738
GAA	LUTEOLIN	Not Approved	""	0.02265789868007184
GAA	VU0001171	Not Approved	""	0.1450105515524598
GAA	BENZAMIL	Not Approved	""	0.09063159472028738
GAA	PROTOCATECHUIC ACID	Not Approved	""	0.3625263788811495
GAA	APOMORPHINE HYDROCHLORIDE HEMIHYDRATE	Not Approved	""	0.04028070876457217
GAA	5-HYDROXYINDOLE	Not Approved	""	0.3625263788811495
GAA	ACARBOSE	Approved	antidiabetic	0.3625263788811495
GAA	DUVOGLUSTAT	Not Approved	for treatment of Pompe disease	0.5437895683217243
GAA	GOSSYPOL	Not Approved	""	0.01510526578671456
GAA	2-HYDROXYESTRADIOL	Not Approved	""	0.1208421262937165
GAA	CHEMBL:CHEMBL604100	Not Approved	""	0.725052757762299
GAA	DUVOGLUSTAT HYDROCHLORIDE	Not Approved	""	0.725052757762299
GAA	CHEMBL:CHEMBL585828	Not Approved	""	0.3625263788811495
GAA	CHEMBL:CHEMBL1412489	Not Approved	""	0.09063159472028738
GAA	CHEMBL:CHEMBL598663	Not Approved	""	0.06591388706929992
GAA	HONOKIOL	Not Approved	""	0.1450105515524598
GAA	ISOTHYMONIN	Not Approved	""	0.07250527577622991
GAA	PHENOTHIAZINE	Not Approved	""	0.04531579736014369
GAA	AMLEXANOX	Approved	""	0.05577328905863839
GAA	CHEMBL:CHEMBL531322	Not Approved	""	0.1208421262937165
GAA	AM404	Not Approved	""	0.1035789653946141
GAA	CHEMBL:CHEMBL486706	Not Approved	""	0.09063159472028738
GAA	ACRIDONE	Not Approved	""	0.3625263788811495
GAA	MORIN	Not Approved	""	0.03816067146117363
GAA	REVEGLUCOSIDASE ALFA	Not Approved	""	0.725052757762299
GAA	TERAZOSIN HYDROCHLORIDE	Approved	""	0.1208421262937165
GAA	CHEMBL:CHEMBL522983	Not Approved	""	0.06591388706929992
GAA	RUTIN	Approved	""	0.07250527577622991
GAA	HYDROXYTYROSOL	Approved	""	0.3625263788811495
GAA	CAFFEIC ACID	Not Approved	""	0.1812631894405747
GAA	CHEMBL:CHEMBL590949	Not Approved	""	0.1208421262937165
GAA	CHEMBL:CHEMBL579837	Not Approved	""	0.1208421262937165
GAA	ELLIPTECINE	Not Approved	""	0.02265789868007184
GAA	NODAKENIN	Not Approved	""	0.3625263788811495
GAA	CHEMBL:CHEMBL136344	Not Approved	""	0.1035789653946141
GAA	CHEMBL:CHEMBL527585	Not Approved	""	0.1035789653946141
GAA	EPICATECHIN	Not Approved	""	0.05577328905863839
GAA	SALACINOL	Not Approved	""	0.3625263788811495
GAA	EUPAFOLIN	Not Approved	""	0.04531579736014369
GAA	ISOQUERCETIN	Not Approved	""	0.1208421262937165
GAA	3-O-METHYLQUERCETIN	Not Approved	""	0.04833685051748661
GAA	DOPAMINE	Approved	""	0.02500181923318272
GAA	ALPHA GLUCOSIDASE	Approved	""	0.241684252587433
GAA	CASTANOSPERMINE	Not Approved	""	0.3625263788811495
GAA	MIGALASTAT	Approved	for treatment of Fabry disease,enzyme replacement therapy	0.1208421262937165
GAA	CHEMBL:CHEMBL267160	Not Approved	""	0.1812631894405747
GAA	AVALGLUCOSIDASE ALFA	Not Approved	""	0.725052757762299
GAA	CHEMBL:CHEMBL1601846	Not Approved	""	0.03152403294618692
GAA	TRIAMTERENE	Approved	Antihypertensive Agents; Diuretics	0.04028070876457217
GAA	HYPEROSIDE	Not Approved	""	0.241684252587433
GAA	CHEMBL:CHEMBL601110	Not Approved	""	0.1035789653946141
GAA	CARBARIL	Approved	""	0.1035789653946141
SOS1	IL-6	Not Approved	""	5.495136690409003
MC4R	SETMELANOTIDE ACETATE	Approved	""	2.485895169470739
MC4R	AMISULPRIDE	Approved	antiemetic,antipsychotic agent	0.2868340580158546
MC4R	PF-00446687	Not Approved	""	2.485895169470739
MC4R	CHLORHEXIDINE GLUCONATE	Approved	""	0.130836587866881
MC4R	OLANZAPINE	Approved	for treatment of bipolar disorder,antidepressant,antipsychotic agent	0.09812744090016078
MC4R	QUETIAPINE FUMARATE	Approved	antidepressant,antipsychotic agent	0.2071579307892283
MC4R	PMX53	Not Approved	""	0.3551278813529628
MC4R	AMLINTIDE	Not Approved	""	1.242947584735369
MC4R	HALOPERIDOL DECANOATE	Approved	Antipsychotic Agents	0.06541829393344052
MC4R	SETMELANOTIDE	Approved	""	1.242947584735369
MC4R	ZIPRASIDONE	Approved	antipsychotic agent	0.1603803335142412
MC4R	SETMELANOTIDE	Not Approved	""	0.4971790338941479
MC4R	SORAFENIB	Approved	antineoplastic agent	0.02161647973452817
MC4R	PALIPERIDONE	Approved	antipsychotic agent	0.4143158615784566
MC4R	BREMELANOTIDE ACETATE	Approved	""	2.485895169470739
MC4R	ARIPIPRAZOLE LAUROXIL	Approved	antipsychotic agent	0.2616731757337621
MC4R	METHYLNALTREXONE	Approved	for treatment of opioid-induced constipation,OIC treatment	0.4143158615784566
MC4R	BREMELANOTIDE	Approved	for treatment of sexual dysfunction	1.065383644058888
MC4R	CHEMBL:CHEMBL578944	Not Approved	""	0.2259904699518854
MC4R	TREBANANIB	Not Approved	""	0.4143158615784566
MC4R	CLOZAPINE	Approved	Antipsychotic Agents	0.1025111410091026
CASP1	ISOBOLDINE	Not Approved	""	0.3346397343518303
CASP1	PEGINTERFERON ALFA-2B	Approved	""	0.1254899003819364
CASP1	CHEMBL:CHEMBL429095	Not Approved	""	0.04015676812221964
CASP1	PRALNACASAN	Not Approved	""	1.003919203055491
CASP1	CHEMBL:CHEMBL578512	Not Approved	""	0.06923580710727524
CASP1	VERMISTATIN	Not Approved	""	4.015676812221964
CASP1	BERKELEYACETAL C	Not Approved	""	2.007838406110982
CASP1	BERKELEYACETAL A	Not Approved	""	2.007838406110982
CASP1	NSC-663284	Not Approved	""	0.2868340580158546
CASP1	JUGLONE	Not Approved	""	0.1003919203055491
CASP1	RIBAVIRIN	Approved	""	0.1056757055847885
CASP1	MESALAMINE	Approved	for treatment of ulcerative proctitis,for treatment of ulcerative colitis,antiinflammatory agent	0.09126538209595374
CASP1	BERKELEYAMIDE C	Not Approved	""	2.007838406110982
CASP1	BELNACASAN	Not Approved	""	4.015676812221964
CASP1	CHEMBL:CHEMBL580421	Not Approved	""	0.1825307641919074
CASP1	BERKELEYDIONE	Not Approved	""	2.007838406110982
CASP1	EMRICASAN	Not Approved	""	0.1544491081623832
CASP1	DIACETYLRHEIN	Approved	antidiabetic	0.2230931562345535
CASP1	VX-765	Not Approved	anticonvulsant,antipsoriatic agent	2.007838406110982
CASP1	4-CHLOROMERCURIBENZOIC ACID	Not Approved	""	0.07170851450396365
CASP1	CHEMBL:CHEMBL415893	Not Approved	""	4.015676812221964
CASP1	BERKELEYACETAL B	Not Approved	""	2.007838406110982
CASP1	NIVOCASAN	Not Approved	""	1.338558937407321
CASP1	GOSSYPOL	Not Approved	""	0.04182996679397879
CASP1	BERKELEYAMIDE B	Not Approved	""	2.007838406110982
CASP1	BERKELEYTRIONE	Not Approved	""	2.007838406110982
BDNF	TRAMADOL	Approved	analgesic	0.03536842720791702
BDNF	FLUTICASONE	Approved	for treatment of symptomatic exophthalmos associated with thyroid-related eye disease,bronchodilator,glucocorticoid,antiinflammatory agent	0.02233795402605285
BDNF	IONOMYCIN	Not Approved	""	0.09431580588777873
BDNF	MONOAMINE OXIDASE INHIBITOR	Not Approved	""	0.04390563377534527
BDNF	FREUND'S ADJUVANT	Not Approved	""	0.07073685441583405
BDNF	LITHIUM	Approved	""	0.02021052983309544
BDNF	ZINC SULFATE ANHYDROUS	Approved	""	0.1414737088316681
BDNF	CAPSAICIN	Approved	analgesic	0.04993189723470639
BDNF	PROPRANOLOL HYDROCHLORIDE	Approved	for treatment of cancer cachexia	0.03536842720791702
BDNF	MARIJUANA	Not Approved	""	0.2122105632475021
BDNF	NORTRIPTYLINE	Approved	antidepressant,antiasthmatic agent	0.02652632040593777
BDNF	BORTEZOMIB	Approved	antineoplastic agent	0.009986379446941277
BDNF	GLUCAGON (RDNA)	Approved	Antihypoglycemic Agents	0.07716747754454624
BDNF	COLCHICINE	Approved	for treatment of gout	0.01632388948057709
BDNF	DOXEPIN HYDROCHLORIDE	Approved	hypnotic,antimigraine agent	0.00964593469306828
BDNF	DRONABINOL	Approved	Antiemetics,for treatment of restlegs legs syndrome,neuropathic pain,analgesic,appetite stimulant	0.04993189723470639
BDNF	TANAPROGET	Not Approved	""	0.4244211264950043
BDNF	CYCLOOXYGENASE INHIBITOR	Not Approved	""	0.2122105632475021
BDNF	VERTEPORFIN	Approved	""	0.8488422529900086
BDNF	ANTIOXIDANT	Not Approved	""	0.04042105966619088
BDNF	DITIOCARB	Not Approved	""	0.2122105632475021
BDNF	APR19	Not Approved	""	0.4244211264950043
BDNF	DOXORUBICIN HYDROCHLORIDE	Approved	antineoplastic agent	0.005735420628310869
BDNF	OPIATE	Not Approved	""	0.1414737088316681
BDNF	OXIDOPAMINE	Not Approved	""	0.04244211264950043
BDNF	TETRADECANOYLPHORBOL ACETATE	Not Approved	""	0.01845309245630453
BDNF	INSULIN, REGULAR, HUMAN	Approved	for treatment of diabetic foot ulcers,antidiabetic	0.02402383734877383
BDNF	PROPYLTHIOURACIL	Approved	Antithyroid Agents	0.04244211264950043
BDNF	TROGLITAZONE	Approved	""	0.03264777896115418
BDNF	TYROSINE HYDROXYLASE INHIBITOR	Not Approved	""	0.4244211264950043
BDNF	ALTEPLASE	Approved	Thrombolytic agent	0.06063158949928632
BDNF	MEDICATION	Not Approved	""	0.2122105632475021
BDNF	HALOPERIDOL DECANOATE	Approved	Antipsychotic Agents	0.01116897701302642
BDNF	ASOPRISNIL	Not Approved	""	0.2122105632475021
BDNF	ANALGESIC AGENT	Not Approved	""	0.08488422529900086
BDNF	TCDD	Not Approved	""	0.03395369011960034
BDNF	THERAPEUTIC GONADOTROPIN	Not Approved	""	0.1212631789985726
BDNF	METHADONE HYDROCHLORIDE	Approved	Opioid; Antitussive Agents,Analgesics	0.02496594861735319
BDNF	RECOMBINANT TRANSFORMING GROWTH FACTOR	Not Approved	""	0.03858373877227312
BDNF	ONAPRISTONE	Approved	""	0.106105281623751
BDNF	AMITRIPTYLINE HYDROCHLORIDE	Approved	analgesic	0.009431580588777874
BDNF	DIURETIC	Not Approved	""	0.07073685441583405
BDNF	DONEPEZIL	Approved	for treatment of alzheimer's disease	0.106105281623751
BDNF	HYPERBARIC OXYGEN	Not Approved	""	0.1697684505980017
BDNF	NICOTINE POLACRILEX	Approved	Central Nervous System Stimulants	0.01845309245630453
BDNF	LIOTHYRONINE	Approved	Hormone Replacement Agents	0.02572249251484874
BDNF	ANTIBIOTIC	Not Approved	""	0.04993189723470639
BDNF	THERAPEUTIC HORMONE	Not Approved	""	0.01929186938613656
BDNF	BUDESONIDE	Approved	glucocorticoid,antiinflammatory agent	0.03264777896115418
BDNF	ULIPRISTAL ACETATE	Approved	contraceptive	0.2122105632475021
BDNF	K-252A	Not Approved	""	0.1697684505980017
BDNF	AZD9567	Not Approved	""	0.1414737088316681
BDNF	ACTH	Not Approved	""	0.1414737088316681
BDNF	RECOMBINANT INTERLEUKIN-1 RECEPTOR ANTAGONIST	Not Approved	""	0.4244211264950043
BDNF	SODIUM CHLORIDE	Approved	""	0.03031579474964316
BDNF	METFORMIN	Approved	antidiabetic	0.02070346958512216
BDNF	H2O2	Not Approved	""	0.03264777896115418
BDNF	CHLORPROMAZINE	Approved	""	0.02294168251324347
BDNF	INDOMETHACIN	Approved	NSAID	0.02122105632475021
BDNF	WAY-255348	Not Approved	""	0.4244211264950043
BDNF	RECOMBINANT CYTOKINE	Not Approved	""	0.03264777896115418
BDNF	TRICHOSTATIN A	Not Approved	""	0.04244211264950043
BDNF	ANESTHETIC AGENT	Not Approved	""	0.08488422529900086
BDNF	DIDANOSINE	Approved	""	0.06063158949928633
BDNF	NYSTATIN	Approved	""	0.2829474176633362
BDNF	NICARDIPINE	Approved	Anti-Arrhythmia Agents; Antihypertensive Agents	0.05305264081187554
BDNF	THYROGLOBULIN	Approved	""	0.2829474176633362
BDNF	CETUXIMAB	Approved	antineoplastic agent	0.02294168251324347
BDNF	TRIMIPRAMINE	Approved	Tricyclic,Antidepressive Agents	0.01286124625742437
BDNF	NALOXONE HYDROCHLORIDE	Approved	for treatment of opioid addiction,analgesic	0.04993189723470639
BDNF	ARGIPRESSIN	Approved	analgesic,Antidiuretic Agents	0.03264777896115418
BDNF	ERGOT ALKALOIDS	Not Approved	""	0.1414737088316681
BDNF	RNA POLYMERASE INHIBITOR	Not Approved	""	0.8488422529900086
BDNF	LIDOCAINE	Approved	for treatment of pelvic pain of bladder origin and interstitital cystitis,for treatment of premature ejaculation,anestethic,anesthetic	0.04993189723470639
BDNF	DACTINOMYCIN	Approved	""	0.02425263579971453
BDNF	METYROSINE	Approved	Catecholamine synthesis inhibitors	0.06529555792230836
BDNF	FULVESTRANT	Approved	antineoplastic agent	0.03395369011960034
BDNF	PROGESTERONE	Approved	for reducing the risk of pre-term birth for women with short cervix a mid-pregnancy,for prevention of preterm delivery,for symptomatic treatment of menopausal symptoms,neuroprotectant for stroke victims	0.007193578415169564
BDNF	IL-12	Not Approved	""	0.09431580588777873
BDNF	GP-120 ANTIGEN	Not Approved	""	0.06529555792230836
BDNF	NORMAL SALINE	Not Approved	""	0.8488422529900086
BDNF	MIFEPRISTONE	Approved	antidepressant,antipsychotic,for lowering intraocular pressure,opthalmological agent	0.04547369212446475
BDNF	METHYLPREDNISOLONE	Approved	Anti-Inflammatory Agents; Glucocorticoids	0.04715790294388936
BDNF	CURCUMIN	Approved	""	0.01929186938613656
BDNF	OLANZAPINE	Approved	for treatment of bipolar disorder,antidepressant,antipsychotic agent	0.01116897701302642
BDNF	PROTEIN KINASE C INHIBITOR	Not Approved	""	0.09431580588777873
BDNF	PACLITAXEL	Approved	for treatment of peripheral arterial disease (PAD),DMARD,antiinflammatory agent,antineoplastic agent	0.007716747754454625
BDNF	VINCRISTINE	Approved	antineoplastic agent	0.01047953398753097
BDNF	ARSENIC TRIOXIDE	Approved	antineoplastic agent	0.03264777896115418
BDNF	RECOMBINANT TUMOR NECROSIS FACTOR FAMILY PROTEIN	Not Approved	""	0.05658948353266725
BDNF	GEMFIBROZIL	Approved	Antilipemic Agents	0.06529555792230836
BDNF	LEVONORGESTREL	Approved	for treatment of menopausal symptoms,contraceptive	0.06063158949928633
BDNF	NORETHINDRONE	Approved	Synthetic,Oral,Contraceptives,contraceptive	0.04244211264950043
BDNF	DYDROGESTERONE	Approved	Antidysmennorheal Agents	0.106105281623751
BDNF	ADAPALENE	Approved	Dermatologic Agents	0.07073685441583405
BDNF	IMIPRAMINE HYDROCHLORIDE	Approved	Tricyclic,Antidepressive Agents	0.04244211264950043
BDNF	CAMPTOTHECIN	Approved	antineoplastic agent	0.02425263579971453
BDNF	ZK112993	Not Approved	""	0.1414737088316681
BDNF	METHYLPHENIDATE HYDROCHLORIDE	Approved	for treatment of ADHD	0.01845309245630453
BDNF	MEDROXYPROGESTERONE ACETATE	Approved	""	0.04244211264950043
BDNF	PF-03882845	Not Approved	""	0.1414737088316681
BDNF	ORG2058	Not Approved	""	0.4244211264950043
BDNF	EPOETIN ALFA	Approved	for treatment of anemia,Antianemic Agents,for treatment of stroke,erythropoietic agent	0.02496594861735319
BDNF	LEVODOPA	Approved	antiparkinson agent	0.02357895147194468
BDNF	INOSITOL	Approved	for treatment of Alzheimer's disease	0.05658948353266725
BDNF	ESTRADIOL 3-BENZOATE	Approved	""	0.08488422529900086
BDNF	BACLOFEN	Approved	for treatment of alcohol dependance	0.08488422529900086
BDNF	ANTIDEPRESSANT AGENT	Not Approved	""	0.01632388948057709
BDNF	VENLAFAXINE	Approved	antidepressant	0.07073685441583405
BDNF	SUMATRIPTAN	Approved	antimigraine agent	0.03690618491260907
BDNF	PROMEGESTONE	Not Approved	""	0.4244211264950043
BDNF	DIETHYLSTILBESTROL	Approved	Hormone Replacement Agents	0.02572249251484874
BDNF	GENTAMICIN	Approved	""	0.03690618491260907
BDNF	CLOMIPRAMINE	Approved	Tricyclic,Antidepressive Agents	0.01116897701302642
BDNF	TOPOTECAN HYDROCHLORIDE	Approved	antineoplastic agent	0.03536842720791702
BDNF	PILOCARPINE HYDROCHLORIDE	Approved	for treatment of incontinence	0.04467590805210571
BDNF	SIMVASTATIN	Approved	antidyslipidaemic agent,anticholesterolaemic agent,antihypertensive agent	0.01697684505980017
BDNF	POLYSIALIC ACID	Not Approved	""	0.8488422529900086
BDNF	TILARGININE	Not Approved	for treatment of cardiogenic shock	0.1212631789985726
BDNF	DESIPRAMINE	Approved	Tricyclic,Antidepressive Agents	0.02176518597410278
BDNF	FLUOROURACIL	Approved	""	0.007317605629224211
BDNF	PROTEIN KINASE INHIBITOR	Not Approved	""	0.1697684505980017
BDNF	FLURBIPROFEN	Approved	NSAID,antiinflammatory agent	0.106105281623751
GFAP	IMMUNOTOXIN	Not Approved	""	0.3107368961838424
GFAP	SORBITOL	Approved	""	0.8286317231569132
GFAP	LITHIUM	Approved	""	0.0591879802254938
GFAP	GP-120 ANTIGEN	Not Approved	""	0.191222705343903
GFAP	TYROSINE KINASE INHIBITOR	Not Approved	""	0.1434170290079273
GFAP	PROCARBAZINE HYDROCHLORIDE	Approved	""	1.242947584735369
GFAP	FADROZOLE	Not Approved	""	0.3107368961838424
GFAP	DEMECOLCINE	Not Approved	""	0.4143158615784566
GFAP	GENISTEIN	Approved	""	0.04286026154259895
GFAP	NIFEDIPINE	Approved	Antianginal Agents; Vasodilator Agents	0.08878197033824071
GFAP	ASPIRIN	Approved	NSAID	0.02793140639854763
GFAP	PIOGLITAZONE HYDROCHLORIDE	Approved	antidiabetic	0.1462291276159258
GFAP	MELATONIN	Approved	Hypnotics and Sedatives	0.08572052308519791
GFAP	INTERLEUKIN-11	Approved	thrombopoietic	0.2485895169470739
GFAP	ASCORBIC ACID	Approved	""	0.1434170290079273
GFAP	CAFFEINE	Approved	Central Nervous System Stimulants	0.06718635593164161
GFAP	MASOPROCOL	Approved	prostate cancer,antineoplastic agent	0.05289138658448382
GFAP	PERMETHRIN	Approved	""	0.4971790338941479
GFAP	ISOPROTERENOL	Approved	Bronchodilator Agents; Cardiotonic Agents	0.0776842240459606
GFAP	PROGESTERONE	Approved	for reducing the risk of pre-term birth for women with short cervix a mid-pregnancy,for prevention of preterm delivery,for symptomatic treatment of menopausal symptoms,neuroprotectant for stroke victims	0.04213381643170745
GFAP	DRONABINOL	Approved	Antiemetics,for treatment of restlegs legs syndrome,neuropathic pain,analgesic,appetite stimulant	0.1462291276159258
GFAP	SODIUM BUTYRATE	Not Approved	""	0.1775639406764814
GFAP	LUTEINIZING HORMONE	Approved	""	2.485895169470739
GFAP	CAPSAICIN	Approved	analgesic	0.1462291276159258
GFAP	DEXTROAMPHETAMINE SULFATE	Approved	for treatment of ADHD,for treatment of cognitive dysfunction	0.1962548818003215
GFAP	PROTEASE INHIBITOR	Not Approved	""	0.1242947584735369
GFAP	PRASTERONE	Approved	hormone supplement for increasing bone mineral density in patients with systemic lupus erythematosus	0.1381052871928188
GFAP	COLCHICINE	Approved	for treatment of gout	0.07170851450396365
GFAP	FREUND'S ADJUVANT	Not Approved	""	0.2071579307892283
GFAP	HYDROGEN PEROXIDE	Approved	""	0.1242947584735369
GFAP	TCDD	Not Approved	""	0.09943580677882957
GFAP	PENTOXIFYLLINE	Approved	for treatment of amyotrophic lateral sclerosis (ALS)	0.07102557627059257
GFAP	ANTISENSE OLIGONUCLEOTIDES	Not Approved	""	0.1506603133012569
GFAP	H2O2	Not Approved	""	0.09561135267195153
GFAP	METHYLNITROSOUREA	Not Approved	""	0.2762105743856377
GFAP	PROPRANOLOL HYDROCHLORIDE	Approved	for treatment of cancer cachexia	0.1035789653946141
GFAP	ADENOVIRUS VECTOR	Not Approved	""	0.1775639406764814
GFAP	NIMODIPINE	Approved	Antihypertensive Agents; Vasodilator Agents	0.130836587866881
GFAP	RECOMBINANT HEREGULIN	Not Approved	""	0.5326918220294443
GFAP	METHIMAZOLE	Approved	Antithyroid Agents	0.1183759604509876
GFAP	DISULFIRAM	Approved	Alcohol Deterrents	0.05781151556908696
GFAP	STAUROSPORINE	Not Approved	""	0.08878197033824071
MUC1	HUHMFG1	Not Approved	""	2.175158273286897
MUC1	CANTUZUMAB MERTANSINE	Not Approved	""	0.135947392080431
MUC1	EMEPEPIMUT-S	Not Approved	""	4.350316546573794
MUC1	GO-203-2C	Not Approved	antineoplastic agent	4.350316546573794
MUC1	PEMTUMOMAB	Not Approved	""	2.175158273286897
MUC1	MESMULOGENE ANCOVACIVEC	Not Approved	""	1.087579136643448
MUC1	SODIUM BUTYRATE	Not Approved	""	0.3107368961838425
MUC1	EPITUMOMAB CITUXETAN	Not Approved	""	2.175158273286897
MUC1	SONTUZUMAB	Not Approved	antineoplastic agent	4.350316546573794
MUC1	SAR-566658	Not Approved	""	4.350316546573794
MUC1	FAS LIGAND	Not Approved	""	0.3625263788811495
MUC1	CMB-401	Not Approved	""	2.175158273286897
MUC1	SONTUZUMAB	Not Approved	""	2.175158273286897
MUC1	HUPAM4	Not Approved	""	2.175158273286897
MUC1	LIPOSOMAL MUC1/PET-LIPID A VACCINE ONT-10	Not Approved	""	2.175158273286897
MUC1	AR-20.5	Not Approved	""	2.175158273286897
MUC1	EPITUMOMAB	Not Approved	""	2.175158273286897
MUC1	CANTUZUMAB RAVTANSINE	Not Approved	""	2.175158273286897
MUC1	MESMULOGENE ANCOVACIVEC	Not Approved	""	1.087579136643448
MUC1	YTTRIUM (90Y) CLIVATUZUMAB TETRAXETAN	Not Approved	antineoplastic agent	4.350316546573794
MUC1	AS-1403	Not Approved	""	2.175158273286897
MUC1	GATIPOTUZUMAB	Not Approved	""	4.350316546573794
MUC1	HEXAMETHYLENE BISACETAMIDE	Not Approved	""	0.621473792367685
MUC1	IMMUCIN	Not Approved	""	2.175158273286897
BRCA1	DOXORUBICIN HYDROCHLORIDE	Approved	antineoplastic agent	0.01125728836088676
BRCA1	VELIPARIB	Not Approved	""	0.1514616979464764
BRCA1	NILE RED	Not Approved	""	0.111071911827416
BRCA1	EUFLAVINE	Not Approved	""	0.03470997244606751
BRCA1	CHEMBL:CHEMBL546649	Not Approved	""	0.111071911827416
BRCA1	NIRAPARIB	Approved	antineoplastic agent	0.09800462808301413
BRCA1	THERAPEUTIC HORMONE	Not Approved	""	0.02524361632441273
BRCA1	PLATINUM COMPOUND	Not Approved	""	0.06941994489213502
BRCA1	QUARFLOXIN	Not Approved	""	0.1851198530456933
BRCA1	SEMUSTINE	Not Approved	""	0.27767977956854
BRCA1	TALAZOPARIB	Approved	""	0.07933707987672574
BRCA1	CHEMBL:CHEMBL1709259	Not Approved	""	0.5553595591370801
BRCA1	CARBOPLATIN	Approved	""	0.01291533858458325
BRCA1	CHEMBL:CHEMBL316796	Not Approved	""	0.1851198530456933
BRCA1	CHEMBL:CHEMBL1998001	Not Approved	""	0.111071911827416
BRCA1	PHENAMIL METHANESULFONATE	Not Approved	""	0.09255992652284668
BRCA1	GAMMA-FAGARINE	Not Approved	""	0.5553595591370801
BRCA1	CHEMBL:CHEMBL12658	Not Approved	""	0.5553595591370801
BRCA1	CALYCOSIN	Not Approved	""	0.1851198530456933
BRCA1	TAMOXIFEN	Approved	Hormonal,Antineoplastic Agents	0.05980795252245478
BRCA1	PACLITAXEL	Approved	for treatment of peripheral arterial disease (PAD),DMARD,antiinflammatory agent,antineoplastic agent	0.01009744652976509
BRCA1	CHEMBL:CHEMBL1574420	Not Approved	""	0.09255992652284668
BRCA1	WISTIN	Not Approved	""	0.5553595591370801
BRCA1	GLABRIDIN	Not Approved	""	0.5553595591370801
BRCA1	AURINTRICARBOXYLIC ACID	Not Approved	""	0.0179148244882929
BRCA1	DIMETHYL YELLOW	Not Approved	""	0.13883988978427
BRCA1	CHEMBL:CHEMBL589207	Not Approved	""	0.27767977956854
BRCA1	CHEMBL:CHEMBL1333798	Not Approved	""	0.5553595591370801
BRCA1	CHEMBL:CHEMBL446567	Not Approved	""	0.5553595591370801
BRCA1	PARP/TANKYRASE INHIBITOR 2X-121	Not Approved	""	0.111071911827416
BRCA1	DIPYRIDAMOLE	Approved	antithrombotic,anticoagulant	0.009917134984590717
BRCA1	CISPLATIN	Approved	""	0.01888978092302993
BRCA1	EMODIN	Not Approved	""	0.0427199660874677
BRCA1	CHEMBL:CHEMBL588683	Not Approved	""	0.13883988978427
BRCA1	DAIDZIN	Not Approved	""	0.1851198530456933
BRCA1	2-PHENYLQUINOLINE	Not Approved	""	0.5553595591370801
BRCA1	RUCAPARIB	Approved	""	0.1156999081535583
BRCA1	PIFEXOLE	Not Approved	""	0.07933707987672574
BRCA1	ILEPCIMIDE	Not Approved	""	0.1851198530456933
BRCA1	CHEMBL:CHEMBL593254	Not Approved	""	0.1851198530456933
BRCA1	VINORELBINE	Approved	antineoplastic agent	0.0427199660874677
BRCA1	CHEMBL:CHEMBL1404865	Not Approved	""	0.5553595591370801
BRCA1	CHEMBL:CHEMBL1320798	Not Approved	""	0.5553595591370801
BRCA1	CHEMBL:CHEMBL581910	Not Approved	""	0.09255992652284668
BRCA1	DAUNORUBICIN HYDROCHLORIDE	Approved	""	0.01682907754960849
BRCA1	CHRYSIN DIMETHYL ETHER	Not Approved	""	0.1851198530456933
BRCA1	TANSHINONE IIA SULFONATE	Not Approved	""	0.09255992652284668
BRCA1	CHEMBL:CHEMBL114544	Not Approved	""	0.06941994489213502
BRCA1	CHEMBL:CHEMBL581929	Not Approved	""	0.09255992652284668
BRCA1	CHEMBL:CHEMBL1078244	Not Approved	""	0.27767977956854
BRCA1	CHEMBL:CHEMBL1214407	Not Approved	""	0.13883988978427
BRCA1	CHEMBL:CHEMBL546865	Not Approved	""	0.09255992652284668
BRCA1	CHEMBL:CHEMBL1405979	Not Approved	""	0.13883988978427
BRCA1	CHEMBL:CHEMBL153505	Not Approved	""	0.27767977956854
BRCA1	VITAMIN B2	Not Approved	""	0.13883988978427
BRCA1	MITOMYCIN	Approved	""	0.04627996326142334
BRCA1	CHEMBL:CHEMBL588525	Not Approved	""	0.1851198530456933
BRCA1	CHEMBL:CHEMBL600315	Not Approved	""	0.27767977956854
BRCA1	CHEMBL:CHEMBL1420181	Not Approved	""	0.111071911827416
BRCA1	7-HYDROXY ISOFLAVONE	Not Approved	""	0.111071911827416
BRCA1	DEPHOSTATIN	Not Approved	""	0.0222143823654832
BRCA1	TIAPROFENIC ACID	Not Approved	NSAID	0.27767977956854
BRCA1	6-HYDROXYFLAVONE	Not Approved	""	0.13883988978427
BRCA1	RIBOFLAVIN	Approved	""	0.27767977956854
BRCA1	PURPURIN	Not Approved	""	0.0264456932922419
BRCA1	APIGENIN	Approved	""	0.02135998304373385
BRCA1	MITOXANTRONE	Approved	antineoplastic agent	0.02524361632441273
BRCA1	CHEMBL:CHEMBL1481721	Not Approved	""	0.5553595591370801
BRCA1	THIABENDAZOLE	Approved	""	0.09255992652284668
BRCA1	CEDIRANIB	Not Approved	antineoplastic agent	0.009917134984590717
BRCA1	SB 204741	Not Approved	""	0.04627996326142334
BRCA1	BLEOMYCIN	Approved	antineoplastic agent	0.06941994489213502
BRCA1	RESVERATROL	Approved	antineoplastic agent,antidiabetic,for treatment of herpes simplex virus 1	0.01133386855381796
BRCA1	THUNBERGINOL E	Not Approved	""	0.27767977956854
BRCA1	CHEMBL:CHEMBL273891	Not Approved	""	0.5553595591370801
BRCA1	CHEMBL:CHEMBL587620	Not Approved	""	0.111071911827416
BRCA1	CHEMBL:CHEMBL484663	Not Approved	""	0.06941994489213502
BRCA1	HARMALOL	Not Approved	""	0.13883988978427
BRCA1	PHYTOESTROGEN	Not Approved	""	0.27767977956854
BRCA1	CHEMBL:CHEMBL1308677	Not Approved	""	0.27767977956854
BRCA1	PIPERINE	Approved	""	0.05048723264882546
BRCA1	OLAPARIB	Approved	""	0.08451123725999045
BRCA1	IROFULVEN	Not Approved	""	0.3702397060913867
BRCA1	7-HYDROXYFLAVONE	Not Approved	""	0.5553595591370801
BRCA1	QUINALIZARIN	Not Approved	""	0.03702397060913867
BRCA1	ANTHRACYCLINE ANTINEOPLASTIC ANTIBIOTIC	Not Approved	""	0.09255992652284668
BRCA1	PIDNARULEX	Not Approved	""	0.27767977956854
BRCA1	OXALIPLATIN	Approved	""	0.02922945048089895
BRCA1	GEMCITABINE	Approved	antineoplastic agent	0.01810955084142652
BRCA1	CHEMBL:CHEMBL66279	Not Approved	""	0.27767977956854
BRCA1	CHEMBL:CHEMBL452954	Not Approved	""	0.111071911827416
BRCA1	VU0001171	Not Approved	""	0.111071911827416
BRCA1	SACITUZUMAB GOVITECAN	Approved	""	0.06170661768189779
BRCA1	ONONIN	Not Approved	""	0.111071911827416
S100B	ARUNDIC ACID	Not Approved	""	8.700633093147589
S100B	PHENOTHIAZINE	Not Approved	""	2.175158273286897
S100B	STREPTOZOCIN	Approved	""	0.756576790708486
CD28	LULIZUMAB PEGOL	Not Approved	""	6.960506474518071
CD28	GUSPERIMUS TRIHYDROCHLORIDE	Not Approved	""	6.960506474518071
CD28	BISPECIFIC ANTIBODY	Not Approved	""	1.160084412419678
CD28	BELATACEPT	Approved	immunosuppressant	0.696050647451807
CD28	BENZODEPA	Not Approved	""	3.480253237259035
CD28	TGN-1412	Not Approved	""	3.480253237259035
CD28	GELDANAMYCIN	Not Approved	""	0.4640337649678714
CD28	PHOSPHATIDYLINOSITIDE 3-KINASE INHIBITOR	Not Approved	""	1.740126618629517
CD28	MPA	Not Approved	""	0.696050647451807
CD28	LORATADINE	Approved	antiasthmatic agent	0.1831712230136334
CD28	ALDESLEUKIN	Approved	antineoplastic agent	0.2320168824839357
CD28	3-HYDROXYANTHRANILIC ACID	Not Approved	""	1.160084412419678
CD28	RETINOIC ACID AGENT	Not Approved	""	0.2245324669199377
CD28	TETRADECANOYLPHORBOL ACETATE	Not Approved	""	0.2269730372125458
CD28	INTERLEUKIN-12 GENE	Not Approved	""	3.480253237259035
CRP	JNJ1661010	Not Approved	""	1.087579136643448
CRP	ADALIMUMAB	Approved	DMARD,antiinflammatory agent	0.3954833224157995
CRP	LY2077855	Not Approved	""	6.525474819860691
CRP	OL135	Not Approved	""	3.262737409930345
CRP	WARFARIN	Approved	Anticoagulants	0.3954833224157995
CRP	ASP8477	Not Approved	""	3.262737409930345
CRP	URB597	Not Approved	""	1.305094963972138
CRP	ROSUVASTATIN	Approved	antihypecholesterolemic agent	0.5437895683217243
TG	GENISTEIN	Approved	""	0.05806874144481148
TG	VITAMIN A	Approved	""	0.1247402593999654
TG	RECOMBINANT TRANSFORMING GROWTH FACTOR-BETA 1	Not Approved	""	0.2405705002713618
TG	DEXAMETHASONE	Approved	for treatment of Meniere's disease,glucocorticoid,antiinflammatory agent	0.03962337651528314
TG	ACEBUTOLOL	Approved	Antihypertensive Agents	1.122662334599689
TG	AZACITIDINE	Approved	antineoplastic agent	0.08419967509497667
TG	VACCINE	Not Approved	""	0.3061806367090061
TG	AMINOGLYCOSIDE ANTIBIOTIC	Not Approved	""	0.3742207781998963
TG	FLUORODEOXYGLUCOSE F18	Approved	""	0.5613311672998444
TG	CALCITRIOL	Approved	antineoplastic agent,antipsoriatic agent	0.2806655836499222
TG	PREDNISONE	Approved	corticosteroid,antiinflammatory agent	0.07484415563997926
TG	HEXAMETHYLENEBISACETAMIDE	Not Approved	""	1.122662334599689
TG	PREDNISOLONE	Approved	corticosteroid,antiinflammatory agent	0.1804278752035214
TG	ALDESLEUKIN	Approved	antineoplastic agent	0.1122662334599688
TG	PEGINTERFERON ALFA-2A	Approved	Antineoplastic Agents; Immunomodulatory Agents,for treatment of hepatitis B and C	0.1161374828896229
TG	OCTREOTIDE ACETATE	Approved	antihypertensive agent,antineoplastic agent	0.1871103890999481
TG	DEHYDRATED ALCOHOL	Approved	""	0.04263274688353249
TG	ISOTRETINOIN	Approved	for treatment of acne	0.3157487816061625
TG	RETINOIC ACID AGENT	Not Approved	""	0.1086447420580344
TG	GAMMA-INTERFERON	Not Approved	""	0.3742207781998963
TG	PHENYTOIN SODIUM	Approved	Anticonvulsants	0.08019016675712062
TG	AMIODARONE HYDROCHLORIDE	Approved	antiarrhytmic agent	0.1295379616845794
TG	HEXAMETHYLENE BISACETAMIDE	Not Approved	""	0.4811410005427238
TG	POLYETHYLENE GLYCOL 4000	Approved	""	0.6735974007598133
TG	ROSIGLITAZONE	Approved	for treatment of Alzheimer's disease,antidiabetic	0.2296354775317545
TG	TECHNETIUM TC 99M SESTAMIBI	Approved	""	3.367987003799066
TG	BISPECIFIC ANTIBODY	Not Approved	""	0.5613311672998444
TG	AMINOGLUTETHIMIDE	Approved	Antineoplastic agents	0.4209983754748833
TG	ANTIDEPRESSANT AGENT	Not Approved	""	0.06476898084228974
TG	ADENOVIRUS VECTOR	Not Approved	""	0.2405705002713619
TG	TRETINOIN	Approved	for treatment of acne	0.0555162692933912
MLH1	IPILIMUMAB	Approved	antineoplastic agent	1.160084412419678
MLH1	TALAZOPARIB	Approved	""	0.2485895169470739
MLH1	OXALIPLATIN	Approved	""	0.09158561150681672
MLH1	CARBOPLATIN	Approved	""	0.1214041826950826
MLH1	ATEZOLIZUMAB	Approved	""	0.3866948041398928
MLH1	FLUOROURACIL	Approved	""	0.03000218307981926
MLH1	DOSTARLIMAB	Approved	""	6.960506474518071
MLH1	PACLITAXEL	Approved	for treatment of peripheral arterial disease (PAD),DMARD,antiinflammatory agent,antineoplastic agent	0.0949159973797919
MLH1	NIVOLUMAB	Approved	antineoplastic agent	1.204703043666589
MLH1	TREMELIMUMAB	Approved	antineoplastic agent	0.4971790338941479
MLH1	ENZALUTAMIDE	Approved	antineoplastic agent	0.4350316546573794
MLH1	AVELUMAB	Approved	""	3.480253237259035
MLH1	PEMBROLIZUMAB	Approved	""	1.476471070352318
MLH1	DURVALUMAB	Approved	""	1.740126618629517
MLH1	CAPECITABINE	Approved	""	0.06824025955409872
IRS1	AGANIRSEN	Not Approved	for treatment of corneal neovascularisation	6.525474819860691
IRS1	CYCLOPHOSPHAMIDE ANHYDROUS	Approved	""	0.1611228350582887
IRS1	FLUOROURACIL	Approved	""	0.1125081865493222
IRS1	DEHYDRATED ALCOHOL	Approved	""	0.1652018941736883
IRS1	PRASTERONE	Approved	hormone supplement for increasing bone mineral density in patients with systemic lupus erythematosus	0.725052757762299
IRS1	EPIRUBICIN	Approved	Antineoplastic Agents	0.3625263788811495
IRS1	INOSITOL	Approved	for treatment of Alzheimer's disease	0.8700633093147588
IRS1	GLIMEPIRIDE	Approved	antidiabetic	1.631368704965172
MMP9	CURCUMIN PYRAZOLE	Not Approved	""	1.04407597117771
MMP9	TST10088	Not Approved	antineoplastic agent	1.04407597117771
MMP9	CELECOXIB	Approved	NSAID	0.06233289380165437
MMP9	CURCUMIN	Approved	""	0.03163866579326396
MMP9	TOZULERISTIDE	Not Approved	""	1.04407597117771
MMP9	SHARK CARTILAGE EXTRACT AE-941	Not Approved	antineoplastic agent	0.6960506474518071
MMP9	HYDRALAZINE	Approved	antihypertensive agent	0.2088151942355421
MMP9	ULINASTATIN	Not Approved	""	1.392101294903614
MMP9	BEVACIZUMAB	Approved	antineoplastic agent	0.05220379855888553
MMP9	CARBOXYLATED GLUCOSAMINE	Not Approved	""	4.176303884710843
MMP9	METHYLDOPA ANHYDROUS	Approved	Antihypertensive Agents	0.1347194801519626
MMP9	ANDECALIXIMAB	Not Approved	""	4.176303884710843
MMP9	DP-B99	Not Approved	""	2.088151942355421
MMP9	NEOVASTAT	Not Approved	""	0.4176303884710842
MMP9	PRINOMASTAT	Not Approved	""	0.2983074203364887
MMP9	REBIMASTAT	Not Approved	""	0.3480253237259035
MMP9	INCYCLINIDE	Not Approved	antineoplastic agent	1.04407597117771
MMP9	CTS-1027	Not Approved	""	0.2983074203364887
MMP9	DEMETHYLWEDELOLACTONE	Not Approved	""	0.8352607769421685
MMP9	S-3304	Not Approved	""	1.04407597117771
MMP9	ILOMASTAT	Not Approved	""	0.08352607769421685
MMP9	MARIMASTAT	Not Approved	Antineoplastic Agents	0.4176303884710843
MMP9	AZD-1236	Not Approved	""	1.04407597117771
MMP9	ANTIHYPERTENSIVE AGENT	Not Approved	""	0.5220379855888554
MMP9	NIFEDIPINE	Approved	Antianginal Agents; Vasodilator Agents	0.07457685508412219
IL1B	ASPIRIN	Approved	NSAID	0.02300233468115687
IL1B	MAFOSFAMIDE	Not Approved	""	0.5118019466557404
IL1B	DIACETYLRHEIN	Approved	antidiabetic	0.2274675318469957
IL1B	INFLIXIMAB	Approved	DMARD,antiinflammatory agent	0.09905844128820783
IL1B	LANSOPRAZOLE	Approved	Proton pump inhibitor,antiulcer agent	0.07059337195251592
IL1B	TILUDRONIC ACID	Approved	Bisphosphonates	0.6824025955409873
IL1B	GEVOKIZUMAB	Not Approved	antidiabetic	3.070811679934443
IL1B	LUTIKIZUMAB	Not Approved	""	1.02360389331148
IL1B	CELASTROL	Not Approved	""	0.2047207786622961
IL1B	CYTARABINE	Approved	antineoplastic agent	0.02559009733278702
IL1B	RILONACEPT	Approved	DMARD,antiinflammatory agent	0.6824025955409873
IL1B	TT-301	Not Approved	""	2.047207786622961
IL1B	METFORMIN	Approved	antidiabetic	0.04993189723470638
IL1B	ANTICONVULSANT AGENT	Not Approved	""	0.1364805191081974
IL1B	ANTIDEPRESSANT AGENT	Not Approved	""	0.03936938051198004
IL1B	ACITRETIN	Approved	Keratolytic Agents	0.1919257299959026
IL1B	ERYTHROMYCIN	Approved	""	0.08900903420099834
IL1B	ALTEPLASE	Approved	Thrombolytic agent	0.09748608507728389
IL1B	OFLOXACIN	Approved	""	0.1706006488852468
IL1B	PENTOXIFYLLINE	Approved	for treatment of amyotrophic lateral sclerosis (ALS)	0.05849165104637034
IL1B	USTEKINUMAB	Approved	Antipsoriatic Agents,DMARD,antiinflammatory agent	0.102360389331148
IL1B	LITHIUM	Approved	""	0.04874304253864194
IL1B	RALOXIFENE HYDROCHLORIDE	Approved	Hormone Replacement Agents	0.04094415573245923
IL1B	MITOGEN-ACTIVATED PROTEIN KINASE INHIBITOR	Not Approved	""	0.2924582552318517
IL1B	DRUGSATFDA.NDA:008378	Not Approved	""	0.2274675318469957
IL1B	NICARDIPINE	Approved	Anti-Arrhythmia Agents; Antihypertensive Agents	0.1279504866639351
IL1B	GLUCOSAMINE	Approved	""	1.02360389331148
IL1B	BECLOMETHASONE DIPROPIONATE	Approved	glucocorticoid,antiinflammatory agent	0.2047207786622961
IL1B	PAREGORIC	Approved	analgesic	0.04450451710049917
IL1B	CEFACLOR ANHYDROUS	Approved	""	0.1462291276159258
IL1B	IBUDILAST	Approved	neuroprotectant	0.06397524333196755
IL1B	MELATONIN	Approved	Hypnotics and Sedatives	0.07059337195251592
IL1B	PENTAMIDINE	Approved	""	2.047207786622961
IL1B	PRAVASTATIN SODIUM	Approved	anticholesterolaemic agent,antihypecholesterolemic agent	0.07582251061566525
IL1B	VERAPAMIL	Approved	antihypertensive agent	0.04549350636939915
IL1B	THYROGLOBULIN	Approved	""	0.6824025955409873
IL1B	RISEDRONIC ACID	Approved	Bisphosphonates,antiosteoporotic agent	0.4094415573245923
IL1B	AUTOANTIGEN	Not Approved	""	0.6824025955409873
IL1B	CDP-484	Not Approved	""	1.02360389331148
IL1B	ETIDRONIC ACID	Approved	""	0.1462291276159258
IL1B	CHINESE HERBS	Not Approved	""	0.5118019466557404
IL1B	CANAKINUMAB	Approved	DMARD,antiinflammatory agent	2.559009733278702
IL1B	RESVERATROL	Approved	antineoplastic agent,antidiabetic,for treatment of herpes simplex virus 1	0.04177975074740738
IL1B	NIMUSTINE	Not Approved	""	0.7677029199836107
IL1B	FLUTICASONE	Approved	for treatment of symptomatic exophthalmos associated with thyroid-related eye disease,bronchodilator,glucocorticoid,antiinflammatory agent	0.1077477782433137
IL1B	GALLIUM NITRATE	Approved	""	0.1462291276159258
IL1B	HYDROQUINONE	Approved	""	0.1204239874484095
IL1B	POLYVALENT VACCINE	Not Approved	""	2.047207786622961
IL1B	CLODRONIC ACID	Approved	antineoplastic agent	0.1861097987839056
IL1B	ECHINACEA PREPARATION	Approved	""	0.5118019466557404
IL1B	HYDROCORTISONE BUTYRATE	Approved	""	0.04874304253864194
NOS2	L-NNA	Not Approved	""	0.4703044915214913
NOS2	PREGNANT MARE SERUM GONADOTROPIN	Not Approved	""	0.2565297226480861
NOS2	CURCUMIN	Approved	""	0.02137747688734051
NOS2	RIFAMPIN	Approved	""	0.1511693008461936
NOS2	PIMAGEDINE HYDROCHLORIDE	Not Approved	""	1.410913474564473
NOS2	BENZODIAZEPINE	Not Approved	""	0.5643653898257895
NOS2	PIMAGEDINE	Not Approved	""	1.410913474564473
NOS2	ANTIDEPRESSANT AGENT	Not Approved	""	0.05426590286786438
NOS2	KD7040	Not Approved	neuropathic pain,analgesic	2.821826949128947
NOS2	TILARGININE	Not Approved	for treatment of cardiogenic shock	0.6046772033847746
NOS2	GW274150	Not Approved	""	0.9406089830429826
NOS2	FLUOXETINE HYDROCHLORIDE	Approved	for treatment of bipolar disorder,for treatment of autism,antidepressant,for treatment of sleep apnea	0.1007795338974624
NOS2	1400W	Not Approved	""	1.410913474564473
NOS2	DIMETHYL SULFOXIDE	Approved	""	0.1763641843205592
NOS2	IBUPROFEN, SODIUM SALT	Approved	NSAID	0.0723545371571525
NOS2	2-AMINO-4-METHYLPYRIDINE	Not Approved	""	1.410913474564473
NOS2	BANOXANTRONE	Not Approved	""	2.821826949128947
NOS2	RECOMBINANT VASCULAR ENDOTHELIAL GROWTH FACTOR	Not Approved	""	0.2015590677949248
NOS2	INTERLEUKIN-11	Approved	thrombopoietic	0.2821826949128947
NOS2	DOXYCYCLINE ANHYDROUS	Approved	""	0.06134406411149886
NOS2	PROPOFOL	Approved	sedative	0.09102667577835315
NOS2	CAPTOPRIL	Approved	Antihypertensive Agents	0.2170636114714575
NOS2	NIL	Not Approved	""	1.410913474564473
NOS2	OPIATE	Not Approved	""	0.4703044915214913
NOS2	ESTRADIOL VALERATE	Approved	for treatment of menopausal symptoms,contraceptive,treatment for menopause,hormone replacement	0.06003887125806272
NOS2	GW-274150	Not Approved	""	1.410913474564473
NOS2	PIBTU	Not Approved	""	1.410913474564473
NOS2	KEYHOLE LIMPET HEMOCYANIN	Not Approved	""	0.7054567372822369
NOS2	THERAPEUTIC STEROID HORMONE	Not Approved	""	0.3527283686411184
NOS2	THEOPHYLLINE	Approved	bronchodilator	0.104512109226998
NOS2	DIAZOXIDE	Approved	Antihypertensive Agents; Vasodilator Agents	0.2170636114714575
NOS2	ALT-2074	Not Approved	""	1.410913474564473
NOS2	NIMODIPINE	Approved	Antihypertensive Agents; Vasodilator Agents	0.1485172078488919
NOS2	DINITROCHLOROBENZENE	Not Approved	""	0.9406089830429826
NOS2	TYROSINE KINASE INHIBITOR	Not Approved	""	0.1085318057357287
NOS2	ESTROGENS, CONJUGATED (USP)	Approved	Hormone Replacement Agents	0.3135363276809941
NOS2	TILARGININE ACETATE	Not Approved	""	0.4703044915214913
ATM	AVELUMAB	Approved	""	0.3346397343518303
ATM	BERZOSERTIB	Not Approved	""	0.2230931562345535
ATM	INDISULAM	Not Approved	""	0.6692794687036606
ATM	DURVALUMAB	Approved	""	0.3346397343518303
ATM	EVEROLIMUS	Approved	immunosuppressant	0.03936938051198004
ATM	DITHIAZANINE IODIDE	Not Approved	""	0.05148303605412774
ATM	CHEMBL:CHEMBL601933	Not Approved	""	0.1673198671759151
ATM	PERMETHRIN	Approved	""	0.1338558937407321
ATM	CHEMBL:CHEMBL1519374	Not Approved	""	0.04182996679397879
ATM	ENPIROLINE	Not Approved	""	0.1338558937407321
ATM	ELIMUSERTIB	Not Approved	""	0.6692794687036606
ATM	CERALASERTIB	Not Approved	""	0.8923726249382141
ATM	DOXORUBICIN HYDROCHLORIDE	Approved	antineoplastic agent	0.01356647571696609
ATM	VANDETANIB	Approved	antineoplastic agent	0.02307860236909174
ATM	KU-0060648	Not Approved	""	0.09561135267195152
ATM	OLAPARIB	Approved	""	0.378288395354243
ATM	VELIPARIB	Not Approved	""	0.3650615283838149
ATM	PROTOPORPHYRIN DISODIUM	Not Approved	""	0.06084358806396914
ATM	ABIRATERONE ACETATE	Approved	antineoplastic agent	0.09561135267195152
ATM	ETOPOSIDE	Approved	Antineoplastic Agents	0.04615720473818349
ATM	NIVOLUMAB	Approved	antineoplastic agent	0.05148303605412774
ATM	ATR INHIBITOR ART0380	Not Approved	""	1.338558937407321
ATM	TOLONIUM CHLORIDE	Not Approved	""	0.03718219270575892
ATM	VENETOCLAX	Approved	""	0.06084358806396914
ATM	IBRUTINIB	Approved	antineoplastic agent	0.05905407076797005
ATM	TRAMETINIB DIMETHYL SULFOXIDE	Approved	antineoplastic agent	0.01423998869582256
ATM	OXALIPLATIN	Approved	""	0.05283785279239426
ATM	CHEMBL:CHEMBL375673	Not Approved	""	0.1338558937407321
ATM	KU-60019	Not Approved	""	0.1673198671759151
ATM	BENDAMUSTINE	Approved	""	0.446186312469107
ATM	ENZALUTAMIDE	Approved	antineoplastic agent	0.08365993358795758
ATM	CHEMBL:CHEMBL606460	Not Approved	""	0.3346397343518303
ATM	PREDNISONE	Approved	corticosteroid,antiinflammatory agent	0.02974575416460713
ATM	AZD6482	Not Approved	""	0.1487287708230356
ATM	SCHISANHENOL	Not Approved	""	0.6692794687036606
ATM	PEGYLATED SN-38 CONJUGATE PLX038	Not Approved	""	1.338558937407321
ATM	E-7820	Not Approved	""	0.446186312469107
ATM	NAFTIFINE	Approved	""	0.3346397343518303
ATM	NIRAPARIB	Approved	antineoplastic agent	0.1181081415359401
ATM	TALAZOPARIB	Approved	""	0.1673198671759151
ATM	TUVUSERTIB	Not Approved	""	1.338558937407321
ATM	CHEMBL:CHEMBL374632	Not Approved	""	0.06084358806396914
ATM	CAMONSERTIB	Not Approved	""	1.00391920305549
ATM	PJ34	Not Approved	""	0.446186312469107
ATM	ISOVELLERAL	Not Approved	""	0.04182996679397879
ATM	AZD0156	Not Approved	""	0.2230931562345535
ATM	BINIMETINIB	Approved	antineoplastic agent,DMARD,antiinflammatory agent	0.06692794687036606
ATM	HEPTACHLOR	Not Approved	""	0.2230931562345535
ATM	CHEMBL:CHEMBL74852	Not Approved	""	0.2230931562345535
ATM	DIPYRIDAMOLE	Approved	antithrombotic,anticoagulant	0.01195141908399394
ATM	CYCLOPHOSPHAMIDE ANHYDROUS	Approved	""	0.0165254189803373
ATM	IPILIMUMAB	Approved	antineoplastic agent	0.08923726249382141
ATM	METHYLENE BLUE ANHYDROUS	Approved	""	0.01808863428928812
ATM	CHEMBL:CHEMBL299853	Not Approved	""	0.03718219270575892
ATM	CHEMBL:CHEMBL1329443	Not Approved	""	0.2230931562345535
ATM	MITOTANE	Approved	""	0.07436438541151784
ATM	AZD1390	Not Approved	""	0.446186312469107
ATM	CISPLATIN	Approved	""	0.01365876466742164
ATM	PACLITAXEL	Approved	for treatment of peripheral arterial disease (PAD),DMARD,antiinflammatory agent,antineoplastic agent	0.01825307641919074
ATM	STREPTONIGRIN	Not Approved	""	0.03346397343518303
ATM	FLUDARABINE	Approved	antineoplastic agent	0.03936938051198004
ATM	NU-7441	Not Approved	""	0.2230931562345535
ATM	PARP/TANKYRASE INHIBITOR 2X-121	Not Approved	""	0.4015676812221963
ATM	KU-55933	Not Approved	""	0.446186312469107
ATM	FLUNARIZINE DIHYDROCHLORIDE	Not Approved	""	0.1338558937407321
ATM	PHLORETIN	Approved	""	0.04182996679397879
ATM	FLUOROURACIL	Approved	""	0.02884825296136467
ATM	LEUCOVORIN CALCIUM	Approved	adjuvant to chemotherapy	0.03718219270575892
ATM	RUCAPARIB	Approved	""	0.1952065117052343
ATM	AZD7648	Not Approved	""	0.2677117874814642
ATM	ATM INHIBITOR M 3541	Not Approved	""	0.6692794687036606
ATM	VALPROIC ACID	Approved	Anticonvulsants,for treatment of basal cell carcinoma,anticonvulsant	0.023483490129953
ATM	IRINOTECAN HYDROCHLORIDE	Approved	antineoplastic agent	0.05311741815108417
ATM	CHEMBL:CHEMBL578061	Not Approved	""	0.02677117874814642
ATM	CAPECITABINE	Approved	""	0.02624625367465335
ATM	ESTRADIOL 3-BENZOATE	Approved	""	0.06692794687036606
ATM	TEMOZOLOMIDE	Approved	""	0.127481803562602
ATM	SELUMETINIB	Approved	""	0.02028119602132305
BRAF	TGX-221	Not Approved	""	0.1305094963972138
BRAF	SORAFENIB	Approved	antineoplastic agent	0.08851948451289288
BRAF	BINIMETINIB	Approved	antineoplastic agent,DMARD,antiinflammatory agent	0.5872927337874623
BRAF	HSP90 INHIBITOR XL888	Not Approved	antineoplastic agent	0.1957642445958207
BRAF	UPROSERTIB	Not Approved	""	0.05220379855888553
BRAF	TOVORAFENIB	Approved	""	0.3915284891916415
BRAF	EXARAFENIB	Not Approved	""	0.1305094963972138
BRAF	PLX-4720	Not Approved	""	0.5800422062098393
BRAF	DABRAFENIB	Approved	antineoplastic agent	2.474846746495314
BRAF	KO-947	Not Approved	""	0.05220379855888553
BRAF	VEMURAFENIB	Approved	antineoplastic agent	1.587277658885033
BRAF	DASATINIB ANHYDROUS	Approved	antineoplastic agent	0.07899258992462942
BRAF	OXALIPLATIN	Approved	""	0.04121352517806753
BRAF	BEVACIZUMAB	Approved	antineoplastic agent	0.03262737409930346
BRAF	FUTIBATINIB	Approved	""	0.04745799868989594
BRAF	LGX-806	Not Approved	""	0.1305094963972138
BRAF	TRAMETINIB DIMETHYL SULFOXIDE	Approved	antineoplastic agent	1.488363618487375
BRAF	RABEPRAZOLE	Approved	Proton pump inhibitor	0.02007838406110982
BRAF	(10R)-10-METHYL-3-(6-METHYLPYRIDIN-3-YL)-9,10,11,12-TETRAHYDRO-8H-[1,4]DIAZEPINO[5',6':4,5]THIENO[3,2-F]QUINOLIN-8-ONE	Not Approved	""	0.1740126618629517
BRAF	RAVOXERTINIB	Not Approved	""	0.2175158273286897
BRAF	MAP855	Not Approved	""	0.2610189927944277
BRAF	TAZEMETOSTAT	Approved	""	0.06525474819860692
BRAF	GDC-0879	Not Approved	""	0.2610189927944277
BRAF	CHLOROQUINE	Approved	""	0.03262737409930346
BRAF	ATEZOLIZUMAB	Approved	""	0.08700633093147589
BRAF	AZ628	Not Approved	""	0.3915284891916415
BRAF	PICTILISIB BISMESYLATE	Not Approved	""	0.2610189927944277
BRAF	BI-847325	Not Approved	""	0.04745799868989594
BRAF	VINBLASTINE	Approved	Antineoplastic Agents	0.01535405839967221
BRAF	BRAF(V600E) KINASE INHIBITOR RO5212054	Not Approved	""	0.5220379855888554
BRAF	MIRDAMETINIB	Not Approved	""	0.1740126618629517
BRAF	COBIMETINIB	Approved	antineoplastic agent	0.4533487769587427
BRAF	AGERAFENIB	Not Approved	""	0.104407597117771
BRAF	CFT1946	Not Approved	""	0.2610189927944277
BRAF	PI3K/BET INHIBITOR LY294002	Not Approved	""	0.08700633093147589
BRAF	AGERAFENIB	Not Approved	""	0.1740126618629517
BRAF	ENTINOSTAT	Not Approved	antineoplastic agent	0.02485895169470739
BRAF	U0126	Not Approved	""	0.1305094963972138
BRAF	PONATINIB	Approved	antineoplastic agent	0.03011757609166473
BRAF	CETUXIMAB	Approved	antineoplastic agent	0.9029846237212633
BRAF	GANETESPIB	Not Approved	antineoplastic agent	0.06525474819860692
BRAF	NVP-TAE 226	Not Approved	""	0.07457685508412219
BRAF	PAN-RAF INHIBITOR LY3009120	Not Approved	""	0.2610189927944277
BRAF	VORINOSTAT	Approved	antineoplastic agent	0.01398316032827291
BRAF	BI-3406	Not Approved	""	0.1740126618629517
BRAF	BRAF INHIBITOR	Not Approved	""	0.2610189927944277
BRAF	MEK INHIBITOR RO4987655	Not Approved	""	0.104407597117771
BRAF	REGORAFENIB	Approved	antineoplastic agent	0.0711869980348439
BRAF	TEMSIROLIMUS	Approved	antineoplastic agent	0.05220379855888554
BRAF	NIVOLUMAB	Approved	antineoplastic agent	0.1003919203055491
BRAF	LENVATINIB	Approved	antineoplastic agent	0.04121352517806753
BRAF	P53-HDM2 INTERACTION INHIBITOR MI-773	Not Approved	""	0.1740126618629517
BRAF	SB590885	Not Approved	""	0.2610189927944277
BRAF	PERTUZUMAB	Approved	antineoplastic agent	0.03262737409930346
BRAF	CCT241161	Not Approved	""	0.1740126618629517
BRAF	BELVARAFENIB	Not Approved	""	0.3915284891916415
BRAF	AZD3514	Not Approved	""	0.2610189927944277
BRAF	AKT INHIBITOR MK2206	Not Approved	""	0.07457685508412219
BRAF	DOXORUBICIN LIPOSOME	Approved	""	0.1740126618629517
BRAF	RINETERKIB	Not Approved	""	0.1740126618629517
BRAF	MOCETINOSTAT	Not Approved	antineoplastic agent	0.03262737409930346
BRAF	IDELALISIB	Approved	antineoplastic agent	0.05800422062098392
BRAF	PIMASERTIB	Not Approved	""	0.1305094963972138
BRAF	ZM336372	Not Approved	""	0.07457685508412219
BRAF	ALPELISIB	Approved	""	0.06525474819860692
BRAF	LEUCOVORIN CALCIUM	Approved	adjuvant to chemotherapy	0.03625263788811495
BRAF	SCH772984	Not Approved	""	0.3480253237259035
BRAF	DENOSUMAB	Approved	antiosteoporotic agent	0.1740126618629517
BRAF	CRIZOTINIB	Approved	antineoplastic agent	0.0104407597117771
BRAF	GEDATOLISIB	Not Approved	""	0.03866948041398928
BRAF	BRAFV600/PI3K INHIBITOR ASN003	Not Approved	""	0.1740126618629517
BRAF	OMIPALISIB	Not Approved	""	0.02610189927944276
BRAF	ALECTINIB	Approved	""	0.07830569783832829
BRAF	BUPARLISIB	Not Approved	""	0.03132227913533132
BRAF	ULIXERTINIB	Not Approved	""	0.3132227913533131
BRAF	PEMBROLIZUMAB	Approved	""	0.06327733158652792
BRAF	BEROTERKIB ANHYDROUS	Not Approved	""	0.1740126618629517
BRAF	MEK INHIBITOR IMM-6-415	Not Approved	""	0.2610189927944277
BRAF	XL-281	Not Approved	""	0.1305094963972138
BRAF	COMMENSAL BACTERIAL STRAIN FORMULATION VE800	Not Approved	""	0.2610189927944277
BRAF	NAB-PACLITAXEL	Not Approved	""	0.2610189927944277
BRAF	AFATINIB	Approved	antineoplastic agent	0.05800422062098392
BRAF	E6201	Not Approved	""	0.1491537101682443
BRAF	NAVTEMADLIN	Not Approved	""	0.1305094963972138
BRAF	NVP-AEW541	Not Approved	""	0.1305094963972138
BRAF	TEMUTERKIB	Not Approved	""	0.1491537101682443
BRAF	AZD6482	Not Approved	""	0.05800422062098392
BRAF	XL281	Not Approved	antineoplastic agent	0.1740126618629517
BRAF	RIFAMPIN	Approved	""	0.01864421377103054
BRAF	TIZATERKIB	Not Approved	""	0.1305094963972138
BRAF	MK-8353	Not Approved	""	0.08700633093147589
BRAF	TALAZOPARIB	Approved	""	0.01864421377103054
BRAF	GSK2636771	Not Approved	""	0.04894106114895519
BRAF	RUXOLITINIB	Approved	antiinflammatory agent,antineoplastic agent	0.03262737409930346
BRAF	MIRDAMETINIB	Not Approved	""	0.06525474819860692
BRAF	PLX8394	Not Approved	""	0.783056978383283
BRAF	OLAPARIB	Approved	""	0.01134865186062729
BRAF	ARQ-736	Not Approved	""	0.2610189927944277
BRAF	NAVITOCLAX	Not Approved	""	0.09788212229791038
BRAF	GEFITINIB	Approved	antineoplastic agent	0.02337483517562039
BRAF	PAN-RAF INHIBITOR XP-102	Not Approved	""	0.5220379855888554
BRAF	VALPROIC ACID	Approved	Anticonvulsants,for treatment of basal cell carcinoma,anticonvulsant	0.009158561150681673
BRAF	ABEMACICLIB	Approved	""	0.02747568345204501
BRAF	PYRVINIUM	Not Approved	""	0.2610189927944277
BRAF	LY-3009120	Not Approved	""	0.08700633093147589
BRAF	GSK2334470	Not Approved	""	0.08700633093147589
BRAF	RAF-265	Not Approved	""	0.1305094963972138
BRAF	ENZALUTAMIDE	Approved	antineoplastic agent	0.03262737409930346
BRAF	ERK1/2 INHIBITOR JSI-1187	Not Approved	""	0.2610189927944277
BRAF	AVUTOMETINIB	Not Approved	""	0.1450105515524598
BRAF	SARACATINIB	Not Approved	""	0.06023515218332947
BRAF	DOXORUBICIN HYDROCHLORIDE	Approved	antineoplastic agent	0.003527283686411185
BRAF	TINLORAFENIB	Not Approved	""	0.08700633093147589
BRAF	DNA-DEPENDENT PROTEIN KINASE-TARGETING SIDNA DT01	Not Approved	""	0.5220379855888554
BRAF	NERATINIB	Approved	antineoplastic agent	0.06960506474518072
BRAF	P53/HDM2 INTERACTION INHIBITOR CGM097	Not Approved	""	0.1740126618629517
BRAF	IAG933	Not Approved	""	0.104407597117771
BRAF	VTX-11E	Not Approved	""	0.2088151942355421
BRAF	LORLATINIB	Approved	""	0.04015676812221965
BRAF	TUBASTATIN A	Not Approved	""	0.08700633093147589
BRAF	PF-04217903	Not Approved	""	0.1740126618629517
BRAF	FUTUXIMAB/MODOTUXIMAB MIXTURE	Not Approved	antineoplastic agent	0.1740126618629517
BRAF	MIRANSERTIB	Not Approved	""	0.06525474819860692
BRAF	DEL-22379	Not Approved	""	0.1740126618629517
BRAF	LXH254	Not Approved	""	0.1305094963972138
BRAF	MEK INHIBITOR REC-4881	Not Approved	""	0.2610189927944277
BRAF	PILARALISIB	Not Approved	""	0.03070811679934443
BRAF	PALBOCICLIB	Approved	""	0.03070811679934443
BRAF	YM-254890	Not Approved	""	0.2610189927944277
BRAF	TUNLAMETINIB	Not Approved	""	0.2610189927944277
BRAF	EVEROLIMUS	Approved	immunosuppressant	0.03838514599918054
BRAF	ROMIDEPSIN	Approved	antineoplastic agent	0.01864421377103054
BRAF	PF-00477736	Not Approved	""	0.1305094963972138
BRAF	SONOLISIB	Not Approved	""	0.02900211031049196
BRAF	HYDROXYCHLOROQUINE	Approved	antirheumatic agent	0.02900211031049196
BRAF	RAF INHIBITOR BDTX-4933	Not Approved	""	0.2610189927944277
BRAF	OSIMERTINIB	Approved	""	0.05593264131309165
BRAF	FLUOROURACIL	Approved	""	0.01350098238591867
BRAF	RAF INHIBITOR DCC-3084	Not Approved	""	0.2610189927944277
BRAF	OBATOCLAX	Not Approved	antineoplastic agent	0.06525474819860692
BRAF	CI-1040	Not Approved	""	0.06141623359868886
BRAF	PF-07799933	Not Approved	""	0.2610189927944277
BRAF	ERK INHIBITOR CC-90003	Not Approved	""	0.1305094963972138
BRAF	LY3009120	Not Approved	""	0.2349170935149848
BRAF	BI-2536	Not Approved	""	0.07457685508412219
BRAF	LAPATINIB	Approved	antineoplastic agent	0.025259902528493
BRAF	PAC-1	Not Approved	""	0.1740126618629517
BRAF	SAPITINIB	Not Approved	""	0.07457685508412219
BRAF	ERK1/2 INHIBITOR ERAS-007	Not Approved	""	0.1740126618629517
BRAF	BMS-908662	Not Approved	""	0.2610189927944277
BRAF	MITOGEN-ACTIVATED PROTEIN KINASE KINASE INHIBITOR	Not Approved	""	0.04350316546573794
BRAF	IRINOTECAN HYDROCHLORIDE	Approved	antineoplastic agent	0.04143158615784566
BRAF	PLIXORAFENIB	Not Approved	""	0.2610189927944277
BRAF	GILTERITINIB	Approved	""	0.02900211031049196
BRAF	BRAF(V600E) KINASE INHIBITOR ABM-1310	Not Approved	""	0.2610189927944277
BRAF	REFAMETINIB	Not Approved	antineoplastic agent	0.04745799868989594
BRAF	BOSUTINIB	Approved	antineoplastic agent	0.02269730372125458
BRAF	RUCAPARIB	Approved	""	0.02175158273286897
BRAF	DACTOLISIB	Not Approved	""	0.02175158273286897
BRAF	ERLOTINIB	Approved	antineoplastic agent	0.03262737409930346
BRAF	MEK INHIBITOR IMM-1-104	Not Approved	""	0.1305094963972138
BRAF	TAK-632	Not Approved	""	0.1450105515524598
BRAF	NAPORAFENIB	Not Approved	""	0.1631368704965173
BRAF	LIFIRAFENIB	Not Approved	""	1.174585467574924
BRAF	TIPIFARNIB	Not Approved	antineoplastic agent	0.05800422062098392
BRAF	PANOBINOSTAT	Approved	antineoplastic agent	0.02447053057447759
BRAF	CCT196969	Not Approved	""	0.2175158273286897
BRAF	SAPANISERTIB	Approved	antineoplastic agent	0.02269730372125458
BRAF	LUVOMETINIB	Not Approved	""	0.1305094963972138
BRAF	SHP2 INHIBITOR PF-07284892	Not Approved	""	0.1740126618629517
BRAF	SELUMETINIB	Approved	""	0.2293803270011637
BRAF	TIVOZANIB	Approved	antineoplastic agent	0.05800422062098392
BRAF	PICTILISIB	Not Approved	""	0.03163866579326396
BRAF	CAPECITABINE	Approved	""	0.01535405839967221
BRAF	FICERAFUSP ALFA	Not Approved	""	0.5220379855888554
BRAF	B-RAF/VEGFR-2 INHIBITOR RAF265	Not Approved	""	0.2175158273286897
BRAF	AZD1208	Not Approved	""	0.08700633093147589
BRAF	SAR260301	Not Approved	""	0.06525474819860692
BRAF	IMATINIB	Approved	antineoplastic agent	0.007250527577622991
BRAF	VORUCICLIB	Not Approved	""	0.01740126618629518
BRAF	SY-5609	Not Approved	""	0.2610189927944277
BRAF	RIBOCICLIB	Approved	antineoplastic agent	0.04350316546573794
BRAF	BRIMARAFENIB	Not Approved	""	0.2610189927944277
BRAF	SPARTALIZUMAB	Not Approved	""	0.2610189927944277
BRAF	CHIR-265	Not Approved	antineoplastic agent	0.104407597117771
BRAF	GEMCITABINE	Approved	antineoplastic agent	0.005674325930313646
BRAF	TW-37	Not Approved	""	0.5220379855888554
BRAF	IPILIMUMAB	Approved	antineoplastic agent	0.05220379855888554
BRAF	NST-628	Not Approved	""	0.104407597117771
BRAF	DUAL IGF-1R/INSR INHIBITOR BMS-754807	Not Approved	""	0.08700633093147589
BRAF	TORIPALIMAB-TPZI	Approved	""	0.1305094963972138
BRAF	CELECOXIB	Approved	NSAID	0.007791611725206797
BRAF	PANITUMUMAB	Approved	antineoplastic agent	1.305094963972138
BRAF	AXITINIB	Approved	antineoplastic agent	0.02485895169470739
BRAF	ZSTK474	Not Approved	""	0.04745799868989594
BRAF	CEDIRANIB	Not Approved	antineoplastic agent	0.009322106885515274
BRAF	TAK-733	Not Approved	""	0.2088151942355421
BRAF	ENCORAFENIB	Approved	""	1.537111846456074
BRAF	RG-7256	Not Approved	""	0.5220379855888554
BRAF	VENETOCLAX	Approved	""	0.03559349901742196
TGFBR1	4-(3-PYRIDIN-2-YL-1H-PYRAZOL-4-YL)QUINOLINE	Not Approved	""	2.983074203364887
TGFBR1	VACTOSERTIB	Not Approved	""	7.457685508412219
TGFBR1	LY-2382770	Not Approved	""	3.728842754206109
TGFBR1	METELIMUMAB	Not Approved	""	3.728842754206109
TGFBR1	HESPERADIN	Not Approved	""	0.1864421377103054
TGFBR1	TGFBETA INHIBITOR LY3200882	Not Approved	""	7.457685508412219
TGFBR1	GALUNISERTIB	Not Approved	""	2.485895169470739
PAH	SAPROPTERIN	Approved	for treatment of phenolketonuria (PKU),PKU-treatment	3.480253237259035
PAH	PEGVALIASE	Approved	""	8.700633093147589
PAH	SAPROPTERIN DIHYDROCHLORIDE	Not Approved	""	8.700633093147589
PAH	CARBOCYSTEINE	Approved	""	17.40126618629517
PAH	SAPROPTERIN DIHYDROCHLORIDE	Approved	""	8.700633093147589
PAH	ATENOLOL	Approved	Anti-Arrhythmia Agents; Antihypertensive Agents	0.483368505174866
ABCB1	DIHYDRO-12-HYDROXY-2,2-DIMETHYL-2H,6H-PYRANO[3,2-B]XANTHEN-6-ONE	Not Approved	""	0.222143823654832
ABCB1	NEVIRAPINE	Approved	""	0.02019489305953019
ABCB1	ERYTHROMYCIN	Approved	""	0.00965842711542748
ABCB1	LEVETIRACETAM	Approved	anticonvulsant	0.03173483195069029
ABCB1	CIMETIDINE	Approved	antihistamines,GI Anti-Ulcer Agents	0.01586741597534514
ABCB1	ROCURONIUM	Approved	muscle relaxant	0.06346966390138059
ABCB1	IBUPROFEN, SODIUM SALT	Approved	NSAID	0.01708798643498708
ABCB1	PROPRANOLOL HYDROCHLORIDE	Approved	for treatment of cancer cachexia	0.02776797795685401
ABCB1	CAMPTOTHECIN	Approved	antineoplastic agent	0.01269393278027611
ABCB1	DISULFIRAM	Approved	Alcohol Deterrents	0.005166135433833304
ABCB1	VOACAMINE	Not Approved	""	0.4442876473096641
ABCB1	CHEMBL:CHEMBL595816	Not Approved	""	0.4442876473096641
ABCB1	FLUPHENAZINE HYDROCHLORIDE	Approved	Antipsychotic Agents	0.01009744652976509
ABCB1	BIRICODAR	Not Approved	""	0.166607867741124
ABCB1	CHEMBL:CHEMBL408422	Not Approved	""	0.4442876473096641
ABCB1	NABIXIMOLS	Not Approved	""	0.08885752946193282
ABCB1	FOLIC ACID	Approved	""	0.01851198530456933
ABCB1	ONDANSETRON HYDROCHLORIDE	Approved	for treatment of obsessive compulsive disorder (OCD),antiemetic,for treatment of sleep apnea	0.03507534057707875
ABCB1	ZOSUQUIDAR	Not Approved	adjuvant to chemotherapy	0.3332157354822481
ABCB1	CABAZITAXEL	Approved	antineoplastic agent	0.03029233958929528
ABCB1	MAPROTILINE	Approved	Second-Generation,Antidepressive Agents	0.01708798643498708
ABCB1	VINDESINE	Not Approved	Antineoplastic Agents	0.111071911827416
ABCB1	TARIQUIDAR	Not Approved	adjuvant to chemotherapy	0.5553595591370802
ABCB1	TOPOTECAN HYDROCHLORIDE	Approved	antineoplastic agent	0.009255992652284668
ABCB1	GEFITINIB	Approved	antineoplastic agent	0.009946738372604421
ABCB1	LANSOPRAZOLE	Approved	Proton pump inhibitor,antiulcer agent	0.01532026370033324
ABCB1	INDINAVIR	Not Approved	""	0.0222143823654832
ABCB1	MICONAZOLE NITRATE	Approved	""	0.02776797795685401
ABCB1	ITRACONAZOLE	Approved	""	0.07404794121827735
ABCB1	CHEMBL:CHEMBL444075	Not Approved	""	0.222143823654832
ABCB1	CHEMBL:CHEMBL270688	Not Approved	""	0.4442876473096641
ABCB1	PERVILLEINE B	Not Approved	""	0.4442876473096641
ABCB1	MITOXANTRONE	Approved	antineoplastic agent	0.01009744652976509
ABCB1	ELACRIDAR	Not Approved	""	0.111071911827416
ABCB1	QUERCETIN-3'-O-PHOSPHATE	Not Approved	for improving pharmacokinetics of tacrolimus	0.111071911827416
ABCB1	FLUPENTHIXOL	Not Approved	Antipsychotic Agents	0.01480958824365547
ABCB1	PREDNISONE	Approved	corticosteroid,antiinflammatory agent	0.01480958824365547
ABCB1	LONAFARNIB	Approved	""	0.04936529414551823
ABCB1	MEFLOQUINE	Approved	""	0.07404794121827735
ABCB1	BIOCHANIN A	Not Approved	""	0.1480958824365547
ABCB1	IGURATIMOD	Not Approved	""	0.06346966390138059
ABCB1	MONOAMINE OXIDASE INHIBITOR	Not Approved	""	0.007660131850166622
ABCB1	CRIZOTINIB	Approved	antineoplastic agent	0.02665725883857984
ABCB1	PROGESTERONE	Approved	for reducing the risk of pre-term birth for women with short cervix a mid-pregnancy,for prevention of preterm delivery,for symptomatic treatment of menopausal symptoms,neuroprotectant for stroke victims	0.00376514955347173
ABCB1	VALSPODAR	Not Approved	""	0.2776797795685401
ABCB1	NELFINAVIR	Approved	""	0.07404794121827735
ABCB1	IDARUBICIN	Approved	Antineoplastic Agents	0.02313998163071167
ABCB1	MIFEPRISTONE	Approved	antidepressant,antipsychotic,for lowering intraocular pressure,opthalmological agent	0.007933707987672574
ABCB1	QUININE	Approved	""	0.01708798643498708
ABCB1	BRYOSTATIN 1	Not Approved	""	0.4442876473096641
ABCB1	FEXOFENADINE HYDROCHLORIDE	Approved	antiallergy agent	0.07404794121827735
ABCB1	ALISKIREN	Approved	antihypertensive agent	0.07404794121827735
ABCB1	VORICONAZOLE	Approved	""	0.05553595591370802
ABCB1	ATAZANAVIR	Approved	""	0.04936529414551823
ABCB1	MILTIRONE	Not Approved	""	0.08885752946193282
ABCB1	DRONABINOL	Approved	Antiemetics,for treatment of restlegs legs syndrome,neuropathic pain,analgesic,appetite stimulant	0.02613456748880377
ABCB1	BROMPERIDOL	Approved	""	0.05553595591370802
ABCB1	MARIJUANA	Not Approved	""	0.111071911827416
ABCB1	AMIODARONE HYDROCHLORIDE	Approved	antiarrhytmic agent	0.008543993217493542
ABCB1	PAREGORIC	Approved	analgesic	0.00965842711542748
ABCB1	OMEPRAZOLE	Approved	antiulcer agent,Proton pump inhibitor	0.01801166137741881
ABCB1	BOCEPREVIR	Approved	""	0.06346966390138059
ABCB1	GRAMICIDIN	Approved	""	0.222143823654832
ABCB1	ADRIAMYCIN	Not Approved	""	0.03507534057707875
ABCB1	SPARFLOXACIN	Approved	""	0.07404794121827735
ABCB1	GRAPEFRUIT JUICE	Approved	""	0.222143823654832
ABCB1	EPOTHILONE D	Approved	antineoplastic agent	0.02776797795685401
ABCB1	CHEMBL:CHEMBL533293	Not Approved	""	0.02019489305953019
ABCB1	DESIPRAMINE	Approved	Tricyclic,Antidepressive Agents	0.005695995478329027
ABCB1	NIMODIPINE	Approved	Antihypertensive Agents; Vasodilator Agents	0.02338356038471916
ABCB1	SILIBININ	Not Approved	""	0.03702397060913867
ABCB1	BROMOCRIPTINE	Approved	antidiabetic	0.02149778938595149
ABCB1	HISTONE DEACETYLASE INHIBITOR	Not Approved	""	0.04936529414551823
ABCB1	3,4-DIHYDROXYXANTHONE	Not Approved	""	0.222143823654832
ABCB1	NEFAZODONE	Approved	Second-Generation,Antidepressive Agents	0.03173483195069029
ABCB1	TAXOL C	Not Approved	""	0.4442876473096641
ABCB1	RO 31-8220	Not Approved	""	0.111071911827416
ABCB1	VINBLASTINE	Approved	Antineoplastic Agents	0.01960092561660282
ABCB1	2'-HYDROXYCHALCONE	Not Approved	""	0.07404794121827735
ABCB1	DIPYRIDAMOLE	Approved	antithrombotic,anticoagulant	0.003966853993836287
ABCB1	IL-3	Not Approved	""	0.04936529414551823
ABCB1	CURCUMIN	Approved	""	0.01009744652976509
ABCB1	RIFAMPIN	Approved	""	0.01586741597534514
ABCB1	ANTHRACYCLINE ANTINEOPLASTIC ANTIBIOTIC	Not Approved	""	0.03702397060913867
ABCB1	DIGOXIN	Approved	Anti-Arrhythmia Agents; Cardiotonic Agents	0.01960092561660282
ABCB1	METHYLPREDNISOLONE	Approved	Anti-Inflammatory Agents; Glucocorticoids	0.03702397060913867
ABCB1	THERAPEUTIC CORTICOSTEROID	Not Approved	""	0.005289138658448382
ABCB1	KETOCONAZOLE	Approved	""	0.01009744652976509
ABCB1	PROBENECID	Approved	Uricosuric Agents	0.08077957223812075
ABCB1	IL-6	Not Approved	""	0.02338356038471916
ABCB1	CARVEDILOL	Approved	cardiovascular agent,for treatment of congestive heart failure	0.008543993217493542
ABCB1	FOLATE ANTAGONIST	Not Approved	""	0.1480958824365547
ABCB1	DOXYCYCLINE ANHYDROUS	Approved	""	0.02897528134628244
ABCB1	GARLIC	Not Approved	""	0.04442876473096641
ABCB1	ALDOSTERONE	Not Approved	""	0.03702397060913867
ABCB1	GEMTUZUMAB OZOGAMICIN	Approved	antineoplastic agent	0.04936529414551823
ABCB1	TENIPOSIDE	Approved	Antineoplastic Agents	0.02468264707275911
ABCB1	TERFENADINE	Approved	Anti-Allergic Agents	0.06170661768189779
ABCB1	DILTIAZEM HYDROCHLORIDE	Approved	antihypertensive agent	0.013883988978427
ABCB1	MILTEFOSINE	Approved	""	0.07404794121827735
ABCB1	TESMILIFENE	Not Approved	adjuvant to chemotherapy	0.02776797795685401
ABCB1	TANGERETIN	Not Approved	""	0.05553595591370802
ABCB1	QUINIDINE	Approved	Anti-Arrhythmia Agents	0.0333215735482248
ABCB1	AMISULPRIDE	Approved	antiemetic,antipsychotic agent	0.01708798643498708
ABCB1	BEPRIDIL	Approved	Anti-Arrhythmia Agents; Antihypertensive Agents	0.01851198530456933
ABCB1	ERLOTINIB	Approved	antineoplastic agent	0.007933707987672574
ABCB1	ZIDOVUDINE	Approved	""	0.01645509804850608
ABCB1	HETEROCODEINE	Not Approved	""	0.4442876473096641
ABCB1	CELIPROLOL	Approved	""	0.05553595591370802
ABCB1	CAELYX	Not Approved	""	0.111071911827416
ABCB1	AMLODIPINE BESYLATE	Approved	cardiovascular agent,antihypertensive agent	0.02961917648731094
ABCB1	TRASTUZUMAB	Approved	antineoplastic agent	0.01645509804850608
ABCB1	DEXTROMETHORPHAN POLISTIREX	Approved	Antitussive Agents,analgesic,antitussive agent	0.02776797795685401
ABCB1	DOMPERIDONE	Approved	Antiemetics	0.0952044958520709
ABCB1	PALIPERIDONE	Approved	antipsychotic agent	0.03702397060913867
ABCB1	CARBOPLATIN	Approved	""	0.005166135433833304
ABCB1	CHLORPROMAZINE	Approved	""	0.01801166137741881
ABCB1	DOXEPIN HYDROCHLORIDE	Approved	hypnotic,antimigraine agent	0.005048723264882547
ABCB1	FELODIPINE	Approved	antihypertensive agent	0.01306728374440188
ABCB1	PHENOBARBITAL	Approved	Anticonvulsants; Hypnotics and Sedatives	0.01169178019235958
ABCB1	VINCA ALKALOID COMPOUND	Not Approved	""	0.4442876473096641
ABCB1	RANOLAZINE	Approved	antiallergy agent	0.05553595591370802
ABCB1	AZATHIOPRINE	Approved	""	0.01753767028853937
ABCB1	CLARITHROMYCIN	Approved	""	0.03920185123320565
ABCB1	GINKGO BILOBA EXTRACT	Approved	""	0.08885752946193282
ABCB1	CHEMBL:CHEMBL217425	Not Approved	""	0.4442876473096641
ABCB1	FLUVOXAMINE	Approved	antidepressant	0.06835194573994834
ABCB1	NIFEDIPINE	Approved	Antianginal Agents; Vasodilator Agents	0.007933707987672574
ABCB1	DASATINIB ANHYDROUS	Approved	antineoplastic agent	0.002922945048089895
ABCB1	METOCHALCONE	Not Approved	""	0.222143823654832
ABCB1	IVERMECTIN	Approved	""	0.1480958824365547
ABCB1	HYDROCORTISONE BUTYRATE	Approved	""	0.01586741597534514
ABCB1	PENTAZOCINE	Approved	Opioid,Analgesics	0.03173483195069029
ABCB1	NITRENDIPINE	Approved	Antihypertensive Agents; Vasodilator Agents	0.0222143823654832
ABCB1	CHEMBL:CHEMBL203365	Not Approved	""	0.4442876473096641
ABCB1	AMPRENAVIR	Approved	""	0.04442876473096641
ABCB1	LOPINAVIR	Approved	""	0.08885752946193282
ABCB1	EPIPODOPHYLLOTOXIN COMPOUND	Not Approved	""	0.222143823654832
ABCB1	LIOTHYRONINE	Approved	Hormone Replacement Agents	0.01346326203968679
ABCB1	ACETAMINOPHEN	Approved	analgesic	0.004271996608746771
ABCB1	SPIRONOLACTONE	Approved	antihypertensive agent	0.04165196693528101
ABCB1	LENOGRASTIM	Approved	""	0.04038978611906038
ABCB1	MITOMYCIN	Approved	""	0.009255992652284668
ABCB1	NICARDIPINE	Approved	Anti-Arrhythmia Agents; Antihypertensive Agents	0.013883988978427
ABCB1	NAPROXEN SODIUM	Approved	NSAID,antimigraine agent	0.01306728374440188
ABCB1	HYDROXOCOBALAMIN	Approved	""	0.111071911827416
ABCB1	PRAVASTATIN SODIUM	Approved	anticholesterolaemic agent,antihypecholesterolemic agent	0.01645509804850608
ABCB1	ROMIDEPSIN	Approved	antineoplastic agent	0.007933707987672574
ABCB1	ANTIPARASITIC AGENT	Not Approved	""	0.222143823654832
ABCB1	DEFEROXAMINE	Approved	""	0.02613456748880377
ABCB1	ATORVASTATIN CALCIUM TRIHYDRATE	Approved	anticholesterolaemic agent,antihypecholesterolemic agent	0.008077957223812075
ABCB1	TRICHOSTATIN A	Not Approved	""	0.0222143823654832
ABCB1	CREMOPHOR EL	Not Approved	""	0.222143823654832
ABCB1	DAUNORUBICIN LIPOSOMAL	Approved	antineoplastic agent	0.004882281838567737
ABCB1	H2O2	Not Approved	""	0.02563197965248062
ABCB1	TETRABENAZINE	Approved	for treatment of Huntington's disease	0.04442876473096641
ABCB1	PEGINTERFERON ALFA-2A	Approved	Antineoplastic Agents; Immunomodulatory Agents,for treatment of hepatitis B and C	0.01532026370033324
ABCB1	FLAVOKAWAIN A	Not Approved	""	0.4442876473096641
ABCB1	DELAVIRDINE	Not Approved	""	0.08885752946193282
ABCB1	DENDROAMIDE A	Not Approved	""	0.4442876473096641
ABCB1	AZITHROMYCIN ANHYDROUS	Approved	""	0.03173483195069029
ABCB1	VECURONIUM BROMIDE	Approved	""	0.03173483195069029
ABCB1	FLUVASTATIN	Approved	antihypecholesterolemic agent	0.04442876473096641
ABCB1	VITAMIN B12	Approved	""	0.03173483195069029
ABCB1	MDR MODULATOR CBT-1	Not Approved	""	0.222143823654832
ABCB1	ANTICONVULSANT AGENT	Not Approved	""	0.02961917648731094
ABCB1	METHYLPHENIDATE HYDROCHLORIDE	Approved	for treatment of ADHD	0.00965842711542748
ABCB1	PLATINUM	Not Approved	""	0.0222143823654832
ABCB1	2',4'-DIHYDROXYCHALCONE	Not Approved	""	0.111071911827416
ABCB1	BRECANAVIR	Not Approved	""	0.222143823654832
ABCB1	LITHIUM	Approved	""	0.01057827731689676
ABCB1	GREEN TEA EXTRACT	Not Approved	""	0.222143823654832
ABCB1	FLUOROURACIL	Approved	""	0.003830065925083311
ABCB1	ASTEMIZOLE	Approved	Anti-Allergic Agents	0.013883988978427
ABCB1	CAPSAICIN	Approved	analgesic	0.02613456748880377
ABCB1	VEMURAFENIB	Approved	antineoplastic agent	0.01801166137741881
ABCB1	SORAFENIB	Approved	antineoplastic agent	0.003863370846170992
ABCB1	VINCRISTINE	Approved	antineoplastic agent	0.00548503268283536
ABCB1	SIROLIMUS	Approved	for treatment of wet age-related macular degeneration,immunosuppressant	0.007660131850166622
ABCB1	METHADONE HYDROCHLORIDE	Approved	Opioid; Antitussive Agents,Analgesics	0.02613456748880377
ABCB1	SCUTELLARIN	Not Approved	""	0.1480958824365547
ABCB1	VITAMIN E	Approved	""	0.05553595591370802
ABCB1	FENOFIBRATE MICRONIZED	Approved	anticholesterolaemic agent,antidyslipidaemic agent	0.01708798643498708
ABCB1	AUSTOCYSTIN D	Not Approved	""	0.4442876473096641
ABCB1	MELPHALAN	Approved	""	0.0111071911827416
ABCB1	PURGIN II	Not Approved	""	0.4442876473096641
ABCB1	LEVOFLOXACIN ANHYDROUS	Approved	""	0.07404794121827735
ABCB1	MODAFINIL	Approved	central nervous system stimulant	0.04936529414551823
ABCB1	GABAPENTIN	Approved	analgesic,for treatment of neuropathic pain	0.0166607867741124
ABCB1	OXCARBAZEPINE	Approved	anticonvulsant	0.02468264707275911
ABCB1	NICOTINE POLACRILEX	Approved	Central Nervous System Stimulants	0.00965842711542748
ABCB1	TETRACYCLINE	Approved	""	0.01234132353637955
ABCB1	MEGESTROL ACETATE	Approved	""	0.05553595591370802
ABCB1	EFAVIRENZ	Approved	""	0.0222143823654832
ABCB1	PACLITAXEL	Approved	for treatment of peripheral arterial disease (PAD),DMARD,antiinflammatory agent,antineoplastic agent	0.01009744652976509
ABCB1	TRABECTEDIN	Approved	""	0.08885752946193282
ABCB1	CHEMBL:CHEMBL306786	Not Approved	""	0.4442876473096641
ABCB1	DOXORUBICIN HYDROCHLORIDE	Approved	antineoplastic agent	0.003001943562903136
ABCB1	DIMETHYL SULFOXIDE	Approved	""	0.02776797795685401
ABCB1	SAQUINAVIR	Approved	""	0.02468264707275911
ABCB1	VALINOMYCIN	Not Approved	""	0.111071911827416
ABCB1	VERAPAMIL	Approved	antihypertensive agent	0.083921000047381
ABCB1	ENCEQUIDAR	Not Approved	""	0.111071911827416
ABCB1	CERITINIB	Approved	""	0.01306728374440188
ABCB1	ANTIFUNGAL AGENT	Not Approved	""	0.222143823654832
ABCB1	1,4-BENZOQUINONE	Not Approved	""	0.1480958824365547
ABCB1	CHEMBL:CHEMBL410907	Not Approved	""	0.4442876473096641
ABCB1	PROPAFENONE	Approved	antiarrythmic agent	0.02019489305953019
ABCB1	IMATINIB	Approved	antineoplastic agent	0.009255992652284668
ABCB1	COLCHICINE	Approved	for treatment of gout	0.01281598982624031
ABCB1	RITONAVIR	Approved	""	0.01645509804850608
ABCB1	RITUXIMAB	Approved	antineoplastic agent	0.04936529414551823
ABCB1	ATENOLOL	Approved	Anti-Arrhythmia Agents; Antihypertensive Agents	0.01234132353637955
ABCB1	RASAGILINE	Approved	antiparkinson agent	0.07404794121827735
ABCB1	LANIQUIDAR	Not Approved	""	0.6664314709644962
ABCB1	CODEINE ANHYDROUS	Approved	Opioid; Antitussive Agents,Analgesics	0.03702397060913867
ABCB1	RESERPINE	Approved	Antihypertensive Agents; Antipsychotic Agents	0.03417597286997417
ABCB1	CLOMIPRAMINE	Approved	Tricyclic,Antidepressive Agents	0.01169178019235958
ABCB1	PERVILLEINE D	Not Approved	""	0.4442876473096641
ABCB1	SIMVASTATIN	Approved	antidyslipidaemic agent,anticholesterolaemic agent,antihypertensive agent	0.008885752946193282
ABCB1	PHENOTHIAZINE	Not Approved	""	0.02776797795685401
ABCB1	ABEMACICLIB	Approved	""	0.02338356038471916
ABCB1	DAPTOMYCIN	Approved	""	0.4442876473096641
ABCB1	CYCLOSPORINE	Approved	immunosuppressant,opthalmological agent	0.02298039555049986
ABCB1	PYRAZINAMIDE	Approved	""	0.03417597286997417
ABCB1	BAFETINIB	Not Approved	""	0.05553595591370802
ABCB1	EPIRUBICIN	Approved	Antineoplastic Agents	0.01234132353637955
ABCB1	LOVASTATIN	Approved	anticholesterolaemic agent	0.02278398191331611
ABCB1	PERVILLEINE F	Not Approved	""	0.4442876473096641
ABCB1	RANITIDINE HYDROCHLORIDE	Approved	antiulcer agent	0.02776797795685401
ABCB1	MURUCOIDIN V	Not Approved	""	0.4442876473096641
ABCB1	TRIMETREXATE	Approved	Antineoplastic Agents	0.04936529414551823
ABCB1	ETRAVIRINE	Approved	""	0.08885752946193282
ABCB1	BISANTRENE	Not Approved	""	0.222143823654832
ABCB1	PERVILLEINE C	Not Approved	""	0.4442876473096641
AR	ENOBOSARM	Not Approved	hormone replacement	0.2322749657792459
AR	SULISOBENZONE	Approved	""	0.02903437072240574
AR	RITANSERIN	Not Approved	""	0.002639488247491431
AR	INDOCATE	Not Approved	""	0.02903437072240574
AR	DITHIODIMORPHOLINE	Not Approved	""	0.05806874144481148
AR	CHENODEOXYCHOLIC ACID	Approved	""	0.005806874144481148
AR	CALCIPOTRIENE	Approved	Dermatologic Agents,antipsoriatic agent	0.01451718536120287
AR	DICYCLOHEXYLCARBODIIMIDE	Not Approved	""	0.01451718536120287
AR	NOCODAZOLE	Not Approved	""	0.002419530893533812
AR	CHEMBL:CHEMBL375971	Not Approved	""	0.05806874144481148
AR	CHEMBL:CHEMBL84472	Not Approved	""	0.02903437072240574
AR	CHEMBL:CHEMBL593110	Not Approved	""	0.05806874144481148
AR	D(CH2)5[D-ILE2,ILE4,ALA-NH29]AVP	Not Approved	""	0.01935624714827049
AR	BICALUTAMIDE	Approved	antineoplastic agent	0.06387561558929264
AR	TRIPHENYLSTANNANOL	Not Approved	""	0.01161374828896229
AR	CHEMBL:CHEMBL297304	Not Approved	""	0.003871249429654099
AR	NANDROLONE DECANOATE	Approved	Antianemic Agents; anti-osteoporosis agents	0.09678123574135249
AR	HALOPERIDOL DECANOATE	Approved	Antipsychotic Agents	0.0007640623874317301
AR	TRIPHENYLSTANNYL ACETATE	Not Approved	""	0.01451718536120287
AR	DICHLOROPHEN	Not Approved	""	0.003226041191378416
AR	ANECORTAVE ACETATE	Not Approved	""	0.05806874144481148
AR	MICHLER'S KETONE	Not Approved	""	0.006452082382756832
AR	MEZLOCILLIN	Not Approved	""	0.05806874144481148
AR	CILNIDIPINE	Not Approved	""	0.008295534492115928
AR	NAPROPAMIDE	Not Approved	""	0.05806874144481148
AR	FENAMIDONE	Not Approved	""	0.02903437072240574
AR	PIRETANIDE	Not Approved	""	0.009678123574135248
AR	DISULFIRAM	Approved	Alcohol Deterrents	0.001350435847553755
AR	TOLUIC ACID	Not Approved	""	0.05806874144481148
AR	TEBUCONAZOLE	Not Approved	""	0.02903437072240574
AR	LIRANAFTATE	Not Approved	""	0.02903437072240574
AR	HYMECROMONE	Not Approved	""	0.01161374828896229
AR	LOTEPREDNOL	Approved	corticosteroid,antiinflammatory agent	0.01451718536120287
AR	TROPOLONE	Approved	""	0.05806874144481148
AR	AMDINOCILLIN	Approved	""	0.05806874144481148
AR	CARBOSULFAN	Not Approved	""	0.05806874144481148
AR	TRIFORINE	Not Approved	""	0.05806874144481148
AR	FURAZABOL	Not Approved	""	0.02903437072240574
AR	SPIRAMIDE	Not Approved	""	0.01935624714827049
AR	OXAPIUM IODIDE	Not Approved	""	0.05806874144481148
AR	RIFAMPIN	Approved	""	0.002073883623028982
AR	[TBAA1,D-TYR(ET)2,VAL4,LYS6,ARG-NH28,DES-GLY9]AVP	Not Approved	""	0.01935624714827049
AR	VINCLOZOLIN	Not Approved	""	0.05806874144481148
AR	ORTHO-PHTHALALDEHYDE	Not Approved	""	0.009678123574135248
AR	OXYPHENISATIN	Not Approved	""	0.05806874144481148
AR	GEMCITABINE	Approved	antineoplastic agent	0.0006311819722262119
AR	FLUOROSALAN	Not Approved	""	0.01935624714827049
AR	PRUXELUTAMIDE	Not Approved	""	0.02903437072240574
AR	CLOMIPRAMINE HYDROCHLORIDE	Approved	""	0.01935624714827049
AR	DUTASTERIDE	Approved	Antihyperplasia Agents,Anti-baldness Agents,for treatment of benign prostate hyperplasia	0.01451718536120287
AR	CHEMBL:CHEMBL81782	Not Approved	""	0.004839061787067624
AR	DASATINIB ANHYDROUS	Approved	antineoplastic agent	0.0007640623874317301
AR	OXANDROLONE	Approved	anabolic agent	0.1161374828896229
AR	[3H]D[CHA4]AVP	Not Approved	""	0.05806874144481148
AR	NORETHINDRONE	Approved	Synthetic,Oral,Contraceptives,contraceptive	0.005806874144481148
AR	ROCURONIUM BROMIDE	Approved	""	0.009678123574135248
AR	GRAMICIDIN S	Not Approved	""	0.05806874144481148
AR	METHYLTESTOSTERONE	Approved	for treatment of dysfunctional libido in women	0.02903437072240574
AR	GALETERONE	Not Approved	antineoplastic agent	0.07258592680601438
AR	EFONIDIPINE	Not Approved	""	0.02903437072240574
AR	ANDROSTENEDIONE	Not Approved	""	0.005806874144481148
AR	CHEMBL:CHEMBL480626	Not Approved	""	0.01451718536120287
AR	CANRENOATE POTASSIUM	Approved	""	0.02903437072240574
AR	SALINAZID	Not Approved	""	0.01451718536120287
AR	REPAGLINIDE	Approved	antidiabetic	0.004147767246057964
AR	CHLORALIN	Not Approved	""	0.05806874144481148
AR	PREDNISONE	Approved	corticosteroid,antiinflammatory agent	0.001290416476551366
AR	AMPIROXICAM	Not Approved	""	0.02903437072240574
AR	NEFAZODONE HYDROCHLORIDE	Approved	""	0.009678123574135248
AR	MIRISTALKONIUM CHLORIDE	Not Approved	""	0.05806874144481148
AR	ESTRADIOL CYPIONATE	Approved	""	0.02903437072240574
AR	DIBENZOYLMETHANE	Not Approved	""	0.01451718536120287
AR	NORGESTREL	Approved	Synthetic,Oral,Contraceptives	0.009678123574135248
AR	TOLYLFLUANID	Not Approved	""	0.05806874144481148
AR	BROMUCONAZOLE	Not Approved	""	0.05806874144481148
AR	CARBOQUONE	Not Approved	""	0.01935624714827049
AR	VATALANIB	Not Approved	antineoplastic agent	0.003226041191378416
AR	NILUTAMIDE	Approved	Antineoplastic Agents	0.03484124486688689
AR	MELENGESTROL ACETATE	Approved	""	0.01935624714827049
AR	[PHAA1,D-TYR(ET)2,LYS6,DES-GLY9]AVP	Not Approved	""	0.01935624714827049
AR	MELPHALAN	Approved	""	0.002903437072240574
AR	FLUSPIRILENE	Approved	Antipsychotic Agents	0.002639488247491431
AR	TOREMIFENE	Approved	SERM,antineoplastic agent	0.0044668262649855
AR	DROMOSTANOLONE	Approved	Hormonal,Antineoplastic Agents	0.1161374828896229
AR	EQUILIN	Not Approved	""	0.01451718536120287
AR	CHEMBL:CHEMBL118280	Not Approved	""	0.05806874144481148
AR	MOCLOBEMIDE	Approved	antidepressant	0.01161374828896229
AR	FLUOCINOLONE ACETONIDE	Approved	glucocorticoid,antiinflammatory agent	0.01161374828896229
AR	BRUCINE	Not Approved	""	0.05806874144481148
AR	CHEMBL:CHEMBL333177	Not Approved	""	0.01935624714827049
AR	CHEMBL:CHEMBL423081	Not Approved	""	0.02903437072240574
AR	CELECOXIB	Approved	NSAID	0.0008666976335046492
AR	TRITON X	Not Approved	""	0.01935624714827049
AR	PYRIPROXYFEN	Not Approved	""	0.02903437072240574
AR	TIOCONAZOLE	Approved	""	0.05806874144481148
AR	TIBOLONE	Not Approved	""	0.01935624714827049
AR	MONATEPIL	Not Approved	""	0.05806874144481148
AR	MESTRANOL	Approved	Oral,Contraceptives	0.006452082382756832
AR	EPITIOSTANOL	Not Approved	""	0.05806874144481148
AR	GLPG0492	Not Approved	for treatment of cachexia	0.1742062243344344
AR	PYRIMETHAMINE	Approved	""	0.005278976494982863
AR	BECLOMETHASONE DIPROPIONATE	Approved	glucocorticoid,antiinflammatory agent	0.005806874144481148
AR	ZOXAMIDE	Not Approved	""	0.05806874144481148
AR	ESTRAMUSTINE	Approved	""	0.005278976494982863
AR	TETRAMETHRIN	Not Approved	""	0.05806874144481148
AR	DITHIANON	Not Approved	""	0.05806874144481148
AR	CHLORDANE	Not Approved	""	0.009678123574135248
AR	NITROSCANATE	Not Approved	""	0.05806874144481148
AR	CYPROTERONE	Approved	Hypersexuality-inhibiting agents; Antihirsutism agents	0.03318213796846371
AR	AMSACRINE HYDROCHLORIDE	Not Approved	""	0.005806874144481148
AR	NONIVAMIDE	Approved	""	0.01161374828896229
AR	METHIDATHION	Not Approved	""	0.05806874144481148
AR	TESTOSTERONE PROPIONATE	Approved	""	0.01451718536120287
AR	FLUTAMIDE	Approved	Hormonal,Antineoplastic Agents	0.02032405950568402
AR	CHEMBL:CHEMBL1521156	Not Approved	""	0.02903437072240574
AR	NITROFEN	Not Approved	""	0.02903437072240574
AR	APALUTAMIDE	Approved	antineoplastic agent	0.1451718536120287
AR	SIROLIMUS	Approved	for treatment of wet age-related macular degeneration,immunosuppressant	0.001001185197324335
AR	CHEMBL:CHEMBL329673	Not Approved	""	0.005278976494982863
AR	BARDOXOLONE METHYL	Not Approved	""	0.007258592680601436
AR	HE3235	Not Approved	antineoplastic agent	0.05806874144481148
AR	CALCITRIOL	Approved	antineoplastic agent,antipsoriatic agent	0.004839061787067624
AR	MASOPROCOL	Approved	prostate cancer,antineoplastic agent	0.002471010274247297
AR	BENZOFURAN	Not Approved	""	0.01935624714827049
AR	TILIQUINOL	Not Approved	""	0.02903437072240574
AR	SYROSINGOPINE	Not Approved	""	0.01451718536120287
AR	TRIS(2,3-DIBROMOPROPYL)PHOSPHATE	Not Approved	""	0.01935624714827049
AR	CLOTRIMAZOLE	Approved	""	0.001569425444454364
AR	ABIRATERONE ACETATE	Approved	antineoplastic agent	0.01244330173817389
AR	IOPAMIDOL	Approved	""	0.05806874144481148
AR	BIFENAZATE	Not Approved	""	0.01935624714827049
AR	DIFLOXACIN HYDROCHLORIDE	Not Approved	""	0.05806874144481148
AR	CHEMBL:CHEMBL458602	Not Approved	""	0.02903437072240574
AR	CHEMBL:CHEMBL184450	Not Approved	""	0.004147767246057964
AR	NITRALIN	Not Approved	""	0.05806874144481148
AR	RESVERATROL	Approved	antineoplastic agent,antidiabetic,for treatment of herpes simplex virus 1	0.001185076356016561
AR	HPTE	Not Approved	""	0.01935624714827049
AR	PALMATINE CHLORIDE HYDRATE	Not Approved	""	0.05806874144481148
AR	PYRIDOSTIGMINE BROMIDE	Approved	""	0.02903437072240574
AR	SODIUM DIMETHYLCARBAMODITHIOATE	Not Approved	""	0.05806874144481148
AR	CALCIUM PANTOTHENATE	Approved	""	0.05806874144481148
AR	PIPERONAL	Approved	""	0.05806874144481148
AR	OXENDOLONE	Not Approved	""	0.02903437072240574
AR	D[D-PAL2]AVP	Not Approved	""	0.01935624714827049
AR	TRIAMCINOLONE	Approved	for treatment of diabetic macular edema	0.002524727888904847
AR	CHEMBL:CHEMBL1873684	Not Approved	""	0.01935624714827049
AR	FLUDROCORTISONE	Approved	Anti-Inflammatory Agents; corticosteroid	0.05806874144481148
AR	CYPRODINIL	Not Approved	""	0.01935624714827049
AR	DESOGESTREL	Approved	Oral,Contraceptives	0.01451718536120287
AR	DICHLOROXYLENOL	Not Approved	""	0.05806874144481148
AR	TOMATINE	Not Approved	""	0.05806874144481148
AR	DINOTERB	Not Approved	""	0.05806874144481148
AR	NORTRIPTYLINE HYDROCHLORIDE	Approved	""	0.009678123574135248
AR	VANOXERINE	Not Approved	""	0.002903437072240574
AR	FLUTOLANIL	Not Approved	""	0.05806874144481148
AR	CHEMBL:CHEMBL1436543	Not Approved	""	0.02903437072240574
AR	FLUORODIFEN	Not Approved	""	0.01935624714827049
AR	LIMONIN	Not Approved	""	0.05806874144481148
AR	FENCHLORAZOL-ETHYL	Not Approved	""	0.05806874144481148
AR	BENORILATE	Approved	""	0.05806874144481148
AR	ATROPINE METHYLBROMIDE	Not Approved	""	0.05806874144481148
AR	ALDOSTERONE	Not Approved	""	0.009678123574135248
AR	MIBEFRADIL DIHYDROCHLORIDE	Approved	""	0.008295534492115928
AR	TRICLOSAN	Approved	""	0.009678123574135248
AR	DEVAZEPIDE	Not Approved	""	0.02903437072240574
AR	D(CH2)5[TYR(ME)2,THR4,PHE(3I,4N3)-NH29]OVT	Not Approved	""	0.01451718536120287
AR	HEPTANE	Approved	""	0.05806874144481148
AR	[3H]NELIVAPTAN	Not Approved	""	0.05806874144481148
AR	METHENOLONE ENANTHATE	Not Approved	""	0.05806874144481148
AR	OCTAVERINE	Not Approved	""	0.02903437072240574
AR	PITAVASTATIN CALCIUM	Approved	""	0.02903437072240574
AR	RETINYL ACETATE	Not Approved	""	0.007258592680601436
AR	DIHYDROTESTOSTERONE	Not Approved	""	0.03484124486688689
AR	CLOSTEBOL	Not Approved	""	0.05806874144481148
AR	FLUROCHLORIDONE	Not Approved	""	0.05806874144481148
AR	ESTRADIOL PHOSPHATE	Not Approved	""	0.05806874144481148
AR	DIFLUPREDNATE	Approved	corticosteroid,antiinflammatory agent	0.01451718536120287
AR	ALLANTOIN	Approved	""	0.05806874144481148
AR	CHEMBL:CHEMBL609570	Not Approved	""	0.02903437072240574
AR	BENAZEPRIL HYDROCHLORIDE	Approved	""	0.02903437072240574
AR	ASTEMIZOLE	Approved	Anti-Allergic Agents	0.003629296340300718
AR	ESTRADIOL VALERATE	Approved	for treatment of menopausal symptoms,contraceptive,treatment for menopause,hormone replacement	0.001235505137123648
AR	INDINAVIR SULFATE	Approved	""	0.01935624714827049
AR	2-ACETYLAMINOFLUORENE	Not Approved	""	0.02903437072240574
AR	ZERANOL	Not Approved	""	0.008295534492115928
AR	RALOXIFENE HYDROCHLORIDE	Approved	Hormone Replacement Agents	0.001161374828896229
AR	NIFEDIPINE	Approved	Antianginal Agents; Vasodilator Agents	0.001036941811514491
AR	PYRITHIONE SODIUM	Not Approved	""	0.02903437072240574
AR	TEMEFOS	Not Approved	""	0.01935624714827049
AR	CHLOROPHACINONE	Not Approved	""	0.02903437072240574
AR	CHEMBL:CHEMBL561679	Not Approved	""	0.05806874144481148
AR	BUNAMIDINE HYDROCHLORIDE	Not Approved	""	0.05806874144481148
AR	EXALAMIDE	Not Approved	""	0.05806874144481148
AR	TOFISOPAM	Not Approved	""	0.05806874144481148
AR	GRISEOFULVIN	Approved	""	0.01451718536120287
AR	GENTIAN VIOLET CATION	Approved	""	0.00305624954972692
AR	ARGIPRESSIN	Approved	analgesic,Antidiuretic Agents	0.00223341313249275
AR	IODOCARB	Not Approved	""	0.05806874144481148
AR	PHENYLETHYL ALCOHOL	Approved	""	0.05806874144481148
AR	DODINE	Not Approved	""	0.05806874144481148
AR	DICOFOL	Not Approved	""	0.02903437072240574
AR	CHLORBROMURON	Not Approved	""	0.05806874144481148
AR	CHEMBL:CHEMBL224318	Not Approved	""	0.01935624714827049
AR	BENFURACARB	Not Approved	""	0.05806874144481148
AR	CYCLANDELATE	Approved	""	0.05806874144481148
AR	LANATOSIDE C	Approved	""	0.003871249429654099
AR	AMLEXANOX	Approved	""	0.0044668262649855
AR	TESTOSTERONE BUCYCLATE	Not Approved	""	0.05806874144481148
AR	SULFACARBAMIDE	Approved	""	0.05806874144481148
AR	HOMIDIUM BROMIDE	Not Approved	""	0.002002370394648671
AR	FLUOXYMESTERONE	Approved	Anabolic Agents; Antineoplastic Agents	0.07258592680601438
AR	VINDESINE SULFATE	Not Approved	""	0.05806874144481148
AR	THIOGUANINE	Approved	""	0.001759658831660954
AR	HEXACHLOROPHENE	Approved	""	0.001416310766946621
AR	DESONIDE	Approved	corticosteroid,antiinflammatory agent	0.01935624714827049
AR	DACTOLISIB	Not Approved	""	0.001209765446766906
AR	CLASCOTERONE	Approved	dermatological agent	0.08710311216721724
AR	MEGESTROL ACETATE	Approved	""	0.007258592680601436
AR	AZARIBINE	Approved	""	0.01451718536120287
AR	MILBEMYCIN A4	Not Approved	""	0.05806874144481148
AR	TRIPARANOL	Approved	""	0.01451718536120287
AR	METHYLPREDNISOLONE ACETATE	Not Approved	""	0.02903437072240574
AR	DIBUTYLDICHLOROSTANNANE	Not Approved	""	0.01161374828896229
AR	METHYLPREDNISOLONE SODIUM SUCCINATE	Approved	""	0.02903437072240574
AR	[PHAA1,D-TYR2,VAL4,ARG6,ARG-NH29]AVP	Not Approved	""	0.01935624714827049
AR	LASALOCID A SODIUM	Not Approved	""	0.006452082382756832
AR	BUFOGENIN	Not Approved	""	0.01451718536120287
AR	BENSULIDE	Not Approved	""	0.02903437072240574
AR	PHENYLARSINE OXIDE	Not Approved	""	0.02903437072240574
AR	TRELANSERIN	Not Approved	for treatment of intermittent claudication	0.01935624714827049
AR	TRIPHENYL PHOSPHATE	Not Approved	""	0.02903437072240574
AR	VALNEMULIN	Not Approved	""	0.05806874144481148
AR	4-AMINOPHENOL	Approved	""	0.007258592680601436
AR	ETHYNODIOL DIACETATE	Approved	Synthetic,Oral,Contraceptives	0.01451718536120287
AR	AMIODARONE HYDROCHLORIDE	Approved	antiarrhytmic agent	0.00223341313249275
AR	ETHYLESTRENOL	Approved	""	0.05806874144481148
AR	ALEXIDINE DIHYDROCHLORIDE	Not Approved	""	0.01451718536120287
AR	D[LEU4]LVP	Not Approved	""	0.05806874144481148
AR	CARBAMAZEPINE	Approved	for treatment of bipolar disorder	0.001185076356016561
AR	MAPROTILINE HYDROCHLORIDE	Approved	""	0.008295534492115928
AR	PIMOZIDE	Approved	Antidyskinetics; Antipsychotic Agents	0.001707904160141514
AR	ALPHA-TOCOPHEROL ACETATE	Approved	""	0.02903437072240574
AR	LAUROCAPRAM	Approved	""	0.05806874144481148
AR	HYDROCORTISONE BUTYRATE	Approved	""	0.001382589082019321
AR	BROQUINALDOL	Not Approved	""	0.02903437072240574
AR	SPIPERONE	Not Approved	""	0.00305624954972692
AR	MALTOTRIOSE	Not Approved	""	0.05806874144481148
AR	PRAZOSIN	Approved	Antihypertensive Agents; antispasmodics	0.003871249429654099
AR	DIMETHOMORPH	Not Approved	""	0.05806874144481148
AR	NITROXOLINE	Not Approved	""	0.0044668262649855
AR	STANOZOLOL	Approved	""	0.01935624714827049
AR	OSATERONE ACETATE	Not Approved	""	0.05806874144481148
AR	ARGIPRESTOCIN	Not Approved	""	0.01451718536120287
AR	BIAPENEM	Not Approved	""	0.05806874144481148
AR	[PHAA1,D-TYR(ET)2,VAL4,LYS6,TYR-NH28,DES-GLY9]AVP	Not Approved	""	0.01935624714827049
AR	APLAVIROC HYDROCHLORIDE	Not Approved	""	0.02903437072240574
AR	HEXACONAZOLE	Not Approved	""	0.05806874144481148
AR	DIBEKACIN	Not Approved	""	0.05806874144481148
AR	GLPG-0492	Not Approved	""	0.05806874144481148
AR	PENFLURIDOL	Not Approved	""	0.01935624714827049
AR	ISOFLUPREDONE ACETATE	Not Approved	""	0.02903437072240574
AR	ESTRIOL	Approved	Hormone Replacement Agents	0.01451718536120287
AR	TRIAMCINOLONE DIACETATE	Approved	""	0.02903437072240574
AR	FEBANTEL	Approved	""	0.02903437072240574
AR	BATILOL	Not Approved	""	0.05806874144481148
AR	FERBAM	Not Approved	""	0.02903437072240574
AR	PYRVINIUM PAMOATE	Approved	""	0.05806874144481148
AR	CHEMBL:CHEMBL595911	Not Approved	""	0.05806874144481148
AR	DESERPIDINE	Approved	Antihypertensive Agents	0.01451718536120287
AR	PUROMYCIN HYDROCHLORIDE	Not Approved	""	0.05806874144481148
AR	OCTYL_GALLATE	Not Approved	""	0.02903437072240574
AR	TANSHINONE IIA	Not Approved	""	0.008933652529971
AR	CHEMBL:CHEMBL83159	Not Approved	""	0.05806874144481148
AR	ETHOFUMESATE	Not Approved	""	0.05806874144481148
AR	OCTOCRYLENE	Approved	""	0.05806874144481148
AR	TRENBOLONE ACETATE	Approved	""	0.05806874144481148
AR	MIRIPIRIUM CHLORIDE	Not Approved	""	0.05806874144481148
AR	FLUDIOXONIL	Not Approved	""	0.01935624714827049
AR	CHLORHEXIDINE GLUCONATE	Approved	""	0.00305624954972692
AR	CEFONICID SODIUM	Approved	""	0.05806874144481148
AR	PARAOXON	Not Approved	""	0.05806874144481148
AR	HEXESTROL	Not Approved	""	0.009678123574135248
AR	PROCHLORAZ	Not Approved	""	0.01935624714827049
AR	AZD3514	Not Approved	""	0.05806874144481148
AR	CHEMBL:CHEMBL135115	Not Approved	""	0.05806874144481148
AR	ANDROGEN RECEPTOR ANTISENSE OLIGONUCLEOTIDE AZD5312	Not Approved	""	0.05806874144481148
AR	PREDNISOLONE	Approved	corticosteroid,antiinflammatory agent	0.002073883623028982
AR	DIMETHISOQUIN HYDROCHLORIDE	Not Approved	""	0.05806874144481148
AR	CRIDANIMOD	Not Approved	""	0.01451718536120287
AR	FIDUXOSIN HYDROCHLORIDE	Not Approved	""	0.009678123574135248
AR	PACLITAXEL	Approved	for treatment of peripheral arterial disease (PAD),DMARD,antiinflammatory agent,antineoplastic agent	0.0005278976494982864
AR	EMETINE HYDROCHLORIDE	Not Approved	""	0.02903437072240574
AR	DIGITOXIN	Approved	Anti-Arrhythmia Agents; Cardiotonic Agents	0.00305624954972692
AR	PERHEXILINE MALEATE	Approved	""	0.005278976494982863
AR	DIETHYLCARBAMAZINE CITRATE	Approved	""	0.01161374828896229
AR	ALACHLOR	Not Approved	""	0.01935624714827049
AR	KRESOXIM-METHYL	Not Approved	""	0.01935624714827049
AR	SERTINDOLE	Approved	antipsychotic agent	0.002765178164038642
AR	CARUBICIN	Not Approved	""	0.006452082382756832
AR	CHEMBL:CHEMBL77675	Not Approved	""	0.01451718536120287
AR	CR 1447	Not Approved	""	0.02903437072240574
AR	DACTINOMYCIN	Approved	""	0.001659106898423185
AR	ALL-TRANS-RETINAL	Not Approved	""	0.008295534492115928
AR	CHEMBL:CHEMBL539954	Not Approved	""	0.05806874144481148
AR	IDEBENONE	Approved	""	0.01451718536120287
AR	PROPYLPARABEN	Approved	""	0.01161374828896229
AR	CHLORMIDAZOLE	Not Approved	""	0.01935624714827049
AR	CITICOLINE SODIUM	Not Approved	""	0.02903437072240574
AR	PREDNICARBATE	Approved	Anti-Inflammatory Agents; Corticosteroids	0.01451718536120287
AR	PAZOPANIB	Approved	antineoplastic agent	0.001018749849908973
AR	METHYL YELLOW	Not Approved	""	0.02903437072240574
AR	RHODAMINE	Not Approved	""	0.05806874144481148
AR	SPARFLOXACIN	Approved	""	0.01935624714827049
AR	ALPHA-TERTHIENYL	Not Approved	""	0.01451718536120287
AR	MIDAZOLAM HYDROCHLORIDE	Approved	Anesthesia; Hypnotics and Sedatives,Adjuvants	0.001613020595689208
AR	PROBENECID	Approved	Uricosuric Agents	0.005278976494982863
AR	BUTACHLOR	Not Approved	""	0.02903437072240574
AR	NARASIN	Not Approved	""	0.05806874144481148
AR	WHILE OLIVETOL	Not Approved	""	0.01935624714827049
AR	LY2452473	Not Approved	""	0.05806874144481148
AR	CHEMBL:CHEMBL259327	Not Approved	""	0.01935624714827049
AR	DIMETHYLCURCUMIN	Not Approved	""	0.01161374828896229
AR	ROTENONE	Not Approved	""	0.004147767246057964
AR	PENCYCURON	Not Approved	""	0.05806874144481148
AR	ORYZALIN	Not Approved	""	0.01935624714827049
AR	ETHINYL ESTRADIOL	Approved	contraceptive	0.002903437072240574
AR	RELCOVAPTAN	Not Approved	""	0.006452082382756832
AR	PENCONAZOLE	Not Approved	""	0.05806874144481148
AR	ATROPINE	Approved	nerve agent antidote	0.003415808320283028
AR	DIPYRITHIONE	Not Approved	""	0.009678123574135248
AR	ETHACRYNIC ACID	Approved	Antihypertensive Agents; Diuretics	0.003629296340300718
AR	ENZALUTAMIDE	Approved	antineoplastic agent	0.02903437072240574
AR	MITOXANTRONE HYDROCHLORIDE	Approved	""	0.001814648170150359
AR	DEXAMETHASONE VALARATE	Not Approved	""	0.05806874144481148
AR	BENZETHONIUM CHLORIDE	Approved	""	0.003629296340300718
AR	CANNABINOL	Not Approved	""	0.01935624714827049
AR	AZELNIDIPINE	Not Approved	""	0.009678123574135248
AR	DRONEDARONE	Approved	Anti-Arrhythmia Agents	0.006452082382756832
AR	BERBERINE CHLORIDE	Not Approved	""	0.007258592680601436
AR	DYCLONINE HYDROCHLORIDE	Approved	""	0.003629296340300718
AR	NICARDIPINE	Approved	Anti-Arrhythmia Agents; Antihypertensive Agents	0.003629296340300718
AR	METHYLENE BLUE	Not Approved	""	0.006452082382756832
AR	NITROFURAZONE	Approved	""	0.01935624714827049
AR	SAQUINAVIR MESYLATE	Approved	""	0.006452082382756832
AR	ALFATRADIOL	Not Approved	""	0.02903437072240574
AR	CETRIMONIUM BROMIDE	Approved	""	0.01161374828896229
AR	THIRAM	Not Approved	""	0.002524727888904847
AR	ANETHOLE TRITHIONE	Not Approved	""	0.01451718536120287
AR	ETHINYLESTRADIOL/DROSPIRENONE/PRASTERONE	Not Approved	""	0.01935624714827049
AR	FLUNISOLIDE ANHYDROUS	Approved	glucocorticoid,antiinflammatory agent	0.005278976494982863
AR	ANDROSTENEDIOL	Not Approved	""	0.05806874144481148
AR	MONENSIN SODIUM	Not Approved	""	0.05806874144481148
AR	CICLOPIROX OLAMINE	Approved	""	0.01161374828896229
AR	TIZANIDINE HYDROCHLORIDE	Approved	muscle relaxant,for treatment of skeletal muscular spasticity	0.009678123574135248
AR	DICHLORODIMETHYLSTANNANE	Not Approved	""	0.02903437072240574
AR	MEVASTATIN	Not Approved	""	0.01451718536120287
AR	HALOBETASOL	Approved	Anti-inflammatory Agents	0.01935624714827049
AR	AZACITIDINE	Approved	antineoplastic agent	0.001451718536120287
AR	CHLORANIL	Not Approved	""	0.003871249429654099
AR	DOMIPHEN BROMIDE	Not Approved	""	0.008295534492115928
AR	PHENOXYCARB	Not Approved	""	0.02903437072240574
AR	3,3',4',5-TETRACHLOROSALICYLANILIDE	Approved	""	0.05806874144481148
AR	TEBUFENPYRAD	Not Approved	""	0.02903437072240574
AR	TESTOSTERONE ENANTHATE	Approved	""	0.02903437072240574
AR	FLUOXETINE HYDROCHLORIDE	Approved	for treatment of bipolar disorder,for treatment of autism,antidepressant,for treatment of sleep apnea	0.002073883623028982
AR	CHLOROBENZILATE	Not Approved	""	0.05806874144481148
AR	CAPTAN	Not Approved	""	0.0044668262649855
AR	FLUAZINAM	Not Approved	""	0.01161374828896229
AR	CHEMBL:CHEMBL1099140	Not Approved	""	0.1161374828896229
AR	LORACARBEF	Approved	""	0.05806874144481148
AR	FLUROGESTONE ACETATE	Not Approved	""	0.05806874144481148
AR	MEDROXYPROGESTERONE ACETATE	Approved	""	0.005806874144481148
AR	CHOLECALCIFEROL	Approved	""	0.004839061787067624
AR	LACTOFEN	Not Approved	""	0.02903437072240574
AR	ALVOCIDIB HYDROCHLORIDE	Not Approved	""	0.05806874144481148
AR	CODEINE ANHYDROUS	Approved	Opioid; Antitussive Agents,Analgesics	0.004839061787067624
AR	MECHLORETHAMINE HYDROCHLORIDE	Approved	""	0.009678123574135248
AR	AFLOQUALONE	Not Approved	""	0.05806874144481148
AR	OH-LVA	Not Approved	""	0.01935624714827049
AR	CETYLPYRIDINIUM BROMIDE	Not Approved	""	0.0044668262649855
AR	RIMONABANT	Approved	antiobesity agent	0.006452082382756832
AR	CETRIMIDE	Approved	""	0.01935624714827049
AR	ERGOCALCIFEROL	Approved	Antihypocalcemic Agents	0.01451718536120287
AR	CHEMBL:CHEMBL610767	Not Approved	""	0.02903437072240574
AR	BETAMETHASONE VALERATE	Approved	""	0.02903437072240574
AR	CHEMBL:CHEMBL1738937	Not Approved	""	0.1161374828896229
AR	AZOXYSTROBIN	Not Approved	""	0.02903437072240574
AR	CHEMBL:CHEMBL1946449	Not Approved	""	0.1161374828896229
AR	D(CH2)5[D-ILE2,ILE4,ALA-NH2]AVP	Not Approved	""	0.01935624714827049
AR	EVEROLIMUS	Approved	immunosuppressant	0.001707904160141514
AR	FLUPREDNISOLONE	Approved	""	0.02903437072240574
AR	CHEMBL:CHEMBL2164761	Not Approved	""	0.05806874144481148
AR	SOTALOL	Approved	Anti-Arrhythmia Agents	0.004147767246057964
AR	ETHISTERONE	Not Approved	""	0.05806874144481148
AR	NORETHYNODREL	Approved	""	0.02903437072240574
AR	NELFINAVIR MESYLATE	Approved	""	0.009678123574135248
AR	MELOXICAM	Approved	NSAID	0.007258592680601436
AR	ESTRADIOL DIPROPIONATE	Not Approved	""	0.02903437072240574
AR	PHENYL SALICYLATE	Approved	""	0.05806874144481148
AR	DIHYDROERGOCRISTINE	Approved	""	0.01451718536120287
AR	IPCONAZOLE	Not Approved	""	0.01935624714827049
AR	FRENTIZOLE	Not Approved	""	0.008295534492115928
AR	DIDANOSINE	Approved	""	0.004147767246057964
AR	ENDOSULFAN SULFATE	Not Approved	""	0.05806874144481148
AR	RUBITECAN	Not Approved	antineoplastic agent	0.02903437072240574
AR	PROMAZINE HYDROCHLORIDE	Approved	""	0.007258592680601436
AR	TAMOXIFEN CITRATE	Approved	""	0.00305624954972692
AR	CETALKONIUM CHLORIDE	Approved	""	0.05806874144481148
AR	2,4-DINITROPHENOL	Not Approved	""	0.01451718536120287
AR	DODECYL GALLATE	Approved	""	0.05806874144481148
AR	4-CHLOROMERCURIBENZOIC ACID	Not Approved	""	0.002073883623028982
AR	D[LEU4]AVP	Not Approved	""	0.01451718536120287
AR	PROROXAN	Not Approved	""	0.01451718536120287
AR	PHENYLMERCURIC ACETATE	Not Approved	""	0.002903437072240574
AR	DOXORUBICIN HYDROCHLORIDE	Approved	antineoplastic agent	0.0003923563611135911
AR	NILVADIPINE	Not Approved	""	0.01161374828896229
AR	HYDROCORTISONE SODIUM SUCCINATE	Approved	""	0.01935624714827049
AR	FENBUCONAZOLE	Not Approved	""	0.02903437072240574
AR	SPIRONOLACTONE	Approved	antihypertensive agent	0.003629296340300718
AR	DIFLORASONE DIACETATE	Approved	Anti-Inflammatory Agents; Glucocorticoids	0.009678123574135248
AR	DROSPIRENONE	Approved	contraceptive,hormone replacement	0.02903437072240574
AR	NORELGESTROMIN	Approved	contraceptive	0.01935624714827049
AR	EFAROXAN	Not Approved	""	0.01935624714827049
AR	ESTRADIOL PROPIONATE	Not Approved	""	0.05806874144481148
AR	CHEMBL:CHEMBL594772	Not Approved	""	0.02903437072240574
AR	BIFONAZOLE	Approved	""	0.005278976494982863
AR	HALAZONE	Not Approved	""	0.02903437072240574
AR	CARBARIL	Approved	""	0.008295534492115928
AR	ATRACURIUM BESYLATE	Approved	""	0.009678123574135248
AR	CAMBENDAZOLE	Not Approved	""	0.02903437072240574
AR	CHEMBL:CHEMBL225563	Not Approved	""	0.02903437072240574
AR	DICHLOROTRIPHENYLBISMUTHANE	Not Approved	""	0.05806874144481148
AR	HYDROCORTISONE PROBUTATE	Approved	""	0.02903437072240574
AR	NITROBLUE TETRAZOLIUM CHLORIDE	Not Approved	""	0.05806874144481148
AR	DYDROGESTERONE	Approved	Antidysmennorheal Agents	0.01451718536120287
AR	ERGONOVINE	Not Approved	""	0.01451718536120287
AR	NIMETAZEPAM	Not Approved	""	0.05806874144481148
AR	D[D-PHE2]AVP	Not Approved	""	0.01935624714827049
AR	QUININE ETHYLCARBONATE	Not Approved	""	0.05806874144481148
AR	CHLORAMPHENICOL PALMITATE	Approved	""	0.01935624714827049
AR	MENADIONE SODIUM BISULPHITE	Not Approved	""	0.05806874144481148
AR	ZOMEPIRAC SODIUM	Approved	""	0.01935624714827049
AR	PERICIAZINE	Not Approved	Antipsychotic Agents	0.02322749657792459
AR	D[CHA4]AVP	Not Approved	""	0.01451718536120287
AR	CHEMBL:CHEMBL194881	Not Approved	""	0.05806874144481148
AR	CHLORPROMAZINE HYDROCHLORIDE	Approved	""	0.003415808320283028
AR	BETAMETHASONE BUTYRATE PROPIONATE	Not Approved	""	0.05806874144481148
AR	OXYFLUORFEN	Not Approved	""	0.05806874144481148
AR	BENOXACOR	Not Approved	""	0.02903437072240574
AR	HOMATROPINE HYDROBROMIDE	Approved	""	0.05806874144481148
AR	CHEMBL:CHEMBL306147	Not Approved	""	0.05806874144481148
AR	DIMETHENAMID	Not Approved	""	0.01935624714827049
AR	OXYPHENBUTAZONE	Approved	""	0.0044668262649855
AR	BUPRENORPHINE	Approved	for treatment of opioid addiction,analgesic,antidepressant	0.004839061787067624
AR	OXYPHENISATIN ACETATE	Approved	""	0.05806874144481148
AR	NALED	Not Approved	""	0.01451718536120287
AR	ZEARALENONE	Not Approved	""	0.0044668262649855
AR	DESLANOSIDE	Approved	Antiarrhythmia Agents; Cardiotonic Agents	0.005806874144481148
AR	DIAZEPAM	Approved	anticonvulsant	0.002002370394648671
AR	MERCURIC IODIDE	Not Approved	""	0.05806874144481148
AR	PHENELZINE SULFATE	Approved	""	0.008295534492115928
AR	OXYQUINOLINE	Approved	""	0.01161374828896229
AR	ESTRAMUSTINE PHOSPHATE SODIUM	Approved	""	0.02903437072240574
AR	BORTEZOMIB	Approved	antineoplastic agent	0.0006831616640566058
AR	QUIFENADINE	Not Approved	""	0.05806874144481148
AR	LGD-4033	Not Approved	hormone replacement	0.05806874144481148
AR	ESTRONE	Approved	Hormone Replacement Agents	0.005278976494982863
AR	POLIDOCANOL	Approved	""	0.05806874144481148
AR	CHEMBL:CHEMBL76012	Not Approved	""	0.02903437072240574
AR	CHEMBL:CHEMBL555242	Not Approved	""	0.02903437072240574
AR	ACETOPHENAZINE	Approved	Antipsychotic Agents	0.03871249429654099
AR	BUPIRIMATE	Not Approved	""	0.02903437072240574
AR	PROGESTERONE	Approved	for reducing the risk of pre-term birth for women with short cervix a mid-pregnancy,for prevention of preterm delivery,for symptomatic treatment of menopausal symptoms,neuroprotectant for stroke victims	0.0009842159566917203
AR	HEXADECYLTRIMETHYLAMMONIUM CHLORIDE	Not Approved	""	0.05806874144481148
AR	MOZAVAPTAN	Approved	""	0.009678123574135248
AR	FENTANYL CITRATE	Approved	adjuvant to anesthesia,opioid,analgesic	0.001935624714827049
AR	CHEMBL:CHEMBL595682	Not Approved	""	0.05806874144481148
AR	FLUFENAMIC ACID	Not Approved	""	0.004584374324590381
AR	FENRETINIDE	Approved	antineoplastic agent	0.00215069412758561
AR	VINBURNINE	Not Approved	""	0.02903437072240574
AR	KEPONE	Not Approved	""	0.004839061787067624
AR	NICARDIPINE HYDROCHLORIDE	Approved	""	0.006452082382756832
AR	SCLAREOL	Not Approved	""	0.05806874144481148
AR	TETRADIFON	Not Approved	""	0.02903437072240574
AR	DEXBUDESONIDE	Not Approved	""	0.02903437072240574
AR	DICHLON	Not Approved	""	0.01935624714827049
AR	BISACODYL	Approved	""	0.01451718536120287
AR	BROMEBRIC ACID	Not Approved	""	0.05806874144481148
AR	HYDROXYPROGESTERONE	Not Approved	""	0.01935624714827049
AR	PAPAVERINE HYDROCHLORIDE	Approved	""	0.009678123574135248
AR	ECONAZOLE NITRATE	Approved	""	0.004147767246057964
AR	CEFPODOXIME PROXETIL	Approved	""	0.05806874144481148
AR	PILSICAINIDE	Not Approved	""	0.01935624714827049
AR	DOCUSATE SODIUM	Approved	""	0.02903437072240574
AR	1-NAPHTHYLISOTHIOCYANATE	Not Approved	""	0.01451718536120287
AR	PROPANIL	Not Approved	""	0.02903437072240574
AR	PHOSALONE	Not Approved	""	0.01451718536120287
AR	ACIVICIN	Not Approved	""	0.01451718536120287
AR	ISOFENPHOS	Not Approved	""	0.02903437072240574
AR	HYDROCORTISONE SODIUM PHOSPHATE	Approved	""	0.02903437072240574
AR	BISPHENOL A	Not Approved	""	0.01451718536120287
AR	ALLETHRIN	Not Approved	""	0.05806874144481148
AR	CHEMBL:CHEMBL1474	Not Approved	""	0.05806874144481148
AR	CHRYSIN	Approved	""	0.008295534492115928
AR	THIOPHENE	Not Approved	""	0.05806874144481148
AR	SULFAQUINOXALINE	Not Approved	""	0.05806874144481148
AR	MESTANOLONE	Not Approved	""	0.05806874144481148
AR	CHLORHEXIDINE HYDROCHLORIDE	Approved	""	0.009678123574135248
AR	METHOXYCHLOR	Not Approved	""	0.01161374828896229
AR	FLUCYTOSINE	Approved	""	0.02903437072240574
AR	N,N'-DIPHENYL-P-PHENYLENEDIAMINE	Not Approved	""	0.008295534492115928
AR	HYCANTHONE	Not Approved	""	0.00305624954972692
AR	CARFILZOMIB	Approved	antineoplastic agent	0.0009678123574135249
AR	REZVILUTAMIDE	Not Approved	""	0.05806874144481148
AR	DESMOPRESSIN	Approved	for treatment of incontinence	0.006452082382756832
AR	ZIPRASIDONE	Approved	antipsychotic agent	0.001873185207897144
AR	NORETHINDRONE ACETATE	Approved	""	0.009678123574135248
AR	SANGUINARIUM	Not Approved	""	0.002322749657792459
AR	AMPEROZIDE HYDROCHLORIDE	Not Approved	""	0.01935624714827049
AR	FENTICLOR	Not Approved	""	0.00305624954972692
AR	CHEMBL:CHEMBL1784521	Not Approved	""	0.05806874144481148
AR	ANDROGEN RECEPTOR ANTAGONIST TAS3681	Not Approved	""	0.05806874144481148
AR	MITOMYCIN	Approved	""	0.002419530893533812
AR	ESTRADIOL ENANTHATE	Not Approved	""	0.05806874144481148
AR	STILONIUM IODIDE	Not Approved	""	0.008295534492115928
AR	AMCINONIDE	Approved	topical,Anti-Inflammatory Agents; Anti-pruritics; Corticosteroids	0.008295534492115928
AR	TEROXIRONE	Not Approved	""	0.01161374828896229
AR	ZOLPIDEM TARTRATE	Approved	hypnotic	0.0044668262649855
AR	BIFENOX	Not Approved	""	0.05806874144481148
AR	PREDNISOLONE HEMISUCCINATE	Not Approved	""	0.05806874144481148
AR	BENZOPHENONE	Approved	""	0.02903437072240574
AR	ZANOTERONE	Not Approved	""	0.05806874144481148
AR	PYRAZOPHOS	Not Approved	""	0.02903437072240574
AR	NORGESTIMATE	Approved	Synthetic,Oral,Contraceptives	0.01161374828896229
AR	TRIBUTYLTIN-OXIDE	Not Approved	""	0.01161374828896229
AR	LOPERAMIDE	Approved	Antidiarrheals	0.004839061787067624
AR	DEFERASIROX	Approved	""	0.007258592680601436
AR	LGD-2941	Not Approved	antiosteoporotic agent	0.1161374828896229
AR	FLUOCINONIDE	Approved	glucocorticoid,antiinflammatory agent	0.01451718536120287
AR	IDARUBICIN	Approved	Antineoplastic Agents	0.001209765446766906
AR	ZAFIRLUKAST	Approved	antiasthmatic agent	0.003226041191378416
AR	MINOPAFANT	Not Approved	""	0.05806874144481148
AR	LULICONAZOLE	Approved	""	0.05806874144481148
AR	PARBENDAZOLE	Not Approved	""	0.01935624714827049
AR	BMS-564929	Not Approved	""	0.05806874144481148
AR	DINITRAMINE	Not Approved	""	0.05806874144481148
AR	HALCINONIDE	Approved	""	0.01935624714827049
AR	TO-901317	Not Approved	""	0.003629296340300718
AR	TOPOTECAN HYDROCHLORIDE	Approved	antineoplastic agent	0.002419530893533812
AR	TRIPHENYLBISMUTHINE	Not Approved	""	0.05806874144481148
AR	PREDNISOLONE ACETATE	Approved	""	0.01935624714827049
AR	ACLARUBICIN HYDROCHLORIDE	Not Approved	""	0.05806874144481148
AR	AMOROLFINE	Not Approved	""	0.05806874144481148
AR	SATAVAPTAN	Not Approved	""	0.01451718536120287
AR	ALCLOMETASONE	Approved	topical,Anti-Inflammatory Agents; Anti-pruritics; Corticosteroids	0.01451718536120287
AR	D(CH2)5[TYR(ET)2,VAL4,DES-GLY9]AVP	Not Approved	""	0.01935624714827049
AR	MERCURIC CHLORIDE	Not Approved	""	0.002903437072240574
AR	THIMEROSAL	Approved	""	0.002524727888904847
AR	(2-NITROVINYL)BENZENE	Not Approved	""	0.05806874144481148
AR	BROMOCRESOL GREEN	Not Approved	""	0.05806874144481148
AR	PENTAMIDINE ISETHIONATE	Not Approved	""	0.009678123574135248
AR	FINASTERIDE	Approved	antineoplastic agent	0.004147767246057964
AR	THIOACETAZONE	Not Approved	""	0.05806874144481148
AR	STANOLONE	Not Approved	""	0.01935624714827049
AR	CLOXYQUIN	Not Approved	""	0.005806874144481148
AR	RABEPRAZOLE	Approved	Proton pump inhibitor	0.00223341313249275
AR	EPIGALLOCATECHIN-3-GALLATE	Not Approved	""	0.003226041191378416
AR	CORTICOSTERONE	Not Approved	""	0.02903437072240574
AR	DINOSEB	Not Approved	""	0.01451718536120287
AR	VITAMIN A	Approved	""	0.00215069412758561
AR	PODOFILOX	Approved	Phytogenic; Keratolytic Agents,Antineoplastic Agents	0.002419530893533812
AR	PIMETHIXENE MALEATE	Not Approved	""	0.01935624714827049
AR	CHEMBL:CHEMBL595912	Not Approved	""	0.05806874144481148
AR	BENZOXIQUINE	Not Approved	""	0.05806874144481148
AR	PROCYMIDONE	Not Approved	""	0.05806874144481148
AR	ENCLOMIPHENE CITRATE	Not Approved	""	0.007258592680601436
AR	ACETOCHLOR	Not Approved	""	0.01161374828896229
AR	FANDOSENTAN POTASSIUM	Not Approved	""	0.05806874144481148
AR	DEMECOLCINE	Not Approved	""	0.009678123574135248
AR	TRIFLUMIZOLE	Not Approved	""	0.02903437072240574
AR	FLUFENOXURON	Not Approved	""	0.05806874144481148
AR	CHEMBL:CHEMBL528316	Not Approved	""	0.05806874144481148
AR	TIOXOLONE	Not Approved	""	0.01161374828896229
AR	RO3280	Not Approved	""	0.01161374828896229
AR	VINORELBINE TARTRATE	Not Approved	""	0.02903437072240574
AR	E319	Not Approved	""	0.005278976494982863
AR	METILDIGOXIN	Not Approved	""	0.05806874144481148
AR	CHEMBL:CHEMBL109873	Not Approved	""	0.05806874144481148
AR	LESTAURTINIB	Not Approved	antineoplastic agent	0.004839061787067624
AR	ATALUREN	Approved	""	0.0007081553834733109
AR	CHEMBL:CHEMBL1606	Not Approved	""	0.01451718536120287
AR	DAUNORUBICIN HYDROCHLORIDE	Approved	""	0.001759658831660954
AR	2-MERCAPTOBENZIMIDAZOLE	Not Approved	""	0.01935624714827049
AR	FENOVERINE	Not Approved	""	0.05806874144481148
AR	PHENFORMIN HYDROCHLORIDE	Approved	""	0.01451718536120287
AR	DEQUALINIUM CHLORIDE	Not Approved	""	0.01161374828896229
AR	GSK2849466	Not Approved	""	0.05806874144481148
AR	D(CH2)5[TYR(ME)2]AVP	Not Approved	""	0.01451718536120287
AR	SERTRALINE HYDROCHLORIDE	Approved	for treatment of obsessive compulsive disorder (OCD),antidepressant	0.002903437072240574
AR	CHEMBL:CHEMBL1235854	Not Approved	""	0.05806874144481148
AR	ETOCRYLENE	Not Approved	""	0.05806874144481148
AR	TETRABUTYLAMMONIUM BROMIDE	Not Approved	""	0.05806874144481148
AR	COUMAPHOS	Not Approved	""	0.02903437072240574
AR	CADMIUM DICHLORIDE	Not Approved	""	0.005278976494982863
AR	TESTOLACTONE	Approved	Hormonal,Antineoplastic Agents	0.01451718536120287
AR	CHLOROXINE	Approved	""	0.005806874144481148
AR	CHEMBL:CHEMBL1923999	Not Approved	""	0.1161374828896229
AR	BUTACLAMOL HYDROCHLORIDE	Not Approved	""	0.01935624714827049
AR	MINOCYCLINE HYDROCHLORIDE	Approved	""	0.01451718536120287
AR	NISOLDIPINE	Approved	Antihypertensive Agents; Vasodilator Agents	0.003415808320283028
AR	METHYLPREDNISOLONE	Approved	Anti-Inflammatory Agents; Glucocorticoids	0.003226041191378416
AR	PHANQUONE	Not Approved	""	0.01161374828896229
AR	CARBONYL CYANIDE M-CHLOROPHENYLHYDRAZONE	Not Approved	""	0.01451718536120287
AR	RIFAPENTINE	Approved	""	0.01935624714827049
AR	ANTI-ANDROGEN	Not Approved	""	0.01451718536120287
AR	THIDIAZURON	Not Approved	""	0.05806874144481148
AR	PROPICONAZOLE	Not Approved	""	0.01451718536120287
AR	IDAZOXAN	Not Approved	""	0.004839061787067624
AR	FENARIMOL	Not Approved	""	0.05806874144481148
AR	CINNAMIC ALDEHYDE	Approved	""	0.02903437072240574
AR	VALRUBICIN	Approved	Antineoplastic Agents	0.02903437072240574
AR	CLOROPHENE	Not Approved	""	0.01161374828896229
AR	ENDOSULFAN	Not Approved	""	0.01161374828896229
AR	TRIMETHYL-TETRADECYL-AMMONIUM CHLORIDE	Not Approved	""	0.05806874144481148
AR	METHYLTHIOURACIL	Not Approved	""	0.05806874144481148
AR	CHEMBL:CHEMBL1946014	Not Approved	""	0.1161374828896229
AR	OXYQUINOLINE SULFATE	Approved	""	0.02903437072240574
AR	MEPANIPYRIM	Not Approved	""	0.02903437072240574
AR	LEUPROLIDE ACETATE	Approved	for treatment of Alzheimer's disease,for treatment of endometriosis,antineoplastic agent	0.005806874144481148
AR	EMETINE	Not Approved	""	0.01161374828896229
AR	RESERPINE	Approved	Antihypertensive Agents; Antipsychotic Agents	0.00223341313249275
AR	DEXAMETHASONE DIPROPIONATE	Not Approved	""	0.05806874144481148
AR	FEPRAZONE	Approved	""	0.01161374828896229
AR	ALCLOFENAC	Approved	""	0.02903437072240574
AR	CHEMBL:CHEMBL332670	Not Approved	""	0.05806874144481148
AR	VITAMIN K3	Approved	for reducing EGFR-inhibitor-induced dermatological side effects	0.002002370394648671
AR	PIPERILATE ETHOBROMIDE	Not Approved	""	0.05806874144481148
AR	HEXYLRESORCINOL	Approved	""	0.01451718536120287
AR	TRILOSTANE	Approved	Antiadrenal	0.009678123574135248
AR	(R)-BICALUTAMIDE	Not Approved	""	0.1161374828896229
AR	OUABAIN	Not Approved	Cardiotonic Agents	0.006452082382756832
AR	D(CH2)5[TYR(ME)2,THR4,TYR-NH29]OVT	Not Approved	""	0.01451718536120287
AR	CHEMBL:CHEMBL593366	Not Approved	""	0.02903437072240574
AR	DESOXYCORTICOSTERONE ACETATE	Approved	""	0.02903437072240574
AR	TRIAMTERENE	Approved	Antihypertensive Agents; Diuretics	0.003226041191378416
AR	YM 218	Not Approved	""	0.01935624714827049
AR	BUTONATE	Not Approved	""	0.05806874144481148
AR	OXADIAZON	Not Approved	""	0.02903437072240574
AR	CHLOROTHALONIL	Not Approved	""	0.004839061787067624
AR	BIOALLETHRIN S-CYCLOPENTENYL ISOMER	Not Approved	""	0.01935624714827049
AR	BIS(DIMETHYLAMINETHIOCARBONYL)MONOSULFIDE	Not Approved	""	0.007258592680601436
AR	DIFLUCORTOLONE 21-VALERATE	Not Approved	""	0.05806874144481148
AR	MYCOPHENOLATE MOFETIL	Approved	immunosuppressant	0.003629296340300718
AR	VINCRISTINE	Approved	antineoplastic agent	0.000716898042528537
AR	CHLORDIAZEPOXIDE	Approved	Hypnotics and Sedatives	0.002765178164038642
AR	IRINOTECAN HYDROCHLORIDE	Approved	antineoplastic agent	0.0009217260546795474
AR	SULFISOXAZOLE	Approved	""	0.01451718536120287
AR	BETAMETHASONE SODIUM PHOSPHATE	Approved	""	0.02903437072240574
AR	ZIRAM	Not Approved	""	0.0044668262649855
AR	DINALINE	Not Approved	""	0.01451718536120287
AR	EPITESTOSTERONE	Not Approved	""	0.05806874144481148
AR	FUDOSTEINE	Not Approved	""	0.05806874144481148
AR	SEVITERONEL	Not Approved	""	0.02903437072240574
AR	CHEMBL:CHEMBL1738936	Not Approved	""	0.1161374828896229
AR	NONYL 4-HYDROXYBENZOATE	Not Approved	""	0.05806874144481148
AR	CLOBETASOL PROPIONATE	Approved	""	0.01161374828896229
AR	CHLORFENAPYR	Not Approved	""	0.01451718536120287
AR	TOLVAPTAN	Approved	antihypertensive agent	0.01451718536120287
AR	CHLORMADINONE ACETATE	Approved	""	0.01935624714827049
AR	CHEMBL:CHEMBL168075	Not Approved	""	0.02903437072240574
AR	CANDESARTAN CILEXETIL	Approved	antihypertensive agent	0.003871249429654099
AR	AMBAZONE	Not Approved	""	0.01935624714827049
AR	AZASERINE	Not Approved	""	0.01161374828896229
AR	BENZODODECINIUM CHLORIDE	Approved	""	0.02903437072240574
AR	SALMETEROL	Approved	bronchodilator	0.01161374828896229
AR	BROMOXYNIL	Not Approved	""	0.01451718536120287
AR	ORBIFLOXACIN	Not Approved	""	0.05806874144481148
AR	LOFEPRAMINE HYDROCHLORIDE	Not Approved	""	0.05806874144481148
AR	TILNOPROFEN ARBAMEL	Not Approved	""	0.05806874144481148
AR	DULOXETINE HYDROCHLORIDE	Approved	antidepressant	0.00223341313249275
AR	ALTRENOGEST	Approved	""	0.05806874144481148
AR	FLUOXASTROBIN	Not Approved	""	0.01451718536120287
AR	TECTOQUINONE	Not Approved	""	0.02903437072240574
AR	GESTODENE	Approved	contraceptive	0.02903437072240574
AR	APC-100	Not Approved	antineoplastic agent	0.1742062243344344
AR	PARAMETHASONE ACETATE	Approved	""	0.02903437072240574
AR	DIGOXIN	Approved	Anti-Arrhythmia Agents; Cardiotonic Agents	0.001707904160141514
AR	FLUOROMETHOLONE	Approved	Anti-Inflammatory Agents; Anti-allergic agents; Glucocorticoids	0.01451718536120287
AR	TANNIC ACID	Approved	""	0.005806874144481148
AR	DANAZOL	Approved	Antineoplastic Agent,Antiendometriosis Agent	0.007258592680601436
AR	D[PEN1,TYR(ME)2]AVP	Not Approved	""	0.01935624714827049
AR	HYDRAMETHYLNON	Not Approved	""	0.01451718536120287
AR	NAFOXIDINE	Not Approved	""	0.05806874144481148
AR	AZAMETHIPHOS	Not Approved	""	0.02903437072240574
AR	FEBUXOSTAT	Approved	for treatment of gout	0.0044668262649855
AR	[PHAA1,D-TYR(ME)2,ARG6,TYR-NH29]AVP	Not Approved	""	0.01935624714827049
AR	NELIVAPTAN	Not Approved	""	0.01451718536120287
AR	CALCIFEDIOL ANHYDROUS	Approved	""	0.01451718536120287
AR	DARBUFELONE MESYLATE	Not Approved	""	0.05806874144481148
AR	PYRIDABEN	Not Approved	""	0.01451718536120287
AR	CICLESONIDE	Approved	Anti-Inflammatory Agents; Anti-allergic agents; Glucocorticoids	0.01451718536120287
AR	PYRACLOSTROBIN	Not Approved	""	0.01161374828896229
AR	LINURON	Not Approved	""	0.02903437072240574
AR	FENPYROXYMATE	Not Approved	""	0.02903437072240574
AR	DAZOMET	Not Approved	""	0.02903437072240574
AR	LVP	Not Approved	""	0.01935624714827049
AR	TRICLOCARBAN	Not Approved	""	0.008295534492115928
AR	MOMETASONE	Approved	glucocorticoid,antiinflammatory agent	0.006452082382756832
AR	METITEPINE	Not Approved	""	0.002765178164038642
AR	GIPARMEN	Not Approved	""	0.02903437072240574
AR	DICHLORVOS	Not Approved	""	0.01451718536120287
AR	OXIGLUTATIONE	Approved	""	0.02903437072240574
AR	BUTAMBEN	Approved	""	0.009678123574135248
AR	CORTODOXONE	Not Approved	""	0.02903437072240574
AR	MERADIMATE	Not Approved	""	0.02903437072240574
AR	INGLIFORIB	Not Approved	""	0.05806874144481148
AR	DVDAVP	Not Approved	""	0.01935624714827049
AR	CROMOLYN SODIUM	Approved	""	0.02903437072240574
AR	FIPRONIL	Not Approved	""	0.02903437072240574
AR	TRIBUTYLCHLOROSTANNANE	Not Approved	""	0.01451718536120287
AR	FORMESTANE	Not Approved	""	0.01451718536120287
AR	BROMOCRIPTINE	Approved	antidiabetic	0.001873185207897144
AR	PROMETHAZINE HYDROCHLORIDE	Approved	Hypnotics and Sedatives; Anti-anxiety agents; Anti-allergic Agents	0.002639488247491431
AR	HYDROXYFLUTAMIDE	Not Approved	""	0.1161374828896229
AR	TRIBROMSALAN	Approved	""	0.01451718536120287
AR	CLOFARABINE	Approved	antineoplastic agent	0.00305624954972692
AR	QUESTIOMYCIN B	Not Approved	""	0.01161374828896229
AR	PYRROLNITRIN	Not Approved	""	0.05806874144481148
AR	TESTOSTERONE	Approved	for treatment of female sexual dysfunction,hormone replacement	0.007444710441642499
AR	DEFLAZACORT	Approved	""	0.02903437072240574
AR	BROMOCRIPTINE MESYLATE	Approved	""	0.008295534492115928
AR	FLUMETHASONE PIVALATE	Approved	Anti-Inflammatory Agents; corticosteroid	0.01451718536120287
AR	DITHIAZANINE IODIDE	Not Approved	""	0.0044668262649855
AR	SORAFENIB	Approved	antineoplastic agent	0.0005049455777809695
AR	SORBIC ACID	Approved	""	0.05806874144481148
AR	4-NITROANILINE	Not Approved	""	0.05806874144481148
AR	CHEMBL:CHEMBL598270	Not Approved	""	0.01161374828896229
AR	OXABOLONE CIPIONATE	Not Approved	""	0.05806874144481148
AR	FENOFIBRATE MICRONIZED	Approved	anticholesterolaemic agent,antidyslipidaemic agent	0.00223341313249275
AR	INDOXACARB	Not Approved	""	0.05806874144481148
AR	CHEMBL:CHEMBL73380	Not Approved	""	0.02903437072240574
AR	ARTEMISININ	Approved	""	0.006452082382756832
AR	PRULIFLOXACIN	Not Approved	""	0.02903437072240574
AR	VINBLASTINE SULFATE	Approved	""	0.002903437072240574
AR	ABAMECTIN	Not Approved	""	0.01935624714827049
AR	CRUFOMATE	Not Approved	""	0.02903437072240574
AR	GESTRINONE	Not Approved	""	0.02903437072240574
AR	GLYCYRRHIZIC ACID	Approved	""	0.01451718536120287
AR	D(CH2)5[TYR(ME)2,THR4]OVT	Not Approved	""	0.01935624714827049
AR	ESTRADIOL 3-BENZOATE	Approved	""	0.01742062243344344
AR	LORATADINE	Approved	antiasthmatic agent	0.00305624954972692
AR	PYRITHIONE ZINC	Approved	""	0.003226041191378416
AR	PRIMIDONE	Approved	Anticonvulsants	0.001659106898423185
AR	BETAMETHASONE	Approved	glucocorticoid,antiinflammatory agent	0.005806874144481148
AR	DAROLUTAMIDE	Approved	""	0.05806874144481148
AR	DEXAMETHASONE	Approved	for treatment of Meniere's disease,glucocorticoid,antiinflammatory agent	0.0006831616640566058
AR	BECLOMETHASONE	Approved	glucocorticoid,antiinflammatory agent	0.004839061787067624
AR	TESTOSTERONE CYPIONATE	Approved	""	0.05806874144481148
AR	RAD-140	Not Approved	""	0.05806874144481148
AR	DOFETILIDE	Approved	Anti-Arrhythmia Agents	0.0044668262649855
AR	DICHLOFLUANID	Not Approved	""	0.05806874144481148
AR	ESTRAMUSTINE PHOSPHATE	Not Approved	""	0.02903437072240574
AR	CHEMBL:CHEMBL1946013	Not Approved	""	0.1161374828896229
AR	MIFEPRISTONE	Approved	antidepressant,antipsychotic,for lowering intraocular pressure,opthalmological agent	0.002073883623028982
AR	PERBROMOBENZENE	Not Approved	""	0.05806874144481148
AR	COLFORSIN	Not Approved	""	0.007258592680601436
AR	OXAZEPAM	Approved	Hypnotics and Sedatives	0.00223341313249275
AR	FENHEXAMID	Not Approved	""	0.02903437072240574
AR	CHEMBL:CHEMBL2059711	Not Approved	""	0.03871249429654099
AR	MORICIZINE HYDROCHLORIDE	Approved	""	0.004839061787067624
AR	ALFAXALONE	Not Approved	""	0.05806874144481148
AR	CLOBETASOL	Approved	corticosteroid,antiinflammatory agent	0.01451718536120287
AR	UNOPROSTONE ISOPROPYL	Approved	""	0.05806874144481148
AR	APRINDINE HYDROCHLORIDE	Not Approved	""	0.05806874144481148
AR	LERCANIDIPINE HYDROCHLORIDE	Approved	""	0.01161374828896229
AR	APOMORPHINE	Approved	antiparkinson agent,for treatment of erectile dysfunction,for treatment of sexual dysfunction in women	0.00215069412758561
AR	DINITRO CRESOL	Not Approved	""	0.01451718536120287
AR	DITIOCARB SODIUM	Not Approved	""	0.05806874144481148
AR	TOLONIUM CHLORIDE	Not Approved	""	0.003226041191378416
AR	LEMILDIPINE	Not Approved	""	0.05806874144481148
AR	TRIMETHYL-OCTADECYL-AMMONIUM CHLORIDE	Not Approved	""	0.05806874144481148
AR	DIMETHYLAMINOETHANOL	Not Approved	""	0.05806874144481148
AR	DL-LACTIC ACID	Approved	""	0.05806874144481148
AR	FLUACIZINE	Not Approved	""	0.02903437072240574
AR	TELITHROMYCIN	Approved	""	0.01161374828896229
AR	4'-DEMETHYLEPIPODOPHYLLOTOXIN	Not Approved	""	0.05806874144481148
AR	METHYLENE BLUE ANHYDROUS	Approved	""	0.001569425444454364
AR	CHLOROXURON	Not Approved	""	0.02903437072240574
AR	CETYLPYRIDINIUM CHLORIDE	Approved	""	0.01935624714827049
AR	ERLOTINIB	Approved	antineoplastic agent	0.001036941811514491
AR	METIPRANOLOL	Approved	Anti-Arrhythmia Agents; Antihypertensive Agents; Anti-glaucoma agent	0.01935624714827049
AR	GUGGULSTERONE	Not Approved	""	0.006452082382756832
AR	FOLPET	Not Approved	""	0.02903437072240574
AR	OXYMETHOLONE	Approved	""	0.01290416476551366
AR	PROADIFEN HYDROCHLORIDE	Not Approved	""	0.01451718536120287
AR	SIMVASTATIN	Approved	antidyslipidaemic agent,anticholesterolaemic agent,antihypertensive agent	0.001161374828896229
AR	FIPEXIDE HYDROCHLORIDE	Not Approved	""	0.01935624714827049
AR	DOCEBENONE	Not Approved	""	0.003629296340300718
AR	ANDROGEN RECEPTOR ANTISENSE OLIGONUCLEOTIDE EZN-4176	Not Approved	antineoplastic agent	0.05806874144481148
AR	EXIFONE	Approved	""	0.05806874144481148
AR	FLURANDRENOLIDE	Approved	Anti-Inflammatory Agents; Glucocorticoids	0.01935624714827049
AR	RIFAMYCIN SODIUM	Approved	""	0.05806874144481148
AR	AMLODIPINE BESYLATE	Approved	cardiovascular agent,antihypertensive agent	0.003871249429654099
AR	ANDROGEN RECEPTOR ANTAGONIST ONC1-0013B	Not Approved	""	0.05806874144481148
AR	ACETALDEHYDE	Approved	""	0.01161374828896229
AR	FLUSILAZOLE	Not Approved	""	0.02903437072240574
AR	DESOXYCORTICOSTERONE PIVALATE	Approved	anti-addison agent,Hormone Replacement Agents	0.02903437072240574
AR	MK-0773	Not Approved	""	0.1161374828896229
AR	FLUFENACET	Not Approved	""	0.02903437072240574
AR	CAFFEINE	Approved	Central Nervous System Stimulants	0.001569425444454364
AR	MEPREDNISONE	Approved	""	0.02903437072240574
AR	CLOFLUCARBAN	Not Approved	""	0.02903437072240574
AR	1,10-PHENANTHROLINE	Not Approved	""	0.002765178164038642
AR	AZINPHOS-ETHYL	Not Approved	""	0.01935624714827049
AR	ARANIDIPINE	Not Approved	""	0.05806874144481148
AR	DESOXIMETASONE	Approved	Anti-Inflammatory Agents; Glucocorticoids	0.009678123574135248
AR	CHEMBL:CHEMBL577673	Not Approved	""	0.02903437072240574
AR	CYAZOFAMID	Not Approved	""	0.02903437072240574
AR	CHLORMADINONE	Not Approved	""	0.05806874144481148
AR	TAZOBACTAM SODIUM	Approved	""	0.05806874144481148
AR	METCONAZOLE	Not Approved	""	0.05806874144481148
AR	[3H]AVP (HUMAN, MOUSE, RAT)	Not Approved	""	0.01451718536120287
AR	WARFARIN POTASSIUM	Approved	""	0.02903437072240574
AR	TETRACONAZOLE	Not Approved	""	0.05806874144481148
AR	BROTIZOLAM	Not Approved	""	0.05806874144481148
AR	MITOBRONITOL	Approved	""	0.05806874144481148
AR	EFAVIRENZ	Approved	""	0.002903437072240574
AR	ISOTRETINOIN	Approved	for treatment of acne	0.003629296340300718
AR	TANESPIMYCIN	Not Approved	antineoplastic agent	0.0044668262649855
AR	DIFENOCONAZOLE	Not Approved	""	0.01161374828896229
AR	FANETIZOLE	Not Approved	""	0.05806874144481148
AR	YM 471	Not Approved	""	0.01935624714827049
AR	GSK2881078	Not Approved	""	0.02903437072240574
AR	CHLORQUINALDOL	Approved	""	0.01451718536120287
AR	PRAZEPAM	Approved	Anti-anxiety Agents; Hypnotics and Sedatives	0.002639488247491431
AR	NITAZOXANIDE	Approved	""	0.004839061787067624
AR	CYCLOHEXIMIDE	Not Approved	""	0.000611249909945384
AR	FURFURAL	Not Approved	""	0.05806874144481148
AR	TREQUINSIN HYDROCHLORIDE	Not Approved	""	0.01161374828896229
AR	DIDECYLDIMETHYLAMMONIUM CHLORIDE	Approved	""	0.05806874144481148
AR	EMODIN	Not Approved	""	0.00223341313249275
AR	TAMSULOSIN HYDROCHLORIDE	Approved	for treatment of urinary symptoms associated with BPH,for treatment of benign prostatic hyperplasia	0.006452082382756832
AR	BITHIONOLATE SODIUM	Approved	""	0.007258592680601436
AR	CHEMBL:CHEMBL44011	Not Approved	""	0.05806874144481148
AR	ETONITAZENE	Not Approved	""	0.01451718536120287
AR	HALOPROGIN	Approved	""	0.01451718536120287
AR	DIPHENOXYLATE HYDROCHLORIDE	Approved	""	0.01935624714827049
AR	METHANDROSTENOLONE	Approved	""	0.1161374828896229
AR	ATOSIBAN	Approved	""	0.007258592680601436
AR	MYCOPHENOLATE	Approved	immunosuppressant	0.002639488247491431
AR	ANHYDROUS TACROLIMUS	Approved	immunosuppressant	0.002073883623028982
AR	BIS(PIPERIDINYLTHIOCARBONYL)DISULFIDE	Not Approved	""	0.05806874144481148
AR	ETONOGESTREL	Approved	contraceptive	0.01161374828896229
AR	BITHIONOL	Approved	""	0.002419530893533812
AR	THIOTEPA	Approved	""	0.005806874144481148
AR	SECURININE	Not Approved	""	0.05806874144481148
AR	BENFLUOREX HYDROCHLORIDE	Not Approved	""	0.01935624714827049
AR	MEDRYSONE	Approved	Topical,Anti-Inflammatory Agents	0.01451718536120287
AR	PENTACHLORONITROBENZENE	Not Approved	""	0.02903437072240574
AR	METFORMIN HYDROCHLORIDE	Approved	""	0.001036941811514491
AR	ALLISAN	Not Approved	""	0.05806874144481148
AR	PROPACHLOR	Not Approved	""	0.008295534492115928
AR	TEBUFENOZIDE	Not Approved	""	0.01935624714827049
AR	VK5211	Not Approved	""	0.05806874144481148
AR	ESCULIN	Not Approved	""	0.02903437072240574
AR	GOSSYPOL	Not Approved	""	0.003629296340300718
AR	AMI-1	Not Approved	""	0.03871249429654099
AR	ENILCONAZOLE	Not Approved	""	0.02903437072240574
AR	DESOXYCORTICOSTERONE	Not Approved	""	0.01451718536120287
AR	ISRAPAFANT	Not Approved	""	0.01935624714827049
AR	COLCHICINE	Approved	for treatment of gout	0.001116706566246375
AR	2-CHLORO-5-NITRO-N-PHENYLBENZAMIDE	Not Approved	""	0.007258592680601436
AR	MEPHOBARBITAL	Approved	Anticonvulsants; Hypnotics and Sedatives	0.004839061787067624
AR	QUININE	Approved	""	0.0044668262649855
AR	DIELDRIN	Not Approved	""	0.02903437072240574
AR	MK-2206	Not Approved	antineoplastic agent	0.009678123574135248
AR	[VAL4]AVP	Not Approved	""	0.01935624714827049
AR	STIROFOS	Not Approved	""	0.02903437072240574
AR	PK 11195	Not Approved	""	0.02903437072240574
AR	CHLOROTRIANISENE	Approved	Hormone Replacement Agents	0.01161374828896229
AR	CLOCORTOLONE	Approved	topical,Anti-Inflammatory Agents; Anti-pruritics; Corticosteroids	0.01161374828896229
AR	SPIRADOLINE	Not Approved	""	0.05806874144481148
AR	TRICHLOROMONOFLUOROMETHANE	Not Approved	""	0.05806874144481148
AR	FENDILINE HYDROCHLORIDE	Not Approved	""	0.01161374828896229
AR	CYPROTERONE ACETATE	Approved	""	0.02488660347634778
AR	PRASTERONE	Approved	hormone supplement for increasing bone mineral density in patients with systemic lupus erythematosus	0.009678123574135248
AR	CERIVASTATIN SODIUM	Approved	""	0.02903437072240574
AR	PAROXETINE HYDROCHLORIDE, HEMIHYDRATE	Approved	antidepressant	0.002322749657792459
AR	RO 40-6055	Not Approved	""	0.009678123574135248
AR	DIETHYLSTILBESTROL	Approved	Hormone Replacement Agents	0.001759658831660954
AR	THONZONIUM BROMIDE	Approved	""	0.006452082382756832
AR	PROPARGITE	Not Approved	""	0.01451718536120287
AR	DAUNORUBICIN LIPOSOMAL	Approved	antineoplastic agent	0.0006381180378550713
AR	CANRENONE	Approved	""	0.01935624714827049
AR	THIOSEMICARBAZIDE	Not Approved	""	0.02903437072240574
AR	NIHYDRAZONE	Not Approved	""	0.01935624714827049
AR	HYDROCORTISONE VALERATE	Approved	""	0.01935624714827049
AR	OXYCARBOXIN	Not Approved	""	0.01451718536120287
AR	EXEMESTANE	Approved	antineoplastic agent	0.003629296340300718
PLCG2	IBRUTINIB	Approved	antineoplastic agent	4.606217519901664
IGHE	MEDI-4212	Not Approved	""	17.40126618629517
IGHE	OMALIZUMAB	Approved	antiasthmatic agent	2.175158273286897
IGHE	LIGELIZUMAB	Not Approved	""	8.700633093147589
IGHE	AL-901	Not Approved	""	8.700633093147589
IGHE	QUILIZUMAB	Not Approved	""	17.40126618629517
IGHE	TALIZUMAB	Not Approved	""	8.700633093147589
FASN	CHEMBL:CHEMBL585030	Not Approved	""	0.4833685051748659
FASN	CERULENIN	Not Approved	""	1.933474020699463
FASN	PENTABROMOPHENOL	Not Approved	""	0.1487287708230357
FASN	CHEMBL:CHEMBL586937	Not Approved	""	0.2762105743856377
FASN	EPIGALLOCATECHIN GALLATE	Approved	""	0.1137337659234978
FASN	LORGLUMIDE SODIUM	Not Approved	""	1.933474020699463
FASN	ORLISTAT	Approved	antiobesity agent	0.2974575416460714
FASN	PRETOMANID	Approved	""	1.933474020699463
FASN	RISPERIDONE	Approved	Antipsychotic Agents,antipsychotic agent	0.05771564240893922
FASN	CHEMBL:CHEMBL604664	Not Approved	""	0.4833685051748659
FASN	SELENIUM	Approved	""	0.2274675318469957
FASN	PYROGALLOL RED	Not Approved	""	0.07733896082797855
FASN	FENTICLOR	Not Approved	""	0.1017617905631296
FASN	DENIFANSTAT	Not Approved	""	3.866948041398927
FASN	CHEMBL:CHEMBL578883	Not Approved	""	1.933474020699463
FASN	CHEMBL:CHEMBL1255647	Not Approved	""	0.6444913402331547
FASN	CLOZAPINE	Approved	Antipsychotic Agents	0.03986544372576214
FASN	GSK2194069	Not Approved	""	1.933474020699463
FASN	ANTINEOPLASTIC AGENT	Not Approved	""	0.2762105743856377
FASN	ADRIAMYCIN	Not Approved	""	0.2035235811262593
FASN	CHEMBL:CHEMBL577862	Not Approved	""	1.933474020699463
FASN	GT 389-255	Not Approved	antiobesity agent	0.6444913402331547
FASN	CHEMBL:CHEMBL523200	Not Approved	""	0.1137337659234978
FASN	PACLITAXEL	Approved	for treatment of peripheral arterial disease (PAD),DMARD,antiinflammatory agent,antineoplastic agent	0.03515407310362662
FASN	LIOTHYRONINE	Approved	Hormone Replacement Agents	0.1171802436787553
FASN	HEXACHLOROPHENE	Approved	""	0.04715790294388936
FASN	DNQX	Not Approved	""	0.3866948041398927
DKK1	IRINOTECAN HYDROCHLORIDE	Approved	antineoplastic agent	0.09207019146187924
DKK1	DKN-01	Not Approved	""	5.800422062098392
DKK1	PROTEASOME INHIBITOR	Not Approved	""	0.5800422062098393
DKK1	LEVOLEUCOVORIN	Approved	""	5.800422062098392
DKK1	OXALIPLATIN	Approved	""	0.1526426858446945
DKK1	BHQ-880	Not Approved	""	11.60084412419678
DKK1	THERAPEUTIC ANDROSTANOLONE	Not Approved	""	0.6105707433787781
DKK1	FLUOROURACIL	Approved	""	0.05000363846636545
DKK1	ALENDRONATE SODIUM	Approved	Bisphosphonates	0.9667370103497321
CYP1B1	CHEMBL:CHEMBL1412489	Not Approved	""	0.3954833224157995
CYP1B1	2,3',4,5'-TETRAMETHOXYSTILBENE	Not Approved	""	1.581933289663198
CYP1B1	MEDROXYPROGESTERONE	Approved	""	0.4519809399037708
CYP1B1	ADJUVANT	Not Approved	""	0.2109244386217597
CYP1B1	CHRYSIN	Approved	""	0.2259904699518854
CYP1B1	FORMESTANE	Not Approved	""	0.790966644831599
CYP1B1	FADROZOLE	Not Approved	""	0.3954833224157995
CYP1B1	ISOPROPYL ALCOHOL	Approved	""	1.054622193108798
CYP1B1	2'H,4H-[2,5'-BICHROMEN]-4-ONE	Not Approved	""	3.163866579326396
CYP1B1	CODEINE ANHYDROUS	Approved	Opioid; Antitussive Agents,Analgesics	0.2636555482771996
CYP1B1	ACACETIN	Not Approved	""	0.2109244386217597
CYP1B1	ZYC300	Not Approved	antineoplastic agent	1.581933289663198
CYP1B1	RISPERIDONE	Approved	Antipsychotic Agents,antipsychotic agent	0.04722188924367755
CYP1B1	CYCLOPHOSPHAMIDE ANHYDROUS	Approved	""	0.07812016245250361
CYP1B1	LETROZOLE	Approved	antineoplastic agent	0.1757703655181331
CYP1B1	RIFAMPIN	Approved	""	0.1129952349759427
CYP1B1	PINOCEMBRIN	Not Approved	""	1.581933289663198
CYP1B1	2'H,4H-[2,8'-BICHROMEN]-4-ONE	Not Approved	""	3.163866579326396
CYP1B1	TOREMIFENE	Approved	SERM,antineoplastic agent	0.2433743522558766
CYP1B1	CHRYSIN	Not Approved	""	0.790966644831599
CYP1B1	BETA-NAPHTHOFLAVONE	Not Approved	""	1.054622193108798
CYP1B1	ALPHA-NAPHTHOFLAVONE	Not Approved	""	0.4519809399037708
CYP1B1	CHEMBL:CHEMBL2347759	Not Approved	""	3.163866579326396
CYP1B1	TRAMADOL	Approved	analgesic	0.1318277741385998
CYP1B1	AMINOGLUTETHIMIDE	Approved	Antineoplastic agents	0.3954833224157995
CYP1B1	EXEMESTANE	Approved	antineoplastic agent	0.1977416612078997
CYP1B1	DOXORUBICIN HYDROCHLORIDE	Approved	antineoplastic agent	0.02137747688734051
CYP1B1	AMODIAQUINE	Not Approved	""	0.3954833224157995
CYP1B1	5H3'FPE	Not Approved	""	0.5273110965543993
CYP1B1	FLUOROURACIL	Approved	""	0.04091206783611718
CYP1B1	SPIRONOLACTONE	Approved	antihypertensive agent	0.1977416612078997
CYP1B1	ANASTROZOLE	Approved	antineoplastic agent	0.2433743522558766
CYP1B1	NARINGENIN	Not Approved	""	0.2259904699518854
HDAC4	URSOLIC ACID	Not Approved	""	0.1933474020699464
HDAC4	RESMINOSTAT	Not Approved	antineoplastic agent	0.07733896082797856
HDAC4	CHEMBL:CHEMBL117487	Not Approved	""	0.2109244386217597
HDAC4	VALPROIC ACID	Approved	Anticonvulsants,for treatment of basal cell carcinoma,anticonvulsant	0.1017617905631297
HDAC4	GIVINOSTAT	Approved	antiinflammatory agent,antineoplastic agent	0.1933474020699464
HDAC4	APICIDIN	Not Approved	""	0.2320168824839357
HDAC4	SN-38	Not Approved	""	0.1933474020699464
HDAC4	TASQUINIMOD	Not Approved	""	0.5800422062098392
HDAC4	MARTINOSTAT	Not Approved	""	0.1933474020699464
HDAC4	ENTINOSTAT	Not Approved	antineoplastic agent	0.2762105743856377
HDAC4	ROMIDEPSIN	Approved	antineoplastic agent	0.1242947584735369
HDAC4	CHEMBL:CHEMBL1650245	Not Approved	""	0.2109244386217597
HDAC4	4-PHENYLBUTYRIC ACID	Approved	""	0.1740126618629517
HDAC4	SANTACRUZAMATE A	Not Approved	""	0.3866948041398928
HDAC4	PHENYLBUTYRYLHYDROXAMIC ACID	Not Approved	""	0.2109244386217597
HDAC4	CHEMBL:CHEMBL324053	Not Approved	""	0.2109244386217597
HDAC4	SCRIPTAID	Not Approved	""	0.1933474020699464
HDAC4	SUBEROHYDROXAMIC ACID	Not Approved	""	0.2109244386217597
HDAC4	BUTYRYLHYDROXAMIC ACID	Not Approved	""	0.2109244386217597
HDAC4	TEMOZOLOMIDE	Approved	""	0.05524211487712754
HDAC4	DACINOSTAT	Not Approved	""	0.2442282973515112
HDAC4	KA1010	Not Approved	""	0.1054622193108798
HDAC4	AR-42	Not Approved	antineoplastic agent	0.1054622193108798
HDAC4	LARGAZOLE	Not Approved	""	0.1600116430923694
HDAC4	PANOBINOSTAT	Approved	antineoplastic agent	0.1087579136643448
HDAC4	DAUNORUBICIN LIPOSOMAL	Approved	antineoplastic agent	0.0254963607125204
HDAC4	TMP269	Not Approved	""	0.2900211031049196
HDAC4	CUDC-101	Not Approved	antineoplastic agent	0.1657263446313826
HDAC4	CUDC-101	Not Approved	""	0.0966737010349732
HDAC4	PIVALOYLOXYMETHYLBUTYRATE	Not Approved	""	0.1450105515524598
HDAC4	FIMEPINOSTAT	Not Approved	""	0.04461863124691071
HDAC4	ABEXINOSTAT	Not Approved	antineoplastic agent	0.1784745249876428
HDAC4	SCRIPTAID	Not Approved	""	0.1288982680466309
HDAC4	PSAMMAPLIN A	Not Approved	""	0.1784745249876428
HDAC4	SPIRUCHOSTATIN C	Not Approved	""	0.7733896082797856
HDAC4	MOCETINOSTAT	Not Approved	antineoplastic agent	0.2900211031049196
HDAC4	PRACINOSTAT	Not Approved	antineoplastic agent	0.07733896082797856
HDAC4	VORINOSTAT	Approved	antineoplastic agent	0.2278737238681511
HDAC4	BUTYRIC ACID	Not Approved	""	0.08000582154618471
HDAC4	TRICHOSTATIN A	Not Approved	""	0.2577965360932618
HDAC4	PANOBINOSTAT LACTATE	Approved	""	0.1054622193108798
HDAC4	BELINOSTAT	Approved	antineoplastic agent	0.3163866579326396
HDAC4	HINOKITIOL	Not Approved	""	0.07733896082797856
HDAC4	QUISINOSTAT	Not Approved	""	0.1581933289663198
HDAC4	TACEDINALINE	Not Approved	""	0.2485895169470739
TLR3	POLY ICLC	Not Approved	""	5.220379855888553
TLR3	POLY(I:C)	Not Approved	""	5.220379855888553
TLR3	BEVASIRANIB	Not Approved	for treatment of wet age-related macular degeneration	2.610189927944276
TLR3	ASPIRIN	Approved	NSAID	0.1173119068739
TLR3	RINTATOLIMOD	Not Approved	""	10.4407597117771
TLR3	IL-4	Not Approved	""	1.491537101682444
TLR3	IL-13	Not Approved	""	2.610189927944276
TLR3	MEASLES VACCINE	Not Approved	""	2.610189927944276
TLR3	BEVASIRANIB SODIUM	Not Approved	""	5.220379855888553
TLR3	HYDROXYCHLOROQUINE	Approved	antirheumatic agent	0.5800422062098392
HMOX1	SELENIUM	Approved	""	0.6824025955409874
HMOX1	STANNSOPORFIN	Not Approved	for prevention of hyperbilirubinemia	5.800422062098392
HMOX1	ASPIRIN	Approved	NSAID	0.1303465631932223
HMOX1	VITAMIN D	Approved	""	0.8923726249382143
HMOX1	RECOMBINANT NEUROTROPHIC FACTOR	Not Approved	""	2.320168824839357
HMOX1	SUNITINIB	Approved	antineoplastic agent	0.1208421262937165
HMOX1	SORAFENIB	Approved	antineoplastic agent	0.05043845271389907
HMOX1	THERAPEUTIC HORMONE	Not Approved	""	0.2636555482771996
HMOX1	ZINC CHLORIDE	Approved	""	2.320168824839357
GDF2	CITARINOSTAT	Not Approved	""	0.241684252587433
GDF2	VALPROIC ACID	Approved	Anticonvulsants,for treatment of basal cell carcinoma,anticonvulsant	0.02544044764078242
GDF2	PANOBINOSTAT	Approved	antineoplastic agent	0.04531579736014369
GDF2	RESMINOSTAT	Not Approved	antineoplastic agent	0.09667370103497322
GDF2	QUISINOSTAT	Not Approved	""	0.06591388706929992
GDF2	PRACINOSTAT	Not Approved	antineoplastic agent	0.09667370103497322
GDF2	TUBASTATIN A	Not Approved	""	0.241684252587433
GDF2	ROMIDEPSIN	Approved	antineoplastic agent	0.05178948269730708
GDF2	NEXTURASTAT A	Not Approved	""	0.725052757762299
GDF2	SS-208	Not Approved	""	0.241684252587433
GDF2	DALANTERCEPT	Not Approved	antiangiogenic agent,antineoplastic agent	1.087579136643448
GDF2	BML-281	Not Approved	""	0.241684252587433
GDF2	BUTYRIC ACID	Not Approved	""	0.05000363846636545
GDF2	BELINOSTAT	Approved	antineoplastic agent	0.06591388706929992
GDF2	TUCIDINOSTAT	Not Approved	""	1.450105515524598
GDF2	CUDC-101	Not Approved	""	0.1208421262937165
GDF2	VORINOSTAT	Approved	antineoplastic agent	0.02589474134865354
GDF2	SCRIPTAID	Not Approved	""	0.1611228350582886
GDF2	TRICHOSTATIN A	Not Approved	""	0.05370761168609623
GDF2	TACEDINALINE	Not Approved	""	0.1035789653946141
GDF2	ABEXINOSTAT	Not Approved	antineoplastic agent	0.1115465781172767
GDF2	GIVINOSTAT	Approved	antiinflammatory agent,antineoplastic agent	0.08056141752914434
GDF2	MARTINOSTAT	Not Approved	""	0.241684252587433
GDF2	ENTINOSTAT	Not Approved	antineoplastic agent	0.06905264359640943
GDF2	SUPRASTAT	Not Approved	""	0.2900211031049196
GDF2	J27644	Not Approved	""	0.483368505174866
GDF2	MOCETINOSTAT	Not Approved	antineoplastic agent	0.09063159472028738
GDF2	APICIDIN	Not Approved	""	0.09667370103497322
GDF2	RGFP109	Not Approved	for treatment of Friedrich's ataxia	0.483368505174866
GDF2	DACINOSTAT	Not Approved	""	0.07632134292234727
GDF2	FIMEPINOSTAT	Not Approved	""	0.05577328905863839
GDF2	ACY-738	Not Approved	""	0.3625263788811495
GDF2	KA1010	Not Approved	""	0.1318277741385998
GDF2	CHR-3996	Not Approved	""	0.1611228350582886
GDF2	RICOLINOSTAT	Not Approved	antineoplastic agent	0.2071579307892283
GDF2	COMPOUND 25AP [PMID: 37796543]	Not Approved	""	0.1611228350582886
