node_id;label;type;degree
@DISEASE_Neoplasms;@DISEASE_Neoplasms;disease;4464.0
@DISEASE_Inflammation;@DISEASE_Inflammation;disease;3612.0
@DISEASE_Carcinoma_Hepatocellular;@DISEASE_Carcinoma_Hepatocellular;disease;1699.0
@DISEASE_Colorectal_Neoplasms;@DISEASE_Colorectal_Neoplasms;disease;1223.0
@DISEASE_Breast_Neoplasms;@DISEASE_Breast_Neoplasms;disease;1143.0
@DISEASE_Fibrosis;@DISEASE_Fibrosis;disease;1070.0
@DISEASE_Carcinoma_Renal_Cell;@DISEASE_Carcinoma_Renal_Cell;disease;1054.0
@DISEASE_Neoplasm_Metastasis;@DISEASE_Neoplasm_Metastasis;disease;975.0
@DISEASE_Glioma;@DISEASE_Glioma;disease;893.0
@DISEASE_Diabetes_Mellitus;@DISEASE_Diabetes_Mellitus;disease;875.0
@DISEASE_Cholangiocarcinoma;@DISEASE_Cholangiocarcinoma;disease;855.0
@DISEASE_Glioblastoma;@DISEASE_Glioblastoma;disease;851.0
@DISEASE_Liver_Failure;@DISEASE_Liver_Failure;disease;806.0
@DISEASE_Infections;@DISEASE_Infections;disease;803.0
@DISEASE_Kidney_Diseases;@DISEASE_Kidney_Diseases;disease;800.0
@DISEASE_Arthritis_Rheumatoid;@DISEASE_Arthritis_Rheumatoid;disease;778.0
@DISEASE_Endometrial_Neoplasms;@DISEASE_Endometrial_Neoplasms;disease;742.0
@DISEASE_Obesity;@DISEASE_Obesity;disease;720.0
@DISEASE_Alzheimer_Disease;@DISEASE_Alzheimer_Disease;disease;714.0
@DISEASE_Fatty_Liver;@DISEASE_Fatty_Liver;disease;713.0
@DISEASE_Mitochondrial_Diseases;@DISEASE_Mitochondrial_Diseases;disease;689.0
@DISEASE_Chemical_and_Drug_Induced_Liver_Injury;@DISEASE_Chemical_and_Drug_Induced_Liver_Injury;disease;681.0
@DISEASE_Osteoarthritis;@DISEASE_Osteoarthritis;disease;677.0
@DISEASE_Liver_Diseases;@DISEASE_Liver_Diseases;disease;626.0
@DISEASE_Diabetes_Mellitus_Type_2;@DISEASE_Diabetes_Mellitus_Type_2;disease;603.0
@DISEASE_Thyroid_Cancer_Papillary;@DISEASE_Thyroid_Cancer_Papillary;disease;592.0
@DISEASE_Osteoporosis;@DISEASE_Osteoporosis;disease;578.0
@DISEASE_Depressive_Disorder;@DISEASE_Depressive_Disorder;disease;577.0
@DISEASE_Bone_Diseases;@DISEASE_Bone_Diseases;disease;560.0
@DISEASE_Carcinogenesis;@DISEASE_Carcinogenesis;disease;560.0
@DISEASE_Stomach_Neoplasms;@DISEASE_Stomach_Neoplasms;disease;555.0
@DISEASE_Lung_Neoplasms;@DISEASE_Lung_Neoplasms;disease;539.0
@DISEASE_Parkinson_Disease;@DISEASE_Parkinson_Disease;disease;535.0
@DISEASE_Hypoxia;@DISEASE_Hypoxia;disease;529.0
@DISEASE_Melanoma;@DISEASE_Melanoma;disease;518.0
@DISEASE_Cognition_Disorders;@DISEASE_Cognition_Disorders;disease;515.0
@DISEASE_Renal_Insufficiency_Chronic;@DISEASE_Renal_Insufficiency_Chronic;disease;510.0
@DISEASE_Non_alcoholic_Fatty_Liver_Disease;@DISEASE_Non_alcoholic_Fatty_Liver_Disease;disease;506.0
@DISEASE_Metabolic_Diseases;@DISEASE_Metabolic_Diseases;disease;503.0
@DISEASE_Acute_Kidney_Injury;@DISEASE_Acute_Kidney_Injury;disease;497.0
@DISEASE_Pulmonary_Fibrosis;@DISEASE_Pulmonary_Fibrosis;disease;490.0
@DISEASE_Cardiovascular_Diseases;@DISEASE_Cardiovascular_Diseases;disease;487.0
@DISEASE_Liver_Cirrhosis;@DISEASE_Liver_Cirrhosis;disease;477.0
@DISEASE_Neurodegenerative_Diseases;@DISEASE_Neurodegenerative_Diseases;disease;465.0
@DISEASE_Colitis_Ulcerative;@DISEASE_Colitis_Ulcerative;disease;455.0
@DISEASE_Neuroinflammatory_Diseases;@DISEASE_Neuroinflammatory_Diseases;disease;444.0
@DISEASE_Prostatic_Neoplasms;@DISEASE_Prostatic_Neoplasms;disease;443.0
@DISEASE_Ovarian_Neoplasms;@DISEASE_Ovarian_Neoplasms;disease;441.0
@DISEASE_Colitis;@DISEASE_Colitis;disease;427.0
@DISEASE_Heart_Diseases;@DISEASE_Heart_Diseases;disease;424.0
@DISEASE_Nerve_Degeneration;@DISEASE_Nerve_Degeneration;disease;424.0
@DISEASE_Spondylitis_Ankylosing;@DISEASE_Spondylitis_Ankylosing;disease;424.0
@DISEASE_Hypertension;@DISEASE_Hypertension;disease;420.0
@DISEASE_Carcinoma_Non_Small_Cell_Lung;@DISEASE_Carcinoma_Non_Small_Cell_Lung;disease;419.0
@DISEASE_Neurotoxicity_Syndromes;@DISEASE_Neurotoxicity_Syndromes;disease;417.0
@DISEASE_Squamous_Cell_Carcinoma_of_Head_and_Neck;@DISEASE_Squamous_Cell_Carcinoma_of_Head_and_Neck;disease;398.0
@DISEASE_Adenocarcinoma_of_Lung;@DISEASE_Adenocarcinoma_of_Lung;disease;394.0
@DISEASE_Vitiligo;@DISEASE_Vitiligo;disease;386.0
@DISEASE_Atherosclerosis;@DISEASE_Atherosclerosis;disease;378.0
@DISEASE_Heart_Failure;@DISEASE_Heart_Failure;disease;373.0
@DISEASE_Skin_Diseases;@DISEASE_Skin_Diseases;disease;368.0
@DISEASE_Triple_Negative_Breast_Neoplasms;@DISEASE_Triple_Negative_Breast_Neoplasms;disease;365.0
@DISEASE_Idiopathic_Pulmonary_Fibrosis;@DISEASE_Idiopathic_Pulmonary_Fibrosis;disease;351.0
@DISEASE_Polycystic_Ovary_Syndrome;@DISEASE_Polycystic_Ovary_Syndrome;disease;349.0
@DISEASE_Reperfusion_Injury;@DISEASE_Reperfusion_Injury;disease;345.0
@DISEASE_Diabetic_Nephropathies;@DISEASE_Diabetic_Nephropathies;disease;344.0
@DISEASE_Pancreatic_Neoplasms;@DISEASE_Pancreatic_Neoplasms;disease;341.0
@DISEASE_Cataract;@DISEASE_Cataract;disease;340.0
@DISEASE_Insulin_Resistance;@DISEASE_Insulin_Resistance;disease;339.0
@DISEASE_Sepsis;@DISEASE_Sepsis;disease;330.0
@DISEASE_Adenocarcinoma;@DISEASE_Adenocarcinoma;disease;320.0
@DISEASE_Thyroid_Neoplasms;@DISEASE_Thyroid_Neoplasms;disease;318.0
@DISEASE_Psoriasis;@DISEASE_Psoriasis;disease;314.0
@DISEASE_Neurologic_Manifestations;@DISEASE_Neurologic_Manifestations;disease;313.0
@DISEASE_Lung_Diseases;@DISEASE_Lung_Diseases;disease;292.0
@DISEASE_Lung_Diseases_Interstitial;@DISEASE_Lung_Diseases_Interstitial;disease;291.0
@DISEASE_Inflammatory_Bowel_Diseases;@DISEASE_Inflammatory_Bowel_Diseases;disease;290.0
@DISEASE_Edema;@DISEASE_Edema;disease;288.0
@DISEASE_Mental_Disorders;@DISEASE_Mental_Disorders;disease;288.0
@DISEASE_Leukemia_Myeloid_Acute;@DISEASE_Leukemia_Myeloid_Acute;disease;285.0
@DISEASE_Osteosarcoma;@DISEASE_Osteosarcoma;disease;280.0
@DISEASE_Weight_Loss;@DISEASE_Weight_Loss;disease;278.0
@DISEASE_Myocardial_Infarction;@DISEASE_Myocardial_Infarction;disease;273.0
@DISEASE_Cerebral_Infarction;@DISEASE_Cerebral_Infarction;disease;271.0
@DISEASE_Arthritis;@DISEASE_Arthritis;disease;266.0
@DISEASE_Pneumonia;@DISEASE_Pneumonia;disease;262.0
@DISEASE_Asthma;@DISEASE_Asthma;disease;260.0
@DISEASE_Ischemia;@DISEASE_Ischemia;disease;259.0
@DISEASE_Hyperuricemia;@DISEASE_Hyperuricemia;disease;258.0
@DISEASE_Seizures;@DISEASE_Seizures;disease;257.0
@DISEASE_Uterine_Cervical_Neoplasms;@DISEASE_Uterine_Cervical_Neoplasms;disease;257.0
@DISEASE_Lymphoma_Non_Hodgkin;@DISEASE_Lymphoma_Non_Hodgkin;disease;255.0
@DISEASE_Atrial_Fibrillation;@DISEASE_Atrial_Fibrillation;disease;254.0
@DISEASE_Precancerous_Conditions;@DISEASE_Precancerous_Conditions;disease;254.0
@DISEASE_Urinary_Bladder_Neoplasms;@DISEASE_Urinary_Bladder_Neoplasms;disease;252.0
@DISEASE_Diabetes_Mellitus_Type_1;@DISEASE_Diabetes_Mellitus_Type_1;disease;247.0
@DISEASE_Drug_Hypersensitivity;@DISEASE_Drug_Hypersensitivity;disease;246.0
@DISEASE_Azoospermia;@DISEASE_Azoospermia;disease;244.0
@DISEASE_Kidney_Calculi;@DISEASE_Kidney_Calculi;disease;242.0
@DISEASE_Liver_Failure_Acute;@DISEASE_Liver_Failure_Acute;disease;242.0
@DISEASE_Necrosis;@DISEASE_Necrosis;disease;241.0
@DISEASE_Schizophrenia;@DISEASE_Schizophrenia;disease;241.0
@DISEASE_Multiple_Sclerosis;@DISEASE_Multiple_Sclerosis;disease;240.0
@DISEASE_Periodontitis;@DISEASE_Periodontitis;disease;233.0
@DISEASE_Metabolic_Syndrome;@DISEASE_Metabolic_Syndrome;disease;231.0
@DISEASE_Stroke;@DISEASE_Stroke;disease;229.0
@DISEASE_Leukemia;@DISEASE_Leukemia;disease;227.0
@DISEASE_Cardiomyopathies;@DISEASE_Cardiomyopathies;disease;226.0
@DISEASE_Pulmonary_Disease_Chronic_Obstructive;@DISEASE_Pulmonary_Disease_Chronic_Obstructive;disease;226.0
@DISEASE_Hyperglycemia;@DISEASE_Hyperglycemia;disease;213.0
@DISEASE_Immunologic_Deficiency_Syndromes;@DISEASE_Immunologic_Deficiency_Syndromes;disease;213.0
@DISEASE_Cartilage_Diseases;@DISEASE_Cartilage_Diseases;disease;212.0
@DISEASE_Intestinal_Diseases;@DISEASE_Intestinal_Diseases;disease;212.0
@DISEASE_Brain_Ischemia;@DISEASE_Brain_Ischemia;disease;211.0
@DISEASE_Hemorrhage;@DISEASE_Hemorrhage;disease;207.0
@DISEASE_Lymphatic_Metastasis;@DISEASE_Lymphatic_Metastasis;disease;207.0
@DISEASE_Multiple_Myeloma;@DISEASE_Multiple_Myeloma;disease;207.0
@DISEASE_Neuralgia;@DISEASE_Neuralgia;disease;206.0
@DISEASE_Hypoxia_Brain;@DISEASE_Hypoxia_Brain;disease;204.0
@DISEASE_Lung_Injury;@DISEASE_Lung_Injury;disease;203.0
@DISEASE_Fractures_Bone;@DISEASE_Fractures_Bone;disease;202.0
@DISEASE_Carcinoma_Pancreatic_Ductal;@DISEASE_Carcinoma_Pancreatic_Ductal;disease;197.0
@DISEASE_Nervous_System_Diseases;@DISEASE_Nervous_System_Diseases;disease;196.0
@DISEASE_Arthritis_Psoriatic;@DISEASE_Arthritis_Psoriatic;disease;195.0
@DISEASE_Renal_Insufficiency;@DISEASE_Renal_Insufficiency;disease;195.0
@DISEASE_Carcinoma_Squamous_Cell;@DISEASE_Carcinoma_Squamous_Cell;disease;194.0
@DISEASE_Pigmentation_Disorders;@DISEASE_Pigmentation_Disorders;disease;192.0
@DISEASE_Kidney_Neoplasms;@DISEASE_Kidney_Neoplasms;disease;191.0
@DISEASE_Spinal_Cord_Injuries;@DISEASE_Spinal_Cord_Injuries;disease;191.0
@DISEASE_Brain_Diseases;@DISEASE_Brain_Diseases;disease;190.0
@DISEASE_Gastrointestinal_Diseases;@DISEASE_Gastrointestinal_Diseases;disease;189.0
@DISEASE_Memory_Disorders;@DISEASE_Memory_Disorders;disease;189.0
@DISEASE_Bacterial_Infections;@DISEASE_Bacterial_Infections;disease;188.0
@DISEASE_Dermatitis_Atopic;@DISEASE_Dermatitis_Atopic;disease;185.0
@DISEASE_Reproductive_Tract_Infections;@DISEASE_Reproductive_Tract_Infections;disease;184.0
@DISEASE_Persistent_Infection;@DISEASE_Persistent_Infection;disease;182.0
@DISEASE_Intervertebral_Disc_Degeneration;@DISEASE_Intervertebral_Disc_Degeneration;disease;181.0
@DISEASE_Epilepsy;@DISEASE_Epilepsy;disease;179.0
@DISEASE_Lupus_Erythematosus_Systemic;@DISEASE_Lupus_Erythematosus_Systemic;disease;175.0
@DISEASE_Autism_Spectrum_Disorder;@DISEASE_Autism_Spectrum_Disorder;disease;173.0
@DISEASE_Peripheral_Nervous_System_Diseases;@DISEASE_Peripheral_Nervous_System_Diseases;disease;173.0
@DISEASE_Esophageal_Neoplasms;@DISEASE_Esophageal_Neoplasms;disease;172.0
@DISEASE_Rectal_Neoplasms;@DISEASE_Rectal_Neoplasms;disease;172.0
@DISEASE_Bone_Resorption;@DISEASE_Bone_Resorption;disease;166.0
@DISEASE_Brain_Injuries;@DISEASE_Brain_Injuries;disease;166.0
@DISEASE_Hyperpigmentation;@DISEASE_Hyperpigmentation;disease;165.0
@DISEASE_Neuroblastoma;@DISEASE_Neuroblastoma;disease;164.0
@DISEASE_Pancreatitis;@DISEASE_Pancreatitis;disease;163.0
@DISEASE_Brain_Injuries_Traumatic;@DISEASE_Brain_Injuries_Traumatic;disease;161.0
@DISEASE_Pre_Eclampsia;@DISEASE_Pre_Eclampsia;disease;161.0
@DISEASE_Sarcoma_Kaposi;@DISEASE_Sarcoma_Kaposi;disease;160.0
@DISEASE_Thrombosis;@DISEASE_Thrombosis;disease;160.0
@DISEASE_Cardiotoxicity;@DISEASE_Cardiotoxicity;disease;159.0
@DISEASE_Osteoarthritis_Knee;@DISEASE_Osteoarthritis_Knee;disease;158.0
@DISEASE_Arrhythmias_Cardiac;@DISEASE_Arrhythmias_Cardiac;disease;156.0
@DISEASE_Crohn_Disease;@DISEASE_Crohn_Disease;disease;154.0
@DISEASE_Cognitive_Dysfunction;@DISEASE_Cognitive_Dysfunction;disease;150.0
@DISEASE_Hyperalgesia;@DISEASE_Hyperalgesia;disease;150.0
@DISEASE_Coronary_Artery_Disease;@DISEASE_Coronary_Artery_Disease;disease;147.0
@DISEASE_Opisthorchiasis;@DISEASE_Opisthorchiasis;disease;147.0
@DISEASE_Pulmonary_Arterial_Hypertension;@DISEASE_Pulmonary_Arterial_Hypertension;disease;147.0
@DISEASE_Brain_Neoplasms;@DISEASE_Brain_Neoplasms;disease;146.0
@DISEASE_Diabetic_Retinopathy;@DISEASE_Diabetic_Retinopathy;disease;146.0
@DISEASE_Anemia;@DISEASE_Anemia;disease;144.0
@DISEASE_Vascular_Diseases;@DISEASE_Vascular_Diseases;disease;144.0
@DISEASE_Diabetes_Gestational;@DISEASE_Diabetes_Gestational;disease;143.0
@DISEASE_Dyslipidemias;@DISEASE_Dyslipidemias;disease;141.0
@DISEASE_Hypertrophy;@DISEASE_Hypertrophy;disease;141.0
@DISEASE_Multiple_Organ_Failure;@DISEASE_Multiple_Organ_Failure;disease;141.0
@DISEASE_Esophageal_Squamous_Cell_Carcinoma;@DISEASE_Esophageal_Squamous_Cell_Carcinoma;disease;140.0
@DISEASE_Lymphoma;@DISEASE_Lymphoma;disease;139.0
@DISEASE_Acute_Lung_Injury;@DISEASE_Acute_Lung_Injury;disease;137.0
@DISEASE_Muscular_Atrophy;@DISEASE_Muscular_Atrophy;disease;137.0
@DISEASE_Osteoporotic_Fractures;@DISEASE_Osteoporotic_Fractures;disease;137.0
@DISEASE_Ventricular_Fibrillation;@DISEASE_Ventricular_Fibrillation;disease;137.0
@DISEASE_Sarcopenia;@DISEASE_Sarcopenia;disease;136.0
@DISEASE_Lead_Poisoning_Nervous_System;@DISEASE_Lead_Poisoning_Nervous_System;disease;135.0
@DISEASE_Kidney_Failure_Chronic;@DISEASE_Kidney_Failure_Chronic;disease;132.0
@DISEASE_Hereditary_Sensory_and_Autonomic_Neuropathies;@DISEASE_Hereditary_Sensory_and_Autonomic_Neuropathies;disease;131.0
@DISEASE_Respiratory_Distress_Syndrome;@DISEASE_Respiratory_Distress_Syndrome;disease;131.0
@DISEASE_Barrett_Esophagus;@DISEASE_Barrett_Esophagus;disease;130.0
@DISEASE_Melanosis;@DISEASE_Melanosis;disease;129.0
@DISEASE_Bone_Diseases_Metabolic;@DISEASE_Bone_Diseases_Metabolic;disease;128.0
@DISEASE_Carcinoma_Basal_Cell;@DISEASE_Carcinoma_Basal_Cell;disease;128.0
@DISEASE_Hypothyroidism;@DISEASE_Hypothyroidism;disease;128.0
@DISEASE_Sjogren's_Syndrome;@DISEASE_Sjogren's_Syndrome;disease;127.0
@DISEASE_Cardiomyopathy_Dilated;@DISEASE_Cardiomyopathy_Dilated;disease;125.0
@DISEASE_Developmental_Disabilities;@DISEASE_Developmental_Disabilities;disease;125.0
@DISEASE_Colonic_Neoplasms;@DISEASE_Colonic_Neoplasms;disease;124.0
@DISEASE_Muscular_Diseases;@DISEASE_Muscular_Diseases;disease;123.0
@DISEASE_Scleroderma_Systemic;@DISEASE_Scleroderma_Systemic;disease;122.0
@DISEASE_Calcinosis;@DISEASE_Calcinosis;disease;121.0
@DISEASE_Hyperlipidemias;@DISEASE_Hyperlipidemias;disease;121.0
@DISEASE_Muscle_Weakness;@DISEASE_Muscle_Weakness;disease;121.0
@DISEASE_Amyotrophic_Lateral_Sclerosis;@DISEASE_Amyotrophic_Lateral_Sclerosis;disease;118.0
@DISEASE_Exanthema;@DISEASE_Exanthema;disease;118.0
@DISEASE_Soft_Tissue_Injuries;@DISEASE_Soft_Tissue_Injuries;disease;118.0
@DISEASE_Worster_Drought_syndrome;@DISEASE_Worster_Drought_syndrome;disease;118.0
@DISEASE_AA_amyloidosis;@DISEASE_AA_amyloidosis;disease;117.0
@DISEASE_Cleft_Palate;@DISEASE_Cleft_Palate;disease;117.0
@DISEASE_Cough;@DISEASE_Cough;disease;117.0
@DISEASE_Dysbiosis;@DISEASE_Dysbiosis;disease;117.0
@DISEASE_Macular_Degeneration;@DISEASE_Macular_Degeneration;disease;117.0
@DISEASE_Lymphoma_Large_B_Cell_Diffuse;@DISEASE_Lymphoma_Large_B_Cell_Diffuse;disease;116.0
@DISEASE_Idiopathic_Noncirrhotic_Portal_Hypertension;@DISEASE_Idiopathic_Noncirrhotic_Portal_Hypertension;disease;115.0
@DISEASE_Myocardial_Ischemia;@DISEASE_Myocardial_Ischemia;disease;115.0
@DISEASE_Hyperplasia;@DISEASE_Hyperplasia;disease;114.0
@DISEASE_Medulloblastoma;@DISEASE_Medulloblastoma;disease;114.0
@DISEASE_Hypotension;@DISEASE_Hypotension;disease;113.0
@DISEASE_Infarction;@DISEASE_Infarction;disease;113.0
@DISEASE_Severe_Acute_Respiratory_Syndrome;@DISEASE_Severe_Acute_Respiratory_Syndrome;disease;112.0
@DISEASE_Cholestasis;@DISEASE_Cholestasis;disease;110.0
@DISEASE_Hearing_Loss;@DISEASE_Hearing_Loss;disease;110.0
@DISEASE_Tyrosinemias;@DISEASE_Tyrosinemias;disease;109.0
@DISEASE_Neoplasms_Adipose_Tissue;@DISEASE_Neoplasms_Adipose_Tissue;disease;108.0
@DISEASE_Alcoholism;@DISEASE_Alcoholism;disease;107.0
@DISEASE_Behcet_Syndrome;@DISEASE_Behcet_Syndrome;disease;107.0
@DISEASE_Glycosuria_Renal;@DISEASE_Glycosuria_Renal;disease;107.0
@DISEASE_Immune_System_Diseases;@DISEASE_Immune_System_Diseases;disease;107.0
@DISEASE_Silicosis;@DISEASE_Silicosis;disease;107.0
@DISEASE_Endocrine_System_Diseases;@DISEASE_Endocrine_System_Diseases;disease;106.0
@DISEASE_Attention_Deficit_Disorder_with_Hyperactivity;@DISEASE_Attention_Deficit_Disorder_with_Hyperactivity;disease;105.0
@DISEASE_Cardiomegaly;@DISEASE_Cardiomegaly;disease;105.0
@DISEASE_Precursor_Cell_Lymphoblastic_Leukemia_Lymphoma;@DISEASE_Precursor_Cell_Lymphoblastic_Leukemia_Lymphoma;disease;105.0
@DISEASE_Anemia_Aplastic;@DISEASE_Anemia_Aplastic;disease;104.0
@DISEASE_Head_and_Neck_Neoplasms;@DISEASE_Head_and_Neck_Neoplasms;disease;104.0
@DISEASE_Malformations_of_Cortical_Development_Group_I;@DISEASE_Malformations_of_Cortical_Development_Group_I;disease;103.0
@DISEASE_Adenoma;@DISEASE_Adenoma;disease;101.0
@DISEASE_Thrombocytopenia;@DISEASE_Thrombocytopenia;disease;101.0
@DISEASE_Ulcer;@DISEASE_Ulcer;disease;101.0
@DISEASE_Erectile_Dysfunction;@DISEASE_Erectile_Dysfunction;disease;100.0
@DISEASE_Glomerulonephritis_Membranous;@DISEASE_Glomerulonephritis_Membranous;disease;100.0
@DISEASE_Atrophy;@DISEASE_Atrophy;disease;99.0
@DISEASE_Hypertension_Pulmonary;@DISEASE_Hypertension_Pulmonary;disease;99.0
@DISEASE_Leukemia_Lymphocytic_Chronic_B_Cell;@DISEASE_Leukemia_Lymphocytic_Chronic_B_Cell;disease;99.0
@DISEASE_Oligospermia;@DISEASE_Oligospermia;disease;99.0
@DISEASE_Prostatitis;@DISEASE_Prostatitis;disease;99.0
@DISEASE_Constipation;@DISEASE_Constipation;disease;98.0
@DISEASE_Substance_Related_Disorders;@DISEASE_Substance_Related_Disorders;disease;98.0
@DISEASE_Pneumonia_Lipid;@DISEASE_Pneumonia_Lipid;disease;97.0
@DISEASE_Arthritis_Juvenile;@DISEASE_Arthritis_Juvenile;disease;96.0
@DISEASE_Radiation_Injuries;@DISEASE_Radiation_Injuries;disease;96.0
@DISEASE_Retinal_Dysplasia;@DISEASE_Retinal_Dysplasia;disease;96.0
@DISEASE_Prostatic_Hyperplasia;@DISEASE_Prostatic_Hyperplasia;disease;95.0
@DISEASE_Proteinuria;@DISEASE_Proteinuria;disease;95.0
@DISEASE_Small_Cell_Lung_Carcinoma;@DISEASE_Small_Cell_Lung_Carcinoma;disease;95.0
@DISEASE_Acute_Disease;@DISEASE_Acute_Disease;disease;94.0
@DISEASE_Colonic_Diseases;@DISEASE_Colonic_Diseases;disease;93.0
@DISEASE_Hepatitis_B;@DISEASE_Hepatitis_B;disease;93.0
@DISEASE_Migraine_Disorders;@DISEASE_Migraine_Disorders;disease;93.0
@DISEASE_Respiratory_Insufficiency;@DISEASE_Respiratory_Insufficiency;disease;93.0
@DISEASE_Demyelinating_Diseases;@DISEASE_Demyelinating_Diseases;disease;92.0
@DISEASE_Respiratory_Tract_Infections;@DISEASE_Respiratory_Tract_Infections;disease;92.0
@DISEASE_Astrocytoma;@DISEASE_Astrocytoma;disease;91.0
@DISEASE_Ring_Chromosome_20_Syndrome;@DISEASE_Ring_Chromosome_20_Syndrome;disease;91.0
@DISEASE_Blood_Platelet_Disorders;@DISEASE_Blood_Platelet_Disorders;disease;90.0
@DISEASE_Cytokine_Release_Syndrome;@DISEASE_Cytokine_Release_Syndrome;disease;89.0
@DISEASE_Glaucoma;@DISEASE_Glaucoma;disease;89.0
@DISEASE_Graft_vs_Host_Disease;@DISEASE_Graft_vs_Host_Disease;disease;89.0
@DISEASE_Ototoxicity;@DISEASE_Ototoxicity;disease;89.0
@DISEASE_Vision_Disorders;@DISEASE_Vision_Disorders;disease;89.0
@DISEASE_Chronic_Kidney_Disease_Mineral_and_Bone_Disorder;@DISEASE_Chronic_Kidney_Disease_Mineral_and_Bone_Disorder;disease;88.0
@DISEASE_Melanoma_Cutaneous_Malignant;@DISEASE_Melanoma_Cutaneous_Malignant;disease;88.0
@DISEASE_Vascular_Calcification;@DISEASE_Vascular_Calcification;disease;88.0
@DISEASE_Glycogen_Storage_Disease_Type_II;@DISEASE_Glycogen_Storage_Disease_Type_II;disease;87.0
@DISEASE_Hemolysis;@DISEASE_Hemolysis;disease;87.0
@DISEASE_Learning_Disabilities;@DISEASE_Learning_Disabilities;disease;87.0
@DISEASE_Leukemia_Myelogenous_Chronic_BCR_ABL_Positive;@DISEASE_Leukemia_Myelogenous_Chronic_BCR_ABL_Positive;disease;87.0
@DISEASE_Mouth_Neoplasms;@DISEASE_Mouth_Neoplasms;disease;87.0
@DISEASE_Neutropenia;@DISEASE_Neutropenia;disease;87.0
@DISEASE_Thyroid_Carcinoma_Anaplastic;@DISEASE_Thyroid_Carcinoma_Anaplastic;disease;87.0
@DISEASE_Bipolar_Disorder;@DISEASE_Bipolar_Disorder;disease;86.0
@DISEASE_Cardiomyopathy_Hypertrophic;@DISEASE_Cardiomyopathy_Hypertrophic;disease;86.0
@DISEASE_Dysautonomia_Familial;@DISEASE_Dysautonomia_Familial;disease;86.0
@DISEASE_Dyspnea;@DISEASE_Dyspnea;disease;86.0
@DISEASE_Cystic_Fibrosis;@DISEASE_Cystic_Fibrosis;disease;85.0
@DISEASE_Dementia;@DISEASE_Dementia;disease;85.0
@DISEASE_Heart_Arrest;@DISEASE_Heart_Arrest;disease;85.0
@DISEASE_Hematologic_Diseases;@DISEASE_Hematologic_Diseases;disease;84.0
@DISEASE_Hypercalcemia;@DISEASE_Hypercalcemia;disease;84.0
@DISEASE_Nasopharyngeal_Carcinoma;@DISEASE_Nasopharyngeal_Carcinoma;disease;84.0
@DISEASE_Premature_Birth;@DISEASE_Premature_Birth;disease;84.0
@DISEASE_Sleep_Initiation_and_Maintenance_Disorders;@DISEASE_Sleep_Initiation_and_Maintenance_Disorders;disease;84.0
@DISEASE_Ventricular_Remodeling;@DISEASE_Ventricular_Remodeling;disease;84.0
@DISEASE_Glucose_Intolerance;@DISEASE_Glucose_Intolerance;disease;83.0
@DISEASE_Liver_Neoplasms;@DISEASE_Liver_Neoplasms;disease;83.0
@DISEASE_Stevens_Johnson_Syndrome;@DISEASE_Stevens_Johnson_Syndrome;disease;83.0
@DISEASE_Colitis_Associated_Neoplasms;@DISEASE_Colitis_Associated_Neoplasms;disease;82.0
@DISEASE_Osteoarthropathy_Primary_Hypertrophic;@DISEASE_Osteoarthropathy_Primary_Hypertrophic;disease;82.0
@DISEASE_Dry_Eye_Syndromes;@DISEASE_Dry_Eye_Syndromes;disease;81.0
@DISEASE_Juvenile_gout;@DISEASE_Juvenile_gout;disease;81.0
@DISEASE_Lipid_Metabolism_Disorders;@DISEASE_Lipid_Metabolism_Disorders;disease;81.0
@DISEASE_Hyperglycemic_Hyperosmolar_Nonketotic_Coma;@DISEASE_Hyperglycemic_Hyperosmolar_Nonketotic_Coma;disease;80.0
@DISEASE_Retinitis;@DISEASE_Retinitis;disease;80.0
@DISEASE_Sarcoidosis;@DISEASE_Sarcoidosis;disease;80.0
@DISEASE_Calcinosis_Cutis;@DISEASE_Calcinosis_Cutis;disease;79.0
@DISEASE_Coronary_Disease;@DISEASE_Coronary_Disease;disease;79.0
@DISEASE_Hematologic_Neoplasms;@DISEASE_Hematologic_Neoplasms;disease;79.0
@DISEASE_Meningioma;@DISEASE_Meningioma;disease;79.0
@DISEASE_Uveitis;@DISEASE_Uveitis;disease;79.0
@DISEASE_Joint_Diseases;@DISEASE_Joint_Diseases;disease;78.0
@DISEASE_Liver_Cirrhosis_Biliary;@DISEASE_Liver_Cirrhosis_Biliary;disease;78.0
@DISEASE_Arthritis_Experimental;@DISEASE_Arthritis_Experimental;disease;77.0
@DISEASE_Fatigue_Syndrome_Chronic;@DISEASE_Fatigue_Syndrome_Chronic;disease;77.0
@DISEASE_Hashimoto_Disease;@DISEASE_Hashimoto_Disease;disease;77.0
@DISEASE_Lymphoma_B_Cell;@DISEASE_Lymphoma_B_Cell;disease;77.0
@DISEASE_Blood_Coagulation_Disorders;@DISEASE_Blood_Coagulation_Disorders;disease;76.0
@DISEASE_Cysts;@DISEASE_Cysts;disease;76.0
@DISEASE_Myotonic_Dystrophy;@DISEASE_Myotonic_Dystrophy;disease;76.0
@DISEASE_Osteogenesis_Imperfecta;@DISEASE_Osteogenesis_Imperfecta;disease;75.0
@DISEASE_Primary_Ovarian_Insufficiency;@DISEASE_Primary_Ovarian_Insufficiency;disease;75.0
@DISEASE_Cerebral_Hemorrhage;@DISEASE_Cerebral_Hemorrhage;disease;74.0
@DISEASE_Muscle_Neoplasms;@DISEASE_Muscle_Neoplasms;disease;74.0
@DISEASE_Muscular_Dystrophy_Duchenne;@DISEASE_Muscular_Dystrophy_Duchenne;disease;74.0
@DISEASE_Cerebral_Palsy;@DISEASE_Cerebral_Palsy;disease;73.0
@DISEASE_Embolism_Fat;@DISEASE_Embolism_Fat;disease;73.0
@DISEASE_Hemolytic_Uremic_Syndrome;@DISEASE_Hemolytic_Uremic_Syndrome;disease;73.0
@DISEASE_Neointima;@DISEASE_Neointima;disease;73.0
@DISEASE_Phenylketonurias;@DISEASE_Phenylketonurias;disease;73.0
@DISEASE_Uterine_Diseases;@DISEASE_Uterine_Diseases;disease;73.0
@DISEASE_Critical_Illness;@DISEASE_Critical_Illness;disease;72.0
@DISEASE_Huntington_Disease;@DISEASE_Huntington_Disease;disease;72.0
@DISEASE_Malnutrition;@DISEASE_Malnutrition;disease;72.0
@DISEASE_Sarcoma;@DISEASE_Sarcoma;disease;72.0
@DISEASE_Thyroiditis;@DISEASE_Thyroiditis;disease;72.0
@DISEASE_Waterborne_Diseases;@DISEASE_Waterborne_Diseases;disease;72.0
@DISEASE_Arthritis_Infectious;@DISEASE_Arthritis_Infectious;disease;71.0
@DISEASE_Enteritis;@DISEASE_Enteritis;disease;71.0
@DISEASE_Hepatorenal_Syndrome;@DISEASE_Hepatorenal_Syndrome;disease;71.0
@DISEASE_Heredodegenerative_Disorders_Nervous_System;@DISEASE_Heredodegenerative_Disorders_Nervous_System;disease;71.0
@DISEASE_Abortion_Habitual;@DISEASE_Abortion_Habitual;disease;70.0
@DISEASE_Asthenozoospermia;@DISEASE_Asthenozoospermia;disease;70.0
@DISEASE_Peritonitis;@DISEASE_Peritonitis;disease;70.0
@DISEASE_Status_Asthmaticus;@DISEASE_Status_Asthmaticus;disease;70.0
@DISEASE_Vascular_System_Injuries;@DISEASE_Vascular_System_Injuries;disease;70.0
@DISEASE_Abdominal_Pain;@DISEASE_Abdominal_Pain;disease;69.0
@DISEASE_Brain_Damage_Chronic;@DISEASE_Brain_Damage_Chronic;disease;69.0
@DISEASE_Cell_Transformation_Neoplastic;@DISEASE_Cell_Transformation_Neoplastic;disease;69.0
@DISEASE_Cerebrovascular_Disorders;@DISEASE_Cerebrovascular_Disorders;disease;69.0
@DISEASE_Hypercholesterolemia;@DISEASE_Hypercholesterolemia;disease;69.0
@DISEASE_Organizing_Pneumonia;@DISEASE_Organizing_Pneumonia;disease;69.0
@DISEASE_Iron_Deficiencies;@DISEASE_Iron_Deficiencies;disease;68.0
@DISEASE_Musculoskeletal_Diseases;@DISEASE_Musculoskeletal_Diseases;disease;68.0
@DISEASE_Myocarditis;@DISEASE_Myocarditis;disease;68.0
@DISEASE_Alkaptonuria;@DISEASE_Alkaptonuria;disease;67.0
@DISEASE_Bone_Neoplasms;@DISEASE_Bone_Neoplasms;disease;67.0
@DISEASE_Diabetic_Foot;@DISEASE_Diabetic_Foot;disease;67.0
@DISEASE_Respiratory_Tract_Diseases;@DISEASE_Respiratory_Tract_Diseases;disease;67.0
@DISEASE_Skin_Neoplasms;@DISEASE_Skin_Neoplasms;disease;67.0
@DISEASE_Tooth_Erosion;@DISEASE_Tooth_Erosion;disease;67.0
@DISEASE_Arthralgia;@DISEASE_Arthralgia;disease;66.0
@DISEASE_Glucosephosphate_Dehydrogenase_Deficiency;@DISEASE_Glucosephosphate_Dehydrogenase_Deficiency;disease;66.0
@DISEASE_Myelodysplastic_Syndromes;@DISEASE_Myelodysplastic_Syndromes;disease;66.0
@DISEASE_Nephrolithiasis_Calcium_Oxalate;@DISEASE_Nephrolithiasis_Calcium_Oxalate;disease;66.0
@DISEASE_Uveal_melanoma;@DISEASE_Uveal_melanoma;disease;66.0
@DISEASE_Acidosis;@DISEASE_Acidosis;disease;65.0
@DISEASE_Central_Nervous_System_Diseases;@DISEASE_Central_Nervous_System_Diseases;disease;65.0
@DISEASE_Fibromyalgia;@DISEASE_Fibromyalgia;disease;65.0
@DISEASE_Hepatic_Encephalopathy;@DISEASE_Hepatic_Encephalopathy;disease;65.0
@DISEASE_Hypoglycemia;@DISEASE_Hypoglycemia;disease;65.0
@DISEASE_Bisphosphonate_Associated_Osteonecrosis_of_the_Jaw;@DISEASE_Bisphosphonate_Associated_Osteonecrosis_of_the_Jaw;disease;64.0
@DISEASE_Chronobiology_Disorders;@DISEASE_Chronobiology_Disorders;disease;64.0
@DISEASE_Hepatitis_B_Chronic;@DISEASE_Hepatitis_B_Chronic;disease;64.0
@DISEASE_Intellectual_Disability;@DISEASE_Intellectual_Disability;disease;64.0
@DISEASE_MASS_syndrome;@DISEASE_MASS_syndrome;disease;64.0
@DISEASE_Stomach_Ulcer;@DISEASE_Stomach_Ulcer;disease;64.0
@DISEASE_Cardio_Renal_Syndrome;@DISEASE_Cardio_Renal_Syndrome;disease;63.0
@DISEASE_Fabry_Disease;@DISEASE_Fabry_Disease;disease;63.0
@DISEASE_Fractures_Spontaneous;@DISEASE_Fractures_Spontaneous;disease;63.0
@DISEASE_Myalgia;@DISEASE_Myalgia;disease;63.0
@DISEASE_Uveitis_Anterior;@DISEASE_Uveitis_Anterior;disease;63.0
@DISEASE_Ataxia;@DISEASE_Ataxia;disease;62.0
@DISEASE_Congenital_Hereditary_and_Neonatal_Diseases_and_Abnormalities;@DISEASE_Congenital_Hereditary_and_Neonatal_Diseases_and_Abnormalities;disease;62.0
@DISEASE_Dental_Caries;@DISEASE_Dental_Caries;disease;62.0
@DISEASE_Hereditary_Breast_and_Ovarian_Cancer_Syndrome;@DISEASE_Hereditary_Breast_and_Ovarian_Cancer_Syndrome;disease;62.0
@DISEASE_Tertiary_Lymphoid_Structures;@DISEASE_Tertiary_Lymphoid_Structures;disease;62.0
@DISEASE_Brain_Edema;@DISEASE_Brain_Edema;disease;61.0
@DISEASE_Dermatitis;@DISEASE_Dermatitis;disease;61.0
@DISEASE_Gliosis;@DISEASE_Gliosis;disease;61.0
@DISEASE_Lysosomal_acid_lipase_deficiency;@DISEASE_Lysosomal_acid_lipase_deficiency;disease;61.0
@DISEASE_Pheochromocytoma;@DISEASE_Pheochromocytoma;disease;61.0
@DISEASE_Taste_Disorders;@DISEASE_Taste_Disorders;disease;61.0
@DISEASE_Diabetic_Cardiomyopathies;@DISEASE_Diabetic_Cardiomyopathies;disease;60.0
@DISEASE_Gastrointestinal_Stromal_Tumors;@DISEASE_Gastrointestinal_Stromal_Tumors;disease;60.0
@DISEASE_Leukoencephalopathies;@DISEASE_Leukoencephalopathies;disease;60.0
@DISEASE_Low_Back_Pain;@DISEASE_Low_Back_Pain;disease;60.0
@DISEASE_Pain_Postoperative;@DISEASE_Pain_Postoperative;disease;60.0
@DISEASE_Sleep_Apnea_Obstructive;@DISEASE_Sleep_Apnea_Obstructive;disease;60.0
@DISEASE_Acute_Coronary_Syndrome;@DISEASE_Acute_Coronary_Syndrome;disease;59.0
@DISEASE_Arthritis_Gouty;@DISEASE_Arthritis_Gouty;disease;59.0
@DISEASE_Lysosomal_Storage_Diseases;@DISEASE_Lysosomal_Storage_Diseases;disease;59.0
@DISEASE_Osteonecrosis;@DISEASE_Osteonecrosis;disease;59.0
@DISEASE_Tooth_Loss;@DISEASE_Tooth_Loss;disease;59.0
@DISEASE_Axial_Spondyloarthritis;@DISEASE_Axial_Spondyloarthritis;disease;58.0
@DISEASE_Biliary_Tract_Neoplasms;@DISEASE_Biliary_Tract_Neoplasms;disease;58.0
@DISEASE_Eye_Diseases;@DISEASE_Eye_Diseases;disease;58.0
@DISEASE_Infarction_Middle_Cerebral_Artery;@DISEASE_Infarction_Middle_Cerebral_Artery;disease;58.0
@DISEASE_Motor_Disorders;@DISEASE_Motor_Disorders;disease;58.0
@DISEASE_Systemic_Inflammatory_Response_Syndrome;@DISEASE_Systemic_Inflammatory_Response_Syndrome;disease;58.0
@DISEASE_Urethral_Neoplasms;@DISEASE_Urethral_Neoplasms;disease;58.0
@DISEASE_Urinary_Tract_Infections;@DISEASE_Urinary_Tract_Infections;disease;58.0
@DISEASE_Venous_Thromboembolism;@DISEASE_Venous_Thromboembolism;disease;58.0
@DISEASE_Adrenal_Insufficiency;@DISEASE_Adrenal_Insufficiency;disease;57.0
@DISEASE_Carcinoma_Endometrioid;@DISEASE_Carcinoma_Endometrioid;disease;57.0
@DISEASE_Chronic_Pain;@DISEASE_Chronic_Pain;disease;57.0
@DISEASE_Chronic_Periodontitis;@DISEASE_Chronic_Periodontitis;disease;57.0
@DISEASE_Dermatomyositis;@DISEASE_Dermatomyositis;disease;57.0
@DISEASE_Erythema;@DISEASE_Erythema;disease;57.0
@DISEASE_Hyperkinesis;@DISEASE_Hyperkinesis;disease;57.0
@DISEASE_Hyperlipoproteinemia_Type_II;@DISEASE_Hyperlipoproteinemia_Type_II;disease;57.0
@DISEASE_Neoplasm_Invasiveness;@DISEASE_Neoplasm_Invasiveness;disease;57.0
@DISEASE_Psychological_Distress;@DISEASE_Psychological_Distress;disease;57.0
@DISEASE_Retinal_Diseases;@DISEASE_Retinal_Diseases;disease;57.0
@DISEASE_Retinitis_Pigmentosa;@DISEASE_Retinitis_Pigmentosa;disease;57.0
@DISEASE_ST_Elevation_Myocardial_Infarction;@DISEASE_ST_Elevation_Myocardial_Infarction;disease;57.0
@DISEASE_Anemia_Sickle_Cell;@DISEASE_Anemia_Sickle_Cell;disease;56.0
@DISEASE_Fetal_Growth_Retardation;@DISEASE_Fetal_Growth_Retardation;disease;56.0
@DISEASE_Gallbladder_Neoplasms;@DISEASE_Gallbladder_Neoplasms;disease;56.0
@DISEASE_Gastrointestinal_Neoplasms;@DISEASE_Gastrointestinal_Neoplasms;disease;56.0
@DISEASE_Hepatitis_Autoimmune;@DISEASE_Hepatitis_Autoimmune;disease;56.0
@DISEASE_Osteomyelitis;@DISEASE_Osteomyelitis;disease;56.0
@DISEASE_Prostatic_Neoplasms_Castration_Resistant;@DISEASE_Prostatic_Neoplasms_Castration_Resistant;disease;56.0
@DISEASE_Thyroid_Diseases;@DISEASE_Thyroid_Diseases;disease;56.0
@DISEASE_Venous_Thrombosis;@DISEASE_Venous_Thrombosis;disease;56.0
@DISEASE_Vitamin_D_Deficiency;@DISEASE_Vitamin_D_Deficiency;disease;56.0
@DISEASE_Arrest_of_spermatogenesis;@DISEASE_Arrest_of_spermatogenesis;disease;55.0
@DISEASE_Encephalitis;@DISEASE_Encephalitis;disease;55.0
@DISEASE_Mucocutaneous_Lymph_Node_Syndrome;@DISEASE_Mucocutaneous_Lymph_Node_Syndrome;disease;55.0
@DISEASE_Nephrolithiasis;@DISEASE_Nephrolithiasis;disease;55.0
@DISEASE_Rheumatic_Diseases;@DISEASE_Rheumatic_Diseases;disease;55.0
@DISEASE_Aortic_Aneurysm_Abdominal;@DISEASE_Aortic_Aneurysm_Abdominal;disease;54.0
@DISEASE_Dehydration;@DISEASE_Dehydration;disease;54.0
@DISEASE_Glomerulonephritis;@DISEASE_Glomerulonephritis;disease;54.0
@DISEASE_Myopia;@DISEASE_Myopia;disease;54.0
@DISEASE_Clear_cell_metastatic_renal_cell_carcinoma;@DISEASE_Clear_cell_metastatic_renal_cell_carcinoma;disease;53.0
@DISEASE_Congenital_Abnormalities;@DISEASE_Congenital_Abnormalities;disease;53.0
@DISEASE_Diabetes_Complications;@DISEASE_Diabetes_Complications;disease;53.0
@DISEASE_Hepatolenticular_Degeneration;@DISEASE_Hepatolenticular_Degeneration;disease;53.0
@DISEASE_Osteolysis;@DISEASE_Osteolysis;disease;53.0
@DISEASE_Brain_Injury_Chronic;@DISEASE_Brain_Injury_Chronic;disease;52.0
@DISEASE_Carcinoma_Ovarian_Epithelial;@DISEASE_Carcinoma_Ovarian_Epithelial;disease;52.0
@DISEASE_Diabetic_Neuropathies;@DISEASE_Diabetic_Neuropathies;disease;52.0
@DISEASE_Glaucoma_Open_Angle;@DISEASE_Glaucoma_Open_Angle;disease;52.0
@DISEASE_Osteoglophonic_dwarfism;@DISEASE_Osteoglophonic_dwarfism;disease;52.0
@DISEASE_Pain_Insensitivity_Congenital;@DISEASE_Pain_Insensitivity_Congenital;disease;52.0
@DISEASE_Pulmonary_Embolism;@DISEASE_Pulmonary_Embolism;disease;52.0
@DISEASE_Anaphylaxis;@DISEASE_Anaphylaxis;disease;51.0
@DISEASE_Mucositis;@DISEASE_Mucositis;disease;51.0
@DISEASE_Neurobehavioral_Manifestations;@DISEASE_Neurobehavioral_Manifestations;disease;51.0
@DISEASE_Neuroendocrine_Tumors;@DISEASE_Neuroendocrine_Tumors;disease;51.0
@DISEASE_Subarachnoid_Hemorrhage;@DISEASE_Subarachnoid_Hemorrhage;disease;51.0
@DISEASE_Albuminuria;@DISEASE_Albuminuria;disease;50.0
@DISEASE_Anemia_Hemolytic;@DISEASE_Anemia_Hemolytic;disease;50.0
@DISEASE_Frailty;@DISEASE_Frailty;disease;50.0
@DISEASE_Irritable_Bowel_Syndrome;@DISEASE_Irritable_Bowel_Syndrome;disease;50.0
@DISEASE_Neoplasms_Glandular_and_Epithelial;@DISEASE_Neoplasms_Glandular_and_Epithelial;disease;50.0
@DISEASE_Nephrotic_Syndrome;@DISEASE_Nephrotic_Syndrome;disease;50.0
@DISEASE_Parkinson_Disease_Secondary;@DISEASE_Parkinson_Disease_Secondary;disease;50.0
@DISEASE_Retrograde_Degeneration;@DISEASE_Retrograde_Degeneration;disease;50.0
@DISEASE_Trauma_Nervous_System;@DISEASE_Trauma_Nervous_System;disease;50.0
@DISEASE_Dizziness;@DISEASE_Dizziness;disease;49.0
@DISEASE_Jaundice;@DISEASE_Jaundice;disease;49.0
@DISEASE_Macular_Edema;@DISEASE_Macular_Edema;disease;49.0
@DISEASE_Myasthenia_Gravis;@DISEASE_Myasthenia_Gravis;disease;49.0
@DISEASE_Precursor_T_Cell_Lymphoblastic_Leukemia_Lymphoma;@DISEASE_Precursor_T_Cell_Lymphoblastic_Leukemia_Lymphoma;disease;49.0
@DISEASE_Staphylococcal_Infections;@DISEASE_Staphylococcal_Infections;disease;49.0
@DISEASE_Stress_Disorders_Post_Traumatic;@DISEASE_Stress_Disorders_Post_Traumatic;disease;49.0
@DISEASE_Ventricular_Dysfunction_Left;@DISEASE_Ventricular_Dysfunction_Left;disease;49.0
@DISEASE_Cushing_Syndrome;@DISEASE_Cushing_Syndrome;disease;48.0
@DISEASE_Hereditary_Angioedema_Type_III;@DISEASE_Hereditary_Angioedema_Type_III;disease;48.0
@DISEASE_Long_QT_Syndrome;@DISEASE_Long_QT_Syndrome;disease;48.0
@DISEASE_Mandibular_Nerve_Injuries;@DISEASE_Mandibular_Nerve_Injuries;disease;48.0
@DISEASE_Metabolism_Inborn_Errors;@DISEASE_Metabolism_Inborn_Errors;disease;48.0
@DISEASE_Myopathies_Structural_Congenital;@DISEASE_Myopathies_Structural_Congenital;disease;48.0
@DISEASE_Neoplastic_Syndromes_Hereditary;@DISEASE_Neoplastic_Syndromes_Hereditary;disease;48.0
@DISEASE_Niemann_Pick_Disease_Type_C;@DISEASE_Niemann_Pick_Disease_Type_C;disease;48.0
@DISEASE_Sarcoma_Ewing;@DISEASE_Sarcoma_Ewing;disease;48.0
@DISEASE_Shock_Septic;@DISEASE_Shock_Septic;disease;48.0
@DISEASE_Xerostomia;@DISEASE_Xerostomia;disease;48.0
@DISEASE_beta_Thalassemia;@DISEASE_beta_Thalassemia;disease;48.0
@DISEASE_Bronchopulmonary_Dysplasia;@DISEASE_Bronchopulmonary_Dysplasia;disease;47.0
@DISEASE_Hepatitis_C;@DISEASE_Hepatitis_C;disease;47.0
@DISEASE_Hypocalcemia;@DISEASE_Hypocalcemia;disease;47.0
@DISEASE_Purpura_Thrombocytopenic_Idiopathic;@DISEASE_Purpura_Thrombocytopenic_Idiopathic;disease;47.0
@DISEASE_Tooth_Diseases;@DISEASE_Tooth_Diseases;disease;47.0
@DISEASE_Tooth_Resorption;@DISEASE_Tooth_Resorption;disease;47.0
@DISEASE_Varicocele;@DISEASE_Varicocele;disease;47.0
@DISEASE_Arterial_Occlusive_Diseases;@DISEASE_Arterial_Occlusive_Diseases;disease;46.0
@DISEASE_Endometrial_Hyperplasia;@DISEASE_Endometrial_Hyperplasia;disease;46.0
@DISEASE_Gaucher_Disease;@DISEASE_Gaucher_Disease;disease;46.0
@DISEASE_Hearing_Loss_Sensorineural;@DISEASE_Hearing_Loss_Sensorineural;disease;46.0
@DISEASE_Bile_Duct_Diseases;@DISEASE_Bile_Duct_Diseases;disease;45.0
@DISEASE_Carcinoma;@DISEASE_Carcinoma;disease;45.0
@DISEASE_Drug_Resistant_Epilepsy;@DISEASE_Drug_Resistant_Epilepsy;disease;45.0
@DISEASE_Heat_Stroke;@DISEASE_Heat_Stroke;disease;45.0
@DISEASE_Myositis;@DISEASE_Myositis;disease;45.0
@DISEASE_Tachycardia;@DISEASE_Tachycardia;disease;45.0
@DISEASE_Tachycardia_Ventricular;@DISEASE_Tachycardia_Ventricular;disease;45.0
@DISEASE_Chest_Pain;@DISEASE_Chest_Pain;disease;44.0
@DISEASE_Dengue;@DISEASE_Dengue;disease;44.0
@DISEASE_Glut1_Deficiency_Syndrome;@DISEASE_Glut1_Deficiency_Syndrome;disease;44.0
@DISEASE_Herpes_Zoster;@DISEASE_Herpes_Zoster;disease;44.0
@DISEASE_Hypertriglyceridemia;@DISEASE_Hypertriglyceridemia;disease;44.0
@DISEASE_Leukopenia;@DISEASE_Leukopenia;disease;44.0
@DISEASE_Polyps;@DISEASE_Polyps;disease;44.0
@DISEASE_Status_Epilepticus;@DISEASE_Status_Epilepticus;disease;44.0
@DISEASE_Alveolar_Bone_Loss;@DISEASE_Alveolar_Bone_Loss;disease;43.0
@DISEASE_Ataxia_Telangiectasia;@DISEASE_Ataxia_Telangiectasia;disease;43.0
@DISEASE_Chronic_Urticaria;@DISEASE_Chronic_Urticaria;disease;43.0
@DISEASE_Dysmenorrhea;@DISEASE_Dysmenorrhea;disease;43.0
@DISEASE_Leiomyoma;@DISEASE_Leiomyoma;disease;43.0
@DISEASE_Oral_Ulcer;@DISEASE_Oral_Ulcer;disease;43.0
@DISEASE_Wilms_Tumor;@DISEASE_Wilms_Tumor;disease;43.0
@DISEASE_Encephalomyelitis_Autoimmune_Experimental;@DISEASE_Encephalomyelitis_Autoimmune_Experimental;disease;42.0
@DISEASE_Graves_Disease;@DISEASE_Graves_Disease;disease;42.0
@DISEASE_Hypothermia;@DISEASE_Hypothermia;disease;42.0
@DISEASE_Uterine_Cervicitis;@DISEASE_Uterine_Cervicitis;disease;42.0
@DISEASE_Bradycardia;@DISEASE_Bradycardia;disease;41.0
@DISEASE_Deglutition_Disorders;@DISEASE_Deglutition_Disorders;disease;41.0
@DISEASE_Gastroesophageal_Reflux;@DISEASE_Gastroesophageal_Reflux;disease;41.0
@DISEASE_Graves_Ophthalmopathy;@DISEASE_Graves_Ophthalmopathy;disease;41.0
@DISEASE_Hypersensitivity_Delayed;@DISEASE_Hypersensitivity_Delayed;disease;41.0
@DISEASE_Hyperthyroidism;@DISEASE_Hyperthyroidism;disease;41.0
@DISEASE_Lichen_Planus_Oral;@DISEASE_Lichen_Planus_Oral;disease;41.0
@DISEASE_Synovitis;@DISEASE_Synovitis;disease;41.0
@DISEASE_Temporomandibular_Joint_Dysfunction_Syndrome;@DISEASE_Temporomandibular_Joint_Dysfunction_Syndrome;disease;41.0
@DISEASE_Teratozoospermia;@DISEASE_Teratozoospermia;disease;41.0
@DISEASE_Urolithiasis;@DISEASE_Urolithiasis;disease;41.0
@DISEASE_Abdominal_Injuries;@DISEASE_Abdominal_Injuries;disease;40.0
@DISEASE_Aortic_Valve_Stenosis;@DISEASE_Aortic_Valve_Stenosis;disease;40.0
@DISEASE_Bone_Marrow_Diseases;@DISEASE_Bone_Marrow_Diseases;disease;40.0
@DISEASE_CD59_Deficiency;@DISEASE_CD59_Deficiency;disease;40.0
@DISEASE_Celiac_Disease;@DISEASE_Celiac_Disease;disease;40.0
@DISEASE_Ciliopathies;@DISEASE_Ciliopathies;disease;40.0
@DISEASE_Cytomegalovirus_Infections;@DISEASE_Cytomegalovirus_Infections;disease;40.0
@DISEASE_Drug_Hypersensitivity_Syndrome;@DISEASE_Drug_Hypersensitivity_Syndrome;disease;40.0
@DISEASE_Dystonia;@DISEASE_Dystonia;disease;40.0
@DISEASE_Glutaric_Acidemia_I;@DISEASE_Glutaric_Acidemia_I;disease;40.0
@DISEASE_Hearing_Disorders;@DISEASE_Hearing_Disorders;disease;40.0
@DISEASE_Muscle_Hypotonia;@DISEASE_Muscle_Hypotonia;disease;40.0
@DISEASE_Muscular_Atrophy_Spinal;@DISEASE_Muscular_Atrophy_Spinal;disease;40.0
@DISEASE_Prediabetic_State;@DISEASE_Prediabetic_State;disease;40.0
@DISEASE_Retinal_Degeneration;@DISEASE_Retinal_Degeneration;disease;40.0
@DISEASE_Thyroid_Nodule;@DISEASE_Thyroid_Nodule;disease;40.0
@DISEASE_Brain_Infarction;@DISEASE_Brain_Infarction;disease;39.0
@DISEASE_Dental_Plaque;@DISEASE_Dental_Plaque;disease;39.0
@DISEASE_Foot_Rot;@DISEASE_Foot_Rot;disease;39.0
@DISEASE_Hip_Fractures;@DISEASE_Hip_Fractures;disease;39.0
@DISEASE_Hyperinsulinism;@DISEASE_Hyperinsulinism;disease;39.0
@DISEASE_Hypertension_Portal;@DISEASE_Hypertension_Portal;disease;39.0
@DISEASE_Intrahepatic_Cholestasis_of_Pregnancy;@DISEASE_Intrahepatic_Cholestasis_of_Pregnancy;disease;39.0
@DISEASE_Ischemic_Stroke;@DISEASE_Ischemic_Stroke;disease;39.0
@DISEASE_Ketosis;@DISEASE_Ketosis;disease;39.0
@DISEASE_Laryngeal_Neoplasms;@DISEASE_Laryngeal_Neoplasms;disease;39.0
@DISEASE_Neoplasms_Cystic_Mucinous_and_Serous;@DISEASE_Neoplasms_Cystic_Mucinous_and_Serous;disease;39.0
@DISEASE_Postoperative_Nausea_and_Vomiting;@DISEASE_Postoperative_Nausea_and_Vomiting;disease;39.0
@DISEASE_Retinoblastoma;@DISEASE_Retinoblastoma;disease;39.0
@DISEASE_Shock;@DISEASE_Shock;disease;39.0
@DISEASE_Vasculitis;@DISEASE_Vasculitis;disease;39.0
@DISEASE_hypoglycemic_encephalopathy;@DISEASE_hypoglycemic_encephalopathy;disease;39.0
@DISEASE_Amyloidosis;@DISEASE_Amyloidosis;disease;38.0
@DISEASE_Anxiety_Disorders;@DISEASE_Anxiety_Disorders;disease;38.0
@DISEASE_Aortic_Valve_Calcification_of;@DISEASE_Aortic_Valve_Calcification_of;disease;38.0
@DISEASE_Chills;@DISEASE_Chills;disease;38.0
@DISEASE_Coxa_Magna;@DISEASE_Coxa_Magna;disease;38.0
@DISEASE_Keloid;@DISEASE_Keloid;disease;38.0
@DISEASE_Leukemia_Biphenotypic_Acute;@DISEASE_Leukemia_Biphenotypic_Acute;disease;38.0
@DISEASE_Lymphopenia;@DISEASE_Lymphopenia;disease;38.0
@DISEASE_Pemphigoid_Bullous;@DISEASE_Pemphigoid_Bullous;disease;38.0
@DISEASE_Acidemia_isovaleric;@DISEASE_Acidemia_isovaleric;disease;37.0
@DISEASE_Adenomatous_Polyposis_Coli;@DISEASE_Adenomatous_Polyposis_Coli;disease;37.0
@DISEASE_Glomerulonephritis_IGA;@DISEASE_Glomerulonephritis_IGA;disease;37.0
@DISEASE_Hereditary_Autoinflammatory_Diseases;@DISEASE_Hereditary_Autoinflammatory_Diseases;disease;37.0
@DISEASE_Hypopigmentation;@DISEASE_Hypopigmentation;disease;37.0
@DISEASE_Male_Infertility_with_Large_Headed_Multiflagellar_Polyploid_Spermatozoa;@DISEASE_Male_Infertility_with_Large_Headed_Multiflagellar_Polyploid_Spermatozoa;disease;37.0
@DISEASE_Nasal_Polyps;@DISEASE_Nasal_Polyps;disease;37.0
@DISEASE_Respiratory_Sounds;@DISEASE_Respiratory_Sounds;disease;37.0
@DISEASE_Cicatrix;@DISEASE_Cicatrix;disease;36.0
@DISEASE_Conversion_Disorder;@DISEASE_Conversion_Disorder;disease;36.0
@DISEASE_Dyspepsia;@DISEASE_Dyspepsia;disease;36.0
@DISEASE_Epstein_Barr_Virus_Infections;@DISEASE_Epstein_Barr_Virus_Infections;disease;36.0
@DISEASE_Hemangioblastoma;@DISEASE_Hemangioblastoma;disease;36.0
@DISEASE_Hyperoxia;@DISEASE_Hyperoxia;disease;36.0
@DISEASE_Keratosis_Actinic;@DISEASE_Keratosis_Actinic;disease;36.0
@DISEASE_Leigh_Disease;@DISEASE_Leigh_Disease;disease;36.0
@DISEASE_Thromboembolism;@DISEASE_Thromboembolism;disease;36.0
@DISEASE_Acute_On_Chronic_Liver_Failure;@DISEASE_Acute_On_Chronic_Liver_Failure;disease;35.0
@DISEASE_Addison_Disease;@DISEASE_Addison_Disease;disease;35.0
@DISEASE_Adenocarcinoma_Follicular;@DISEASE_Adenocarcinoma_Follicular;disease;35.0
@DISEASE_Blister;@DISEASE_Blister;disease;35.0
@DISEASE_Diarrhea_5_With_Tufting_Enteropathy_Congenital;@DISEASE_Diarrhea_5_With_Tufting_Enteropathy_Congenital;disease;35.0
@DISEASE_Granuloma;@DISEASE_Granuloma;disease;35.0
@DISEASE_Muscular_Disorders_Atrophic;@DISEASE_Muscular_Disorders_Atrophic;disease;35.0
@DISEASE_Periapical_Periodontitis;@DISEASE_Periapical_Periodontitis;disease;35.0
@DISEASE_Plaque_Atherosclerotic;@DISEASE_Plaque_Atherosclerotic;disease;35.0
@DISEASE_Respiratory_System_Abnormalities;@DISEASE_Respiratory_System_Abnormalities;disease;35.0
@DISEASE_Retinal_Vein_Occlusion;@DISEASE_Retinal_Vein_Occlusion;disease;35.0
@DISEASE_Signs_and_Symptoms_Digestive;@DISEASE_Signs_and_Symptoms_Digestive;disease;35.0
@DISEASE_Takayasu_Arteritis;@DISEASE_Takayasu_Arteritis;disease;35.0
@DISEASE_Ureteral_Obstruction;@DISEASE_Ureteral_Obstruction;disease;35.0
@DISEASE_Aging_Premature;@DISEASE_Aging_Premature;disease;34.0
@DISEASE_Cataract_Age_Related_Nuclear;@DISEASE_Cataract_Age_Related_Nuclear;disease;34.0
@DISEASE_Chemotherapy_Related_Cognitive_Impairment;@DISEASE_Chemotherapy_Related_Cognitive_Impairment;disease;34.0
@DISEASE_Hyperoxaluria;@DISEASE_Hyperoxaluria;disease;34.0
@DISEASE_Hypogonadism;@DISEASE_Hypogonadism;disease;34.0
@DISEASE_Movement_Disorders;@DISEASE_Movement_Disorders;disease;34.0
@DISEASE_Nephrocalcinosis;@DISEASE_Nephrocalcinosis;disease;34.0
@DISEASE_Polycystic_Kidney_Autosomal_Dominant;@DISEASE_Polycystic_Kidney_Autosomal_Dominant;disease;34.0
@DISEASE_Spasm;@DISEASE_Spasm;disease;34.0
@DISEASE_Spinal_Cord_Diseases;@DISEASE_Spinal_Cord_Diseases;disease;34.0
@DISEASE_Stomatitis;@DISEASE_Stomatitis;disease;34.0
@DISEASE_Venom_Hypersensitivity;@DISEASE_Venom_Hypersensitivity;disease;34.0
@DISEASE_upper_airway_cough_syndrome;@DISEASE_upper_airway_cough_syndrome;disease;34.0
@DISEASE_Biliary_Atresia;@DISEASE_Biliary_Atresia;disease;33.0
@DISEASE_Bohring_syndrome;@DISEASE_Bohring_syndrome;disease;33.0
@DISEASE_Congenital_Disorders_of_Glycosylation;@DISEASE_Congenital_Disorders_of_Glycosylation;disease;33.0
@DISEASE_Dementia_Vascular;@DISEASE_Dementia_Vascular;disease;33.0
@DISEASE_Fanconi_Syndrome;@DISEASE_Fanconi_Syndrome;disease;33.0
@DISEASE_Granulomatosis_with_Polyangiitis;@DISEASE_Granulomatosis_with_Polyangiitis;disease;33.0
@DISEASE_Hyperammonemia;@DISEASE_Hyperammonemia;disease;33.0
@DISEASE_Hyperhomocysteinemia;@DISEASE_Hyperhomocysteinemia;disease;33.0
@DISEASE_Jaundice_Obstructive;@DISEASE_Jaundice_Obstructive;disease;33.0
@DISEASE_Lichen_Planus;@DISEASE_Lichen_Planus;disease;33.0
@DISEASE_Lupus_Erythematosus_Cutaneous;@DISEASE_Lupus_Erythematosus_Cutaneous;disease;33.0
@DISEASE_Pressure_Ulcer;@DISEASE_Pressure_Ulcer;disease;33.0
@DISEASE_Rhinitis_Allergic;@DISEASE_Rhinitis_Allergic;disease;33.0
@DISEASE_Urticaria;@DISEASE_Urticaria;disease;33.0
@DISEASE_Angina_Pectoris;@DISEASE_Angina_Pectoris;disease;32.0
@DISEASE_Anhedonia;@DISEASE_Anhedonia;disease;32.0
@DISEASE_Carcinoma_Neuroendocrine;@DISEASE_Carcinoma_Neuroendocrine;disease;32.0
@DISEASE_Carotid_Artery_Diseases;@DISEASE_Carotid_Artery_Diseases;disease;32.0
@DISEASE_Cholestasis_Intrahepatic;@DISEASE_Cholestasis_Intrahepatic;disease;32.0
@DISEASE_Dwarfism_Pituitary;@DISEASE_Dwarfism_Pituitary;disease;32.0
@DISEASE_Homocystinuria;@DISEASE_Homocystinuria;disease;32.0
@DISEASE_Lymphohistiocytosis_Hemophagocytic;@DISEASE_Lymphohistiocytosis_Hemophagocytic;disease;32.0
@DISEASE_Mycobacterium_Infections_Nontuberculous;@DISEASE_Mycobacterium_Infections_Nontuberculous;disease;32.0
@DISEASE_Neonatal_onset_citrullinemia_type_2;@DISEASE_Neonatal_onset_citrullinemia_type_2;disease;32.0
@DISEASE_Obesity_Abdominal;@DISEASE_Obesity_Abdominal;disease;32.0
@DISEASE_Ochronosis;@DISEASE_Ochronosis;disease;32.0
@DISEASE_Oculocerebrorenal_Syndrome;@DISEASE_Oculocerebrorenal_Syndrome;disease;32.0
@DISEASE_Pericarditis;@DISEASE_Pericarditis;disease;32.0
@DISEASE_Rotator_Cuff_Injuries;@DISEASE_Rotator_Cuff_Injuries;disease;32.0
@DISEASE_Sciatic_Neuropathy;@DISEASE_Sciatic_Neuropathy;disease;32.0
@DISEASE_Scoliosis;@DISEASE_Scoliosis;disease;32.0
@DISEASE_Thyroiditis_Autoimmune;@DISEASE_Thyroiditis_Autoimmune;disease;32.0
@DISEASE_Wound_Infection;@DISEASE_Wound_Infection;disease;32.0
@DISEASE_Carcinoma_Ehrlich_Tumor;@DISEASE_Carcinoma_Ehrlich_Tumor;disease;31.0
@DISEASE_Chromosome_Aberrations;@DISEASE_Chromosome_Aberrations;disease;31.0
@DISEASE_Eczema;@DISEASE_Eczema;disease;31.0
@DISEASE_Food_Hypersensitivity;@DISEASE_Food_Hypersensitivity;disease;31.0
@DISEASE_Fusariosis;@DISEASE_Fusariosis;disease;31.0
@DISEASE_Gallstones;@DISEASE_Gallstones;disease;31.0
@DISEASE_Hidradenitis_Suppurativa;@DISEASE_Hidradenitis_Suppurativa;disease;31.0
@DISEASE_Hypersensitivity_Immediate;@DISEASE_Hypersensitivity_Immediate;disease;31.0
@DISEASE_Hyponatremia;@DISEASE_Hyponatremia;disease;31.0
@DISEASE_Immunoglobulin_G4_Related_Disease;@DISEASE_Immunoglobulin_G4_Related_Disease;disease;31.0
@DISEASE_Intervertebral_Disc_Displacement;@DISEASE_Intervertebral_Disc_Displacement;disease;31.0
@DISEASE_Olfaction_Disorders;@DISEASE_Olfaction_Disorders;disease;31.0
@DISEASE_Pulmonary_Edema;@DISEASE_Pulmonary_Edema;disease;31.0
@DISEASE_Rectal_Diseases;@DISEASE_Rectal_Diseases;disease;31.0
@DISEASE_Uterine_Hemorrhage;@DISEASE_Uterine_Hemorrhage;disease;31.0
@DISEASE_Ventricular_Premature_Complexes;@DISEASE_Ventricular_Premature_Complexes;disease;31.0
@DISEASE_Wolman_Disease;@DISEASE_Wolman_Disease;disease;31.0
@DISEASE_Acidosis_Lactic;@DISEASE_Acidosis_Lactic;disease;30.0
@DISEASE_Acro_Osteolysis;@DISEASE_Acro_Osteolysis;disease;30.0
@DISEASE_Basal_Ganglia_Diseases;@DISEASE_Basal_Ganglia_Diseases;disease;30.0
@DISEASE_Constriction_Pathologic;@DISEASE_Constriction_Pathologic;disease;30.0
@DISEASE_Cryptorchidism;@DISEASE_Cryptorchidism;disease;30.0
@DISEASE_Dysgeusia;@DISEASE_Dysgeusia;disease;30.0
@DISEASE_Fragile_X_Syndrome;@DISEASE_Fragile_X_Syndrome;disease;30.0
@DISEASE_Gait_Disorders_Neurologic;@DISEASE_Gait_Disorders_Neurologic;disease;30.0
@DISEASE_Hepatitis_Alcoholic;@DISEASE_Hepatitis_Alcoholic;disease;30.0
@DISEASE_Hepatomegaly;@DISEASE_Hepatomegaly;disease;30.0
@DISEASE_Histiocytosis_Langerhans_Cell;@DISEASE_Histiocytosis_Langerhans_Cell;disease;30.0
@DISEASE_Hypertensive_Retinopathy;@DISEASE_Hypertensive_Retinopathy;disease;30.0
@DISEASE_Lewy_Body_Disease;@DISEASE_Lewy_Body_Disease;disease;30.0
@DISEASE_Light_Fixation_Seizure_Syndrome;@DISEASE_Light_Fixation_Seizure_Syndrome;disease;30.0
@DISEASE_Milk_Hypersensitivity;@DISEASE_Milk_Hypersensitivity;disease;30.0
@DISEASE_Neurocognitive_Disorders;@DISEASE_Neurocognitive_Disorders;disease;30.0
@DISEASE_Pancytopenia;@DISEASE_Pancytopenia;disease;30.0
@DISEASE_Pemphigus;@DISEASE_Pemphigus;disease;30.0
@DISEASE_Peri_Implantitis;@DISEASE_Peri_Implantitis;disease;30.0
@DISEASE_Periodontal_Diseases;@DISEASE_Periodontal_Diseases;disease;30.0
@DISEASE_Pyruvate_Carboxylase_Deficiency_Disease;@DISEASE_Pyruvate_Carboxylase_Deficiency_Disease;disease;30.0
@DISEASE_Spermatogenic_Failure_Nonobstructive_Y_Linked;@DISEASE_Spermatogenic_Failure_Nonobstructive_Y_Linked;disease;30.0
@DISEASE_Tremor;@DISEASE_Tremor;disease;30.0
@DISEASE_Acrocephalosyndactylia;@DISEASE_Acrocephalosyndactylia;disease;29.0
@DISEASE_Adrenal_Gland_Neoplasms;@DISEASE_Adrenal_Gland_Neoplasms;disease;29.0
@DISEASE_Adrenocortical_Carcinoma;@DISEASE_Adrenocortical_Carcinoma;disease;29.0
@DISEASE_Anterior_Cruciate_Ligament_Injuries;@DISEASE_Anterior_Cruciate_Ligament_Injuries;disease;29.0
@DISEASE_Azoospermia_Nonobstructive;@DISEASE_Azoospermia_Nonobstructive;disease;29.0
@DISEASE_Carotid_Stenosis;@DISEASE_Carotid_Stenosis;disease;29.0
@DISEASE_Hepatitis_C_Chronic;@DISEASE_Hepatitis_C_Chronic;disease;29.0
@DISEASE_Hepatoblastoma;@DISEASE_Hepatoblastoma;disease;29.0
@DISEASE_Hypokalemia;@DISEASE_Hypokalemia;disease;29.0
@DISEASE_Mucopolysaccharidosis_III;@DISEASE_Mucopolysaccharidosis_III;disease;29.0
@DISEASE_Obesity_Metabolically_Benign;@DISEASE_Obesity_Metabolically_Benign;disease;29.0
@DISEASE_Paroxysmal_ventricular_fibrillation;@DISEASE_Paroxysmal_ventricular_fibrillation;disease;29.0
@DISEASE_Rhabdomyosarcoma;@DISEASE_Rhabdomyosarcoma;disease;29.0
@DISEASE_Tang_Hsi_Ryu_syndrome;@DISEASE_Tang_Hsi_Ryu_syndrome;disease;29.0
@DISEASE_Xeroderma_Pigmentosum;@DISEASE_Xeroderma_Pigmentosum;disease;29.0
@DISEASE_Acanthosis_Nigricans;@DISEASE_Acanthosis_Nigricans;disease;28.0
@DISEASE_Brucellosis;@DISEASE_Brucellosis;disease;28.0
@DISEASE_Cherubism;@DISEASE_Cherubism;disease;28.0
@DISEASE_Chondrosarcoma;@DISEASE_Chondrosarcoma;disease;28.0
@DISEASE_Contracture;@DISEASE_Contracture;disease;28.0
@DISEASE_Deafness_Cataract_Retinitis_Pigmentosa_And_Sperm_Abnormalities;@DISEASE_Deafness_Cataract_Retinitis_Pigmentosa_And_Sperm_Abnormalities;disease;28.0
@DISEASE_Epilepsy_Post_Traumatic;@DISEASE_Epilepsy_Post_Traumatic;disease;28.0
@DISEASE_Gastrointestinal_Hemorrhage;@DISEASE_Gastrointestinal_Hemorrhage;disease;28.0
@DISEASE_Heart_Defects_Congenital;@DISEASE_Heart_Defects_Congenital;disease;28.0
@DISEASE_Hemochromatosis;@DISEASE_Hemochromatosis;disease;28.0
@DISEASE_Hypoparathyroidism;@DISEASE_Hypoparathyroidism;disease;28.0
@DISEASE_Hypoxia_Ischemia_Brain;@DISEASE_Hypoxia_Ischemia_Brain;disease;28.0
@DISEASE_IgA_Vasculitis;@DISEASE_IgA_Vasculitis;disease;28.0
@DISEASE_Liver_Cirrhosis_Alcoholic;@DISEASE_Liver_Cirrhosis_Alcoholic;disease;28.0
@DISEASE_Lymphoproliferative_Disorders;@DISEASE_Lymphoproliferative_Disorders;disease;28.0
@DISEASE_Pancreatic_Intraductal_Neoplasms;@DISEASE_Pancreatic_Intraductal_Neoplasms;disease;28.0
@DISEASE_Postthrombotic_Syndrome;@DISEASE_Postthrombotic_Syndrome;disease;28.0
@DISEASE_Retinopathy_of_Prematurity;@DISEASE_Retinopathy_of_Prematurity;disease;28.0
@DISEASE_Rhabdomyolysis;@DISEASE_Rhabdomyolysis;disease;28.0
@DISEASE_Rosacea;@DISEASE_Rosacea;disease;28.0
@DISEASE_Rupture;@DISEASE_Rupture;disease;28.0
@DISEASE_Scleroderma_Localized;@DISEASE_Scleroderma_Localized;disease;28.0
@DISEASE_Syncope;@DISEASE_Syncope;disease;28.0
@DISEASE_Testicular_Neoplasms;@DISEASE_Testicular_Neoplasms;disease;28.0
@DISEASE_Tibial_Meniscus_Injuries;@DISEASE_Tibial_Meniscus_Injuries;disease;28.0
@DISEASE_Adenocarcinoma_Mucinous;@DISEASE_Adenocarcinoma_Mucinous;disease;27.0
@DISEASE_Ameloblastoma;@DISEASE_Ameloblastoma;disease;27.0
@DISEASE_Aneurysm;@DISEASE_Aneurysm;disease;27.0
@DISEASE_Atrial_Remodeling;@DISEASE_Atrial_Remodeling;disease;27.0
@DISEASE_Clostridium_Infections;@DISEASE_Clostridium_Infections;disease;27.0
@DISEASE_Hypertension_Pregnancy_Induced;@DISEASE_Hypertension_Pregnancy_Induced;disease;27.0
@DISEASE_Intracranial_Aneurysm;@DISEASE_Intracranial_Aneurysm;disease;27.0
@DISEASE_Keratoconus;@DISEASE_Keratoconus;disease;27.0
@DISEASE_Lymphoma_Follicular;@DISEASE_Lymphoma_Follicular;disease;27.0
@DISEASE_Macrophage_Activation_Syndrome;@DISEASE_Macrophage_Activation_Syndrome;disease;27.0
@DISEASE_Muscle_Rigidity;@DISEASE_Muscle_Rigidity;disease;27.0
@DISEASE_Neutrophil_Immunodeficiency_Syndrome;@DISEASE_Neutrophil_Immunodeficiency_Syndrome;disease;27.0
@DISEASE_Ovarian_Cysts;@DISEASE_Ovarian_Cysts;disease;27.0
@DISEASE_Prodromal_Symptoms;@DISEASE_Prodromal_Symptoms;disease;27.0
@DISEASE_Spherocytosis_Type_1;@DISEASE_Spherocytosis_Type_1;disease;27.0
@DISEASE_Stiff_Skin_Syndrome;@DISEASE_Stiff_Skin_Syndrome;disease;27.0
@DISEASE_Vitamin_E_Deficiency;@DISEASE_Vitamin_E_Deficiency;disease;27.0
@DISEASE_Agenesis_of_Cerebellar_Vermis;@DISEASE_Agenesis_of_Cerebellar_Vermis;disease;26.0
@DISEASE_Back_Pain;@DISEASE_Back_Pain;disease;26.0
@DISEASE_Cardiomyopathy_Restrictive;@DISEASE_Cardiomyopathy_Restrictive;disease;26.0
@DISEASE_Chagas_Disease;@DISEASE_Chagas_Disease;disease;26.0
@DISEASE_Chordoma;@DISEASE_Chordoma;disease;26.0
@DISEASE_Corneal_Neovascularization;@DISEASE_Corneal_Neovascularization;disease;26.0
@DISEASE_Digestive_System_Diseases;@DISEASE_Digestive_System_Diseases;disease;26.0
@DISEASE_Disorders_of_Sex_Development;@DISEASE_Disorders_of_Sex_Development;disease;26.0
@DISEASE_Essential_Hypertension;@DISEASE_Essential_Hypertension;disease;26.0
@DISEASE_Frontotemporal_Dementia;@DISEASE_Frontotemporal_Dementia;disease;26.0
@DISEASE_Hermanski_Pudlak_Syndrome;@DISEASE_Hermanski_Pudlak_Syndrome;disease;26.0
@DISEASE_Hydrocephalus;@DISEASE_Hydrocephalus;disease;26.0
@DISEASE_Hyperostosis_corticalis_deformans_juvenilis;@DISEASE_Hyperostosis_corticalis_deformans_juvenilis;disease;26.0
@DISEASE_Leukocytosis;@DISEASE_Leukocytosis;disease;26.0
@DISEASE_Lipoma;@DISEASE_Lipoma;disease;26.0
@DISEASE_Methylmalonic_acidemia;@DISEASE_Methylmalonic_acidemia;disease;26.0
@DISEASE_Mucolipidoses;@DISEASE_Mucolipidoses;disease;26.0
@DISEASE_Multiple_System_Atrophy;@DISEASE_Multiple_System_Atrophy;disease;26.0
@DISEASE_Myocardial_Reperfusion_Injury;@DISEASE_Myocardial_Reperfusion_Injury;disease;26.0
@DISEASE_Osteochondrodysplasias;@DISEASE_Osteochondrodysplasias;disease;26.0
@DISEASE_Periodic_fever_familial_autosomal_dominant;@DISEASE_Periodic_fever_familial_autosomal_dominant;disease;26.0
@DISEASE_Renal_Artery_Obstruction;@DISEASE_Renal_Artery_Obstruction;disease;26.0
@DISEASE_Splenic_Neoplasms;@DISEASE_Splenic_Neoplasms;disease;26.0
@DISEASE_Tissue_Adhesions;@DISEASE_Tissue_Adhesions;disease;26.0
@DISEASE_Alveolitis_Extrinsic_Allergic;@DISEASE_Alveolitis_Extrinsic_Allergic;disease;25.0
@DISEASE_Ascites;@DISEASE_Ascites;disease;25.0
@DISEASE_Carcinoma_Embryonal;@DISEASE_Carcinoma_Embryonal;disease;25.0
@DISEASE_Cerebellar_Diseases;@DISEASE_Cerebellar_Diseases;disease;25.0
@DISEASE_Cerebral_Small_Vessel_Diseases;@DISEASE_Cerebral_Small_Vessel_Diseases;disease;25.0
@DISEASE_Cirrhosis_Familial;@DISEASE_Cirrhosis_Familial;disease;25.0
@DISEASE_Coronary_Aneurysm;@DISEASE_Coronary_Aneurysm;disease;25.0
@DISEASE_Cyclic_neutropenia;@DISEASE_Cyclic_neutropenia;disease;25.0
@DISEASE_Dermatitis_Contact;@DISEASE_Dermatitis_Contact;disease;25.0
@DISEASE_Encephalitis_Herpes_Simplex;@DISEASE_Encephalitis_Herpes_Simplex;disease;25.0
@DISEASE_Exfoliation_Syndrome;@DISEASE_Exfoliation_Syndrome;disease;25.0
@DISEASE_Familial_Hypophosphatemic_Rickets;@DISEASE_Familial_Hypophosphatemic_Rickets;disease;25.0
@DISEASE_Fistula;@DISEASE_Fistula;disease;25.0
@DISEASE_Glucose_Metabolism_Disorders;@DISEASE_Glucose_Metabolism_Disorders;disease;25.0
@DISEASE_Heat_Stress_Disorders;@DISEASE_Heat_Stress_Disorders;disease;25.0
@DISEASE_Hepatitis_E;@DISEASE_Hepatitis_E;disease;25.0
@DISEASE_Hydroa_Vacciniforme;@DISEASE_Hydroa_Vacciniforme;disease;25.0
@DISEASE_Hypertrophy_Left_Ventricular;@DISEASE_Hypertrophy_Left_Ventricular;disease;25.0
@DISEASE_Knee_Injuries;@DISEASE_Knee_Injuries;disease;25.0
@DISEASE_Maple_Syrup_Urine_Disease;@DISEASE_Maple_Syrup_Urine_Disease;disease;25.0
@DISEASE_Mesothelioma;@DISEASE_Mesothelioma;disease;25.0
@DISEASE_N_syndrome;@DISEASE_N_syndrome;disease;25.0
@DISEASE_Nematode_Infections;@DISEASE_Nematode_Infections;disease;25.0
@DISEASE_Neoplasms_Germ_Cell_and_Embryonal;@DISEASE_Neoplasms_Germ_Cell_and_Embryonal;disease;25.0
@DISEASE_Penile_Induration;@DISEASE_Penile_Induration;disease;25.0
@DISEASE_Salivary_Gland_Neoplasms;@DISEASE_Salivary_Gland_Neoplasms;disease;25.0
@DISEASE_Segawa_syndrome_autosomal_recessive;@DISEASE_Segawa_syndrome_autosomal_recessive;disease;25.0
@DISEASE_Tinnitus;@DISEASE_Tinnitus;disease;25.0
@DISEASE_Tooth_Discoloration;@DISEASE_Tooth_Discoloration;disease;25.0
@DISEASE_Urinary_Calculi;@DISEASE_Urinary_Calculi;disease;25.0
@DISEASE_Acromegaly;@DISEASE_Acromegaly;disease;24.0
@DISEASE_Anodontia;@DISEASE_Anodontia;disease;24.0
@DISEASE_Antiphospholipid_Syndrome;@DISEASE_Antiphospholipid_Syndrome;disease;24.0
@DISEASE_Atrioventricular_Block;@DISEASE_Atrioventricular_Block;disease;24.0
@DISEASE_Axial_osteomalacia;@DISEASE_Axial_osteomalacia;disease;24.0
@DISEASE_Blindness;@DISEASE_Blindness;disease;24.0
@DISEASE_Bronchiolitis_Obliterans_Syndrome;@DISEASE_Bronchiolitis_Obliterans_Syndrome;disease;24.0
@DISEASE_Capillary_Malformation_Arteriovenous_Malformation;@DISEASE_Capillary_Malformation_Arteriovenous_Malformation;disease;24.0
@DISEASE_Carcinoma_Giant_Cell;@DISEASE_Carcinoma_Giant_Cell;disease;24.0
@DISEASE_Cerebellar_Ataxia;@DISEASE_Cerebellar_Ataxia;disease;24.0
@DISEASE_Cholangitis_Sclerosing;@DISEASE_Cholangitis_Sclerosing;disease;24.0
@DISEASE_Collagen_Diseases;@DISEASE_Collagen_Diseases;disease;24.0
@DISEASE_Emphysema;@DISEASE_Emphysema;disease;24.0
@DISEASE_Eosinophilia;@DISEASE_Eosinophilia;disease;24.0
@DISEASE_Hematuria;@DISEASE_Hematuria;disease;24.0
@DISEASE_Hip_Injuries;@DISEASE_Hip_Injuries;disease;24.0
@DISEASE_Hippocampal_Sclerosis;@DISEASE_Hippocampal_Sclerosis;disease;24.0
@DISEASE_Hypophosphatemia;@DISEASE_Hypophosphatemia;disease;24.0
@DISEASE_Motor_Neuron_Disease;@DISEASE_Motor_Neuron_Disease;disease;24.0
@DISEASE_Myopathy_with_Giant_Abnormal_Mitochondria;@DISEASE_Myopathy_with_Giant_Abnormal_Mitochondria;disease;24.0
@DISEASE_Mysophobia;@DISEASE_Mysophobia;disease;24.0
@DISEASE_Oral_Submucous_Fibrosis;@DISEASE_Oral_Submucous_Fibrosis;disease;24.0
@DISEASE_Osteitis_Deformans;@DISEASE_Osteitis_Deformans;disease;24.0
@DISEASE_Osteoporosis_pseudoglioma_syndrome;@DISEASE_Osteoporosis_pseudoglioma_syndrome;disease;24.0
@DISEASE_Peripheral_Nerve_Injuries;@DISEASE_Peripheral_Nerve_Injuries;disease;24.0
@DISEASE_Pharyngitis;@DISEASE_Pharyngitis;disease;24.0
@DISEASE_Pneumoconiosis;@DISEASE_Pneumoconiosis;disease;24.0
@DISEASE_Progeria;@DISEASE_Progeria;disease;24.0
@DISEASE_Protein_Deficiency;@DISEASE_Protein_Deficiency;disease;24.0
@DISEASE_Psychomotor_Agitation;@DISEASE_Psychomotor_Agitation;disease;24.0
@DISEASE_Psychomotor_Disorders;@DISEASE_Psychomotor_Disorders;disease;24.0
@DISEASE_Rheumatic_Fever;@DISEASE_Rheumatic_Fever;disease;24.0
@DISEASE_Splenomegaly;@DISEASE_Splenomegaly;disease;24.0
@DISEASE_Still's_Disease_Adult_Onset;@DISEASE_Still's_Disease_Adult_Onset;disease;24.0
@DISEASE_Turcot_syndrome;@DISEASE_Turcot_syndrome;disease;24.0
@DISEASE_Vasculitis_Leukocytoclastic_Cutaneous;@DISEASE_Vasculitis_Leukocytoclastic_Cutaneous;disease;24.0
@DISEASE_Aneuploidy;@DISEASE_Aneuploidy;disease;23.0
@DISEASE_Brain_Concussion;@DISEASE_Brain_Concussion;disease;23.0
@DISEASE_Brain_Diseases_Metabolic_Inborn;@DISEASE_Brain_Diseases_Metabolic_Inborn;disease;23.0
@DISEASE_Communication_Disorders;@DISEASE_Communication_Disorders;disease;23.0
@DISEASE_Connective_Tissue_Diseases;@DISEASE_Connective_Tissue_Diseases;disease;23.0
@DISEASE_Ear_Diseases;@DISEASE_Ear_Diseases;disease;23.0
@DISEASE_Fibrous_Dysplasia_Polyostotic;@DISEASE_Fibrous_Dysplasia_Polyostotic;disease;23.0
@DISEASE_Fluorosis_Dental;@DISEASE_Fluorosis_Dental;disease;23.0
@DISEASE_Hepatorenal_form_of_glycogen_storage_disease;@DISEASE_Hepatorenal_form_of_glycogen_storage_disease;disease;23.0
@DISEASE_Hyperaldosteronism;@DISEASE_Hyperaldosteronism;disease;23.0
@DISEASE_Hypersensitivity;@DISEASE_Hypersensitivity;disease;23.0
@DISEASE_Hypesthesia;@DISEASE_Hypesthesia;disease;23.0
@DISEASE_Hypoalbuminemia;@DISEASE_Hypoalbuminemia;disease;23.0
@DISEASE_Lymphatic_Diseases;@DISEASE_Lymphatic_Diseases;disease;23.0
@DISEASE_Lymphoma_Mantle_Cell;@DISEASE_Lymphoma_Mantle_Cell;disease;23.0
@DISEASE_Mesothelioma_Malignant;@DISEASE_Mesothelioma_Malignant;disease;23.0
@DISEASE_Methemoglobinemia;@DISEASE_Methemoglobinemia;disease;23.0
@DISEASE_Myelitis_Transverse;@DISEASE_Myelitis_Transverse;disease;23.0
@DISEASE_Non_Muscle_Invasive_Bladder_Neoplasms;@DISEASE_Non_Muscle_Invasive_Bladder_Neoplasms;disease;23.0
@DISEASE_O'Donnell_Pappas_syndrome;@DISEASE_O'Donnell_Pappas_syndrome;disease;23.0
@DISEASE_Ocular_Hypertension;@DISEASE_Ocular_Hypertension;disease;23.0
@DISEASE_Oculocutaneous_albinism_type_2;@DISEASE_Oculocutaneous_albinism_type_2;disease;23.0
@DISEASE_Osteoarthritis_Hip;@DISEASE_Osteoarthritis_Hip;disease;23.0
@DISEASE_Pneumonia_Ventilator_Associated;@DISEASE_Pneumonia_Ventilator_Associated;disease;23.0
@DISEASE_Pulmonary_Atelectasis;@DISEASE_Pulmonary_Atelectasis;disease;23.0
@DISEASE_Rickets;@DISEASE_Rickets;disease;23.0
@DISEASE_Spinocerebellar_Ataxias;@DISEASE_Spinocerebellar_Ataxias;disease;23.0
@DISEASE_Thalassemia;@DISEASE_Thalassemia;disease;23.0
@DISEASE_Uterine_Cervical_Dysplasia;@DISEASE_Uterine_Cervical_Dysplasia;disease;23.0
@DISEASE_Xanthomatosis_Cerebrotendinous;@DISEASE_Xanthomatosis_Cerebrotendinous;disease;23.0
@DISEASE_Adrenal_Hyperplasia_Congenital;@DISEASE_Adrenal_Hyperplasia_Congenital;disease;22.0
@DISEASE_Adrenoleukodystrophy;@DISEASE_Adrenoleukodystrophy;disease;22.0
@DISEASE_Airway_Obstruction;@DISEASE_Airway_Obstruction;disease;22.0
@DISEASE_Anemia_Iron_Deficiency;@DISEASE_Anemia_Iron_Deficiency;disease;22.0
@DISEASE_Aortic_Aneurysm;@DISEASE_Aortic_Aneurysm;disease;22.0
@DISEASE_Aortic_Aneurysm_Familial_Abdominal_1;@DISEASE_Aortic_Aneurysm_Familial_Abdominal_1;disease;22.0
@DISEASE_Apraxias;@DISEASE_Apraxias;disease;22.0
@DISEASE_Bone_Marrow_Failure_Disorders;@DISEASE_Bone_Marrow_Failure_Disorders;disease;22.0
@DISEASE_Cachexia;@DISEASE_Cachexia;disease;22.0
@DISEASE_Calcium_Metabolism_Disorders;@DISEASE_Calcium_Metabolism_Disorders;disease;22.0
@DISEASE_Choriocarcinoma;@DISEASE_Choriocarcinoma;disease;22.0
@DISEASE_Craniocerebral_Trauma;@DISEASE_Craniocerebral_Trauma;disease;22.0
@DISEASE_Dentin_Sensitivity;@DISEASE_Dentin_Sensitivity;disease;22.0
@DISEASE_Developmental_Defects_of_Enamel;@DISEASE_Developmental_Defects_of_Enamel;disease;22.0
@DISEASE_Diffuse_Intrinsic_Pontine_Glioma;@DISEASE_Diffuse_Intrinsic_Pontine_Glioma;disease;22.0
@DISEASE_Extravasation_of_Diagnostic_and_Therapeutic_Materials;@DISEASE_Extravasation_of_Diagnostic_and_Therapeutic_Materials;disease;22.0
@DISEASE_Gingivitis;@DISEASE_Gingivitis;disease;22.0
@DISEASE_Heart_Valve_Diseases;@DISEASE_Heart_Valve_Diseases;disease;22.0
@DISEASE_Hyperbilirubinemia;@DISEASE_Hyperbilirubinemia;disease;22.0
@DISEASE_Inert_Gas_Narcosis;@DISEASE_Inert_Gas_Narcosis;disease;22.0
@DISEASE_Juvenile_osteoporosis;@DISEASE_Juvenile_osteoporosis;disease;22.0
@DISEASE_Meningism;@DISEASE_Meningism;disease;22.0
@DISEASE_Metabolic_Side_Effects_of_Drugs_and_Substances;@DISEASE_Metabolic_Side_Effects_of_Drugs_and_Substances;disease;22.0
@DISEASE_Myasthenic_Syndromes_Congenital;@DISEASE_Myasthenic_Syndromes_Congenital;disease;22.0
@DISEASE_Neural_Tube_Defects;@DISEASE_Neural_Tube_Defects;disease;22.0
@DISEASE_Neuritis_Autoimmune_Experimental;@DISEASE_Neuritis_Autoimmune_Experimental;disease;22.0
@DISEASE_Neuroma_Acoustic;@DISEASE_Neuroma_Acoustic;disease;22.0
@DISEASE_Night_blindness_congenital_stationary;@DISEASE_Night_blindness_congenital_stationary;disease;22.0
@DISEASE_Peptic_Ulcer;@DISEASE_Peptic_Ulcer;disease;22.0
@DISEASE_Peripheral_Arterial_Disease;@DISEASE_Peripheral_Arterial_Disease;disease;22.0
@DISEASE_Periprosthetic_Fractures;@DISEASE_Periprosthetic_Fractures;disease;22.0
@DISEASE_Scleroderma_Diffuse;@DISEASE_Scleroderma_Diffuse;disease;22.0
@DISEASE_Spondylocostal_dysostosis_autosomal_recessive;@DISEASE_Spondylocostal_dysostosis_autosomal_recessive;disease;22.0
@DISEASE_Telfer_Sugar_Jaeger_syndrome;@DISEASE_Telfer_Sugar_Jaeger_syndrome;disease;22.0
@DISEASE_Thyroiditis_Subacute;@DISEASE_Thyroiditis_Subacute;disease;22.0
@DISEASE_Urethritis;@DISEASE_Urethritis;disease;22.0
@DISEASE_Urinary_Bladder_Diseases;@DISEASE_Urinary_Bladder_Diseases;disease;22.0
@DISEASE_Uveomeningoencephalitic_Syndrome;@DISEASE_Uveomeningoencephalitic_Syndrome;disease;22.0
@DISEASE_X_Linked_Combined_Immunodeficiency_Diseases;@DISEASE_X_Linked_Combined_Immunodeficiency_Diseases;disease;22.0
@DISEASE_Autonomic_Nervous_System_Diseases;@DISEASE_Autonomic_Nervous_System_Diseases;disease;21.0
@DISEASE_Cardiovascular_Abnormalities;@DISEASE_Cardiovascular_Abnormalities;disease;21.0
@DISEASE_Central_Nervous_System_Infections;@DISEASE_Central_Nervous_System_Infections;disease;21.0
@DISEASE_Cholecystitis;@DISEASE_Cholecystitis;disease;21.0
@DISEASE_Cystinosis;@DISEASE_Cystinosis;disease;21.0
@DISEASE_Flatfoot;@DISEASE_Flatfoot;disease;21.0
@DISEASE_Foodborne_Diseases;@DISEASE_Foodborne_Diseases;disease;21.0
@DISEASE_Gonorrhea;@DISEASE_Gonorrhea;disease;21.0
@DISEASE_Guillain_Barre_Syndrome;@DISEASE_Guillain_Barre_Syndrome;disease;21.0
@DISEASE_Hyperparathyroidism_Secondary;@DISEASE_Hyperparathyroidism_Secondary;disease;21.0
@DISEASE_Hypertensive_Nephropathy;@DISEASE_Hypertensive_Nephropathy;disease;21.0
@DISEASE_Late_Onset_Disorders;@DISEASE_Late_Onset_Disorders;disease;21.0
@DISEASE_Lens_Diseases;@DISEASE_Lens_Diseases;disease;21.0
@DISEASE_Leukemia_Lymphoma_Adult_T_Cell;@DISEASE_Leukemia_Lymphoma_Adult_T_Cell;disease;21.0
@DISEASE_Mucopolysaccharidosis_II;@DISEASE_Mucopolysaccharidosis_II;disease;21.0
@DISEASE_Musculoskeletal_Pain;@DISEASE_Musculoskeletal_Pain;disease;21.0
@DISEASE_Nevus_Pigmented;@DISEASE_Nevus_Pigmented;disease;21.0
@DISEASE_Papilledema;@DISEASE_Papilledema;disease;21.0
@DISEASE_Pediatric_Obesity;@DISEASE_Pediatric_Obesity;disease;21.0
@DISEASE_Pleural_Effusion;@DISEASE_Pleural_Effusion;disease;21.0
@DISEASE_Preeclamptic_toxemia;@DISEASE_Preeclamptic_toxemia;disease;21.0
@DISEASE_Prion_Diseases;@DISEASE_Prion_Diseases;disease;21.0
@DISEASE_Pyruvate_Kinase_Deficiency_of_Red_Cells;@DISEASE_Pyruvate_Kinase_Deficiency_of_Red_Cells;disease;21.0
@DISEASE_Radiation_Fibrosis_Syndrome;@DISEASE_Radiation_Fibrosis_Syndrome;disease;21.0
@DISEASE_Radiation_Pneumonitis;@DISEASE_Radiation_Pneumonitis;disease;21.0
@DISEASE_Rare_Diseases;@DISEASE_Rare_Diseases;disease;21.0
@DISEASE_Sensation_Disorders;@DISEASE_Sensation_Disorders;disease;21.0
@DISEASE_Tendinopathy;@DISEASE_Tendinopathy;disease;21.0
@DISEASE_Thymoma;@DISEASE_Thymoma;disease;21.0
@DISEASE_Urea_Cycle_Disorders_Inborn;@DISEASE_Urea_Cycle_Disorders_Inborn;disease;21.0
@DISEASE_Viremia;@DISEASE_Viremia;disease;21.0
@DISEASE_Winter_Shortland_Temple_syndrome;@DISEASE_Winter_Shortland_Temple_syndrome;disease;21.0
@DISEASE_Acinetobacter_Infections;@DISEASE_Acinetobacter_Infections;disease;20.0
@DISEASE_Anti_N_Methyl_D_Aspartate_Receptor_Encephalitis;@DISEASE_Anti_N_Methyl_D_Aspartate_Receptor_Encephalitis;disease;20.0
@DISEASE_Ciliary_Motility_Disorders;@DISEASE_Ciliary_Motility_Disorders;disease;20.0
@DISEASE_Colorectal_Neoplasms_Hereditary_Nonpolyposis;@DISEASE_Colorectal_Neoplasms_Hereditary_Nonpolyposis;disease;20.0
@DISEASE_Conjunctival_Diseases;@DISEASE_Conjunctival_Diseases;disease;20.0
@DISEASE_Corneal_Injuries;@DISEASE_Corneal_Injuries;disease;20.0
@DISEASE_Craniofacial_Abnormalities;@DISEASE_Craniofacial_Abnormalities;disease;20.0
@DISEASE_Craniosynostoses;@DISEASE_Craniosynostoses;disease;20.0
@DISEASE_Dermatitis_Allergic_Contact;@DISEASE_Dermatitis_Allergic_Contact;disease;20.0
@DISEASE_Dermatitis_Phototoxic;@DISEASE_Dermatitis_Phototoxic;disease;20.0
@DISEASE_Diabetic_Ketoacidosis;@DISEASE_Diabetic_Ketoacidosis;disease;20.0
@DISEASE_Disruptive_Impulse_Control_and_Conduct_Disorders;@DISEASE_Disruptive_Impulse_Control_and_Conduct_Disorders;disease;20.0
@DISEASE_Enterocolitis_Necrotizing;@DISEASE_Enterocolitis_Necrotizing;disease;20.0
@DISEASE_Erythema_elevatum_diutinum;@DISEASE_Erythema_elevatum_diutinum;disease;20.0
@DISEASE_Fibrocartilaginous_embolism;@DISEASE_Fibrocartilaginous_embolism;disease;20.0
@DISEASE_Genital_Neoplasms_Female;@DISEASE_Genital_Neoplasms_Female;disease;20.0
@DISEASE_Glomerulosclerosis_Focal_Segmental;@DISEASE_Glomerulosclerosis_Focal_Segmental;disease;20.0
@DISEASE_Hyperkalemia;@DISEASE_Hyperkalemia;disease;20.0
@DISEASE_Hyperparathyroidism_Primary;@DISEASE_Hyperparathyroidism_Primary;disease;20.0
@DISEASE_Hyperphosphatemia;@DISEASE_Hyperphosphatemia;disease;20.0
@DISEASE_Hypospadias;@DISEASE_Hypospadias;disease;20.0
@DISEASE_Isotretinoin_embryopathy_like_syndrome;@DISEASE_Isotretinoin_embryopathy_like_syndrome;disease;20.0
@DISEASE_Klatskin_Tumor;@DISEASE_Klatskin_Tumor;disease;20.0
@DISEASE_Liposarcoma;@DISEASE_Liposarcoma;disease;20.0
@DISEASE_Lymphoma_Large_Cell_Anaplastic;@DISEASE_Lymphoma_Large_Cell_Anaplastic;disease;20.0
@DISEASE_Lymphoma_T_Cell;@DISEASE_Lymphoma_T_Cell;disease;20.0
@DISEASE_Malformations_of_Cortical_Development;@DISEASE_Malformations_of_Cortical_Development;disease;20.0
@DISEASE_Mammary_Neoplasms_Animal;@DISEASE_Mammary_Neoplasms_Animal;disease;20.0
@DISEASE_Moyamoya_Disease;@DISEASE_Moyamoya_Disease;disease;20.0
@DISEASE_Neoplasms_Squamous_Cell;@DISEASE_Neoplasms_Squamous_Cell;disease;20.0
@DISEASE_Nephritis_Hereditary;@DISEASE_Nephritis_Hereditary;disease;20.0
@DISEASE_Nephritis_Interstitial;@DISEASE_Nephritis_Interstitial;disease;20.0
@DISEASE_Neurosarcoidosis;@DISEASE_Neurosarcoidosis;disease;20.0
@DISEASE_Oligodendroglioma;@DISEASE_Oligodendroglioma;disease;20.0
@DISEASE_Optic_Neuropathy_Ischemic;@DISEASE_Optic_Neuropathy_Ischemic;disease;20.0
@DISEASE_Osteopenic_Nonfracture_Syndrome;@DISEASE_Osteopenic_Nonfracture_Syndrome;disease;20.0
@DISEASE_Pancreatic_Diseases;@DISEASE_Pancreatic_Diseases;disease;20.0
@DISEASE_Paresthesia;@DISEASE_Paresthesia;disease;20.0
@DISEASE_Plaque_Amyloid;@DISEASE_Plaque_Amyloid;disease;20.0
@DISEASE_Polyneuropathies;@DISEASE_Polyneuropathies;disease;20.0
@DISEASE_Prosthesis_Failure;@DISEASE_Prosthesis_Failure;disease;20.0
@DISEASE_Pulpitis;@DISEASE_Pulpitis;disease;20.0
@DISEASE_Stiff_Person_Syndrome;@DISEASE_Stiff_Person_Syndrome;disease;20.0
@DISEASE_Torsades_de_Pointes;@DISEASE_Torsades_de_Pointes;disease;20.0
@DISEASE_Varicose_Veins;@DISEASE_Varicose_Veins;disease;20.0
@DISEASE_Ventilator_Induced_Lung_Injury;@DISEASE_Ventilator_Induced_Lung_Injury;disease;20.0
@DISEASE_Agranulocytosis;@DISEASE_Agranulocytosis;disease;19.0
@DISEASE_Albinism;@DISEASE_Albinism;disease;19.0
@DISEASE_Alkalosis;@DISEASE_Alkalosis;disease;19.0
@DISEASE_Amino_Acid_Metabolism_Inborn_Errors;@DISEASE_Amino_Acid_Metabolism_Inborn_Errors;disease;19.0
@DISEASE_Ankle_Injuries;@DISEASE_Ankle_Injuries;disease;19.0
@DISEASE_Arteriovenous_Fistula;@DISEASE_Arteriovenous_Fistula;disease;19.0
@DISEASE_Brain_Stem_Neoplasms;@DISEASE_Brain_Stem_Neoplasms;disease;19.0
@DISEASE_Bronchial_Spasm;@DISEASE_Bronchial_Spasm;disease;19.0
@DISEASE_Carcinoma_Merkel_Cell;@DISEASE_Carcinoma_Merkel_Cell;disease;19.0
@DISEASE_Carcinoma_Small_Cell;@DISEASE_Carcinoma_Small_Cell;disease;19.0
@DISEASE_Charcot_Marie_Tooth_Disease;@DISEASE_Charcot_Marie_Tooth_Disease;disease;19.0
@DISEASE_Cicatrix_Hypertrophic;@DISEASE_Cicatrix_Hypertrophic;disease;19.0
@DISEASE_Congenital_disorder_of_glycosylation_type_1A;@DISEASE_Congenital_disorder_of_glycosylation_type_1A;disease;19.0
@DISEASE_Corneal_Diseases;@DISEASE_Corneal_Diseases;disease;19.0
@DISEASE_Diabetic_Angiopathies;@DISEASE_Diabetic_Angiopathies;disease;19.0
@DISEASE_Disorders_of_Excessive_Somnolence;@DISEASE_Disorders_of_Excessive_Somnolence;disease;19.0
@DISEASE_Endophthalmitis;@DISEASE_Endophthalmitis;disease;19.0
@DISEASE_Endotoxemia;@DISEASE_Endotoxemia;disease;19.0
@DISEASE_Fused_Kidney;@DISEASE_Fused_Kidney;disease;19.0
@DISEASE_Glycogen_Storage_Disease;@DISEASE_Glycogen_Storage_Disease;disease;19.0
@DISEASE_Glycogen_Storage_Disease_XIV;@DISEASE_Glycogen_Storage_Disease_XIV;disease;19.0
@DISEASE_Hyperparathyroidism;@DISEASE_Hyperparathyroidism;disease;19.0
@DISEASE_Intracranial_Hypertension;@DISEASE_Intracranial_Hypertension;disease;19.0
@DISEASE_Kidney_Tubular_Necrosis_Acute;@DISEASE_Kidney_Tubular_Necrosis_Acute;disease;19.0
@DISEASE_Leprosy;@DISEASE_Leprosy;disease;19.0
@DISEASE_Lymphoma_B_Cell_Marginal_Zone;@DISEASE_Lymphoma_B_Cell_Marginal_Zone;disease;19.0
@DISEASE_Microsatellite_Instability;@DISEASE_Microsatellite_Instability;disease;19.0
@DISEASE_Microvascular_Angina;@DISEASE_Microvascular_Angina;disease;19.0
@DISEASE_Obesity_Maternal;@DISEASE_Obesity_Maternal;disease;19.0
@DISEASE_Osteochondritis;@DISEASE_Osteochondritis;disease;19.0
@DISEASE_Papillary_Thyroid_Microcarcinoma;@DISEASE_Papillary_Thyroid_Microcarcinoma;disease;19.0
@DISEASE_Pathological_Conditions_Anatomical;@DISEASE_Pathological_Conditions_Anatomical;disease;19.0
@DISEASE_Polycythemia;@DISEASE_Polycythemia;disease;19.0
@DISEASE_Pregnancy_in_Diabetics;@DISEASE_Pregnancy_in_Diabetics;disease;19.0
@DISEASE_Renal_Tubular_Transport_Inborn_Errors;@DISEASE_Renal_Tubular_Transport_Inborn_Errors;disease;19.0
@DISEASE_Tay_Sachs_Disease_AB_Variant;@DISEASE_Tay_Sachs_Disease_AB_Variant;disease;19.0
@DISEASE_Thyroid_cancer_medullary;@DISEASE_Thyroid_cancer_medullary;disease;19.0
@DISEASE_Trigeminal_Neuralgia;@DISEASE_Trigeminal_Neuralgia;disease;19.0
@DISEASE_Uterine_Neoplasms;@DISEASE_Uterine_Neoplasms;disease;19.0
@DISEASE_Angioedema;@DISEASE_Angioedema;disease;18.0
@DISEASE_Aphasia_Broca;@DISEASE_Aphasia_Broca;disease;18.0
@DISEASE_Burkitt_Lymphoma;@DISEASE_Burkitt_Lymphoma;disease;18.0
@DISEASE_Capsule_Opacification;@DISEASE_Capsule_Opacification;disease;18.0
@DISEASE_Congenital_contractural_arachnodactyly;@DISEASE_Congenital_contractural_arachnodactyly;disease;18.0
@DISEASE_Copper_deficiency_familial_benign;@DISEASE_Copper_deficiency_familial_benign;disease;18.0
@DISEASE_Dyskinesias;@DISEASE_Dyskinesias;disease;18.0
@DISEASE_Embolism;@DISEASE_Embolism;disease;18.0
@DISEASE_Epilepsy_Temporal_Lobe;@DISEASE_Epilepsy_Temporal_Lobe;disease;18.0
@DISEASE_Epileptic_Syndromes;@DISEASE_Epileptic_Syndromes;disease;18.0
@DISEASE_Epiretinal_Membrane;@DISEASE_Epiretinal_Membrane;disease;18.0
@DISEASE_Fanconi_Anemia;@DISEASE_Fanconi_Anemia;disease;18.0
@DISEASE_Femoral_Fractures_Distal;@DISEASE_Femoral_Fractures_Distal;disease;18.0
@DISEASE_Femur_Head_Necrosis;@DISEASE_Femur_Head_Necrosis;disease;18.0
@DISEASE_Fetal_Membranes_Premature_Rupture;@DISEASE_Fetal_Membranes_Premature_Rupture;disease;18.0
@DISEASE_Fibrosarcoma;@DISEASE_Fibrosarcoma;disease;18.0
@DISEASE_Follicular_Cyst;@DISEASE_Follicular_Cyst;disease;18.0
@DISEASE_Gastritis_Atrophic;@DISEASE_Gastritis_Atrophic;disease;18.0
@DISEASE_Giant_Cell_Arteritis;@DISEASE_Giant_Cell_Arteritis;disease;18.0
@DISEASE_Glycogen_Storage_Disease_Type_IV;@DISEASE_Glycogen_Storage_Disease_Type_IV;disease;18.0
@DISEASE_Hematoma;@DISEASE_Hematoma;disease;18.0
@DISEASE_Hereditary_pancreatitis;@DISEASE_Hereditary_pancreatitis;disease;18.0
@DISEASE_Hyperandrogenism;@DISEASE_Hyperandrogenism;disease;18.0
@DISEASE_Hypophosphatasia;@DISEASE_Hypophosphatasia;disease;18.0
@DISEASE_Intracranial_Arteriovenous_Malformations;@DISEASE_Intracranial_Arteriovenous_Malformations;disease;18.0
@DISEASE_Lafora_Disease;@DISEASE_Lafora_Disease;disease;18.0
@DISEASE_Lentigo;@DISEASE_Lentigo;disease;18.0
@DISEASE_Leukemia_Myeloid;@DISEASE_Leukemia_Myeloid;disease;18.0
@DISEASE_Medium_chain_acyl_CoA_dehydrogenase_deficiency;@DISEASE_Medium_chain_acyl_CoA_dehydrogenase_deficiency;disease;18.0
@DISEASE_Mitral_Valve_Insufficiency;@DISEASE_Mitral_Valve_Insufficiency;disease;18.0
@DISEASE_Neuromyelitis_Optica;@DISEASE_Neuromyelitis_Optica;disease;18.0
@DISEASE_Nevus;@DISEASE_Nevus;disease;18.0
@DISEASE_Paralysis;@DISEASE_Paralysis;disease;18.0
@DISEASE_Patellofemoral_Pain_Syndrome;@DISEASE_Patellofemoral_Pain_Syndrome;disease;18.0
@DISEASE_Pediatric_acute_onset_neuropsychiatric_syndrome;@DISEASE_Pediatric_acute_onset_neuropsychiatric_syndrome;disease;18.0
@DISEASE_Precursor_B_Cell_Lymphoblastic_Leukemia_Lymphoma;@DISEASE_Precursor_B_Cell_Lymphoblastic_Leukemia_Lymphoma;disease;18.0
@DISEASE_Primary_hyperoxaluria_type_1;@DISEASE_Primary_hyperoxaluria_type_1;disease;18.0
@DISEASE_Pyoderma_Gangrenosum;@DISEASE_Pyoderma_Gangrenosum;disease;18.0
@DISEASE_Pyruvate_Dehydrogenase_Complex_Deficiency_Disease;@DISEASE_Pyruvate_Dehydrogenase_Complex_Deficiency_Disease;disease;18.0
@DISEASE_Radiculopathy;@DISEASE_Radiculopathy;disease;18.0
@DISEASE_Retinal_Detachment;@DISEASE_Retinal_Detachment;disease;18.0
@DISEASE_Rickets_Hypophosphatemic;@DISEASE_Rickets_Hypophosphatemic;disease;18.0
@DISEASE_Skin_Abnormalities;@DISEASE_Skin_Abnormalities;disease;18.0
@DISEASE_Uremia;@DISEASE_Uremia;disease;18.0
@DISEASE_Virilism;@DISEASE_Virilism;disease;18.0
@DISEASE_Acidosis_Renal_Tubular;@DISEASE_Acidosis_Renal_Tubular;disease;17.0
@DISEASE_Adenomyosis;@DISEASE_Adenomyosis;disease;17.0
@DISEASE_Bile_Duct_Neoplasms;@DISEASE_Bile_Duct_Neoplasms;disease;17.0
@DISEASE_Bronchitis;@DISEASE_Bronchitis;disease;17.0
@DISEASE_Clubfoot;@DISEASE_Clubfoot;disease;17.0
@DISEASE_Coenzyme_Q10_Deficiency;@DISEASE_Coenzyme_Q10_Deficiency;disease;17.0
@DISEASE_Endometrial_Stromal_Tumors;@DISEASE_Endometrial_Stromal_Tumors;disease;17.0
@DISEASE_Enterocolitis_Pseudomembranous;@DISEASE_Enterocolitis_Pseudomembranous;disease;17.0
@DISEASE_Fuchs'_Endothelial_Dystrophy;@DISEASE_Fuchs'_Endothelial_Dystrophy;disease;17.0
@DISEASE_Hand_Foot_Syndrome;@DISEASE_Hand_Foot_Syndrome;disease;17.0
@DISEASE_Hodgkin_Disease;@DISEASE_Hodgkin_Disease;disease;17.0
@DISEASE_Hypereosinophilic_Syndrome;@DISEASE_Hypereosinophilic_Syndrome;disease;17.0
@DISEASE_Hypothyroidism_Congenital_Nongoitrous_2;@DISEASE_Hypothyroidism_Congenital_Nongoitrous_2;disease;17.0
@DISEASE_Kidney_Diseases_Cystic;@DISEASE_Kidney_Diseases_Cystic;disease;17.0
@DISEASE_Leber_Congenital_Amaurosis;@DISEASE_Leber_Congenital_Amaurosis;disease;17.0
@DISEASE_Leukemia_Promyelocytic_Acute;@DISEASE_Leukemia_Promyelocytic_Acute;disease;17.0
@DISEASE_Leukodystrophy_Metachromatic;@DISEASE_Leukodystrophy_Metachromatic;disease;17.0
@DISEASE_MELAS_Syndrome;@DISEASE_MELAS_Syndrome;disease;17.0
@DISEASE_Massive_Hepatic_Necrosis;@DISEASE_Massive_Hepatic_Necrosis;disease;17.0
@DISEASE_Meckel_syndrome_type_1;@DISEASE_Meckel_syndrome_type_1;disease;17.0
@DISEASE_Mitral_Valve_Prolapse_Myxomatous_2;@DISEASE_Mitral_Valve_Prolapse_Myxomatous_2;disease;17.0
@DISEASE_Muscular_dystrophy_congenital_with_central_nervous_system_involvement;@DISEASE_Muscular_dystrophy_congenital_with_central_nervous_system_involvement;disease;17.0
@DISEASE_Paraganglioma;@DISEASE_Paraganglioma;disease;17.0
@DISEASE_Polyuria;@DISEASE_Polyuria;disease;17.0
@DISEASE_Pterygium;@DISEASE_Pterygium;disease;17.0
@DISEASE_Recombinant_chromosome_8_syndrome;@DISEASE_Recombinant_chromosome_8_syndrome;disease;17.0
@DISEASE_Shock_Cardiogenic;@DISEASE_Shock_Cardiogenic;disease;17.0
@DISEASE_Spondylitis;@DISEASE_Spondylitis;disease;17.0
@DISEASE_Squamous_Intraepithelial_Lesions;@DISEASE_Squamous_Intraepithelial_Lesions;disease;17.0
@DISEASE_Substance_Withdrawal_Syndrome;@DISEASE_Substance_Withdrawal_Syndrome;disease;17.0
@DISEASE_Tn_Syndrome;@DISEASE_Tn_Syndrome;disease;17.0
@DISEASE_Tourette_Syndrome;@DISEASE_Tourette_Syndrome;disease;17.0
@DISEASE_Vitamin_A_Deficiency;@DISEASE_Vitamin_A_Deficiency;disease;17.0
@DISEASE_Warts;@DISEASE_Warts;disease;17.0
@DISEASE_Wasting_Syndrome;@DISEASE_Wasting_Syndrome;disease;17.0
@DISEASE_Adenoma_Liver_Cell;@DISEASE_Adenoma_Liver_Cell;disease;16.0
@DISEASE_Anophthalmia_with_pulmonary_hypoplasia;@DISEASE_Anophthalmia_with_pulmonary_hypoplasia;disease;16.0
@DISEASE_Anti_Neutrophil_Cytoplasmic_Antibody_Associated_Vasculitis;@DISEASE_Anti_Neutrophil_Cytoplasmic_Antibody_Associated_Vasculitis;disease;16.0
@DISEASE_Aortic_Dissection;@DISEASE_Aortic_Dissection;disease;16.0
@DISEASE_Aromatic_amino_acid_decarboxylase_deficiency;@DISEASE_Aromatic_amino_acid_decarboxylase_deficiency;disease;16.0
@DISEASE_Asthenia;@DISEASE_Asthenia;disease;16.0
@DISEASE_Carcinoma_Signet_Ring_Cell;@DISEASE_Carcinoma_Signet_Ring_Cell;disease;16.0
@DISEASE_Cardiac_Output_Low;@DISEASE_Cardiac_Output_Low;disease;16.0
@DISEASE_Colonic_Polyps;@DISEASE_Colonic_Polyps;disease;16.0
@DISEASE_Conjunctivitis;@DISEASE_Conjunctivitis;disease;16.0
@DISEASE_Corneal_Opacity;@DISEASE_Corneal_Opacity;disease;16.0
@DISEASE_Crystal_Arthropathies;@DISEASE_Crystal_Arthropathies;disease;16.0
@DISEASE_Cushing's_symphalangism;@DISEASE_Cushing's_symphalangism;disease;16.0
@DISEASE_Egg_Hypersensitivity;@DISEASE_Egg_Hypersensitivity;disease;16.0
@DISEASE_Ehlers_Danlos_Syndrome;@DISEASE_Ehlers_Danlos_Syndrome;disease;16.0
@DISEASE_Epilepsies_Myoclonic;@DISEASE_Epilepsies_Myoclonic;disease;16.0
@DISEASE_Erythema_Nodosum;@DISEASE_Erythema_Nodosum;disease;16.0
@DISEASE_Exophthalmos;@DISEASE_Exophthalmos;disease;16.0
@DISEASE_Febrile_Neutropenia;@DISEASE_Febrile_Neutropenia;disease;16.0
@DISEASE_Fibrolamellar_hepatocellular_carcinoma;@DISEASE_Fibrolamellar_hepatocellular_carcinoma;disease;16.0
@DISEASE_Flushing;@DISEASE_Flushing;disease;16.0
@DISEASE_Heart_Failure_Diastolic;@DISEASE_Heart_Failure_Diastolic;disease;16.0
@DISEASE_Hernia_Inguinal;@DISEASE_Hernia_Inguinal;disease;16.0
@DISEASE_Herpes_Simplex;@DISEASE_Herpes_Simplex;disease;16.0
@DISEASE_Hyperemia;@DISEASE_Hyperemia;disease;16.0
@DISEASE_Intraocular_Lymphoma;@DISEASE_Intraocular_Lymphoma;disease;16.0
@DISEASE_Leukemia_Prolymphocytic_T_Cell;@DISEASE_Leukemia_Prolymphocytic_T_Cell;disease;16.0
@DISEASE_Lymphoma_T_Cell_Cutaneous;@DISEASE_Lymphoma_T_Cell_Cutaneous;disease;16.0
@DISEASE_Lymphoma_T_Cell_Peripheral;@DISEASE_Lymphoma_T_Cell_Peripheral;disease;16.0
@DISEASE_Menorrhagia;@DISEASE_Menorrhagia;disease;16.0
@DISEASE_Metrorrhagia;@DISEASE_Metrorrhagia;disease;16.0
@DISEASE_Multiple_Acyl_Coenzyme_A_Dehydrogenase_Deficiency;@DISEASE_Multiple_Acyl_Coenzyme_A_Dehydrogenase_Deficiency;disease;16.0
@DISEASE_Multiple_Sclerosis_Relapsing_Remitting;@DISEASE_Multiple_Sclerosis_Relapsing_Remitting;disease;16.0
@DISEASE_Neurofibrosarcoma;@DISEASE_Neurofibrosarcoma;disease;16.0
@DISEASE_Ocular_Motility_Disorders;@DISEASE_Ocular_Motility_Disorders;disease;16.0
@DISEASE_Ossification_Heterotopic;@DISEASE_Ossification_Heterotopic;disease;16.0
@DISEASE_Ossification_of_Posterior_Longitudinal_Ligament;@DISEASE_Ossification_of_Posterior_Longitudinal_Ligament;disease;16.0
@DISEASE_Osteogenesis_imperfecta_type_1A;@DISEASE_Osteogenesis_imperfecta_type_1A;disease;16.0
@DISEASE_Parasitic_Diseases;@DISEASE_Parasitic_Diseases;disease;16.0
@DISEASE_Parkinsonism_Dystonia_Infantile;@DISEASE_Parkinsonism_Dystonia_Infantile;disease;16.0
@DISEASE_Philadelphia_Chromosome;@DISEASE_Philadelphia_Chromosome;disease;16.0
@DISEASE_Pleural_Effusion_Malignant;@DISEASE_Pleural_Effusion_Malignant;disease;16.0
@DISEASE_Polycystic_Kidney_Diseases;@DISEASE_Polycystic_Kidney_Diseases;disease;16.0
@DISEASE_Prurigo;@DISEASE_Prurigo;disease;16.0
@DISEASE_Ptosis_Hereditary_Congenital_2;@DISEASE_Ptosis_Hereditary_Congenital_2;disease;16.0
@DISEASE_Puberty_Precocious;@DISEASE_Puberty_Precocious;disease;16.0
@DISEASE_Radiodermatitis;@DISEASE_Radiodermatitis;disease;16.0
@DISEASE_Raynaud_Disease;@DISEASE_Raynaud_Disease;disease;16.0
@DISEASE_Sarcoidosis_Pulmonary;@DISEASE_Sarcoidosis_Pulmonary;disease;16.0
@DISEASE_Shock_Hemorrhagic;@DISEASE_Shock_Hemorrhagic;disease;16.0
@DISEASE_Urinary_Bladder_Neurogenic;@DISEASE_Urinary_Bladder_Neurogenic;disease;16.0
@DISEASE_Acneiform_Eruptions;@DISEASE_Acneiform_Eruptions;disease;15.0
@DISEASE_Acrospiroma;@DISEASE_Acrospiroma;disease;15.0
@DISEASE_Adrenal_Gland_Diseases;@DISEASE_Adrenal_Gland_Diseases;disease;15.0
@DISEASE_Albinism_Oculocutaneous;@DISEASE_Albinism_Oculocutaneous;disease;15.0
@DISEASE_Anosmia;@DISEASE_Anosmia;disease;15.0
@DISEASE_Anus_Neoplasms;@DISEASE_Anus_Neoplasms;disease;15.0
@DISEASE_Carcinosarcoma;@DISEASE_Carcinosarcoma;disease;15.0
@DISEASE_Cerebral_Arterial_Diseases;@DISEASE_Cerebral_Arterial_Diseases;disease;15.0
@DISEASE_Chronic_recurrent_multifocal_osteomyelitis;@DISEASE_Chronic_recurrent_multifocal_osteomyelitis;disease;15.0
@DISEASE_Citrullinemia;@DISEASE_Citrullinemia;disease;15.0
@DISEASE_Cold_Injury;@DISEASE_Cold_Injury;disease;15.0
@DISEASE_Diffuse_Neurofibrillary_Tangles_with_Calcification;@DISEASE_Diffuse_Neurofibrillary_Tangles_with_Calcification;disease;15.0
@DISEASE_Diplopia;@DISEASE_Diplopia;disease;15.0
@DISEASE_Epilepsy_Generalized;@DISEASE_Epilepsy_Generalized;disease;15.0
@DISEASE_Facial_Nerve_Diseases;@DISEASE_Facial_Nerve_Diseases;disease;15.0
@DISEASE_GATA2_Deficiency;@DISEASE_GATA2_Deficiency;disease;15.0
@DISEASE_Gray_Platelet_Syndrome;@DISEASE_Gray_Platelet_Syndrome;disease;15.0
@DISEASE_Hemoptysis;@DISEASE_Hemoptysis;disease;15.0
@DISEASE_Hypercalciuria;@DISEASE_Hypercalciuria;disease;15.0
@DISEASE_Hyperhidrosis;@DISEASE_Hyperhidrosis;disease;15.0
@DISEASE_Hyperprolactinemia;@DISEASE_Hyperprolactinemia;disease;15.0
@DISEASE_Klinefelter_Syndrome;@DISEASE_Klinefelter_Syndrome;disease;15.0
@DISEASE_Leprosy_Tuberculoid;@DISEASE_Leprosy_Tuberculoid;disease;15.0
@DISEASE_Leukemic_Infiltration;@DISEASE_Leukemic_Infiltration;disease;15.0
@DISEASE_Mastocytosis_Systemic;@DISEASE_Mastocytosis_Systemic;disease;15.0
@DISEASE_Meningeal_Carcinomatosis;@DISEASE_Meningeal_Carcinomatosis;disease;15.0
@DISEASE_Microcephaly;@DISEASE_Microcephaly;disease;15.0
@DISEASE_Nephrosis_Lipoid;@DISEASE_Nephrosis_Lipoid;disease;15.0
@DISEASE_Neuromuscular_Diseases;@DISEASE_Neuromuscular_Diseases;disease;15.0
@DISEASE_Nose_Diseases;@DISEASE_Nose_Diseases;disease;15.0
@DISEASE_Nystagmus_Pathologic;@DISEASE_Nystagmus_Pathologic;disease;15.0
@DISEASE_Opioid_Related_Disorders;@DISEASE_Opioid_Related_Disorders;disease;15.0
@DISEASE_Ornithine_Carbamoyltransferase_Deficiency_Disease;@DISEASE_Ornithine_Carbamoyltransferase_Deficiency_Disease;disease;15.0
@DISEASE_Osteopetrosis;@DISEASE_Osteopetrosis;disease;15.0
@DISEASE_Ovarian_Hyperstimulation_Syndrome;@DISEASE_Ovarian_Hyperstimulation_Syndrome;disease;15.0
@DISEASE_Overnutrition;@DISEASE_Overnutrition;disease;15.0
@DISEASE_Pelizaeus_Merzbacher_like_disease_autosomal_recessive_2;@DISEASE_Pelizaeus_Merzbacher_like_disease_autosomal_recessive_2;disease;15.0
@DISEASE_Polymyalgia_Rheumatica;@DISEASE_Polymyalgia_Rheumatica;disease;15.0
@DISEASE_Polyradiculoneuropathy_Chronic_Inflammatory_Demyelinating;@DISEASE_Polyradiculoneuropathy_Chronic_Inflammatory_Demyelinating;disease;15.0
@DISEASE_Postpartum_Hemorrhage;@DISEASE_Postpartum_Hemorrhage;disease;15.0
@DISEASE_Primary_Myelofibrosis;@DISEASE_Primary_Myelofibrosis;disease;15.0
@DISEASE_Primary_angiitis_of_the_central_nervous_system;@DISEASE_Primary_angiitis_of_the_central_nervous_system;disease;15.0
@DISEASE_Recurrence;@DISEASE_Recurrence;disease;15.0
@DISEASE_Reflex_Abnormal;@DISEASE_Reflex_Abnormal;disease;15.0
@DISEASE_Respiratory_Syncytial_Virus_Infections;@DISEASE_Respiratory_Syncytial_Virus_Infections;disease;15.0
@DISEASE_Sarcoma_Endometrial_Stromal;@DISEASE_Sarcoma_Endometrial_Stromal;disease;15.0
@DISEASE_Sarcoma_Synovial;@DISEASE_Sarcoma_Synovial;disease;15.0
@DISEASE_Sinusitis;@DISEASE_Sinusitis;disease;15.0
@DISEASE_Skin_Ulcer;@DISEASE_Skin_Ulcer;disease;15.0
@DISEASE_Soft_Tissue_Infections;@DISEASE_Soft_Tissue_Infections;disease;15.0
@DISEASE_Spermatic_Cord_Torsion;@DISEASE_Spermatic_Cord_Torsion;disease;15.0
@DISEASE_Spinocerebellar_Degenerations;@DISEASE_Spinocerebellar_Degenerations;disease;15.0
@DISEASE_Striatonigral_degeneration_infantile;@DISEASE_Striatonigral_degeneration_infantile;disease;15.0
@DISEASE_Tauopathies;@DISEASE_Tauopathies;disease;15.0
@DISEASE_Unconsciousness;@DISEASE_Unconsciousness;disease;15.0
@DISEASE_dhat_syndrome;@DISEASE_dhat_syndrome;disease;15.0
@DISEASE_digital_ulcers;@DISEASE_digital_ulcers;disease;15.0
@DISEASE_Achalasia_Addisonianism_Alacrimia_syndrome;@DISEASE_Achalasia_Addisonianism_Alacrimia_syndrome;disease;14.0
@DISEASE_Adenocarcinoma_Bronchiolo_Alveolar;@DISEASE_Adenocarcinoma_Bronchiolo_Alveolar;disease;14.0
@DISEASE_Amyloidosis_Hereditary_Transthyretin_Related;@DISEASE_Amyloidosis_Hereditary_Transthyretin_Related;disease;14.0
@DISEASE_Androgen_Insensitivity_Syndrome;@DISEASE_Androgen_Insensitivity_Syndrome;disease;14.0
@DISEASE_Anemia_Hypochromic;@DISEASE_Anemia_Hypochromic;disease;14.0
@DISEASE_Aphasia_Conduction;@DISEASE_Aphasia_Conduction;disease;14.0
@DISEASE_Arthropathy_progressive_pseudorheumatoid_of_childhood;@DISEASE_Arthropathy_progressive_pseudorheumatoid_of_childhood;disease;14.0
@DISEASE_Aspergillosis;@DISEASE_Aspergillosis;disease;14.0
@DISEASE_Atrial_Flutter;@DISEASE_Atrial_Flutter;disease;14.0
@DISEASE_Atrial_Premature_Complexes;@DISEASE_Atrial_Premature_Complexes;disease;14.0
@DISEASE_Blast_Injuries;@DISEASE_Blast_Injuries;disease;14.0
@DISEASE_Bone_Diseases_Developmental;@DISEASE_Bone_Diseases_Developmental;disease;14.0
@DISEASE_Cataract_Autosomal_Dominant;@DISEASE_Cataract_Autosomal_Dominant;disease;14.0
@DISEASE_Cerebral_Intraventricular_Hemorrhage;@DISEASE_Cerebral_Intraventricular_Hemorrhage;disease;14.0
@DISEASE_Corneal_Perforation;@DISEASE_Corneal_Perforation;disease;14.0
@DISEASE_Degloving_Injuries;@DISEASE_Degloving_Injuries;disease;14.0
@DISEASE_Depressive_Disorder_Treatment_Resistant;@DISEASE_Depressive_Disorder_Treatment_Resistant;disease;14.0
@DISEASE_Dupuytren_Contracture;@DISEASE_Dupuytren_Contracture;disease;14.0
@DISEASE_Dyskeratosis_Congenita;@DISEASE_Dyskeratosis_Congenita;disease;14.0
@DISEASE_Dysplastic_Nevus_Syndrome;@DISEASE_Dysplastic_Nevus_Syndrome;disease;14.0
@DISEASE_Ectodermal_Dysplasia;@DISEASE_Ectodermal_Dysplasia;disease;14.0
@DISEASE_Ermine_phenotype;@DISEASE_Ermine_phenotype;disease;14.0
@DISEASE_Eye_Pain;@DISEASE_Eye_Pain;disease;14.0
@DISEASE_Failure_to_Thrive;@DISEASE_Failure_to_Thrive;disease;14.0
@DISEASE_Familial_medullary_thyroid_carcinoma;@DISEASE_Familial_medullary_thyroid_carcinoma;disease;14.0
@DISEASE_Femoral_Fractures;@DISEASE_Femoral_Fractures;disease;14.0
@DISEASE_Giant_Cell_Tumor_of_Bone;@DISEASE_Giant_Cell_Tumor_of_Bone;disease;14.0
@DISEASE_Heart_defects_limb_shortening;@DISEASE_Heart_defects_limb_shortening;disease;14.0
@DISEASE_Hematoma_Subdural_Chronic;@DISEASE_Hematoma_Subdural_Chronic;disease;14.0
@DISEASE_Heparin_Cofactor_II_Deficiency;@DISEASE_Heparin_Cofactor_II_Deficiency;disease;14.0
@DISEASE_Hepatitis_Chronic;@DISEASE_Hepatitis_Chronic;disease;14.0
@DISEASE_Hepatitis_Viral_Human;@DISEASE_Hepatitis_Viral_Human;disease;14.0
@DISEASE_Hereditary_Sensory_and_Motor_Neuropathy;@DISEASE_Hereditary_Sensory_and_Motor_Neuropathy;disease;14.0
@DISEASE_Hyperlipoproteinemia_Type_I;@DISEASE_Hyperlipoproteinemia_Type_I;disease;14.0
@DISEASE_Inferior_Wall_Myocardial_Infarction;@DISEASE_Inferior_Wall_Myocardial_Infarction;disease;14.0
@DISEASE_Leiomyosarcoma;@DISEASE_Leiomyosarcoma;disease;14.0
@DISEASE_Leishmaniasis_Mucocutaneous;@DISEASE_Leishmaniasis_Mucocutaneous;disease;14.0
@DISEASE_Leukemia_Myelomonocytic_Juvenile;@DISEASE_Leukemia_Myelomonocytic_Juvenile;disease;14.0
@DISEASE_Leukemia_T_Cell;@DISEASE_Leukemia_T_Cell;disease;14.0
@DISEASE_Machado_Joseph_Disease;@DISEASE_Machado_Joseph_Disease;disease;14.0
@DISEASE_Mitochondrial_complex_I_deficiency;@DISEASE_Mitochondrial_complex_I_deficiency;disease;14.0
@DISEASE_Mucopolysaccharidoses;@DISEASE_Mucopolysaccharidoses;disease;14.0
@DISEASE_Musculoskeletal_Abnormalities;@DISEASE_Musculoskeletal_Abnormalities;disease;14.0
@DISEASE_Myoclonus;@DISEASE_Myoclonus;disease;14.0
@DISEASE_Myoma;@DISEASE_Myoma;disease;14.0
@DISEASE_Nasopharyngeal_Neoplasms;@DISEASE_Nasopharyngeal_Neoplasms;disease;14.0
@DISEASE_Neuronal_Ceroid_Lipofuscinoses;@DISEASE_Neuronal_Ceroid_Lipofuscinoses;disease;14.0
@DISEASE_Opitz_GBBB_Syndrome_X_Linked;@DISEASE_Opitz_GBBB_Syndrome_X_Linked;disease;14.0
@DISEASE_Osteosclerosis;@DISEASE_Osteosclerosis;disease;14.0
@DISEASE_Parathyroid_Neoplasms;@DISEASE_Parathyroid_Neoplasms;disease;14.0
@DISEASE_Pemphigoid_Benign_Mucous_Membrane;@DISEASE_Pemphigoid_Benign_Mucous_Membrane;disease;14.0
@DISEASE_Peritoneal_Neoplasms;@DISEASE_Peritoneal_Neoplasms;disease;14.0
@DISEASE_Plasmablastic_Lymphoma;@DISEASE_Plasmablastic_Lymphoma;disease;14.0
@DISEASE_Polycythemia_Vera;@DISEASE_Polycythemia_Vera;disease;14.0
@DISEASE_Porphyrias;@DISEASE_Porphyrias;disease;14.0
@DISEASE_Postoperative_Hemorrhage;@DISEASE_Postoperative_Hemorrhage;disease;14.0
@DISEASE_Primary_Dysautonomias;@DISEASE_Primary_Dysautonomias;disease;14.0
@DISEASE_Propionic_Acidemia;@DISEASE_Propionic_Acidemia;disease;14.0
@DISEASE_Prostate_cancer_familial;@DISEASE_Prostate_cancer_familial;disease;14.0
@DISEASE_Red_Cell_Aplasia_Pure;@DISEASE_Red_Cell_Aplasia_Pure;disease;14.0
@DISEASE_Seminoma;@DISEASE_Seminoma;disease;14.0
@DISEASE_Sick_Sinus_Syndrome;@DISEASE_Sick_Sinus_Syndrome;disease;14.0
@DISEASE_Sjogren_Larsson_Syndrome;@DISEASE_Sjogren_Larsson_Syndrome;disease;14.0
@DISEASE_Smith_Lemli_Opitz_Syndrome;@DISEASE_Smith_Lemli_Opitz_Syndrome;disease;14.0
@DISEASE_Splenic_Diseases;@DISEASE_Splenic_Diseases;disease;14.0
@DISEASE_Spondylarthropathies;@DISEASE_Spondylarthropathies;disease;14.0
@DISEASE_Supranuclear_Palsy_Progressive;@DISEASE_Supranuclear_Palsy_Progressive;disease;14.0
@DISEASE_Supraumbilical_midabdominal_raphe_and_facial_cavernous_hemangiomas;@DISEASE_Supraumbilical_midabdominal_raphe_and_facial_cavernous_hemangiomas;disease;14.0
@DISEASE_Synucleinopathies;@DISEASE_Synucleinopathies;disease;14.0
@DISEASE_Takotsubo_Cardiomyopathy;@DISEASE_Takotsubo_Cardiomyopathy;disease;14.0
@DISEASE_Telangiectasis;@DISEASE_Telangiectasis;disease;14.0
@DISEASE_Thyroid_cancer_follicular;@DISEASE_Thyroid_cancer_follicular;disease;14.0
@DISEASE_Toxic_Optic_Neuropathy;@DISEASE_Toxic_Optic_Neuropathy;disease;14.0
@DISEASE_Urinary_Retention;@DISEASE_Urinary_Retention;disease;14.0
@DISEASE_Winship_Viljoen_Leary_syndrome;@DISEASE_Winship_Viljoen_Leary_syndrome;disease;14.0
@DISEASE_Yang_Deficiency;@DISEASE_Yang_Deficiency;disease;14.0
@DISEASE_Zellweger_Syndrome;@DISEASE_Zellweger_Syndrome;disease;14.0
@DISEASE_ACTH_Secreting_Pituitary_Adenoma;@DISEASE_ACTH_Secreting_Pituitary_Adenoma;disease;13.0
@DISEASE_Acrodermatitis;@DISEASE_Acrodermatitis;disease;13.0
@DISEASE_Adrenocortical_Adenoma;@DISEASE_Adrenocortical_Adenoma;disease;13.0
@DISEASE_Allan_Herndon_Dudley_syndrome;@DISEASE_Allan_Herndon_Dudley_syndrome;disease;13.0
@DISEASE_Amnesia;@DISEASE_Amnesia;disease;13.0
@DISEASE_Ankylosis;@DISEASE_Ankylosis;disease;13.0
@DISEASE_Antisocial_Personality_Disorder;@DISEASE_Antisocial_Personality_Disorder;disease;13.0
@DISEASE_Antley_Bixler_Syndrome_Phenotype;@DISEASE_Antley_Bixler_Syndrome_Phenotype;disease;13.0
@DISEASE_Asymptomatic_Infections;@DISEASE_Asymptomatic_Infections;disease;13.0
@DISEASE_Brain_Injuries_Diffuse;@DISEASE_Brain_Injuries_Diffuse;disease;13.0
@DISEASE_Burning_Mouth_Syndrome;@DISEASE_Burning_Mouth_Syndrome;disease;13.0
@DISEASE_Chikungunya_Fever;@DISEASE_Chikungunya_Fever;disease;13.0
@DISEASE_Cholesteatoma;@DISEASE_Cholesteatoma;disease;13.0
@DISEASE_Choroidal_Neovascularization;@DISEASE_Choroidal_Neovascularization;disease;13.0
@DISEASE_Corneodermatoosseous_syndrome;@DISEASE_Corneodermatoosseous_syndrome;disease;13.0
@DISEASE_Dermatitis_Seborrheic;@DISEASE_Dermatitis_Seborrheic;disease;13.0
@DISEASE_Esophagitis;@DISEASE_Esophagitis;disease;13.0
@DISEASE_Eunuchism;@DISEASE_Eunuchism;disease;13.0
@DISEASE_Fasciculation;@DISEASE_Fasciculation;disease;13.0
@DISEASE_Femoral_Neck_Fractures;@DISEASE_Femoral_Neck_Fractures;disease;13.0
@DISEASE_Fetal_Macrosomia;@DISEASE_Fetal_Macrosomia;disease;13.0
@DISEASE_Fractures_Stress;@DISEASE_Fractures_Stress;disease;13.0
@DISEASE_Hamman_Rich_Syndrome;@DISEASE_Hamman_Rich_Syndrome;disease;13.0
@DISEASE_Heart_Murmurs;@DISEASE_Heart_Murmurs;disease;13.0
@DISEASE_Hemostatic_Disorders;@DISEASE_Hemostatic_Disorders;disease;13.0
@DISEASE_Hirsutism;@DISEASE_Hirsutism;disease;13.0
@DISEASE_Hypomagnesemia_5_Renal_with_Ocular_Involvement;@DISEASE_Hypomagnesemia_5_Renal_with_Ocular_Involvement;disease;13.0
@DISEASE_Hypothalamic_Neoplasms;@DISEASE_Hypothalamic_Neoplasms;disease;13.0
@DISEASE_Intervertebral_disc_disease;@DISEASE_Intervertebral_disc_disease;disease;13.0
@DISEASE_Intestinal_Failure;@DISEASE_Intestinal_Failure;disease;13.0
@DISEASE_Intracranial_Hemorrhages;@DISEASE_Intracranial_Hemorrhages;disease;13.0
@DISEASE_Invasive_Pulmonary_Aspergillosis;@DISEASE_Invasive_Pulmonary_Aspergillosis;disease;13.0
@DISEASE_Joint_Instability;@DISEASE_Joint_Instability;disease;13.0
@DISEASE_Keratitis;@DISEASE_Keratitis;disease;13.0
@DISEASE_LEOPARD_Syndrome;@DISEASE_LEOPARD_Syndrome;disease;13.0
@DISEASE_Left_Right_Axis_Malformations;@DISEASE_Left_Right_Axis_Malformations;disease;13.0
@DISEASE_Lesch_Nyhan_Syndrome;@DISEASE_Lesch_Nyhan_Syndrome;disease;13.0
@DISEASE_Lethargy;@DISEASE_Lethargy;disease;13.0
@DISEASE_Leukemia_B_Cell;@DISEASE_Leukemia_B_Cell;disease;13.0
@DISEASE_Leydig_Cell_Tumor;@DISEASE_Leydig_Cell_Tumor;disease;13.0
@DISEASE_Lupus_Erythematosus_Discoid;@DISEASE_Lupus_Erythematosus_Discoid;disease;13.0
@DISEASE_Meningitis_Bacterial;@DISEASE_Meningitis_Bacterial;disease;13.0
@DISEASE_Meningitis_Pneumococcal;@DISEASE_Meningitis_Pneumococcal;disease;13.0
@DISEASE_Morning_Sickness;@DISEASE_Morning_Sickness;disease;13.0
@DISEASE_Mucopolysaccharidosis_I;@DISEASE_Mucopolysaccharidosis_I;disease;13.0
@DISEASE_Mucopolysaccharidosis_IV;@DISEASE_Mucopolysaccharidosis_IV;disease;13.0
@DISEASE_Muscle_Spasticity;@DISEASE_Muscle_Spasticity;disease;13.0
@DISEASE_Muscular_Dystrophy_Congenital_Producing_Arthrogryposis;@DISEASE_Muscular_Dystrophy_Congenital_Producing_Arthrogryposis;disease;13.0
@DISEASE_Myocardial_Stunning;@DISEASE_Myocardial_Stunning;disease;13.0
@DISEASE_Myotonia_with_Skeletal_Abnormalities_and_Mental_Retardation;@DISEASE_Myotonia_with_Skeletal_Abnormalities_and_Mental_Retardation;disease;13.0
@DISEASE_Narcolepsy_1;@DISEASE_Narcolepsy_1;disease;13.0
@DISEASE_Neoplasms_Basal_Cell;@DISEASE_Neoplasms_Basal_Cell;disease;13.0
@DISEASE_Nephritis;@DISEASE_Nephritis;disease;13.0
@DISEASE_Oculocutaneous_albinism_type_1B;@DISEASE_Oculocutaneous_albinism_type_1B;disease;13.0
@DISEASE_Pasteurella_Infections;@DISEASE_Pasteurella_Infections;disease;13.0
@DISEASE_Pathophobia;@DISEASE_Pathophobia;disease;13.0
@DISEASE_Pituitary_ACTH_Hypersecretion;@DISEASE_Pituitary_ACTH_Hypersecretion;disease;13.0
@DISEASE_Pituitary_Neoplasms;@DISEASE_Pituitary_Neoplasms;disease;13.0
@DISEASE_Pneumonia_Pneumocystis;@DISEASE_Pneumonia_Pneumocystis;disease;13.0
@DISEASE_Polymyositis;@DISEASE_Polymyositis;disease;13.0
@DISEASE_Primary_cortisol_resistance;@DISEASE_Primary_cortisol_resistance;disease;13.0
@DISEASE_Pyometra;@DISEASE_Pyometra;disease;13.0
@DISEASE_Sciatica;@DISEASE_Sciatica;disease;13.0
@DISEASE_Scleritis;@DISEASE_Scleritis;disease;13.0
@DISEASE_Sclerosteosis;@DISEASE_Sclerosteosis;disease;13.0
@DISEASE_Sepsis_Associated_Encephalopathy;@DISEASE_Sepsis_Associated_Encephalopathy;disease;13.0
@DISEASE_Severe_Fever_with_Thrombocytopenia_Syndrome;@DISEASE_Severe_Fever_with_Thrombocytopenia_Syndrome;disease;13.0
@DISEASE_Shoulder_Injuries;@DISEASE_Shoulder_Injuries;disease;13.0
@DISEASE_Sleep_Disorders_Circadian_Rhythm;@DISEASE_Sleep_Disorders_Circadian_Rhythm;disease;13.0
@DISEASE_Somatosensory_Disorders;@DISEASE_Somatosensory_Disorders;disease;13.0
@DISEASE_Storm_Syndrome;@DISEASE_Storm_Syndrome;disease;13.0
@DISEASE_Superinfection;@DISEASE_Superinfection;disease;13.0
@DISEASE_Tachycardia_Supraventricular;@DISEASE_Tachycardia_Supraventricular;disease;13.0
@DISEASE_Trifunctional_Protein_Deficiency_With_Myopathy_And_Neuropathy;@DISEASE_Trifunctional_Protein_Deficiency_With_Myopathy_And_Neuropathy;disease;13.0
@DISEASE_Trophoblastic_Neoplasms;@DISEASE_Trophoblastic_Neoplasms;disease;13.0
@DISEASE_Urinary_Incontinence;@DISEASE_Urinary_Incontinence;disease;13.0
@DISEASE_Varicose_Ulcer;@DISEASE_Varicose_Ulcer;disease;13.0
@DISEASE_Acute_cholinergic_dysautonomia;@DISEASE_Acute_cholinergic_dysautonomia;disease;12.0
@DISEASE_Afibrinogenemia;@DISEASE_Afibrinogenemia;disease;12.0
@DISEASE_Aicardi_Goutieres_syndrome;@DISEASE_Aicardi_Goutieres_syndrome;disease;12.0
@DISEASE_Alcoholic_Neuropathy;@DISEASE_Alcoholic_Neuropathy;disease;12.0
@DISEASE_Alzheimer's_disease_without_Neurofibrillary_tangles;@DISEASE_Alzheimer's_disease_without_Neurofibrillary_tangles;disease;12.0
@DISEASE_Anastomotic_Leak;@DISEASE_Anastomotic_Leak;disease;12.0
@DISEASE_Anemia_Diamond_Blackfan;@DISEASE_Anemia_Diamond_Blackfan;disease;12.0
@DISEASE_Anti_Glomerular_Basement_Membrane_Disease;@DISEASE_Anti_Glomerular_Basement_Membrane_Disease;disease;12.0
@DISEASE_Antisynthetase_syndrome;@DISEASE_Antisynthetase_syndrome;disease;12.0
@DISEASE_Apical_Hypertrophic_Cardiomyopathy;@DISEASE_Apical_Hypertrophic_Cardiomyopathy;disease;12.0
@DISEASE_Arthritis_Reactive;@DISEASE_Arthritis_Reactive;disease;12.0
@DISEASE_Atypical_Hemolytic_Uremic_Syndrome;@DISEASE_Atypical_Hemolytic_Uremic_Syndrome;disease;12.0
@DISEASE_Biliary_Tract_Diseases;@DISEASE_Biliary_Tract_Diseases;disease;12.0
@DISEASE_Birdshot_Chorioretinopathy;@DISEASE_Birdshot_Chorioretinopathy;disease;12.0
@DISEASE_Calculi;@DISEASE_Calculi;disease;12.0
@DISEASE_Carcinoid_Tumor;@DISEASE_Carcinoid_Tumor;disease;12.0
@DISEASE_Carcinoma_Papillary;@DISEASE_Carcinoma_Papillary;disease;12.0
@DISEASE_Carcinoma_in_Situ;@DISEASE_Carcinoma_in_Situ;disease;12.0
@DISEASE_Carpal_Tunnel_Syndrome;@DISEASE_Carpal_Tunnel_Syndrome;disease;12.0
@DISEASE_Charcot_Marie_Tooth_Disease_Recessive_Intermediate_A;@DISEASE_Charcot_Marie_Tooth_Disease_Recessive_Intermediate_A;disease;12.0
@DISEASE_Cholesterol_Ester_Storage_Disease;@DISEASE_Cholesterol_Ester_Storage_Disease;disease;12.0
@DISEASE_Chorea;@DISEASE_Chorea;disease;12.0
@DISEASE_Chorea_Gravidarum;@DISEASE_Chorea_Gravidarum;disease;12.0
@DISEASE_Choroidal_Effusions;@DISEASE_Choroidal_Effusions;disease;12.0
@DISEASE_Congenital_bilateral_aplasia_of_vas_deferens;@DISEASE_Congenital_bilateral_aplasia_of_vas_deferens;disease;12.0
@DISEASE_Contusions;@DISEASE_Contusions;disease;12.0
@DISEASE_Corneal_Ulcer;@DISEASE_Corneal_Ulcer;disease;12.0
@DISEASE_Cryptosporidiosis;@DISEASE_Cryptosporidiosis;disease;12.0
@DISEASE_Cyanosis;@DISEASE_Cyanosis;disease;12.0
@DISEASE_Dermatitis_Exfoliative;@DISEASE_Dermatitis_Exfoliative;disease;12.0
@DISEASE_Developmental_Dysplasia_of_the_Hip;@DISEASE_Developmental_Dysplasia_of_the_Hip;disease;12.0
@DISEASE_Disseminated_Intravascular_Coagulation;@DISEASE_Disseminated_Intravascular_Coagulation;disease;12.0
@DISEASE_Duane_Retraction_Syndrome;@DISEASE_Duane_Retraction_Syndrome;disease;12.0
@DISEASE_Ductus_Arteriosus_Patent;@DISEASE_Ductus_Arteriosus_Patent;disease;12.0
@DISEASE_Dykes_Markes_Harper_syndrome;@DISEASE_Dykes_Markes_Harper_syndrome;disease;12.0
@DISEASE_Enterocolitis;@DISEASE_Enterocolitis;disease;12.0
@DISEASE_Epidermolysa_bullosa_simplex_and_limb_girdle_muscular_dystrophy;@DISEASE_Epidermolysa_bullosa_simplex_and_limb_girdle_muscular_dystrophy;disease;12.0
@DISEASE_Epididymitis;@DISEASE_Epididymitis;disease;12.0
@DISEASE_Essential_Tremor;@DISEASE_Essential_Tremor;disease;12.0
@DISEASE_Familial_Primary_Pulmonary_Hypertension;@DISEASE_Familial_Primary_Pulmonary_Hypertension;disease;12.0
@DISEASE_Femoral_Neoplasms;@DISEASE_Femoral_Neoplasms;disease;12.0
@DISEASE_Fetal_akinesia_syndrome_X_linked;@DISEASE_Fetal_akinesia_syndrome_X_linked;disease;12.0
@DISEASE_Fibrous_Dysplasia_of_Bone;@DISEASE_Fibrous_Dysplasia_of_Bone;disease;12.0
@DISEASE_Focal_Nodular_Hyperplasia;@DISEASE_Focal_Nodular_Hyperplasia;disease;12.0
@DISEASE_Friedreich_Ataxia;@DISEASE_Friedreich_Ataxia;disease;12.0
@DISEASE_Fumaric_aciduria;@DISEASE_Fumaric_aciduria;disease;12.0
@DISEASE_Gram_Positive_Bacterial_Infections;@DISEASE_Gram_Positive_Bacterial_Infections;disease;12.0
@DISEASE_Granulosa_Cell_Tumor;@DISEASE_Granulosa_Cell_Tumor;disease;12.0
@DISEASE_Hemangioma;@DISEASE_Hemangioma;disease;12.0
@DISEASE_Hemophilia_A;@DISEASE_Hemophilia_A;disease;12.0
@DISEASE_Hypophosphatemia_Familial;@DISEASE_Hypophosphatemia_Familial;disease;12.0
@DISEASE_Hypotension_Orthostatic;@DISEASE_Hypotension_Orthostatic;disease;12.0
@DISEASE_Internal_Hernia;@DISEASE_Internal_Hernia;disease;12.0
@DISEASE_Intestinal_Obstruction;@DISEASE_Intestinal_Obstruction;disease;12.0
@DISEASE_Intracranial_Embolism;@DISEASE_Intracranial_Embolism;disease;12.0
@DISEASE_Lameness_Animal;@DISEASE_Lameness_Animal;disease;12.0
@DISEASE_Language_Development_Disorders;@DISEASE_Language_Development_Disorders;disease;12.0
@DISEASE_Livedoid_Vasculopathy;@DISEASE_Livedoid_Vasculopathy;disease;12.0
@DISEASE_Lumpy_Skin_Disease;@DISEASE_Lumpy_Skin_Disease;disease;12.0
@DISEASE_Lymphedema;@DISEASE_Lymphedema;disease;12.0
@DISEASE_Macules_hereditary_congenital_hypopigmented_and_hyperpigmented;@DISEASE_Macules_hereditary_congenital_hypopigmented_and_hyperpigmented;disease;12.0
@DISEASE_Magnesium_Deficiency;@DISEASE_Magnesium_Deficiency;disease;12.0
@DISEASE_Mast_Cell_Activation_Disorders;@DISEASE_Mast_Cell_Activation_Disorders;disease;12.0
@DISEASE_Microphthalmos;@DISEASE_Microphthalmos;disease;12.0
@DISEASE_Mucormycosis;@DISEASE_Mucormycosis;disease;12.0
@DISEASE_Multiple_Sulfatase_Deficiency_Disease;@DISEASE_Multiple_Sulfatase_Deficiency_Disease;disease;12.0
@DISEASE_Myopathy_with_Lactic_Acidosis_Hereditary;@DISEASE_Myopathy_with_Lactic_Acidosis_Hereditary;disease;12.0
@DISEASE_Nasopharyngitis;@DISEASE_Nasopharyngitis;disease;12.0
@DISEASE_Neutrophilia_Hereditary;@DISEASE_Neutrophilia_Hereditary;disease;12.0
@DISEASE_Optic_Atrophy;@DISEASE_Optic_Atrophy;disease;12.0
@DISEASE_Orchitis;@DISEASE_Orchitis;disease;12.0
@DISEASE_Osseous_Heteroplasia_Progressive;@DISEASE_Osseous_Heteroplasia_Progressive;disease;12.0
@DISEASE_Panuveitis;@DISEASE_Panuveitis;disease;12.0
@DISEASE_Polydactyly;@DISEASE_Polydactyly;disease;12.0
@DISEASE_Primary_hyperoxaluria_type_2;@DISEASE_Primary_hyperoxaluria_type_2;disease;12.0
@DISEASE_Prostatic_stromal_proliferation_of_uncertain_malignant_potential;@DISEASE_Prostatic_stromal_proliferation_of_uncertain_malignant_potential;disease;12.0
@DISEASE_REM_Sleep_Behavior_Disorder;@DISEASE_REM_Sleep_Behavior_Disorder;disease;12.0
@DISEASE_Retinal_Dystrophies;@DISEASE_Retinal_Dystrophies;disease;12.0
@DISEASE_Rhabdoid_Tumor;@DISEASE_Rhabdoid_Tumor;disease;12.0
@DISEASE_Seizures_Febrile;@DISEASE_Seizures_Febrile;disease;12.0
@DISEASE_Skull_Base_Neoplasms;@DISEASE_Skull_Base_Neoplasms;disease;12.0
@DISEASE_Small_Fiber_Neuropathy;@DISEASE_Small_Fiber_Neuropathy;disease;12.0
@DISEASE_Stenotrophomonas_maltophilia_bacteremia;@DISEASE_Stenotrophomonas_maltophilia_bacteremia;disease;12.0
@DISEASE_Stomatitis_Aphthous;@DISEASE_Stomatitis_Aphthous;disease;12.0
@DISEASE_T_cell_immunodeficiency_primary;@DISEASE_T_cell_immunodeficiency_primary;disease;12.0
@DISEASE_Thinness;@DISEASE_Thinness;disease;12.0
@DISEASE_Thrombophilia;@DISEASE_Thrombophilia;disease;12.0
@DISEASE_Thymus_Neoplasms;@DISEASE_Thymus_Neoplasms;disease;12.0
@DISEASE_Transient_erythroblastopenia_of_childhood;@DISEASE_Transient_erythroblastopenia_of_childhood;disease;12.0
@DISEASE_Turner_Syndrome;@DISEASE_Turner_Syndrome;disease;12.0
@DISEASE_Urination_Disorders;@DISEASE_Urination_Disorders;disease;12.0
@DISEASE_Urologic_Diseases;@DISEASE_Urologic_Diseases;disease;12.0
@DISEASE_Xeroderma_Pigmentosum_Complementation_Group_C;@DISEASE_Xeroderma_Pigmentosum_Complementation_Group_C;disease;12.0
@DISEASE_Zinc_Deficiency_Neonatal_due_to_Low_Breast_Milk_Zinc;@DISEASE_Zinc_Deficiency_Neonatal_due_to_Low_Breast_Milk_Zinc;disease;12.0
@DISEASE_Acquired_Immunodeficiency_Syndrome;@DISEASE_Acquired_Immunodeficiency_Syndrome;disease;11.0
@DISEASE_Adrenal_incidentaloma;@DISEASE_Adrenal_incidentaloma;disease;11.0
@DISEASE_Angioedemas_Hereditary;@DISEASE_Angioedemas_Hereditary;disease;11.0
@DISEASE_Anthropophobia;@DISEASE_Anthropophobia;disease;11.0
@DISEASE_Apparent_mineralocorticoid_excess;@DISEASE_Apparent_mineralocorticoid_excess;disease;11.0
@DISEASE_Arnold_Stickler_Bourne_syndrome;@DISEASE_Arnold_Stickler_Bourne_syndrome;disease;11.0
@DISEASE_Arteriosclerosis;@DISEASE_Arteriosclerosis;disease;11.0
@DISEASE_Binge_Drinking;@DISEASE_Binge_Drinking;disease;11.0
@DISEASE_Bone_Cysts;@DISEASE_Bone_Cysts;disease;11.0
@DISEASE_Bovine_Respiratory_Disease_Complex;@DISEASE_Bovine_Respiratory_Disease_Complex;disease;11.0
@DISEASE_Cafe_au_Lait_Spots;@DISEASE_Cafe_au_Lait_Spots;disease;11.0
@DISEASE_Carcinoma_Large_Cell;@DISEASE_Carcinoma_Large_Cell;disease;11.0
@DISEASE_Carcinoma_Medullary;@DISEASE_Carcinoma_Medullary;disease;11.0
@DISEASE_Carcinoma_Verrucous;@DISEASE_Carcinoma_Verrucous;disease;11.0
@DISEASE_Catalepsy;@DISEASE_Catalepsy;disease;11.0
@DISEASE_Central_Nervous_System_Neoplasms;@DISEASE_Central_Nervous_System_Neoplasms;disease;11.0
@DISEASE_Charcot_Marie_Tooth_disease_Type_2B;@DISEASE_Charcot_Marie_Tooth_disease_Type_2B;disease;11.0
@DISEASE_Cochlear_Diseases;@DISEASE_Cochlear_Diseases;disease;11.0
@DISEASE_Coinfection;@DISEASE_Coinfection;disease;11.0
@DISEASE_Corneal_Edema;@DISEASE_Corneal_Edema;disease;11.0
@DISEASE_Cryptococcosis;@DISEASE_Cryptococcosis;disease;11.0
@DISEASE_Depression_Postpartum;@DISEASE_Depression_Postpartum;disease;11.0
@DISEASE_Elephantiasis_Filarial;@DISEASE_Elephantiasis_Filarial;disease;11.0
@DISEASE_End_Stage_Liver_Disease;@DISEASE_End_Stage_Liver_Disease;disease;11.0
@DISEASE_Endocarditis;@DISEASE_Endocarditis;disease;11.0
@DISEASE_Erythema_Multiforme;@DISEASE_Erythema_Multiforme;disease;11.0
@DISEASE_Esophageal_and_Gastric_Varices;@DISEASE_Esophageal_and_Gastric_Varices;disease;11.0
@DISEASE_Exercise_Induced_Allergies;@DISEASE_Exercise_Induced_Allergies;disease;11.0
@DISEASE_Eye_Burns;@DISEASE_Eye_Burns;disease;11.0
@DISEASE_Folate_Malabsorption_Hereditary;@DISEASE_Folate_Malabsorption_Hereditary;disease;11.0
@DISEASE_Gait_Ataxia;@DISEASE_Gait_Ataxia;disease;11.0
@DISEASE_Gastritis;@DISEASE_Gastritis;disease;11.0
@DISEASE_Gaucher_like_disease;@DISEASE_Gaucher_like_disease;disease;11.0
@DISEASE_Gestational_Weight_Gain;@DISEASE_Gestational_Weight_Gain;disease;11.0
@DISEASE_Glaucoma_Angle_Closure;@DISEASE_Glaucoma_Angle_Closure;disease;11.0
@DISEASE_Granulomatous_Mastitis;@DISEASE_Granulomatous_Mastitis;disease;11.0
@DISEASE_Gynecomastia;@DISEASE_Gynecomastia;disease;11.0
@DISEASE_HEM_dysplasia;@DISEASE_HEM_dysplasia;disease;11.0
@DISEASE_Hepatic_Veno_Occlusive_Disease;@DISEASE_Hepatic_Veno_Occlusive_Disease;disease;11.0
@DISEASE_Hyperlactatemia;@DISEASE_Hyperlactatemia;disease;11.0
@DISEASE_Hyperoxaluria_Primary;@DISEASE_Hyperoxaluria_Primary;disease;11.0
@DISEASE_Intestinal_Pseudo_Obstruction;@DISEASE_Intestinal_Pseudo_Obstruction;disease;11.0
@DISEASE_Iron_Metabolism_Disorders;@DISEASE_Iron_Metabolism_Disorders;disease;11.0
@DISEASE_Kashin_Beck_Disease;@DISEASE_Kashin_Beck_Disease;disease;11.0
@DISEASE_Laron_Syndrome;@DISEASE_Laron_Syndrome;disease;11.0
@DISEASE_Leukodystrophy_Globoid_Cell;@DISEASE_Leukodystrophy_Globoid_Cell;disease;11.0
@DISEASE_Limbic_Encephalitis;@DISEASE_Limbic_Encephalitis;disease;11.0
@DISEASE_Menkes_Kinky_Hair_Syndrome;@DISEASE_Menkes_Kinky_Hair_Syndrome;disease;11.0
@DISEASE_Metaplasia;@DISEASE_Metaplasia;disease;11.0
@DISEASE_Motion_Sickness;@DISEASE_Motion_Sickness;disease;11.0
@DISEASE_Myopathy_with_Abnormal_Lipid_Metabolism;@DISEASE_Myopathy_with_Abnormal_Lipid_Metabolism;disease;11.0
@DISEASE_Neuralgia_Postherpetic;@DISEASE_Neuralgia_Postherpetic;disease;11.0
@DISEASE_Ocular_Albinism_type_1;@DISEASE_Ocular_Albinism_type_1;disease;11.0
@DISEASE_Odontogenic_Cysts;@DISEASE_Odontogenic_Cysts;disease;11.0
@DISEASE_Optic_Nerve_Diseases;@DISEASE_Optic_Nerve_Diseases;disease;11.0
@DISEASE_Osteitis;@DISEASE_Osteitis;disease;11.0
@DISEASE_Osteomalacia;@DISEASE_Osteomalacia;disease;11.0
@DISEASE_Osteoporosis_Postmenopausal;@DISEASE_Osteoporosis_Postmenopausal;disease;11.0
@DISEASE_Pancreatitis_Acute_Necrotizing;@DISEASE_Pancreatitis_Acute_Necrotizing;disease;11.0
@DISEASE_Pancreatitis_Chronic;@DISEASE_Pancreatitis_Chronic;disease;11.0
@DISEASE_Parathyroid_Diseases;@DISEASE_Parathyroid_Diseases;disease;11.0
@DISEASE_Peeling_Skin_Syndrome;@DISEASE_Peeling_Skin_Syndrome;disease;11.0
@DISEASE_Pelvic_Infection;@DISEASE_Pelvic_Infection;disease;11.0
@DISEASE_Periapical_Diseases;@DISEASE_Periapical_Diseases;disease;11.0
@DISEASE_Periostitis;@DISEASE_Periostitis;disease;11.0
@DISEASE_Plasma_Cell_Granuloma_Pulmonary;@DISEASE_Plasma_Cell_Granuloma_Pulmonary;disease;11.0
@DISEASE_Polyposis_Of_Gastric_Fundus_Without_Polyposis_Coli;@DISEASE_Polyposis_Of_Gastric_Fundus_Without_Polyposis_Coli;disease;11.0
@DISEASE_Postcholecystectomy_Syndrome;@DISEASE_Postcholecystectomy_Syndrome;disease;11.0
@DISEASE_Proteostasis_Deficiencies;@DISEASE_Proteostasis_Deficiencies;disease;11.0
@DISEASE_Pseudoxanthoma_Elasticum;@DISEASE_Pseudoxanthoma_Elasticum;disease;11.0
@DISEASE_Purpura;@DISEASE_Purpura;disease;11.0
@DISEASE_Pyoderma;@DISEASE_Pyoderma;disease;11.0
@DISEASE_Rapidly_progressive_glomerulonephritis_with_pulmonary_hemorrhage;@DISEASE_Rapidly_progressive_glomerulonephritis_with_pulmonary_hemorrhage;disease;11.0
@DISEASE_Restless_Legs_Syndrome;@DISEASE_Restless_Legs_Syndrome;disease;11.0
@DISEASE_Retinal_Perforations;@DISEASE_Retinal_Perforations;disease;11.0
@DISEASE_Scrub_Typhus;@DISEASE_Scrub_Typhus;disease;11.0
@DISEASE_Sezary_Syndrome;@DISEASE_Sezary_Syndrome;disease;11.0
@DISEASE_Short_Bowel_Syndrome;@DISEASE_Short_Bowel_Syndrome;disease;11.0
@DISEASE_Spasms_Infantile;@DISEASE_Spasms_Infantile;disease;11.0
@DISEASE_Sweet_Syndrome;@DISEASE_Sweet_Syndrome;disease;11.0
@DISEASE_Temporomandibular_Joint_Disorders;@DISEASE_Temporomandibular_Joint_Disorders;disease;11.0
@DISEASE_Thrombotic_Microangiopathies;@DISEASE_Thrombotic_Microangiopathies;disease;11.0
@DISEASE_Typical_Teratoid_Rhabdoid_Tumor;@DISEASE_Typical_Teratoid_Rhabdoid_Tumor;disease;11.0
@DISEASE_Urinary_Bladder_Overactive;@DISEASE_Urinary_Bladder_Overactive;disease;11.0
@DISEASE_Vocal_Cord_Paralysis;@DISEASE_Vocal_Cord_Paralysis;disease;11.0
@DISEASE_White_Dot_Syndromes;@DISEASE_White_Dot_Syndromes;disease;11.0
@DISEASE_Abnormalities_Multiple;@DISEASE_Abnormalities_Multiple;disease;10.0
@DISEASE_Acantholysis;@DISEASE_Acantholysis;disease;10.0
@DISEASE_Acute_Generalized_Exanthematous_Pustulosis;@DISEASE_Acute_Generalized_Exanthematous_Pustulosis;disease;10.0
@DISEASE_Adrenocortical_Hyperfunction;@DISEASE_Adrenocortical_Hyperfunction;disease;10.0
@DISEASE_Alkaptonuric_ochronosis;@DISEASE_Alkaptonuric_ochronosis;disease;10.0
@DISEASE_Anovulation;@DISEASE_Anovulation;disease;10.0
@DISEASE_Aphasia;@DISEASE_Aphasia;disease;10.0
@DISEASE_Arrhythmogenic_Right_Ventricular_Dysplasia;@DISEASE_Arrhythmogenic_Right_Ventricular_Dysplasia;disease;10.0
@DISEASE_Ascorbic_Acid_Deficiency;@DISEASE_Ascorbic_Acid_Deficiency;disease;10.0
@DISEASE_Ataxia_Neuropathy_Spectrum;@DISEASE_Ataxia_Neuropathy_Spectrum;disease;10.0
@DISEASE_Biliary_Fistula;@DISEASE_Biliary_Fistula;disease;10.0
@DISEASE_Blast_Crisis;@DISEASE_Blast_Crisis;disease;10.0
@DISEASE_Body_Weight;@DISEASE_Body_Weight;disease;10.0
@DISEASE_Borderline_Personality_Disorder;@DISEASE_Borderline_Personality_Disorder;disease;10.0
@DISEASE_Breast_Diseases;@DISEASE_Breast_Diseases;disease;10.0
@DISEASE_Bronchial_Hyperreactivity;@DISEASE_Bronchial_Hyperreactivity;disease;10.0
@DISEASE_Cadmium_Poisoning;@DISEASE_Cadmium_Poisoning;disease;10.0
@DISEASE_Cataract_Autosomal_Dominant_Nuclear;@DISEASE_Cataract_Autosomal_Dominant_Nuclear;disease;10.0
@DISEASE_Cecal_Diseases;@DISEASE_Cecal_Diseases;disease;10.0
@DISEASE_Chanarin_Dorfman_Syndrome;@DISEASE_Chanarin_Dorfman_Syndrome;disease;10.0
@DISEASE_Chemical_and_Drug_Induced_Liver_Injury_Chronic;@DISEASE_Chemical_and_Drug_Induced_Liver_Injury_Chronic;disease;10.0
@DISEASE_Common_Cold;@DISEASE_Common_Cold;disease;10.0
@DISEASE_Complement_Component_6_Deficiency;@DISEASE_Complement_Component_6_Deficiency;disease;10.0
@DISEASE_Congenital_adrenal_hyperplasia_due_to_21_hydroxylase_deficiency;@DISEASE_Congenital_adrenal_hyperplasia_due_to_21_hydroxylase_deficiency;disease;10.0
@DISEASE_Corneal_Dystrophy_Band_Shaped;@DISEASE_Corneal_Dystrophy_Band_Shaped;disease;10.0
@DISEASE_Corneal_Endothelial_Cell_Loss;@DISEASE_Corneal_Endothelial_Cell_Loss;disease;10.0
@DISEASE_Coronary_Vasospasm;@DISEASE_Coronary_Vasospasm;disease;10.0
@DISEASE_Cryptogenic_Organizing_Pneumonia;@DISEASE_Cryptogenic_Organizing_Pneumonia;disease;10.0
@DISEASE_Crystalluria;@DISEASE_Crystalluria;disease;10.0
@DISEASE_Ehlers_Danlos_syndrome_type_6;@DISEASE_Ehlers_Danlos_syndrome_type_6;disease;10.0
@DISEASE_Ependymoma;@DISEASE_Ependymoma;disease;10.0
@DISEASE_Epilepsies_Partial;@DISEASE_Epilepsies_Partial;disease;10.0
@DISEASE_Epileptic_Encephalopathy_Early_Infantile_3;@DISEASE_Epileptic_Encephalopathy_Early_Infantile_3;disease;10.0
@DISEASE_Eye_Infections;@DISEASE_Eye_Infections;disease;10.0
@DISEASE_Familial_cylindromatosis;@DISEASE_Familial_cylindromatosis;disease;10.0
@DISEASE_Fasciitis_Necrotizing;@DISEASE_Fasciitis_Necrotizing;disease;10.0
@DISEASE_Fat_Necrosis;@DISEASE_Fat_Necrosis;disease;10.0
@DISEASE_Flood_Factor_Deficiency;@DISEASE_Flood_Factor_Deficiency;disease;10.0
@DISEASE_Folic_Acid_Deficiency;@DISEASE_Folic_Acid_Deficiency;disease;10.0
@DISEASE_Gastroenteritis;@DISEASE_Gastroenteritis;disease;10.0
@DISEASE_Glucocorticoid_Deficiency_2;@DISEASE_Glucocorticoid_Deficiency_2;disease;10.0
@DISEASE_Hajdu_Cheney_Syndrome;@DISEASE_Hajdu_Cheney_Syndrome;disease;10.0
@DISEASE_Halitosis;@DISEASE_Halitosis;disease;10.0
@DISEASE_Heart_Failure_Systolic;@DISEASE_Heart_Failure_Systolic;disease;10.0
@DISEASE_Hemorrhagic_Stroke;@DISEASE_Hemorrhagic_Stroke;disease;10.0
@DISEASE_Hereditary_Central_Nervous_System_Demyelinating_Diseases;@DISEASE_Hereditary_Central_Nervous_System_Demyelinating_Diseases;disease;10.0
@DISEASE_Hereditary_Myopathy_with_Early_Respiratory_Failure;@DISEASE_Hereditary_Myopathy_with_Early_Respiratory_Failure;disease;10.0
@DISEASE_Hyperkeratosis_Epidermolytic;@DISEASE_Hyperkeratosis_Epidermolytic;disease;10.0
@DISEASE_Hypermethioninemia;@DISEASE_Hypermethioninemia;disease;10.0
@DISEASE_Hyperparathyroidism_Neonatal_Severe_Primary;@DISEASE_Hyperparathyroidism_Neonatal_Severe_Primary;disease;10.0
@DISEASE_Hypertension_Renovascular;@DISEASE_Hypertension_Renovascular;disease;10.0
@DISEASE_Hypophysitis;@DISEASE_Hypophysitis;disease;10.0
@DISEASE_Hypopituitarism;@DISEASE_Hypopituitarism;disease;10.0
@DISEASE_Invasive_Fungal_Infections;@DISEASE_Invasive_Fungal_Infections;disease;10.0
@DISEASE_Ischemic_Attack_Transient;@DISEASE_Ischemic_Attack_Transient;disease;10.0
@DISEASE_Jacobs_syndrome;@DISEASE_Jacobs_syndrome;disease;10.0
@DISEASE_Jensen_syndrome;@DISEASE_Jensen_syndrome;disease;10.0
@DISEASE_Kidney_Cortex_Necrosis;@DISEASE_Kidney_Cortex_Necrosis;disease;10.0
@DISEASE_Lactose_Intolerance;@DISEASE_Lactose_Intolerance;disease;10.0
@DISEASE_Leishmaniasis_Cutaneous;@DISEASE_Leishmaniasis_Cutaneous;disease;10.0
@DISEASE_Leukocyte_adhesion_deficiency_type_1;@DISEASE_Leukocyte_adhesion_deficiency_type_1;disease;10.0
@DISEASE_Lipidoses;@DISEASE_Lipidoses;disease;10.0
@DISEASE_Lipodystrophy;@DISEASE_Lipodystrophy;disease;10.0
@DISEASE_Lymphedema_Congenital_Recessive;@DISEASE_Lymphedema_Congenital_Recessive;disease;10.0
@DISEASE_Malabsorption_Syndromes;@DISEASE_Malabsorption_Syndromes;disease;10.0
@DISEASE_Membranous_Obstruction_of_Inferior_Vena_Cava;@DISEASE_Membranous_Obstruction_of_Inferior_Vena_Cava;disease;10.0
@DISEASE_Mitochondrial_Myopathy_with_a_Defect_in_Mitochondrial_Protein_Transport;@DISEASE_Mitochondrial_Myopathy_with_a_Defect_in_Mitochondrial_Protein_Transport;disease;10.0
@DISEASE_Mitral_Valve_Prolapse;@DISEASE_Mitral_Valve_Prolapse;disease;10.0
@DISEASE_Monoclonal_Gammopathy_of_Undetermined_Significance;@DISEASE_Monoclonal_Gammopathy_of_Undetermined_Significance;disease;10.0
@DISEASE_Mpox_(monkeypox);@DISEASE_Mpox_(monkeypox);disease;10.0
@DISEASE_Netherton_Syndrome;@DISEASE_Netherton_Syndrome;disease;10.0
@DISEASE_Neurilemmoma;@DISEASE_Neurilemmoma;disease;10.0
@DISEASE_Nocardia_Infections;@DISEASE_Nocardia_Infections;disease;10.0
@DISEASE_Nodding_Syndrome;@DISEASE_Nodding_Syndrome;disease;10.0
@DISEASE_Non_Radiographic_Axial_Spondyloarthritis;@DISEASE_Non_Radiographic_Axial_Spondyloarthritis;disease;10.0
@DISEASE_Noonan_Syndrome;@DISEASE_Noonan_Syndrome;disease;10.0
@DISEASE_Paraneoplastic_Syndromes_Nervous_System;@DISEASE_Paraneoplastic_Syndromes_Nervous_System;disease;10.0
@DISEASE_Persian_Gulf_Syndrome;@DISEASE_Persian_Gulf_Syndrome;disease;10.0
@DISEASE_Peutz_Jeghers_Syndrome;@DISEASE_Peutz_Jeghers_Syndrome;disease;10.0
@DISEASE_Photosensitivity_Disorders;@DISEASE_Photosensitivity_Disorders;disease;10.0
@DISEASE_Pleural_Diseases;@DISEASE_Pleural_Diseases;disease;10.0
@DISEASE_Polydipsia;@DISEASE_Polydipsia;disease;10.0
@DISEASE_Polypoidal_Choroidal_Vasculopathy;@DISEASE_Polypoidal_Choroidal_Vasculopathy;disease;10.0
@DISEASE_Porphyria_Acute_Intermittent;@DISEASE_Porphyria_Acute_Intermittent;disease;10.0
@DISEASE_Post_Exercise_Hypotension;@DISEASE_Post_Exercise_Hypotension;disease;10.0
@DISEASE_Protein_Losing_Enteropathies;@DISEASE_Protein_Losing_Enteropathies;disease;10.0
@DISEASE_Pseudohypoaldosteronism;@DISEASE_Pseudohypoaldosteronism;disease;10.0
@DISEASE_Pseudomyxoma_Peritonei;@DISEASE_Pseudomyxoma_Peritonei;disease;10.0
@DISEASE_Pseudotumor_Cerebri;@DISEASE_Pseudotumor_Cerebri;disease;10.0
@DISEASE_Puberty_Delayed;@DISEASE_Puberty_Delayed;disease;10.0
@DISEASE_Renal_cell_carcinoma_1;@DISEASE_Renal_cell_carcinoma_1;disease;10.0
@DISEASE_Rufous_oculocutaneous_albinism;@DISEASE_Rufous_oculocutaneous_albinism;disease;10.0
@DISEASE_Salmonella_Infections;@DISEASE_Salmonella_Infections;disease;10.0
@DISEASE_Schizophrenia_Treatment_Resistant;@DISEASE_Schizophrenia_Treatment_Resistant;disease;10.0
@DISEASE_Sclerosis;@DISEASE_Sclerosis;disease;10.0
@DISEASE_Sexual_Dysfunctions_Psychological;@DISEASE_Sexual_Dysfunctions_Psychological;disease;10.0
@DISEASE_Simpson_Golabi_Behmel_syndrome;@DISEASE_Simpson_Golabi_Behmel_syndrome;disease;10.0
@DISEASE_Smooth_Muscle_Tumor;@DISEASE_Smooth_Muscle_Tumor;disease;10.0
@DISEASE_Spinal_Muscular_Atrophies_of_Childhood;@DISEASE_Spinal_Muscular_Atrophies_of_Childhood;disease;10.0
@DISEASE_Systemic_carnitine_deficiency;@DISEASE_Systemic_carnitine_deficiency;disease;10.0
@DISEASE_Tay_Sachs_Disease;@DISEASE_Tay_Sachs_Disease;disease;10.0
@DISEASE_Teratoma;@DISEASE_Teratoma;disease;10.0
@DISEASE_Tetany;@DISEASE_Tetany;disease;10.0
@DISEASE_Theileriasis;@DISEASE_Theileriasis;disease;10.0
@DISEASE_Trimethylaminuria;@DISEASE_Trimethylaminuria;disease;10.0
@DISEASE_Tumor_Lysis_Syndrome;@DISEASE_Tumor_Lysis_Syndrome;disease;10.0
@DISEASE_Vaginosis_Bacterial;@DISEASE_Vaginosis_Bacterial;disease;10.0
@DISEASE_Vascular_Malformations;@DISEASE_Vascular_Malformations;disease;10.0
@DISEASE_Vitamin_B_12_Deficiency;@DISEASE_Vitamin_B_12_Deficiency;disease;10.0
@DISEASE_Waldenstrom_Macroglobulinemia;@DISEASE_Waldenstrom_Macroglobulinemia;disease;10.0
@DISEASE_White_Coat_Hypertension;@DISEASE_White_Coat_Hypertension;disease;10.0
@DISEASE_109660;@DISEASE_109660;disease;9.0
@DISEASE_116700;@DISEASE_116700;disease;9.0
@DISEASE_252500;@DISEASE_252500;disease;9.0
@DISEASE_613290;@DISEASE_613290;disease;9.0
@DISEASE_AIDS_Associated_Nephropathy;@DISEASE_AIDS_Associated_Nephropathy;disease;9.0
@DISEASE_Aggressive_Periodontitis;@DISEASE_Aggressive_Periodontitis;disease;9.0
@DISEASE_Agnosia;@DISEASE_Agnosia;disease;9.0
@DISEASE_Alopecia_universalis;@DISEASE_Alopecia_universalis;disease;9.0
@DISEASE_Alveolar_echinococcosis;@DISEASE_Alveolar_echinococcosis;disease;9.0
@DISEASE_Amenorrhea;@DISEASE_Amenorrhea;disease;9.0
@DISEASE_Anal_Gland_Neoplasms;@DISEASE_Anal_Gland_Neoplasms;disease;9.0
@DISEASE_Angina_Unstable;@DISEASE_Angina_Unstable;disease;9.0
@DISEASE_Aromatase_deficiency;@DISEASE_Aromatase_deficiency;disease;9.0
@DISEASE_Atresia_of_small_intestine;@DISEASE_Atresia_of_small_intestine;disease;9.0
@DISEASE_Atypical_Squamous_Cells_of_the_Cervix;@DISEASE_Atypical_Squamous_Cells_of_the_Cervix;disease;9.0
@DISEASE_Beta_ketothiolase_deficiency;@DISEASE_Beta_ketothiolase_deficiency;disease;9.0
@DISEASE_Brugada_Syndrome;@DISEASE_Brugada_Syndrome;disease;9.0
@DISEASE_Canavan_Disease;@DISEASE_Canavan_Disease;disease;9.0
@DISEASE_Carcinoma_Ductal;@DISEASE_Carcinoma_Ductal;disease;9.0
@DISEASE_Carotid_Artery_Thrombosis;@DISEASE_Carotid_Artery_Thrombosis;disease;9.0
@DISEASE_Central_Cord_Syndrome;@DISEASE_Central_Cord_Syndrome;disease;9.0
@DISEASE_Channelopathies;@DISEASE_Channelopathies;disease;9.0
@DISEASE_Chromosomal_Instability;@DISEASE_Chromosomal_Instability;disease;9.0
@DISEASE_Clinical_Deterioration;@DISEASE_Clinical_Deterioration;disease;9.0
@DISEASE_Cockayne_Syndrome;@DISEASE_Cockayne_Syndrome;disease;9.0
@DISEASE_Colic;@DISEASE_Colic;disease;9.0
@DISEASE_Complex_Regional_Pain_Syndromes;@DISEASE_Complex_Regional_Pain_Syndromes;disease;9.0
@DISEASE_Congenital_adrenal_hyperplasia_due_to_11_Beta_hydroxylase_deficiency;@DISEASE_Congenital_adrenal_hyperplasia_due_to_11_Beta_hydroxylase_deficiency;disease;9.0
@DISEASE_Cranial_Nerve_Diseases;@DISEASE_Cranial_Nerve_Diseases;disease;9.0
@DISEASE_Craniopharyngioma;@DISEASE_Craniopharyngioma;disease;9.0
@DISEASE_Cystinuria;@DISEASE_Cystinuria;disease;9.0
@DISEASE_Dysarthria;@DISEASE_Dysarthria;disease;9.0
@DISEASE_Dysentery_Bacillary;@DISEASE_Dysentery_Bacillary;disease;9.0
@DISEASE_Early_Onset_Glaucoma;@DISEASE_Early_Onset_Glaucoma;disease;9.0
@DISEASE_Familial_Mediterranean_Fever;@DISEASE_Familial_Mediterranean_Fever;disease;9.0
@DISEASE_Fetal_Death;@DISEASE_Fetal_Death;disease;9.0
@DISEASE_Folliculitis;@DISEASE_Folliculitis;disease;9.0
@DISEASE_Fractures_Open;@DISEASE_Fractures_Open;disease;9.0
@DISEASE_Galactosemias;@DISEASE_Galactosemias;disease;9.0
@DISEASE_Gangliosidosis_GM1;@DISEASE_Gangliosidosis_GM1;disease;9.0
@DISEASE_Gestational_Trophoblastic_Disease;@DISEASE_Gestational_Trophoblastic_Disease;disease;9.0
@DISEASE_Giant_Cell_Tumors;@DISEASE_Giant_Cell_Tumors;disease;9.0
@DISEASE_Glutathione_synthetase_deficiency;@DISEASE_Glutathione_synthetase_deficiency;disease;9.0
@DISEASE_Granuloma_Giant_Cell;@DISEASE_Granuloma_Giant_Cell;disease;9.0
@DISEASE_Heart_Block;@DISEASE_Heart_Block;disease;9.0
@DISEASE_Hemangioma_capillary_infantile;@DISEASE_Hemangioma_capillary_infantile;disease;9.0
@DISEASE_Hereditary_Sensory_and_Autonomic_Neuropathy_Type_Ie;@DISEASE_Hereditary_Sensory_and_Autonomic_Neuropathy_Type_Ie;disease;9.0
@DISEASE_Hyperargininemia;@DISEASE_Hyperargininemia;disease;9.0
@DISEASE_Ichthyosis_X_Linked;@DISEASE_Ichthyosis_X_Linked;disease;9.0
@DISEASE_Idiopathic_Interstitial_Pneumonias;@DISEASE_Idiopathic_Interstitial_Pneumonias;disease;9.0
@DISEASE_Ileitis;@DISEASE_Ileitis;disease;9.0
@DISEASE_Immune_dysfunction_with_T_cell_inactivation_due_to_calcium_entry_defect_2;@DISEASE_Immune_dysfunction_with_T_cell_inactivation_due_to_calcium_entry_defect_2;disease;9.0
@DISEASE_Insulinoma;@DISEASE_Insulinoma;disease;9.0
@DISEASE_Intracranial_Hemorrhage_Hypertensive;@DISEASE_Intracranial_Hemorrhage_Hypertensive;disease;9.0
@DISEASE_Jaw_Diseases;@DISEASE_Jaw_Diseases;disease;9.0
@DISEASE_Lacrimal_Duct_Obstruction;@DISEASE_Lacrimal_Duct_Obstruction;disease;9.0
@DISEASE_Leg_Ulcer;@DISEASE_Leg_Ulcer;disease;9.0
@DISEASE_Leukemia_Myelomonocytic_Chronic;@DISEASE_Leukemia_Myelomonocytic_Chronic;disease;9.0
@DISEASE_Lumbar_Stenosis_Familial;@DISEASE_Lumbar_Stenosis_Familial;disease;9.0
@DISEASE_Lyme_Disease;@DISEASE_Lyme_Disease;disease;9.0
@DISEASE_Mandibular_Diseases;@DISEASE_Mandibular_Diseases;disease;9.0
@DISEASE_Mandibular_Injuries;@DISEASE_Mandibular_Injuries;disease;9.0
@DISEASE_Marfan_Syndrome;@DISEASE_Marfan_Syndrome;disease;9.0
@DISEASE_Mediastinal_Diseases;@DISEASE_Mediastinal_Diseases;disease;9.0
@DISEASE_Melanoma_Experimental;@DISEASE_Melanoma_Experimental;disease;9.0
@DISEASE_Menopause_Premature;@DISEASE_Menopause_Premature;disease;9.0
@DISEASE_Mitochondrial_Complex_II_Deficiency;@DISEASE_Mitochondrial_Complex_II_Deficiency;disease;9.0
@DISEASE_Neonatal_Sepsis;@DISEASE_Neonatal_Sepsis;disease;9.0
@DISEASE_Neoplasm_Residual;@DISEASE_Neoplasm_Residual;disease;9.0
@DISEASE_Neoplasms_Second_Primary;@DISEASE_Neoplasms_Second_Primary;disease;9.0
@DISEASE_Nephronophthisis_familial_juvenile;@DISEASE_Nephronophthisis_familial_juvenile;disease;9.0
@DISEASE_Nervous_System_Malformations;@DISEASE_Nervous_System_Malformations;disease;9.0
@DISEASE_Nevus_Epithelioid_and_Spindle_Cell;@DISEASE_Nevus_Epithelioid_and_Spindle_Cell;disease;9.0
@DISEASE_Nevus_Sebaceous_of_Jadassohn;@DISEASE_Nevus_Sebaceous_of_Jadassohn;disease;9.0
@DISEASE_Nocturia;@DISEASE_Nocturia;disease;9.0
@DISEASE_Optic_Nerve_Injuries;@DISEASE_Optic_Nerve_Injuries;disease;9.0
@DISEASE_Oropharyngeal_Neoplasms;@DISEASE_Oropharyngeal_Neoplasms;disease;9.0
@DISEASE_Osteogenesis_imperfecta_type_3;@DISEASE_Osteogenesis_imperfecta_type_3;disease;9.0
@DISEASE_Osteoma_Osteoid;@DISEASE_Osteoma_Osteoid;disease;9.0
@DISEASE_Paraplegia;@DISEASE_Paraplegia;disease;9.0
@DISEASE_Peripheral_Vascular_Diseases;@DISEASE_Peripheral_Vascular_Diseases;disease;9.0
@DISEASE_Pneumocystis_Infections;@DISEASE_Pneumocystis_Infections;disease;9.0
@DISEASE_Pneumothorax;@DISEASE_Pneumothorax;disease;9.0
@DISEASE_Polychondritis_Relapsing;@DISEASE_Polychondritis_Relapsing;disease;9.0
@DISEASE_Postoperative_Cognitive_Complications;@DISEASE_Postoperative_Cognitive_Complications;disease;9.0
@DISEASE_Progeroid_syndrome_neonatal;@DISEASE_Progeroid_syndrome_neonatal;disease;9.0
@DISEASE_Pseudohypoparathyroidism;@DISEASE_Pseudohypoparathyroidism;disease;9.0
@DISEASE_Pulmonary_Alveolar_Proteinosis;@DISEASE_Pulmonary_Alveolar_Proteinosis;disease;9.0
@DISEASE_Pyelonephritis;@DISEASE_Pyelonephritis;disease;9.0
@DISEASE_Rhabdomyosarcoma_Embryonal;@DISEASE_Rhabdomyosarcoma_Embryonal;disease;9.0
@DISEASE_Sacroiliitis;@DISEASE_Sacroiliitis;disease;9.0
@DISEASE_Sandhoff_Disease;@DISEASE_Sandhoff_Disease;disease;9.0
@DISEASE_Sex_Chromosome_Disorders_of_Sex_Development;@DISEASE_Sex_Chromosome_Disorders_of_Sex_Development;disease;9.0
@DISEASE_Shoulder_Pain;@DISEASE_Shoulder_Pain;disease;9.0
@DISEASE_Skin_Diseases_Vascular;@DISEASE_Skin_Diseases_Vascular;disease;9.0
@DISEASE_Skin_Manifestations;@DISEASE_Skin_Manifestations;disease;9.0
@DISEASE_Spastic_Paraplegia_Hereditary;@DISEASE_Spastic_Paraplegia_Hereditary;disease;9.0
@DISEASE_Speech_Disorders;@DISEASE_Speech_Disorders;disease;9.0
@DISEASE_Spinal_Cord_Compression;@DISEASE_Spinal_Cord_Compression;disease;9.0
@DISEASE_Spinal_Diseases;@DISEASE_Spinal_Diseases;disease;9.0
@DISEASE_Spinal_Dysraphism;@DISEASE_Spinal_Dysraphism;disease;9.0
@DISEASE_Sporotrichosis;@DISEASE_Sporotrichosis;disease;9.0
@DISEASE_Stenosis_Pulmonary_Artery;@DISEASE_Stenosis_Pulmonary_Artery;disease;9.0
@DISEASE_Struma_Ovarii;@DISEASE_Struma_Ovarii;disease;9.0
@DISEASE_Tooth_Eruption_Ectopic;@DISEASE_Tooth_Eruption_Ectopic;disease;9.0
@DISEASE_Tooth_Mobility;@DISEASE_Tooth_Mobility;disease;9.0
@DISEASE_Trichothiodystrophy_Syndromes;@DISEASE_Trichothiodystrophy_Syndromes;disease;9.0
@DISEASE_Tuberous_Sclerosis;@DISEASE_Tuberous_Sclerosis;disease;9.0
@DISEASE_Vasospasm_Intracranial;@DISEASE_Vasospasm_Intracranial;disease;9.0
@DISEASE_Ventricular_Dysfunction_Right;@DISEASE_Ventricular_Dysfunction_Right;disease;9.0
@DISEASE_Visceral_Steatosis_Congenital;@DISEASE_Visceral_Steatosis_Congenital;disease;9.0
@DISEASE_X_Linked_Infantile_Nystagmus;@DISEASE_X_Linked_Infantile_Nystagmus;disease;9.0
@DISEASE_cough_hypersensitivity_syndrome;@DISEASE_cough_hypersensitivity_syndrome;disease;9.0
@DISEASE_von_Willebrand_Disease_Type_3;@DISEASE_von_Willebrand_Disease_Type_3;disease;9.0
@DISEASE_102510;@DISEASE_102510;disease;8.0
@DISEASE_204750;@DISEASE_204750;disease;8.0
@DISEASE_3_Hydroxy_3_Methylglutaryl_CoA_Lyase_Deficiency;@DISEASE_3_Hydroxy_3_Methylglutaryl_CoA_Lyase_Deficiency;disease;8.0
@DISEASE_3_methylcrotonyl_CoA_carboxylase_1_deficiency;@DISEASE_3_methylcrotonyl_CoA_carboxylase_1_deficiency;disease;8.0
@DISEASE_616834;@DISEASE_616834;disease;8.0
@DISEASE_Accessory_Nerve_Injuries;@DISEASE_Accessory_Nerve_Injuries;disease;8.0
@DISEASE_Acid_Base_Imbalance;@DISEASE_Acid_Base_Imbalance;disease;8.0
@DISEASE_Acquired_ichthyosis;@DISEASE_Acquired_ichthyosis;disease;8.0
@DISEASE_Acth_Independent_Macronodular_Adrenal_Hyperplasia;@DISEASE_Acth_Independent_Macronodular_Adrenal_Hyperplasia;disease;8.0
@DISEASE_Adult_onset_citrullinemia_type_2;@DISEASE_Adult_onset_citrullinemia_type_2;disease;8.0
@DISEASE_Agammaglobulinemia;@DISEASE_Agammaglobulinemia;disease;8.0
@DISEASE_Amyloidosis_Primary_Cutaneous;@DISEASE_Amyloidosis_Primary_Cutaneous;disease;8.0
@DISEASE_Angiomyolipoma;@DISEASE_Angiomyolipoma;disease;8.0
@DISEASE_Anorchia;@DISEASE_Anorchia;disease;8.0
@DISEASE_Aortic_Valve_Insufficiency;@DISEASE_Aortic_Valve_Insufficiency;disease;8.0
@DISEASE_Appendiceal_Neoplasms;@DISEASE_Appendiceal_Neoplasms;disease;8.0
@DISEASE_Astigmatism;@DISEASE_Astigmatism;disease;8.0
@DISEASE_Balkan_Nephropathy;@DISEASE_Balkan_Nephropathy;disease;8.0
@DISEASE_Basal_Cell_Nevus_Syndrome;@DISEASE_Basal_Cell_Nevus_Syndrome;disease;8.0
@DISEASE_Blood_Loss_Surgical;@DISEASE_Blood_Loss_Surgical;disease;8.0
@DISEASE_Brain_Diseases_Metabolic;@DISEASE_Brain_Diseases_Metabolic;disease;8.0
@DISEASE_Bronchiectasis;@DISEASE_Bronchiectasis;disease;8.0
@DISEASE_Calciphylaxis;@DISEASE_Calciphylaxis;disease;8.0
@DISEASE_Candidiasis_Cutaneous;@DISEASE_Candidiasis_Cutaneous;disease;8.0
@DISEASE_Candidiasis_Vulvovaginal;@DISEASE_Candidiasis_Vulvovaginal;disease;8.0
@DISEASE_Capillary_Leak_Syndrome;@DISEASE_Capillary_Leak_Syndrome;disease;8.0
@DISEASE_Carcinoma_Ductal_Breast;@DISEASE_Carcinoma_Ductal_Breast;disease;8.0
@DISEASE_Carcinoma_Lewis_Lung;@DISEASE_Carcinoma_Lewis_Lung;disease;8.0
@DISEASE_Carcinoma_Lobular;@DISEASE_Carcinoma_Lobular;disease;8.0
@DISEASE_Cataract_congenital_with_microcornea_or_slight_microphthalmia;@DISEASE_Cataract_congenital_with_microcornea_or_slight_microphthalmia;disease;8.0
@DISEASE_Catatonia;@DISEASE_Catatonia;disease;8.0
@DISEASE_Cerebral_Amyloid_Angiopathy;@DISEASE_Cerebral_Amyloid_Angiopathy;disease;8.0
@DISEASE_Cerebrospinal_Fluid_Leak;@DISEASE_Cerebrospinal_Fluid_Leak;disease;8.0
@DISEASE_Charcot_Marie_Tooth_Disease_Dominant_Intermediate_B;@DISEASE_Charcot_Marie_Tooth_Disease_Dominant_Intermediate_B;disease;8.0
@DISEASE_Chlamydia_Infections;@DISEASE_Chlamydia_Infections;disease;8.0
@DISEASE_Choledochal_Cyst;@DISEASE_Choledochal_Cyst;disease;8.0
@DISEASE_Cholelithiasis;@DISEASE_Cholelithiasis;disease;8.0
@DISEASE_Clonorchiasis;@DISEASE_Clonorchiasis;disease;8.0
@DISEASE_Coronary_Occlusion;@DISEASE_Coronary_Occlusion;disease;8.0
@DISEASE_Coronary_Restenosis;@DISEASE_Coronary_Restenosis;disease;8.0
@DISEASE_Dacryocystitis;@DISEASE_Dacryocystitis;disease;8.0
@DISEASE_Dermatitis_Atopic_1;@DISEASE_Dermatitis_Atopic_1;disease;8.0
@DISEASE_Digestive_System_Neoplasms;@DISEASE_Digestive_System_Neoplasms;disease;8.0
@DISEASE_Dowling_Degos_Disease;@DISEASE_Dowling_Degos_Disease;disease;8.0
@DISEASE_Drug_Fever;@DISEASE_Drug_Fever;disease;8.0
@DISEASE_Duodenitis;@DISEASE_Duodenitis;disease;8.0
@DISEASE_Dyskinesia_Familial_with_Facial_Myokymia;@DISEASE_Dyskinesia_Familial_with_Facial_Myokymia;disease;8.0
@DISEASE_Encephalitis_Viral;@DISEASE_Encephalitis_Viral;disease;8.0
@DISEASE_Enzootic_Bovine_Leukosis;@DISEASE_Enzootic_Bovine_Leukosis;disease;8.0
@DISEASE_Epidermolysis_Bullosa_Dystrophica;@DISEASE_Epidermolysis_Bullosa_Dystrophica;disease;8.0
@DISEASE_Epilepsy_Tonic_Clonic;@DISEASE_Epilepsy_Tonic_Clonic;disease;8.0
@DISEASE_Extensively_Drug_Resistant_Tuberculosis;@DISEASE_Extensively_Drug_Resistant_Tuberculosis;disease;8.0
@DISEASE_Extranodal_Extension;@DISEASE_Extranodal_Extension;disease;8.0
@DISEASE_Facial_Paralysis;@DISEASE_Facial_Paralysis;disease;8.0
@DISEASE_Fractures_Compression;@DISEASE_Fractures_Compression;disease;8.0
@DISEASE_Gastro_enteropancreatic_neuroendocrine_tumor;@DISEASE_Gastro_enteropancreatic_neuroendocrine_tumor;disease;8.0
@DISEASE_Glioma_of_Brain_Familial;@DISEASE_Glioma_of_Brain_Familial;disease;8.0
@DISEASE_Glutamate_formiminotransferase_deficiency;@DISEASE_Glutamate_formiminotransferase_deficiency;disease;8.0
@DISEASE_Gonadal_Disorders;@DISEASE_Gonadal_Disorders;disease;8.0
@DISEASE_Granuloma_Annulare;@DISEASE_Granuloma_Annulare;disease;8.0
@DISEASE_Harlequin_type_ichthyosis;@DISEASE_Harlequin_type_ichthyosis;disease;8.0
@DISEASE_Hawkinsinuria;@DISEASE_Hawkinsinuria;disease;8.0
@DISEASE_Hearing_Loss_High_Frequency;@DISEASE_Hearing_Loss_High_Frequency;disease;8.0
@DISEASE_Heart_Injuries;@DISEASE_Heart_Injuries;disease;8.0
@DISEASE_Hepatic_Adenomas_Familial;@DISEASE_Hepatic_Adenomas_Familial;disease;8.0
@DISEASE_Hepatopulmonary_Syndrome;@DISEASE_Hepatopulmonary_Syndrome;disease;8.0
@DISEASE_Herpesviridae_Infections;@DISEASE_Herpesviridae_Infections;disease;8.0
@DISEASE_Horner_Syndrome;@DISEASE_Horner_Syndrome;disease;8.0
@DISEASE_Hyperglycinemia_Nonketotic;@DISEASE_Hyperglycinemia_Nonketotic;disease;8.0
@DISEASE_Hypertrophy_Right_Ventricular;@DISEASE_Hypertrophy_Right_Ventricular;disease;8.0
@DISEASE_Hypobetalipoproteinemias;@DISEASE_Hypobetalipoproteinemias;disease;8.0
@DISEASE_Hypomagnesemia_primary;@DISEASE_Hypomagnesemia_primary;disease;8.0
@DISEASE_Hypoproteinemia;@DISEASE_Hypoproteinemia;disease;8.0
@DISEASE_Ichthyosis_Lamellar;@DISEASE_Ichthyosis_Lamellar;disease;8.0
@DISEASE_Immotile_cilia_syndrome_due_to_excessively_long_cilia;@DISEASE_Immotile_cilia_syndrome_due_to_excessively_long_cilia;disease;8.0
@DISEASE_Immunoglobulin_Light_chain_Amyloidosis;@DISEASE_Immunoglobulin_Light_chain_Amyloidosis;disease;8.0
@DISEASE_Infectious_Mononucleosis;@DISEASE_Infectious_Mononucleosis;disease;8.0
@DISEASE_Keratoconus_Posticus_Circumscriptus_with_Associated_Malformations;@DISEASE_Keratoconus_Posticus_Circumscriptus_with_Associated_Malformations;disease;8.0
@DISEASE_Kimura_Disease;@DISEASE_Kimura_Disease;disease;8.0
@DISEASE_Knee_Fractures;@DISEASE_Knee_Fractures;disease;8.0
@DISEASE_Kyphosis;@DISEASE_Kyphosis;disease;8.0
@DISEASE_Lactic_Acidosis_Congenital_Infantile_Due_To_LAD_Deficiency;@DISEASE_Lactic_Acidosis_Congenital_Infantile_Due_To_LAD_Deficiency;disease;8.0
@DISEASE_Lead_Poisoning;@DISEASE_Lead_Poisoning;disease;8.0
@DISEASE_Lupus_Vasculitis_Central_Nervous_System;@DISEASE_Lupus_Vasculitis_Central_Nervous_System;disease;8.0
@DISEASE_Malignant_Hyperthermia;@DISEASE_Malignant_Hyperthermia;disease;8.0
@DISEASE_Mast_Cell_Activation_Syndrome;@DISEASE_Mast_Cell_Activation_Syndrome;disease;8.0
@DISEASE_Mastodynia;@DISEASE_Mastodynia;disease;8.0
@DISEASE_Measles;@DISEASE_Measles;disease;8.0
@DISEASE_Meningeal_Neoplasms;@DISEASE_Meningeal_Neoplasms;disease;8.0
@DISEASE_Meningitis_Cryptococcal;@DISEASE_Meningitis_Cryptococcal;disease;8.0
@DISEASE_Microphthalmia_Syndromic_10;@DISEASE_Microphthalmia_Syndromic_10;disease;8.0
@DISEASE_Migraine_without_Aura;@DISEASE_Migraine_without_Aura;disease;8.0
@DISEASE_Mitochondrial_encephalopathy;@DISEASE_Mitochondrial_encephalopathy;disease;8.0
@DISEASE_Multiple_Sclerosis_Chronic_Progressive;@DISEASE_Multiple_Sclerosis_Chronic_Progressive;disease;8.0
@DISEASE_Muscle_Cramp;@DISEASE_Muscle_Cramp;disease;8.0
@DISEASE_Muscle_Hypertonia;@DISEASE_Muscle_Hypertonia;disease;8.0
@DISEASE_Mycetoma;@DISEASE_Mycetoma;disease;8.0
@DISEASE_Mycobacterium_Infections;@DISEASE_Mycobacterium_Infections;disease;8.0
@DISEASE_Nasal_Septal_Perforation;@DISEASE_Nasal_Septal_Perforation;disease;8.0
@DISEASE_Neck_Pain;@DISEASE_Neck_Pain;disease;8.0
@DISEASE_Neoplasms_Bone_Tissue;@DISEASE_Neoplasms_Bone_Tissue;disease;8.0
@DISEASE_Neuroaxonal_Dystrophies;@DISEASE_Neuroaxonal_Dystrophies;disease;8.0
@DISEASE_Neurofibromatosis_1;@DISEASE_Neurofibromatosis_1;disease;8.0
@DISEASE_Nonsyndromic_Holoprosencephaly;@DISEASE_Nonsyndromic_Holoprosencephaly;disease;8.0
@DISEASE_Oncogene_Addiction;@DISEASE_Oncogene_Addiction;disease;8.0
@DISEASE_Osteogenesis_Imperfecta_Type_IV;@DISEASE_Osteogenesis_Imperfecta_Type_IV;disease;8.0
@DISEASE_Ovarian_Dysgenesis_2;@DISEASE_Ovarian_Dysgenesis_2;disease;8.0
@DISEASE_Pancreatitis_Graft;@DISEASE_Pancreatitis_Graft;disease;8.0
@DISEASE_Pantothenate_Kinase_Associated_Neurodegeneration;@DISEASE_Pantothenate_Kinase_Associated_Neurodegeneration;disease;8.0
@DISEASE_Pelvic_Pain;@DISEASE_Pelvic_Pain;disease;8.0
@DISEASE_Pemphigus_Benign_Familial;@DISEASE_Pemphigus_Benign_Familial;disease;8.0
@DISEASE_Polyendocrinopathies_Autoimmune;@DISEASE_Polyendocrinopathies_Autoimmune;disease;8.0
@DISEASE_Post_Cardiac_Arrest_Syndrome;@DISEASE_Post_Cardiac_Arrest_Syndrome;disease;8.0
@DISEASE_Prostatic_Diseases;@DISEASE_Prostatic_Diseases;disease;8.0
@DISEASE_Protein_Energy_Malnutrition;@DISEASE_Protein_Energy_Malnutrition;disease;8.0
@DISEASE_Pseudarthrosis;@DISEASE_Pseudarthrosis;disease;8.0
@DISEASE_Quadriplegia;@DISEASE_Quadriplegia;disease;8.0
@DISEASE_Respiration_Disorders;@DISEASE_Respiration_Disorders;disease;8.0
@DISEASE_Retinal_Vasculitis;@DISEASE_Retinal_Vasculitis;disease;8.0
@DISEASE_Retroperitoneal_Neoplasms;@DISEASE_Retroperitoneal_Neoplasms;disease;8.0
@DISEASE_Rheumatic_Heart_Disease;@DISEASE_Rheumatic_Heart_Disease;disease;8.0
@DISEASE_Root_Resorption;@DISEASE_Root_Resorption;disease;8.0
@DISEASE_Schistosomiasis;@DISEASE_Schistosomiasis;disease;8.0
@DISEASE_Spondylosis;@DISEASE_Spondylosis;disease;8.0
@DISEASE_Stress_Disorders_Traumatic_Acute;@DISEASE_Stress_Disorders_Traumatic_Acute;disease;8.0
@DISEASE_Tenosynovitis;@DISEASE_Tenosynovitis;disease;8.0
@DISEASE_Tension_Type_Headache;@DISEASE_Tension_Type_Headache;disease;8.0
@DISEASE_Thalamic_Diseases;@DISEASE_Thalamic_Diseases;disease;8.0
@DISEASE_Tinea;@DISEASE_Tinea;disease;8.0
@DISEASE_Tongue_Diseases;@DISEASE_Tongue_Diseases;disease;8.0
@DISEASE_Tubular_Sweat_Gland_Adenomas;@DISEASE_Tubular_Sweat_Gland_Adenomas;disease;8.0
@DISEASE_Vertigo;@DISEASE_Vertigo;disease;8.0
@DISEASE_Vulvar_Lichen_Sclerosus;@DISEASE_Vulvar_Lichen_Sclerosus;disease;8.0
@DISEASE_Xanthomatosis;@DISEASE_Xanthomatosis;disease;8.0
@DISEASE_general_anxiety_disorder;@DISEASE_general_anxiety_disorder;disease;8.0
@DISEASE_von_Hippel_Lindau_Disease;@DISEASE_von_Hippel_Lindau_Disease;disease;8.0
@DISEASE_von_Willebrand_Diseases;@DISEASE_von_Willebrand_Diseases;disease;8.0
@DISEASE_2_Hydroxyglutaricaciduria;@DISEASE_2_Hydroxyglutaricaciduria;disease;7.0
@DISEASE_2_Methylbutyryl_CoA_Dehydrogenase_Deficiency;@DISEASE_2_Methylbutyryl_CoA_Dehydrogenase_Deficiency;disease;7.0
@DISEASE_613848;@DISEASE_613848;disease;7.0
@DISEASE_614052;@DISEASE_614052;disease;7.0
@DISEASE_Abdomen_Acute;@DISEASE_Abdomen_Acute;disease;7.0
@DISEASE_Abducens_Nerve_Diseases;@DISEASE_Abducens_Nerve_Diseases;disease;7.0
@DISEASE_Aberrant_Crypt_Foci;@DISEASE_Aberrant_Crypt_Foci;disease;7.0
@DISEASE_Acrophobia;@DISEASE_Acrophobia;disease;7.0
@DISEASE_Amyopathic_dermatomyositis;@DISEASE_Amyopathic_dermatomyositis;disease;7.0
@DISEASE_Aortic_Aneurysm_Thoracic;@DISEASE_Aortic_Aneurysm_Thoracic;disease;7.0
@DISEASE_Aortic_Diseases;@DISEASE_Aortic_Diseases;disease;7.0
@DISEASE_Ape_Diseases;@DISEASE_Ape_Diseases;disease;7.0
@DISEASE_Auditory_Perceptual_Disorders;@DISEASE_Auditory_Perceptual_Disorders;disease;7.0
@DISEASE_Blepharitis;@DISEASE_Blepharitis;disease;7.0
@DISEASE_Candidiasis_Oral;@DISEASE_Candidiasis_Oral;disease;7.0
@DISEASE_Carbamoyl_Phosphate_Synthase_I_Deficiency_Disease;@DISEASE_Carbamoyl_Phosphate_Synthase_I_Deficiency_Disease;disease;7.0
@DISEASE_Cardiac_Tamponade;@DISEASE_Cardiac_Tamponade;disease;7.0
@DISEASE_Cardiomyopathy_Dilated_with_Left_Ventricular_Noncompaction;@DISEASE_Cardiomyopathy_Dilated_with_Left_Ventricular_Noncompaction;disease;7.0
@DISEASE_Cardiomyopathy_Right_Ventricular_Dilated;@DISEASE_Cardiomyopathy_Right_Ventricular_Dilated;disease;7.0
@DISEASE_Cataract_Nuclear_Progressive;@DISEASE_Cataract_Nuclear_Progressive;disease;7.0
@DISEASE_Catheter_Related_Infections;@DISEASE_Catheter_Related_Infections;disease;7.0
@DISEASE_Cholestasis_Extrahepatic;@DISEASE_Cholestasis_Extrahepatic;disease;7.0
@DISEASE_Cholesteatoma_Middle_Ear;@DISEASE_Cholesteatoma_Middle_Ear;disease;7.0
@DISEASE_Chylothorax;@DISEASE_Chylothorax;disease;7.0
@DISEASE_Ciliophora_Infections;@DISEASE_Ciliophora_Infections;disease;7.0
@DISEASE_Congenital_Hyperinsulinism;@DISEASE_Congenital_Hyperinsulinism;disease;7.0
@DISEASE_Congenital_central_hypoventilation_syndrome;@DISEASE_Congenital_central_hypoventilation_syndrome;disease;7.0
@DISEASE_Copper_Toxicosis_Idiopathic;@DISEASE_Copper_Toxicosis_Idiopathic;disease;7.0
@DISEASE_Cystitis;@DISEASE_Cystitis;disease;7.0
@DISEASE_Cytochrome_c_Oxidase_Deficiency;@DISEASE_Cytochrome_c_Oxidase_Deficiency;disease;7.0
@DISEASE_Daneman_Davy_Mancer_syndrome;@DISEASE_Daneman_Davy_Mancer_syndrome;disease;7.0
@DISEASE_Delayed_Emergence_from_Anesthesia;@DISEASE_Delayed_Emergence_from_Anesthesia;disease;7.0
@DISEASE_Dental_Calculus;@DISEASE_Dental_Calculus;disease;7.0
@DISEASE_Dental_Pulp_Necrosis;@DISEASE_Dental_Pulp_Necrosis;disease;7.0
@DISEASE_Desulfovibrionaceae_Infections;@DISEASE_Desulfovibrionaceae_Infections;disease;7.0
@DISEASE_Diabetes_Insipidus_Nephrogenic;@DISEASE_Diabetes_Insipidus_Nephrogenic;disease;7.0
@DISEASE_Ellis_Van_Creveld_Syndrome;@DISEASE_Ellis_Van_Creveld_Syndrome;disease;7.0
@DISEASE_Embolic_Stroke;@DISEASE_Embolic_Stroke;disease;7.0
@DISEASE_Enterocolitis_Neutropenic;@DISEASE_Enterocolitis_Neutropenic;disease;7.0
@DISEASE_Epidermal_Cyst;@DISEASE_Epidermal_Cyst;disease;7.0
@DISEASE_Epidermolysis_Bullosa;@DISEASE_Epidermolysis_Bullosa;disease;7.0
@DISEASE_Epidermolysis_Bullosa_Simplex;@DISEASE_Epidermolysis_Bullosa_Simplex;disease;7.0
@DISEASE_Episodic_Ataxia;@DISEASE_Episodic_Ataxia;disease;7.0
@DISEASE_Fetal_Alcohol_Spectrum_Disorders;@DISEASE_Fetal_Alcohol_Spectrum_Disorders;disease;7.0
@DISEASE_Fibrocystic_Breast_Disease;@DISEASE_Fibrocystic_Breast_Disease;disease;7.0
@DISEASE_Flatulence;@DISEASE_Flatulence;disease;7.0
@DISEASE_Foot_Deformities;@DISEASE_Foot_Deformities;disease;7.0
@DISEASE_Gallbladder_Diseases;@DISEASE_Gallbladder_Diseases;disease;7.0
@DISEASE_Ganglion_Cysts;@DISEASE_Ganglion_Cysts;disease;7.0
@DISEASE_Glutamate_Monosodium_Sensitivity;@DISEASE_Glutamate_Monosodium_Sensitivity;disease;7.0
@DISEASE_Goiter;@DISEASE_Goiter;disease;7.0
@DISEASE_Granulomatous_Disease_Chronic;@DISEASE_Granulomatous_Disease_Chronic;disease;7.0
@DISEASE_HTLV_I_Infections;@DISEASE_HTLV_I_Infections;disease;7.0
@DISEASE_Hamartoma_Syndrome_Multiple;@DISEASE_Hamartoma_Syndrome_Multiple;disease;7.0
@DISEASE_Headache_Disorders;@DISEASE_Headache_Disorders;disease;7.0
@DISEASE_Heart_Rupture_Post_Infarction;@DISEASE_Heart_Rupture_Post_Infarction;disease;7.0
@DISEASE_Hemangiosarcoma;@DISEASE_Hemangiosarcoma;disease;7.0
@DISEASE_Heterotaxy_Syndrome;@DISEASE_Heterotaxy_Syndrome;disease;7.0
@DISEASE_Hyperlysinemias;@DISEASE_Hyperlysinemias;disease;7.0
@DISEASE_Hyperostosis_Diffuse_Idiopathic_Skeletal;@DISEASE_Hyperostosis_Diffuse_Idiopathic_Skeletal;disease;7.0
@DISEASE_Hypoalphalipoproteinemias;@DISEASE_Hypoalphalipoproteinemias;disease;7.0
@DISEASE_Hypogonadism_and_Testicular_Atrophy;@DISEASE_Hypogonadism_and_Testicular_Atrophy;disease;7.0
@DISEASE_Hypohidrosis;@DISEASE_Hypohidrosis;disease;7.0
@DISEASE_Hypokalemic_Periodic_Paralysis;@DISEASE_Hypokalemic_Periodic_Paralysis;disease;7.0
@DISEASE_Ichthyosis;@DISEASE_Ichthyosis;disease;7.0
@DISEASE_Intestinal_Polyposis;@DISEASE_Intestinal_Polyposis;disease;7.0
@DISEASE_Intracranial_Arteriosclerosis;@DISEASE_Intracranial_Arteriosclerosis;disease;7.0
@DISEASE_Keratoconjunctivitis;@DISEASE_Keratoconjunctivitis;disease;7.0
@DISEASE_Keratosis;@DISEASE_Keratosis;disease;7.0
@DISEASE_Klippel_Feil_Syndrome;@DISEASE_Klippel_Feil_Syndrome;disease;7.0
@DISEASE_Latent_Autoimmune_Diabetes_in_Adults;@DISEASE_Latent_Autoimmune_Diabetes_in_Adults;disease;7.0
@DISEASE_Leukemia_Radiation_Induced;@DISEASE_Leukemia_Radiation_Induced;disease;7.0
@DISEASE_Leukoplakia;@DISEASE_Leukoplakia;disease;7.0
@DISEASE_Lithiasis;@DISEASE_Lithiasis;disease;7.0
@DISEASE_Lower_Urinary_Tract_Symptoms;@DISEASE_Lower_Urinary_Tract_Symptoms;disease;7.0
@DISEASE_Malaria_Cerebral;@DISEASE_Malaria_Cerebral;disease;7.0
@DISEASE_Menstruation_Disturbances;@DISEASE_Menstruation_Disturbances;disease;7.0
@DISEASE_Mollica_Pavone_Antener_syndrome;@DISEASE_Mollica_Pavone_Antener_syndrome;disease;7.0
@DISEASE_Mucopolysaccharidosis_VI;@DISEASE_Mucopolysaccharidosis_VI;disease;7.0
@DISEASE_Muscular_Dystrophies;@DISEASE_Muscular_Dystrophies;disease;7.0
@DISEASE_Myopia_Degenerative;@DISEASE_Myopia_Degenerative;disease;7.0
@DISEASE_Nephrosis_congenital;@DISEASE_Nephrosis_congenital;disease;7.0
@DISEASE_Nerve_Compression_Syndromes;@DISEASE_Nerve_Compression_Syndromes;disease;7.0
@DISEASE_Neuraminidase_1_deficiency;@DISEASE_Neuraminidase_1_deficiency;disease;7.0
@DISEASE_Neuromuscular_Junction_Diseases;@DISEASE_Neuromuscular_Junction_Diseases;disease;7.0
@DISEASE_Onychomycosis;@DISEASE_Onychomycosis;disease;7.0
@DISEASE_Optic_Nerve_Glioma;@DISEASE_Optic_Nerve_Glioma;disease;7.0
@DISEASE_Orbital_Diseases;@DISEASE_Orbital_Diseases;disease;7.0
@DISEASE_Orofaciodigital_syndrome_6;@DISEASE_Orofaciodigital_syndrome_6;disease;7.0
@DISEASE_Osteoarthropathy_Secondary_Hypertrophic;@DISEASE_Osteoarthropathy_Secondary_Hypertrophic;disease;7.0
@DISEASE_Osteolysis_Essential;@DISEASE_Osteolysis_Essential;disease;7.0
@DISEASE_Out_of_Hospital_Cardiac_Arrest;@DISEASE_Out_of_Hospital_Cardiac_Arrest;disease;7.0
@DISEASE_POEMS_Syndrome;@DISEASE_POEMS_Syndrome;disease;7.0
@DISEASE_Paine_syndrome;@DISEASE_Paine_syndrome;disease;7.0
@DISEASE_Pancreatic_Cyst;@DISEASE_Pancreatic_Cyst;disease;7.0
@DISEASE_Papilloma;@DISEASE_Papilloma;disease;7.0
@DISEASE_Paraparesis_Tropical_Spastic;@DISEASE_Paraparesis_Tropical_Spastic;disease;7.0
@DISEASE_Parasitemia;@DISEASE_Parasitemia;disease;7.0
@DISEASE_Parkinsonian_Disorders;@DISEASE_Parkinsonian_Disorders;disease;7.0
@DISEASE_Pars_Planitis;@DISEASE_Pars_Planitis;disease;7.0
@DISEASE_Patterned_dystrophy_of_retinal_pigment_epithelium;@DISEASE_Patterned_dystrophy_of_retinal_pigment_epithelium;disease;7.0
@DISEASE_Pelvic_Inflammatory_Disease;@DISEASE_Pelvic_Inflammatory_Disease;disease;7.0
@DISEASE_Pericardial_Effusion;@DISEASE_Pericardial_Effusion;disease;7.0
@DISEASE_Phosphorus_Metabolism_Disorders;@DISEASE_Phosphorus_Metabolism_Disorders;disease;7.0
@DISEASE_Pituitary_Hormone_Deficiency_Combined_2;@DISEASE_Pituitary_Hormone_Deficiency_Combined_2;disease;7.0
@DISEASE_Porokeratosis_punctata_palmaris_et_plantaris;@DISEASE_Porokeratosis_punctata_palmaris_et_plantaris;disease;7.0
@DISEASE_Poroma;@DISEASE_Poroma;disease;7.0
@DISEASE_Postoperative_Complications;@DISEASE_Postoperative_Complications;disease;7.0
@DISEASE_Prader_Willi_Syndrome;@DISEASE_Prader_Willi_Syndrome;disease;7.0
@DISEASE_Pregnancy_Complications;@DISEASE_Pregnancy_Complications;disease;7.0
@DISEASE_Pregnancy_Ectopic;@DISEASE_Pregnancy_Ectopic;disease;7.0
@DISEASE_Preterm_Premature_Rupture_of_the_Membranes;@DISEASE_Preterm_Premature_Rupture_of_the_Membranes;disease;7.0
@DISEASE_Primary_Immunodeficiency_Diseases;@DISEASE_Primary_Immunodeficiency_Diseases;disease;7.0
@DISEASE_Protein_S_Deficiency;@DISEASE_Protein_S_Deficiency;disease;7.0
@DISEASE_Proteus_Syndrome;@DISEASE_Proteus_Syndrome;disease;7.0
@DISEASE_Pruritic_urticarial_papules_plaques_of_pregnancy;@DISEASE_Pruritic_urticarial_papules_plaques_of_pregnancy;disease;7.0
@DISEASE_Psittacosis;@DISEASE_Psittacosis;disease;7.0
@DISEASE_Pulmonary_Emphysema;@DISEASE_Pulmonary_Emphysema;disease;7.0
@DISEASE_Pulmonary_Heart_Disease;@DISEASE_Pulmonary_Heart_Disease;disease;7.0
@DISEASE_Pulmonary_edema_of_mountaineers;@DISEASE_Pulmonary_edema_of_mountaineers;disease;7.0
@DISEASE_Pyle_disease;@DISEASE_Pyle_disease;disease;7.0
@DISEASE_Refsum_Disease_Infantile;@DISEASE_Refsum_Disease_Infantile;disease;7.0
@DISEASE_Renal_hypouricemia;@DISEASE_Renal_hypouricemia;disease;7.0
@DISEASE_Rhinitis;@DISEASE_Rhinitis;disease;7.0
@DISEASE_Sexually_Transmitted_Diseases;@DISEASE_Sexually_Transmitted_Diseases;disease;7.0
@DISEASE_Shy_Drager_Syndrome;@DISEASE_Shy_Drager_Syndrome;disease;7.0
@DISEASE_Silicosiderosis;@DISEASE_Silicosiderosis;disease;7.0
@DISEASE_Specific_Granule_Deficiency;@DISEASE_Specific_Granule_Deficiency;disease;7.0
@DISEASE_Stenosis_Pulmonary_Vein;@DISEASE_Stenosis_Pulmonary_Vein;disease;7.0
@DISEASE_Stillbirth;@DISEASE_Stillbirth;disease;7.0
@DISEASE_Sweat_Gland_Diseases;@DISEASE_Sweat_Gland_Diseases;disease;7.0
@DISEASE_Syphilis;@DISEASE_Syphilis;disease;7.0
@DISEASE_Systolic_Murmurs;@DISEASE_Systolic_Murmurs;disease;7.0
@DISEASE_Telangiectasia_Hereditary_Hemorrhagic;@DISEASE_Telangiectasia_Hereditary_Hemorrhagic;disease;7.0
@DISEASE_Tendon_Injuries;@DISEASE_Tendon_Injuries;disease;7.0
@DISEASE_Thoracic_Injuries;@DISEASE_Thoracic_Injuries;disease;7.0
@DISEASE_Thrombocytosis;@DISEASE_Thrombocytosis;disease;7.0
@DISEASE_Thyroid_Adenoma_Hyperfunctioning;@DISEASE_Thyroid_Adenoma_Hyperfunctioning;disease;7.0
@DISEASE_Tic_Disorders;@DISEASE_Tic_Disorders;disease;7.0
@DISEASE_Tooth_Wear;@DISEASE_Tooth_Wear;disease;7.0
@DISEASE_Trochlear_Nerve_Diseases;@DISEASE_Trochlear_Nerve_Diseases;disease;7.0
@DISEASE_Urate_Binding_Globulin_Decrease_in;@DISEASE_Urate_Binding_Globulin_Decrease_in;disease;7.0
@DISEASE_Ureteral_Neoplasms;@DISEASE_Ureteral_Neoplasms;disease;7.0
@DISEASE_Urogenital_Abnormalities;@DISEASE_Urogenital_Abnormalities;disease;7.0
@DISEASE_Urologic_Neoplasms;@DISEASE_Urologic_Neoplasms;disease;7.0
@DISEASE_Vacuolar_myopathy;@DISEASE_Vacuolar_myopathy;disease;7.0
@DISEASE_Vascular_Remodeling;@DISEASE_Vascular_Remodeling;disease;7.0
@DISEASE_Vestibular_Diseases;@DISEASE_Vestibular_Diseases;disease;7.0
@DISEASE_Vestibular_Neuronitis;@DISEASE_Vestibular_Neuronitis;disease;7.0
@DISEASE_Wounds_Nonpenetrating;@DISEASE_Wounds_Nonpenetrating;disease;7.0
@DISEASE_Zika_Virus_Infection;@DISEASE_Zika_Virus_Infection;disease;7.0
@DISEASE_150699;@DISEASE_150699;disease;6.0
@DISEASE_163000;@DISEASE_163000;disease;6.0
@DISEASE_612348;@DISEASE_612348;disease;6.0
@DISEASE_613882;@DISEASE_613882;disease;6.0
@DISEASE_614822;@DISEASE_614822;disease;6.0
@DISEASE_615510;@DISEASE_615510;disease;6.0
@DISEASE_615574;@DISEASE_615574;disease;6.0
@DISEASE_615632;@DISEASE_615632;disease;6.0
@DISEASE_Acanthamoeba_Keratitis;@DISEASE_Acanthamoeba_Keratitis;disease;6.0
@DISEASE_Acute_Febrile_Encephalopathy;@DISEASE_Acute_Febrile_Encephalopathy;disease;6.0
@DISEASE_Acute_Phase_Reaction;@DISEASE_Acute_Phase_Reaction;disease;6.0
@DISEASE_Adenoma_Chromophobe;@DISEASE_Adenoma_Chromophobe;disease;6.0
@DISEASE_Adjustment_Disorders;@DISEASE_Adjustment_Disorders;disease;6.0
@DISEASE_Agenesis_of_Corpus_Callosum;@DISEASE_Agenesis_of_Corpus_Callosum;disease;6.0
@DISEASE_Alcohol_Amnestic_Disorder;@DISEASE_Alcohol_Amnestic_Disorder;disease;6.0
@DISEASE_Alexander_Disease;@DISEASE_Alexander_Disease;disease;6.0
@DISEASE_Amyloid_Neuropathies_Familial;@DISEASE_Amyloid_Neuropathies_Familial;disease;6.0
@DISEASE_Anemia_Hemolytic_Autoimmune;@DISEASE_Anemia_Hemolytic_Autoimmune;disease;6.0
@DISEASE_Aneurysm_Ruptured;@DISEASE_Aneurysm_Ruptured;disease;6.0
@DISEASE_Anthracosis;@DISEASE_Anthracosis;disease;6.0
@DISEASE_Appendicitis;@DISEASE_Appendicitis;disease;6.0
@DISEASE_Arginine_Glycine_Amidinotransferase_Deficiency;@DISEASE_Arginine_Glycine_Amidinotransferase_Deficiency;disease;6.0
@DISEASE_Arsenic_Poisoning;@DISEASE_Arsenic_Poisoning;disease;6.0
@DISEASE_Asbestosis;@DISEASE_Asbestosis;disease;6.0
@DISEASE_Aspartylglucosaminuria;@DISEASE_Aspartylglucosaminuria;disease;6.0
@DISEASE_Asphyxia;@DISEASE_Asphyxia;disease;6.0
@DISEASE_Bardet_Biedl_Syndrome;@DISEASE_Bardet_Biedl_Syndrome;disease;6.0
@DISEASE_Barth_Syndrome;@DISEASE_Barth_Syndrome;disease;6.0
@DISEASE_Bartter_Syndrome;@DISEASE_Bartter_Syndrome;disease;6.0
@DISEASE_Bell_Palsy;@DISEASE_Bell_Palsy;disease;6.0
@DISEASE_Bloom_Syndrome;@DISEASE_Bloom_Syndrome;disease;6.0
@DISEASE_Body_Dysmorphic_Disorders;@DISEASE_Body_Dysmorphic_Disorders;disease;6.0
@DISEASE_Brenner_Tumor;@DISEASE_Brenner_Tumor;disease;6.0
@DISEASE_Bronchiolitis;@DISEASE_Bronchiolitis;disease;6.0
@DISEASE_Bronchitis_Chronic;@DISEASE_Bronchitis_Chronic;disease;6.0
@DISEASE_Burkholderia_Infections;@DISEASE_Burkholderia_Infections;disease;6.0
@DISEASE_Cakut;@DISEASE_Cakut;disease;6.0
@DISEASE_Carbon_Monoxide_Poisoning;@DISEASE_Carbon_Monoxide_Poisoning;disease;6.0
@DISEASE_Carcinoma_Adenoid_Cystic;@DISEASE_Carcinoma_Adenoid_Cystic;disease;6.0
@DISEASE_Carcinoma_Intraductal_Noninfiltrating;@DISEASE_Carcinoma_Intraductal_Noninfiltrating;disease;6.0
@DISEASE_Carcinoma_Papillary_Follicular;@DISEASE_Carcinoma_Papillary_Follicular;disease;6.0
@DISEASE_Cardiomyopathy_infantile_histiocytoid;@DISEASE_Cardiomyopathy_infantile_histiocytoid;disease;6.0
@DISEASE_Cat_Scratch_Disease;@DISEASE_Cat_Scratch_Disease;disease;6.0
@DISEASE_Cataplexy;@DISEASE_Cataplexy;disease;6.0
@DISEASE_Cerebral_Palsy_Ataxic_Autosomal_Recessive;@DISEASE_Cerebral_Palsy_Ataxic_Autosomal_Recessive;disease;6.0
@DISEASE_Cholangitis;@DISEASE_Cholangitis;disease;6.0
@DISEASE_Cholesterol_pneumonia;@DISEASE_Cholesterol_pneumonia;disease;6.0
@DISEASE_Choroiditis;@DISEASE_Choroiditis;disease;6.0
@DISEASE_Chromosome_1q21.1_Deletion_Syndrome_1.35_Mb;@DISEASE_Chromosome_1q21.1_Deletion_Syndrome_1.35_Mb;disease;6.0
@DISEASE_Churg_Strauss_Syndrome;@DISEASE_Churg_Strauss_Syndrome;disease;6.0
@DISEASE_Cleft_Lip;@DISEASE_Cleft_Lip;disease;6.0
@DISEASE_Cocaine_Related_Disorders;@DISEASE_Cocaine_Related_Disorders;disease;6.0
@DISEASE_Color_Vision_Defects;@DISEASE_Color_Vision_Defects;disease;6.0
@DISEASE_Common_Variable_Immunodeficiency;@DISEASE_Common_Variable_Immunodeficiency;disease;6.0
@DISEASE_Compassion_Fatigue;@DISEASE_Compassion_Fatigue;disease;6.0
@DISEASE_Congenital_chloride_diarrhea;@DISEASE_Congenital_chloride_diarrhea;disease;6.0
@DISEASE_Creatine_deficiency_X_linked;@DISEASE_Creatine_deficiency_X_linked;disease;6.0
@DISEASE_Cri_du_Chat_Syndrome;@DISEASE_Cri_du_Chat_Syndrome;disease;6.0
@DISEASE_Cryopyrin_Associated_Periodic_Syndromes;@DISEASE_Cryopyrin_Associated_Periodic_Syndromes;disease;6.0
@DISEASE_De_Lange_Syndrome;@DISEASE_De_Lange_Syndrome;disease;6.0
@DISEASE_Dendritic_Cell_Sarcoma_Interdigitating;@DISEASE_Dendritic_Cell_Sarcoma_Interdigitating;disease;6.0
@DISEASE_Diabetes_Insipidus_Neurogenic;@DISEASE_Diabetes_Insipidus_Neurogenic;disease;6.0
@DISEASE_Diarrhea_3_Secretory_Sodium_Congenital;@DISEASE_Diarrhea_3_Secretory_Sodium_Congenital;disease;6.0
@DISEASE_Diastrophic_dysplasia;@DISEASE_Diastrophic_dysplasia;disease;6.0
@DISEASE_Disorder_of_Sex_Development_46_XY;@DISEASE_Disorder_of_Sex_Development_46_XY;disease;6.0
@DISEASE_Diverticular_Diseases;@DISEASE_Diverticular_Diseases;disease;6.0
@DISEASE_Dyschromatosis_symmetrica_hereditaria_1;@DISEASE_Dyschromatosis_symmetrica_hereditaria_1;disease;6.0
@DISEASE_Dysuria;@DISEASE_Dysuria;disease;6.0
@DISEASE_Echinococcosis;@DISEASE_Echinococcosis;disease;6.0
@DISEASE_Ectrodactyly;@DISEASE_Ectrodactyly;disease;6.0
@DISEASE_Encephalomyelitis_Acute_Disseminated;@DISEASE_Encephalomyelitis_Acute_Disseminated;disease;6.0
@DISEASE_Enoplida_Infections;@DISEASE_Enoplida_Infections;disease;6.0
@DISEASE_Eosinophilic_Esophagitis;@DISEASE_Eosinophilic_Esophagitis;disease;6.0
@DISEASE_Epidermal_Nevus;@DISEASE_Epidermal_Nevus;disease;6.0
@DISEASE_Epilepsy_Absence;@DISEASE_Epilepsy_Absence;disease;6.0
@DISEASE_Eye_Abnormalities;@DISEASE_Eye_Abnormalities;disease;6.0
@DISEASE_Facial_Asymmetry;@DISEASE_Facial_Asymmetry;disease;6.0
@DISEASE_Facial_Neoplasms;@DISEASE_Facial_Neoplasms;disease;6.0
@DISEASE_Fahr's_disease;@DISEASE_Fahr's_disease;disease;6.0
@DISEASE_Fallopian_Tube_Diseases;@DISEASE_Fallopian_Tube_Diseases;disease;6.0
@DISEASE_Familial_paroxysmal_dystonia;@DISEASE_Familial_paroxysmal_dystonia;disease;6.0
@DISEASE_Foot_Ulcer;@DISEASE_Foot_Ulcer;disease;6.0
@DISEASE_Frontotemporal_Lobar_Degeneration;@DISEASE_Frontotemporal_Lobar_Degeneration;disease;6.0
@DISEASE_Fused_Teeth;@DISEASE_Fused_Teeth;disease;6.0
@DISEASE_Genital_Diseases_Female;@DISEASE_Genital_Diseases_Female;disease;6.0
@DISEASE_Gerstmann_Syndrome;@DISEASE_Gerstmann_Syndrome;disease;6.0
@DISEASE_Glaucoma_3_Primary_Congenital_A;@DISEASE_Glaucoma_3_Primary_Congenital_A;disease;6.0
@DISEASE_Glucagonoma;@DISEASE_Glucagonoma;disease;6.0
@DISEASE_Glycogen_Storage_Disease_IIIB;@DISEASE_Glycogen_Storage_Disease_IIIB;disease;6.0
@DISEASE_Goiter_Nodular;@DISEASE_Goiter_Nodular;disease;6.0
@DISEASE_Growth_Hormone_Secreting_Pituitary_Adenoma;@DISEASE_Growth_Hormone_Secreting_Pituitary_Adenoma;disease;6.0
@DISEASE_HELLP_Syndrome;@DISEASE_HELLP_Syndrome;disease;6.0
@DISEASE_Hamartoma;@DISEASE_Hamartoma;disease;6.0
@DISEASE_Hantavirus_Pulmonary_Syndrome;@DISEASE_Hantavirus_Pulmonary_Syndrome;disease;6.0
@DISEASE_Heavy_Chain_Disease;@DISEASE_Heavy_Chain_Disease;disease;6.0
@DISEASE_Hemorrhagic_Fever_Ebola;@DISEASE_Hemorrhagic_Fever_Ebola;disease;6.0
@DISEASE_Hemorrhoids;@DISEASE_Hemorrhoids;disease;6.0
@DISEASE_Hiccup;@DISEASE_Hiccup;disease;6.0
@DISEASE_Hip_Dislocation;@DISEASE_Hip_Dislocation;disease;6.0
@DISEASE_Histiocytosis;@DISEASE_Histiocytosis;disease;6.0
@DISEASE_Holoprosencephaly;@DISEASE_Holoprosencephaly;disease;6.0
@DISEASE_Homocysteinemia;@DISEASE_Homocysteinemia;disease;6.0
@DISEASE_Hookworm_Infections;@DISEASE_Hookworm_Infections;disease;6.0
@DISEASE_Hot_Flashes;@DISEASE_Hot_Flashes;disease;6.0
@DISEASE_Hydronephrosis;@DISEASE_Hydronephrosis;disease;6.0
@DISEASE_Hyperacusis;@DISEASE_Hyperacusis;disease;6.0
@DISEASE_Hyperferritinemia;@DISEASE_Hyperferritinemia;disease;6.0
@DISEASE_Hypernatremia;@DISEASE_Hypernatremia;disease;6.0
@DISEASE_Hyperphagia;@DISEASE_Hyperphagia;disease;6.0
@DISEASE_Hypokinesia;@DISEASE_Hypokinesia;disease;6.0
@DISEASE_Hypothalamic_Diseases;@DISEASE_Hypothalamic_Diseases;disease;6.0
@DISEASE_IgG_Deficiency;@DISEASE_IgG_Deficiency;disease;6.0
@DISEASE_Ileal_Diseases;@DISEASE_Ileal_Diseases;disease;6.0
@DISEASE_Inappropriate_ADH_Syndrome;@DISEASE_Inappropriate_ADH_Syndrome;disease;6.0
@DISEASE_Incisional_Hernia;@DISEASE_Incisional_Hernia;disease;6.0
@DISEASE_Inherited_Peripheral_Neuropathy;@DISEASE_Inherited_Peripheral_Neuropathy;disease;6.0
@DISEASE_Intestinal_Neoplasms;@DISEASE_Intestinal_Neoplasms;disease;6.0
@DISEASE_Intracranial_Thrombosis;@DISEASE_Intracranial_Thrombosis;disease;6.0
@DISEASE_Keratitis_Herpetic;@DISEASE_Keratitis_Herpetic;disease;6.0
@DISEASE_Kotzot_Richter_syndrome;@DISEASE_Kotzot_Richter_syndrome;disease;6.0
@DISEASE_Kwashiorkor;@DISEASE_Kwashiorkor;disease;6.0
@DISEASE_Laboratory_Infection;@DISEASE_Laboratory_Infection;disease;6.0
@DISEASE_Labyrinth_Diseases;@DISEASE_Labyrinth_Diseases;disease;6.0
@DISEASE_Lactation_Disorders;@DISEASE_Lactation_Disorders;disease;6.0
@DISEASE_Latent_Infection;@DISEASE_Latent_Infection;disease;6.0
@DISEASE_Latent_Tuberculosis;@DISEASE_Latent_Tuberculosis;disease;6.0
@DISEASE_Leprosy_Lepromatous;@DISEASE_Leprosy_Lepromatous;disease;6.0
@DISEASE_Leptospirosis;@DISEASE_Leptospirosis;disease;6.0
@DISEASE_Leukemia_Large_Granular_Lymphocytic;@DISEASE_Leukemia_Large_Granular_Lymphocytic;disease;6.0
@DISEASE_Leukemia_Plasma_Cell;@DISEASE_Leukemia_Plasma_Cell;disease;6.0
@DISEASE_Leukoencephalopathy_Progressive_Multifocal;@DISEASE_Leukoencephalopathy_Progressive_Multifocal;disease;6.0
@DISEASE_Lymphangioleiomyomatosis;@DISEASE_Lymphangioleiomyomatosis;disease;6.0
@DISEASE_Macroglossia;@DISEASE_Macroglossia;disease;6.0
@DISEASE_Malignant_hyperthermia_susceptibility_type_1;@DISEASE_Malignant_hyperthermia_susceptibility_type_1;disease;6.0
@DISEASE_Mastocytosis;@DISEASE_Mastocytosis;disease;6.0
@DISEASE_Melena;@DISEASE_Melena;disease;6.0
@DISEASE_Meningitis_Aseptic;@DISEASE_Meningitis_Aseptic;disease;6.0
@DISEASE_Methylmalonic_Aciduria_due_to_Methylmalonyl_CoA_Mutase_Deficiency;@DISEASE_Methylmalonic_Aciduria_due_to_Methylmalonyl_CoA_Mutase_Deficiency;disease;6.0
@DISEASE_Methylmalonic_acidemia_with_homocystinuria;@DISEASE_Methylmalonic_acidemia_with_homocystinuria;disease;6.0
@DISEASE_Micronuclei_Chromosome_Defective;@DISEASE_Micronuclei_Chromosome_Defective;disease;6.0
@DISEASE_Microphthalmia_Syndromic_6;@DISEASE_Microphthalmia_Syndromic_6;disease;6.0
@DISEASE_Mobility_Limitation;@DISEASE_Mobility_Limitation;disease;6.0
@DISEASE_Muscular_Dystrophy_Congenital_Megaconial_Type;@DISEASE_Muscular_Dystrophy_Congenital_Megaconial_Type;disease;6.0
@DISEASE_Myeloproliferative_Disorder_Chronic_with_Eosinophilia;@DISEASE_Myeloproliferative_Disorder_Chronic_with_Eosinophilia;disease;6.0
@DISEASE_Myofascial_Pain_Syndromes;@DISEASE_Myofascial_Pain_Syndromes;disease;6.0
@DISEASE_Myostatin_related_muscle_hypertrophy;@DISEASE_Myostatin_related_muscle_hypertrophy;disease;6.0
@DISEASE_Myotonia;@DISEASE_Myotonia;disease;6.0
@DISEASE_Myxedema;@DISEASE_Myxedema;disease;6.0
@DISEASE_Narcolepsy;@DISEASE_Narcolepsy;disease;6.0
@DISEASE_Neurogenic_Inflammation;@DISEASE_Neurogenic_Inflammation;disease;6.0
@DISEASE_Neuroschistosomiasis;@DISEASE_Neuroschistosomiasis;disease;6.0
@DISEASE_Nonsyndromic_Deafness;@DISEASE_Nonsyndromic_Deafness;disease;6.0
@DISEASE_Obstetric_Labor_Premature;@DISEASE_Obstetric_Labor_Premature;disease;6.0
@DISEASE_Odontoma;@DISEASE_Odontoma;disease;6.0
@DISEASE_Ophthalmoplegia;@DISEASE_Ophthalmoplegia;disease;6.0
@DISEASE_Optic_Neuritis;@DISEASE_Optic_Neuritis;disease;6.0
@DISEASE_Organophosphate_Poisoning;@DISEASE_Organophosphate_Poisoning;disease;6.0
@DISEASE_Orofacial_Cleft_1;@DISEASE_Orofacial_Cleft_1;disease;6.0
@DISEASE_Osteoradionecrosis;@DISEASE_Osteoradionecrosis;disease;6.0
@DISEASE_Paralysis_Hyperkalemic_Periodic;@DISEASE_Paralysis_Hyperkalemic_Periodic;disease;6.0
@DISEASE_Paraneoplastic_Syndromes;@DISEASE_Paraneoplastic_Syndromes;disease;6.0
@DISEASE_Paresis;@DISEASE_Paresis;disease;6.0
@DISEASE_Paronychia;@DISEASE_Paronychia;disease;6.0
@DISEASE_Parotitis;@DISEASE_Parotitis;disease;6.0
@DISEASE_Patellar_Dislocation;@DISEASE_Patellar_Dislocation;disease;6.0
@DISEASE_Periapical_Abscess;@DISEASE_Periapical_Abscess;disease;6.0
@DISEASE_Peroxisomal_Disorders;@DISEASE_Peroxisomal_Disorders;disease;6.0
@DISEASE_Phobia_Social;@DISEASE_Phobia_Social;disease;6.0
@DISEASE_Piebaldism;@DISEASE_Piebaldism;disease;6.0
@DISEASE_Polyarteritis_Nodosa;@DISEASE_Polyarteritis_Nodosa;disease;6.0
@DISEASE_Polyomavirus_Infections;@DISEASE_Polyomavirus_Infections;disease;6.0
@DISEASE_Posterior_Capsular_Rupture_Ocular;@DISEASE_Posterior_Capsular_Rupture_Ocular;disease;6.0
@DISEASE_Posterior_Leukoencephalopathy_Syndrome;@DISEASE_Posterior_Leukoencephalopathy_Syndrome;disease;6.0
@DISEASE_Primary_Release_Disorder_Of_Platelets;@DISEASE_Primary_Release_Disorder_Of_Platelets;disease;6.0
@DISEASE_Progressive_Encephalomyelitis_with_Rigidity;@DISEASE_Progressive_Encephalomyelitis_with_Rigidity;disease;6.0
@DISEASE_Prolactinoma;@DISEASE_Prolactinoma;disease;6.0
@DISEASE_Propping_Zerres_syndrome;@DISEASE_Propping_Zerres_syndrome;disease;6.0
@DISEASE_Pseudohypoparathyroidism_Type_1B;@DISEASE_Pseudohypoparathyroidism_Type_1B;disease;6.0
@DISEASE_Psychological_Trauma;@DISEASE_Psychological_Trauma;disease;6.0
@DISEASE_Q_Fever;@DISEASE_Q_Fever;disease;6.0
@DISEASE_Radicular_Cyst;@DISEASE_Radicular_Cyst;disease;6.0
@DISEASE_Relative_Energy_Deficiency_in_Sport;@DISEASE_Relative_Energy_Deficiency_in_Sport;disease;6.0
@DISEASE_Retinal_Neovascularization;@DISEASE_Retinal_Neovascularization;disease;6.0
@DISEASE_Rett_Syndrome;@DISEASE_Rett_Syndrome;disease;6.0
@DISEASE_Rhegmatogenous_Retinal_Detachment_Autosomal_Dominant;@DISEASE_Rhegmatogenous_Retinal_Detachment_Autosomal_Dominant;disease;6.0
@DISEASE_Rhinitis_Allergic_Seasonal;@DISEASE_Rhinitis_Allergic_Seasonal;disease;6.0
@DISEASE_Rotavirus_Infections;@DISEASE_Rotavirus_Infections;disease;6.0
@DISEASE_Rubella;@DISEASE_Rubella;disease;6.0
@DISEASE_Segmentation_syndrome_1;@DISEASE_Segmentation_syndrome_1;disease;6.0
@DISEASE_Sertoli_Cell_Only_Syndrome;@DISEASE_Sertoli_Cell_Only_Syndrome;disease;6.0
@DISEASE_Skeletal_Defects_Genital_Hypoplasia_And_Mental_Retardation;@DISEASE_Skeletal_Defects_Genital_Hypoplasia_And_Mental_Retardation;disease;6.0
@DISEASE_Sleep_Apnea_Syndromes;@DISEASE_Sleep_Apnea_Syndromes;disease;6.0
@DISEASE_Solitary_Pulmonary_Nodule;@DISEASE_Solitary_Pulmonary_Nodule;disease;6.0
@DISEASE_Spinal_Curvatures;@DISEASE_Spinal_Curvatures;disease;6.0
@DISEASE_Spondyloepiphyseal_Dysplasia_Brachydactyly_and_Distinctive_Speech;@DISEASE_Spondyloepiphyseal_Dysplasia_Brachydactyly_and_Distinctive_Speech;disease;6.0
@DISEASE_Starvation;@DISEASE_Starvation;disease;6.0
@DISEASE_Subarachnoid_Hemorrhage_Traumatic;@DISEASE_Subarachnoid_Hemorrhage_Traumatic;disease;6.0
@DISEASE_Submandibular_Gland_Diseases;@DISEASE_Submandibular_Gland_Diseases;disease;6.0
@DISEASE_Superior_Vena_Cava_Syndrome;@DISEASE_Superior_Vena_Cava_Syndrome;disease;6.0
@DISEASE_Sveinsson_Chorioretinal_Atrophy;@DISEASE_Sveinsson_Chorioretinal_Atrophy;disease;6.0
@DISEASE_Symptom_Flare_Up;@DISEASE_Symptom_Flare_Up;disease;6.0
@DISEASE_Synovial_Cyst;@DISEASE_Synovial_Cyst;disease;6.0
@DISEASE_Tachycardia_Atrioventricular_Nodal_Reentry;@DISEASE_Tachycardia_Atrioventricular_Nodal_Reentry;disease;6.0
@DISEASE_Tachycardia_Sinoatrial_Nodal_Reentry;@DISEASE_Tachycardia_Sinoatrial_Nodal_Reentry;disease;6.0
@DISEASE_Tachypnea;@DISEASE_Tachypnea;disease;6.0
@DISEASE_Tarlov_Cysts;@DISEASE_Tarlov_Cysts;disease;6.0
@DISEASE_Thyroid_Hormone_Resistance_Generalized_Autosomal_Dominant;@DISEASE_Thyroid_Hormone_Resistance_Generalized_Autosomal_Dominant;disease;6.0
@DISEASE_Thyroid_Hormone_Resistance_Syndrome;@DISEASE_Thyroid_Hormone_Resistance_Syndrome;disease;6.0
@DISEASE_Tibial_Fractures;@DISEASE_Tibial_Fractures;disease;6.0
@DISEASE_Tibial_Plateau_Fractures;@DISEASE_Tibial_Plateau_Fractures;disease;6.0
@DISEASE_Transfusion_Reaction;@DISEASE_Transfusion_Reaction;disease;6.0
@DISEASE_Transfusion_Related_Acute_Lung_Injury;@DISEASE_Transfusion_Related_Acute_Lung_Injury;disease;6.0
@DISEASE_Trichinellosis;@DISEASE_Trichinellosis;disease;6.0
@DISEASE_VEXAS_syndrome;@DISEASE_VEXAS_syndrome;disease;6.0
@DISEASE_Vaginal_Discharge;@DISEASE_Vaginal_Discharge;disease;6.0
@DISEASE_Vascular_Malformation_Primary_Intraosseous;@DISEASE_Vascular_Malformation_Primary_Intraosseous;disease;6.0
@DISEASE_Vascular_Ring;@DISEASE_Vascular_Ring;disease;6.0
@DISEASE_Visceral_myopathy_familial_external_ophthalmoplegia;@DISEASE_Visceral_myopathy_familial_external_ophthalmoplegia;disease;6.0
@DISEASE_Vitreoretinopathy_Proliferative;@DISEASE_Vitreoretinopathy_Proliferative;disease;6.0
@DISEASE_Waardenburg_Syndrome;@DISEASE_Waardenburg_Syndrome;disease;6.0
@DISEASE_Warburg_Sjo_Fledelius_syndrome;@DISEASE_Warburg_Sjo_Fledelius_syndrome;disease;6.0
@DISEASE_Weight_Cycling;@DISEASE_Weight_Cycling;disease;6.0
@DISEASE_White_Muscle_Disease;@DISEASE_White_Muscle_Disease;disease;6.0
@DISEASE_Williams_Syndrome;@DISEASE_Williams_Syndrome;disease;6.0
@DISEASE_Wolfram_Like_Syndrome_Autosomal_Dominant;@DISEASE_Wolfram_Like_Syndrome_Autosomal_Dominant;disease;6.0
@DISEASE_Wrist_Fractures;@DISEASE_Wrist_Fractures;disease;6.0
@DISEASE_Xanthogranuloma_Juvenile;@DISEASE_Xanthogranuloma_Juvenile;disease;6.0
@DISEASE_Yellow_Fever;@DISEASE_Yellow_Fever;disease;6.0
@DISEASE_Yin_Deficiency;@DISEASE_Yin_Deficiency;disease;6.0
@DISEASE_mycotoxic_lupinosis;@DISEASE_mycotoxic_lupinosis;disease;6.0
@DISEASE_193235;@DISEASE_193235;disease;5.0
@DISEASE_6_pyruvoyl_tetrahydropterin_synthase_deficiency;@DISEASE_6_pyruvoyl_tetrahydropterin_synthase_deficiency;disease;5.0
@DISEASE_AICAR_Transformylase_Inosine_Monophosphate_Cyclohydrolase_Deficiency;@DISEASE_AICAR_Transformylase_Inosine_Monophosphate_Cyclohydrolase_Deficiency;disease;5.0
@DISEASE_Achondrogenesis_type_1A;@DISEASE_Achondrogenesis_type_1A;disease;5.0
@DISEASE_Acute_erythroleukemia;@DISEASE_Acute_erythroleukemia;disease;5.0
@DISEASE_Adenomyoma;@DISEASE_Adenomyoma;disease;5.0
@DISEASE_Adrenal_Rest_Tumor;@DISEASE_Adrenal_Rest_Tumor;disease;5.0
@DISEASE_Amish_lethal_microcephaly;@DISEASE_Amish_lethal_microcephaly;disease;5.0
@DISEASE_Amphetamine_Related_Disorders;@DISEASE_Amphetamine_Related_Disorders;disease;5.0
@DISEASE_Amputation_Congenital;@DISEASE_Amputation_Congenital;disease;5.0
@DISEASE_Anemia_hereditary_spherocytic_hemolytic;@DISEASE_Anemia_hereditary_spherocytic_hemolytic;disease;5.0
@DISEASE_Angina_Stable;@DISEASE_Angina_Stable;disease;5.0
@DISEASE_Aniridia;@DISEASE_Aniridia;disease;5.0
@DISEASE_Arteriovenous_Malformations;@DISEASE_Arteriovenous_Malformations;disease;5.0
@DISEASE_Arthritis_Sacroiliac;@DISEASE_Arthritis_Sacroiliac;disease;5.0
@DISEASE_Atelosteogenesis_type_2;@DISEASE_Atelosteogenesis_type_2;disease;5.0
@DISEASE_Autoimmune_enteropathy;@DISEASE_Autoimmune_enteropathy;disease;5.0
@DISEASE_Autoimmune_limbic_encephalitis;@DISEASE_Autoimmune_limbic_encephalitis;disease;5.0
@DISEASE_Birt_Hogg_Dube_Syndrome;@DISEASE_Birt_Hogg_Dube_Syndrome;disease;5.0
@DISEASE_Blastocystis_Infections;@DISEASE_Blastocystis_Infections;disease;5.0
@DISEASE_Blind_Loop_Syndrome;@DISEASE_Blind_Loop_Syndrome;disease;5.0
@DISEASE_Bone_Fragility_with_Contractures_Arterial_Rupture_and_Deafness;@DISEASE_Bone_Fragility_with_Contractures_Arterial_Rupture_and_Deafness;disease;5.0
@DISEASE_Bronchial_Diseases;@DISEASE_Bronchial_Diseases;disease;5.0
@DISEASE_Bulimia;@DISEASE_Bulimia;disease;5.0
@DISEASE_Bursitis;@DISEASE_Bursitis;disease;5.0
@DISEASE_Buruli_Ulcer;@DISEASE_Buruli_Ulcer;disease;5.0
@DISEASE_Campylobacter_Infections;@DISEASE_Campylobacter_Infections;disease;5.0
@DISEASE_Carcinoma_Adenosquamous;@DISEASE_Carcinoma_Adenosquamous;disease;5.0
@DISEASE_Cardiac_Complexes_Premature;@DISEASE_Cardiac_Complexes_Premature;disease;5.0
@DISEASE_Cardiomyopathy_Dilated_1l;@DISEASE_Cardiomyopathy_Dilated_1l;disease;5.0
@DISEASE_Central_Nervous_System_Cysts;@DISEASE_Central_Nervous_System_Cysts;disease;5.0
@DISEASE_Central_Serous_Chorioretinopathy;@DISEASE_Central_Serous_Chorioretinopathy;disease;5.0
@DISEASE_Cerebral_Ventricle_Neoplasms;@DISEASE_Cerebral_Ventricle_Neoplasms;disease;5.0
@DISEASE_Charcot_Marie_Tooth_disease_Type_1C;@DISEASE_Charcot_Marie_Tooth_disease_Type_1C;disease;5.0
@DISEASE_Charcot_Marie_Tooth_disease_Type_1D;@DISEASE_Charcot_Marie_Tooth_disease_Type_1D;disease;5.0
@DISEASE_Cheilitis;@DISEASE_Cheilitis;disease;5.0
@DISEASE_Chondrocalcinosis;@DISEASE_Chondrocalcinosis;disease;5.0
@DISEASE_Chondrosarcoma_Extraskeletal_Myxoid;@DISEASE_Chondrosarcoma_Extraskeletal_Myxoid;disease;5.0
@DISEASE_Conduct_Disorder;@DISEASE_Conduct_Disorder;disease;5.0
@DISEASE_Cone_Rod_Dystrophies;@DISEASE_Cone_Rod_Dystrophies;disease;5.0
@DISEASE_Congenital_Hemidysplasia_with_Ichthyosiform_Erythroderma_and_Limb_Defects;@DISEASE_Congenital_Hemidysplasia_with_Ichthyosiform_Erythroderma_and_Limb_Defects;disease;5.0
@DISEASE_Continuous_Muscle_Fiber_Activity_Hereditary;@DISEASE_Continuous_Muscle_Fiber_Activity_Hereditary;disease;5.0
@DISEASE_Coronary_Stenosis;@DISEASE_Coronary_Stenosis;disease;5.0
@DISEASE_Cracked_Tooth_Syndrome;@DISEASE_Cracked_Tooth_Syndrome;disease;5.0
@DISEASE_Creutzfeldt_Jakob_Syndrome;@DISEASE_Creutzfeldt_Jakob_Syndrome;disease;5.0
@DISEASE_Cystic_Disease_Of_Lung;@DISEASE_Cystic_Disease_Of_Lung;disease;5.0
@DISEASE_Delayed_Cranial_Ossification_due_to_CBFB_Haploinsufficiency;@DISEASE_Delayed_Cranial_Ossification_due_to_CBFB_Haploinsufficiency;disease;5.0
@DISEASE_Dental_Enamel_Hypoplasia;@DISEASE_Dental_Enamel_Hypoplasia;disease;5.0
@DISEASE_Denys_Drash_Syndrome;@DISEASE_Denys_Drash_Syndrome;disease;5.0
@DISEASE_Desmoid_Tumors;@DISEASE_Desmoid_Tumors;disease;5.0
@DISEASE_Diffuse_Cerebral_Sclerosis_of_Schilder;@DISEASE_Diffuse_Cerebral_Sclerosis_of_Schilder;disease;5.0
@DISEASE_Dirofilariasis;@DISEASE_Dirofilariasis;disease;5.0
@DISEASE_Diverticulitis;@DISEASE_Diverticulitis;disease;5.0
@DISEASE_Dysosteosclerosis;@DISEASE_Dysosteosclerosis;disease;5.0
@DISEASE_Dyspareunia;@DISEASE_Dyspareunia;disease;5.0
@DISEASE_Ear_Neoplasms;@DISEASE_Ear_Neoplasms;disease;5.0
@DISEASE_Ecchymosis;@DISEASE_Ecchymosis;disease;5.0
@DISEASE_Emergencies;@DISEASE_Emergencies;disease;5.0
@DISEASE_Entomophobia;@DISEASE_Entomophobia;disease;5.0
@DISEASE_Episodic_Ataxia_Type_6;@DISEASE_Episodic_Ataxia_Type_6;disease;5.0
@DISEASE_Euthyroid_Sick_Syndromes;@DISEASE_Euthyroid_Sick_Syndromes;disease;5.0
@DISEASE_Evans_Syndrome;@DISEASE_Evans_Syndrome;disease;5.0
@DISEASE_Exocrine_Pancreatic_Insufficiency;@DISEASE_Exocrine_Pancreatic_Insufficiency;disease;5.0
@DISEASE_Eye_Neoplasms;@DISEASE_Eye_Neoplasms;disease;5.0
@DISEASE_Eyelid_Diseases;@DISEASE_Eyelid_Diseases;disease;5.0
@DISEASE_Failed_Back_Surgery_Syndrome;@DISEASE_Failed_Back_Surgery_Syndrome;disease;5.0
@DISEASE_Food_Addiction;@DISEASE_Food_Addiction;disease;5.0
@DISEASE_Fractures_Multiple;@DISEASE_Fractures_Multiple;disease;5.0
@DISEASE_Fructose_Intolerance;@DISEASE_Fructose_Intolerance;disease;5.0
@DISEASE_Gambling;@DISEASE_Gambling;disease;5.0
@DISEASE_Ganglioneuroblastoma;@DISEASE_Ganglioneuroblastoma;disease;5.0
@DISEASE_Gastroparesis;@DISEASE_Gastroparesis;disease;5.0
@DISEASE_Geographic_Atrophy;@DISEASE_Geographic_Atrophy;disease;5.0
@DISEASE_Gingival_Recession;@DISEASE_Gingival_Recession;disease;5.0
@DISEASE_Glucocorticoid_Deficiency_3;@DISEASE_Glucocorticoid_Deficiency_3;disease;5.0
@DISEASE_Glucocorticoid_Receptor_Deficiency;@DISEASE_Glucocorticoid_Receptor_Deficiency;disease;5.0
@DISEASE_Glycogen_Storage_Disease_XII;@DISEASE_Glycogen_Storage_Disease_XII;disease;5.0
@DISEASE_Glycosuria;@DISEASE_Glycosuria;disease;5.0
@DISEASE_Gynatresia;@DISEASE_Gynatresia;disease;5.0
@DISEASE_Gyrate_Atrophy;@DISEASE_Gyrate_Atrophy;disease;5.0
@DISEASE_HLA_class_1_deficiency;@DISEASE_HLA_class_1_deficiency;disease;5.0
@DISEASE_Heart_Neoplasms;@DISEASE_Heart_Neoplasms;disease;5.0
@DISEASE_Hemangioma_Cavernous_Central_Nervous_System;@DISEASE_Hemangioma_Cavernous_Central_Nervous_System;disease;5.0
@DISEASE_Hematuria_Benign_Familial;@DISEASE_Hematuria_Benign_Familial;disease;5.0
@DISEASE_Hemiplegia;@DISEASE_Hemiplegia;disease;5.0
@DISEASE_Hemoglobinuria_Paroxysmal;@DISEASE_Hemoglobinuria_Paroxysmal;disease;5.0
@DISEASE_Hemorrhagic_Disorders;@DISEASE_Hemorrhagic_Disorders;disease;5.0
@DISEASE_Hemorrhagic_Fever_with_Renal_Syndrome;@DISEASE_Hemorrhagic_Fever_with_Renal_Syndrome;disease;5.0
@DISEASE_Hereditary_leiomyomatosis_and_renal_cell_cancer;@DISEASE_Hereditary_leiomyomatosis_and_renal_cell_cancer;disease;5.0
@DISEASE_Heterochromia_iridis;@DISEASE_Heterochromia_iridis;disease;5.0
@DISEASE_Histidinemia;@DISEASE_Histidinemia;disease;5.0
@DISEASE_Homozygous_Familial_Hypercholesterolemia;@DISEASE_Homozygous_Familial_Hypercholesterolemia;disease;5.0
@DISEASE_Hydrops_Fetalis;@DISEASE_Hydrops_Fetalis;disease;5.0
@DISEASE_Hyperbilirubinemia_Neonatal;@DISEASE_Hyperbilirubinemia_Neonatal;disease;5.0
@DISEASE_Hypergammaglobulinemia;@DISEASE_Hypergammaglobulinemia;disease;5.0
@DISEASE_Hyperostosis;@DISEASE_Hyperostosis;disease;5.0
@DISEASE_Hypertension_Renal;@DISEASE_Hypertension_Renal;disease;5.0
@DISEASE_Hyperthermia;@DISEASE_Hyperthermia;disease;5.0
@DISEASE_Hypervitaminosis_A;@DISEASE_Hypervitaminosis_A;disease;5.0
@DISEASE_Hypoadrenocorticism_Familial;@DISEASE_Hypoadrenocorticism_Familial;disease;5.0
@DISEASE_Hypopharyngeal_Neoplasms;@DISEASE_Hypopharyngeal_Neoplasms;disease;5.0
@DISEASE_Hypothalamic_hamartomas;@DISEASE_Hypothalamic_hamartomas;disease;5.0
@DISEASE_Ichthyosis_Bullosa_of_Siemens;@DISEASE_Ichthyosis_Bullosa_of_Siemens;disease;5.0
@DISEASE_Infant_Premature_Diseases;@DISEASE_Infant_Premature_Diseases;disease;5.0
@DISEASE_Injection_Site_Reaction;@DISEASE_Injection_Site_Reaction;disease;5.0
@DISEASE_Insulin_Like_Growth_Factor_I_Resistance_To;@DISEASE_Insulin_Like_Growth_Factor_I_Resistance_To;disease;5.0
@DISEASE_Intracranial_Arterial_Diseases;@DISEASE_Intracranial_Arterial_Diseases;disease;5.0
@DISEASE_Iris_Diseases;@DISEASE_Iris_Diseases;disease;5.0
@DISEASE_Isaacs_Syndrome;@DISEASE_Isaacs_Syndrome;disease;5.0
@DISEASE_Joint_Dislocations;@DISEASE_Joint_Dislocations;disease;5.0
@DISEASE_Joint_Loose_Bodies;@DISEASE_Joint_Loose_Bodies;disease;5.0
@DISEASE_Kallmann_Syndrome;@DISEASE_Kallmann_Syndrome;disease;5.0
@DISEASE_Laterality_Defects_Autosomal_Dominant;@DISEASE_Laterality_Defects_Autosomal_Dominant;disease;5.0
@DISEASE_Laurin_Sandrow_syndrome;@DISEASE_Laurin_Sandrow_syndrome;disease;5.0
@DISEASE_Lennox_Gastaut_Syndrome;@DISEASE_Lennox_Gastaut_Syndrome;disease;5.0
@DISEASE_Leukemia_Eosinophilic_Acute;@DISEASE_Leukemia_Eosinophilic_Acute;disease;5.0
@DISEASE_Leukocyte_Disorders;@DISEASE_Leukocyte_Disorders;disease;5.0
@DISEASE_Liver_Abscess;@DISEASE_Liver_Abscess;disease;5.0
@DISEASE_Liver_Abscess_Pyogenic;@DISEASE_Liver_Abscess_Pyogenic;disease;5.0
@DISEASE_Long_QT_syndrome_type_3;@DISEASE_Long_QT_syndrome_type_3;disease;5.0
@DISEASE_Ludwig's_Angina;@DISEASE_Ludwig's_Angina;disease;5.0
@DISEASE_Lung_Diseases_Obstructive;@DISEASE_Lung_Diseases_Obstructive;disease;5.0
@DISEASE_Lymphoblastic_Transformation_Inhibition_of;@DISEASE_Lymphoblastic_Transformation_Inhibition_of;disease;5.0
@DISEASE_Lymphoma_AIDS_Related;@DISEASE_Lymphoma_AIDS_Related;disease;5.0
@DISEASE_Lymphoma_Primary_Effusion;@DISEASE_Lymphoma_Primary_Effusion;disease;5.0
@DISEASE_Lysinuric_Protein_Intolerance;@DISEASE_Lysinuric_Protein_Intolerance;disease;5.0
@DISEASE_MYH9_Related_Disorders;@DISEASE_MYH9_Related_Disorders;disease;5.0
@DISEASE_Macular_dystrophy_corneal_type_1;@DISEASE_Macular_dystrophy_corneal_type_1;disease;5.0
@DISEASE_Malignant_mesenchymal_tumor;@DISEASE_Malignant_mesenchymal_tumor;disease;5.0
@DISEASE_Malocclusion;@DISEASE_Malocclusion;disease;5.0
@DISEASE_Mandibulofacial_Dysostosis;@DISEASE_Mandibulofacial_Dysostosis;disease;5.0
@DISEASE_Margins_of_Excision;@DISEASE_Margins_of_Excision;disease;5.0
@DISEASE_Mediastinitis;@DISEASE_Mediastinitis;disease;5.0
@DISEASE_Megalencephalic_leukoencephalopathy_with_subcortical_cysts;@DISEASE_Megalencephalic_leukoencephalopathy_with_subcortical_cysts;disease;5.0
@DISEASE_Microcephalic_osteodysplastic_primordial_dwarfism_type_1;@DISEASE_Microcephalic_osteodysplastic_primordial_dwarfism_type_1;disease;5.0
@DISEASE_Microphthalmia_Isolated_1;@DISEASE_Microphthalmia_Isolated_1;disease;5.0
@DISEASE_Mucinosis_Follicular;@DISEASE_Mucinosis_Follicular;disease;5.0
@DISEASE_Multiple_Trauma;@DISEASE_Multiple_Trauma;disease;5.0
@DISEASE_Mycotoxicosis;@DISEASE_Mycotoxicosis;disease;5.0
@DISEASE_Myelitis;@DISEASE_Myelitis;disease;5.0
@DISEASE_Myoclonic_Epilepsies_Progressive;@DISEASE_Myoclonic_Epilepsies_Progressive;disease;5.0
@DISEASE_Nails_Malformed;@DISEASE_Nails_Malformed;disease;5.0
@DISEASE_Nasal_Obstruction;@DISEASE_Nasal_Obstruction;disease;5.0
@DISEASE_Nemaline_myopathy_5;@DISEASE_Nemaline_myopathy_5;disease;5.0
@DISEASE_Neuromuscular_Manifestations;@DISEASE_Neuromuscular_Manifestations;disease;5.0
@DISEASE_Neuropathy_Painful;@DISEASE_Neuropathy_Painful;disease;5.0
@DISEASE_Niemann_Pick_Disease_Type_A;@DISEASE_Niemann_Pick_Disease_Type_A;disease;5.0
@DISEASE_Niemann_Pick_Diseases;@DISEASE_Niemann_Pick_Diseases;disease;5.0
@DISEASE_No_Reflow_Phenomenon;@DISEASE_No_Reflow_Phenomenon;disease;5.0
@DISEASE_Nociceptive_Pain;@DISEASE_Nociceptive_Pain;disease;5.0
@DISEASE_Obesity_Morbid;@DISEASE_Obesity_Morbid;disease;5.0
@DISEASE_Odontodysplasia;@DISEASE_Odontodysplasia;disease;5.0
@DISEASE_Optic_Atrophy_Hereditary_Leber;@DISEASE_Optic_Atrophy_Hereditary_Leber;disease;5.0
@DISEASE_Optic_Nerve_Hypoplasia;@DISEASE_Optic_Nerve_Hypoplasia;disease;5.0
@DISEASE_Osteoarthritis_Spine;@DISEASE_Osteoarthritis_Spine;disease;5.0
@DISEASE_Osteomas_Of_Mandible;@DISEASE_Osteomas_Of_Mandible;disease;5.0
@DISEASE_Osteopetrosis_lethal;@DISEASE_Osteopetrosis_lethal;disease;5.0
@DISEASE_Otitis_Media;@DISEASE_Otitis_Media;disease;5.0
@DISEASE_Paget_Disease_Extramammary;@DISEASE_Paget_Disease_Extramammary;disease;5.0
@DISEASE_Panniculitis;@DISEASE_Panniculitis;disease;5.0
@DISEASE_Paraproteinemias;@DISEASE_Paraproteinemias;disease;5.0
@DISEASE_Pelvic_Organ_Prolapse;@DISEASE_Pelvic_Organ_Prolapse;disease;5.0
@DISEASE_Pena_Shokeir_syndrome_type_1;@DISEASE_Pena_Shokeir_syndrome_type_1;disease;5.0
@DISEASE_Penile_Neoplasms;@DISEASE_Penile_Neoplasms;disease;5.0
@DISEASE_Perinatal_Death;@DISEASE_Perinatal_Death;disease;5.0
@DISEASE_Perinephritis;@DISEASE_Perinephritis;disease;5.0
@DISEASE_Pigmentary_Disorder_Reticulate_with_Systemic_Manifestations;@DISEASE_Pigmentary_Disorder_Reticulate_with_Systemic_Manifestations;disease;5.0
@DISEASE_Pleoconial_Myopathy_with_Salt_Craving;@DISEASE_Pleoconial_Myopathy_with_Salt_Craving;disease;5.0
@DISEASE_Poikiloderma_with_Neutropenia;@DISEASE_Poikiloderma_with_Neutropenia;disease;5.0
@DISEASE_Polycystic_liver_disease;@DISEASE_Polycystic_liver_disease;disease;5.0
@DISEASE_Polyglucosan_Body_Disease_Adult_Form;@DISEASE_Polyglucosan_Body_Disease_Adult_Form;disease;5.0
@DISEASE_Polymorphic_catecholergic_ventricular_tachycardia;@DISEASE_Polymorphic_catecholergic_ventricular_tachycardia;disease;5.0
@DISEASE_Porcine_Reproductive_and_Respiratory_Syndrome;@DISEASE_Porcine_Reproductive_and_Respiratory_Syndrome;disease;5.0
@DISEASE_Porencephaly;@DISEASE_Porencephaly;disease;5.0
@DISEASE_Potato_nose;@DISEASE_Potato_nose;disease;5.0
@DISEASE_Premature_Ejaculation;@DISEASE_Premature_Ejaculation;disease;5.0
@DISEASE_Presbyopia;@DISEASE_Presbyopia;disease;5.0
@DISEASE_Progressive_hearing_loss_stapes_fixation;@DISEASE_Progressive_hearing_loss_stapes_fixation;disease;5.0
@DISEASE_Protoporphyria_Erythropoietic;@DISEASE_Protoporphyria_Erythropoietic;disease;5.0
@DISEASE_Purine_Nucleoside_Phosphorylase_Deficiency;@DISEASE_Purine_Nucleoside_Phosphorylase_Deficiency;disease;5.0
@DISEASE_Purine_Pyrimidine_Metabolism_Inborn_Errors;@DISEASE_Purine_Pyrimidine_Metabolism_Inborn_Errors;disease;5.0
@DISEASE_Purpura_Thrombotic_Thrombocytopenic;@DISEASE_Purpura_Thrombotic_Thrombocytopenic;disease;5.0
@DISEASE_Pythiosis;@DISEASE_Pythiosis;disease;5.0
@DISEASE_Reinfection;@DISEASE_Reinfection;disease;5.0
@DISEASE_Renal_dysplasia___limb_defects_syndrome;@DISEASE_Renal_dysplasia___limb_defects_syndrome;disease;5.0
@DISEASE_Respiratory_Hypersensitivity;@DISEASE_Respiratory_Hypersensitivity;disease;5.0
@DISEASE_Retinal_Telangiectasis;@DISEASE_Retinal_Telangiectasis;disease;5.0
@DISEASE_Salter_Harris_Fractures;@DISEASE_Salter_Harris_Fractures;disease;5.0
@DISEASE_Scabies;@DISEASE_Scabies;disease;5.0
@DISEASE_Schmid_Fraccaro_syndrome;@DISEASE_Schmid_Fraccaro_syndrome;disease;5.0
@DISEASE_Sensorimotor_neuropathy_with_ataxia_autosomal_dominant;@DISEASE_Sensorimotor_neuropathy_with_ataxia_autosomal_dominant;disease;5.0
@DISEASE_Sitosterolemia;@DISEASE_Sitosterolemia;disease;5.0
@DISEASE_Social_Communication_Disorder;@DISEASE_Social_Communication_Disorder;disease;5.0
@DISEASE_Southern_tick_associated_rash_illness;@DISEASE_Southern_tick_associated_rash_illness;disease;5.0
@DISEASE_Spotted_Fever_Group_Rickettsiosis;@DISEASE_Spotted_Fever_Group_Rickettsiosis;disease;5.0
@DISEASE_Staghorn_Calculi;@DISEASE_Staghorn_Calculi;disease;5.0
@DISEASE_Staphylococcal_Scalded_Skin_Syndrome;@DISEASE_Staphylococcal_Scalded_Skin_Syndrome;disease;5.0
@DISEASE_Stomatognathic_Diseases;@DISEASE_Stomatognathic_Diseases;disease;5.0
@DISEASE_Strabismus;@DISEASE_Strabismus;disease;5.0
@DISEASE_Synovitis_Pigmented_Villonodular;@DISEASE_Synovitis_Pigmented_Villonodular;disease;5.0
@DISEASE_Tangier_Disease;@DISEASE_Tangier_Disease;disease;5.0
@DISEASE_Tetralogy_of_Fallot;@DISEASE_Tetralogy_of_Fallot;disease;5.0
@DISEASE_Thiopurine_S_methyltranferase_deficiency;@DISEASE_Thiopurine_S_methyltranferase_deficiency;disease;5.0
@DISEASE_Tinea_Pedis;@DISEASE_Tinea_Pedis;disease;5.0
@DISEASE_Trismus;@DISEASE_Trismus;disease;5.0
@DISEASE_Tumoral_Calcinosis_Hyperphosphatemic_Familial;@DISEASE_Tumoral_Calcinosis_Hyperphosphatemic_Familial;disease;5.0
@DISEASE_Ulnar_Neuropathies;@DISEASE_Ulnar_Neuropathies;disease;5.0
@DISEASE_Uniparental_Disomy;@DISEASE_Uniparental_Disomy;disease;5.0
@DISEASE_Ureteral_Diseases;@DISEASE_Ureteral_Diseases;disease;5.0
@DISEASE_Vasculitis_Central_Nervous_System;@DISEASE_Vasculitis_Central_Nervous_System;disease;5.0
@DISEASE_Venous_Insufficiency;@DISEASE_Venous_Insufficiency;disease;5.0
@DISEASE_Ventricular_Dysfunction;@DISEASE_Ventricular_Dysfunction;disease;5.0
@DISEASE_Vision_Low;@DISEASE_Vision_Low;disease;5.0
@DISEASE_Vulvar_Diseases;@DISEASE_Vulvar_Diseases;disease;5.0
@DISEASE_Yellow_Nail_Syndrome;@DISEASE_Yellow_Nail_Syndrome;disease;5.0
@DISEASE_acute_flaccid_myelitis;@DISEASE_acute_flaccid_myelitis;disease;5.0
@DISEASE_red_meat_allergy;@DISEASE_red_meat_allergy;disease;5.0
@DISEASE_von_Willebrand_Disease_Type_1;@DISEASE_von_Willebrand_Disease_Type_1;disease;5.0
@DISEASE_115700;@DISEASE_115700;disease;4.0
@DISEASE_146850;@DISEASE_146850;disease;4.0
@DISEASE_162000;@DISEASE_162000;disease;4.0
@DISEASE_162400;@DISEASE_162400;disease;4.0
@DISEASE_22q11_Deletion_Syndrome;@DISEASE_22q11_Deletion_Syndrome;disease;4.0
@DISEASE_313000;@DISEASE_313000;disease;4.0
@DISEASE_46_XX_Testicular_Disorders_of_Sex_Development;@DISEASE_46_XX_Testicular_Disorders_of_Sex_Development;disease;4.0
@DISEASE_608852;@DISEASE_608852;disease;4.0
@DISEASE_614188;@DISEASE_614188;disease;4.0
@DISEASE_614338;@DISEASE_614338;disease;4.0
@DISEASE_615774;@DISEASE_615774;disease;4.0
@DISEASE_AIDS_Related_Complex;@DISEASE_AIDS_Related_Complex;disease;4.0
@DISEASE_Accidental_Injuries;@DISEASE_Accidental_Injuries;disease;4.0
@DISEASE_Achondrogenesis_type_2;@DISEASE_Achondrogenesis_type_2;disease;4.0
@DISEASE_Acquired_Hyperostosis_Syndrome;@DISEASE_Acquired_Hyperostosis_Syndrome;disease;4.0
@DISEASE_Acute_Aortic_Syndrome;@DISEASE_Acute_Aortic_Syndrome;disease;4.0
@DISEASE_Acute_Chest_Syndrome;@DISEASE_Acute_Chest_Syndrome;disease;4.0
@DISEASE_Acute_fatty_liver_of_pregnancy;@DISEASE_Acute_fatty_liver_of_pregnancy;disease;4.0
@DISEASE_Adamantinoma;@DISEASE_Adamantinoma;disease;4.0
@DISEASE_Adenomatous_Polyps;@DISEASE_Adenomatous_Polyps;disease;4.0
@DISEASE_Adenylosuccinate_lyase_deficiency;@DISEASE_Adenylosuccinate_lyase_deficiency;disease;4.0
@DISEASE_Adrenal_Cortex_Diseases;@DISEASE_Adrenal_Cortex_Diseases;disease;4.0
@DISEASE_Adrenal_Cortex_Neoplasms;@DISEASE_Adrenal_Cortex_Neoplasms;disease;4.0
@DISEASE_Affective_Disorders_Psychotic;@DISEASE_Affective_Disorders_Psychotic;disease;4.0
@DISEASE_Albinism_ocular_late_onset_sensorineural_deafness;@DISEASE_Albinism_ocular_late_onset_sensorineural_deafness;disease;4.0
@DISEASE_Allanson_Pantzar_McLeod_syndrome;@DISEASE_Allanson_Pantzar_McLeod_syndrome;disease;4.0
@DISEASE_Alopecia_Neurologic_Defects_and_Endocrinopathy_Syndrome;@DISEASE_Alopecia_Neurologic_Defects_and_Endocrinopathy_Syndrome;disease;4.0
@DISEASE_Alstrom_Syndrome;@DISEASE_Alstrom_Syndrome;disease;4.0
@DISEASE_Anal_sphincter_dysplasia;@DISEASE_Anal_sphincter_dysplasia;disease;4.0
@DISEASE_Ankle_Fractures;@DISEASE_Ankle_Fractures;disease;4.0
@DISEASE_Anophthalmos;@DISEASE_Anophthalmos;disease;4.0
@DISEASE_Anterior_Wall_Myocardial_Infarction;@DISEASE_Anterior_Wall_Myocardial_Infarction;disease;4.0
@DISEASE_Anterior_segment_mesenchymal_dysgenesis;@DISEASE_Anterior_segment_mesenchymal_dysgenesis;disease;4.0
@DISEASE_Arthrogryposis;@DISEASE_Arthrogryposis;disease;4.0
@DISEASE_Asthma_Chronic_Obstructive_Pulmonary_Disease_Overlap_Syndrome;@DISEASE_Asthma_Chronic_Obstructive_Pulmonary_Disease_Overlap_Syndrome;disease;4.0
@DISEASE_Avoidant_Restrictive_Food_Intake_Disorder;@DISEASE_Avoidant_Restrictive_Food_Intake_Disorder;disease;4.0
@DISEASE_Basaloid_Follicular_Hamartoma_Syndrome_Generalized_Autosomal_Dominant;@DISEASE_Basaloid_Follicular_Hamartoma_Syndrome_Generalized_Autosomal_Dominant;disease;4.0
@DISEASE_Benign_Paroxysmal_Positional_Vertigo;@DISEASE_Benign_Paroxysmal_Positional_Vertigo;disease;4.0
@DISEASE_Benign_non_infected_urachal_cyst;@DISEASE_Benign_non_infected_urachal_cyst;disease;4.0
@DISEASE_Biotinidase_Deficiency;@DISEASE_Biotinidase_Deficiency;disease;4.0
@DISEASE_Blau_syndrome;@DISEASE_Blau_syndrome;disease;4.0
@DISEASE_Blepharoptosis;@DISEASE_Blepharoptosis;disease;4.0
@DISEASE_Bone_Cysts_Aneurysmal;@DISEASE_Bone_Cysts_Aneurysmal;disease;4.0
@DISEASE_Bruck_syndrome_1;@DISEASE_Bruck_syndrome_1;disease;4.0
@DISEASE_Bulbo_Spinal_Atrophy_X_Linked;@DISEASE_Bulbo_Spinal_Atrophy_X_Linked;disease;4.0
@DISEASE_Byssinosis;@DISEASE_Byssinosis;disease;4.0
@DISEASE_CD8_Deficiency_Familial;@DISEASE_CD8_Deficiency_Familial;disease;4.0
@DISEASE_Calvarial_hyperostosis;@DISEASE_Calvarial_hyperostosis;disease;4.0
@DISEASE_Candida_auris_infection;@DISEASE_Candida_auris_infection;disease;4.0
@DISEASE_Cantu_syndrome;@DISEASE_Cantu_syndrome;disease;4.0
@DISEASE_Cat_Diseases;@DISEASE_Cat_Diseases;disease;4.0
@DISEASE_Cavernous_Sinus_Thrombosis;@DISEASE_Cavernous_Sinus_Thrombosis;disease;4.0
@DISEASE_Cerebrospinal_Fluid_Rhinorrhea;@DISEASE_Cerebrospinal_Fluid_Rhinorrhea;disease;4.0
@DISEASE_Chagas_Cardiomyopathy;@DISEASE_Chagas_Cardiomyopathy;disease;4.0
@DISEASE_Chondroblastoma;@DISEASE_Chondroblastoma;disease;4.0
@DISEASE_Chondrodysplasia_Punctata_Rhizomelic;@DISEASE_Chondrodysplasia_Punctata_Rhizomelic;disease;4.0
@DISEASE_Choreoathetosis_Hypothyroidism_And_Neonatal_Respiratory_Distress;@DISEASE_Choreoathetosis_Hypothyroidism_And_Neonatal_Respiratory_Distress;disease;4.0
@DISEASE_Choroideremia;@DISEASE_Choroideremia;disease;4.0
@DISEASE_Cleft_Soft_Palate;@DISEASE_Cleft_Soft_Palate;disease;4.0
@DISEASE_Coloboma;@DISEASE_Coloboma;disease;4.0
@DISEASE_Congenital_Disorder_Of_Glycosylation_Type_In;@DISEASE_Congenital_Disorder_Of_Glycosylation_Type_In;disease;4.0
@DISEASE_Congenital_disorder_of_glycosylation_type_II;@DISEASE_Congenital_disorder_of_glycosylation_type_II;disease;4.0
@DISEASE_Congenital_myasthenic_syndrome_ib;@DISEASE_Congenital_myasthenic_syndrome_ib;disease;4.0
@DISEASE_Conjunctivitis_Allergic;@DISEASE_Conjunctivitis_Allergic;disease;4.0
@DISEASE_Coronaviridae_Infections;@DISEASE_Coronaviridae_Infections;disease;4.0
@DISEASE_Costello_Syndrome;@DISEASE_Costello_Syndrome;disease;4.0
@DISEASE_Crazy_paving_pattern;@DISEASE_Crazy_paving_pattern;disease;4.0
@DISEASE_Crisponi_syndrome;@DISEASE_Crisponi_syndrome;disease;4.0
@DISEASE_Cross_Infection;@DISEASE_Cross_Infection;disease;4.0
@DISEASE_De_Quervain_Disease;@DISEASE_De_Quervain_Disease;disease;4.0
@DISEASE_Deafness_Craniofacial_Syndrome;@DISEASE_Deafness_Craniofacial_Syndrome;disease;4.0
@DISEASE_Death_Sudden;@DISEASE_Death_Sudden;disease;4.0
@DISEASE_Dental_Pulp_Calcification;@DISEASE_Dental_Pulp_Calcification;disease;4.0
@DISEASE_Dental_Pulp_Diseases;@DISEASE_Dental_Pulp_Diseases;disease;4.0
@DISEASE_Dentin_dysplasia_sclerotic_bones;@DISEASE_Dentin_dysplasia_sclerotic_bones;disease;4.0
@DISEASE_DiGeorge_Syndrome;@DISEASE_DiGeorge_Syndrome;disease;4.0
@DISEASE_Diaschisis;@DISEASE_Diaschisis;disease;4.0
@DISEASE_Diffuse_Axonal_Injury;@DISEASE_Diffuse_Axonal_Injury;disease;4.0
@DISEASE_Dilatation_Pathologic;@DISEASE_Dilatation_Pathologic;disease;4.0
@DISEASE_Discitis;@DISEASE_Discitis;disease;4.0
@DISEASE_Dissection_Thoracic_Aorta;@DISEASE_Dissection_Thoracic_Aorta;disease;4.0
@DISEASE_Distal_myopathy_Nonaka_type;@DISEASE_Distal_myopathy_Nonaka_type;disease;4.0
@DISEASE_Dysfibrinogenemia_Congenital;@DISEASE_Dysfibrinogenemia_Congenital;disease;4.0
@DISEASE_Dysgammaglobulinemia;@DISEASE_Dysgammaglobulinemia;disease;4.0
@DISEASE_Dystonia_Dopa_responsive;@DISEASE_Dystonia_Dopa_responsive;disease;4.0
@DISEASE_Dystonia_Musculorum_Deformans;@DISEASE_Dystonia_Musculorum_Deformans;disease;4.0
@DISEASE_Eclampsia;@DISEASE_Eclampsia;disease;4.0
@DISEASE_Ectrodactyly_Ectodermal_Dysplasia_And_Cleft_Lip_Palate_Syndrome_1;@DISEASE_Ectrodactyly_Ectodermal_Dysplasia_And_Cleft_Lip_Palate_Syndrome_1;disease;4.0
@DISEASE_Edema_Cardiac;@DISEASE_Edema_Cardiac;disease;4.0
@DISEASE_Epilepsy_Idiopathic_Generalized;@DISEASE_Epilepsy_Idiopathic_Generalized;disease;4.0
@DISEASE_Epilepsy_Partial_with_Variable_Foci;@DISEASE_Epilepsy_Partial_with_Variable_Foci;disease;4.0
@DISEASE_Epistaxis;@DISEASE_Epistaxis;disease;4.0
@DISEASE_Esophageal_Stenosis;@DISEASE_Esophageal_Stenosis;disease;4.0
@DISEASE_External_Auditory_Canal_Bilateral_Atresia_Of_With_Congenital_Vertical_Talus;@DISEASE_External_Auditory_Canal_Bilateral_Atresia_Of_With_Congenital_Vertical_Talus;disease;4.0
@DISEASE_Facial_Dysmorphism_with_Multiple_Malformations;@DISEASE_Facial_Dysmorphism_with_Multiple_Malformations;disease;4.0
@DISEASE_Facial_Pain;@DISEASE_Facial_Pain;disease;4.0
@DISEASE_Familial_Exudative_Vitreoretinopathies;@DISEASE_Familial_Exudative_Vitreoretinopathies;disease;4.0
@DISEASE_Familial_Glucocorticoid_Deficiency_1;@DISEASE_Familial_Glucocorticoid_Deficiency_1;disease;4.0
@DISEASE_Familial_duodenal_atresia;@DISEASE_Familial_duodenal_atresia;disease;4.0
@DISEASE_Farber_Lipogranulomatosis;@DISEASE_Farber_Lipogranulomatosis;disease;4.0
@DISEASE_Fasciitis;@DISEASE_Fasciitis;disease;4.0
@DISEASE_Feline_Infectious_Peritonitis;@DISEASE_Feline_Infectious_Peritonitis;disease;4.0
@DISEASE_Femoral_Neuropathy;@DISEASE_Femoral_Neuropathy;disease;4.0
@DISEASE_Fibroma;@DISEASE_Fibroma;disease;4.0
@DISEASE_Fibromatosis_Congenital_Generalized;@DISEASE_Fibromatosis_Congenital_Generalized;disease;4.0
@DISEASE_Focal_Epithelial_Hyperplasia;@DISEASE_Focal_Epithelial_Hyperplasia;disease;4.0
@DISEASE_Focal_cortical_dysplasia_of_Taylor;@DISEASE_Focal_cortical_dysplasia_of_Taylor;disease;4.0
@DISEASE_Foramen_Ovale_Patent;@DISEASE_Foramen_Ovale_Patent;disease;4.0
@DISEASE_Fractures_Malunited;@DISEASE_Fractures_Malunited;disease;4.0
@DISEASE_Furunculosis;@DISEASE_Furunculosis;disease;4.0
@DISEASE_Game_Friedman_Paradice_syndrome;@DISEASE_Game_Friedman_Paradice_syndrome;disease;4.0
@DISEASE_Ganglioneuroma;@DISEASE_Ganglioneuroma;disease;4.0
@DISEASE_Gangliosidoses_GM2;@DISEASE_Gangliosidoses_GM2;disease;4.0
@DISEASE_Gangrene;@DISEASE_Gangrene;disease;4.0
@DISEASE_Genetic_Diseases_X_Linked;@DISEASE_Genetic_Diseases_X_Linked;disease;4.0
@DISEASE_Gerstmann_Straussler_Scheinker_Disease;@DISEASE_Gerstmann_Straussler_Scheinker_Disease;disease;4.0
@DISEASE_Giardiasis;@DISEASE_Giardiasis;disease;4.0
@DISEASE_Gingival_Diseases;@DISEASE_Gingival_Diseases;disease;4.0
@DISEASE_Glomerulonephritis_Membranoproliferative;@DISEASE_Glomerulonephritis_Membranoproliferative;disease;4.0
@DISEASE_Glucose_Galactose_Malabsorption;@DISEASE_Glucose_Galactose_Malabsorption;disease;4.0
@DISEASE_Glycogen_Storage_Disease_Type_I;@DISEASE_Glycogen_Storage_Disease_Type_I;disease;4.0
@DISEASE_Glycogen_Storage_Disease_Type_III;@DISEASE_Glycogen_Storage_Disease_Type_III;disease;4.0
@DISEASE_Glycogen_Storage_Disease_Type_VI;@DISEASE_Glycogen_Storage_Disease_Type_VI;disease;4.0
@DISEASE_Haemophilus_Infections;@DISEASE_Haemophilus_Infections;disease;4.0
@DISEASE_Hand_Foot_and_Mouth_Disease;@DISEASE_Hand_Foot_and_Mouth_Disease;disease;4.0
@DISEASE_Hartnup_Disease;@DISEASE_Hartnup_Disease;disease;4.0
@DISEASE_Hearing_Loss_Noise_Induced;@DISEASE_Hearing_Loss_Noise_Induced;disease;4.0
@DISEASE_Hearing_Loss_Sudden;@DISEASE_Hearing_Loss_Sudden;disease;4.0
@DISEASE_Hemangioma_Cavernous;@DISEASE_Hemangioma_Cavernous;disease;4.0
@DISEASE_Hemarthrosis;@DISEASE_Hemarthrosis;disease;4.0
@DISEASE_Hemic_and_Lymphatic_Diseases;@DISEASE_Hemic_and_Lymphatic_Diseases;disease;4.0
@DISEASE_Hemorrhagic_Fever_Crimean;@DISEASE_Hemorrhagic_Fever_Crimean;disease;4.0
@DISEASE_Hepatic_Insufficiency;@DISEASE_Hepatic_Insufficiency;disease;4.0
@DISEASE_Humoral_Hypercalcemia_Of_Malignancy;@DISEASE_Humoral_Hypercalcemia_Of_Malignancy;disease;4.0
@DISEASE_Hydatidiform_Mole;@DISEASE_Hydatidiform_Mole;disease;4.0
@DISEASE_Hyperemesis_Gravidarum;@DISEASE_Hyperemesis_Gravidarum;disease;4.0
@DISEASE_Hyperlipoproteinemia_Type_III;@DISEASE_Hyperlipoproteinemia_Type_III;disease;4.0
@DISEASE_Hyperphosphatasia_with_Mental_Retardation;@DISEASE_Hyperphosphatasia_with_Mental_Retardation;disease;4.0
@DISEASE_Hyperthyroxinemia;@DISEASE_Hyperthyroxinemia;disease;4.0
@DISEASE_Hyperventilation;@DISEASE_Hyperventilation;disease;4.0
@DISEASE_Hypoaldosteronism;@DISEASE_Hypoaldosteronism;disease;4.0
@DISEASE_Hypocalciuric_hypercalcemia_familial_type_1;@DISEASE_Hypocalciuric_hypercalcemia_familial_type_1;disease;4.0
@DISEASE_Hypotrichosis;@DISEASE_Hypotrichosis;disease;4.0
@DISEASE_Ichthyosis_prematurity_syndrome;@DISEASE_Ichthyosis_prematurity_syndrome;disease;4.0
@DISEASE_Idiopathic_Hypersomnia;@DISEASE_Idiopathic_Hypersomnia;disease;4.0
@DISEASE_Idiopathic_orthostatic_hypotension;@DISEASE_Idiopathic_orthostatic_hypotension;disease;4.0
@DISEASE_IgA_Deficiency;@DISEASE_IgA_Deficiency;disease;4.0
@DISEASE_Incontinentia_Pigmenti;@DISEASE_Incontinentia_Pigmenti;disease;4.0
@DISEASE_Intestinal_Atresia;@DISEASE_Intestinal_Atresia;disease;4.0
@DISEASE_Intra_Articular_Fractures;@DISEASE_Intra_Articular_Fractures;disease;4.0
@DISEASE_Intraabdominal_Infections;@DISEASE_Intraabdominal_Infections;disease;4.0
@DISEASE_Intussusception;@DISEASE_Intussusception;disease;4.0
@DISEASE_Isobutyryl_CoA_dehydrogenase_deficiency;@DISEASE_Isobutyryl_CoA_dehydrogenase_deficiency;disease;4.0
@DISEASE_Jarcho_Levin_syndrome;@DISEASE_Jarcho_Levin_syndrome;disease;4.0
@DISEASE_Jejunal_Diseases;@DISEASE_Jejunal_Diseases;disease;4.0
@DISEASE_Keratitis_Dendritic;@DISEASE_Keratitis_Dendritic;disease;4.0
@DISEASE_Keratoderma_Palmoplantar;@DISEASE_Keratoderma_Palmoplantar;disease;4.0
@DISEASE_Labor_Pain;@DISEASE_Labor_Pain;disease;4.0
@DISEASE_Lacerations;@DISEASE_Lacerations;disease;4.0
@DISEASE_Language_Disorders;@DISEASE_Language_Disorders;disease;4.0
@DISEASE_Laryngitis;@DISEASE_Laryngitis;disease;4.0
@DISEASE_Leukemia_Erythroblastic_Acute;@DISEASE_Leukemia_Erythroblastic_Acute;disease;4.0
@DISEASE_Leukemia_Hairy_Cell;@DISEASE_Leukemia_Hairy_Cell;disease;4.0
@DISEASE_Leukemia_Myeloid_Chronic_Phase;@DISEASE_Leukemia_Myeloid_Chronic_Phase;disease;4.0
@DISEASE_Leukoplakia_Oral;@DISEASE_Leukoplakia_Oral;disease;4.0
@DISEASE_Lichen_Sclerosus_et_Atrophicus;@DISEASE_Lichen_Sclerosus_et_Atrophicus;disease;4.0
@DISEASE_Lipodystrophy_Congenital_Generalized;@DISEASE_Lipodystrophy_Congenital_Generalized;disease;4.0
@DISEASE_Lipodystrophy_Familial_Partial;@DISEASE_Lipodystrophy_Familial_Partial;disease;4.0
@DISEASE_Liposarcoma_Myxoid;@DISEASE_Liposarcoma_Myxoid;disease;4.0
@DISEASE_Liver_Abscess_Amebic;@DISEASE_Liver_Abscess_Amebic;disease;4.0
@DISEASE_Loose_Anagen_Hair_Syndrome;@DISEASE_Loose_Anagen_Hair_Syndrome;disease;4.0
@DISEASE_Lown_Ganong_Levine_Syndrome;@DISEASE_Lown_Ganong_Levine_Syndrome;disease;4.0
@DISEASE_Lp(A)_Deficiency_Congenital;@DISEASE_Lp(A)_Deficiency_Congenital;disease;4.0
@DISEASE_Lyme_Neuroborreliosis;@DISEASE_Lyme_Neuroborreliosis;disease;4.0
@DISEASE_Lymphangiectasia_pulmonary_congenital;@DISEASE_Lymphangiectasia_pulmonary_congenital;disease;4.0
@DISEASE_Lymphoma_Primary_Cutaneous_Anaplastic_Large_Cell;@DISEASE_Lymphoma_Primary_Cutaneous_Anaplastic_Large_Cell;disease;4.0
@DISEASE_MPTP_Poisoning;@DISEASE_MPTP_Poisoning;disease;4.0
@DISEASE_Malaria_Falciparum;@DISEASE_Malaria_Falciparum;disease;4.0
@DISEASE_Malaria_Vivax;@DISEASE_Malaria_Vivax;disease;4.0
@DISEASE_Malformations_of_Cortical_Development_Group_II;@DISEASE_Malformations_of_Cortical_Development_Group_II;disease;4.0
@DISEASE_Marijuana_Abuse;@DISEASE_Marijuana_Abuse;disease;4.0
@DISEASE_Maxillofacial_Injuries;@DISEASE_Maxillofacial_Injuries;disease;4.0
@DISEASE_Megalencephaly;@DISEASE_Megalencephaly;disease;4.0
@DISEASE_Meibomian_Gland_Dysfunction;@DISEASE_Meibomian_Gland_Dysfunction;disease;4.0
@DISEASE_Mesenteric_Vascular_Occlusion;@DISEASE_Mesenteric_Vascular_Occlusion;disease;4.0
@DISEASE_Miosis;@DISEASE_Miosis;disease;4.0
@DISEASE_Mixed_Tumor_Malignant;@DISEASE_Mixed_Tumor_Malignant;disease;4.0
@DISEASE_Morphine_Dependence;@DISEASE_Morphine_Dependence;disease;4.0
@DISEASE_Multiple_Pulmonary_Nodules;@DISEASE_Multiple_Pulmonary_Nodules;disease;4.0
@DISEASE_Mydriasis;@DISEASE_Mydriasis;disease;4.0
@DISEASE_Myeloproliferative_Disorders;@DISEASE_Myeloproliferative_Disorders;disease;4.0
@DISEASE_Myositis_Inclusion_Body;@DISEASE_Myositis_Inclusion_Body;disease;4.0
@DISEASE_Myositis_Ossificans;@DISEASE_Myositis_Ossificans;disease;4.0
@DISEASE_Nance_Horan_syndrome;@DISEASE_Nance_Horan_syndrome;disease;4.0
@DISEASE_Neonatal_hemochromatosis;@DISEASE_Neonatal_hemochromatosis;disease;4.0
@DISEASE_Neonatal_herpes;@DISEASE_Neonatal_herpes;disease;4.0
@DISEASE_Neoplasms_Neuroepithelial;@DISEASE_Neoplasms_Neuroepithelial;disease;4.0
@DISEASE_Neoplasms_by_Histologic_Type;@DISEASE_Neoplasms_by_Histologic_Type;disease;4.0
@DISEASE_Nerve_Sheath_Neoplasms;@DISEASE_Nerve_Sheath_Neoplasms;disease;4.0
@DISEASE_Neural_crest_tumor;@DISEASE_Neural_crest_tumor;disease;4.0
@DISEASE_Neurodegeneration_Due_To_Cerebral_Folate_Transport_Deficiency;@DISEASE_Neurodegeneration_Due_To_Cerebral_Folate_Transport_Deficiency;disease;4.0
@DISEASE_Neurofibroma_Plexiform;@DISEASE_Neurofibroma_Plexiform;disease;4.0
@DISEASE_Neurologic_Disease_Infantile_Multisystem_with_Osseous_Fragility;@DISEASE_Neurologic_Disease_Infantile_Multisystem_with_Osseous_Fragility;disease;4.0
@DISEASE_Neurolymphomatosis;@DISEASE_Neurolymphomatosis;disease;4.0
@DISEASE_Neuronopathy_Distal_Hereditary_Motor_Type_V;@DISEASE_Neuronopathy_Distal_Hereditary_Motor_Type_V;disease;4.0
@DISEASE_Neutropenia_Severe_Congenital_Autosomal_Recessive_3;@DISEASE_Neutropenia_Severe_Congenital_Autosomal_Recessive_3;disease;4.0
@DISEASE_Nevus_Blue;@DISEASE_Nevus_Blue;disease;4.0
@DISEASE_Niemann_Pick_Disease_Type_B;@DISEASE_Niemann_Pick_Disease_Type_B;disease;4.0
@DISEASE_Non_ST_Elevated_Myocardial_Infarction;@DISEASE_Non_ST_Elevated_Myocardial_Infarction;disease;4.0
@DISEASE_Oculomotor_Nerve_Diseases;@DISEASE_Oculomotor_Nerve_Diseases;disease;4.0
@DISEASE_Oligohydramnios;@DISEASE_Oligohydramnios;disease;4.0
@DISEASE_Oliguria;@DISEASE_Oliguria;disease;4.0
@DISEASE_Opsoclonus_Myoclonus_Syndrome;@DISEASE_Opsoclonus_Myoclonus_Syndrome;disease;4.0
@DISEASE_Osteogenesis_imperfecta_type_6;@DISEASE_Osteogenesis_imperfecta_type_6;disease;4.0
@DISEASE_Osteophyte;@DISEASE_Osteophyte;disease;4.0
@DISEASE_Otitis;@DISEASE_Otitis;disease;4.0
@DISEASE_Otitis_Externa;@DISEASE_Otitis_Externa;disease;4.0
@DISEASE_Otorhinolaryngologic_Diseases;@DISEASE_Otorhinolaryngologic_Diseases;disease;4.0
@DISEASE_Pancreas_Divisum;@DISEASE_Pancreas_Divisum;disease;4.0
@DISEASE_Papillary_renal_cell_carcinoma_sporadic;@DISEASE_Papillary_renal_cell_carcinoma_sporadic;disease;4.0
@DISEASE_Paraparesis_Spastic;@DISEASE_Paraparesis_Spastic;disease;4.0
@DISEASE_Paroxysmal_Extreme_Pain_Disorder;@DISEASE_Paroxysmal_Extreme_Pain_Disorder;disease;4.0
@DISEASE_Pathological_Conditions_Signs_and_Symptoms;@DISEASE_Pathological_Conditions_Signs_and_Symptoms;disease;4.0
@DISEASE_Periapical_Granuloma;@DISEASE_Periapical_Granuloma;disease;4.0
@DISEASE_Perifolliculitis_Capitis_Abscedens_Et_Suffodiens_Familial;@DISEASE_Perifolliculitis_Capitis_Abscedens_Et_Suffodiens_Familial;disease;4.0
@DISEASE_Peritoneal_Fibrosis;@DISEASE_Peritoneal_Fibrosis;disease;4.0
@DISEASE_Peroxisome_biogenesis_disorders;@DISEASE_Peroxisome_biogenesis_disorders;disease;4.0
@DISEASE_Persistent_Vegetative_State;@DISEASE_Persistent_Vegetative_State;disease;4.0
@DISEASE_Phaeohyphomycosis;@DISEASE_Phaeohyphomycosis;disease;4.0
@DISEASE_Pick_Disease_of_the_Brain;@DISEASE_Pick_Disease_of_the_Brain;disease;4.0
@DISEASE_Pityriasis_Lichenoides;@DISEASE_Pityriasis_Lichenoides;disease;4.0
@DISEASE_Placental_Insufficiency;@DISEASE_Placental_Insufficiency;disease;4.0
@DISEASE_Pleurisy;@DISEASE_Pleurisy;disease;4.0
@DISEASE_Pneumonia_Aspiration;@DISEASE_Pneumonia_Aspiration;disease;4.0
@DISEASE_Polyhydramnios;@DISEASE_Polyhydramnios;disease;4.0
@DISEASE_Polyposis_Syndrome_Hereditary_Mixed_1;@DISEASE_Polyposis_Syndrome_Hereditary_Mixed_1;disease;4.0
@DISEASE_Polyradiculopathy;@DISEASE_Polyradiculopathy;disease;4.0
@DISEASE_Port_Wine_Stain;@DISEASE_Port_Wine_Stain;disease;4.0
@DISEASE_Postural_Orthostatic_Tachycardia_Syndrome;@DISEASE_Postural_Orthostatic_Tachycardia_Syndrome;disease;4.0
@DISEASE_Premenstrual_Syndrome;@DISEASE_Premenstrual_Syndrome;disease;4.0
@DISEASE_Prenatal_Injuries;@DISEASE_Prenatal_Injuries;disease;4.0
@DISEASE_Progesterone_Resistance;@DISEASE_Progesterone_Resistance;disease;4.0
@DISEASE_Prolonged_Bleeding_Time_Brachydactyly_and_Mental_Retardation;@DISEASE_Prolonged_Bleeding_Time_Brachydactyly_and_Mental_Retardation;disease;4.0
@DISEASE_Pulmonary_Alveolar_Proteinosis_Acquired;@DISEASE_Pulmonary_Alveolar_Proteinosis_Acquired;disease;4.0
@DISEASE_Pulmonary_Eosinophilia;@DISEASE_Pulmonary_Eosinophilia;disease;4.0
@DISEASE_Pupil_Disorders;@DISEASE_Pupil_Disorders;disease;4.0
@DISEASE_Pure_Autonomic_Failure;@DISEASE_Pure_Autonomic_Failure;disease;4.0
@DISEASE_Rectal_Fistula;@DISEASE_Rectal_Fistula;disease;4.0
@DISEASE_Renpenning_syndrome_1;@DISEASE_Renpenning_syndrome_1;disease;4.0
@DISEASE_Retinal_Artery_Occlusion;@DISEASE_Retinal_Artery_Occlusion;disease;4.0
@DISEASE_Retroperitoneal_Fibrosis;@DISEASE_Retroperitoneal_Fibrosis;disease;4.0
@DISEASE_Reye_Syndrome;@DISEASE_Reye_Syndrome;disease;4.0
@DISEASE_Rhinitis_Vasomotor;@DISEASE_Rhinitis_Vasomotor;disease;4.0
@DISEASE_Rhizomucor_pusillus_infection;@DISEASE_Rhizomucor_pusillus_infection;disease;4.0
@DISEASE_Ring_Chromosomes;@DISEASE_Ring_Chromosomes;disease;4.0
@DISEASE_Rumination_Syndrome;@DISEASE_Rumination_Syndrome;disease;4.0
@DISEASE_Salivary_Gland_Diseases;@DISEASE_Salivary_Gland_Diseases;disease;4.0
@DISEASE_Sarcoma_Alveolar_Soft_Part;@DISEASE_Sarcoma_Alveolar_Soft_Part;disease;4.0
@DISEASE_Schnitzler_Syndrome;@DISEASE_Schnitzler_Syndrome;disease;4.0
@DISEASE_Scleral_Diseases;@DISEASE_Scleral_Diseases;disease;4.0
@DISEASE_Scleroderma_Limited;@DISEASE_Scleroderma_Limited;disease;4.0
@DISEASE_Scorpion_Stings;@DISEASE_Scorpion_Stings;disease;4.0
@DISEASE_Sexual_Infantilism;@DISEASE_Sexual_Infantilism;disease;4.0
@DISEASE_Shwachman_Diamond_Syndrome;@DISEASE_Shwachman_Diamond_Syndrome;disease;4.0
@DISEASE_Sick_Building_Syndrome;@DISEASE_Sick_Building_Syndrome;disease;4.0
@DISEASE_Skin_Diseases_Vesiculobullous;@DISEASE_Skin_Diseases_Vesiculobullous;disease;4.0
@DISEASE_Skin_Hair_Eye_Pigmentation_Variation_In_6;@DISEASE_Skin_Hair_Eye_Pigmentation_Variation_In_6;disease;4.0
@DISEASE_Sleepiness;@DISEASE_Sleepiness;disease;4.0
@DISEASE_Smith_Magenis_Syndrome;@DISEASE_Smith_Magenis_Syndrome;disease;4.0
@DISEASE_Soft_Tissue_Neoplasms;@DISEASE_Soft_Tissue_Neoplasms;disease;4.0
@DISEASE_Solitary_Fibrous_Tumors;@DISEASE_Solitary_Fibrous_Tumors;disease;4.0
@DISEASE_Somnambulism;@DISEASE_Somnambulism;disease;4.0
@DISEASE_Specific_Language_Disorder;@DISEASE_Specific_Language_Disorder;disease;4.0
@DISEASE_Spinocerebellar_Ataxia_11;@DISEASE_Spinocerebellar_Ataxia_11;disease;4.0
@DISEASE_Spondylarthritis;@DISEASE_Spondylarthritis;disease;4.0
@DISEASE_Stomatitis_Herpetic;@DISEASE_Stomatitis_Herpetic;disease;4.0
@DISEASE_Stroke_Lacunar;@DISEASE_Stroke_Lacunar;disease;4.0
@DISEASE_Surfactant_Dysfunction;@DISEASE_Surfactant_Dysfunction;disease;4.0
@DISEASE_Syndactyly_Cenani_Lenz_type;@DISEASE_Syndactyly_Cenani_Lenz_type;disease;4.0
@DISEASE_Thromboangiitis_Obliterans;@DISEASE_Thromboangiitis_Obliterans;disease;4.0
@DISEASE_Thrombocythemia_Essential;@DISEASE_Thrombocythemia_Essential;disease;4.0
@DISEASE_Thrombocytopenia_1;@DISEASE_Thrombocytopenia_1;disease;4.0
@DISEASE_Thromboinflammation;@DISEASE_Thromboinflammation;disease;4.0
@DISEASE_Thrombophilia_due_to_Activated_Protein_C_Resistance;@DISEASE_Thrombophilia_due_to_Activated_Protein_C_Resistance;disease;4.0
@DISEASE_Tongue_Neoplasms;@DISEASE_Tongue_Neoplasms;disease;4.0
@DISEASE_Tonsillitis;@DISEASE_Tonsillitis;disease;4.0
@DISEASE_Tooth_Injuries;@DISEASE_Tooth_Injuries;disease;4.0
@DISEASE_Tracheal_Diseases;@DISEASE_Tracheal_Diseases;disease;4.0
@DISEASE_Trichorhinophalangeal_Syndrome_Type_I;@DISEASE_Trichorhinophalangeal_Syndrome_Type_I;disease;4.0
@DISEASE_Tricuspid_Valve_Insufficiency;@DISEASE_Tricuspid_Valve_Insufficiency;disease;4.0
@DISEASE_Tuberculosis_Osteoarticular;@DISEASE_Tuberculosis_Osteoarticular;disease;4.0
@DISEASE_Tuberculosis_Splenic;@DISEASE_Tuberculosis_Splenic;disease;4.0
@DISEASE_Tukel_syndrome;@DISEASE_Tukel_syndrome;disease;4.0
@DISEASE_Tympanosclerosis;@DISEASE_Tympanosclerosis;disease;4.0
@DISEASE_Urachal_Cyst;@DISEASE_Urachal_Cyst;disease;4.0
@DISEASE_Urinary_Bladder_Calculi;@DISEASE_Urinary_Bladder_Calculi;disease;4.0
@DISEASE_Uropathy_distal_obstructive_polydactyly;@DISEASE_Uropathy_distal_obstructive_polydactyly;disease;4.0
@DISEASE_Uveitis_Intermediate;@DISEASE_Uveitis_Intermediate;disease;4.0
@DISEASE_Uveitis_Posterior;@DISEASE_Uveitis_Posterior;disease;4.0
@DISEASE_VLCAD_deficiency;@DISEASE_VLCAD_deficiency;disease;4.0
@DISEASE_Vertebral_body_fusion_overgrowth;@DISEASE_Vertebral_body_fusion_overgrowth;disease;4.0
@DISEASE_Vibrio_Infections;@DISEASE_Vibrio_Infections;disease;4.0
@DISEASE_Walker_Warburg_Syndrome;@DISEASE_Walker_Warburg_Syndrome;disease;4.0
@DISEASE_Wallerian_degeneration_of_the_pyramidal_tract;@DISEASE_Wallerian_degeneration_of_the_pyramidal_tract;disease;4.0
@DISEASE_Wolfram_Syndrome;@DISEASE_Wolfram_Syndrome;disease;4.0
@DISEASE_Xanthinuria_Type_I;@DISEASE_Xanthinuria_Type_I;disease;4.0
@DISEASE_amyloidosis_IX;@DISEASE_amyloidosis_IX;disease;4.0
@DISEASE_succinic_semialdehyde_dehydrogenase_deficiency;@DISEASE_succinic_semialdehyde_dehydrogenase_deficiency;disease;4.0
@DISEASE_tinea_incognita;@DISEASE_tinea_incognita;disease;4.0
@DISEASE_120970;@DISEASE_120970;disease;3.0
@DISEASE_143890;@DISEASE_143890;disease;3.0
@DISEASE_188890;@DISEASE_188890;disease;3.0
@DISEASE_261515;@DISEASE_261515;disease;3.0
@DISEASE_300894;@DISEASE_300894;disease;3.0
@DISEASE_612635;@DISEASE_612635;disease;3.0
@DISEASE_612862;@DISEASE_612862;disease;3.0
@DISEASE_613640;@DISEASE_613640;disease;3.0
@DISEASE_614152;@DISEASE_614152;disease;3.0
@DISEASE_614388;@DISEASE_614388;disease;3.0
@DISEASE_616592;@DISEASE_616592;disease;3.0
@DISEASE_616959;@DISEASE_616959;disease;3.0
@DISEASE_617186;@DISEASE_617186;disease;3.0
@DISEASE_617187;@DISEASE_617187;disease;3.0
@DISEASE_ATR_X_syndrome;@DISEASE_ATR_X_syndrome;disease;3.0
@DISEASE_Abnormal_fusion_of_dental_cementum_with_alveolar_bone;@DISEASE_Abnormal_fusion_of_dental_cementum_with_alveolar_bone;disease;3.0
@DISEASE_Absent_corpus_callosum_cataract_immunodeficiency;@DISEASE_Absent_corpus_callosum_cataract_immunodeficiency;disease;3.0
@DISEASE_Accessory_navicular_bone;@DISEASE_Accessory_navicular_bone;disease;3.0
@DISEASE_Acrogeria_gottron_type;@DISEASE_Acrogeria_gottron_type;disease;3.0
@DISEASE_Actin_Accumulation_Myopathy;@DISEASE_Actin_Accumulation_Myopathy;disease;3.0
@DISEASE_Acute_Tubulointerstitial_Nephritis;@DISEASE_Acute_Tubulointerstitial_Nephritis;disease;3.0
@DISEASE_Adams_Oliver_syndrome;@DISEASE_Adams_Oliver_syndrome;disease;3.0
@DISEASE_Adenine_phosphoribosyltransferase_deficiency;@DISEASE_Adenine_phosphoribosyltransferase_deficiency;disease;3.0
@DISEASE_Adenoma_Islet_Cell;@DISEASE_Adenoma_Islet_Cell;disease;3.0
@DISEASE_Adenoma_Oxyphilic;@DISEASE_Adenoma_Oxyphilic;disease;3.0
@DISEASE_Adenoma_Pleomorphic;@DISEASE_Adenoma_Pleomorphic;disease;3.0
@DISEASE_Adie_Syndrome;@DISEASE_Adie_Syndrome;disease;3.0
@DISEASE_Adnexal_Diseases;@DISEASE_Adnexal_Diseases;disease;3.0
@DISEASE_Adrenocorticotropic_hormone_deficiency;@DISEASE_Adrenocorticotropic_hormone_deficiency;disease;3.0
@DISEASE_Ageusia;@DISEASE_Ageusia;disease;3.0
@DISEASE_Alcoholic_Korsakoff_Syndrome;@DISEASE_Alcoholic_Korsakoff_Syndrome;disease;3.0
@DISEASE_Amblyopia;@DISEASE_Amblyopia;disease;3.0
@DISEASE_Amoebic_gill_disease;@DISEASE_Amoebic_gill_disease;disease;3.0
@DISEASE_Amyotrophic_lateral_sclerosis_1;@DISEASE_Amyotrophic_lateral_sclerosis_1;disease;3.0
@DISEASE_Anal_Canal_Carcinoma;@DISEASE_Anal_Canal_Carcinoma;disease;3.0
@DISEASE_Andersen_Syndrome;@DISEASE_Andersen_Syndrome;disease;3.0
@DISEASE_Anemia_Dyserythropoietic_Congenital;@DISEASE_Anemia_Dyserythropoietic_Congenital;disease;3.0
@DISEASE_Anemia_Macrocytic;@DISEASE_Anemia_Macrocytic;disease;3.0
@DISEASE_Anemia_Sideroblastic;@DISEASE_Anemia_Sideroblastic;disease;3.0
@DISEASE_Anemia_hypochromic_microcytic;@DISEASE_Anemia_hypochromic_microcytic;disease;3.0
@DISEASE_Aneurysm_Infected;@DISEASE_Aneurysm_Infected;disease;3.0
@DISEASE_Anonychia_onychodystrophy;@DISEASE_Anonychia_onychodystrophy;disease;3.0
@DISEASE_Anorectal_Malformations;@DISEASE_Anorectal_Malformations;disease;3.0
@DISEASE_Antithrombin_III_Deficiency;@DISEASE_Antithrombin_III_Deficiency;disease;3.0
@DISEASE_Anuria;@DISEASE_Anuria;disease;3.0
@DISEASE_Aortic_Rupture;@DISEASE_Aortic_Rupture;disease;3.0
@DISEASE_Aortic_Valve_Disease;@DISEASE_Aortic_Valve_Disease;disease;3.0
@DISEASE_Aortitis;@DISEASE_Aortitis;disease;3.0
@DISEASE_Argininosuccinic_Aciduria;@DISEASE_Argininosuccinic_Aciduria;disease;3.0
@DISEASE_Arnold_Chiari_Malformation;@DISEASE_Arnold_Chiari_Malformation;disease;3.0
@DISEASE_Arteritis;@DISEASE_Arteritis;disease;3.0
@DISEASE_Asthma_and_Nasal_Polyps;@DISEASE_Asthma_and_Nasal_Polyps;disease;3.0
@DISEASE_Asymptomatic_Diseases;@DISEASE_Asymptomatic_Diseases;disease;3.0
@DISEASE_Ataxia_with_vitamin_E_deficiency;@DISEASE_Ataxia_with_vitamin_E_deficiency;disease;3.0
@DISEASE_Atrial_fibrillation_familial_1;@DISEASE_Atrial_fibrillation_familial_1;disease;3.0
@DISEASE_Auditory_neuropathy;@DISEASE_Auditory_neuropathy;disease;3.0
@DISEASE_Aural_Atresia_Congenital;@DISEASE_Aural_Atresia_Congenital;disease;3.0
@DISEASE_Autoimmune_Lymphoproliferative_Syndrome;@DISEASE_Autoimmune_Lymphoproliferative_Syndrome;disease;3.0
@DISEASE_Autoimmune_oophoritis;@DISEASE_Autoimmune_oophoritis;disease;3.0
@DISEASE_Beckwith_Wiedemann_Syndrome;@DISEASE_Beckwith_Wiedemann_Syndrome;disease;3.0
@DISEASE_Berylliosis;@DISEASE_Berylliosis;disease;3.0
@DISEASE_Bicuspid_Aortic_Valve_Disease;@DISEASE_Bicuspid_Aortic_Valve_Disease;disease;3.0
@DISEASE_Bietti_Crystalline_Dystrophy;@DISEASE_Bietti_Crystalline_Dystrophy;disease;3.0
@DISEASE_Blood_Borne_Infections;@DISEASE_Blood_Borne_Infections;disease;3.0
@DISEASE_Blue_diaper_syndrome;@DISEASE_Blue_diaper_syndrome;disease;3.0
@DISEASE_Bone_Malalignment;@DISEASE_Bone_Malalignment;disease;3.0
@DISEASE_Branchio_Oto_Renal_Syndrome;@DISEASE_Branchio_Oto_Renal_Syndrome;disease;3.0
@DISEASE_Bronchopneumonia;@DISEASE_Bronchopneumonia;disease;3.0
@DISEASE_Budd_Chiari_Syndrome;@DISEASE_Budd_Chiari_Syndrome;disease;3.0
@DISEASE_Burns_Inhalation;@DISEASE_Burns_Inhalation;disease;3.0
@DISEASE_Butyrylcholinesterase_deficiency;@DISEASE_Butyrylcholinesterase_deficiency;disease;3.0
@DISEASE_Caliciviridae_Infections;@DISEASE_Caliciviridae_Infections;disease;3.0
@DISEASE_Camurati_Engelmann_Syndrome;@DISEASE_Camurati_Engelmann_Syndrome;disease;3.0
@DISEASE_Capgras_Syndrome;@DISEASE_Capgras_Syndrome;disease;3.0
@DISEASE_Caplan_Syndrome;@DISEASE_Caplan_Syndrome;disease;3.0
@DISEASE_Carcinoma_Mucoepidermoid;@DISEASE_Carcinoma_Mucoepidermoid;disease;3.0
@DISEASE_Cardiomyopathy_Dilated_1o;@DISEASE_Cardiomyopathy_Dilated_1o;disease;3.0
@DISEASE_Carnevale_syndrome;@DISEASE_Carnevale_syndrome;disease;3.0
@DISEASE_Cartilage_hair_hypoplasia;@DISEASE_Cartilage_hair_hypoplasia;disease;3.0
@DISEASE_Cataract_alopecia_sclerodactyly;@DISEASE_Cataract_alopecia_sclerodactyly;disease;3.0
@DISEASE_Cell_Transformation_Viral;@DISEASE_Cell_Transformation_Viral;disease;3.0
@DISEASE_Central_Nervous_System_Vascular_Malformations;@DISEASE_Central_Nervous_System_Vascular_Malformations;disease;3.0
@DISEASE_Cerebellar_Ataxia_and_Hypogonadotropic_Hypogonadism;@DISEASE_Cerebellar_Ataxia_and_Hypogonadotropic_Hypogonadism;disease;3.0
@DISEASE_Cerebral_Amyloid_Angiopathy_Familial;@DISEASE_Cerebral_Amyloid_Angiopathy_Familial;disease;3.0
@DISEASE_Cerebral_Cortical_Thinning;@DISEASE_Cerebral_Cortical_Thinning;disease;3.0
@DISEASE_Ceroid_Lipofuscinosis_Neuronal_2;@DISEASE_Ceroid_Lipofuscinosis_Neuronal_2;disease;3.0
@DISEASE_Ceroid_lipofuscinosis_neuronal_5;@DISEASE_Ceroid_lipofuscinosis_neuronal_5;disease;3.0
@DISEASE_Cestode_Infections;@DISEASE_Cestode_Infections;disease;3.0
@DISEASE_Chemke_Oliver_Mallek_syndrome;@DISEASE_Chemke_Oliver_Mallek_syndrome;disease;3.0
@DISEASE_Cholera;@DISEASE_Cholera;disease;3.0
@DISEASE_Chromosome_5q_Deletion_Syndrome;@DISEASE_Chromosome_5q_Deletion_Syndrome;disease;3.0
@DISEASE_Cirrhosis_Cryptogenic;@DISEASE_Cirrhosis_Cryptogenic;disease;3.0
@DISEASE_Classical_Swine_Fever;@DISEASE_Classical_Swine_Fever;disease;3.0
@DISEASE_Cleidocranial_Dysplasia;@DISEASE_Cleidocranial_Dysplasia;disease;3.0
@DISEASE_Coccidioidomycosis;@DISEASE_Coccidioidomycosis;disease;3.0
@DISEASE_Coccidiosis;@DISEASE_Coccidiosis;disease;3.0
@DISEASE_Combined_Immunodeficiency_with_Autoimmunity_and_Spondylometaphyseal_Dysplasia;@DISEASE_Combined_Immunodeficiency_with_Autoimmunity_and_Spondylometaphyseal_Dysplasia;disease;3.0
@DISEASE_Compartment_Syndromes;@DISEASE_Compartment_Syndromes;disease;3.0
@DISEASE_Complement_Factor_H_Deficiency;@DISEASE_Complement_Factor_H_Deficiency;disease;3.0
@DISEASE_Congenital_Bone_Marrow_Failure_Syndromes;@DISEASE_Congenital_Bone_Marrow_Failure_Syndromes;disease;3.0
@DISEASE_Congenital_Hypothyroidism;@DISEASE_Congenital_Hypothyroidism;disease;3.0
@DISEASE_Congenital_disorder_of_glycosylation_type_2A;@DISEASE_Congenital_disorder_of_glycosylation_type_2A;disease;3.0
@DISEASE_Corticobasal_Degeneration;@DISEASE_Corticobasal_Degeneration;disease;3.0
@DISEASE_Coxa_Valga;@DISEASE_Coxa_Valga;disease;3.0
@DISEASE_Coxa_Vara;@DISEASE_Coxa_Vara;disease;3.0
@DISEASE_Craniodiaphyseal_Dysplasia_Autosomal_Dominant;@DISEASE_Craniodiaphyseal_Dysplasia_Autosomal_Dominant;disease;3.0
@DISEASE_Crigler_Najjar_Syndrome;@DISEASE_Crigler_Najjar_Syndrome;disease;3.0
@DISEASE_Crigler_Najjar_syndrome_type_2;@DISEASE_Crigler_Najjar_syndrome_type_2;disease;3.0
@DISEASE_Cysteine_Peptiduria;@DISEASE_Cysteine_Peptiduria;disease;3.0
@DISEASE_Cysticercosis;@DISEASE_Cysticercosis;disease;3.0
@DISEASE_Deafness_Mid_Tone_Neural;@DISEASE_Deafness_Mid_Tone_Neural;disease;3.0
@DISEASE_Deficiency_Diseases;@DISEASE_Deficiency_Diseases;disease;3.0
@DISEASE_Demyelinating_Autoimmune_Diseases_CNS;@DISEASE_Demyelinating_Autoimmune_Diseases_CNS;disease;3.0
@DISEASE_Dentin_Dysplasia;@DISEASE_Dentin_Dysplasia;disease;3.0
@DISEASE_Dentinogenesis_Imperfecta;@DISEASE_Dentinogenesis_Imperfecta;disease;3.0
@DISEASE_Dermatitis_Perioral;@DISEASE_Dermatitis_Perioral;disease;3.0
@DISEASE_Dermatofibrosarcoma;@DISEASE_Dermatofibrosarcoma;disease;3.0
@DISEASE_Desmoid_disease_hereditary;@DISEASE_Desmoid_disease_hereditary;disease;3.0
@DISEASE_Diffuse_alopecia;@DISEASE_Diffuse_alopecia;disease;3.0
@DISEASE_Dihydropyrimidine_Dehydrogenase_Deficiency;@DISEASE_Dihydropyrimidine_Dehydrogenase_Deficiency;disease;3.0
@DISEASE_Dissociative_Identity_Disorder;@DISEASE_Dissociative_Identity_Disorder;disease;3.0
@DISEASE_Dry_Socket;@DISEASE_Dry_Socket;disease;3.0
@DISEASE_Dumping_Syndrome;@DISEASE_Dumping_Syndrome;disease;3.0
@DISEASE_Duodenal_Diseases;@DISEASE_Duodenal_Diseases;disease;3.0
@DISEASE_Duodenal_Ulcer;@DISEASE_Duodenal_Ulcer;disease;3.0
@DISEASE_Dystonia_Dopa_Responsive_due_to_Sepiapterin_Reductase_Deficiency;@DISEASE_Dystonia_Dopa_Responsive_due_to_Sepiapterin_Reductase_Deficiency;disease;3.0
@DISEASE_Dystonic_Disorders;@DISEASE_Dystonic_Disorders;disease;3.0
@DISEASE_Earache;@DISEASE_Earache;disease;3.0
@DISEASE_Eccrine_Porocarcinoma;@DISEASE_Eccrine_Porocarcinoma;disease;3.0
@DISEASE_Ectodermal_Dysplasia_1_Anhidrotic;@DISEASE_Ectodermal_Dysplasia_1_Anhidrotic;disease;3.0
@DISEASE_Ectodermal_Dysplasia_Skin_Fragility_Syndrome;@DISEASE_Ectodermal_Dysplasia_Skin_Fragility_Syndrome;disease;3.0
@DISEASE_Ehlers_Danlos_syndrome_progeroid_form;@DISEASE_Ehlers_Danlos_syndrome_progeroid_form;disease;3.0
@DISEASE_Elejalde_Disease;@DISEASE_Elejalde_Disease;disease;3.0
@DISEASE_Embolism_Air;@DISEASE_Embolism_Air;disease;3.0
@DISEASE_Empty_Sella_Syndrome;@DISEASE_Empty_Sella_Syndrome;disease;3.0
@DISEASE_Endocardial_Fibroelastosis;@DISEASE_Endocardial_Fibroelastosis;disease;3.0
@DISEASE_Enthesopathy;@DISEASE_Enthesopathy;disease;3.0
@DISEASE_Eosinophilic_Fasciitis;@DISEASE_Eosinophilic_Fasciitis;disease;3.0
@DISEASE_Eosinophilic_pustular_folliculitis;@DISEASE_Eosinophilic_pustular_folliculitis;disease;3.0
@DISEASE_Esophageal_Achalasia;@DISEASE_Esophageal_Achalasia;disease;3.0
@DISEASE_Ethylmalonic_encephalopathy;@DISEASE_Ethylmalonic_encephalopathy;disease;3.0
@DISEASE_Exostoses;@DISEASE_Exostoses;disease;3.0
@DISEASE_Eye_Injuries;@DISEASE_Eye_Injuries;disease;3.0
@DISEASE_FACES_syndrome;@DISEASE_FACES_syndrome;disease;3.0
@DISEASE_Fascioliasis;@DISEASE_Fascioliasis;disease;3.0
@DISEASE_Femoracetabular_Impingement;@DISEASE_Femoracetabular_Impingement;disease;3.0
@DISEASE_Fetal_Distress;@DISEASE_Fetal_Distress;disease;3.0
@DISEASE_Fibula_Fractures;@DISEASE_Fibula_Fractures;disease;3.0
@DISEASE_Focal_Cortical_Dysplasia;@DISEASE_Focal_Cortical_Dysplasia;disease;3.0
@DISEASE_Free_sialic_acid_storage_disease;@DISEASE_Free_sialic_acid_storage_disease;disease;3.0
@DISEASE_Furcation_Defects;@DISEASE_Furcation_Defects;disease;3.0
@DISEASE_Gliosarcoma;@DISEASE_Gliosarcoma;disease;3.0
@DISEASE_Glycogen_Storage_Disease_IIIC;@DISEASE_Glycogen_Storage_Disease_IIIC;disease;3.0
@DISEASE_Glycogen_Storage_Disease_Type_IIb;@DISEASE_Glycogen_Storage_Disease_Type_IIb;disease;3.0
@DISEASE_Glycogen_Storage_Disease_Type_V;@DISEASE_Glycogen_Storage_Disease_Type_V;disease;3.0
@DISEASE_Glycoprotein_Storage_Disease;@DISEASE_Glycoprotein_Storage_Disease;disease;3.0
@DISEASE_Goiter_Multinodular_2;@DISEASE_Goiter_Multinodular_2;disease;3.0
@DISEASE_Graft_Occlusion_Vascular;@DISEASE_Graft_Occlusion_Vascular;disease;3.0
@DISEASE_Granulosa_cell_tumor_of_the_ovary;@DISEASE_Granulosa_cell_tumor_of_the_ovary;disease;3.0
@DISEASE_Griscelli_syndrome_type_2;@DISEASE_Griscelli_syndrome_type_2;disease;3.0
@DISEASE_Hashimoto's_encephalitis;@DISEASE_Hashimoto's_encephalitis;disease;3.0
@DISEASE_Head_Injuries_Closed;@DISEASE_Head_Injuries_Closed;disease;3.0
@DISEASE_Headache_Disorders_Secondary;@DISEASE_Headache_Disorders_Secondary;disease;3.0
@DISEASE_Heat_Exhaustion;@DISEASE_Heat_Exhaustion;disease;3.0
@DISEASE_Hematemesis;@DISEASE_Hematemesis;disease;3.0
@DISEASE_Hematoma_Subdural;@DISEASE_Hematoma_Subdural;disease;3.0
@DISEASE_Hematoma_Subdural_Acute;@DISEASE_Hematoma_Subdural_Acute;disease;3.0
@DISEASE_Hepatitis_D;@DISEASE_Hepatitis_D;disease;3.0
@DISEASE_Hernia;@DISEASE_Hernia;disease;3.0
@DISEASE_Heroin_Dependence;@DISEASE_Heroin_Dependence;disease;3.0
@DISEASE_Hirschsprung_disease_type_d_brachydactyly;@DISEASE_Hirschsprung_disease_type_d_brachydactyly;disease;3.0
@DISEASE_Histiocytic_Sarcoma;@DISEASE_Histiocytic_Sarcoma;disease;3.0
@DISEASE_Histiocytosis_Sinus;@DISEASE_Histiocytosis_Sinus;disease;3.0
@DISEASE_Histoplasmosis;@DISEASE_Histoplasmosis;disease;3.0
@DISEASE_Hypercalciuria_Absorptive_2;@DISEASE_Hypercalciuria_Absorptive_2;disease;3.0
@DISEASE_Hypermetabolism_due_to_Defect_in_Mitochondria;@DISEASE_Hypermetabolism_due_to_Defect_in_Mitochondria;disease;3.0
@DISEASE_Hypertelorism_with_esophageal_abnormality_and_hypospadias;@DISEASE_Hypertelorism_with_esophageal_abnormality_and_hypospadias;disease;3.0
@DISEASE_Hypertension_Resistant_to_Conventional_Therapy;@DISEASE_Hypertension_Resistant_to_Conventional_Therapy;disease;3.0
@DISEASE_Hypertrichosis;@DISEASE_Hypertrichosis;disease;3.0
@DISEASE_Hypocalcemia_Autosomal_Dominant_with_Bartter_Syndrome;@DISEASE_Hypocalcemia_Autosomal_Dominant_with_Bartter_Syndrome;disease;3.0
@DISEASE_Hypocapnia;@DISEASE_Hypocapnia;disease;3.0
@DISEASE_Hypomyelination_Global_Cerebral;@DISEASE_Hypomyelination_Global_Cerebral;disease;3.0
@DISEASE_Hypophosphatemia_Renal_with_Intracerebral_Calcifications;@DISEASE_Hypophosphatemia_Renal_with_Intracerebral_Calcifications;disease;3.0
@DISEASE_Hypophosphatemic_Rickets_with_Hypercalciuria_Hereditary;@DISEASE_Hypophosphatemic_Rickets_with_Hypercalciuria_Hereditary;disease;3.0
@DISEASE_IGHM_protein_human;@DISEASE_IGHM_protein_human;disease;3.0
@DISEASE_Ichthyosis_Vulgaris;@DISEASE_Ichthyosis_Vulgaris;disease;3.0
@DISEASE_Ileus;@DISEASE_Ileus;disease;3.0
@DISEASE_Immunodeficiency_due_to_Defect_in_MAPBP_Interacting_Protein;@DISEASE_Immunodeficiency_due_to_Defect_in_MAPBP_Interacting_Protein;disease;3.0
@DISEASE_Indifference_to_Pain_Congenital_Autosomal_Recessive;@DISEASE_Indifference_to_Pain_Congenital_Autosomal_Recessive;disease;3.0
@DISEASE_Infantile_convulsions_and_paroxysmal_choreoathetosis_familial;@DISEASE_Infantile_convulsions_and_paroxysmal_choreoathetosis_familial;disease;3.0
@DISEASE_Intestinal_Diseases_Parasitic;@DISEASE_Intestinal_Diseases_Parasitic;disease;3.0
@DISEASE_Intraoperative_Complications;@DISEASE_Intraoperative_Complications;disease;3.0
@DISEASE_Iridogoniodysgenesis_type1;@DISEASE_Iridogoniodysgenesis_type1;disease;3.0
@DISEASE_Islet_cell_tumor_syndrome;@DISEASE_Islet_cell_tumor_syndrome;disease;3.0
@DISEASE_Jacobsen_Distal_11q_Deletion_Syndrome;@DISEASE_Jacobsen_Distal_11q_Deletion_Syndrome;disease;3.0
@DISEASE_Jaundice_Chronic_Idiopathic;@DISEASE_Jaundice_Chronic_Idiopathic;disease;3.0
@DISEASE_Jaw_Edentulous;@DISEASE_Jaw_Edentulous;disease;3.0
@DISEASE_Juvenile_Spring_Eruption_of_Ears;@DISEASE_Juvenile_Spring_Eruption_of_Ears;disease;3.0
@DISEASE_Juvenile_polyposis_syndrome;@DISEASE_Juvenile_polyposis_syndrome;disease;3.0
@DISEASE_Kabuki_syndrome;@DISEASE_Kabuki_syndrome;disease;3.0
@DISEASE_Kuskokwim_disease;@DISEASE_Kuskokwim_disease;disease;3.0
@DISEASE_Kyphoscoliosis_1;@DISEASE_Kyphoscoliosis_1;disease;3.0
@DISEASE_Lagophthalmos;@DISEASE_Lagophthalmos;disease;3.0
@DISEASE_Langer_Giedion_Syndrome;@DISEASE_Langer_Giedion_Syndrome;disease;3.0
@DISEASE_Laryngeal_Diseases;@DISEASE_Laryngeal_Diseases;disease;3.0
@DISEASE_Legg_Calve_Perthes_Disease;@DISEASE_Legg_Calve_Perthes_Disease;disease;3.0
@DISEASE_Leprosy_Multibacillary;@DISEASE_Leprosy_Multibacillary;disease;3.0
@DISEASE_Lichenoid_Eruptions;@DISEASE_Lichenoid_Eruptions;disease;3.0
@DISEASE_Limb_Deformities_Congenital;@DISEASE_Limb_Deformities_Congenital;disease;3.0
@DISEASE_Limbal_Stem_Cell_Deficiency;@DISEASE_Limbal_Stem_Cell_Deficiency;disease;3.0
@DISEASE_Lip_Diseases;@DISEASE_Lip_Diseases;disease;3.0
@DISEASE_Lower_Extremity_Deformities_Congenital;@DISEASE_Lower_Extremity_Deformities_Congenital;disease;3.0
@DISEASE_Lymphocytosis;@DISEASE_Lymphocytosis;disease;3.0
@DISEASE_Lymphomatoid_Papulosis;@DISEASE_Lymphomatoid_Papulosis;disease;3.0
@DISEASE_Malocclusion_Angle_Class_I;@DISEASE_Malocclusion_Angle_Class_I;disease;3.0
@DISEASE_Malocclusion_Angle_Class_II;@DISEASE_Malocclusion_Angle_Class_II;disease;3.0
@DISEASE_Mandibuloacral_dysplasia_with_type_A_lipodystrophy;@DISEASE_Mandibuloacral_dysplasia_with_type_A_lipodystrophy;disease;3.0
@DISEASE_Manganese_Poisoning;@DISEASE_Manganese_Poisoning;disease;3.0
@DISEASE_Maturity_Onset_Diabetes_of_the_Young_Type_2;@DISEASE_Maturity_Onset_Diabetes_of_the_Young_Type_2;disease;3.0
@DISEASE_Meconium_Aspiration_Syndrome;@DISEASE_Meconium_Aspiration_Syndrome;disease;3.0
@DISEASE_Mediastinal_Cyst;@DISEASE_Mediastinal_Cyst;disease;3.0
@DISEASE_Medically_Unexplained_Symptoms;@DISEASE_Medically_Unexplained_Symptoms;disease;3.0
@DISEASE_Melanoma_Amelanotic;@DISEASE_Melanoma_Amelanotic;disease;3.0
@DISEASE_Melioidosis;@DISEASE_Melioidosis;disease;3.0
@DISEASE_Melkersson_Rosenthal_Syndrome;@DISEASE_Melkersson_Rosenthal_Syndrome;disease;3.0
@DISEASE_Meningococcal_Infections;@DISEASE_Meningococcal_Infections;disease;3.0
@DISEASE_Meningoencephalitis;@DISEASE_Meningoencephalitis;disease;3.0
@DISEASE_Mental_Fatigue;@DISEASE_Mental_Fatigue;disease;3.0
@DISEASE_Mental_Retardation_X_Linked_Syndromic_10;@DISEASE_Mental_Retardation_X_Linked_Syndromic_10;disease;3.0
@DISEASE_Mercury_Poisoning_Nervous_System;@DISEASE_Mercury_Poisoning_Nervous_System;disease;3.0
@DISEASE_Mesangial_sclerosis_diffuse;@DISEASE_Mesangial_sclerosis_diffuse;disease;3.0
@DISEASE_Mesenteric_Ischemia;@DISEASE_Mesenteric_Ischemia;disease;3.0
@DISEASE_Mevalonate_Kinase_Deficiency;@DISEASE_Mevalonate_Kinase_Deficiency;disease;3.0
@DISEASE_Microcephaly_Primary_Autosomal_Recessive_1;@DISEASE_Microcephaly_Primary_Autosomal_Recessive_1;disease;3.0
@DISEASE_Microcystic_adnexal_carcinoma;@DISEASE_Microcystic_adnexal_carcinoma;disease;3.0
@DISEASE_Micrognathism;@DISEASE_Micrognathism;disease;3.0
@DISEASE_Migraine_with_Aura;@DISEASE_Migraine_with_Aura;disease;3.0
@DISEASE_Miller_McKusick_Malvaux_Syndrome_(3M_Syndrome);@DISEASE_Miller_McKusick_Malvaux_Syndrome_(3M_Syndrome);disease;3.0
@DISEASE_Mitral_Valve_Prolapse_Myxomatous_1;@DISEASE_Mitral_Valve_Prolapse_Myxomatous_1;disease;3.0
@DISEASE_Molybdenum_cofactor_deficiency;@DISEASE_Molybdenum_cofactor_deficiency;disease;3.0
@DISEASE_Mononeuropathies;@DISEASE_Mononeuropathies;disease;3.0
@DISEASE_Motor_Skills_Disorders;@DISEASE_Motor_Skills_Disorders;disease;3.0
@DISEASE_Mucopolysaccharidosis_VII;@DISEASE_Mucopolysaccharidosis_VII;disease;3.0
@DISEASE_Mucus_Inspissation_of_Respiratory_Tract;@DISEASE_Mucus_Inspissation_of_Respiratory_Tract;disease;3.0
@DISEASE_Multiple_Chemical_Sensitivity;@DISEASE_Multiple_Chemical_Sensitivity;disease;3.0
@DISEASE_Multiple_Endocrine_Neoplasia_Type_1;@DISEASE_Multiple_Endocrine_Neoplasia_Type_1;disease;3.0
@DISEASE_Multiple_Endocrine_Neoplasia_Type_2a;@DISEASE_Multiple_Endocrine_Neoplasia_Type_2a;disease;3.0
@DISEASE_Muscular_Dystrophies_Limb_Girdle;@DISEASE_Muscular_Dystrophies_Limb_Girdle;disease;3.0
@DISEASE_Myofibromatosis;@DISEASE_Myofibromatosis;disease;3.0
@DISEASE_N_acetyl_glutamate_synthetase_deficiency;@DISEASE_N_acetyl_glutamate_synthetase_deficiency;disease;3.0
@DISEASE_N_acetyltransferase_deficiency;@DISEASE_N_acetyltransferase_deficiency;disease;3.0
@DISEASE_Neoplasms_Gonadal_Tissue;@DISEASE_Neoplasms_Gonadal_Tissue;disease;3.0
@DISEASE_Neoplasms_Radiation_Induced;@DISEASE_Neoplasms_Radiation_Induced;disease;3.0
@DISEASE_Neoplasms_Vascular_Tissue;@DISEASE_Neoplasms_Vascular_Tissue;disease;3.0
@DISEASE_Nephrogenic_Syndrome_of_Inappropriate_Antidiuresis;@DISEASE_Nephrogenic_Syndrome_of_Inappropriate_Antidiuresis;disease;3.0
@DISEASE_Nephrosis;@DISEASE_Nephrosis;disease;3.0
@DISEASE_Neurocutaneous_Syndromes;@DISEASE_Neurocutaneous_Syndromes;disease;3.0
@DISEASE_Neurocutaneous_melanosis;@DISEASE_Neurocutaneous_melanosis;disease;3.0
@DISEASE_Neurodermatitis;@DISEASE_Neurodermatitis;disease;3.0
@DISEASE_Neuroferritinopathy;@DISEASE_Neuroferritinopathy;disease;3.0
@DISEASE_Neuroleptic_Malignant_Syndrome;@DISEASE_Neuroleptic_Malignant_Syndrome;disease;3.0
@DISEASE_Neuronal_intranuclear_inclusion_disease;@DISEASE_Neuronal_intranuclear_inclusion_disease;disease;3.0
@DISEASE_Neurothekeoma;@DISEASE_Neurothekeoma;disease;3.0
@DISEASE_Neutral_Lipid_Storage_Disease_with_Myopathy;@DISEASE_Neutral_Lipid_Storage_Disease_with_Myopathy;disease;3.0
@DISEASE_Neutrophil_Actin_Dysfunction;@DISEASE_Neutrophil_Actin_Dysfunction;disease;3.0
@DISEASE_Nevus_Halo;@DISEASE_Nevus_Halo;disease;3.0
@DISEASE_Newcastle_Disease;@DISEASE_Newcastle_Disease;disease;3.0
@DISEASE_Niemann_Pick_disease_type_C2;@DISEASE_Niemann_Pick_disease_type_C2;disease;3.0
@DISEASE_Nonsyndromic_sensorineural_hearing_loss;@DISEASE_Nonsyndromic_sensorineural_hearing_loss;disease;3.0
@DISEASE_Norrie_disease;@DISEASE_Norrie_disease;disease;3.0
@DISEASE_Occupational_Diseases;@DISEASE_Occupational_Diseases;disease;3.0
@DISEASE_Occupational_Stress;@DISEASE_Occupational_Stress;disease;3.0
@DISEASE_Oculocutaneous_albinism_type_1;@DISEASE_Oculocutaneous_albinism_type_1;disease;3.0
@DISEASE_Odontogenic_Cyst_Calcifying;@DISEASE_Odontogenic_Cyst_Calcifying;disease;3.0
@DISEASE_Odontogenic_Tumors;@DISEASE_Odontogenic_Tumors;disease;3.0
@DISEASE_Oligomenorrhea;@DISEASE_Oligomenorrhea;disease;3.0
@DISEASE_Oncogenic_osteomalacia;@DISEASE_Oncogenic_osteomalacia;disease;3.0
@DISEASE_Onycholysis;@DISEASE_Onycholysis;disease;3.0
@DISEASE_Ophthalmoplegia_painful;@DISEASE_Ophthalmoplegia_painful;disease;3.0
@DISEASE_Opiate_Overdose;@DISEASE_Opiate_Overdose;disease;3.0
@DISEASE_Optic_Atrophy_Autosomal_Dominant;@DISEASE_Optic_Atrophy_Autosomal_Dominant;disease;3.0
@DISEASE_Orbital_Pseudotumor;@DISEASE_Orbital_Pseudotumor;disease;3.0
@DISEASE_Osler_rendu_weber_syndrome_2;@DISEASE_Osler_rendu_weber_syndrome_2;disease;3.0
@DISEASE_Osteochondrosis;@DISEASE_Osteochondrosis;disease;3.0
@DISEASE_Osteogenesis_Imperfecta_Type_IX;@DISEASE_Osteogenesis_Imperfecta_Type_IX;disease;3.0
@DISEASE_Osteogenesis_imperfecta_Levin_type;@DISEASE_Osteogenesis_imperfecta_Levin_type;disease;3.0
@DISEASE_Otosclerosis;@DISEASE_Otosclerosis;disease;3.0
@DISEASE_Ovarian_Torsion;@DISEASE_Ovarian_Torsion;disease;3.0
@DISEASE_Overtraining_Syndrome;@DISEASE_Overtraining_Syndrome;disease;3.0
@DISEASE_Palindromic_rheumatism;@DISEASE_Palindromic_rheumatism;disease;3.0
@DISEASE_Pallidopyramidal_syndrome;@DISEASE_Pallidopyramidal_syndrome;disease;3.0
@DISEASE_Paraneoplastic_Syndromes_Ocular;@DISEASE_Paraneoplastic_Syndromes_Ocular;disease;3.0
@DISEASE_Peanut_Hypersensitivity;@DISEASE_Peanut_Hypersensitivity;disease;3.0
@DISEASE_Penile_Diseases;@DISEASE_Penile_Diseases;disease;3.0
@DISEASE_Peripheral_Nervous_System_Neoplasms;@DISEASE_Peripheral_Nervous_System_Neoplasms;disease;3.0
@DISEASE_Peroneal_Neuropathies;@DISEASE_Peroneal_Neuropathies;disease;3.0
@DISEASE_Peters_anomaly;@DISEASE_Peters_anomaly;disease;3.0
@DISEASE_Phlebitis;@DISEASE_Phlebitis;disease;3.0
@DISEASE_Pierre_Robin_Syndrome;@DISEASE_Pierre_Robin_Syndrome;disease;3.0
@DISEASE_Pituitary_Diseases;@DISEASE_Pituitary_Diseases;disease;3.0
@DISEASE_Pituitary_dwarfism_1;@DISEASE_Pituitary_dwarfism_1;disease;3.0
@DISEASE_Plasminogen_Deficiency_Type_I;@DISEASE_Plasminogen_Deficiency_Type_I;disease;3.0
@DISEASE_Pneumatosis_Cystoides_Intestinalis;@DISEASE_Pneumatosis_Cystoides_Intestinalis;disease;3.0
@DISEASE_Pneumocephalus;@DISEASE_Pneumocephalus;disease;3.0
@DISEASE_Pneumonia_of_Swine_Mycoplasmal;@DISEASE_Pneumonia_of_Swine_Mycoplasmal;disease;3.0
@DISEASE_Poliomyelitis;@DISEASE_Poliomyelitis;disease;3.0
@DISEASE_Porphyria_Cutanea_Tarda;@DISEASE_Porphyria_Cutanea_Tarda;disease;3.0
@DISEASE_Porphyria_Variegate;@DISEASE_Porphyria_Variegate;disease;3.0
@DISEASE_Portal_Vein_Cavernous_Transformation_Of;@DISEASE_Portal_Vein_Cavernous_Transformation_Of;disease;3.0
@DISEASE_Post_Concussion_Syndrome;@DISEASE_Post_Concussion_Syndrome;disease;3.0
@DISEASE_Posterior_column_ataxia;@DISEASE_Posterior_column_ataxia;disease;3.0
@DISEASE_Pouchitis;@DISEASE_Pouchitis;disease;3.0
@DISEASE_Poult_Enteritis_Mortality_Syndrome;@DISEASE_Poult_Enteritis_Mortality_Syndrome;disease;3.0
@DISEASE_Pregnancy_Interstitial;@DISEASE_Pregnancy_Interstitial;disease;3.0
@DISEASE_Pregnancy_Tubal;@DISEASE_Pregnancy_Tubal;disease;3.0
@DISEASE_Prehypertension;@DISEASE_Prehypertension;disease;3.0
@DISEASE_Primary_Graft_Dysfunction;@DISEASE_Primary_Graft_Dysfunction;disease;3.0
@DISEASE_Proctitis;@DISEASE_Proctitis;disease;3.0
@DISEASE_Proximal_Femoral_Fractures;@DISEASE_Proximal_Femoral_Fractures;disease;3.0
@DISEASE_Pseudovaginal_Perineoscrotal_Hypospadias;@DISEASE_Pseudovaginal_Perineoscrotal_Hypospadias;disease;3.0
@DISEASE_Psoas_Abscess;@DISEASE_Psoas_Abscess;disease;3.0
@DISEASE_Pulmonary_Aspergillosis;@DISEASE_Pulmonary_Aspergillosis;disease;3.0
@DISEASE_Pulmonary_Veno_Occlusive_Disease;@DISEASE_Pulmonary_Veno_Occlusive_Disease;disease;3.0
@DISEASE_Pyuria;@DISEASE_Pyuria;disease;3.0
@DISEASE_REM_Sleep_Parasomnias;@DISEASE_REM_Sleep_Parasomnias;disease;3.0
@DISEASE_Radius_Fractures;@DISEASE_Radius_Fractures;disease;3.0
@DISEASE_Raine_syndrome;@DISEASE_Raine_syndrome;disease;3.0
@DISEASE_Refractive_Errors;@DISEASE_Refractive_Errors;disease;3.0
@DISEASE_Renal_Colic;@DISEASE_Renal_Colic;disease;3.0
@DISEASE_Respiratory_Paralysis;@DISEASE_Respiratory_Paralysis;disease;3.0
@DISEASE_Respiratory_Tract_Neoplasms;@DISEASE_Respiratory_Tract_Neoplasms;disease;3.0
@DISEASE_Retinal_Drusen;@DISEASE_Retinal_Drusen;disease;3.0
@DISEASE_Retinitis_Pigmentosa_2;@DISEASE_Retinitis_Pigmentosa_2;disease;3.0
@DISEASE_Rickettsia_Infections;@DISEASE_Rickettsia_Infections;disease;3.0
@DISEASE_Rubinstein_Taybi_Syndrome;@DISEASE_Rubinstein_Taybi_Syndrome;disease;3.0
@DISEASE_Rupture_Spontaneous;@DISEASE_Rupture_Spontaneous;disease;3.0
@DISEASE_Sarcoma_Experimental;@DISEASE_Sarcoma_Experimental;disease;3.0
@DISEASE_Sarcoma_Myeloid;@DISEASE_Sarcoma_Myeloid;disease;3.0
@DISEASE_Schizophrenia_Spectrum_and_Other_Psychotic_Disorders;@DISEASE_Schizophrenia_Spectrum_and_Other_Psychotic_Disorders;disease;3.0
@DISEASE_Schwartz_Lelek_syndrome;@DISEASE_Schwartz_Lelek_syndrome;disease;3.0
@DISEASE_Scurvy;@DISEASE_Scurvy;disease;3.0
@DISEASE_Seroma;@DISEASE_Seroma;disease;3.0
@DISEASE_Serositis;@DISEASE_Serositis;disease;3.0
@DISEASE_Serotonin_Syndrome;@DISEASE_Serotonin_Syndrome;disease;3.0
@DISEASE_Sertoli_Cell_Tumor;@DISEASE_Sertoli_Cell_Tumor;disease;3.0
@DISEASE_Serum_Sickness;@DISEASE_Serum_Sickness;disease;3.0
@DISEASE_Severe_Acute_Malnutrition;@DISEASE_Severe_Acute_Malnutrition;disease;3.0
@DISEASE_Severe_Dengue;@DISEASE_Severe_Dengue;disease;3.0
@DISEASE_Sex_Cord_Gonadal_Stromal_Tumors;@DISEASE_Sex_Cord_Gonadal_Stromal_Tumors;disease;3.0
@DISEASE_Sexual_Trauma;@DISEASE_Sexual_Trauma;disease;3.0
@DISEASE_Short_Stature_Idiopathic_X_Linked;@DISEASE_Short_Stature_Idiopathic_X_Linked;disease;3.0
@DISEASE_Siderosis;@DISEASE_Siderosis;disease;3.0
@DISEASE_Sigmoid_Neoplasms;@DISEASE_Sigmoid_Neoplasms;disease;3.0
@DISEASE_Single_upper_central_incisor;@DISEASE_Single_upper_central_incisor;disease;3.0
@DISEASE_Sinus_Thrombosis_Intracranial;@DISEASE_Sinus_Thrombosis_Intracranial;disease;3.0
@DISEASE_Skin_Hair_Eye_Pigmentation_Variation_In_7;@DISEASE_Skin_Hair_Eye_Pigmentation_Variation_In_7;disease;3.0
@DISEASE_Skull_Neoplasms;@DISEASE_Skull_Neoplasms;disease;3.0
@DISEASE_Slipped_Capital_Femoral_Epiphyses;@DISEASE_Slipped_Capital_Femoral_Epiphyses;disease;3.0
@DISEASE_Smith_McCort_Dysplasia;@DISEASE_Smith_McCort_Dysplasia;disease;3.0
@DISEASE_Smoldering_Multiple_Myeloma;@DISEASE_Smoldering_Multiple_Myeloma;disease;3.0
@DISEASE_Spherocytosis_Hereditary;@DISEASE_Spherocytosis_Hereditary;disease;3.0
@DISEASE_Spinal_Injuries;@DISEASE_Spinal_Injuries;disease;3.0
@DISEASE_Splenic_Infarction;@DISEASE_Splenic_Infarction;disease;3.0
@DISEASE_Streptococcal_Infections;@DISEASE_Streptococcal_Infections;disease;3.0
@DISEASE_Supratentorial_Neoplasms;@DISEASE_Supratentorial_Neoplasms;disease;3.0
@DISEASE_Surfactant_Metabolism_Dysfunction_Pulmonary_2;@DISEASE_Surfactant_Metabolism_Dysfunction_Pulmonary_2;disease;3.0
@DISEASE_Teratogenesis;@DISEASE_Teratogenesis;disease;3.0
@DISEASE_Teratoma_Ovarian;@DISEASE_Teratoma_Ovarian;disease;3.0
@DISEASE_Thiamine_Deficiency;@DISEASE_Thiamine_Deficiency;disease;3.0
@DISEASE_Thoracic_Diseases;@DISEASE_Thoracic_Diseases;disease;3.0
@DISEASE_Thoracic_Outlet_Syndrome;@DISEASE_Thoracic_Outlet_Syndrome;disease;3.0
@DISEASE_Thrombasthenia;@DISEASE_Thrombasthenia;disease;3.0
@DISEASE_Thyrotropin_Biologically_Inactive;@DISEASE_Thyrotropin_Biologically_Inactive;disease;3.0
@DISEASE_Tibial_Neuropathy;@DISEASE_Tibial_Neuropathy;disease;3.0
@DISEASE_Tics;@DISEASE_Tics;disease;3.0
@DISEASE_Tinea_Capitis;@DISEASE_Tinea_Capitis;disease;3.0
@DISEASE_Toe_Syndactyly_Telecanthus_and_Anogenital_and_Renal_Malformations;@DISEASE_Toe_Syndactyly_Telecanthus_and_Anogenital_and_Renal_Malformations;disease;3.0
@DISEASE_Toothache;@DISEASE_Toothache;disease;3.0
@DISEASE_Trichomonas_Infections;@DISEASE_Trichomonas_Infections;disease;3.0
@DISEASE_Trigger_Finger_Disorder;@DISEASE_Trigger_Finger_Disorder;disease;3.0
@DISEASE_Triosephosphate_Isomerase_Deficiency;@DISEASE_Triosephosphate_Isomerase_Deficiency;disease;3.0
@DISEASE_Urinary_Bladder_Neck_Obstruction;@DISEASE_Urinary_Bladder_Neck_Obstruction;disease;3.0
@DISEASE_Usher_syndrome_type_1C;@DISEASE_Usher_syndrome_type_1C;disease;3.0
@DISEASE_Van_der_Woude_syndrome;@DISEASE_Van_der_Woude_syndrome;disease;3.0
@DISEASE_Varicella_Zoster_Virus_Infection;@DISEASE_Varicella_Zoster_Virus_Infection;disease;3.0
@DISEASE_Vestibulocochlear_Nerve_Diseases;@DISEASE_Vestibulocochlear_Nerve_Diseases;disease;3.0
@DISEASE_Vipoma;@DISEASE_Vipoma;disease;3.0
@DISEASE_Vitamin_B_6_Deficiency;@DISEASE_Vitamin_B_6_Deficiency;disease;3.0
@DISEASE_Vitamin_D_Dependent_Rickets_Type_2A;@DISEASE_Vitamin_D_Dependent_Rickets_Type_2A;disease;3.0
@DISEASE_Vitamin_D_Hydroxylation_Deficient_Rickets_Type_1B;@DISEASE_Vitamin_D_Hydroxylation_Deficient_Rickets_Type_1B;disease;3.0
@DISEASE_Vitamin_K_Deficiency;@DISEASE_Vitamin_K_Deficiency;disease;3.0
@DISEASE_Vulvar_Neoplasms;@DISEASE_Vulvar_Neoplasms;disease;3.0
@DISEASE_Vulvodynia;@DISEASE_Vulvodynia;disease;3.0
@DISEASE_WHIM_syndrome;@DISEASE_WHIM_syndrome;disease;3.0
@DISEASE_Yersinia_pseudotuberculosis_Infections;@DISEASE_Yersinia_pseudotuberculosis_Infections;disease;3.0
@DISEASE_alpha_Mannosidosis;@DISEASE_alpha_Mannosidosis;disease;3.0
@DISEASE_deficiency_of_adenosine_deaminase_2;@DISEASE_deficiency_of_adenosine_deaminase_2;disease;3.0
@DISEASE_dermatophilosis;@DISEASE_dermatophilosis;disease;3.0
@DISEASE_protothecosis;@DISEASE_protothecosis;disease;3.0
@DISEASE_vitreous_floaters;@DISEASE_vitreous_floaters;disease;3.0
@DISEASE_von_Willebrand_Disease_Type_2;@DISEASE_von_Willebrand_Disease_Type_2;disease;3.0
@DISEASE_102530;@DISEASE_102530;disease;2.0
@DISEASE_105550;@DISEASE_105550;disease;2.0
@DISEASE_142700;@DISEASE_142700;disease;2.0
@DISEASE_145250;@DISEASE_145250;disease;2.0
@DISEASE_157300;@DISEASE_157300;disease;2.0
@DISEASE_157600;@DISEASE_157600;disease;2.0
@DISEASE_186500;@DISEASE_186500;disease;2.0
@DISEASE_204690;@DISEASE_204690;disease;2.0
@DISEASE_217000;@DISEASE_217000;disease;2.0
@DISEASE_307030;@DISEASE_307030;disease;2.0
@DISEASE_5_oxoprolinase_deficiency;@DISEASE_5_oxoprolinase_deficiency;disease;2.0
@DISEASE_606657;@DISEASE_606657;disease;2.0
@DISEASE_607836;@DISEASE_607836;disease;2.0
@DISEASE_610141;@DISEASE_610141;disease;2.0
@DISEASE_613563;@DISEASE_613563;disease;2.0
@DISEASE_613630;@DISEASE_613630;disease;2.0
@DISEASE_613700;@DISEASE_613700;disease;2.0
@DISEASE_614115;@DISEASE_614115;disease;2.0
@DISEASE_614149;@DISEASE_614149;disease;2.0
@DISEASE_614202;@DISEASE_614202;disease;2.0
@DISEASE_614298;@DISEASE_614298;disease;2.0
@DISEASE_614495;@DISEASE_614495;disease;2.0
@DISEASE_614564;@DISEASE_614564;disease;2.0
@DISEASE_614674;@DISEASE_614674;disease;2.0
@DISEASE_615828;@DISEASE_615828;disease;2.0
@DISEASE_615877;@DISEASE_615877;disease;2.0
@DISEASE_616007;@DISEASE_616007;disease;2.0
@DISEASE_616688;@DISEASE_616688;disease;2.0
@DISEASE_617025;@DISEASE_617025;disease;2.0
@DISEASE_617062;@DISEASE_617062;disease;2.0
@DISEASE_617214;@DISEASE_617214;disease;2.0
@DISEASE_ACTH_Deficiency_Isolated;@DISEASE_ACTH_Deficiency_Isolated;disease;2.0
@DISEASE_Abdominal_Abscess;@DISEASE_Abdominal_Abscess;disease;2.0
@DISEASE_Abdominal_Neoplasms;@DISEASE_Abdominal_Neoplasms;disease;2.0
@DISEASE_Abetalipoproteinemia;@DISEASE_Abetalipoproteinemia;disease;2.0
@DISEASE_Abortion_Missed;@DISEASE_Abortion_Missed;disease;2.0
@DISEASE_Abortion_Threatened;@DISEASE_Abortion_Threatened;disease;2.0
@DISEASE_Absence_of_Tibia;@DISEASE_Absence_of_Tibia;disease;2.0
@DISEASE_Abuse_dwarfism_syndrome;@DISEASE_Abuse_dwarfism_syndrome;disease;2.0
@DISEASE_Achard_Thiers_syndrome;@DISEASE_Achard_Thiers_syndrome;disease;2.0
@DISEASE_Achlorhydria;@DISEASE_Achlorhydria;disease;2.0
@DISEASE_Achondroplasia;@DISEASE_Achondroplasia;disease;2.0
@DISEASE_Acrofacial_dysostosis_Nager_type;@DISEASE_Acrofacial_dysostosis_Nager_type;disease;2.0
@DISEASE_Adenocarcinoma_Of_Esophagus;@DISEASE_Adenocarcinoma_Of_Esophagus;disease;2.0
@DISEASE_Adenocarcinoma_in_Situ;@DISEASE_Adenocarcinoma_in_Situ;disease;2.0
@DISEASE_Adenoma_Bile_Duct;@DISEASE_Adenoma_Bile_Duct;disease;2.0
@DISEASE_Adenomatoid_Tumor;@DISEASE_Adenomatoid_Tumor;disease;2.0
@DISEASE_Adrenal_hyperplasia_congenital_type_5;@DISEASE_Adrenal_hyperplasia_congenital_type_5;disease;2.0
@DISEASE_African_Swine_Fever;@DISEASE_African_Swine_Fever;disease;2.0
@DISEASE_Agnathia_microstomia_synotia;@DISEASE_Agnathia_microstomia_synotia;disease;2.0
@DISEASE_Airway_Remodeling;@DISEASE_Airway_Remodeling;disease;2.0
@DISEASE_Alacrima;@DISEASE_Alacrima;disease;2.0
@DISEASE_Alagille_Syndrome;@DISEASE_Alagille_Syndrome;disease;2.0
@DISEASE_Albinism_Ocular;@DISEASE_Albinism_Ocular;disease;2.0
@DISEASE_Albinism_with_hemorrhagic_diathesis_and_pigmented_reticuloendothelial_cells;@DISEASE_Albinism_with_hemorrhagic_diathesis_and_pigmented_reticuloendothelial_cells;disease;2.0
@DISEASE_Alcohol_Induced_Disorders_Nervous_System;@DISEASE_Alcohol_Induced_Disorders_Nervous_System;disease;2.0
@DISEASE_Alkalosis_Respiratory;@DISEASE_Alkalosis_Respiratory;disease;2.0
@DISEASE_Alopecia_Areata_1;@DISEASE_Alopecia_Areata_1;disease;2.0
@DISEASE_Alzheimer_disease_type_1;@DISEASE_Alzheimer_disease_type_1;disease;2.0
@DISEASE_Amebiasis;@DISEASE_Amebiasis;disease;2.0
@DISEASE_Amelogenesis_Imperfecta;@DISEASE_Amelogenesis_Imperfecta;disease;2.0
@DISEASE_Amyloid_Neuropathies;@DISEASE_Amyloid_Neuropathies;disease;2.0
@DISEASE_Amyloidosis_Familial;@DISEASE_Amyloidosis_Familial;disease;2.0
@DISEASE_Amyloidosis_familial_visceral;@DISEASE_Amyloidosis_familial_visceral;disease;2.0
@DISEASE_Anaplasia;@DISEASE_Anaplasia;disease;2.0
@DISEASE_Anaplasmosis;@DISEASE_Anaplasmosis;disease;2.0
@DISEASE_Anemia_Hemolytic_Congenital;@DISEASE_Anemia_Hemolytic_Congenital;disease;2.0
@DISEASE_Anemia_Megaloblastic;@DISEASE_Anemia_Megaloblastic;disease;2.0
@DISEASE_Anemia_Myelophthisic;@DISEASE_Anemia_Myelophthisic;disease;2.0
@DISEASE_Angelman_Syndrome;@DISEASE_Angelman_Syndrome;disease;2.0
@DISEASE_Anomalous_Left_Coronary_Artery;@DISEASE_Anomalous_Left_Coronary_Artery;disease;2.0
@DISEASE_Anonychia_onychodystrophy_with_hypoplasia_or_absence_of_distal_phalanges;@DISEASE_Anonychia_onychodystrophy_with_hypoplasia_or_absence_of_distal_phalanges;disease;2.0
@DISEASE_Aphasia_Wernicke;@DISEASE_Aphasia_Wernicke;disease;2.0
@DISEASE_Argyria;@DISEASE_Argyria;disease;2.0
@DISEASE_Ascending_aortic_aneurysm_hypertelorism_bifid_uvula_cleft_palate_and_arterial_tortuosity;@DISEASE_Ascending_aortic_aneurysm_hypertelorism_bifid_uvula_cleft_palate_and_arterial_tortuosity;disease;2.0
@DISEASE_Atlanto_Axial_Fusion;@DISEASE_Atlanto_Axial_Fusion;disease;2.0
@DISEASE_Atrial_Standstill;@DISEASE_Atrial_Standstill;disease;2.0
@DISEASE_Auditory_Neuropathy_Autosomal_Dominant_1;@DISEASE_Auditory_Neuropathy_Autosomal_Dominant_1;disease;2.0
@DISEASE_Axenfeld_Rieger_syndrome;@DISEASE_Axenfeld_Rieger_syndrome;disease;2.0
@DISEASE_Bacteriuria;@DISEASE_Bacteriuria;disease;2.0
@DISEASE_Bankart_Lesions;@DISEASE_Bankart_Lesions;disease;2.0
@DISEASE_Barakat_syndrome;@DISEASE_Barakat_syndrome;disease;2.0
@DISEASE_Bartter_syndrome_type_3;@DISEASE_Bartter_syndrome_type_3;disease;2.0
@DISEASE_Beta_Hydroxyisobutyryl_CoA_Deacylase_Deficiency;@DISEASE_Beta_Hydroxyisobutyryl_CoA_Deacylase_Deficiency;disease;2.0
@DISEASE_Bile_Acid_Malabsorption_Primary;@DISEASE_Bile_Acid_Malabsorption_Primary;disease;2.0
@DISEASE_Bile_acid_synthesis_defect_congenital_1;@DISEASE_Bile_acid_synthesis_defect_congenital_1;disease;2.0
@DISEASE_Birk_Barel_Mental_Retardation_Dysmorphism_Syndrome;@DISEASE_Birk_Barel_Mental_Retardation_Dysmorphism_Syndrome;disease;2.0
@DISEASE_Bites_and_Stings;@DISEASE_Bites_and_Stings;disease;2.0
@DISEASE_Blood_Coagulation_Disorders_Inherited;@DISEASE_Blood_Coagulation_Disorders_Inherited;disease;2.0
@DISEASE_Body_Integrity_Identity_Disorder;@DISEASE_Body_Integrity_Identity_Disorder;disease;2.0
@DISEASE_Bone_Demineralization_Pathologic;@DISEASE_Bone_Demineralization_Pathologic;disease;2.0
@DISEASE_Bowen's_Disease;@DISEASE_Bowen's_Disease;disease;2.0
@DISEASE_Brachydactyly_Type_B1;@DISEASE_Brachydactyly_Type_B1;disease;2.0
@DISEASE_Brain_Abscess;@DISEASE_Brain_Abscess;disease;2.0
@DISEASE_Branchioma;@DISEASE_Branchioma;disease;2.0
@DISEASE_Breast_Neoplasms_Male;@DISEASE_Breast_Neoplasms_Male;disease;2.0
@DISEASE_Bruxism;@DISEASE_Bruxism;disease;2.0
@DISEASE_Bulimia_Nervosa;@DISEASE_Bulimia_Nervosa;disease;2.0
@DISEASE_Burning_mouth_syndrome__Type_3;@DISEASE_Burning_mouth_syndrome__Type_3;disease;2.0
@DISEASE_CATSHL_syndrome;@DISEASE_CATSHL_syndrome;disease;2.0
@DISEASE_CDKL5_deficiency_disorder;@DISEASE_CDKL5_deficiency_disorder;disease;2.0
@DISEASE_Calcifying_Epithelial_Odontogenic_Tumor;@DISEASE_Calcifying_Epithelial_Odontogenic_Tumor;disease;2.0
@DISEASE_Callosities;@DISEASE_Callosities;disease;2.0
@DISEASE_Calloso_genital_dysplasia;@DISEASE_Calloso_genital_dysplasia;disease;2.0
@DISEASE_Campomelic_Dysplasia;@DISEASE_Campomelic_Dysplasia;disease;2.0
@DISEASE_Cardiomyopathy_Alcoholic;@DISEASE_Cardiomyopathy_Alcoholic;disease;2.0
@DISEASE_Cardiomyopathy_Hypertrophic_Familial;@DISEASE_Cardiomyopathy_Hypertrophic_Familial;disease;2.0
@DISEASE_Carney_Complex;@DISEASE_Carney_Complex;disease;2.0
@DISEASE_Carotid_Intimal_Medial_Thickness_1;@DISEASE_Carotid_Intimal_Medial_Thickness_1;disease;2.0
@DISEASE_Cataract_zonular;@DISEASE_Cataract_zonular;disease;2.0
@DISEASE_Cecal_Neoplasms;@DISEASE_Cecal_Neoplasms;disease;2.0
@DISEASE_Central_Nervous_System_Venous_Angioma;@DISEASE_Central_Nervous_System_Venous_Angioma;disease;2.0
@DISEASE_Cerebral_Ventriculitis;@DISEASE_Cerebral_Ventriculitis;disease;2.0
@DISEASE_Cerebrocostomandibular_Syndrome;@DISEASE_Cerebrocostomandibular_Syndrome;disease;2.0
@DISEASE_Chlamydial_Pneumonia;@DISEASE_Chlamydial_Pneumonia;disease;2.0
@DISEASE_Chondrodysplasia_Punctata;@DISEASE_Chondrodysplasia_Punctata;disease;2.0
@DISEASE_Chorioamnionitis;@DISEASE_Chorioamnionitis;disease;2.0
@DISEASE_Chromosome_Disorders;@DISEASE_Chromosome_Disorders;disease;2.0
@DISEASE_Chronic_Limb_Threatening_Ischemia;@DISEASE_Chronic_Limb_Threatening_Ischemia;disease;2.0
@DISEASE_Chylomicron_retention_disease;@DISEASE_Chylomicron_retention_disease;disease;2.0
@DISEASE_Chylous_Ascites;@DISEASE_Chylous_Ascites;disease;2.0
@DISEASE_Citrulline_transport_defect;@DISEASE_Citrulline_transport_defect;disease;2.0
@DISEASE_Cleft_Lip_Congenital_Healed;@DISEASE_Cleft_Lip_Congenital_Healed;disease;2.0
@DISEASE_Coffin_Lowry_Syndrome;@DISEASE_Coffin_Lowry_Syndrome;disease;2.0
@DISEASE_Cohen_syndrome;@DISEASE_Cohen_syndrome;disease;2.0
@DISEASE_Colitis_Microscopic;@DISEASE_Colitis_Microscopic;disease;2.0
@DISEASE_Combined_Pituitary_Hormone_Deficiency;@DISEASE_Combined_Pituitary_Hormone_Deficiency;disease;2.0
@DISEASE_Combined_Saposin_Deficiency;@DISEASE_Combined_Saposin_Deficiency;disease;2.0
@DISEASE_Complement_Component_7_Deficiency;@DISEASE_Complement_Component_7_Deficiency;disease;2.0
@DISEASE_Complement_Component_C1s_Deficiency;@DISEASE_Complement_Component_C1s_Deficiency;disease;2.0
@DISEASE_Congenital_Disorder_Of_Glycosylation_Type_I_IIX;@DISEASE_Congenital_Disorder_Of_Glycosylation_Type_I_IIX;disease;2.0
@DISEASE_Congenital_disorder_of_glycosylation_type_1L;@DISEASE_Congenital_disorder_of_glycosylation_type_1L;disease;2.0
@DISEASE_Corneal_Dystrophies_Hereditary;@DISEASE_Corneal_Dystrophies_Hereditary;disease;2.0
@DISEASE_Corneal_Dystrophy_Crystalline_of_Schnyder;@DISEASE_Corneal_Dystrophy_Crystalline_of_Schnyder;disease;2.0
@DISEASE_Corpus_callosum_agenesis_neuronopathy;@DISEASE_Corpus_callosum_agenesis_neuronopathy;disease;2.0
@DISEASE_Craniodiaphyseal_Dysplasia;@DISEASE_Craniodiaphyseal_Dysplasia;disease;2.0
@DISEASE_Cranioectodermal_Dysplasia;@DISEASE_Cranioectodermal_Dysplasia;disease;2.0
@DISEASE_Craniomandibular_Disorders;@DISEASE_Craniomandibular_Disorders;disease;2.0
@DISEASE_Craniosynostosis_with_Anomalies_of_the_Cranial_Base_and_Digits;@DISEASE_Craniosynostosis_with_Anomalies_of_the_Cranial_Base_and_Digits;disease;2.0
@DISEASE_Crush_Injuries;@DISEASE_Crush_Injuries;disease;2.0
@DISEASE_Cutaneous_anthrax;@DISEASE_Cutaneous_anthrax;disease;2.0
@DISEASE_Darier_Disease;@DISEASE_Darier_Disease;disease;2.0
@DISEASE_Deafness_oligodontia_syndrome;@DISEASE_Deafness_oligodontia_syndrome;disease;2.0
@DISEASE_Dentigerous_Cyst;@DISEASE_Dentigerous_Cyst;disease;2.0
@DISEASE_Diabetes_Insipidus;@DISEASE_Diabetes_Insipidus;disease;2.0
@DISEASE_Diabetes_Mellitus_Congenital_Autoimmune;@DISEASE_Diabetes_Mellitus_Congenital_Autoimmune;disease;2.0
@DISEASE_Diabetes_Mellitus_Experimental;@DISEASE_Diabetes_Mellitus_Experimental;disease;2.0
@DISEASE_Disease_Models_Animal;@DISEASE_Disease_Models_Animal;disease;2.0
@DISEASE_Dissection_Blood_Vessel;@DISEASE_Dissection_Blood_Vessel;disease;2.0
@DISEASE_Distal_Hereditary_Motor_Neuropathy_Type_II;@DISEASE_Distal_Hereditary_Motor_Neuropathy_Type_II;disease;2.0
@DISEASE_Distal_Myopathies;@DISEASE_Distal_Myopathies;disease;2.0
@DISEASE_Diverticulosis_Colonic;@DISEASE_Diverticulosis_Colonic;disease;2.0
@DISEASE_Dropped_Head_Syndrome;@DISEASE_Dropped_Head_Syndrome;disease;2.0
@DISEASE_Dwarfism;@DISEASE_Dwarfism;disease;2.0
@DISEASE_Dwarfism_stiff_joint_ocular_abnormalities;@DISEASE_Dwarfism_stiff_joint_ocular_abnormalities;disease;2.0
@DISEASE_Dyschromatosis_universalis_hereditaria;@DISEASE_Dyschromatosis_universalis_hereditaria;disease;2.0
@DISEASE_Dyslexia;@DISEASE_Dyslexia;disease;2.0
@DISEASE_Dystonia_18;@DISEASE_Dystonia_18;disease;2.0
@DISEASE_Ectodermal_Dysplasia_Anhidrotic_with_Immunodeficiency_Osteopetrosis_and_Lymphedema;@DISEASE_Ectodermal_Dysplasia_Anhidrotic_with_Immunodeficiency_Osteopetrosis_and_Lymphedema;disease;2.0
@DISEASE_Ectrodactyly_cardiopathy_dysmorphism;@DISEASE_Ectrodactyly_cardiopathy_dysmorphism;disease;2.0
@DISEASE_Ehlers_Danlos_Syndrome_Type_IV;@DISEASE_Ehlers_Danlos_Syndrome_Type_IV;disease;2.0
@DISEASE_Eisenmenger_Complex;@DISEASE_Eisenmenger_Complex;disease;2.0
@DISEASE_Emphysematous_Cholecystitis;@DISEASE_Emphysematous_Cholecystitis;disease;2.0
@DISEASE_Encephalitis_Varicella_Zoster;@DISEASE_Encephalitis_Varicella_Zoster;disease;2.0
@DISEASE_Encephalomyelitis;@DISEASE_Encephalomyelitis;disease;2.0
@DISEASE_Encephalopathy_Spastic_Tetraparesis_and_Hypogonadism;@DISEASE_Encephalopathy_Spastic_Tetraparesis_and_Hypogonadism;disease;2.0
@DISEASE_Endocrine_Gland_Neoplasms;@DISEASE_Endocrine_Gland_Neoplasms;disease;2.0
@DISEASE_Endotoxin_Hyporesponsiveness;@DISEASE_Endotoxin_Hyporesponsiveness;disease;2.0
@DISEASE_Endplate_Acetylcholinesterase_Deficiency;@DISEASE_Endplate_Acetylcholinesterase_Deficiency;disease;2.0
@DISEASE_Enuresis;@DISEASE_Enuresis;disease;2.0
@DISEASE_Environmental_Illness;@DISEASE_Environmental_Illness;disease;2.0
@DISEASE_Eosinophilic_synovitis;@DISEASE_Eosinophilic_synovitis;disease;2.0
@DISEASE_Epidermodysplasia_Verruciformis;@DISEASE_Epidermodysplasia_Verruciformis;disease;2.0
@DISEASE_Epidermolysis_bullosa_with_pyloric_atresia;@DISEASE_Epidermolysis_bullosa_with_pyloric_atresia;disease;2.0
@DISEASE_Epidural_Abscess;@DISEASE_Epidural_Abscess;disease;2.0
@DISEASE_Epilepsy_Familial_Adult_Myoclonic_3;@DISEASE_Epilepsy_Familial_Adult_Myoclonic_3;disease;2.0
@DISEASE_Epilepsy_Familial_Mesial_Temporal_Lobe;@DISEASE_Epilepsy_Familial_Mesial_Temporal_Lobe;disease;2.0
@DISEASE_Epilepsy_Reflex;@DISEASE_Epilepsy_Reflex;disease;2.0
@DISEASE_Epiphyseal_dysplasia_multiple_1;@DISEASE_Epiphyseal_dysplasia_multiple_1;disease;2.0
@DISEASE_Epithelial_Recurrent_Erosion_Dystrophy;@DISEASE_Epithelial_Recurrent_Erosion_Dystrophy;disease;2.0
@DISEASE_Erysipelas;@DISEASE_Erysipelas;disease;2.0
@DISEASE_Erythromelalgia;@DISEASE_Erythromelalgia;disease;2.0
@DISEASE_Esophageal_Diseases;@DISEASE_Esophageal_Diseases;disease;2.0
@DISEASE_Esophageal_Motility_Disorders;@DISEASE_Esophageal_Motility_Disorders;disease;2.0
@DISEASE_Exostoses_Multiple_Hereditary;@DISEASE_Exostoses_Multiple_Hereditary;disease;2.0
@DISEASE_Expansile_Bone_Lesions;@DISEASE_Expansile_Bone_Lesions;disease;2.0
@DISEASE_Facial_Dermatoses;@DISEASE_Facial_Dermatoses;disease;2.0
@DISEASE_Facial_Hemiatrophy;@DISEASE_Facial_Hemiatrophy;disease;2.0
@DISEASE_Facial_Nerve_Injuries;@DISEASE_Facial_Nerve_Injuries;disease;2.0
@DISEASE_Facies;@DISEASE_Facies;disease;2.0
@DISEASE_Factor_V_Deficiency;@DISEASE_Factor_V_Deficiency;disease;2.0
@DISEASE_Familial_Paget's_disease_of_bone;@DISEASE_Familial_Paget's_disease_of_bone;disease;2.0
@DISEASE_Familial_antiphospholipid_syndrome;@DISEASE_Familial_antiphospholipid_syndrome;disease;2.0
@DISEASE_Familial_dermographism;@DISEASE_Familial_dermographism;disease;2.0
@DISEASE_Fecal_Impaction;@DISEASE_Fecal_Impaction;disease;2.0
@DISEASE_Felty_Syndrome;@DISEASE_Felty_Syndrome;disease;2.0
@DISEASE_Fetal_Nutrition_Disorders;@DISEASE_Fetal_Nutrition_Disorders;disease;2.0
@DISEASE_Fibromatosis_Abdominal;@DISEASE_Fibromatosis_Abdominal;disease;2.0
@DISEASE_Fibromuscular_Dysplasia;@DISEASE_Fibromuscular_Dysplasia;disease;2.0
@DISEASE_Fibular_hypoplasia_and_complex_brachydactyly;@DISEASE_Fibular_hypoplasia_and_complex_brachydactyly;disease;2.0
@DISEASE_Fissure_in_Ano;@DISEASE_Fissure_in_Ano;disease;2.0
@DISEASE_Fitz_Hugh_Curtis_syndrome;@DISEASE_Fitz_Hugh_Curtis_syndrome;disease;2.0
@DISEASE_Floating_harbor_syndrome;@DISEASE_Floating_harbor_syndrome;disease;2.0
@DISEASE_Forebrain_Defects;@DISEASE_Forebrain_Defects;disease;2.0
@DISEASE_Fungemia;@DISEASE_Fungemia;disease;2.0
@DISEASE_GSD_IV_Neuromuscular_Form_Fatal_Perinatal;@DISEASE_GSD_IV_Neuromuscular_Form_Fatal_Perinatal;disease;2.0
@DISEASE_Ganglioglioma;@DISEASE_Ganglioglioma;disease;2.0
@DISEASE_Gas_bloat_syndrome;@DISEASE_Gas_bloat_syndrome;disease;2.0
@DISEASE_Gastric_Antral_Vascular_Ectasia;@DISEASE_Gastric_Antral_Vascular_Ectasia;disease;2.0
@DISEASE_Gastritis_Hypertrophic;@DISEASE_Gastritis_Hypertrophic;disease;2.0
@DISEASE_Generalized_Epilepsy_With_Febrile_Seizures_Plus_Type_1;@DISEASE_Generalized_Epilepsy_With_Febrile_Seizures_Plus_Type_1;disease;2.0
@DISEASE_Genomic_Instability;@DISEASE_Genomic_Instability;disease;2.0
@DISEASE_Giant_Cell_Tumor_of_Tendon_Sheath;@DISEASE_Giant_Cell_Tumor_of_Tendon_Sheath;disease;2.0
@DISEASE_Gilbert_Disease;@DISEASE_Gilbert_Disease;disease;2.0
@DISEASE_Glutamine_deficiency_congenital;@DISEASE_Glutamine_deficiency_congenital;disease;2.0
@DISEASE_Goldstein_Hutt_syndrome;@DISEASE_Goldstein_Hutt_syndrome;disease;2.0
@DISEASE_Granulomatosis_Orofacial;@DISEASE_Granulomatosis_Orofacial;disease;2.0
@DISEASE_Grover's_disease;@DISEASE_Grover's_disease;disease;2.0
@DISEASE_Growth_Retardation_Developmental_Delay_Coarse_Facies_And_Early_Death;@DISEASE_Growth_Retardation_Developmental_Delay_Coarse_Facies_And_Early_Death;disease;2.0
@DISEASE_Guanidinoacetate_methyltransferase_deficiency;@DISEASE_Guanidinoacetate_methyltransferase_deficiency;disease;2.0
@DISEASE_HHH_syndrome;@DISEASE_HHH_syndrome;disease;2.0
@DISEASE_Hairy_palms_and_soles;@DISEASE_Hairy_palms_and_soles;disease;2.0
@DISEASE_Hand_Dermatoses;@DISEASE_Hand_Dermatoses;disease;2.0
@DISEASE_Hay_Wells_syndrome;@DISEASE_Hay_Wells_syndrome;disease;2.0
@DISEASE_Healthcare_Associated_Pneumonia;@DISEASE_Healthcare_Associated_Pneumonia;disease;2.0
@DISEASE_Hearing_Loss_Conductive;@DISEASE_Hearing_Loss_Conductive;disease;2.0
@DISEASE_Hearing_Loss_Unilateral;@DISEASE_Hearing_Loss_Unilateral;disease;2.0
@DISEASE_Heart_Aneurysm;@DISEASE_Heart_Aneurysm;disease;2.0
@DISEASE_Heart_Septal_Defects;@DISEASE_Heart_Septal_Defects;disease;2.0
@DISEASE_Heavy_Metal_Poisoning;@DISEASE_Heavy_Metal_Poisoning;disease;2.0
@DISEASE_Hemangioendothelioma;@DISEASE_Hemangioendothelioma;disease;2.0
@DISEASE_Hematoma_Subdural_Spinal;@DISEASE_Hematoma_Subdural_Spinal;disease;2.0
@DISEASE_Hemochromatosis_type_4;@DISEASE_Hemochromatosis_type_4;disease;2.0
@DISEASE_Hemorrhagic_Fevers_Viral;@DISEASE_Hemorrhagic_Fevers_Viral;disease;2.0
@DISEASE_Hemosiderosis;@DISEASE_Hemosiderosis;disease;2.0
@DISEASE_Hepatitis_A;@DISEASE_Hepatitis_A;disease;2.0
@DISEASE_Hereditary_Angioedema_Types_I_and_II;@DISEASE_Hereditary_Angioedema_Types_I_and_II;disease;2.0
@DISEASE_Hereditary_Diffuse_Leukoencephalopathy_with_Spheroids;@DISEASE_Hereditary_Diffuse_Leukoencephalopathy_with_Spheroids;disease;2.0
@DISEASE_Hermansky_Pudlak_syndrome_2;@DISEASE_Hermansky_Pudlak_syndrome_2;disease;2.0
@DISEASE_Hernia_Umbilical;@DISEASE_Hernia_Umbilical;disease;2.0
@DISEASE_Herpes_Zoster_Ophthalmicus;@DISEASE_Herpes_Zoster_Ophthalmicus;disease;2.0
@DISEASE_Hirschsprung_Disease;@DISEASE_Hirschsprung_Disease;disease;2.0
@DISEASE_Histiocytic_Necrotizing_Lymphadenitis;@DISEASE_Histiocytic_Necrotizing_Lymphadenitis;disease;2.0
@DISEASE_Histiocytoma_Benign_Fibrous;@DISEASE_Histiocytoma_Benign_Fibrous;disease;2.0
@DISEASE_Histiocytosis_Non_Langerhans_Cell;@DISEASE_Histiocytosis_Non_Langerhans_Cell;disease;2.0
@DISEASE_Hoarseness;@DISEASE_Hoarseness;disease;2.0
@DISEASE_Holt_Oram_syndrome;@DISEASE_Holt_Oram_syndrome;disease;2.0
@DISEASE_Horse_Diseases;@DISEASE_Horse_Diseases;disease;2.0
@DISEASE_Humeral_Fractures;@DISEASE_Humeral_Fractures;disease;2.0
@DISEASE_Hyaline_Fibromatosis_Syndrome;@DISEASE_Hyaline_Fibromatosis_Syndrome;disease;2.0
@DISEASE_Hydrocephalus_Normal_Pressure;@DISEASE_Hydrocephalus_Normal_Pressure;disease;2.0
@DISEASE_Hydroxykynureninuria;@DISEASE_Hydroxykynureninuria;disease;2.0
@DISEASE_Hymenolepiasis;@DISEASE_Hymenolepiasis;disease;2.0
@DISEASE_Hypercalcemia_Infantile;@DISEASE_Hypercalcemia_Infantile;disease;2.0
@DISEASE_Hypercapnia;@DISEASE_Hypercapnia;disease;2.0
@DISEASE_Hyperesthesia;@DISEASE_Hyperesthesia;disease;2.0
@DISEASE_Hyperlipoproteinemias;@DISEASE_Hyperlipoproteinemias;disease;2.0
@DISEASE_Hypermanganesemia_with_Dystonia_Polycythemia_and_Cirrhosis;@DISEASE_Hypermanganesemia_with_Dystonia_Polycythemia_and_Cirrhosis;disease;2.0
@DISEASE_Hyperparathyroidism_1;@DISEASE_Hyperparathyroidism_1;disease;2.0
@DISEASE_Hypersplenism;@DISEASE_Hypersplenism;disease;2.0
@DISEASE_Hypertension_Malignant;@DISEASE_Hypertension_Malignant;disease;2.0
@DISEASE_Hypertrichosis_anterior_cervical;@DISEASE_Hypertrichosis_anterior_cervical;disease;2.0
@DISEASE_Hyphema;@DISEASE_Hyphema;disease;2.0
@DISEASE_Hypokalemia_Familial;@DISEASE_Hypokalemia_Familial;disease;2.0
@DISEASE_Hypoparathyroidism_familial_isolated;@DISEASE_Hypoparathyroidism_familial_isolated;disease;2.0
@DISEASE_Hypoproteinemia_Hypercatabolic;@DISEASE_Hypoproteinemia_Hypercatabolic;disease;2.0
@DISEASE_Hypotrichosis_And_Recurrent_Skin_Vesicles;@DISEASE_Hypotrichosis_And_Recurrent_Skin_Vesicles;disease;2.0
@DISEASE_Hypoventilation;@DISEASE_Hypoventilation;disease;2.0
@DISEASE_Ichthyosis_cheek_eyebrow_syndrome;@DISEASE_Ichthyosis_cheek_eyebrow_syndrome;disease;2.0
@DISEASE_Idiopathic_Hypogonadotropic_Hypogonadism;@DISEASE_Idiopathic_Hypogonadotropic_Hypogonadism;disease;2.0
@DISEASE_Ige_Responsiveness_Atopic;@DISEASE_Ige_Responsiveness_Atopic;disease;2.0
@DISEASE_Immune_Complex_Diseases;@DISEASE_Immune_Complex_Diseases;disease;2.0
@DISEASE_Impotence_Vasculogenic;@DISEASE_Impotence_Vasculogenic;disease;2.0
@DISEASE_Inclusion_Body_Myopathy_With_Early_Onset_Paget_Disease_And_Frontotemporal_Dementia;@DISEASE_Inclusion_Body_Myopathy_With_Early_Onset_Paget_Disease_And_Frontotemporal_Dementia;disease;2.0
@DISEASE_Infantile_Epileptic_Dyskinetic_Encephalopathy;@DISEASE_Infantile_Epileptic_Dyskinetic_Encephalopathy;disease;2.0
@DISEASE_Infarction_Anterior_Cerebral_Artery;@DISEASE_Infarction_Anterior_Cerebral_Artery;disease;2.0
@DISEASE_Infection_with_Mycobacterium_marinum;@DISEASE_Infection_with_Mycobacterium_marinum;disease;2.0
@DISEASE_Inflammatory_Bowel_Disease_3;@DISEASE_Inflammatory_Bowel_Disease_3;disease;2.0
@DISEASE_Infratentorial_Neoplasms;@DISEASE_Infratentorial_Neoplasms;disease;2.0
@DISEASE_Insomnia_Fatal_Familial;@DISEASE_Insomnia_Fatal_Familial;disease;2.0
@DISEASE_Interferon_gamma_receptor_1_deficiency;@DISEASE_Interferon_gamma_receptor_1_deficiency;disease;2.0
@DISEASE_Intestinal_Fistula;@DISEASE_Intestinal_Fistula;disease;2.0
@DISEASE_Invasive_Pneumococcal_Disease_Recurrent_Isolated_2;@DISEASE_Invasive_Pneumococcal_Disease_Recurrent_Isolated_2;disease;2.0
@DISEASE_Iridocyclitis;@DISEASE_Iridocyclitis;disease;2.0
@DISEASE_Iridogoniodysgenesis_and_skeletal_anomalies;@DISEASE_Iridogoniodysgenesis_and_skeletal_anomalies;disease;2.0
@DISEASE_Isolated_Growth_Hormone_Deficiency_Type_II;@DISEASE_Isolated_Growth_Hormone_Deficiency_Type_II;disease;2.0
@DISEASE_Jackson_Weiss_syndrome;@DISEASE_Jackson_Weiss_syndrome;disease;2.0
@DISEASE_Jaundice_Neonatal;@DISEASE_Jaundice_Neonatal;disease;2.0
@DISEASE_Jaw_Cysts;@DISEASE_Jaw_Cysts;disease;2.0
@DISEASE_Jaw_Fractures;@DISEASE_Jaw_Fractures;disease;2.0
@DISEASE_Jaw_Neoplasms;@DISEASE_Jaw_Neoplasms;disease;2.0
@DISEASE_Jet_Lag_Syndrome;@DISEASE_Jet_Lag_Syndrome;disease;2.0
@DISEASE_Jeune_syndrome;@DISEASE_Jeune_syndrome;disease;2.0
@DISEASE_Kaposi_Varicelliform_Eruption;@DISEASE_Kaposi_Varicelliform_Eruption;disease;2.0
@DISEASE_Kartagener_Syndrome;@DISEASE_Kartagener_Syndrome;disease;2.0
@DISEASE_Kaufman_oculocerebrofacial_syndrome;@DISEASE_Kaufman_oculocerebrofacial_syndrome;disease;2.0
@DISEASE_Kearns_Sayre_Syndrome;@DISEASE_Kearns_Sayre_Syndrome;disease;2.0
@DISEASE_Keratoacanthoma;@DISEASE_Keratoacanthoma;disease;2.0
@DISEASE_Keratoconjunctivitis_Sicca;@DISEASE_Keratoconjunctivitis_Sicca;disease;2.0
@DISEASE_King_Denborough_syndrome;@DISEASE_King_Denborough_syndrome;disease;2.0
@DISEASE_Klippel_Trenaunay_Weber_Syndrome;@DISEASE_Klippel_Trenaunay_Weber_Syndrome;disease;2.0
@DISEASE_Kounis_Syndrome;@DISEASE_Kounis_Syndrome;disease;2.0
@DISEASE_Lactase_Deficiency_Congenital;@DISEASE_Lactase_Deficiency_Congenital;disease;2.0
@DISEASE_Laminopathies;@DISEASE_Laminopathies;disease;2.0
@DISEASE_Laryngeal_Adductor_Paralysis;@DISEASE_Laryngeal_Adductor_Paralysis;disease;2.0
@DISEASE_Laryngeal_cleft;@DISEASE_Laryngeal_cleft;disease;2.0
@DISEASE_Legionnaires'_Disease;@DISEASE_Legionnaires'_Disease;disease;2.0
@DISEASE_Legius_syndrome;@DISEASE_Legius_syndrome;disease;2.0
@DISEASE_Leigh_Syndrome_Due_To_Mitochondrial_Complex_I_Deficiency;@DISEASE_Leigh_Syndrome_Due_To_Mitochondrial_Complex_I_Deficiency;disease;2.0
@DISEASE_Leiomyoma_of_vulva_and_esophagus;@DISEASE_Leiomyoma_of_vulva_and_esophagus;disease;2.0
@DISEASE_Lens_Subluxation;@DISEASE_Lens_Subluxation;disease;2.0
@DISEASE_Leukemia_Acute_X_Linked;@DISEASE_Leukemia_Acute_X_Linked;disease;2.0
@DISEASE_Leukemia_Mast_Cell;@DISEASE_Leukemia_Mast_Cell;disease;2.0
@DISEASE_Leukemia_Monocytic_Acute;@DISEASE_Leukemia_Monocytic_Acute;disease;2.0
@DISEASE_Leukemoid_Reaction;@DISEASE_Leukemoid_Reaction;disease;2.0
@DISEASE_Leukodystrophy_Hypomyelinating_2;@DISEASE_Leukodystrophy_Hypomyelinating_2;disease;2.0
@DISEASE_Leukodystrophy_Hypomyelinating_4;@DISEASE_Leukodystrophy_Hypomyelinating_4;disease;2.0
@DISEASE_Lewy_Body_Variant_of_Alzheimer_Disease;@DISEASE_Lewy_Body_Variant_of_Alzheimer_Disease;disease;2.0
@DISEASE_Liddle_Syndrome;@DISEASE_Liddle_Syndrome;disease;2.0
@DISEASE_Lipoatrophy_with_diabetes_hepatic_steatosis_cardiomyopathy_and_leukomelanodermic_papules;@DISEASE_Lipoatrophy_with_diabetes_hepatic_steatosis_cardiomyopathy_and_leukomelanodermic_papules;disease;2.0
@DISEASE_Loeys_Dietz_Syndrome;@DISEASE_Loeys_Dietz_Syndrome;disease;2.0
@DISEASE_Loiasis;@DISEASE_Loiasis;disease;2.0
@DISEASE_Long_Term_Adverse_Effects;@DISEASE_Long_Term_Adverse_Effects;disease;2.0
@DISEASE_Low_Tension_Glaucoma;@DISEASE_Low_Tension_Glaucoma;disease;2.0
@DISEASE_Lowry_Wood_syndrome;@DISEASE_Lowry_Wood_syndrome;disease;2.0
@DISEASE_Lung_Diseases_Fungal;@DISEASE_Lung_Diseases_Fungal;disease;2.0
@DISEASE_Lymphadenitis;@DISEASE_Lymphadenitis;disease;2.0
@DISEASE_Lymphocele;@DISEASE_Lymphocele;disease;2.0
@DISEASE_Lymphocytic_Choriomeningitis;@DISEASE_Lymphocytic_Choriomeningitis;disease;2.0
@DISEASE_Malar_hypoplasia;@DISEASE_Malar_hypoplasia;disease;2.0
@DISEASE_Mallory_Weiss_Syndrome;@DISEASE_Mallory_Weiss_Syndrome;disease;2.0
@DISEASE_Malocclusion_Angle_Class_III;@DISEASE_Malocclusion_Angle_Class_III;disease;2.0
@DISEASE_Mandibular_Fractures;@DISEASE_Mandibular_Fractures;disease;2.0
@DISEASE_Maple_syrup_urine_disease_type_1B;@DISEASE_Maple_syrup_urine_disease_type_1B;disease;2.0
@DISEASE_Maxillary_Diseases;@DISEASE_Maxillary_Diseases;disease;2.0
@DISEASE_Meckel_Diverticulum;@DISEASE_Meckel_Diverticulum;disease;2.0
@DISEASE_Median_cleft_lip_corpus_callosum_lipoma_and_skin_polyps;@DISEASE_Median_cleft_lip_corpus_callosum_lipoma_and_skin_polyps;disease;2.0
@DISEASE_Mediastinal_Emphysema;@DISEASE_Mediastinal_Emphysema;disease;2.0
@DISEASE_Meige_Syndrome;@DISEASE_Meige_Syndrome;disease;2.0
@DISEASE_Meniere_Disease;@DISEASE_Meniere_Disease;disease;2.0
@DISEASE_Meningitis_Listeria;@DISEASE_Meningitis_Listeria;disease;2.0
@DISEASE_Meningocele;@DISEASE_Meningocele;disease;2.0
@DISEASE_Mental_Retardation_Autosomal_Recessive_1;@DISEASE_Mental_Retardation_Autosomal_Recessive_1;disease;2.0
@DISEASE_Mesenteric_Cyst;@DISEASE_Mesenteric_Cyst;disease;2.0
@DISEASE_Metatarsus_Varus;@DISEASE_Metatarsus_Varus;disease;2.0
@DISEASE_Microcephaly_cervical_spine_fusion_anomalies;@DISEASE_Microcephaly_cervical_spine_fusion_anomalies;disease;2.0
@DISEASE_Microscopic_Polyangiitis;@DISEASE_Microscopic_Polyangiitis;disease;2.0
@DISEASE_Middle_Lobe_Syndrome;@DISEASE_Middle_Lobe_Syndrome;disease;2.0
@DISEASE_Mineralocorticoid_Deficiency_Isolated;@DISEASE_Mineralocorticoid_Deficiency_Isolated;disease;2.0
@DISEASE_Minicore_Myopathy_with_External_Ophthalmoplegia;@DISEASE_Minicore_Myopathy_with_External_Ophthalmoplegia;disease;2.0
@DISEASE_Mitochondrial_Complex_III_Deficiency;@DISEASE_Mitochondrial_Complex_III_Deficiency;disease;2.0
@DISEASE_Mitochondrial_Encephalomyopathies;@DISEASE_Mitochondrial_Encephalomyopathies;disease;2.0
@DISEASE_Mixed_Connective_Tissue_Disease;@DISEASE_Mixed_Connective_Tissue_Disease;disease;2.0
@DISEASE_Mohr_Tranebjaerg_syndrome;@DISEASE_Mohr_Tranebjaerg_syndrome;disease;2.0
@DISEASE_Monckeberg_Medial_Calcific_Sclerosis;@DISEASE_Monckeberg_Medial_Calcific_Sclerosis;disease;2.0
@DISEASE_Mosaic_variegated_aneuploidy_syndrome;@DISEASE_Mosaic_variegated_aneuploidy_syndrome;disease;2.0
@DISEASE_Motor_neuropathy_peripheral_with_dysautonomia;@DISEASE_Motor_neuropathy_peripheral_with_dysautonomia;disease;2.0
@DISEASE_Multi_centric_Castleman's_Disease;@DISEASE_Multi_centric_Castleman's_Disease;disease;2.0
@DISEASE_Multicystic_Dysplastic_Kidney;@DISEASE_Multicystic_Dysplastic_Kidney;disease;2.0
@DISEASE_Multifocal_Choroiditis;@DISEASE_Multifocal_Choroiditis;disease;2.0
@DISEASE_Multiple_Mitochondrial_Dysfunctions_Syndrome;@DISEASE_Multiple_Mitochondrial_Dysfunctions_Syndrome;disease;2.0
@DISEASE_Multiple_Pterygium_Syndrome_Autosomal_Dominant;@DISEASE_Multiple_Pterygium_Syndrome_Autosomal_Dominant;disease;2.0
@DISEASE_Muscular_Dystrophy_Emery_Dreifuss;@DISEASE_Muscular_Dystrophy_Emery_Dreifuss;disease;2.0
@DISEASE_Muscular_Dystrophy_Facioscapulohumeral;@DISEASE_Muscular_Dystrophy_Facioscapulohumeral;disease;2.0
@DISEASE_Mushroom_Poisoning;@DISEASE_Mushroom_Poisoning;disease;2.0
@DISEASE_Myocardial_Contusions;@DISEASE_Myocardial_Contusions;disease;2.0
@DISEASE_Myofibrillar_Myopathy;@DISEASE_Myofibrillar_Myopathy;disease;2.0
@DISEASE_Myokymia;@DISEASE_Myokymia;disease;2.0
@DISEASE_Myotonia_Congenita;@DISEASE_Myotonia_Congenita;disease;2.0
@DISEASE_Myotoxicity;@DISEASE_Myotoxicity;disease;2.0
@DISEASE_Nail_dysplasia_isolated_congenital;@DISEASE_Nail_dysplasia_isolated_congenital;disease;2.0
@DISEASE_Neglected_Diseases;@DISEASE_Neglected_Diseases;disease;2.0
@DISEASE_Neonatal_Abstinence_Syndrome;@DISEASE_Neonatal_Abstinence_Syndrome;disease;2.0
@DISEASE_Nervous_System_Autoimmune_Disease_Experimental;@DISEASE_Nervous_System_Autoimmune_Disease_Experimental;disease;2.0
@DISEASE_Neuritis;@DISEASE_Neuritis;disease;2.0
@DISEASE_Neuroacanthocytosis;@DISEASE_Neuroacanthocytosis;disease;2.0
@DISEASE_Neuroectodermal_Tumor_Melanotic;@DISEASE_Neuroectodermal_Tumor_Melanotic;disease;2.0
@DISEASE_Neuroectodermal_Tumors;@DISEASE_Neuroectodermal_Tumors;disease;2.0
@DISEASE_Neuroectodermal_Tumors_Primitive_Peripheral;@DISEASE_Neuroectodermal_Tumors_Primitive_Peripheral;disease;2.0
@DISEASE_Neurofibroma;@DISEASE_Neurofibroma;disease;2.0
@DISEASE_Neuropathy_Hereditary_Sensory_And_Autonomic_Type_IIB;@DISEASE_Neuropathy_Hereditary_Sensory_And_Autonomic_Type_IIB;disease;2.0
@DISEASE_Neurosyphilis;@DISEASE_Neurosyphilis;disease;2.0
@DISEASE_Neurotic_Disorders;@DISEASE_Neurotic_Disorders;disease;2.0
@DISEASE_Night_Blindness;@DISEASE_Night_Blindness;disease;2.0
@DISEASE_Nijmegen_Breakage_Syndrome;@DISEASE_Nijmegen_Breakage_Syndrome;disease;2.0
@DISEASE_Noonan_like_syndrome;@DISEASE_Noonan_like_syndrome;disease;2.0
@DISEASE_Nose_Neoplasms;@DISEASE_Nose_Neoplasms;disease;2.0
@DISEASE_Nutrition_Disorders;@DISEASE_Nutrition_Disorders;disease;2.0
@DISEASE_Oculocerebrocutaneous_syndrome;@DISEASE_Oculocerebrocutaneous_syndrome;disease;2.0
@DISEASE_Oculocutaneous_Albinism_Type_IV;@DISEASE_Oculocutaneous_Albinism_Type_IV;disease;2.0
@DISEASE_Oliver_Syndrome;@DISEASE_Oliver_Syndrome;disease;2.0
@DISEASE_Onchocerciasis;@DISEASE_Onchocerciasis;disease;2.0
@DISEASE_Oncocytoma_renal;@DISEASE_Oncocytoma_renal;disease;2.0
@DISEASE_Ophthalmoplegia_Chronic_Progressive_External;@DISEASE_Ophthalmoplegia_Chronic_Progressive_External;disease;2.0
@DISEASE_Opioid_Induced_Constipation;@DISEASE_Opioid_Induced_Constipation;disease;2.0
@DISEASE_Optic_Nerve_Neoplasms;@DISEASE_Optic_Nerve_Neoplasms;disease;2.0
@DISEASE_Orbital_Fractures;@DISEASE_Orbital_Fractures;disease;2.0
@DISEASE_Orthostatic_Intolerance;@DISEASE_Orthostatic_Intolerance;disease;2.0
@DISEASE_Osteogenesis_Imperfecta_Type_VII;@DISEASE_Osteogenesis_Imperfecta_Type_VII;disease;2.0
@DISEASE_Osteogenesis_imperfecta_type_2A;@DISEASE_Osteogenesis_imperfecta_type_2A;disease;2.0
@DISEASE_Osteogenesis_imperfecta_type_VIII;@DISEASE_Osteogenesis_imperfecta_type_VIII;disease;2.0
@DISEASE_Osteopetrosis_autosomal_dominant_type_1;@DISEASE_Osteopetrosis_autosomal_dominant_type_1;disease;2.0
@DISEASE_Osteopetrosis_mild_autosomal_recessive_form;@DISEASE_Osteopetrosis_mild_autosomal_recessive_form;disease;2.0
@DISEASE_Osteopetrosis_with_renal_tubular_acidosis;@DISEASE_Osteopetrosis_with_renal_tubular_acidosis;disease;2.0
@DISEASE_Ovalocytosis_Hereditary_Hemolytic_with_Defective_Erythropoiesis;@DISEASE_Ovalocytosis_Hereditary_Hemolytic_with_Defective_Erythropoiesis;disease;2.0
@DISEASE_Pallister_Hall_Syndrome;@DISEASE_Pallister_Hall_Syndrome;disease;2.0
@DISEASE_Pancoast_Syndrome;@DISEASE_Pancoast_Syndrome;disease;2.0
@DISEASE_Panniculitis_Lupus_Erythematosus;@DISEASE_Panniculitis_Lupus_Erythematosus;disease;2.0
@DISEASE_Paragangliomas_3;@DISEASE_Paragangliomas_3;disease;2.0
@DISEASE_Paragonimiasis;@DISEASE_Paragonimiasis;disease;2.0
@DISEASE_Paralyses_Familial_Periodic;@DISEASE_Paralyses_Familial_Periodic;disease;2.0
@DISEASE_Paroxysmal_nonkinesigenic_dyskinesia;@DISEASE_Paroxysmal_nonkinesigenic_dyskinesia;disease;2.0
@DISEASE_Pelger_Huet_Anomaly;@DISEASE_Pelger_Huet_Anomaly;disease;2.0
@DISEASE_Pendred_syndrome;@DISEASE_Pendred_syndrome;disease;2.0
@DISEASE_Penis_agenesis;@DISEASE_Penis_agenesis;disease;2.0
@DISEASE_Perceptual_Disorders;@DISEASE_Perceptual_Disorders;disease;2.0
@DISEASE_Pericarditis_Tuberculous;@DISEASE_Pericarditis_Tuberculous;disease;2.0
@DISEASE_Periodontal_Abscess;@DISEASE_Periodontal_Abscess;disease;2.0
@DISEASE_Peritonsillar_Abscess;@DISEASE_Peritonsillar_Abscess;disease;2.0
@DISEASE_Perivascular_Epithelioid_Cell_Neoplasms;@DISEASE_Perivascular_Epithelioid_Cell_Neoplasms;disease;2.0
@DISEASE_Persistent_Mullerian_duct_syndrome;@DISEASE_Persistent_Mullerian_duct_syndrome;disease;2.0
@DISEASE_Peste_des_Petits_Ruminants;@DISEASE_Peste_des_Petits_Ruminants;disease;2.0
@DISEASE_Phenylketonuria_Maternal;@DISEASE_Phenylketonuria_Maternal;disease;2.0
@DISEASE_Phobic_Disorders;@DISEASE_Phobic_Disorders;disease;2.0
@DISEASE_Pilomatrixoma;@DISEASE_Pilomatrixoma;disease;2.0
@DISEASE_Pityriasis;@DISEASE_Pityriasis;disease;2.0
@DISEASE_Plague;@DISEASE_Plague;disease;2.0
@DISEASE_Plasmacytoma;@DISEASE_Plasmacytoma;disease;2.0
@DISEASE_Pleural_Neoplasms;@DISEASE_Pleural_Neoplasms;disease;2.0
@DISEASE_Pneumonia_Pneumococcal;@DISEASE_Pneumonia_Pneumococcal;disease;2.0
@DISEASE_Pneumoperitoneum;@DISEASE_Pneumoperitoneum;disease;2.0
@DISEASE_Polycystic_Kidney_Autosomal_Recessive;@DISEASE_Polycystic_Kidney_Autosomal_Recessive;disease;2.0
@DISEASE_Polyneuropathy_Lethal_Neonatal_Axonal_Sensorimotor_Autosomal_Recessive;@DISEASE_Polyneuropathy_Lethal_Neonatal_Axonal_Sensorimotor_Autosomal_Recessive;disease;2.0
@DISEASE_Polyps_Multiple_And_Recurrent_Inflammatory_Fibroid_Gastrointestinal;@DISEASE_Polyps_Multiple_And_Recurrent_Inflammatory_Fibroid_Gastrointestinal;disease;2.0
@DISEASE_Pontocerebellar_Hypoplasia;@DISEASE_Pontocerebellar_Hypoplasia;disease;2.0
@DISEASE_Post_Dural_Puncture_Headache;@DISEASE_Post_Dural_Puncture_Headache;disease;2.0
@DISEASE_Posterior_column_ataxia_with_retinitis_pigmentosa;@DISEASE_Posterior_column_ataxia_with_retinitis_pigmentosa;disease;2.0
@DISEASE_Potassium_Deficiency;@DISEASE_Potassium_Deficiency;disease;2.0
@DISEASE_Presbycusis;@DISEASE_Presbycusis;disease;2.0
@DISEASE_Progeria_short_stature_pigmented_nevi;@DISEASE_Progeria_short_stature_pigmented_nevi;disease;2.0
@DISEASE_Prosopagnosia;@DISEASE_Prosopagnosia;disease;2.0
@DISEASE_Prostate_Cancer_Hereditary_3;@DISEASE_Prostate_Cancer_Hereditary_3;disease;2.0
@DISEASE_Prosthesis_Related_Infections;@DISEASE_Prosthesis_Related_Infections;disease;2.0
@DISEASE_Pseudohypoparathyroidism_Type_1C;@DISEASE_Pseudohypoparathyroidism_Type_1C;disease;2.0
@DISEASE_Pseudolymphoma;@DISEASE_Pseudolymphoma;disease;2.0
@DISEASE_Psychophysiologic_Disorders;@DISEASE_Psychophysiologic_Disorders;disease;2.0
@DISEASE_Pulmonary_Blastoma;@DISEASE_Pulmonary_Blastoma;disease;2.0
@DISEASE_Pyomyositis;@DISEASE_Pyomyositis;disease;2.0
@DISEASE_Pyridoxine_dependent_epilepsy;@DISEASE_Pyridoxine_dependent_epilepsy;disease;2.0
@DISEASE_RNA_Virus_Infections;@DISEASE_RNA_Virus_Infections;disease;2.0
@DISEASE_Radio_renal_syndrome;@DISEASE_Radio_renal_syndrome;disease;2.0
@DISEASE_Rectovaginal_Fistula;@DISEASE_Rectovaginal_Fistula;disease;2.0
@DISEASE_Recurrent_respiratory_papillomatosis;@DISEASE_Recurrent_respiratory_papillomatosis;disease;2.0
@DISEASE_Reflex_Sympathetic_Dystrophy;@DISEASE_Reflex_Sympathetic_Dystrophy;disease;2.0
@DISEASE_Renal_tubular_acidosis_distal_autosomal_recessive;@DISEASE_Renal_tubular_acidosis_distal_autosomal_recessive;disease;2.0
@DISEASE_Respiratory_Aspiration;@DISEASE_Respiratory_Aspiration;disease;2.0
@DISEASE_Respiratory_Distress_Syndrome_Newborn;@DISEASE_Respiratory_Distress_Syndrome_Newborn;disease;2.0
@DISEASE_Retinal_Dystrophy_Reticular_Pigmentary_of_Posterior_Pole;@DISEASE_Retinal_Dystrophy_Reticular_Pigmentary_of_Posterior_Pole;disease;2.0
@DISEASE_Retinitis_Pigmentosa_Concentric;@DISEASE_Retinitis_Pigmentosa_Concentric;disease;2.0
@DISEASE_Retinoschisis;@DISEASE_Retinoschisis;disease;2.0
@DISEASE_Retrognathia;@DISEASE_Retrognathia;disease;2.0
@DISEASE_Rhabdoid_Tumor_Predisposition_Syndrome_1;@DISEASE_Rhabdoid_Tumor_Predisposition_Syndrome_1;disease;2.0
@DISEASE_Rhabdomyosarcoma_Alveolar;@DISEASE_Rhabdomyosarcoma_Alveolar;disease;2.0
@DISEASE_Rheumatoid_Nodule;@DISEASE_Rheumatoid_Nodule;disease;2.0
@DISEASE_Rhinophyma;@DISEASE_Rhinophyma;disease;2.0
@DISEASE_Rib_Fractures;@DISEASE_Rib_Fractures;disease;2.0
@DISEASE_Ribbing_disease;@DISEASE_Ribbing_disease;disease;2.0
@DISEASE_Root_Caries;@DISEASE_Root_Caries;disease;2.0
@DISEASE_Rothmund_Thomson_Syndrome;@DISEASE_Rothmund_Thomson_Syndrome;disease;2.0
@DISEASE_Sackey_Sakati_Aur_syndrome;@DISEASE_Sackey_Sakati_Aur_syndrome;disease;2.0
@DISEASE_Salivary_Gland_Fistula;@DISEASE_Salivary_Gland_Fistula;disease;2.0
@DISEASE_Schizophrenia_Disorganized;@DISEASE_Schizophrenia_Disorganized;disease;2.0
@DISEASE_Sclerosing_bone_dysplasia_mental_retardation;@DISEASE_Sclerosing_bone_dysplasia_mental_retardation;disease;2.0
@DISEASE_Sclerotylosis;@DISEASE_Sclerotylosis;disease;2.0
@DISEASE_Scrapie;@DISEASE_Scrapie;disease;2.0
@DISEASE_Sebaceous_Gland_Diseases;@DISEASE_Sebaceous_Gland_Diseases;disease;2.0
@DISEASE_Sebaceous_Gland_Neoplasms;@DISEASE_Sebaceous_Gland_Neoplasms;disease;2.0
@DISEASE_Sebaceous_gland_hyperplasia_familial_presenile;@DISEASE_Sebaceous_gland_hyperplasia_familial_presenile;disease;2.0
@DISEASE_Seckel_syndrome_1;@DISEASE_Seckel_syndrome_1;disease;2.0
@DISEASE_Secretory_breast_carcinoma;@DISEASE_Secretory_breast_carcinoma;disease;2.0
@DISEASE_Self_Mutilation;@DISEASE_Self_Mutilation;disease;2.0
@DISEASE_Senior_Loken_Syndrome;@DISEASE_Senior_Loken_Syndrome;disease;2.0
@DISEASE_Sensory_ataxic_neuropathy_dysarthria_and_ophthalmoparesis;@DISEASE_Sensory_ataxic_neuropathy_dysarthria_and_ophthalmoparesis;disease;2.0
@DISEASE_Sertoli_Leydig_Cell_Tumor;@DISEASE_Sertoli_Leydig_Cell_Tumor;disease;2.0
@DISEASE_Severe_Combined_Immunodeficiency;@DISEASE_Severe_Combined_Immunodeficiency;disease;2.0
@DISEASE_Sexual_and_Gender_Disorders;@DISEASE_Sexual_and_Gender_Disorders;disease;2.0
@DISEASE_Shellfish_Poisoning;@DISEASE_Shellfish_Poisoning;disease;2.0
@DISEASE_Short_QT_Syndrome_1;@DISEASE_Short_QT_Syndrome_1;disease;2.0
@DISEASE_Shoulder_Fractures;@DISEASE_Shoulder_Fractures;disease;2.0
@DISEASE_Sialadenitis;@DISEASE_Sialadenitis;disease;2.0
@DISEASE_Silo_Filler's_Disease;@DISEASE_Silo_Filler's_Disease;disease;2.0
@DISEASE_Simian_Acquired_Immunodeficiency_Syndrome;@DISEASE_Simian_Acquired_Immunodeficiency_Syndrome;disease;2.0
@DISEASE_Sinoatrial_Block;@DISEASE_Sinoatrial_Block;disease;2.0
@DISEASE_Sinus_Arrest_Cardiac;@DISEASE_Sinus_Arrest_Cardiac;disease;2.0
@DISEASE_Situs_Inversus;@DISEASE_Situs_Inversus;disease;2.0
@DISEASE_Snake_Bites;@DISEASE_Snake_Bites;disease;2.0
@DISEASE_Snyder_Robinson_syndrome;@DISEASE_Snyder_Robinson_syndrome;disease;2.0
@DISEASE_Spastic_Ataxia;@DISEASE_Spastic_Ataxia;disease;2.0
@DISEASE_Spinal_Fractures;@DISEASE_Spinal_Fractures;disease;2.0
@DISEASE_Spondyloepimetaphyseal_Dysplasia_With_Joint_Laxity;@DISEASE_Spondyloepimetaphyseal_Dysplasia_With_Joint_Laxity;disease;2.0
@DISEASE_Spondyloepimetaphyseal_Dysplasia_X_Linked;@DISEASE_Spondyloepimetaphyseal_Dysplasia_X_Linked;disease;2.0
@DISEASE_Spondyloepiphyseal_dysplasia_congenita;@DISEASE_Spondyloepiphyseal_dysplasia_congenita;disease;2.0
@DISEASE_Spondylolisthesis;@DISEASE_Spondylolisthesis;disease;2.0
@DISEASE_Sprains_and_Strains;@DISEASE_Sprains_and_Strains;disease;2.0
@DISEASE_Sprengel_deformity;@DISEASE_Sprengel_deformity;disease;2.0
@DISEASE_Stargardt_Disease;@DISEASE_Stargardt_Disease;disease;2.0
@DISEASE_Sternal_cleft;@DISEASE_Sternal_cleft;disease;2.0
@DISEASE_Stormorken_Syndrome;@DISEASE_Stormorken_Syndrome;disease;2.0
@DISEASE_Striae_Distensae;@DISEASE_Striae_Distensae;disease;2.0
@DISEASE_Striatonigral_Degeneration;@DISEASE_Striatonigral_Degeneration;disease;2.0
@DISEASE_Strongyloidiasis;@DISEASE_Strongyloidiasis;disease;2.0
@DISEASE_Stuve_Wiedemann_syndrome;@DISEASE_Stuve_Wiedemann_syndrome;disease;2.0
@DISEASE_Sucrase_isomaltase_deficiency_congenital;@DISEASE_Sucrase_isomaltase_deficiency_congenital;disease;2.0
@DISEASE_Sudden_Unexpected_Death_in_Epilepsy;@DISEASE_Sudden_Unexpected_Death_in_Epilepsy;disease;2.0
@DISEASE_Sulfhemoglobinemia;@DISEASE_Sulfhemoglobinemia;disease;2.0
@DISEASE_Superior_Mesenteric_Artery_Syndrome;@DISEASE_Superior_Mesenteric_Artery_Syndrome;disease;2.0
@DISEASE_Surgical_Wound;@DISEASE_Surgical_Wound;disease;2.0
@DISEASE_Sutton_disease_2;@DISEASE_Sutton_disease_2;disease;2.0
@DISEASE_Symphalangism_C._S._Lewis_Type;@DISEASE_Symphalangism_C._S._Lewis_Type;disease;2.0
@DISEASE_Syndactyly;@DISEASE_Syndactyly;disease;2.0
@DISEASE_Synostosis;@DISEASE_Synostosis;disease;2.0
@DISEASE_Syringoma;@DISEASE_Syringoma;disease;2.0
@DISEASE_Systemic_Vasculitis;@DISEASE_Systemic_Vasculitis;disease;2.0
@DISEASE_Talipes_Cavus;@DISEASE_Talipes_Cavus;disease;2.0
@DISEASE_Telomeric_22q13_Monosomy_Syndrome;@DISEASE_Telomeric_22q13_Monosomy_Syndrome;disease;2.0
@DISEASE_Tennis_Elbow;@DISEASE_Tennis_Elbow;disease;2.0
@DISEASE_Thoracic_Neoplasms;@DISEASE_Thoracic_Neoplasms;disease;2.0
@DISEASE_Thyroid_Hormone_Metabolism_Abnormal;@DISEASE_Thyroid_Hormone_Metabolism_Abnormal;disease;2.0
@DISEASE_Tick_Borne_Diseases;@DISEASE_Tick_Borne_Diseases;disease;2.0
@DISEASE_Tinea_Versicolor;@DISEASE_Tinea_Versicolor;disease;2.0
@DISEASE_Tomaculous_neuropathy;@DISEASE_Tomaculous_neuropathy;disease;2.0
@DISEASE_Tooth_Abnormalities;@DISEASE_Tooth_Abnormalities;disease;2.0
@DISEASE_Tooth_Agenesis_Selective_4;@DISEASE_Tooth_Agenesis_Selective_4;disease;2.0
@DISEASE_Tooth_Demineralization;@DISEASE_Tooth_Demineralization;disease;2.0
@DISEASE_Toxoplasmosis_Ocular;@DISEASE_Toxoplasmosis_Ocular;disease;2.0
@DISEASE_Tracheobronchial_Stenosis_Congenital;@DISEASE_Tracheobronchial_Stenosis_Congenital;disease;2.0
@DISEASE_Tracheomalacia;@DISEASE_Tracheomalacia;disease;2.0
@DISEASE_Trauma_and_Stressor_Related_Disorders;@DISEASE_Trauma_and_Stressor_Related_Disorders;disease;2.0
@DISEASE_Travel_Related_Illness;@DISEASE_Travel_Related_Illness;disease;2.0
@DISEASE_Trematode_Infections;@DISEASE_Trematode_Infections;disease;2.0
@DISEASE_Trichiasis;@DISEASE_Trichiasis;disease;2.0
@DISEASE_Trichosporonosis;@DISEASE_Trichosporonosis;disease;2.0
@DISEASE_Trichuriasis;@DISEASE_Trichuriasis;disease;2.0
@DISEASE_Tuberculosis_Lymph_Node;@DISEASE_Tuberculosis_Lymph_Node;disease;2.0
@DISEASE_Tyrosinosis;@DISEASE_Tyrosinosis;disease;2.0
@DISEASE_Uniparental_disomy_of_chromosome_2;@DISEASE_Uniparental_disomy_of_chromosome_2;disease;2.0
@DISEASE_Ureaplasma_Infections;@DISEASE_Ureaplasma_Infections;disease;2.0
@DISEASE_Urethral_Stricture;@DISEASE_Urethral_Stricture;disease;2.0
@DISEASE_Urinary_Fistula;@DISEASE_Urinary_Fistula;disease;2.0
@DISEASE_Urinary_Incontinence_Stress;@DISEASE_Urinary_Incontinence_Stress;disease;2.0
@DISEASE_Uterine_Perforation;@DISEASE_Uterine_Perforation;disease;2.0
@DISEASE_Vasculitis_Lymphocytic_Cutaneous_Small_Vessel;@DISEASE_Vasculitis_Lymphocytic_Cutaneous_Small_Vessel;disease;2.0
@DISEASE_Vasoplegia;@DISEASE_Vasoplegia;disease;2.0
@DISEASE_Ventricular_Outflow_Obstruction_Left;@DISEASE_Ventricular_Outflow_Obstruction_Left;disease;2.0
@DISEASE_Vitreous_Hemorrhage;@DISEASE_Vitreous_Hemorrhage;disease;2.0
@DISEASE_Vulvovaginitis;@DISEASE_Vulvovaginitis;disease;2.0
@DISEASE_Waardenburg_syndrome_type_4;@DISEASE_Waardenburg_syndrome_type_4;disease;2.0
@DISEASE_Wasting_Disease_Chronic;@DISEASE_Wasting_Disease_Chronic;disease;2.0
@DISEASE_Water_Electrolyte_Imbalance;@DISEASE_Water_Electrolyte_Imbalance;disease;2.0
@DISEASE_Wells_syndrome;@DISEASE_Wells_syndrome;disease;2.0
@DISEASE_West_Nile_Fever;@DISEASE_West_Nile_Fever;disease;2.0
@DISEASE_Wet_Macular_Degeneration;@DISEASE_Wet_Macular_Degeneration;disease;2.0
@DISEASE_Whipple_Disease;@DISEASE_Whipple_Disease;disease;2.0
@DISEASE_Worth_syndrome;@DISEASE_Worth_syndrome;disease;2.0
@DISEASE_Wrinkly_skin_syndrome;@DISEASE_Wrinkly_skin_syndrome;disease;2.0
@DISEASE_XFE_Progeroid_Syndrome;@DISEASE_XFE_Progeroid_Syndrome;disease;2.0
@DISEASE_X_linked_sideroblastic_anemia;@DISEASE_X_linked_sideroblastic_anemia;disease;2.0
@DISEASE_Xeroderma_Pigmentosum_Complementation_Group_B;@DISEASE_Xeroderma_Pigmentosum_Complementation_Group_B;disease;2.0
@DISEASE_Xeroderma_Pigmentosum_Complementation_Group_E;@DISEASE_Xeroderma_Pigmentosum_Complementation_Group_E;disease;2.0
@DISEASE_Xeroderma_Pigmentosum_Complementation_Group_F;@DISEASE_Xeroderma_Pigmentosum_Complementation_Group_F;disease;2.0
@DISEASE_Xeroderma_pigmentosum_variant_type;@DISEASE_Xeroderma_pigmentosum_variant_type;disease;2.0
@DISEASE_Yersinia_Infections;@DISEASE_Yersinia_Infections;disease;2.0
@DISEASE_Yunis_Varon_syndrome;@DISEASE_Yunis_Varon_syndrome;disease;2.0
@DISEASE_adult_multisystem_inflammatory_disease_COVID_19_related;@DISEASE_adult_multisystem_inflammatory_disease_COVID_19_related;disease;2.0
@DISEASE_alpha_Fetoprotein_Deficiency;@DISEASE_alpha_Fetoprotein_Deficiency;disease;2.0
@DISEASE_alpha_Thalassemia;@DISEASE_alpha_Thalassemia;disease;2.0
@DISEASE_entomophthoromycosis;@DISEASE_entomophthoromycosis;disease;2.0
@DISEASE_limbic_predominant_age_related_TDP_43_encephalopathy;@DISEASE_limbic_predominant_age_related_TDP_43_encephalopathy;disease;2.0
@DISEASE_pediatric_multisystem_inflammatory_disease_COVID_19_related;@DISEASE_pediatric_multisystem_inflammatory_disease_COVID_19_related;disease;2.0
@DISEASE_photopsia;@DISEASE_photopsia;disease;2.0
@DISEASE_pseudofolliculitis_barbae;@DISEASE_pseudofolliculitis_barbae;disease;2.0
@DISEASE_102200;@DISEASE_102200;disease;1.0
@DISEASE_116100;@DISEASE_116100;disease;1.0
@DISEASE_123320;@DISEASE_123320;disease;1.0
@DISEASE_165800;@DISEASE_165800;disease;1.0
@DISEASE_176430;@DISEASE_176430;disease;1.0
@DISEASE_17_20_Lyase_Deficiency_Isolated;@DISEASE_17_20_Lyase_Deficiency_Isolated;disease;1.0
@DISEASE_194470;@DISEASE_194470;disease;1.0
@DISEASE_201300;@DISEASE_201300;disease;1.0
@DISEASE_202370;@DISEASE_202370;disease;1.0
@DISEASE_212112;@DISEASE_212112;disease;1.0
@DISEASE_233300;@DISEASE_233300;disease;1.0
@DISEASE_243310;@DISEASE_243310;disease;1.0
@DISEASE_245570;@DISEASE_245570;disease;1.0
@DISEASE_248310;@DISEASE_248310;disease;1.0
@DISEASE_256040;@DISEASE_256040;disease;1.0
@DISEASE_300884;@DISEASE_300884;disease;1.0
@DISEASE_300896;@DISEASE_300896;disease;1.0
@DISEASE_300988;@DISEASE_300988;disease;1.0
@DISEASE_3_Methylglutaconic_Aciduria;@DISEASE_3_Methylglutaconic_Aciduria;disease;1.0
@DISEASE_46_XX_Disorders_of_Sex_Development;@DISEASE_46_XX_Disorders_of_Sex_Development;disease;1.0
@DISEASE_5_Nucleotidase_syndrome;@DISEASE_5_Nucleotidase_syndrome;disease;1.0
@DISEASE_600791;@DISEASE_600791;disease;1.0
@DISEASE_601696;@DISEASE_601696;disease;1.0
@DISEASE_604370;@DISEASE_604370;disease;1.0
@DISEASE_607426;@DISEASE_607426;disease;1.0
@DISEASE_607473;@DISEASE_607473;disease;1.0
@DISEASE_607485;@DISEASE_607485;disease;1.0
@DISEASE_609165;@DISEASE_609165;disease;1.0
@DISEASE_609400;@DISEASE_609400;disease;1.0
@DISEASE_610968;@DISEASE_610968;disease;1.0
@DISEASE_613280;@DISEASE_613280;disease;1.0
@DISEASE_613390;@DISEASE_613390;disease;1.0
@DISEASE_613616;@DISEASE_613616;disease;1.0
@DISEASE_613652;@DISEASE_613652;disease;1.0
@DISEASE_613708;@DISEASE_613708;disease;1.0
@DISEASE_613767;@DISEASE_613767;disease;1.0
@DISEASE_614025;@DISEASE_614025;disease;1.0
@DISEASE_614116;@DISEASE_614116;disease;1.0
@DISEASE_614186;@DISEASE_614186;disease;1.0
@DISEASE_614187;@DISEASE_614187;disease;1.0
@DISEASE_614327;@DISEASE_614327;disease;1.0
@DISEASE_614653;@DISEASE_614653;disease;1.0
@DISEASE_614736;@DISEASE_614736;disease;1.0
@DISEASE_614739;@DISEASE_614739;disease;1.0
@DISEASE_614748;@DISEASE_614748;disease;1.0
@DISEASE_614817;@DISEASE_614817;disease;1.0
@DISEASE_614871;@DISEASE_614871;disease;1.0
@DISEASE_614876;@DISEASE_614876;disease;1.0
@DISEASE_614963;@DISEASE_614963;disease;1.0
@DISEASE_615031;@DISEASE_615031;disease;1.0
@DISEASE_615220;@DISEASE_615220;disease;1.0
@DISEASE_615273;@DISEASE_615273;disease;1.0
@DISEASE_615486;@DISEASE_615486;disease;1.0
@DISEASE_615513;@DISEASE_615513;disease;1.0
@DISEASE_615583;@DISEASE_615583;disease;1.0
@DISEASE_615607;@DISEASE_615607;disease;1.0
@DISEASE_615707;@DISEASE_615707;disease;1.0
@DISEASE_615751;@DISEASE_615751;disease;1.0
@DISEASE_615905;@DISEASE_615905;disease;1.0
@DISEASE_616083;@DISEASE_616083;disease;1.0
@DISEASE_616100;@DISEASE_616100;disease;1.0
@DISEASE_616126;@DISEASE_616126;disease;1.0
@DISEASE_616145;@DISEASE_616145;disease;1.0
@DISEASE_616239;@DISEASE_616239;disease;1.0
@DISEASE_616276;@DISEASE_616276;disease;1.0
@DISEASE_616277;@DISEASE_616277;disease;1.0
@DISEASE_616452;@DISEASE_616452;disease;1.0
@DISEASE_616577;@DISEASE_616577;disease;1.0
@DISEASE_616625;@DISEASE_616625;disease;1.0
@DISEASE_616710;@DISEASE_616710;disease;1.0
@DISEASE_616780;@DISEASE_616780;disease;1.0
@DISEASE_616901;@DISEASE_616901;disease;1.0
@DISEASE_616920;@DISEASE_616920;disease;1.0
@DISEASE_617053;@DISEASE_617053;disease;1.0
@DISEASE_617303;@DISEASE_617303;disease;1.0
@DISEASE_617404;@DISEASE_617404;disease;1.0
@DISEASE_ABCD_syndrome;@DISEASE_ABCD_syndrome;disease;1.0
@DISEASE_AIDS_Arteritis_Central_Nervous_System;@DISEASE_AIDS_Arteritis_Central_Nervous_System;disease;1.0
@DISEASE_Aarskog_Syndrome;@DISEASE_Aarskog_Syndrome;disease;1.0
@DISEASE_Acanthosis_nigricans_muscle_cramps_acral_enlargement;@DISEASE_Acanthosis_nigricans_muscle_cramps_acral_enlargement;disease;1.0
@DISEASE_Acid_Phosphatase_Deficiency;@DISEASE_Acid_Phosphatase_Deficiency;disease;1.0
@DISEASE_Acidosis_Respiratory;@DISEASE_Acidosis_Respiratory;disease;1.0
@DISEASE_Acrocephalopolysyndactyly_Type_II;@DISEASE_Acrocephalopolysyndactyly_Type_II;disease;1.0
@DISEASE_Acrodynia;@DISEASE_Acrodynia;disease;1.0
@DISEASE_Acromegaloid_facial_appearance_syndrome;@DISEASE_Acromegaloid_facial_appearance_syndrome;disease;1.0
@DISEASE_Actinomycosis;@DISEASE_Actinomycosis;disease;1.0
@DISEASE_Adenine_Nucleotide_Translocator_Deficiency;@DISEASE_Adenine_Nucleotide_Translocator_Deficiency;disease;1.0
@DISEASE_Adenoameloblastoma;@DISEASE_Adenoameloblastoma;disease;1.0
@DISEASE_Adenofibroma;@DISEASE_Adenofibroma;disease;1.0
@DISEASE_Adenosine_Triphosphate_Elevated_Of_Erythrocytes;@DISEASE_Adenosine_Triphosphate_Elevated_Of_Erythrocytes;disease;1.0
@DISEASE_Adenoviridae_Infections;@DISEASE_Adenoviridae_Infections;disease;1.0
@DISEASE_Adrenal_Insufficiency_Congenital;@DISEASE_Adrenal_Insufficiency_Congenital;disease;1.0
@DISEASE_Akesson_syndrome;@DISEASE_Akesson_syndrome;disease;1.0
@DISEASE_Akinetic_Mutism;@DISEASE_Akinetic_Mutism;disease;1.0
@DISEASE_Aland_Island_Eye_Disease;@DISEASE_Aland_Island_Eye_Disease;disease;1.0
@DISEASE_Alcohol_Withdrawal_Seizures;@DISEASE_Alcohol_Withdrawal_Seizures;disease;1.0
@DISEASE_Alexia_Pure;@DISEASE_Alexia_Pure;disease;1.0
@DISEASE_Alopecia_congenita_keratosis_palmoplantaris;@DISEASE_Alopecia_congenita_keratosis_palmoplantaris;disease;1.0
@DISEASE_Alpha_Thalassemia_Mental_Retardation_Syndrome_Deletion_Type;@DISEASE_Alpha_Thalassemia_Mental_Retardation_Syndrome_Deletion_Type;disease;1.0
@DISEASE_Alternariosis;@DISEASE_Alternariosis;disease;1.0
@DISEASE_Altitude_Sickness;@DISEASE_Altitude_Sickness;disease;1.0
@DISEASE_Alzheimer_Disease_14;@DISEASE_Alzheimer_Disease_14;disease;1.0
@DISEASE_Alzheimer_disease_familial_type_3;@DISEASE_Alzheimer_disease_familial_type_3;disease;1.0
@DISEASE_Alzheimer_disease_type_2;@DISEASE_Alzheimer_disease_type_2;disease;1.0
@DISEASE_Amino_Acid_Transport_Disorders_Inborn;@DISEASE_Amino_Acid_Transport_Disorders_Inborn;disease;1.0
@DISEASE_Amyloidosis_Cerebroarterial_App_Related;@DISEASE_Amyloidosis_Cerebroarterial_App_Related;disease;1.0
@DISEASE_Amyotrophic_Lateral_Sclerosis_2_Juvenile;@DISEASE_Amyotrophic_Lateral_Sclerosis_2_Juvenile;disease;1.0
@DISEASE_Anal_Sphincter_Myopathy_Internal;@DISEASE_Anal_Sphincter_Myopathy_Internal;disease;1.0
@DISEASE_Anemia_Pernicious;@DISEASE_Anemia_Pernicious;disease;1.0
@DISEASE_Angina_Pectoris_Variant;@DISEASE_Angina_Pectoris_Variant;disease;1.0
@DISEASE_Angiomatosis_Bacillary;@DISEASE_Angiomatosis_Bacillary;disease;1.0
@DISEASE_Angiomyoma;@DISEASE_Angiomyoma;disease;1.0
@DISEASE_Ankyloglossia;@DISEASE_Ankyloglossia;disease;1.0
@DISEASE_Annular_Erythema;@DISEASE_Annular_Erythema;disease;1.0
@DISEASE_Anodontia_of_Permanent_Dentition;@DISEASE_Anodontia_of_Permanent_Dentition;disease;1.0
@DISEASE_Anterior_Spinal_Artery_Syndrome;@DISEASE_Anterior_Spinal_Artery_Syndrome;disease;1.0
@DISEASE_Anthophobia;@DISEASE_Anthophobia;disease;1.0
@DISEASE_Anus_Imperforate;@DISEASE_Anus_Imperforate;disease;1.0
@DISEASE_Aortic_Aneurysm_Familial_Thoracic_1;@DISEASE_Aortic_Aneurysm_Familial_Thoracic_1;disease;1.0
@DISEASE_Aortic_Coarctation;@DISEASE_Aortic_Coarctation;disease;1.0
@DISEASE_Aortic_Root_Aneurysm;@DISEASE_Aortic_Root_Aneurysm;disease;1.0
@DISEASE_Aortic_Stenosis_Supravalvular;@DISEASE_Aortic_Stenosis_Supravalvular;disease;1.0
@DISEASE_Aphakia;@DISEASE_Aphakia;disease;1.0
@DISEASE_Aplasia_of_Extensor_Muscles_of_Fingers_Unilateral_with_Generalized_Polyneuropathy;@DISEASE_Aplasia_of_Extensor_Muscles_of_Fingers_Unilateral_with_Generalized_Polyneuropathy;disease;1.0
@DISEASE_Aplastic_anemia_idiopathic;@DISEASE_Aplastic_anemia_idiopathic;disease;1.0
@DISEASE_Apraxia_Ideomotor;@DISEASE_Apraxia_Ideomotor;disease;1.0
@DISEASE_Apraxia_oculomotor_Cogan_type;@DISEASE_Apraxia_oculomotor_Cogan_type;disease;1.0
@DISEASE_Arachnodactyly;@DISEASE_Arachnodactyly;disease;1.0
@DISEASE_Arachnoiditis;@DISEASE_Arachnoiditis;disease;1.0
@DISEASE_Arachnophobia;@DISEASE_Arachnophobia;disease;1.0
@DISEASE_Arm_Injuries;@DISEASE_Arm_Injuries;disease;1.0
@DISEASE_Arms_Malformation_of;@DISEASE_Arms_Malformation_of;disease;1.0
@DISEASE_Arterial_Tortuosity_Syndrome;@DISEASE_Arterial_Tortuosity_Syndrome;disease;1.0
@DISEASE_Arthrogryposis_multiplex_congenita_neurogenic_type;@DISEASE_Arthrogryposis_multiplex_congenita_neurogenic_type;disease;1.0
@DISEASE_Ascaridida_Infections;@DISEASE_Ascaridida_Infections;disease;1.0
@DISEASE_Aspergillosis_Allergic_Bronchopulmonary;@DISEASE_Aspergillosis_Allergic_Bronchopulmonary;disease;1.0
@DISEASE_Aspergillus_meningitis;@DISEASE_Aspergillus_meningitis;disease;1.0
@DISEASE_Asthma_Aspirin_Induced;@DISEASE_Asthma_Aspirin_Induced;disease;1.0
@DISEASE_Atelosteogenesis_type_1;@DISEASE_Atelosteogenesis_type_1;disease;1.0
@DISEASE_Athetosis;@DISEASE_Athetosis;disease;1.0
@DISEASE_Atrial_myxoma_familial;@DISEASE_Atrial_myxoma_familial;disease;1.0
@DISEASE_Atrioventricular_Septal_Defect;@DISEASE_Atrioventricular_Septal_Defect;disease;1.0
@DISEASE_Attenuated_familial_adenomatous_polyposis;@DISEASE_Attenuated_familial_adenomatous_polyposis;disease;1.0
@DISEASE_Auditory_Diseases_Central;@DISEASE_Auditory_Diseases_Central;disease;1.0
@DISEASE_Auriculo_condylar_syndrome;@DISEASE_Auriculo_condylar_syndrome;disease;1.0
@DISEASE_Autoimmune_Hypophysitis;@DISEASE_Autoimmune_Hypophysitis;disease;1.0
@DISEASE_Autoimmune_Pancreatitis;@DISEASE_Autoimmune_Pancreatitis;disease;1.0
@DISEASE_Autosomal_Emery_Dreifuss_Muscular_Dystrophy;@DISEASE_Autosomal_Emery_Dreifuss_Muscular_Dystrophy;disease;1.0
@DISEASE_Autosomal_Recessive_Primary_Microcephaly;@DISEASE_Autosomal_Recessive_Primary_Microcephaly;disease;1.0
@DISEASE_Azotemia;@DISEASE_Azotemia;disease;1.0
@DISEASE_BCG_Infection_Generalized_Familial;@DISEASE_BCG_Infection_Generalized_Familial;disease;1.0
@DISEASE_Babesiosis;@DISEASE_Babesiosis;disease;1.0
@DISEASE_Back_Injuries;@DISEASE_Back_Injuries;disease;1.0
@DISEASE_Bacteroides_Infections;@DISEASE_Bacteroides_Infections;disease;1.0
@DISEASE_Balanitis;@DISEASE_Balanitis;disease;1.0
@DISEASE_Baraitser_Brett_Piesowicz_syndrome;@DISEASE_Baraitser_Brett_Piesowicz_syndrome;disease;1.0
@DISEASE_Bardet_Biedl_syndrome_4;@DISEASE_Bardet_Biedl_syndrome_4;disease;1.0
@DISEASE_Barotrauma;@DISEASE_Barotrauma;disease;1.0
@DISEASE_Basal_cell_carcinoma_infundibulocystic;@DISEASE_Basal_cell_carcinoma_infundibulocystic;disease;1.0
@DISEASE_Basal_ganglia_disease_biotin_responsive;@DISEASE_Basal_ganglia_disease_biotin_responsive;disease;1.0
@DISEASE_Becker_Nevus_Syndrome;@DISEASE_Becker_Nevus_Syndrome;disease;1.0
@DISEASE_Bernard_Soulier_Syndrome;@DISEASE_Bernard_Soulier_Syndrome;disease;1.0
@DISEASE_Bidirectional_tachycardia;@DISEASE_Bidirectional_tachycardia;disease;1.0
@DISEASE_Bilateral_Vestibulopathy;@DISEASE_Bilateral_Vestibulopathy;disease;1.0
@DISEASE_Bilateral_temporal_lobe_disorder;@DISEASE_Bilateral_temporal_lobe_disorder;disease;1.0
@DISEASE_Bile_Reflux;@DISEASE_Bile_Reflux;disease;1.0
@DISEASE_Bjornstad_syndrome;@DISEASE_Bjornstad_syndrome;disease;1.0
@DISEASE_Black_hairy_tongue;@DISEASE_Black_hairy_tongue;disease;1.0
@DISEASE_Bland_White_Garland_Syndrome;@DISEASE_Bland_White_Garland_Syndrome;disease;1.0
@DISEASE_Blepharophimosis_Ptosis_and_Epicanthus_Inversus;@DISEASE_Blepharophimosis_Ptosis_and_Epicanthus_Inversus;disease;1.0
@DISEASE_Blount_disease;@DISEASE_Blount_disease;disease;1.0
@DISEASE_Blue_rubber_bleb_nevus_syndrome;@DISEASE_Blue_rubber_bleb_nevus_syndrome;disease;1.0
@DISEASE_Bobble_head_doll_syndrome;@DISEASE_Bobble_head_doll_syndrome;disease;1.0
@DISEASE_Bone_Marrow_Neoplasms;@DISEASE_Bone_Marrow_Neoplasms;disease;1.0
@DISEASE_Border_Disease;@DISEASE_Border_Disease;disease;1.0
@DISEASE_Brachydactyly;@DISEASE_Brachydactyly;disease;1.0
@DISEASE_Brachydactyly_Type_D;@DISEASE_Brachydactyly_Type_D;disease;1.0
@DISEASE_Brachydactyly_type_A2;@DISEASE_Brachydactyly_type_A2;disease;1.0
@DISEASE_Brachydactyly_type_C;@DISEASE_Brachydactyly_type_C;disease;1.0
@DISEASE_Brain_Contusion;@DISEASE_Brain_Contusion;disease;1.0
@DISEASE_Breakthrough_Infections;@DISEASE_Breakthrough_Infections;disease;1.0
@DISEASE_Bronchial_Fistula;@DISEASE_Bronchial_Fistula;disease;1.0
@DISEASE_Bronchial_Neoplasms;@DISEASE_Bronchial_Neoplasms;disease;1.0
@DISEASE_Bruton_type_agammaglobulinemia;@DISEASE_Bruton_type_agammaglobulinemia;disease;1.0
@DISEASE_Bundle_Branch_Block;@DISEASE_Bundle_Branch_Block;disease;1.0
@DISEASE_Burnett_Schwartz_Berberian_syndrome;@DISEASE_Burnett_Schwartz_Berberian_syndrome;disease;1.0
@DISEASE_CADASIL;@DISEASE_CADASIL;disease;1.0
@DISEASE_CANVAS_syndrome;@DISEASE_CANVAS_syndrome;disease;1.0
@DISEASE_CODAS_syndrome;@DISEASE_CODAS_syndrome;disease;1.0
@DISEASE_Camptocormia;@DISEASE_Camptocormia;disease;1.0
@DISEASE_Camptodactyly_1;@DISEASE_Camptodactyly_1;disease;1.0
@DISEASE_Candidemia;@DISEASE_Candidemia;disease;1.0
@DISEASE_Candidiasis_Chronic_Mucocutaneous;@DISEASE_Candidiasis_Chronic_Mucocutaneous;disease;1.0
@DISEASE_Cap_Myopathy;@DISEASE_Cap_Myopathy;disease;1.0
@DISEASE_Carbohydrate_Metabolism_Inborn_Errors;@DISEASE_Carbohydrate_Metabolism_Inborn_Errors;disease;1.0
@DISEASE_Carcinoid_Heart_Disease;@DISEASE_Carcinoid_Heart_Disease;disease;1.0
@DISEASE_Carcinoma_256_Walker;@DISEASE_Carcinoma_256_Walker;disease;1.0
@DISEASE_Carcinoma_Acinar_Cell;@DISEASE_Carcinoma_Acinar_Cell;disease;1.0
@DISEASE_Carcinoma_Bronchogenic;@DISEASE_Carcinoma_Bronchogenic;disease;1.0
@DISEASE_Carcinoma_Islet_Cell;@DISEASE_Carcinoma_Islet_Cell;disease;1.0
@DISEASE_Carcinoma_Transitional_Cell;@DISEASE_Carcinoma_Transitional_Cell;disease;1.0
@DISEASE_Cardiac_Conduction_System_Disease;@DISEASE_Cardiac_Conduction_System_Disease;disease;1.0
@DISEASE_Cardiomyopathy_Familial_Hypertrophic_8;@DISEASE_Cardiomyopathy_Familial_Hypertrophic_8;disease;1.0
@DISEASE_Carnitine_Palmitoyltransferase_II_Deficiency_Infantile;@DISEASE_Carnitine_Palmitoyltransferase_II_Deficiency_Infantile;disease;1.0
@DISEASE_Caroli_Disease;@DISEASE_Caroli_Disease;disease;1.0
@DISEASE_Carotid_Artery_Injuries;@DISEASE_Carotid_Artery_Injuries;disease;1.0
@DISEASE_Carotid_Body_Tumor;@DISEASE_Carotid_Body_Tumor;disease;1.0
@DISEASE_Castleman_Disease;@DISEASE_Castleman_Disease;disease;1.0
@DISEASE_Catamenial_pneumothorax;@DISEASE_Catamenial_pneumothorax;disease;1.0
@DISEASE_Cataract_Congenital_Nuclear_Autosomal_Recessive_3;@DISEASE_Cataract_Congenital_Nuclear_Autosomal_Recessive_3;disease;1.0
@DISEASE_Cataract_Pulverulent;@DISEASE_Cataract_Pulverulent;disease;1.0
@DISEASE_Cataract_and_congenital_ichthyosis;@DISEASE_Cataract_and_congenital_ichthyosis;disease;1.0
@DISEASE_Cataract_microcornea_syndrome;@DISEASE_Cataract_microcornea_syndrome;disease;1.0
@DISEASE_Cataract_posterior_polar_1;@DISEASE_Cataract_posterior_polar_1;disease;1.0
@DISEASE_Cataract_posterior_polar_4;@DISEASE_Cataract_posterior_polar_4;disease;1.0
@DISEASE_Cattle_Diseases;@DISEASE_Cattle_Diseases;disease;1.0
@DISEASE_Cd4+_Lymphocyte_Deficiency;@DISEASE_Cd4+_Lymphocyte_Deficiency;disease;1.0
@DISEASE_Cellulite;@DISEASE_Cellulite;disease;1.0
@DISEASE_Central_Nervous_System_Protozoal_Infections;@DISEASE_Central_Nervous_System_Protozoal_Infections;disease;1.0
@DISEASE_Central_Nervous_System_Viral_Diseases;@DISEASE_Central_Nervous_System_Viral_Diseases;disease;1.0
@DISEASE_Cerebellar_Ataxia_Deafness_and_Narcolepsy;@DISEASE_Cerebellar_Ataxia_Deafness_and_Narcolepsy;disease;1.0
@DISEASE_Cerebellar_Hypoplasia;@DISEASE_Cerebellar_Hypoplasia;disease;1.0
@DISEASE_Cerebellar_Neoplasms;@DISEASE_Cerebellar_Neoplasms;disease;1.0
@DISEASE_Cerebral_Hemorrhage_Traumatic;@DISEASE_Cerebral_Hemorrhage_Traumatic;disease;1.0
@DISEASE_Cerebrovascular_Trauma;@DISEASE_Cerebrovascular_Trauma;disease;1.0
@DISEASE_Ceroid_Lipofuscinosis_Neuronal_1;@DISEASE_Ceroid_Lipofuscinosis_Neuronal_1;disease;1.0
@DISEASE_Ceroid_lipofuscinosis_neuronal_8;@DISEASE_Ceroid_lipofuscinosis_neuronal_8;disease;1.0
@DISEASE_Charcot_Marie_Tooth_disease_Type_2D;@DISEASE_Charcot_Marie_Tooth_disease_Type_2D;disease;1.0
@DISEASE_Charcot_Marie_Tooth_disease_Type_4E;@DISEASE_Charcot_Marie_Tooth_disease_Type_4E;disease;1.0
@DISEASE_Chediak_Higashi_Syndrome;@DISEASE_Chediak_Higashi_Syndrome;disease;1.0
@DISEASE_Cheyne_Stokes_Respiration;@DISEASE_Cheyne_Stokes_Respiration;disease;1.0
@DISEASE_Cholecystitis_Acute;@DISEASE_Cholecystitis_Acute;disease;1.0
@DISEASE_Cholestasis_progressive_familial_intrahepatic_1;@DISEASE_Cholestasis_progressive_familial_intrahepatic_1;disease;1.0
@DISEASE_Cholestasis_progressive_familial_intrahepatic_2;@DISEASE_Cholestasis_progressive_familial_intrahepatic_2;disease;1.0
@DISEASE_Choline_Deficiency;@DISEASE_Choline_Deficiency;disease;1.0
@DISEASE_Chondrocalcinosis_2;@DISEASE_Chondrocalcinosis_2;disease;1.0
@DISEASE_Chondrocalcinosis_due_to_Apatite_crystal_deposition;@DISEASE_Chondrocalcinosis_due_to_Apatite_crystal_deposition;disease;1.0
@DISEASE_Chondroitin_6_Sulfaturia_Defective_Cellular_Immunity_Nephrotic_Syndrome;@DISEASE_Chondroitin_6_Sulfaturia_Defective_Cellular_Immunity_Nephrotic_Syndrome;disease;1.0
@DISEASE_Chondroma;@DISEASE_Chondroma;disease;1.0
@DISEASE_Chondromatosis;@DISEASE_Chondromatosis;disease;1.0
@DISEASE_Choristoma;@DISEASE_Choristoma;disease;1.0
@DISEASE_Choroid_Diseases;@DISEASE_Choroid_Diseases;disease;1.0
@DISEASE_Chromoblastomycosis;@DISEASE_Chromoblastomycosis;disease;1.0
@DISEASE_Chromosome_7_trisomy_mosaic;@DISEASE_Chromosome_7_trisomy_mosaic;disease;1.0
@DISEASE_Chromosome_8_trisomy;@DISEASE_Chromosome_8_trisomy;disease;1.0
@DISEASE_Chromosome_Breakage;@DISEASE_Chromosome_Breakage;disease;1.0
@DISEASE_Chromosome_Deletion;@DISEASE_Chromosome_Deletion;disease;1.0
@DISEASE_Chromosome_Inversion;@DISEASE_Chromosome_Inversion;disease;1.0
@DISEASE_Chronic_Traumatic_Encephalopathy;@DISEASE_Chronic_Traumatic_Encephalopathy;disease;1.0
@DISEASE_Ciliary_Discoordination_Due_To_Random_Ciliary_Orientation;@DISEASE_Ciliary_Discoordination_Due_To_Random_Ciliary_Orientation;disease;1.0
@DISEASE_Ciliary_Dyskinesia_Primary_9;@DISEASE_Ciliary_Dyskinesia_Primary_9;disease;1.0
@DISEASE_Classical_Lissencephalies_and_Subcortical_Band_Heterotopias;@DISEASE_Classical_Lissencephalies_and_Subcortical_Band_Heterotopias;disease;1.0
@DISEASE_Cluster_Headache;@DISEASE_Cluster_Headache;disease;1.0
@DISEASE_Colitis_Collagenous;@DISEASE_Colitis_Collagenous;disease;1.0
@DISEASE_Colitis_Lymphocytic;@DISEASE_Colitis_Lymphocytic;disease;1.0
@DISEASE_Colles'_Fracture;@DISEASE_Colles'_Fracture;disease;1.0
@DISEASE_Combined_Oxidative_Phosphorylation_Deficiency_1;@DISEASE_Combined_Oxidative_Phosphorylation_Deficiency_1;disease;1.0
@DISEASE_Complement_Component_3_Deficiency_Autosomal_Recessive;@DISEASE_Complement_Component_3_Deficiency_Autosomal_Recessive;disease;1.0
@DISEASE_Complement_component_5_deficiency;@DISEASE_Complement_component_5_deficiency;disease;1.0
@DISEASE_Condylomata_Acuminata;@DISEASE_Condylomata_Acuminata;disease;1.0
@DISEASE_Cone_Dystrophy;@DISEASE_Cone_Dystrophy;disease;1.0
@DISEASE_Cone_Rod_Dystrophy_X_Linked_3;@DISEASE_Cone_Rod_Dystrophy_X_Linked_3;disease;1.0
@DISEASE_Congenital_Microtia;@DISEASE_Congenital_Microtia;disease;1.0
@DISEASE_Congenital_absence_of_gluteal_muscles;@DISEASE_Congenital_absence_of_gluteal_muscles;disease;1.0
@DISEASE_Congenital_disorder_of_glycosylation_type_2C;@DISEASE_Congenital_disorder_of_glycosylation_type_2C;disease;1.0
@DISEASE_Congenital_pseudoarthrosis;@DISEASE_Congenital_pseudoarthrosis;disease;1.0
@DISEASE_Conjunctivitis_Bacterial;@DISEASE_Conjunctivitis_Bacterial;disease;1.0
@DISEASE_Conotruncal_cardiac_defects;@DISEASE_Conotruncal_cardiac_defects;disease;1.0
@DISEASE_Copper_Overload_Cirrhosis;@DISEASE_Copper_Overload_Cirrhosis;disease;1.0
@DISEASE_Cor_Triatriatum;@DISEASE_Cor_Triatriatum;disease;1.0
@DISEASE_Corneal_Dystrophy_Fuchs_Endothelial_4;@DISEASE_Corneal_Dystrophy_Fuchs_Endothelial_4;disease;1.0
@DISEASE_Corneal_cerebellar_syndrome;@DISEASE_Corneal_cerebellar_syndrome;disease;1.0
@DISEASE_Corneal_dystrophy_and_perceptive_deafness;@DISEASE_Corneal_dystrophy_and_perceptive_deafness;disease;1.0
@DISEASE_Corneal_dystrophy_of_Bowman_layer_type_1;@DISEASE_Corneal_dystrophy_of_Bowman_layer_type_1;disease;1.0
@DISEASE_Corneal_endothelial_dystrophy_type_2;@DISEASE_Corneal_endothelial_dystrophy_type_2;disease;1.0
@DISEASE_Coronary_Artery_Dissection_Spontaneous;@DISEASE_Coronary_Artery_Dissection_Spontaneous;disease;1.0
@DISEASE_Coronary_Vessel_Anomalies;@DISEASE_Coronary_Vessel_Anomalies;disease;1.0
@DISEASE_Corticosteroid_Binding_Globulin_Deficiency;@DISEASE_Corticosteroid_Binding_Globulin_Deficiency;disease;1.0
@DISEASE_Cortisone_reductase_deficiency;@DISEASE_Cortisone_reductase_deficiency;disease;1.0
@DISEASE_Cranial_Nerve_Injuries;@DISEASE_Cranial_Nerve_Injuries;disease;1.0
@DISEASE_Craniofacial_Fibrous_Dysplasia;@DISEASE_Craniofacial_Fibrous_Dysplasia;disease;1.0
@DISEASE_Craniometaphyseal_Dysplasia_Autosomal_Dominant;@DISEASE_Craniometaphyseal_Dysplasia_Autosomal_Dominant;disease;1.0
@DISEASE_Craniometaphyseal_dysplasia_autosomal_recessive_type;@DISEASE_Craniometaphyseal_dysplasia_autosomal_recessive_type;disease;1.0
@DISEASE_Craniosynostosis_Type_2;@DISEASE_Craniosynostosis_Type_2;disease;1.0
@DISEASE_Crush_Syndrome;@DISEASE_Crush_Syndrome;disease;1.0
@DISEASE_Cumulative_Trauma_Disorders;@DISEASE_Cumulative_Trauma_Disorders;disease;1.0
@DISEASE_Currarino_triad;@DISEASE_Currarino_triad;disease;1.0
@DISEASE_Cutis_Gyrata_Syndrome_of_Beare_And_Stevenson;@DISEASE_Cutis_Gyrata_Syndrome_of_Beare_And_Stevenson;disease;1.0
@DISEASE_Cutis_Laxa;@DISEASE_Cutis_Laxa;disease;1.0
@DISEASE_Cutis_Laxa_Autosomal_Recessive_Type_I;@DISEASE_Cutis_Laxa_Autosomal_Recessive_Type_I;disease;1.0
@DISEASE_Cystadenocarcinoma_Mucinous;@DISEASE_Cystadenocarcinoma_Mucinous;disease;1.0
@DISEASE_Cystadenoma;@DISEASE_Cystadenoma;disease;1.0
@DISEASE_Cytomegalovirus_Retinitis;@DISEASE_Cytomegalovirus_Retinitis;disease;1.0
@DISEASE_D_glycericacidemia;@DISEASE_D_glycericacidemia;disease;1.0
@DISEASE_Dandruff;@DISEASE_Dandruff;disease;1.0
@DISEASE_Dandy_Walker_Syndrome;@DISEASE_Dandy_Walker_Syndrome;disease;1.0
@DISEASE_Darier_Disease_Segmental;@DISEASE_Darier_Disease_Segmental;disease;1.0
@DISEASE_De_Barsy_syndrome;@DISEASE_De_Barsy_syndrome;disease;1.0
@DISEASE_Deafness_Autosomal_Recessive;@DISEASE_Deafness_Autosomal_Recessive;disease;1.0
@DISEASE_Deafness_Autosomal_Recessive_71;@DISEASE_Deafness_Autosomal_Recessive_71;disease;1.0
@DISEASE_Deafness_X_Linked_1;@DISEASE_Deafness_X_Linked_1;disease;1.0
@DISEASE_Dehydrated_Hereditary_Stomatocytosis_Pseudohyperkalemia_and_Perinatal_Edema;@DISEASE_Dehydrated_Hereditary_Stomatocytosis_Pseudohyperkalemia_and_Perinatal_Edema;disease;1.0
@DISEASE_Dementia_Multi_Infarct;@DISEASE_Dementia_Multi_Infarct;disease;1.0
@DISEASE_Dendritic_Cell_Sarcoma_Follicular;@DISEASE_Dendritic_Cell_Sarcoma_Follicular;disease;1.0
@DISEASE_Dent_disease_1;@DISEASE_Dent_disease_1;disease;1.0
@DISEASE_Dental_Leakage;@DISEASE_Dental_Leakage;disease;1.0
@DISEASE_Dentofacial_Deformities;@DISEASE_Dentofacial_Deformities;disease;1.0
@DISEASE_Dermatomycoses;@DISEASE_Dermatomycoses;disease;1.0
@DISEASE_Diabetes_Mellitus_Insulin_Dependent_19;@DISEASE_Diabetes_Mellitus_Insulin_Dependent_19;disease;1.0
@DISEASE_Diabetes_Mellitus_Noninsulin_Dependent_2;@DISEASE_Diabetes_Mellitus_Noninsulin_Dependent_2;disease;1.0
@DISEASE_Diabetes_Mellitus_Permanent_Neonatal_with_Cerebellar_Agenesis;@DISEASE_Diabetes_Mellitus_Permanent_Neonatal_with_Cerebellar_Agenesis;disease;1.0
@DISEASE_Dicarboxylicaminoaciduria;@DISEASE_Dicarboxylicaminoaciduria;disease;1.0
@DISEASE_Diffuse_panbronchiolitis;@DISEASE_Diffuse_panbronchiolitis;disease;1.0
@DISEASE_Dimauro_disease;@DISEASE_Dimauro_disease;disease;1.0
@DISEASE_Distemper;@DISEASE_Distemper;disease;1.0
@DISEASE_Diverticulum;@DISEASE_Diverticulum;disease;1.0
@DISEASE_Dog_Diseases;@DISEASE_Dog_Diseases;disease;1.0
@DISEASE_Drowning;@DISEASE_Drowning;disease;1.0
@DISEASE_Drug_Metabolism_Poor_CYP2C19_Related;@DISEASE_Drug_Metabolism_Poor_CYP2C19_Related;disease;1.0
@DISEASE_Dwarfism_tall_vertebrae;@DISEASE_Dwarfism_tall_vertebrae;disease;1.0
@DISEASE_Dyscalculia;@DISEASE_Dyscalculia;disease;1.0
@DISEASE_Dysentery_Amebic;@DISEASE_Dysentery_Amebic;disease;1.0
@DISEASE_Dysgnathia_complex;@DISEASE_Dysgnathia_complex;disease;1.0
@DISEASE_Dyskeratosis_Congenita_Autosomal_Dominant;@DISEASE_Dyskeratosis_Congenita_Autosomal_Dominant;disease;1.0
@DISEASE_Dystonia_musculorum_deformans_type_2;@DISEASE_Dystonia_musculorum_deformans_type_2;disease;1.0
@DISEASE_Eales_disease;@DISEASE_Eales_disease;disease;1.0
@DISEASE_Echinococcosis_Hepatic;@DISEASE_Echinococcosis_Hepatic;disease;1.0
@DISEASE_Ectopia_Lentis_Spontaneous_Filtering_Blebs_and_Craniofacial_Dysmorphism;@DISEASE_Ectopia_Lentis_Spontaneous_Filtering_Blebs_and_Craniofacial_Dysmorphism;disease;1.0
@DISEASE_Ectopia_Lentis_with_Ectopia_of_Pupil;@DISEASE_Ectopia_Lentis_with_Ectopia_of_Pupil;disease;1.0
@DISEASE_Ectropion;@DISEASE_Ectropion;disease;1.0
@DISEASE_Eczema_Dyshidrotic;@DISEASE_Eczema_Dyshidrotic;disease;1.0
@DISEASE_Ehlers_Danlos_Syndrome_Type_VII_Autosomal_Dominant;@DISEASE_Ehlers_Danlos_Syndrome_Type_VII_Autosomal_Dominant;disease;1.0
@DISEASE_Ehlers_Danlos_Syndrome_musculocontractural_type_1;@DISEASE_Ehlers_Danlos_Syndrome_musculocontractural_type_1;disease;1.0
@DISEASE_Ehlers_Danlos_syndrome_type_5;@DISEASE_Ehlers_Danlos_syndrome_type_5;disease;1.0
@DISEASE_Elastosis_perforans_serpiginosa;@DISEASE_Elastosis_perforans_serpiginosa;disease;1.0
@DISEASE_Elbow_Fractures;@DISEASE_Elbow_Fractures;disease;1.0
@DISEASE_Elbow_Injuries;@DISEASE_Elbow_Injuries;disease;1.0
@DISEASE_Emanuel_syndrome;@DISEASE_Emanuel_syndrome;disease;1.0
@DISEASE_Embolism_Paradoxical;@DISEASE_Embolism_Paradoxical;disease;1.0
@DISEASE_Embolism_and_Thrombosis;@DISEASE_Embolism_and_Thrombosis;disease;1.0
@DISEASE_Encephalitis_California;@DISEASE_Encephalitis_California;disease;1.0
@DISEASE_Encephalitis_Japanese;@DISEASE_Encephalitis_Japanese;disease;1.0
@DISEASE_Encephalitis_St._Louis;@DISEASE_Encephalitis_St._Louis;disease;1.0
@DISEASE_Encephalitis_Tick_Borne;@DISEASE_Encephalitis_Tick_Borne;disease;1.0
@DISEASE_Encephalocele;@DISEASE_Encephalocele;disease;1.0
@DISEASE_Encephalocraniocutaneous_lipomatosis;@DISEASE_Encephalocraniocutaneous_lipomatosis;disease;1.0
@DISEASE_Encephalopathy_Bovine_Spongiform;@DISEASE_Encephalopathy_Bovine_Spongiform;disease;1.0
@DISEASE_Endodermal_Sinus_Tumor;@DISEASE_Endodermal_Sinus_Tumor;disease;1.0
@DISEASE_Enhanced_S_Cone_Syndrome;@DISEASE_Enhanced_S_Cone_Syndrome;disease;1.0
@DISEASE_Enophthalmos;@DISEASE_Enophthalmos;disease;1.0
@DISEASE_Enteropathy_Familial_with_Villous_Edema_and_Immunoglobulin_G2_Deficiency;@DISEASE_Enteropathy_Familial_with_Villous_Edema_and_Immunoglobulin_G2_Deficiency;disease;1.0
@DISEASE_Enterotoxemia;@DISEASE_Enterotoxemia;disease;1.0
@DISEASE_Enterovirus_Infections;@DISEASE_Enterovirus_Infections;disease;1.0
@DISEASE_Eosinophilia_Myalgia_Syndrome;@DISEASE_Eosinophilia_Myalgia_Syndrome;disease;1.0
@DISEASE_Eosinophilic_Granuloma;@DISEASE_Eosinophilic_Granuloma;disease;1.0
@DISEASE_Epidermolysis_Bullosa_Junctional_Non_Herlitz_Type;@DISEASE_Epidermolysis_Bullosa_Junctional_Non_Herlitz_Type;disease;1.0
@DISEASE_Epidermolysis_Bullosa_with_Deficiency_of_Galactosylhydroxylysyl_Glucosyltransferase;@DISEASE_Epidermolysis_Bullosa_with_Deficiency_of_Galactosylhydroxylysyl_Glucosyltransferase;disease;1.0
@DISEASE_Epidermolysis_bullosa_pretibial;@DISEASE_Epidermolysis_bullosa_pretibial;disease;1.0
@DISEASE_Epilepsia_Partialis_Continua;@DISEASE_Epilepsia_Partialis_Continua;disease;1.0
@DISEASE_Epilepsy_Complex_Partial;@DISEASE_Epilepsy_Complex_Partial;disease;1.0
@DISEASE_Epilepsy_Partial_Motor;@DISEASE_Epilepsy_Partial_Motor;disease;1.0
@DISEASE_Epilepsy_rolandic_with_paroxysmal_exercise_induced_dystonia_and_writer's_cramp;@DISEASE_Epilepsy_rolandic_with_paroxysmal_exercise_induced_dystonia_and_writer's_cramp;disease;1.0
@DISEASE_Epiphyseal_Dysplasia_Multiple_with_Severe_Proximal_Femoral_Dysplasia;@DISEASE_Epiphyseal_Dysplasia_Multiple_with_Severe_Proximal_Femoral_Dysplasia;disease;1.0
@DISEASE_Episodic_Ataxia_Type_1;@DISEASE_Episodic_Ataxia_Type_1;disease;1.0
@DISEASE_Episodic_Kinesigenic_Dyskinesia_2;@DISEASE_Episodic_Kinesigenic_Dyskinesia_2;disease;1.0
@DISEASE_Epithelial_Squamous_Dysplasia_Keratinizing_Desquamative_of_Urinary_Tract;@DISEASE_Epithelial_Squamous_Dysplasia_Keratinizing_Desquamative_of_Urinary_Tract;disease;1.0
@DISEASE_Erdheim_Chester_Disease;@DISEASE_Erdheim_Chester_Disease;disease;1.0
@DISEASE_Erythema_Ab_Igne;@DISEASE_Erythema_Ab_Igne;disease;1.0
@DISEASE_Erythema_Induratum;@DISEASE_Erythema_Induratum;disease;1.0
@DISEASE_Erythema_Infectiosum;@DISEASE_Erythema_Infectiosum;disease;1.0
@DISEASE_Erythrokeratoderma_Reticular;@DISEASE_Erythrokeratoderma_Reticular;disease;1.0
@DISEASE_Esophageal_Atresia;@DISEASE_Esophageal_Atresia;disease;1.0
@DISEASE_Esophageal_Fistula;@DISEASE_Esophageal_Fistula;disease;1.0
@DISEASE_Esotropia;@DISEASE_Esotropia;disease;1.0
@DISEASE_Esthesioneuroblastoma_Olfactory;@DISEASE_Esthesioneuroblastoma_Olfactory;disease;1.0
@DISEASE_Ethmoid_Sinusitis;@DISEASE_Ethmoid_Sinusitis;disease;1.0
@DISEASE_Exfoliative_Ichthyosis_Autosomal_Recessive_Ichthyosis_Bullosa_of_Siemens_like;@DISEASE_Exfoliative_Ichthyosis_Autosomal_Recessive_Ichthyosis_Bullosa_of_Siemens_like;disease;1.0
@DISEASE_Facial_Hemihypertrophy;@DISEASE_Facial_Hemihypertrophy;disease;1.0
@DISEASE_Factitious_Disorders;@DISEASE_Factitious_Disorders;disease;1.0
@DISEASE_Fallopian_Tube_Neoplasms;@DISEASE_Fallopian_Tube_Neoplasms;disease;1.0
@DISEASE_Familial_acanthosis_nigricans;@DISEASE_Familial_acanthosis_nigricans;disease;1.0
@DISEASE_Familial_benign_hypercalcemia_type_3;@DISEASE_Familial_benign_hypercalcemia_type_3;disease;1.0
@DISEASE_Familial_cyclic_vomiting_syndrome;@DISEASE_Familial_cyclic_vomiting_syndrome;disease;1.0
@DISEASE_Familial_spinal_arachnoiditis;@DISEASE_Familial_spinal_arachnoiditis;disease;1.0
@DISEASE_Fanconi_Anemia_Complementation_Group_D1;@DISEASE_Fanconi_Anemia_Complementation_Group_D1;disease;1.0
@DISEASE_Fasciitis_Plantar;@DISEASE_Fasciitis_Plantar;disease;1.0
@DISEASE_Feline_Panleukopenia;@DISEASE_Feline_Panleukopenia;disease;1.0
@DISEASE_Fetal_Hypoxia;@DISEASE_Fetal_Hypoxia;disease;1.0
@DISEASE_Fetal_hydantoin_syndrome;@DISEASE_Fetal_hydantoin_syndrome;disease;1.0
@DISEASE_Fetomaternal_Transfusion;@DISEASE_Fetomaternal_Transfusion;disease;1.0
@DISEASE_Fever_of_Unknown_Origin;@DISEASE_Fever_of_Unknown_Origin;disease;1.0
@DISEASE_Fibroadenoma;@DISEASE_Fibroadenoma;disease;1.0
@DISEASE_Fibromatosis_Gingival;@DISEASE_Fibromatosis_Gingival;disease;1.0
@DISEASE_Fibrosis_Of_Extraocular_Muscles_Congenital_3A_with_or_without_Extraocular_Involvement;@DISEASE_Fibrosis_Of_Extraocular_Muscles_Congenital_3A_with_or_without_Extraocular_Involvement;disease;1.0
@DISEASE_Fibrous_Dysplasia_Monostotic;@DISEASE_Fibrous_Dysplasia_Monostotic;disease;1.0
@DISEASE_Flank_Pain;@DISEASE_Flank_Pain;disease;1.0
@DISEASE_Follicle_stimulating_hormone_deficiency_isolated;@DISEASE_Follicle_stimulating_hormone_deficiency_isolated;disease;1.0
@DISEASE_Foot_and_Mouth_Disease;@DISEASE_Foot_and_Mouth_Disease;disease;1.0
@DISEASE_Fournier_Gangrene;@DISEASE_Fournier_Gangrene;disease;1.0
@DISEASE_Foveal_Hypoplasia_and_Anterior_Segment_Dysgenesis;@DISEASE_Foveal_Hypoplasia_and_Anterior_Segment_Dysgenesis;disease;1.0
@DISEASE_Fowler_Christmas_Chapple_syndrome;@DISEASE_Fowler_Christmas_Chapple_syndrome;disease;1.0
@DISEASE_Fraser_Jequier_Chen_syndrome;@DISEASE_Fraser_Jequier_Chen_syndrome;disease;1.0
@DISEASE_Fraser_Syndrome;@DISEASE_Fraser_Syndrome;disease;1.0
@DISEASE_Frasier_Syndrome;@DISEASE_Frasier_Syndrome;disease;1.0
@DISEASE_Freiberg's_disease;@DISEASE_Freiberg's_disease;disease;1.0
@DISEASE_Friedreich_Ataxia_1;@DISEASE_Friedreich_Ataxia_1;disease;1.0
@DISEASE_Fructose_1_6_Diphosphatase_Deficiency;@DISEASE_Fructose_1_6_Diphosphatase_Deficiency;disease;1.0
@DISEASE_Fucosidosis;@DISEASE_Fucosidosis;disease;1.0
@DISEASE_Fundus_Dystrophy_Pseudoinflammatory_Of_Sorsby;@DISEASE_Fundus_Dystrophy_Pseudoinflammatory_Of_Sorsby;disease;1.0
@DISEASE_Gamma_A_Globulin_Defect_in_Assembly_of;@DISEASE_Gamma_A_Globulin_Defect_in_Assembly_of;disease;1.0
@DISEASE_Gamma_aminobutyric_acid_transaminase_deficiency;@DISEASE_Gamma_aminobutyric_acid_transaminase_deficiency;disease;1.0
@DISEASE_Gamma_cystathionase_deficiency;@DISEASE_Gamma_cystathionase_deficiency;disease;1.0
@DISEASE_Gardner_Diamond_syndrome;@DISEASE_Gardner_Diamond_syndrome;disease;1.0
@DISEASE_Gardner_Syndrome;@DISEASE_Gardner_Syndrome;disease;1.0
@DISEASE_Gastric_Outlet_Obstruction;@DISEASE_Gastric_Outlet_Obstruction;disease;1.0
@DISEASE_Gaucher_Disease_Perinatal_Lethal;@DISEASE_Gaucher_Disease_Perinatal_Lethal;disease;1.0
@DISEASE_Genee_Wiedemann_syndrome;@DISEASE_Genee_Wiedemann_syndrome;disease;1.0
@DISEASE_Genital_Diseases;@DISEASE_Genital_Diseases;disease;1.0
@DISEASE_Genitourinary_Tract_Anomalies;@DISEASE_Genitourinary_Tract_Anomalies;disease;1.0
@DISEASE_Genu_valgum_st_Helena_familial;@DISEASE_Genu_valgum_st_Helena_familial;disease;1.0
@DISEASE_Gigantiform_Cementoma_Familial;@DISEASE_Gigantiform_Cementoma_Familial;disease;1.0
@DISEASE_Gingival_Hemorrhage;@DISEASE_Gingival_Hemorrhage;disease;1.0
@DISEASE_Gingival_Hyperplasia;@DISEASE_Gingival_Hyperplasia;disease;1.0
@DISEASE_Gingival_Pocket;@DISEASE_Gingival_Pocket;disease;1.0
@DISEASE_Gingivitis_Necrotizing_Ulcerative;@DISEASE_Gingivitis_Necrotizing_Ulcerative;disease;1.0
@DISEASE_Glaucoma_1_Open_Angle_J;@DISEASE_Glaucoma_1_Open_Angle_J;disease;1.0
@DISEASE_Glaucoma_Neovascular;@DISEASE_Glaucoma_Neovascular;disease;1.0
@DISEASE_Glaucoma_Related_Pigment_Dispersion_Syndrome;@DISEASE_Glaucoma_Related_Pigment_Dispersion_Syndrome;disease;1.0
@DISEASE_Glomus_Tympanicum_Tumor;@DISEASE_Glomus_Tympanicum_Tumor;disease;1.0
@DISEASE_Glomus_vagale_tumors;@DISEASE_Glomus_vagale_tumors;disease;1.0
@DISEASE_Glossalgia;@DISEASE_Glossalgia;disease;1.0
@DISEASE_Glutamyl_Ribose_5_Phosphate_Storage_Disease;@DISEASE_Glutamyl_Ribose_5_Phosphate_Storage_Disease;disease;1.0
@DISEASE_Glycogen_Storage_Disease_0_Muscle;@DISEASE_Glycogen_Storage_Disease_0_Muscle;disease;1.0
@DISEASE_Glycogen_Storage_Disease_IB;@DISEASE_Glycogen_Storage_Disease_IB;disease;1.0
@DISEASE_Glycogen_Storage_Disease_Type_IXD;@DISEASE_Glycogen_Storage_Disease_Type_IXD;disease;1.0
@DISEASE_Goldenhar_Syndrome;@DISEASE_Goldenhar_Syndrome;disease;1.0
@DISEASE_Gonadal_Dysgenesis;@DISEASE_Gonadal_Dysgenesis;disease;1.0
@DISEASE_Gonadal_dysgenesis_XX_type_deafness;@DISEASE_Gonadal_dysgenesis_XX_type_deafness;disease;1.0
@DISEASE_Granular_Cell_Tumor;@DISEASE_Granular_Cell_Tumor;disease;1.0
@DISEASE_Granulocytopenia_with_Immunoglobulin_Abnormality;@DISEASE_Granulocytopenia_with_Immunoglobulin_Abnormality;disease;1.0
@DISEASE_Granuloma_Foreign_Body;@DISEASE_Granuloma_Foreign_Body;disease;1.0
@DISEASE_Granulosis_Rubra_Nasi;@DISEASE_Granulosis_Rubra_Nasi;disease;1.0
@DISEASE_Graying_of_Hair_Precocious;@DISEASE_Graying_of_Hair_Precocious;disease;1.0
@DISEASE_Griscelli_syndrome_type_1;@DISEASE_Griscelli_syndrome_type_1;disease;1.0
@DISEASE_Growth_hormone_excess;@DISEASE_Growth_hormone_excess;disease;1.0
@DISEASE_Growth_mental_deficiency_syndrome_of_Myhre;@DISEASE_Growth_mental_deficiency_syndrome_of_Myhre;disease;1.0
@DISEASE_Gurrieri_Sammito_Bellussi_syndrome;@DISEASE_Gurrieri_Sammito_Bellussi_syndrome;disease;1.0
@DISEASE_Hallux_Valgus;@DISEASE_Hallux_Valgus;disease;1.0
@DISEASE_Hallux_Varus;@DISEASE_Hallux_Varus;disease;1.0
@DISEASE_Hand_Deformities;@DISEASE_Hand_Deformities;disease;1.0
@DISEASE_Hand_Injuries;@DISEASE_Hand_Injuries;disease;1.0
@DISEASE_Headache_Disorders_Primary;@DISEASE_Headache_Disorders_Primary;disease;1.0
@DISEASE_Hearing_Loss_Bilateral;@DISEASE_Hearing_Loss_Bilateral;disease;1.0
@DISEASE_Hearing_Loss_Functional;@DISEASE_Hearing_Loss_Functional;disease;1.0
@DISEASE_Heart_Rupture;@DISEASE_Heart_Rupture;disease;1.0
@DISEASE_Heart_Septal_Defects_Atrial;@DISEASE_Heart_Septal_Defects_Atrial;disease;1.0
@DISEASE_Heel_Spur;@DISEASE_Heel_Spur;disease;1.0
@DISEASE_Hemangioendothelioma_Epithelioid;@DISEASE_Hemangioendothelioma_Epithelioid;disease;1.0
@DISEASE_Hemangiopericytoma;@DISEASE_Hemangiopericytoma;disease;1.0
@DISEASE_Hematoma_Epidural_Spinal;@DISEASE_Hematoma_Epidural_Spinal;disease;1.0
@DISEASE_Hematometra;@DISEASE_Hematometra;disease;1.0
@DISEASE_Heme_Oxygenase_1_Deficiency;@DISEASE_Heme_Oxygenase_1_Deficiency;disease;1.0
@DISEASE_Hemimegalencephaly;@DISEASE_Hemimegalencephaly;disease;1.0
@DISEASE_Hemoglobin_C_Disease;@DISEASE_Hemoglobin_C_Disease;disease;1.0
@DISEASE_Hemoglobinopathies;@DISEASE_Hemoglobinopathies;disease;1.0
@DISEASE_Hemoperitoneum;@DISEASE_Hemoperitoneum;disease;1.0
@DISEASE_Hemorrhagic_Fever_American;@DISEASE_Hemorrhagic_Fever_American;disease;1.0
@DISEASE_Hemorrhagic_Septicemia_Viral;@DISEASE_Hemorrhagic_Septicemia_Viral;disease;1.0
@DISEASE_Henipavirus_Infections;@DISEASE_Henipavirus_Infections;disease;1.0
@DISEASE_Hennekam_lymphangiectasia_lymphedema_syndrome;@DISEASE_Hennekam_lymphangiectasia_lymphedema_syndrome;disease;1.0
@DISEASE_Hepatic_Infarction;@DISEASE_Hepatic_Infarction;disease;1.0
@DISEASE_Hepatitis_D_Chronic;@DISEASE_Hepatitis_D_Chronic;disease;1.0
@DISEASE_Hereditary_Renal_Cancer_Associated_1;@DISEASE_Hereditary_Renal_Cancer_Associated_1;disease;1.0
@DISEASE_Hereditary_renal_agenesis;@DISEASE_Hereditary_renal_agenesis;disease;1.0
@DISEASE_Hernias_Diaphragmatic_Congenital;@DISEASE_Hernias_Diaphragmatic_Congenital;disease;1.0
@DISEASE_Herpes_Genitalis;@DISEASE_Herpes_Genitalis;disease;1.0
@DISEASE_Herpes_Labialis;@DISEASE_Herpes_Labialis;disease;1.0
@DISEASE_Hip_Dislocation_Congenital;@DISEASE_Hip_Dislocation_Congenital;disease;1.0
@DISEASE_Hip_socket_neuropathy;@DISEASE_Hip_socket_neuropathy;disease;1.0
@DISEASE_Histiocytosis_with_joint_contractures_and_sensorineural_deafness;@DISEASE_Histiocytosis_with_joint_contractures_and_sensorineural_deafness;disease;1.0
@DISEASE_Holoprosencephaly_Ectrodactyly_and_Bilateral_Cleft_Lip_Palate;@DISEASE_Holoprosencephaly_Ectrodactyly_and_Bilateral_Cleft_Lip_Palate;disease;1.0
@DISEASE_Holoprosencephaly_recurrent_infections_and_monocytosis;@DISEASE_Holoprosencephaly_recurrent_infections_and_monocytosis;disease;1.0
@DISEASE_Hordeolum;@DISEASE_Hordeolum;disease;1.0
@DISEASE_Humeral_Fractures_Distal;@DISEASE_Humeral_Fractures_Distal;disease;1.0
@DISEASE_Huntington_Disease_Like_Syndrome;@DISEASE_Huntington_Disease_Like_Syndrome;disease;1.0
@DISEASE_Hutchinson's_Melanotic_Freckle;@DISEASE_Hutchinson's_Melanotic_Freckle;disease;1.0
@DISEASE_Hydatidiform_Mole_Invasive;@DISEASE_Hydatidiform_Mole_Invasive;disease;1.0
@DISEASE_Hydranencephaly;@DISEASE_Hydranencephaly;disease;1.0
@DISEASE_Hydrophthalmos;@DISEASE_Hydrophthalmos;disease;1.0
@DISEASE_Hydropneumothorax;@DISEASE_Hydropneumothorax;disease;1.0
@DISEASE_Hydroxylysinuria;@DISEASE_Hydroxylysinuria;disease;1.0
@DISEASE_Hyper_IgM_Immunodeficiency_Syndrome_Type_1;@DISEASE_Hyper_IgM_Immunodeficiency_Syndrome_Type_1;disease;1.0
@DISEASE_Hyperandrogenism_Nonclassic_Type_due_to_21_Hydroxylase_Deficiency;@DISEASE_Hyperandrogenism_Nonclassic_Type_due_to_21_Hydroxylase_Deficiency;disease;1.0
@DISEASE_Hyperbilirubinemia_Shunt;@DISEASE_Hyperbilirubinemia_Shunt;disease;1.0
@DISEASE_Hypercalciuric_Hypocalcemia_Familial;@DISEASE_Hypercalciuric_Hypocalcemia_Familial;disease;1.0
@DISEASE_Hyperferritinemia_hereditary_with_congenital_cataracts;@DISEASE_Hyperferritinemia_hereditary_with_congenital_cataracts;disease;1.0
@DISEASE_Hyperkeratotic_Cutaneous_Capillary_Venous_Malformations_Associated_With_Cerebral_Capillary_Malformations;@DISEASE_Hyperkeratotic_Cutaneous_Capillary_Venous_Malformations_Associated_With_Cerebral_Capillary_Malformations;disease;1.0
@DISEASE_Hyperlipidemia_Familial_Combined;@DISEASE_Hyperlipidemia_Familial_Combined;disease;1.0
@DISEASE_Hyperlipoproteinemia_Type_IV;@DISEASE_Hyperlipoproteinemia_Type_IV;disease;1.0
@DISEASE_Hyperostosis_Cortical_Congenital;@DISEASE_Hyperostosis_Cortical_Congenital;disease;1.0
@DISEASE_Hyperostosis_Frontalis_Interna;@DISEASE_Hyperostosis_Frontalis_Interna;disease;1.0
@DISEASE_Hyperparathyroidism_2;@DISEASE_Hyperparathyroidism_2;disease;1.0
@DISEASE_Hypertrichosis_congenital_generalized_X_linked;@DISEASE_Hypertrichosis_congenital_generalized_X_linked;disease;1.0
@DISEASE_Hypertriglyceridemic_Waist;@DISEASE_Hypertriglyceridemic_Waist;disease;1.0
@DISEASE_Hypertryptophanemia_Familial;@DISEASE_Hypertryptophanemia_Familial;disease;1.0
@DISEASE_Hypochondroplasia;@DISEASE_Hypochondroplasia;disease;1.0
@DISEASE_Hypokalemic_Periodic_Paralysis_Type_2;@DISEASE_Hypokalemic_Periodic_Paralysis_Type_2;disease;1.0
@DISEASE_Hypomagnesemia_2_renal;@DISEASE_Hypomagnesemia_2_renal;disease;1.0
@DISEASE_Hypophosphatasia_Infantile;@DISEASE_Hypophosphatasia_Infantile;disease;1.0
@DISEASE_Hypophosphatemic_Rickets_Autosomal_Recessive_2;@DISEASE_Hypophosphatemic_Rickets_Autosomal_Recessive_2;disease;1.0
@DISEASE_Hypoprothrombinemias;@DISEASE_Hypoprothrombinemias;disease;1.0
@DISEASE_Hypothyroidism_Autoimmune;@DISEASE_Hypothyroidism_Autoimmune;disease;1.0
@DISEASE_Hypovolemia;@DISEASE_Hypovolemia;disease;1.0
@DISEASE_Ichthyosiform_erythroderma_Brocq_congenital_nonbullous_form;@DISEASE_Ichthyosiform_erythroderma_Brocq_congenital_nonbullous_form;disease;1.0
@DISEASE_Idiopathic_Juxtafoveal_Retinal_Telangiectasia;@DISEASE_Idiopathic_Juxtafoveal_Retinal_Telangiectasia;disease;1.0
@DISEASE_Iliac_Aneurysm;@DISEASE_Iliac_Aneurysm;disease;1.0
@DISEASE_Iliotibial_Band_Syndrome;@DISEASE_Iliotibial_Band_Syndrome;disease;1.0
@DISEASE_Immotile_cilia_syndrome_due_to_defective_radial_spokes;@DISEASE_Immotile_cilia_syndrome_due_to_defective_radial_spokes;disease;1.0
@DISEASE_Immune_Reconstitution_Inflammatory_Syndrome;@DISEASE_Immune_Reconstitution_Inflammatory_Syndrome;disease;1.0
@DISEASE_Immunoproliferative_Small_Intestinal_Disease;@DISEASE_Immunoproliferative_Small_Intestinal_Disease;disease;1.0
@DISEASE_Influenza_in_Birds;@DISEASE_Influenza_in_Birds;disease;1.0
@DISEASE_Insulin_Receptor_Defect_in;@DISEASE_Insulin_Receptor_Defect_in;disease;1.0
@DISEASE_Intermittent_Claudication;@DISEASE_Intermittent_Claudication;disease;1.0
@DISEASE_Interstitial_Pneumonitis_Desquamative_Familial;@DISEASE_Interstitial_Pneumonitis_Desquamative_Familial;disease;1.0
@DISEASE_Intestinal_Perforation;@DISEASE_Intestinal_Perforation;disease;1.0
@DISEASE_Intestinal_Volvulus;@DISEASE_Intestinal_Volvulus;disease;1.0
@DISEASE_Intranuclear_Rod_Myopathy;@DISEASE_Intranuclear_Rod_Myopathy;disease;1.0
@DISEASE_Intrauterine_Device_Migration;@DISEASE_Intrauterine_Device_Migration;disease;1.0
@DISEASE_Intrauterine_Growth_Retardation_Metaphyseal_Dysplasia_Adrenal_Hypoplasia_Congenita_And_Genital_Anomalies;@DISEASE_Intrauterine_Growth_Retardation_Metaphyseal_Dysplasia_Adrenal_Hypoplasia_Congenita_And_Genital_Anomalies;disease;1.0
@DISEASE_Intrinsic_Factor_Deficiency;@DISEASE_Intrinsic_Factor_Deficiency;disease;1.0
@DISEASE_Isolated_Noncompaction_of_the_Ventricular_Myocardium;@DISEASE_Isolated_Noncompaction_of_the_Ventricular_Myocardium;disease;1.0
@DISEASE_Jaw_Abnormalities;@DISEASE_Jaw_Abnormalities;disease;1.0
@DISEASE_Jones_Hersh_Yusk_syndrome;@DISEASE_Jones_Hersh_Yusk_syndrome;disease;1.0
@DISEASE_Jones_syndrome;@DISEASE_Jones_syndrome;disease;1.0
@DISEASE_Joubert_syndrome_6;@DISEASE_Joubert_syndrome_6;disease;1.0
@DISEASE_Juvenile_onset_scleroderma;@DISEASE_Juvenile_onset_scleroderma;disease;1.0
@DISEASE_KBG_syndrome;@DISEASE_KBG_syndrome;disease;1.0
@DISEASE_Keratitis_Ichthyosis_Deafness_Syndrome;@DISEASE_Keratitis_Ichthyosis_Deafness_Syndrome;disease;1.0
@DISEASE_Keratoacanthoma_familial;@DISEASE_Keratoacanthoma_familial;disease;1.0
@DISEASE_Keratosis_Follicularis_Spinulosa_Decalvans_X_Linked;@DISEASE_Keratosis_Follicularis_Spinulosa_Decalvans_X_Linked;disease;1.0
@DISEASE_Kernicterus;@DISEASE_Kernicterus;disease;1.0
@DISEASE_Kidney_disorder_involving_deposition_of_calcium_and_oxalate_or_phosphate_in_the_renal_tubules;@DISEASE_Kidney_disorder_involving_deposition_of_calcium_and_oxalate_or_phosphate_in_the_renal_tubules;disease;1.0
@DISEASE_Kininogen_Deficiency_High_Molecular_Weight_and_Low_Molecular_Weight;@DISEASE_Kininogen_Deficiency_High_Molecular_Weight_and_Low_Molecular_Weight;disease;1.0
@DISEASE_Kluver_Bucy_Syndrome;@DISEASE_Kluver_Bucy_Syndrome;disease;1.0
@DISEASE_Kniest_dysplasia;@DISEASE_Kniest_dysplasia;disease;1.0
@DISEASE_Korsakoff_Syndrome;@DISEASE_Korsakoff_Syndrome;disease;1.0
@DISEASE_Kozlowski_Tsuruta_Taki_syndrome;@DISEASE_Kozlowski_Tsuruta_Taki_syndrome;disease;1.0
@DISEASE_Lacrimal_Apparatus_Diseases;@DISEASE_Lacrimal_Apparatus_Diseases;disease;1.0
@DISEASE_Lactate_dehydrogenase_deficiency_type_A;@DISEASE_Lactate_dehydrogenase_deficiency_type_A;disease;1.0
@DISEASE_Lactic_Aciduria_due_to_D_Lactic_Acid;@DISEASE_Lactic_Aciduria_due_to_D_Lactic_Acid;disease;1.0
@DISEASE_Lambert_Eaton_Myasthenic_Syndrome;@DISEASE_Lambert_Eaton_Myasthenic_Syndrome;disease;1.0
@DISEASE_Larva_Migrans_Visceral;@DISEASE_Larva_Migrans_Visceral;disease;1.0
@DISEASE_Laryngeal_Edema;@DISEASE_Laryngeal_Edema;disease;1.0
@DISEASE_Lateral_Sinus_Thrombosis;@DISEASE_Lateral_Sinus_Thrombosis;disease;1.0
@DISEASE_Lateral_meningocele_syndrome;@DISEASE_Lateral_meningocele_syndrome;disease;1.0
@DISEASE_Leiomyomatosis_esophageal_and_vulval_with_nephropathy;@DISEASE_Leiomyomatosis_esophageal_and_vulval_with_nephropathy;disease;1.0
@DISEASE_Lenz_Majewski_hyperostotic_dwarfism;@DISEASE_Lenz_Majewski_hyperostotic_dwarfism;disease;1.0
@DISEASE_Leprosy_Paucibacillary;@DISEASE_Leprosy_Paucibacillary;disease;1.0
@DISEASE_Leukemia_Lymphoid;@DISEASE_Leukemia_Lymphoid;disease;1.0
@DISEASE_Leukemia_Myeloid_Accelerated_Phase;@DISEASE_Leukemia_Myeloid_Accelerated_Phase;disease;1.0
@DISEASE_Leukemia_Neutrophilic_Chronic;@DISEASE_Leukemia_Neutrophilic_Chronic;disease;1.0
@DISEASE_Leukomalacia_Periventricular;@DISEASE_Leukomalacia_Periventricular;disease;1.0
@DISEASE_Lice_Infestations;@DISEASE_Lice_Infestations;disease;1.0
@DISEASE_Lipedema;@DISEASE_Lipedema;disease;1.0
@DISEASE_Lipodermatosclerosis;@DISEASE_Lipodermatosclerosis;disease;1.0
@DISEASE_Lipoid_congenital_adrenal_hyperplasia;@DISEASE_Lipoid_congenital_adrenal_hyperplasia;disease;1.0
@DISEASE_Lipoprotein_Glomerulopathy;@DISEASE_Lipoprotein_Glomerulopathy;disease;1.0
@DISEASE_Livedo_Reticularis;@DISEASE_Livedo_Reticularis;disease;1.0
@DISEASE_Liver_Diseases_Parasitic;@DISEASE_Liver_Diseases_Parasitic;disease;1.0
@DISEASE_Loss_of_reflex_tearing;@DISEASE_Loss_of_reflex_tearing;disease;1.0
@DISEASE_Lung_agenesis;@DISEASE_Lung_agenesis;disease;1.0
@DISEASE_Lymphadenopathy;@DISEASE_Lymphadenopathy;disease;1.0
@DISEASE_Lymphangioma;@DISEASE_Lymphangioma;disease;1.0
@DISEASE_Lymphangitis;@DISEASE_Lymphangitis;disease;1.0
@DISEASE_Lymphomatoid_Granulomatosis;@DISEASE_Lymphomatoid_Granulomatosis;disease;1.0
@DISEASE_MASA_(Mental_Retardation_Aphasia_Shuffling_Gait_Adducted_Thumbs)_Syndrome;@DISEASE_MASA_(Mental_Retardation_Aphasia_Shuffling_Gait_Adducted_Thumbs)_Syndrome;disease;1.0
@DISEASE_MINOCA;@DISEASE_MINOCA;disease;1.0
@DISEASE_Macrocephaly_Alopecia_Cutis_Laxa_and_Scoliosis;@DISEASE_Macrocephaly_Alopecia_Cutis_Laxa_and_Scoliosis;disease;1.0
@DISEASE_Macrocytosis_Familial;@DISEASE_Macrocytosis_Familial;disease;1.0
@DISEASE_Macular_dystrophy_concentric_annular;@DISEASE_Macular_dystrophy_concentric_annular;disease;1.0
@DISEASE_Macular_dystrophy_retinal_1_North_Carolina_type;@DISEASE_Macular_dystrophy_retinal_1_North_Carolina_type;disease;1.0
@DISEASE_Madelung_Deformity;@DISEASE_Madelung_Deformity;disease;1.0
@DISEASE_Majeed_syndrome;@DISEASE_Majeed_syndrome;disease;1.0
@DISEASE_Male_sterility_due_to_Y_chromosome_deletions;@DISEASE_Male_sterility_due_to_Y_chromosome_deletions;disease;1.0
@DISEASE_Malonic_aciduria;@DISEASE_Malonic_aciduria;disease;1.0
@DISEASE_Marden_Walker_syndrome;@DISEASE_Marden_Walker_syndrome;disease;1.0
@DISEASE_Marek_Disease;@DISEASE_Marek_Disease;disease;1.0
@DISEASE_Martsolf_syndrome;@DISEASE_Martsolf_syndrome;disease;1.0
@DISEASE_Mason_Type_Diabetes;@DISEASE_Mason_Type_Diabetes;disease;1.0
@DISEASE_Mastocytosis_Cutaneous;@DISEASE_Mastocytosis_Cutaneous;disease;1.0
@DISEASE_Mastoiditis;@DISEASE_Mastoiditis;disease;1.0
@DISEASE_Maxillary_Sinus_Neoplasms;@DISEASE_Maxillary_Sinus_Neoplasms;disease;1.0
@DISEASE_Median_Ulnar_Nerve_Communications;@DISEASE_Median_Ulnar_Nerve_Communications;disease;1.0
@DISEASE_Medullary_Sponge_Kidney;@DISEASE_Medullary_Sponge_Kidney;disease;1.0
@DISEASE_Megacolon_Toxic;@DISEASE_Megacolon_Toxic;disease;1.0
@DISEASE_Megaloblastic_Anemia_due_to_Dihydrofolate_Reductase_Deficiency;@DISEASE_Megaloblastic_Anemia_due_to_Dihydrofolate_Reductase_Deficiency;disease;1.0
@DISEASE_Melanocytic_nevus_syndrome_congenital;@DISEASE_Melanocytic_nevus_syndrome_congenital;disease;1.0
@DISEASE_Melanosis_Universal;@DISEASE_Melanosis_Universal;disease;1.0
@DISEASE_Meningitis_Haemophilus;@DISEASE_Meningitis_Haemophilus;disease;1.0
@DISEASE_Mental_Retardation_And_Microcephaly_With_Pontine_And_Cerebellar_Hypoplasia;@DISEASE_Mental_Retardation_And_Microcephaly_With_Pontine_And_Cerebellar_Hypoplasia;disease;1.0
@DISEASE_Mental_Retardation_X_Linked_Syndromic_Christianson_Type;@DISEASE_Mental_Retardation_X_Linked_Syndromic_Christianson_Type;disease;1.0
@DISEASE_Meretoja_syndrome;@DISEASE_Meretoja_syndrome;disease;1.0
@DISEASE_Mesenchymoma;@DISEASE_Mesenchymoma;disease;1.0
@DISEASE_Metaphyseal_undermodeling_spondylar_dysplasia_and_overgrowth;@DISEASE_Metaphyseal_undermodeling_spondylar_dysplasia_and_overgrowth;disease;1.0
@DISEASE_Methylmalonic_Aciduria_and_Homocystinuria_CblF_Type;@DISEASE_Methylmalonic_Aciduria_and_Homocystinuria_CblF_Type;disease;1.0
@DISEASE_Microaneurysm;@DISEASE_Microaneurysm;disease;1.0
@DISEASE_Microcephalic_Osteodysplastic_Primordial_Dwarfism_Type_II;@DISEASE_Microcephalic_Osteodysplastic_Primordial_Dwarfism_Type_II;disease;1.0
@DISEASE_Microcephaly_with_Mental_Retardation_and_Digital_Anomalies;@DISEASE_Microcephaly_with_Mental_Retardation_and_Digital_Anomalies;disease;1.0
@DISEASE_Microstomia;@DISEASE_Microstomia;disease;1.0
@DISEASE_Mink_Viral_Enteritis;@DISEASE_Mink_Viral_Enteritis;disease;1.0
@DISEASE_Mitochondrial_Myopathy_with_Diabetes;@DISEASE_Mitochondrial_Myopathy_with_Diabetes;disease;1.0
@DISEASE_Mitochondrial_myopathy_with_lactic_acidosis;@DISEASE_Mitochondrial_myopathy_with_lactic_acidosis;disease;1.0
@DISEASE_Mitral_Valve_Stenosis;@DISEASE_Mitral_Valve_Stenosis;disease;1.0
@DISEASE_Modifier_X_Linked_for_Neurofunctional_Defects;@DISEASE_Modifier_X_Linked_for_Neurofunctional_Defects;disease;1.0
@DISEASE_Molybdenum_Cofactor_Deficiency_Complementation_Group_A;@DISEASE_Molybdenum_Cofactor_Deficiency_Complementation_Group_A;disease;1.0
@DISEASE_Monosomy;@DISEASE_Monosomy;disease;1.0
@DISEASE_Mouth_Abnormalities;@DISEASE_Mouth_Abnormalities;disease;1.0
@DISEASE_Mucocele;@DISEASE_Mucocele;disease;1.0
@DISEASE_Mucopolysaccharidoses_Unclassified_Types;@DISEASE_Mucopolysaccharidoses_Unclassified_Types;disease;1.0
@DISEASE_Mucopolysaccharidosis_Type_VIII;@DISEASE_Mucopolysaccharidosis_Type_VIII;disease;1.0
@DISEASE_Mulibrey_Nanism;@DISEASE_Mulibrey_Nanism;disease;1.0
@DISEASE_Multiple_Chronic_Conditions;@DISEASE_Multiple_Chronic_Conditions;disease;1.0
@DISEASE_Multiple_Endocrine_Neoplasia;@DISEASE_Multiple_Endocrine_Neoplasia;disease;1.0
@DISEASE_Multiple_Endocrine_Neoplasia_Type_2b;@DISEASE_Multiple_Endocrine_Neoplasia_Type_2b;disease;1.0
@DISEASE_Multiple_system_atrophy_(MSA)_with_orthostatic_hypotension;@DISEASE_Multiple_system_atrophy_(MSA)_with_orthostatic_hypotension;disease;1.0
@DISEASE_Munchausen_Syndrome;@DISEASE_Munchausen_Syndrome;disease;1.0
@DISEASE_Mungan_Syndrome;@DISEASE_Mungan_Syndrome;disease;1.0
@DISEASE_Muscular_Dystrophy_Cardiac_Type;@DISEASE_Muscular_Dystrophy_Cardiac_Type;disease;1.0
@DISEASE_Muscular_Dystrophy_Limb_Girdle_Type_2L;@DISEASE_Muscular_Dystrophy_Limb_Girdle_Type_2L;disease;1.0
@DISEASE_Musk_Inability_to_Smell;@DISEASE_Musk_Inability_to_Smell;disease;1.0
@DISEASE_Myasthenia_Gravis_Autoimmune_Experimental;@DISEASE_Myasthenia_Gravis_Autoimmune_Experimental;disease;1.0
@DISEASE_Myelinolysis_Central_Pontine;@DISEASE_Myelinolysis_Central_Pontine;disease;1.0
@DISEASE_Myelodysplastic_Myeloproliferative_Diseases;@DISEASE_Myelodysplastic_Myeloproliferative_Diseases;disease;1.0
@DISEASE_Myelolipoma;@DISEASE_Myelolipoma;disease;1.0
@DISEASE_Myoclonic_dystonia;@DISEASE_Myoclonic_dystonia;disease;1.0
@DISEASE_Myoepithelioma;@DISEASE_Myoepithelioma;disease;1.0
@DISEASE_Myofibroma;@DISEASE_Myofibroma;disease;1.0
@DISEASE_Myoglobinuria;@DISEASE_Myoglobinuria;disease;1.0
@DISEASE_Myopathy_X_Linked_with_Excessive_Autophagy;@DISEASE_Myopathy_X_Linked_with_Excessive_Autophagy;disease;1.0
@DISEASE_Myotonic_Disorders;@DISEASE_Myotonic_Disorders;disease;1.0
@DISEASE_Myxoma;@DISEASE_Myxoma;disease;1.0
@DISEASE_NEMO_mutation_with_immunodeficiency;@DISEASE_NEMO_mutation_with_immunodeficiency;disease;1.0
@DISEASE_NGLY1_deficiency;@DISEASE_NGLY1_deficiency;disease;1.0
@DISEASE_Nail_Patella_Syndrome;@DISEASE_Nail_Patella_Syndrome;disease;1.0
@DISEASE_Native_American_myopathy;@DISEASE_Native_American_myopathy;disease;1.0
@DISEASE_Navajo_neurohepatopathy;@DISEASE_Navajo_neurohepatopathy;disease;1.0
@DISEASE_Neck_Injuries;@DISEASE_Neck_Injuries;disease;1.0
@DISEASE_Negative_rheumatoid_factor_polyarthritis;@DISEASE_Negative_rheumatoid_factor_polyarthritis;disease;1.0
@DISEASE_Neisseriaceae_Infections;@DISEASE_Neisseriaceae_Infections;disease;1.0
@DISEASE_Neoplasms_Fibroepithelial;@DISEASE_Neoplasms_Fibroepithelial;disease;1.0
@DISEASE_Neoplasms_Fibrous_Tissue;@DISEASE_Neoplasms_Fibrous_Tissue;disease;1.0
@DISEASE_Neoplasms_Hormone_Dependent;@DISEASE_Neoplasms_Hormone_Dependent;disease;1.0
@DISEASE_Neoplasms_Mesothelial;@DISEASE_Neoplasms_Mesothelial;disease;1.0
@DISEASE_Neoplasms_Multiple_Primary;@DISEASE_Neoplasms_Multiple_Primary;disease;1.0
@DISEASE_Neoplasms_Muscle_Tissue;@DISEASE_Neoplasms_Muscle_Tissue;disease;1.0
@DISEASE_Neoplasms_Nerve_Tissue;@DISEASE_Neoplasms_Nerve_Tissue;disease;1.0
@DISEASE_Neoplasms_by_Site;@DISEASE_Neoplasms_by_Site;disease;1.0
@DISEASE_Nephrogenic_Fibrosing_Dermopathy;@DISEASE_Nephrogenic_Fibrosing_Dermopathy;disease;1.0
@DISEASE_Nephrosclerosis;@DISEASE_Nephrosclerosis;disease;1.0
@DISEASE_Nervous_System_Neoplasms;@DISEASE_Nervous_System_Neoplasms;disease;1.0
@DISEASE_Neurocysticercosis;@DISEASE_Neurocysticercosis;disease;1.0
@DISEASE_Neurodevelopmental_Disorders;@DISEASE_Neurodevelopmental_Disorders;disease;1.0
@DISEASE_Neuroectodermal_Tumors_Primitive;@DISEASE_Neuroectodermal_Tumors_Primitive;disease;1.0
@DISEASE_Neurofibromatoses;@DISEASE_Neurofibromatoses;disease;1.0
@DISEASE_Neurofibromatosis_2;@DISEASE_Neurofibromatosis_2;disease;1.0
@DISEASE_Neurofibromatosis_Noonan_syndrome;@DISEASE_Neurofibromatosis_Noonan_syndrome;disease;1.0
@DISEASE_Neuronal_intestinal_pseudoobstruction;@DISEASE_Neuronal_intestinal_pseudoobstruction;disease;1.0
@DISEASE_Neuropathy_with_Paraprotein_in_Serum_Cerebrospinal_Fluid_and_Urine;@DISEASE_Neuropathy_with_Paraprotein_in_Serum_Cerebrospinal_Fluid_and_Urine;disease;1.0
@DISEASE_Neutropenia_Nonimmune_Chronic_Idiopathic_Adult;@DISEASE_Neutropenia_Nonimmune_Chronic_Idiopathic_Adult;disease;1.0
@DISEASE_Nocturnal_Enuresis;@DISEASE_Nocturnal_Enuresis;disease;1.0
@DISEASE_Nocturnal_Paroxysmal_Dystonia;@DISEASE_Nocturnal_Paroxysmal_Dystonia;disease;1.0
@DISEASE_Nonseminomatous_germ_cell_tumor;@DISEASE_Nonseminomatous_germ_cell_tumor;disease;1.0
@DISEASE_North_American_Indian_Childhood_Cirrhosis;@DISEASE_North_American_Indian_Childhood_Cirrhosis;disease;1.0
@DISEASE_Nystagmus_Congenital;@DISEASE_Nystagmus_Congenital;disease;1.0
@DISEASE_Occipital_horn_syndrome;@DISEASE_Occipital_horn_syndrome;disease;1.0
@DISEASE_Oculomaxillofacial_dysostosis;@DISEASE_Oculomaxillofacial_dysostosis;disease;1.0
@DISEASE_Olfactory_Nerve_Injuries;@DISEASE_Olfactory_Nerve_Injuries;disease;1.0
@DISEASE_Ophthalmia_Sympathetic;@DISEASE_Ophthalmia_Sympathetic;disease;1.0
@DISEASE_Opsismodysplasia;@DISEASE_Opsismodysplasia;disease;1.0
@DISEASE_Orbital_Cellulitis;@DISEASE_Orbital_Cellulitis;disease;1.0
@DISEASE_Orbital_Myositis;@DISEASE_Orbital_Myositis;disease;1.0
@DISEASE_Orofaciodigital_Syndromes;@DISEASE_Orofaciodigital_Syndromes;disease;1.0
@DISEASE_Orofaciodigital_syndrome_3;@DISEASE_Orofaciodigital_syndrome_3;disease;1.0
@DISEASE_Orofaciodigital_syndrome_9;@DISEASE_Orofaciodigital_syndrome_9;disease;1.0
@DISEASE_Oroticaciduria_1;@DISEASE_Oroticaciduria_1;disease;1.0
@DISEASE_Osler_rendu_weber_syndrome_3;@DISEASE_Osler_rendu_weber_syndrome_3;disease;1.0
@DISEASE_Ossicular_Malformations_familial;@DISEASE_Ossicular_Malformations_familial;disease;1.0
@DISEASE_Osteoblastoma;@DISEASE_Osteoblastoma;disease;1.0
@DISEASE_Osteochondroma;@DISEASE_Osteochondroma;disease;1.0
@DISEASE_Osteogenesis_Imperfecta_Type_V;@DISEASE_Osteogenesis_Imperfecta_Type_V;disease;1.0
@DISEASE_Osteogenesis_imperfecta_type_2B;@DISEASE_Osteogenesis_imperfecta_type_2B;disease;1.0
@DISEASE_Osteopoikilosis;@DISEASE_Osteopoikilosis;disease;1.0
@DISEASE_Otitis_Media_Suppurative;@DISEASE_Otitis_Media_Suppurative;disease;1.0
@DISEASE_Pain_Intractable;@DISEASE_Pain_Intractable;disease;1.0
@DISEASE_Pain_Referred;@DISEASE_Pain_Referred;disease;1.0
@DISEASE_Pancreatic_Pseudocyst;@DISEASE_Pancreatic_Pseudocyst;disease;1.0
@DISEASE_Pancreatic_beta_cell_agenesis_with_neonatal_diabetes_mellitus;@DISEASE_Pancreatic_beta_cell_agenesis_with_neonatal_diabetes_mellitus;disease;1.0
@DISEASE_Pancreaticobiliary_Maljunction;@DISEASE_Pancreaticobiliary_Maljunction;disease;1.0
@DISEASE_Panniculitis_Peritoneal;@DISEASE_Panniculitis_Peritoneal;disease;1.0
@DISEASE_Papular_urticaria;@DISEASE_Papular_urticaria;disease;1.0
@DISEASE_Paraganglioma_Extra_Adrenal;@DISEASE_Paraganglioma_Extra_Adrenal;disease;1.0
@DISEASE_Parakeratosis;@DISEASE_Parakeratosis;disease;1.0
@DISEASE_Paraomphalocele;@DISEASE_Paraomphalocele;disease;1.0
@DISEASE_Parapsoriasis;@DISEASE_Parapsoriasis;disease;1.0
@DISEASE_Parasomnias;@DISEASE_Parasomnias;disease;1.0
@DISEASE_Parkinson_Disease_10;@DISEASE_Parkinson_Disease_10;disease;1.0
@DISEASE_Parkinson_Disease_12;@DISEASE_Parkinson_Disease_12;disease;1.0
@DISEASE_Parkinson_Disease_Postencephalitic;@DISEASE_Parkinson_Disease_Postencephalitic;disease;1.0
@DISEASE_Parotid_Neoplasms;@DISEASE_Parotid_Neoplasms;disease;1.0
@DISEASE_Parovarian_Cyst;@DISEASE_Parovarian_Cyst;disease;1.0
@DISEASE_Partington_X_linked_mental_retardation_syndrome;@DISEASE_Partington_X_linked_mental_retardation_syndrome;disease;1.0
@DISEASE_Parvoviridae_Infections;@DISEASE_Parvoviridae_Infections;disease;1.0
@DISEASE_Patent_Ductus_Venosus;@DISEASE_Patent_Ductus_Venosus;disease;1.0
@DISEASE_Pdgfrb_Associated_Chronic_Eosinophilic_Leukemia;@DISEASE_Pdgfrb_Associated_Chronic_Eosinophilic_Leukemia;disease;1.0
@DISEASE_Pediatric_Autoimmune_Neuropsychiatric_Disorders_Associated_with_Streptococcal_infections;@DISEASE_Pediatric_Autoimmune_Neuropsychiatric_Disorders_Associated_with_Streptococcal_infections;disease;1.0
@DISEASE_Peliosis_Hepatis;@DISEASE_Peliosis_Hepatis;disease;1.0
@DISEASE_Pelizaeus_Merzbacher_Disease;@DISEASE_Pelizaeus_Merzbacher_Disease;disease;1.0
@DISEASE_Pelvic_Girdle_Pain;@DISEASE_Pelvic_Girdle_Pain;disease;1.0
@DISEASE_Pelvic_Neoplasms;@DISEASE_Pelvic_Neoplasms;disease;1.0
@DISEASE_Pemphigoid_Gestationis;@DISEASE_Pemphigoid_Gestationis;disease;1.0
@DISEASE_Pentosuria;@DISEASE_Pentosuria;disease;1.0
@DISEASE_Penttinen_Aula_syndrome;@DISEASE_Penttinen_Aula_syndrome;disease;1.0
@DISEASE_Periodontal_Pocket;@DISEASE_Periodontal_Pocket;disease;1.0
@DISEASE_Peritoneal_Diseases;@DISEASE_Peritoneal_Diseases;disease;1.0
@DISEASE_Phantom_Limb;@DISEASE_Phantom_Limb;disease;1.0
@DISEASE_Pharyngeal_Diseases;@DISEASE_Pharyngeal_Diseases;disease;1.0
@DISEASE_Phimosis;@DISEASE_Phimosis;disease;1.0
@DISEASE_Pinealoma;@DISEASE_Pinealoma;disease;1.0
@DISEASE_Pityriasis_Rubra_Pilaris;@DISEASE_Pityriasis_Rubra_Pilaris;disease;1.0
@DISEASE_Platelet_Factor_3_Deficiency;@DISEASE_Platelet_Factor_3_Deficiency;disease;1.0
@DISEASE_Platelet_Signal_Processing_Defect;@DISEASE_Platelet_Signal_Processing_Defect;disease;1.0
@DISEASE_Platelet_Storage_Pool_Deficiency;@DISEASE_Platelet_Storage_Pool_Deficiency;disease;1.0
@DISEASE_Pleuropneumonia_Contagious;@DISEASE_Pleuropneumonia_Contagious;disease;1.0
@DISEASE_Pleuropulmonary_blastoma;@DISEASE_Pleuropulmonary_blastoma;disease;1.0
@DISEASE_Plummer_Vinson_Syndrome;@DISEASE_Plummer_Vinson_Syndrome;disease;1.0
@DISEASE_Pneumonia_of_Calves_Enzootic;@DISEASE_Pneumonia_of_Calves_Enzootic;disease;1.0
@DISEASE_Polydactyly_Postaxial;@DISEASE_Polydactyly_Postaxial;disease;1.0
@DISEASE_Polymicrogyria;@DISEASE_Polymicrogyria;disease;1.0
@DISEASE_Polyneuropathy_Hearing_Loss_Ataxia_Retinitis_Pigmentosa_And_Cataract;@DISEASE_Polyneuropathy_Hearing_Loss_Ataxia_Retinitis_Pigmentosa_And_Cataract;disease;1.0
@DISEASE_Polyostotic_osteolytic_dysplasia_hereditary_expansile;@DISEASE_Polyostotic_osteolytic_dysplasia_hereditary_expansile;disease;1.0
@DISEASE_Polyposis_Gastric;@DISEASE_Polyposis_Gastric;disease;1.0
@DISEASE_Porokeratosis;@DISEASE_Porokeratosis;disease;1.0
@DISEASE_Porphyria_Acute_Hepatic;@DISEASE_Porphyria_Acute_Hepatic;disease;1.0
@DISEASE_Porphyria_Erythropoietic;@DISEASE_Porphyria_Erythropoietic;disease;1.0
@DISEASE_Porphyrias_Hepatic;@DISEASE_Porphyrias_Hepatic;disease;1.0
@DISEASE_Positive_Pressure_Respiration_Intrinsic;@DISEASE_Positive_Pressure_Respiration_Intrinsic;disease;1.0
@DISEASE_Posterior_Tibial_Tendon_Dysfunction;@DISEASE_Posterior_Tibial_Tendon_Dysfunction;disease;1.0
@DISEASE_Postpartum_Thyroiditis;@DISEASE_Postpartum_Thyroiditis;disease;1.0
@DISEASE_Potassium_aggravated_myotonia;@DISEASE_Potassium_aggravated_myotonia;disease;1.0
@DISEASE_Pott_Puffy_Tumor;@DISEASE_Pott_Puffy_Tumor;disease;1.0
@DISEASE_Poultry_Diseases;@DISEASE_Poultry_Diseases;disease;1.0
@DISEASE_Poxviridae_Infections;@DISEASE_Poxviridae_Infections;disease;1.0
@DISEASE_Preauricular_Tag_Isolated_Autosomal_Dominant_1;@DISEASE_Preauricular_Tag_Isolated_Autosomal_Dominant_1;disease;1.0
@DISEASE_Pregnancy_Abdominal;@DISEASE_Pregnancy_Abdominal;disease;1.0
@DISEASE_Pregnancy_Complications_Hematologic;@DISEASE_Pregnancy_Complications_Hematologic;disease;1.0
@DISEASE_Pregnancy_Cornual;@DISEASE_Pregnancy_Cornual;disease;1.0
@DISEASE_Pregnancy_Heterotopic;@DISEASE_Pregnancy_Heterotopic;disease;1.0
@DISEASE_Pregnancy_Prolonged;@DISEASE_Pregnancy_Prolonged;disease;1.0
@DISEASE_Premenstrual_Dysphoric_Disorder;@DISEASE_Premenstrual_Dysphoric_Disorder;disease;1.0
@DISEASE_Priapism;@DISEASE_Priapism;disease;1.0
@DISEASE_Proctocolitis;@DISEASE_Proctocolitis;disease;1.0
@DISEASE_Progeroid_Syndrome_Congenital_Petty_Type;@DISEASE_Progeroid_Syndrome_Congenital_Petty_Type;disease;1.0
@DISEASE_Progressive_Transformation_of_Germinal_Centers;@DISEASE_Progressive_Transformation_of_Germinal_Centers;disease;1.0
@DISEASE_Progressive_supranuclear_palsy_atypical;@DISEASE_Progressive_supranuclear_palsy_atypical;disease;1.0
@DISEASE_Prolactin_Deficiency_Isolated;@DISEASE_Prolactin_Deficiency_Isolated;disease;1.0
@DISEASE_Prolidase_Deficiency;@DISEASE_Prolidase_Deficiency;disease;1.0
@DISEASE_Propofol_Infusion_Syndrome;@DISEASE_Propofol_Infusion_Syndrome;disease;1.0
@DISEASE_Prostate_Cancer_Hereditary_7;@DISEASE_Prostate_Cancer_Hereditary_7;disease;1.0
@DISEASE_Prostatic_Intraepithelial_Neoplasia;@DISEASE_Prostatic_Intraepithelial_Neoplasia;disease;1.0
@DISEASE_Protein_C_Deficiency;@DISEASE_Protein_C_Deficiency;disease;1.0
@DISEASE_Protozoan_Infections;@DISEASE_Protozoan_Infections;disease;1.0
@DISEASE_Proximal_Myopathy_with_Focal_Depletion_of_Mitochondria;@DISEASE_Proximal_Myopathy_with_Focal_Depletion_of_Mitochondria;disease;1.0
@DISEASE_Pruritus_Vulvae;@DISEASE_Pruritus_Vulvae;disease;1.0
@DISEASE_Pseudoacromegaly_with_Severe_Insulin_Resistance;@DISEASE_Pseudoacromegaly_with_Severe_Insulin_Resistance;disease;1.0
@DISEASE_Pseudoinflammatory_fundus_dystrophy_Finnish_type;@DISEASE_Pseudoinflammatory_fundus_dystrophy_Finnish_type;disease;1.0
@DISEASE_Pseudophakia;@DISEASE_Pseudophakia;disease;1.0
@DISEASE_Pseudopseudohypoparathyroidism;@DISEASE_Pseudopseudohypoparathyroidism;disease;1.0
@DISEASE_Pseudorabies;@DISEASE_Pseudorabies;disease;1.0
@DISEASE_Pterygium_Of_Conjunctiva_And_Cornea;@DISEASE_Pterygium_Of_Conjunctiva_And_Cornea;disease;1.0
@DISEASE_Pubic_Bone_Dysplasia;@DISEASE_Pubic_Bone_Dysplasia;disease;1.0
@DISEASE_Pycnodysostosis;@DISEASE_Pycnodysostosis;disease;1.0
@DISEASE_RHYNS_syndrome;@DISEASE_RHYNS_syndrome;disease;1.0
@DISEASE_Rabies;@DISEASE_Rabies;disease;1.0
@DISEASE_Rat_Bite_Fever;@DISEASE_Rat_Bite_Fever;disease;1.0
@DISEASE_Recurrent_Laryngeal_Nerve_Injuries;@DISEASE_Recurrent_Laryngeal_Nerve_Injuries;disease;1.0
@DISEASE_Red_cell_phospholipid_defect_with_hemolysis;@DISEASE_Red_cell_phospholipid_defect_with_hemolysis;disease;1.0
@DISEASE_Refsum_Disease;@DISEASE_Refsum_Disease;disease;1.0
@DISEASE_Remission_Spontaneous;@DISEASE_Remission_Spontaneous;disease;1.0
@DISEASE_Renal_Aminoacidurias;@DISEASE_Renal_Aminoacidurias;disease;1.0
@DISEASE_Renal_Hypodysplasia_Nonsyndromic_1;@DISEASE_Renal_Hypodysplasia_Nonsyndromic_1;disease;1.0
@DISEASE_Renal_Tubular_Acidosis_Distal_With_Normal_Red_Cell_Morphology;@DISEASE_Renal_Tubular_Acidosis_Distal_With_Normal_Red_Cell_Morphology;disease;1.0
@DISEASE_Reoviridae_Infections;@DISEASE_Reoviridae_Infections;disease;1.0
@DISEASE_Retinal_Hemorrhage;@DISEASE_Retinal_Hemorrhage;disease;1.0
@DISEASE_Retinal_Neoplasms;@DISEASE_Retinal_Neoplasms;disease;1.0
@DISEASE_Retinol_Binding_Protein_Deficiency;@DISEASE_Retinol_Binding_Protein_Deficiency;disease;1.0
@DISEASE_Retroperitoneal_liposarcoma;@DISEASE_Retroperitoneal_liposarcoma;disease;1.0
@DISEASE_Rh_Null_Regulator_Type;@DISEASE_Rh_Null_Regulator_Type;disease;1.0
@DISEASE_Rhizopus_infection;@DISEASE_Rhizopus_infection;disease;1.0
@DISEASE_Ridges_off_the_end_syndrome;@DISEASE_Ridges_off_the_end_syndrome;disease;1.0
@DISEASE_Robinow_Syndrome;@DISEASE_Robinow_Syndrome;disease;1.0
@DISEASE_Rotator_Cuff_Tear_Arthropathy;@DISEASE_Rotator_Cuff_Tear_Arthropathy;disease;1.0
@DISEASE_SHORT_syndrome;@DISEASE_SHORT_syndrome;disease;1.0
@DISEASE_Sacral_defect_and_anterior_sacral_meningocele;@DISEASE_Sacral_defect_and_anterior_sacral_meningocele;disease;1.0
@DISEASE_Salivary_Duct_Calculi;@DISEASE_Salivary_Duct_Calculi;disease;1.0
@DISEASE_Say_syndrome;@DISEASE_Say_syndrome;disease;1.0
@DISEASE_Scalp_ear_nipple_syndrome;@DISEASE_Scalp_ear_nipple_syndrome;disease;1.0
@DISEASE_Schistosomiasis_japonica;@DISEASE_Schistosomiasis_japonica;disease;1.0
@DISEASE_Schistosomiasis_mansoni;@DISEASE_Schistosomiasis_mansoni;disease;1.0
@DISEASE_Schizophrenia_Catatonic;@DISEASE_Schizophrenia_Catatonic;disease;1.0
@DISEASE_Schizophrenia_Paranoid;@DISEASE_Schizophrenia_Paranoid;disease;1.0
@DISEASE_Schwartz_Cohen_Addad_Lambert_syndrome;@DISEASE_Schwartz_Cohen_Addad_Lambert_syndrome;disease;1.0
@DISEASE_Secretory_Diarrhea_Myopathy_and_Deafness;@DISEASE_Secretory_Diarrhea_Myopathy_and_Deafness;disease;1.0
@DISEASE_Senior_Loken_Syndrome_3;@DISEASE_Senior_Loken_Syndrome_3;disease;1.0
@DISEASE_Septate_Uterus;@DISEASE_Septate_Uterus;disease;1.0
@DISEASE_Serratia_Infections;@DISEASE_Serratia_Infections;disease;1.0
@DISEASE_Sex_Chromosome_Aberrations;@DISEASE_Sex_Chromosome_Aberrations;disease;1.0
@DISEASE_Sex_Chromosome_Disorders;@DISEASE_Sex_Chromosome_Disorders;disease;1.0
@DISEASE_Sexually_Transmitted_Diseases_Bacterial;@DISEASE_Sexually_Transmitted_Diseases_Bacterial;disease;1.0
@DISEASE_Short_QT_Syndrome_2;@DISEASE_Short_QT_Syndrome_2;disease;1.0
@DISEASE_Short_Rib_Polydactyly_Syndrome;@DISEASE_Short_Rib_Polydactyly_Syndrome;disease;1.0
@DISEASE_Short_Stature_Idiopathic_Autosomal;@DISEASE_Short_Stature_Idiopathic_Autosomal;disease;1.0
@DISEASE_Short_rib_polydactyly_syndrome_Verma_Naumoff_type;@DISEASE_Short_rib_polydactyly_syndrome_Verma_Naumoff_type;disease;1.0
@DISEASE_Sialic_Acid_Storage_Disease;@DISEASE_Sialic_Acid_Storage_Disease;disease;1.0
@DISEASE_Sialorrhea;@DISEASE_Sialorrhea;disease;1.0
@DISEASE_Sick_Sinus_Syndrome_2_Autosomal_Dominant;@DISEASE_Sick_Sinus_Syndrome_2_Autosomal_Dominant;disease;1.0
@DISEASE_Single_Umbilical_Artery;@DISEASE_Single_Umbilical_Artery;disease;1.0
@DISEASE_Skeletal_dysplasia_San_Diego_type;@DISEASE_Skeletal_dysplasia_San_Diego_type;disease;1.0
@DISEASE_Skin_Diseases_Bacterial;@DISEASE_Skin_Diseases_Bacterial;disease;1.0
@DISEASE_Skin_and_Connective_Tissue_Diseases;@DISEASE_Skin_and_Connective_Tissue_Diseases;disease;1.0
@DISEASE_Sleep_Apnea_Central;@DISEASE_Sleep_Apnea_Central;disease;1.0
@DISEASE_Slow_Virus_Diseases;@DISEASE_Slow_Virus_Diseases;disease;1.0
@DISEASE_Snoring;@DISEASE_Snoring;disease;1.0
@DISEASE_Space_Motion_Sickness;@DISEASE_Space_Motion_Sickness;disease;1.0
@DISEASE_Spastic_Paraplegia_50_Autosomal_Recessive;@DISEASE_Spastic_Paraplegia_50_Autosomal_Recessive;disease;1.0
@DISEASE_Spastic_ataxia_Charlevoix_Saguenay_type;@DISEASE_Spastic_ataxia_Charlevoix_Saguenay_type;disease;1.0
@DISEASE_Spastic_paraplegia_20_autosomal_recessive;@DISEASE_Spastic_paraplegia_20_autosomal_recessive;disease;1.0
@DISEASE_Spastic_paraplegia_3_autosomal_dominant;@DISEASE_Spastic_paraplegia_3_autosomal_dominant;disease;1.0
@DISEASE_Spheroid_body_myopathy;@DISEASE_Spheroid_body_myopathy;disease;1.0
@DISEASE_Sphingolipidoses;@DISEASE_Sphingolipidoses;disease;1.0
@DISEASE_Spina_Bifida_Occulta;@DISEASE_Spina_Bifida_Occulta;disease;1.0
@DISEASE_Spinal_Cord_Neoplasms;@DISEASE_Spinal_Cord_Neoplasms;disease;1.0
@DISEASE_Spinal_Stenosis;@DISEASE_Spinal_Stenosis;disease;1.0
@DISEASE_Spinal_muscular_atrophy_4;@DISEASE_Spinal_muscular_atrophy_4;disease;1.0
@DISEASE_Spinocerebellar_Ataxia_Autosomal_Recessive_2;@DISEASE_Spinocerebellar_Ataxia_Autosomal_Recessive_2;disease;1.0
@DISEASE_Spinocerebellar_ataxia_27;@DISEASE_Spinocerebellar_ataxia_27;disease;1.0
@DISEASE_Spinocerebellar_ataxia_autosomal_recessive_4;@DISEASE_Spinocerebellar_ataxia_autosomal_recessive_4;disease;1.0
@DISEASE_Splenic_Rupture;@DISEASE_Splenic_Rupture;disease;1.0
@DISEASE_Splenosis;@DISEASE_Splenosis;disease;1.0
@DISEASE_Split_Hand_Foot_Malformation_With_Sensorineural_Hearing_Loss;@DISEASE_Split_Hand_Foot_Malformation_With_Sensorineural_Hearing_Loss;disease;1.0
@DISEASE_Spondyloepimetaphyseal_Dysplasia_Aggrecan_Type;@DISEASE_Spondyloepimetaphyseal_Dysplasia_Aggrecan_Type;disease;1.0
@DISEASE_Spondyloepimetaphyseal_dysplasia_sponastrime_type;@DISEASE_Spondyloepimetaphyseal_dysplasia_sponastrime_type;disease;1.0
@DISEASE_Spondyloepiphyseal_dysplasia_Omani_type;@DISEASE_Spondyloepiphyseal_dysplasia_Omani_type;disease;1.0
@DISEASE_Spondylometaepiphyseal_Dysplasia_Short_Limb_Hand_Type;@DISEASE_Spondylometaepiphyseal_Dysplasia_Short_Limb_Hand_Type;disease;1.0
@DISEASE_Staphylococcal_Skin_Infections;@DISEASE_Staphylococcal_Skin_Infections;disease;1.0
@DISEASE_Steatitis;@DISEASE_Steatitis;disease;1.0
@DISEASE_Steatorrhea;@DISEASE_Steatorrhea;disease;1.0
@DISEASE_Stickler_Syndrome_Type_I_Nonsyndromic_Ocular;@DISEASE_Stickler_Syndrome_Type_I_Nonsyndromic_Ocular;disease;1.0
@DISEASE_Striatal_Degeneration_Autosomal_Dominant;@DISEASE_Striatal_Degeneration_Autosomal_Dominant;disease;1.0
@DISEASE_Stupor;@DISEASE_Stupor;disease;1.0
@DISEASE_Sturge_Weber_Syndrome;@DISEASE_Sturge_Weber_Syndrome;disease;1.0
@DISEASE_Submacular_Cysticercosis;@DISEASE_Submacular_Cysticercosis;disease;1.0
@DISEASE_Substance_Abuse_Intravenous;@DISEASE_Substance_Abuse_Intravenous;disease;1.0
@DISEASE_Sulfite_oxidase_deficiency;@DISEASE_Sulfite_oxidase_deficiency;disease;1.0
@DISEASE_Suppuration;@DISEASE_Suppuration;disease;1.0
@DISEASE_Surgical_Wound_Dehiscence;@DISEASE_Surgical_Wound_Dehiscence;disease;1.0
@DISEASE_Syphilis_Congenital;@DISEASE_Syphilis_Congenital;disease;1.0
@DISEASE_Syphilis_Latent;@DISEASE_Syphilis_Latent;disease;1.0
@DISEASE_Syphilis_primary;@DISEASE_Syphilis_primary;disease;1.0
@DISEASE_T_Lymphocytopenia_Idiopathic_CD4_Positive;@DISEASE_T_Lymphocytopenia_Idiopathic_CD4_Positive;disease;1.0
@DISEASE_Tachycardia_Reciprocating;@DISEASE_Tachycardia_Reciprocating;disease;1.0
@DISEASE_Tachycardia_Sinus;@DISEASE_Tachycardia_Sinus;disease;1.0
@DISEASE_Taeniasis;@DISEASE_Taeniasis;disease;1.0
@DISEASE_Tarsal_Tunnel_Syndrome;@DISEASE_Tarsal_Tunnel_Syndrome;disease;1.0
@DISEASE_Temple_syndrome;@DISEASE_Temple_syndrome;disease;1.0
@DISEASE_Temporomandibular_ankylosis;@DISEASE_Temporomandibular_ankylosis;disease;1.0
@DISEASE_Terminal_Osseous_Dysplasia_and_Pigmentary_Defects;@DISEASE_Terminal_Osseous_Dysplasia_and_Pigmentary_Defects;disease;1.0
@DISEASE_Tetrasomy;@DISEASE_Tetrasomy;disease;1.0
@DISEASE_Thakker_Donnai_syndrome;@DISEASE_Thakker_Donnai_syndrome;disease;1.0
@DISEASE_Thanatophoric_dysplasia_type_2;@DISEASE_Thanatophoric_dysplasia_type_2;disease;1.0
@DISEASE_Thoracic_Dysplasia_Hydrocephalus_Syndrome;@DISEASE_Thoracic_Dysplasia_Hydrocephalus_Syndrome;disease;1.0
@DISEASE_Thrombocytopenia_cyclic;@DISEASE_Thrombocytopenia_cyclic;disease;1.0
@DISEASE_Thrombophilia_hereditary;@DISEASE_Thrombophilia_hereditary;disease;1.0
@DISEASE_Thrombophlebitis;@DISEASE_Thrombophlebitis;disease;1.0
@DISEASE_Thrombotic_thrombocytopenic_purpura_acquired;@DISEASE_Thrombotic_thrombocytopenic_purpura_acquired;disease;1.0
@DISEASE_Thymic_epithelial_tumor;@DISEASE_Thymic_epithelial_tumor;disease;1.0
@DISEASE_Thymus_Hyperplasia;@DISEASE_Thymus_Hyperplasia;disease;1.0
@DISEASE_Thyroid_Dyshormonogenesis_1;@DISEASE_Thyroid_Dyshormonogenesis_1;disease;1.0
@DISEASE_Thyroid_cancer_Hurthle_cell;@DISEASE_Thyroid_cancer_Hurthle_cell;disease;1.0
@DISEASE_Tick_Bites;@DISEASE_Tick_Bites;disease;1.0
@DISEASE_Tick_Paralysis;@DISEASE_Tick_Paralysis;disease;1.0
@DISEASE_Tietz_syndrome;@DISEASE_Tietz_syndrome;disease;1.0
@DISEASE_Tietze's_Syndrome;@DISEASE_Tietze's_Syndrome;disease;1.0
@DISEASE_Tongue_Hairy;@DISEASE_Tongue_Hairy;disease;1.0
@DISEASE_Tonsillar_Neoplasms;@DISEASE_Tonsillar_Neoplasms;disease;1.0
@DISEASE_Tooth_Migration;@DISEASE_Tooth_Migration;disease;1.0
@DISEASE_Tooth_Nonvital;@DISEASE_Tooth_Nonvital;disease;1.0
@DISEASE_Torticollis;@DISEASE_Torticollis;disease;1.0
@DISEASE_Townes_Brocks_syndrome;@DISEASE_Townes_Brocks_syndrome;disease;1.0
@DISEASE_Toxocara_canis_infection_(canine_roundworms);@DISEASE_Toxocara_canis_infection_(canine_roundworms);disease;1.0
@DISEASE_Toxocariasis;@DISEASE_Toxocariasis;disease;1.0
@DISEASE_Toxoplasmosis_Cerebral;@DISEASE_Toxoplasmosis_Cerebral;disease;1.0
@DISEASE_Tracheal_Stenosis;@DISEASE_Tracheal_Stenosis;disease;1.0
@DISEASE_Transient_Tachypnea_of_the_Newborn;@DISEASE_Transient_Tachypnea_of_the_Newborn;disease;1.0
@DISEASE_Translocation_Genetic;@DISEASE_Translocation_Genetic;disease;1.0
@DISEASE_Trichilemmal_Cyst_1;@DISEASE_Trichilemmal_Cyst_1;disease;1.0
@DISEASE_Trichotillomania;@DISEASE_Trichotillomania;disease;1.0
@DISEASE_Trigeminal_Nerve_Diseases;@DISEASE_Trigeminal_Nerve_Diseases;disease;1.0
@DISEASE_Trypanosomiasis_African;@DISEASE_Trypanosomiasis_African;disease;1.0
@DISEASE_Tuberculosis_Bovine;@DISEASE_Tuberculosis_Bovine;disease;1.0
@DISEASE_Tuberculosis_Miliary;@DISEASE_Tuberculosis_Miliary;disease;1.0
@DISEASE_Tuberculosis_Pleural;@DISEASE_Tuberculosis_Pleural;disease;1.0
@DISEASE_Tuberculosis_Spinal;@DISEASE_Tuberculosis_Spinal;disease;1.0
@DISEASE_Tuberous_Sclerosis_1;@DISEASE_Tuberous_Sclerosis_1;disease;1.0
@DISEASE_Tularemia;@DISEASE_Tularemia;disease;1.0
@DISEASE_Tympanic_Membrane_Perforation;@DISEASE_Tympanic_Membrane_Perforation;disease;1.0
@DISEASE_Typhus_Endemic_Flea_Borne;@DISEASE_Typhus_Endemic_Flea_Borne;disease;1.0
@DISEASE_Typhus_Epidemic_Louse_Borne;@DISEASE_Typhus_Epidemic_Louse_Borne;disease;1.0
@DISEASE_Tyrosine_Kinase_2_Deficiency;@DISEASE_Tyrosine_Kinase_2_Deficiency;disease;1.0
@DISEASE_Ulna_Fractures;@DISEASE_Ulna_Fractures;disease;1.0
@DISEASE_Unilateral_Breast_Neoplasms;@DISEASE_Unilateral_Breast_Neoplasms;disease;1.0
@DISEASE_Upper_Extremity_Deformities_Congenital;@DISEASE_Upper_Extremity_Deformities_Congenital;disease;1.0
@DISEASE_Upton_Young_syndrome;@DISEASE_Upton_Young_syndrome;disease;1.0
@DISEASE_Urachal_adenocarcinoma;@DISEASE_Urachal_adenocarcinoma;disease;1.0
@DISEASE_Urinary_Bladder_Fistula;@DISEASE_Urinary_Bladder_Fistula;disease;1.0
@DISEASE_Urinary_Incontinence_Urge;@DISEASE_Urinary_Incontinence_Urge;disease;1.0
@DISEASE_Urogenital_Diseases;@DISEASE_Urogenital_Diseases;disease;1.0
@DISEASE_Urogenital_Neoplasms;@DISEASE_Urogenital_Neoplasms;disease;1.0
@DISEASE_Urticaria_Solar;@DISEASE_Urticaria_Solar;disease;1.0
@DISEASE_Uterine_Anomalies;@DISEASE_Uterine_Anomalies;disease;1.0
@DISEASE_Uterine_Cervical_Diseases;@DISEASE_Uterine_Cervical_Diseases;disease;1.0
@DISEASE_Uterine_Didelphys;@DISEASE_Uterine_Didelphys;disease;1.0
@DISEASE_Uterine_Retroversion;@DISEASE_Uterine_Retroversion;disease;1.0
@DISEASE_Uveal_Effusion_Syndrome;@DISEASE_Uveal_Effusion_Syndrome;disease;1.0
@DISEASE_Uveal_Neoplasms;@DISEASE_Uveal_Neoplasms;disease;1.0
@DISEASE_Vaccine_Preventable_Diseases;@DISEASE_Vaccine_Preventable_Diseases;disease;1.0
@DISEASE_Vaginal_Diseases;@DISEASE_Vaginal_Diseases;disease;1.0
@DISEASE_Vascular_Neoplasms;@DISEASE_Vascular_Neoplasms;disease;1.0
@DISEASE_Vasculitis_Lymphocytic_Nodular;@DISEASE_Vasculitis_Lymphocytic_Nodular;disease;1.0
@DISEASE_Vasculopathy_Retinal_With_Cerebral_Leukodystrophy;@DISEASE_Vasculopathy_Retinal_With_Cerebral_Leukodystrophy;disease;1.0
@DISEASE_Vector_Borne_Diseases;@DISEASE_Vector_Borne_Diseases;disease;1.0
@DISEASE_Venous_Malformations_Multiple_Cutaneous_and_Mucosal;@DISEASE_Venous_Malformations_Multiple_Cutaneous_and_Mucosal;disease;1.0
@DISEASE_Ventricular_Flutter;@DISEASE_Ventricular_Flutter;disease;1.0
@DISEASE_Vertebrobasilar_Insufficiency;@DISEASE_Vertebrobasilar_Insufficiency;disease;1.0
@DISEASE_Vesicular_Stomatitis;@DISEASE_Vesicular_Stomatitis;disease;1.0
@DISEASE_Vibrio_vulnificus_infection;@DISEASE_Vibrio_vulnificus_infection;disease;1.0
@DISEASE_Vitamin_K_Deficiency_Bleeding;@DISEASE_Vitamin_K_Deficiency_Bleeding;disease;1.0
@DISEASE_Vocal_cord_dysfunction_familial;@DISEASE_Vocal_cord_dysfunction_familial;disease;1.0
@DISEASE_Vohwinkel_syndrome;@DISEASE_Vohwinkel_syndrome;disease;1.0
@DISEASE_Vulvitis;@DISEASE_Vulvitis;disease;1.0
@DISEASE_Waardenburg_syndrome_type_2;@DISEASE_Waardenburg_syndrome_type_2;disease;1.0
@DISEASE_Waardenburg_syndrome_type_2A;@DISEASE_Waardenburg_syndrome_type_2A;disease;1.0
@DISEASE_War_Related_Injuries;@DISEASE_War_Related_Injuries;disease;1.0
@DISEASE_Water_Intoxication;@DISEASE_Water_Intoxication;disease;1.0
@DISEASE_Weinstein_Kliman_Scully_syndrome;@DISEASE_Weinstein_Kliman_Scully_syndrome;disease;1.0
@DISEASE_Werner_Syndrome;@DISEASE_Werner_Syndrome;disease;1.0
@DISEASE_Wernicke_Encephalopathy;@DISEASE_Wernicke_Encephalopathy;disease;1.0
@DISEASE_Whiplash_Injuries;@DISEASE_Whiplash_Injuries;disease;1.0
@DISEASE_Whooping_Cough;@DISEASE_Whooping_Cough;disease;1.0
@DISEASE_Wiskott_Aldrich_Syndrome;@DISEASE_Wiskott_Aldrich_Syndrome;disease;1.0
@DISEASE_Wolff_Parkinson_White_Syndrome;@DISEASE_Wolff_Parkinson_White_Syndrome;disease;1.0
@DISEASE_Woods_Black_Norbury_syndrome;@DISEASE_Woods_Black_Norbury_syndrome;disease;1.0
@DISEASE_Wounds_Gunshot;@DISEASE_Wounds_Gunshot;disease;1.0
@DISEASE_Wrist_Injuries;@DISEASE_Wrist_Injuries;disease;1.0
@DISEASE_Xeroderma_Pigmentosum_B_Cockayne_Syndrome;@DISEASE_Xeroderma_Pigmentosum_B_Cockayne_Syndrome;disease;1.0
@DISEASE_Young_Syndrome;@DISEASE_Young_Syndrome;disease;1.0
@DISEASE_ZAP70_deficiency;@DISEASE_ZAP70_deficiency;disease;1.0
@DISEASE_Zimmerman_Laband_syndrome;@DISEASE_Zimmerman_Laband_syndrome;disease;1.0
@DISEASE_alpha_1_Antitrypsin_Deficiency;@DISEASE_alpha_1_Antitrypsin_Deficiency;disease;1.0
@DISEASE_enamel_pearl;@DISEASE_enamel_pearl;disease;1.0
@DISEASE_familial_dilated_cardiomyopathy;@DISEASE_familial_dilated_cardiomyopathy;disease;1.0
@DISEASE_fetal_inflammatory_response_syndrome;@DISEASE_fetal_inflammatory_response_syndrome;disease;1.0
@DISEASE_hyperzincemia_and_hypercalprotectinemia;@DISEASE_hyperzincemia_and_hypercalprotectinemia;disease;1.0
@DISEASE_idiopathic_pulmonary_hemosiderosis;@DISEASE_idiopathic_pulmonary_hemosiderosis;disease;1.0
@DISEASE_malar_prominence;@DISEASE_malar_prominence;disease;1.0
@DISEASE_postintensive_care_syndrome;@DISEASE_postintensive_care_syndrome;disease;1.0
@DISEASE_talaromycosis;@DISEASE_talaromycosis;disease;1.0
@DISEASE_tinea_nigra;@DISEASE_tinea_nigra;disease;1.0
@DISEASE_unicuspid_aortic_valve;@DISEASE_unicuspid_aortic_valve;disease;1.0
