entity1,entity2,relation_type
@DISEASE_Alkaptonuria,@CHEMICAL_Homogentisic_Acid,multitype
@DISEASE_Alkaptonuria,@GENE_HGD,multitype
@DISEASE_Alkaptonuria,@CHEMICAL_Phenylalanine,multitype
@DISEASE_Alkaptonuria,@CHEMICAL_Tyrosine,Negative_Correlation
@DISEASE_Alkaptonuria,@CHEMICAL_nitisinone,multitype
@DISEASE_Alkaptonuria,@CHEMICAL_Ascorbic_Acid,multitype
@DISEASE_Alkaptonuria,@CHEMICAL_Acetylcysteine,Negative_Correlation
@DISEASE_Alkaptonuria,@GENE_SAA@,Association
@DISEASE_Alkaptonuria,@GENE_HPD,Association
@CHEMICAL_Homogentisic_Acid,@CHEMICAL_Tocotrienols,multitype
@CHEMICAL_Homogentisic_Acid,@GENE_HPD,multitype
@CHEMICAL_Homogentisic_Acid,@CHEMICAL_4_hydroxyphenylpyruvic_acid,Association
@CHEMICAL_Homogentisic_Acid,@CHEMICAL_Tyrosine,multitype
@CHEMICAL_Homogentisic_Acid,@CHEMICAL_pyomelanin,multitype
@CHEMICAL_Homogentisic_Acid,@DISEASE_Arthritis,multitype
@CHEMICAL_Homogentisic_Acid,@GENE_HGD,multitype
@CHEMICAL_Homogentisic_Acid,@DISEASE_Pigmentation_Disorders,multitype
@CHEMICAL_Homogentisic_Acid,@CHEMICAL_Ascorbic_Acid,multitype
@CHEMICAL_Homogentisic_Acid,@CHEMICAL_Melanins,multitype
@CHEMICAL_Homogentisic_Acid,@DISEASE_AA_amyloidosis,Positive_Correlation
@CHEMICAL_Homogentisic_Acid,@GENE_PDS1,Association
@CHEMICAL_Homogentisic_Acid,@CHEMICAL_Amino_Acids_Aromatic,multitype
@CHEMICAL_Homogentisic_Acid,@DISEASE_Ochronosis,multitype
@CHEMICAL_Homogentisic_Acid,@CHEMICAL_nitisinone,multitype
@CHEMICAL_Homogentisic_Acid,@GENE_SAA@,multitype
@CHEMICAL_Homogentisic_Acid,@DISEASE_Nerve_Degeneration,Positive_Correlation
@CHEMICAL_Homogentisic_Acid,@DISEASE_Diabetes_Mellitus,multitype
@CHEMICAL_Homogentisic_Acid,@CHEMICAL_succinylacetone,multitype
@CHEMICAL_Homogentisic_Acid,@CHEMICAL_geranylgeranyl_pyrophosphate,Association
@CHEMICAL_Homogentisic_Acid,@GENE_HPT1,Association
@CHEMICAL_Homogentisic_Acid,@DISEASE_Tyrosinemias,multitype
@CHEMICAL_Homogentisic_Acid,@DISEASE_Osteoarthritis,Positive_Correlation
@CHEMICAL_Homogentisic_Acid,@DISEASE_Alkaptonuric_ochronosis,multitype
@CHEMICAL_Homogentisic_Acid,@CHEMICAL_Tocopherols,multitype
@CHEMICAL_Homogentisic_Acid,@CHEMICAL_phenylacetic_acid,Association
@CHEMICAL_Homogentisic_Acid,@CHEMICAL_Phenylalanine,multitype
@CHEMICAL_Homogentisic_Acid,@DISEASE_Inflammation,multitype
@CHEMICAL_Homogentisic_Acid,@DISEASE_Heart_Diseases,Positive_Correlation
@CHEMICAL_Homogentisic_Acid,@CHEMICAL_Plastoquinone,multitype
@CHEMICAL_Homogentisic_Acid,@CHEMICAL_quinone,multitype
@CHEMICAL_Homogentisic_Acid,@DISEASE_Fanconi_Syndrome,Positive_Correlation
@CHEMICAL_Homogentisic_Acid,@GENE_FAH,Association
@CHEMICAL_Homogentisic_Acid,@DISEASE_Tendinopathy,multitype
@CHEMICAL_Homogentisic_Acid,@DISEASE_Cartilage_Diseases,multitype
@CHEMICAL_Homogentisic_Acid,@DISEASE_Osteoarthropathy_Primary_Hypertrophic,Positive_Correlation
@CHEMICAL_Homogentisic_Acid,@CHEMICAL_Reactive_Oxygen_Species,multitype
@CHEMICAL_Homogentisic_Acid,@CHEMICAL_Vitamin_E,Association
@CHEMICAL_Homogentisic_Acid,@CHEMICAL_Hydrogen_Peroxide,multitype
@CHEMICAL_Homogentisic_Acid,@DISEASE_Heart_Valve_Diseases,Positive_Correlation
@CHEMICAL_Homogentisic_Acid,@DISEASE_Metabolic_Diseases,multitype
@CHEMICAL_Homogentisic_Acid,@CHEMICAL_Creatinine,Association
@CHEMICAL_Homogentisic_Acid,@DISEASE_Hemolysis,Positive_Correlation
@CHEMICAL_Homogentisic_Acid,@DISEASE_Joint_Diseases,Positive_Correlation
@CHEMICAL_Homogentisic_Acid,@DISEASE_Neurodegenerative_Diseases,Positive_Correlation
@CHEMICAL_Homogentisic_Acid,@CHEMICAL_phytyl_diphosphate,Association
@GENE_HGD,@CHEMICAL_Tyrosine,Association
@GENE_HGD,@CHEMICAL_Phenylalanine,Association
@GENE_HGD,@DISEASE_Cataract,multitype
@GENE_HGD,@DISEASE_Ochronosis,Association
@GENE_HGD,@DISEASE_Alkaptonuric_ochronosis,multitype
@GENE_HGD,@CHEMICAL_ethylbenzene,Association
@GENE_HGD,@DISEASE_Arthritis,Association
@CHEMICAL_Phenylalanine,@DISEASE_Neoplasms,multitype
@CHEMICAL_Phenylalanine,@DISEASE_Cognition_Disorders,multitype
@CHEMICAL_Phenylalanine,@CHEMICAL_Tyrosine,multitype
@CHEMICAL_Phenylalanine,@DISEASE_Tyrosinemias,multitype
@CHEMICAL_Phenylalanine,@CHEMICAL_sapropterin,multitype
@CHEMICAL_Phenylalanine,@GENE_PAH,multitype
@CHEMICAL_Phenylalanine,@DISEASE_Phenylketonurias,multitype
@CHEMICAL_Phenylalanine,@CHEMICAL_nitisinone,multitype
@CHEMICAL_Phenylalanine,@CHEMICAL_phenylpyruvic_acid,multitype
@CHEMICAL_Phenylalanine,@CHEMICAL_succinylacetone,multitype
@CHEMICAL_Phenylalanine,@DISEASE_Obesity,multitype
@CHEMICAL_Phenylalanine,@DISEASE_Inflammation,multitype
@CHEMICAL_Phenylalanine,@DISEASE_Neurologic_Manifestations,multitype
@CHEMICAL_Phenylalanine,@DISEASE_Metabolic_Diseases,multitype
@CHEMICAL_Phenylalanine,@CHEMICAL_Cadmium,multitype
@CHEMICAL_Phenylalanine,@CHEMICAL_Arsenic,multitype
@CHEMICAL_Phenylalanine,@CHEMICAL_Amino_Acids_Aromatic,multitype
@CHEMICAL_Phenylalanine,@DISEASE_Metabolic_Syndrome,multitype
@CHEMICAL_Phenylalanine,@CHEMICAL_Lignin,multitype
@CHEMICAL_Phenylalanine,@DISEASE_Liver_Diseases,multitype
@CHEMICAL_Phenylalanine,@CHEMICAL_Glutathione,multitype
@CHEMICAL_Phenylalanine,@CHEMICAL_Reactive_Oxygen_Species,multitype
@CHEMICAL_Tyrosine,@CHEMICAL_4_hydroxyphenylacetic_acid,multitype
@CHEMICAL_Tyrosine,@CHEMICAL_Melanins,multitype
@CHEMICAL_Tyrosine,@CHEMICAL_4_hydroxybenzoic_acid,multitype
@CHEMICAL_Tyrosine,@GENE_FAH,Association
@CHEMICAL_Tyrosine,@DISEASE_Tyrosinemias,multitype
@CHEMICAL_Tyrosine,@CHEMICAL_succinylacetoacetate,multitype
@CHEMICAL_Tyrosine,@CHEMICAL_nitisinone,multitype
@CHEMICAL_Tyrosine,@DISEASE_Corneal_Dystrophy_Band_Shaped,multitype
@CHEMICAL_Tyrosine,@CHEMICAL_pyomelanin,multitype
@CHEMICAL_Tyrosine,@CHEMICAL_Ascorbic_Acid,multitype
@CHEMICAL_Tyrosine,@DISEASE_Ochronosis,multitype
@CHEMICAL_Tyrosine,@GENE_PAH,Association
@CHEMICAL_Tyrosine,@CHEMICAL_Glutathione,multitype
@CHEMICAL_Tyrosine,@GENE_CAT,multitype
@CHEMICAL_Tyrosine,@CHEMICAL_Plastoquinone,Association
@CHEMICAL_Tyrosine,@DISEASE_Fibrosis,multitype
@CHEMICAL_Tyrosine,@DISEASE_Depressive_Disorder,multitype
@CHEMICAL_Tyrosine,@CHEMICAL_Threonine,multitype
@CHEMICAL_Tyrosine,@GENE_TYR,multitype
@CHEMICAL_Tyrosine,@CHEMICAL_Reactive_Oxygen_Species,multitype
@CHEMICAL_Tyrosine,@DISEASE_Liver_Diseases,multitype
@CHEMICAL_Tyrosine,@DISEASE_Cardiovascular_Diseases,multitype
@CHEMICAL_Tyrosine,@CHEMICAL_Norepinephrine,multitype
@CHEMICAL_Tyrosine,@CHEMICAL_Lysine,multitype
@CHEMICAL_Tyrosine,@DISEASE_Phenylketonurias,multitype
@CHEMICAL_Tyrosine,@CHEMICAL_Homovanillic_Acid,multitype
@CHEMICAL_Tyrosine,@DISEASE_Obesity,multitype
@CHEMICAL_Tyrosine,@CHEMICAL_Dopamine,multitype
@CHEMICAL_Tyrosine,@CHEMICAL_propionic_acid,multitype
@CHEMICAL_Tyrosine,@CHEMICAL_sapropterin,multitype
@CHEMICAL_Tyrosine,@DISEASE_Metabolic_Syndrome,multitype
@CHEMICAL_Tyrosine,@CHEMICAL_Nitric_Oxide,multitype
@CHEMICAL_Tyrosine,@DISEASE_Renal_Insufficiency_Chronic,multitype
@CHEMICAL_Tyrosine,@CHEMICAL_Flavonoids,multitype
@CHEMICAL_Tyrosine,@DISEASE_Osteoarthritis,multitype
@CHEMICAL_Tyrosine,@DISEASE_Intellectual_Disability,multitype
@CHEMICAL_nitisinone,@CHEMICAL_4_hydroxyphenylpyruvic_acid,multitype
@CHEMICAL_nitisinone,@DISEASE_Corneal_Dystrophy_Band_Shaped,Positive_Correlation
@CHEMICAL_nitisinone,@DISEASE_Ochronosis,Negative_Correlation
@CHEMICAL_nitisinone,@DISEASE_Corneal_Diseases,multitype
@CHEMICAL_nitisinone,@DISEASE_Joint_Diseases,Negative_Correlation
@CHEMICAL_nitisinone,@DISEASE_Pigmentation_Disorders,multitype
@CHEMICAL_nitisinone,@DISEASE_Liver_Failure,multitype
@CHEMICAL_nitisinone,@DISEASE_Chemical_and_Drug_Induced_Liver_Injury,multitype
@CHEMICAL_Ascorbic_Acid,@DISEASE_Neoplasms,multitype
@CHEMICAL_Ascorbic_Acid,@CHEMICAL_Melanins,multitype
@CHEMICAL_Ascorbic_Acid,@CHEMICAL_alpha_Tocopherol,multitype
@CHEMICAL_Ascorbic_Acid,@CHEMICAL_Superoxides,multitype
@CHEMICAL_Ascorbic_Acid,@DISEASE_Colorectal_Neoplasms,multitype
@CHEMICAL_Ascorbic_Acid,@DISEASE_Ochronosis,Negative_Correlation
@CHEMICAL_Ascorbic_Acid,@DISEASE_Inflammation,multitype
@CHEMICAL_Ascorbic_Acid,@CHEMICAL_Cadmium,multitype
@CHEMICAL_Ascorbic_Acid,@CHEMICAL_Adenosine_Triphosphate,multitype
@CHEMICAL_Ascorbic_Acid,@CHEMICAL_Reactive_Oxygen_Species,multitype
@CHEMICAL_Ascorbic_Acid,@GENE_CAT,multitype
@CHEMICAL_Ascorbic_Acid,@CHEMICAL_Glutathione,multitype
@CHEMICAL_Ascorbic_Acid,@CHEMICAL_Hydrogen_Peroxide,multitype
@CHEMICAL_Ascorbic_Acid,@GENE_ALPP,multitype
@CHEMICAL_Ascorbic_Acid,@GENE_ALB,multitype
@CHEMICAL_Ascorbic_Acid,@CHEMICAL_Silver,multitype
@CHEMICAL_Ascorbic_Acid,@CHEMICAL_Rutin,multitype
@CHEMICAL_Ascorbic_Acid,@CHEMICAL_Malondialdehyde,multitype
@CHEMICAL_Ascorbic_Acid,@CHEMICAL_Selenious_Acid,multitype
@CHEMICAL_Ascorbic_Acid,@CHEMICAL_Acetylcysteine,multitype
@CHEMICAL_Ascorbic_Acid,@CHEMICAL_graphene_oxide,multitype
@CHEMICAL_Ascorbic_Acid,@CHEMICAL_Hydroxyl_Radical,multitype
@CHEMICAL_Ascorbic_Acid,@CHEMICAL_Phytic_Acid,multitype
@CHEMICAL_Ascorbic_Acid,@GENE_IL6,multitype
@CHEMICAL_Ascorbic_Acid,@DISEASE_Bacterial_Infections,multitype
@CHEMICAL_Ascorbic_Acid,@GENE_CRP,multitype
@CHEMICAL_Ascorbic_Acid,@CHEMICAL_Salicylic_Acid,multitype
@CHEMICAL_Ascorbic_Acid,@CHEMICAL_jasmonic_acid,multitype
@CHEMICAL_Ascorbic_Acid,@CHEMICAL_Abscisic_Acid,multitype
@CHEMICAL_Ascorbic_Acid,@GENE_TET2,multitype
@CHEMICAL_Ascorbic_Acid,@CHEMICAL_1_1_diphenyl_2_picrylhydrazyl,multitype
@CHEMICAL_Ascorbic_Acid,@CHEMICAL_Potassium,multitype
@CHEMICAL_Ascorbic_Acid,@CHEMICAL_Thiobarbituric_Acid_Reactive_Substances,multitype
@CHEMICAL_Ascorbic_Acid,@CHEMICAL_Sugars,multitype
@CHEMICAL_Ascorbic_Acid,@DISEASE_Shock_Septic,multitype
@CHEMICAL_Ascorbic_Acid,@CHEMICAL_Oxalates,multitype
@CHEMICAL_Acetylcysteine,@GENE_IFNG,multitype
@CHEMICAL_Acetylcysteine,@CHEMICAL_Calcium,multitype
@CHEMICAL_Acetylcysteine,@DISEASE_Inflammation,multitype
@CHEMICAL_Acetylcysteine,@CHEMICAL_Glutathione,multitype
@CHEMICAL_Acetylcysteine,@GENE_NOS3,multitype
@CHEMICAL_Acetylcysteine,@CHEMICAL_Hydrogen_Sulfide,multitype
@CHEMICAL_Acetylcysteine,@DISEASE_Liver_Failure_Acute,Negative_Correlation
@CHEMICAL_Acetylcysteine,@CHEMICAL_Reactive_Oxygen_Species,multitype
@CHEMICAL_Acetylcysteine,@CHEMICAL_Dopamine,multitype
@CHEMICAL_Acetylcysteine,@GENE_BCL2,multitype
@CHEMICAL_Acetylcysteine,@GENE_CAT,multitype
@CHEMICAL_Acetylcysteine,@GENE_MTOR,multitype
@CHEMICAL_Acetylcysteine,@GENE_HMOX1,multitype
@CHEMICAL_Acetylcysteine,@DISEASE_Ischemia,multitype
@CHEMICAL_Acetylcysteine,@GENE_MYOG,multitype
@CHEMICAL_Acetylcysteine,@GENE_BAX,multitype
@CHEMICAL_Acetylcysteine,@GENE_TGFB1,multitype
@CHEMICAL_Acetylcysteine,@DISEASE_Neurodegenerative_Diseases,multitype
@CHEMICAL_Acetylcysteine,@DISEASE_Carcinoma_Hepatocellular,multitype
@CHEMICAL_Acetylcysteine,@GENE_CDK4,multitype
@CHEMICAL_Acetylcysteine,@GENE_TNF,multitype
@CHEMICAL_Acetylcysteine,@DISEASE_Mitochondrial_Diseases,multitype
@CHEMICAL_Acetylcysteine,@GENE_MMP2,multitype
@CHEMICAL_Acetylcysteine,@CHEMICAL_Adenosine_Triphosphate,multitype
@CHEMICAL_Acetylcysteine,@GENE_IL10,multitype
@CHEMICAL_Acetylcysteine,@CHEMICAL_Cisplatin,Negative_Correlation
@CHEMICAL_Acetylcysteine,@GENE_DFNA34,multitype
@CHEMICAL_Acetylcysteine,@GENE_SIRT3,multitype
@CHEMICAL_Acetylcysteine,@GENE_SOD1,multitype
@CHEMICAL_Acetylcysteine,@GENE_GPX1,multitype
@CHEMICAL_Acetylcysteine,@GENE_ALB,multitype
@CHEMICAL_Acetylcysteine,@GENE_ACHE,multitype
@CHEMICAL_Acetylcysteine,@CHEMICAL_Ethanol,Negative_Correlation
@CHEMICAL_Acetylcysteine,@DISEASE_Sepsis,multitype
@CHEMICAL_Acetylcysteine,@GENE_CCND1,multitype
@CHEMICAL_Acetylcysteine,@DISEASE_Hemorrhage,multitype
@CHEMICAL_Acetylcysteine,@CHEMICAL_Nitrites,multitype
@CHEMICAL_Acetylcysteine,@DISEASE_Brain_Diseases,multitype
@CHEMICAL_Acetylcysteine,@CHEMICAL_Phosphatidylserines,multitype
@GENE_HPD,@DISEASE_Hawkinsinuria,multitype
@GENE_HPD,@DISEASE_Tyrosinemias,multitype
@GENE_HPD,@CHEMICAL_4_hydroxyphenylacetate,multitype
@DISEASE_Barrett_Esophagus,@GENE_ERBB2,Association
@DISEASE_Barrett_Esophagus,@CHEMICAL_Dihematoporphyrin_Ether,Negative_Correlation
@DISEASE_Barrett_Esophagus,@CHEMICAL_Argon,Negative_Correlation
@DISEASE_Barrett_Esophagus,@CHEMICAL_Aminolevulinic_Acid,Negative_Correlation
@DISEASE_Barrett_Esophagus,@GENE_MYC,Association
@DISEASE_Barrett_Esophagus,@GENE_CCND1,Association
@DISEASE_Barrett_Esophagus,@GENE_APC,Association
@DISEASE_Barrett_Esophagus,@GENE_CDKN2A,Association
@DISEASE_Barrett_Esophagus,@CHEMICAL_Omeprazole,Negative_Correlation
@DISEASE_Barrett_Esophagus,@CHEMICAL_Methylene_Blue,Negative_Correlation
@DISEASE_Barrett_Esophagus,@GENE_AMACR,Association
@DISEASE_Barrett_Esophagus,@GENE_LOC100508689,Association
@DISEASE_Barrett_Esophagus,@GENE_MIR192,Association
@GENE_ERBB2,@DISEASE_Lymphoma_Non_Hodgkin,multitype
@GENE_ERBB2,@DISEASE_Neoplasms,multitype
@GENE_ERBB2,@DISEASE_Breast_Neoplasms,multitype
@GENE_ERBB2,@CHEMICAL_pertuzumab,multitype
@CHEMICAL_Dihematoporphyrin_Ether,@DISEASE_Lymphoma_Non_Hodgkin,Negative_Correlation
@CHEMICAL_Dihematoporphyrin_Ether,@DISEASE_Retinal_Dysplasia,Negative_Correlation
@CHEMICAL_Aminolevulinic_Acid,@DISEASE_Lymphoma_Non_Hodgkin,Negative_Correlation
@CHEMICAL_Aminolevulinic_Acid,@DISEASE_Retinal_Dysplasia,Negative_Correlation
@GENE_MYC,@CHEMICAL_Reactive_Oxygen_Species,multitype
@GENE_MYC,@DISEASE_Carcinoma_Hepatocellular,multitype
@GENE_CCND1,@DISEASE_Lymphoma_Non_Hodgkin,Association
@GENE_CCND1,@GENE_CTNNB1,multitype
@GENE_APC,@DISEASE_Retinal_Dysplasia,Association
@GENE_APC,@DISEASE_Neoplasms,multitype
@GENE_APC,@GENE_CTNNB1,multitype
@GENE_APC,@GENE_F2R,multitype
@GENE_APC,@GENE_PROCR,multitype
@GENE_APC,@DISEASE_Lung_Neoplasms,multitype
@GENE_CDKN2A,@DISEASE_Lymphoma_Non_Hodgkin,multitype
@CHEMICAL_Methylene_Blue,@DISEASE_Retinal_Dysplasia,multitype
@CHEMICAL_Methylene_Blue,@CHEMICAL_Hydrogen_Peroxide,multitype
@CHEMICAL_Methylene_Blue,@CHEMICAL_Citric_Acid,multitype
@CHEMICAL_Methylene_Blue,@DISEASE_Methemoglobinemia,Negative_Correlation
@CHEMICAL_Methylene_Blue,@CHEMICAL_ferric_oxide,multitype
@CHEMICAL_Methylene_Blue,@CHEMICAL_cadmium_sulfide,multitype
@CHEMICAL_Methylene_Blue,@CHEMICAL_Alginates,multitype
@GENE_AMACR,@DISEASE_Lymphoma_Non_Hodgkin,multitype
@GENE_AMACR,@DISEASE_Retinal_Dysplasia,Association
@GENE_AMACR,@DISEASE_Adenocarcinoma,multitype
@DISEASE_Lymphoma_Non_Hodgkin,@GENE_TP53,multitype
@DISEASE_Lymphoma_Non_Hodgkin,@CHEMICAL_Phosphorus,multitype
@DISEASE_Lymphoma_Non_Hodgkin,@GENE_CDX2,multitype
@DISEASE_Lymphoma_Non_Hodgkin,@GENE_SOX2,Association
@DISEASE_Lymphoma_Non_Hodgkin,@GENE_EGFR,multitype
@DISEASE_Lymphoma_Non_Hodgkin,@GENE_KRAS,Association
@DISEASE_Lymphoma_Non_Hodgkin,@GENE_ATM,multitype
@DISEASE_Lymphoma_Non_Hodgkin,@GENE_CTNNB1,multitype
@DISEASE_Lymphoma_Non_Hodgkin,@GENE_MUC6,Association
@GENE_TP53,@DISEASE_Neoplasms,multitype
@GENE_TP53,@DISEASE_Stomach_Neoplasms,multitype
@GENE_TP53,@DISEASE_Adenoma,Association
@GENE_TP53,@DISEASE_Colitis_Ulcerative,Association
@GENE_TP53,@DISEASE_Precancerous_Conditions,multitype
@GENE_TP53,@CHEMICAL_Quercetin,multitype
@GENE_TP53,@DISEASE_Endometrial_Neoplasms,Association
@GENE_TP53,@GENE_MDM2,multitype
@GENE_TP53,@GENE_BAX,multitype
@GENE_TP53,@GENE_BCL2,multitype
@GENE_TP53,@CHEMICAL_hesperetin,multitype
@GENE_TP53,@CHEMICAL_Reactive_Oxygen_Species,multitype
@GENE_TP53,@CHEMICAL_nutlin_3,multitype
@GENE_TP53,@GENE_SIRT1,multitype
@GENE_TP53,@GENE_CTNNB1,multitype
@GENE_TP53,@CHEMICAL_Rutin,multitype
@CHEMICAL_Phosphorus,@CHEMICAL_Carbon_Dioxide,multitype
@CHEMICAL_Phosphorus,@CHEMICAL_Calcium,multitype
@CHEMICAL_Phosphorus,@CHEMICAL_Phytic_Acid,multitype
@CHEMICAL_Phosphorus,@CHEMICAL_Calcium_Carbonate,multitype
@CHEMICAL_Phosphorus,@CHEMICAL_biochar,multitype
@CHEMICAL_Phosphorus,@DISEASE_Inflammation,multitype
@CHEMICAL_Phosphorus,@CHEMICAL_Reactive_Oxygen_Species,multitype
@CHEMICAL_Phosphorus,@CHEMICAL_Magnesium,multitype
@CHEMICAL_Phosphorus,@CHEMICAL_Flavonoids,multitype
@CHEMICAL_Phosphorus,@GENE_PTH,multitype
@GENE_EGFR,@DISEASE_Retinal_Dysplasia,multitype
@GENE_EGFR,@DISEASE_Adenocarcinoma,multitype
@GENE_EGFR,@DISEASE_Neoplasms,multitype
@GENE_EGFR,@GENE_CD274,multitype
@GENE_EGFR,@CHEMICAL_osimertinib,multitype
@GENE_EGFR,@DISEASE_Carcinoma_Non_Small_Cell_Lung,multitype
@GENE_EGFR,@DISEASE_Squamous_Cell_Carcinoma_of_Head_and_Neck,Association
@GENE_EGFR,@CHEMICAL_Cetuximab,multitype
@GENE_EGFR,@CHEMICAL_aflutinib,Negative_Correlation
@GENE_EGFR,@DISEASE_Adenocarcinoma_of_Lung,multitype
@GENE_EGFR,@CHEMICAL_Erlotinib_Hydrochloride,Negative_Correlation
@GENE_EGFR,@CHEMICAL_Gefitinib,multitype
@GENE_EGFR,@CHEMICAL_Afatinib,multitype
@GENE_EGFR,@GENE_AKT1,multitype
@GENE_EGFR,@DISEASE_Glioblastoma,Association
@GENE_EGFR,@DISEASE_Brain_Neoplasms,Association
@GENE_EGFR,@DISEASE_Carcinoma_Renal_Cell,multitype
@GENE_EGFR,@CHEMICAL_lazertinib,multitype
@GENE_EGFR,@DISEASE_Exanthema,multitype
@GENE_EGFR,@GENE_MTSS1,multitype
@GENE_EGFR,@CHEMICAL_Quercetin,multitype
@GENE_EGFR,@CHEMICAL_Luteolin,multitype
@GENE_EGFR,@CHEMICAL_Rutin,multitype
@GENE_EGFR,@DISEASE_Psoriasis,multitype
@GENE_EGFR,@CHEMICAL_ferulic_acid,multitype
@GENE_EGFR,@CHEMICAL_Doxorubicin,multitype
@GENE_EGFR,@GENE_YAP1,multitype
@GENE_KRAS,@DISEASE_Neoplasms,multitype
@GENE_KRAS,@DISEASE_Pancreatic_Neoplasms,Association
@GENE_KRAS,@CHEMICAL_sotorasib,multitype
@GENE_KRAS,@DISEASE_Adenocarcinoma_of_Lung,multitype
@GENE_KRAS,@DISEASE_Lung_Neoplasms,multitype
@GENE_KRAS,@DISEASE_Carcinoma_Non_Small_Cell_Lung,multitype
@GENE_KRAS,@DISEASE_Carcinoma_Pancreatic_Ductal,Association
@GENE_ATM,@CHEMICAL_Reactive_Oxygen_Species,multitype
@GENE_CTNNB1,@DISEASE_Neoplasms,multitype
@GENE_CTNNB1,@GENE_DKK1,multitype
@GENE_CTNNB1,@GENE_SOST,multitype
@GENE_CTNNB1,@GENE_GSK3B,multitype
@GENE_CTNNB1,@GENE_AXIN1,multitype
@GENE_CTNNB1,@GENE_AXIN2,multitype
@GENE_CTNNB1,@GENE_WNT2,multitype
@GENE_CTNNB1,@DISEASE_Carcinoma_Hepatocellular,multitype
@GENE_CTNNB1,@GENE_GDF2,multitype
@GENE_CTNNB1,@GENE_SP7,multitype
@GENE_CTNNB1,@GENE_TGFB1,multitype
@GENE_CTNNB1,@DISEASE_Hypoxia,multitype
@GENE_CTNNB1,@DISEASE_Alzheimer_Disease,multitype
@GENE_CTNNB1,@GENE_AHR,multitype
@GENE_CTNNB1,@GENE_WNT3A,multitype
@GENE_CTNNB1,@GENE_TNFSF11,multitype
@GENE_CTNNB1,@CHEMICAL_Lithium_Chloride,multitype
@GENE_CTNNB1,@GENE_PTH,multitype
@GENE_CTNNB1,@GENE_GLUL,multitype
@GENE_CTNNB1,@GENE_CD4,multitype
@GENE_CTNNB1,@GENE_LGR4,multitype
@GENE_CTNNB1,@CHEMICAL_Taurine,multitype
@GENE_CTNNB1,@GENE_MMP2,multitype
@GENE_CTNNB1,@GENE_HIF1A,multitype
@GENE_CTNNB1,@GENE_METTL3,multitype
@GENE_CTNNB1,@CHEMICAL_Resveratrol,multitype
@GENE_CTNNB1,@GENE_TNKS,multitype
@GENE_CTNNB1,@CHEMICAL_crocin,multitype
@CHEMICAL_Tocotrienols,@CHEMICAL_geranylgeranyl_pyrophosphate,Association
@CHEMICAL_Tocotrienols,@CHEMICAL_Vitamin_E,Association
@CHEMICAL_Tocotrienols,@GENE_LOC548177,multitype
@CHEMICAL_4_hydroxyphenylpyruvic_acid,@GENE_PDS1,Association
@CHEMICAL_pyomelanin,@CHEMICAL_Reactive_Oxygen_Species,multitype
@DISEASE_Arthritis,@CHEMICAL_Minocycline,multitype
@DISEASE_Arthritis,@CHEMICAL_Methotrexate,multitype
@DISEASE_Arthritis,@GENE_DKK1,multitype
@DISEASE_Arthritis,@GENE_TNF,multitype
@DISEASE_Arthritis,@GENE_IL6,multitype
@DISEASE_Arthritis,@GENE_IL17A,multitype
@DISEASE_Arthritis,@GENE_SOST,multitype
@DISEASE_Arthritis,@GENE_CRP,multitype
@DISEASE_Pigmentation_Disorders,@CHEMICAL_Minocycline,multitype
@DISEASE_Pigmentation_Disorders,@CHEMICAL_hydroquinone,multitype
@CHEMICAL_Melanins,@DISEASE_Neoplasms,multitype
@CHEMICAL_Melanins,@CHEMICAL_1_8_dihydroxynaphthalene,multitype
@CHEMICAL_Melanins,@GENE_TYR,multitype
@CHEMICAL_Melanins,@GENE_DCT,multitype
@CHEMICAL_Melanins,@DISEASE_Melanoma,multitype
@CHEMICAL_Melanins,@DISEASE_Melanosis,multitype
@CHEMICAL_Melanins,@GENE_TYRP1,multitype
@CHEMICAL_Melanins,@DISEASE_Inflammation,multitype
@CHEMICAL_Melanins,@DISEASE_Albinism_Oculocutaneous,multitype
@CHEMICAL_Melanins,@CHEMICAL_Free_Radicals,multitype
@CHEMICAL_Melanins,@GENE_MLANA,multitype
@CHEMICAL_Melanins,@DISEASE_Keloid,multitype
@CHEMICAL_Melanins,@DISEASE_Neoplasm_Metastasis,multitype
@CHEMICAL_Melanins,@CHEMICAL_Reactive_Oxygen_Species,multitype
@CHEMICAL_Melanins,@CHEMICAL_Chitosan,multitype
@CHEMICAL_Melanins,@CHEMICAL_Luteolin,multitype
@CHEMICAL_Melanins,@CHEMICAL_glabridin,multitype
@DISEASE_AA_amyloidosis,@GENE_TTR,multitype
@DISEASE_AA_amyloidosis,@GENE_APP,multitype
@DISEASE_AA_amyloidosis,@CHEMICAL_thioflavin_T,multitype
@GENE_PDS1,@CHEMICAL_Plastoquinone,Association
@CHEMICAL_Amino_Acids_Aromatic,@DISEASE_Diabetes_Mellitus,multitype
@CHEMICAL_Amino_Acids_Aromatic,@CHEMICAL_glyphosate,multitype
@CHEMICAL_Amino_Acids_Aromatic,@CHEMICAL_phenylpyruvic_acid,multitype
@CHEMICAL_Amino_Acids_Aromatic,@DISEASE_Obesity,multitype
@CHEMICAL_Amino_Acids_Aromatic,@DISEASE_Diabetes_Mellitus_Type_2,multitype
@CHEMICAL_Amino_Acids_Aromatic,@CHEMICAL_Tryptophan,multitype
@DISEASE_Nerve_Degeneration,@CHEMICAL_Taurine,multitype
@DISEASE_Nerve_Degeneration,@CHEMICAL_Glucose,multitype
@DISEASE_Nerve_Degeneration,@CHEMICAL_Glutamic_Acid,multitype
@DISEASE_Nerve_Degeneration,@GENE_S100B,multitype
@DISEASE_Nerve_Degeneration,@GENE_DKK1,multitype
@DISEASE_Nerve_Degeneration,@CHEMICAL_neuromelanin,multitype
@DISEASE_Nerve_Degeneration,@CHEMICAL_1_Methyl_4_phenyl_1_2_3_6_tetrahydropyridine,multitype
@DISEASE_Nerve_Degeneration,@CHEMICAL_Nitric_Oxide,multitype
@DISEASE_Diabetes_Mellitus,@CHEMICAL_Aspirin,multitype
@DISEASE_Diabetes_Mellitus,@CHEMICAL_Leucine,multitype
@DISEASE_Diabetes_Mellitus,@CHEMICAL_Proline,multitype
@DISEASE_Diabetes_Mellitus,@CHEMICAL_Taurine,multitype
@DISEASE_Diabetes_Mellitus,@CHEMICAL_Glucose,multitype
@DISEASE_Diabetes_Mellitus,@CHEMICAL_Alloxan,multitype
@DISEASE_Diabetes_Mellitus,@GENE_INS,multitype
@DISEASE_Diabetes_Mellitus,@CHEMICAL_Streptozocin,multitype
@DISEASE_Diabetes_Mellitus,@GENE_DKK1,multitype
@DISEASE_Diabetes_Mellitus,@CHEMICAL_Reactive_Oxygen_Species,multitype
@DISEASE_Diabetes_Mellitus,@CHEMICAL_Uric_Acid,multitype
@DISEASE_Diabetes_Mellitus,@CHEMICAL_Blood_Glucose,multitype
@DISEASE_Diabetes_Mellitus,@GENE_CAT,multitype
@DISEASE_Diabetes_Mellitus,@CHEMICAL_Glycine,multitype
@DISEASE_Diabetes_Mellitus,@CHEMICAL_Pyruvaldehyde,multitype
@DISEASE_Diabetes_Mellitus,@GENE_SOST,multitype
@DISEASE_Diabetes_Mellitus,@CHEMICAL_Carbohydrates,multitype
@DISEASE_Diabetes_Mellitus,@CHEMICAL_Metformin,multitype
@DISEASE_Diabetes_Mellitus,@CHEMICAL_Cysteine,multitype
@DISEASE_Diabetes_Mellitus,@GENE_TNFSF11,multitype
@DISEASE_Diabetes_Mellitus,@CHEMICAL_Propionates,multitype
@DISEASE_Diabetes_Mellitus,@GENE_IL6,multitype
@DISEASE_Diabetes_Mellitus,@CHEMICAL_Hydrocortisone,multitype
@DISEASE_Diabetes_Mellitus,@CHEMICAL_Creatinine,multitype
@DISEASE_Diabetes_Mellitus,@CHEMICAL_Tryptophan,multitype
@DISEASE_Diabetes_Mellitus,@CHEMICAL_Polyphenols,multitype
@DISEASE_Diabetes_Mellitus,@CHEMICAL_Triglycerides,multitype
@DISEASE_Diabetes_Mellitus,@CHEMICAL_Thioctic_Acid,multitype
@DISEASE_Diabetes_Mellitus,@CHEMICAL_Nitric_Oxide,multitype
@DISEASE_Diabetes_Mellitus,@CHEMICAL_Chitosan,multitype
@DISEASE_Diabetes_Mellitus,@GENE_TNF,multitype
@DISEASE_Diabetes_Mellitus,@CHEMICAL_Isoleucine,multitype
@DISEASE_Diabetes_Mellitus,@CHEMICAL_Magnesium,multitype
@DISEASE_Diabetes_Mellitus,@GENE_LOX,multitype
@DISEASE_Diabetes_Mellitus,@CHEMICAL_Vitamin_E,multitype
@DISEASE_Diabetes_Mellitus,@CHEMICAL_Phospholipids,multitype
@DISEASE_Diabetes_Mellitus,@CHEMICAL_Asparagine,multitype
@DISEASE_Diabetes_Mellitus,@GENE_NFE2L2,Association
@DISEASE_Diabetes_Mellitus,@CHEMICAL_Mannose,multitype
@CHEMICAL_succinylacetone,@DISEASE_Tyrosinemias,multitype
@CHEMICAL_succinylacetone,@GENE_ALAD,Negative_Correlation
@CHEMICAL_succinylacetone,@CHEMICAL_Porphyrins,multitype
@GENE_HPT1,@CHEMICAL_Tocopherols,multitype
@GENE_HPT1,@CHEMICAL_Vitamin_E,multitype
@DISEASE_Tyrosinemias,@GENE_FAH,multitype
@DISEASE_Tyrosinemias,@GENE_TAT,multitype
@DISEASE_Tyrosinemias,@GENE_AFP,multitype
@DISEASE_Osteoarthritis,@CHEMICAL_Reactive_Oxygen_Species,multitype
@DISEASE_Osteoarthritis,@GENE_IL1B,multitype
@DISEASE_Osteoarthritis,@CHEMICAL_Vitamin_E,multitype
@DISEASE_Osteoarthritis,@CHEMICAL_Iodoacetic_Acid,Positive_Correlation
@DISEASE_Osteoarthritis,@CHEMICAL_Hyaluronic_Acid,Negative_Correlation
@DISEASE_Osteoarthritis,@CHEMICAL_Chondroitin_Sulfates,multitype
@DISEASE_Osteoarthritis,@GENE_DKK1,Association
@DISEASE_Osteoarthritis,@GENE_MMP3,multitype
@CHEMICAL_Tocopherols,@GENE_LOC548177,multitype
@CHEMICAL_phenylacetic_acid,@CHEMICAL_Penicillin_G,Association
@DISEASE_Inflammation,@CHEMICAL_Carbon_Dioxide,multitype
@DISEASE_Inflammation,@GENE_PTGS2,multitype
@DISEASE_Inflammation,@CHEMICAL_Aspirin,multitype
@DISEASE_Inflammation,@CHEMICAL_protocatechuic_acid,multitype
@DISEASE_Inflammation,@CHEMICAL_4_hydroxybenzoic_acid,multitype
@DISEASE_Inflammation,@GENE_IFNG,multitype
@DISEASE_Inflammation,@CHEMICAL_Calcium,multitype
@DISEASE_Inflammation,@CHEMICAL_Fumarates,multitype
@DISEASE_Inflammation,@CHEMICAL_Superoxides,multitype
@DISEASE_Inflammation,@CHEMICAL_Aspartic_Acid,multitype
@DISEASE_Inflammation,@CHEMICAL_Taurine,multitype
@DISEASE_Inflammation,@CHEMICAL_Steroids,multitype
@DISEASE_Inflammation,@CHEMICAL_Bile_Acids_and_Salts,multitype
@DISEASE_Inflammation,@CHEMICAL_Reactive_Oxygen_Species,multitype
@DISEASE_Inflammation,@CHEMICAL_Choline,multitype
@DISEASE_Inflammation,@CHEMICAL_Phytic_Acid,multitype
@DISEASE_Inflammation,@CHEMICAL_Thioctic_Acid,multitype
@DISEASE_Inflammation,@CHEMICAL_Nitric_Oxide,multitype
@DISEASE_Inflammation,@GENE_TNF,multitype
@DISEASE_Inflammation,@GENE_IL10,multitype
@DISEASE_Inflammation,@GENE_IL6,multitype
@DISEASE_Inflammation,@CHEMICAL_Vitamin_E,multitype
@DISEASE_Inflammation,@CHEMICAL_Uric_Acid,multitype
@DISEASE_Inflammation,@CHEMICAL_Homocysteine,multitype
@DISEASE_Inflammation,@CHEMICAL_Glucose,multitype
@DISEASE_Inflammation,@CHEMICAL_Lipopolysaccharides,multitype
@DISEASE_Inflammation,@CHEMICAL_Selenium,multitype
@DISEASE_Inflammation,@CHEMICAL_kaempferol,multitype
@DISEASE_Inflammation,@CHEMICAL_3_methylquercetin,multitype
@DISEASE_Inflammation,@CHEMICAL_Quercetin,multitype
@DISEASE_Inflammation,@GENE_CD8A,multitype
@DISEASE_Inflammation,@GENE_NFKB1,Association
@DISEASE_Inflammation,@CHEMICAL_Lactic_Acid,multitype
@DISEASE_Inflammation,@CHEMICAL_Fatty_Acids,multitype
@DISEASE_Inflammation,@GENE_IL1B,multitype
@DISEASE_Inflammation,@CHEMICAL_Prostaglandins,multitype
@DISEASE_Inflammation,@CHEMICAL_Apigenin,multitype
@DISEASE_Inflammation,@CHEMICAL_Cholesterol,multitype
@DISEASE_Inflammation,@CHEMICAL_isoborneol,multitype
@DISEASE_Inflammation,@CHEMICAL_Azoxymethane,multitype
@DISEASE_Inflammation,@CHEMICAL_ferulic_acid,multitype
@DISEASE_Inflammation,@CHEMICAL_Rutin,multitype
@DISEASE_Inflammation,@CHEMICAL_Dinoprostone,multitype
@DISEASE_Inflammation,@CHEMICAL_Flavonoids,multitype
@DISEASE_Inflammation,@CHEMICAL_Methotrexate,multitype
@DISEASE_Inflammation,@CHEMICAL_Adenosine,multitype
@DISEASE_Inflammation,@CHEMICAL_Minocycline,multitype
@DISEASE_Inflammation,@CHEMICAL_Luteolin,multitype
@DISEASE_Inflammation,@GENE_COX2,multitype
@DISEASE_Inflammation,@CHEMICAL_Acetaminophen,multitype
@DISEASE_Inflammation,@CHEMICAL_Hydrogen_Peroxide,multitype
@DISEASE_Inflammation,@GENE_CRP,multitype
@DISEASE_Inflammation,@CHEMICAL_Zoledronic_Acid,multitype
@DISEASE_Inflammation,@CHEMICAL_vanillin,multitype
@DISEASE_Inflammation,@CHEMICAL_Cortisone,multitype
@DISEASE_Inflammation,@GENE_NLRP3,multitype
@DISEASE_Inflammation,@GENE_CXCL8,multitype
@DISEASE_Inflammation,@GENE_IL18,Association
@DISEASE_Inflammation,@GENE_HMOX1,Association
@DISEASE_Inflammation,@GENE_NFE2L2,multitype
@DISEASE_Inflammation,@CHEMICAL_Polychlorinated_Dibenzodioxins,multitype
@DISEASE_Inflammation,@GENE_AHR,multitype
@DISEASE_Inflammation,@GENE_IL12B,multitype
@DISEASE_Inflammation,@GENE_ADIPOQ,multitype
@DISEASE_Inflammation,@CHEMICAL_Gallic_Acid,multitype
@DISEASE_Inflammation,@CHEMICAL_Testosterone,multitype
@DISEASE_Inflammation,@GENE_DFNA34,Association
@DISEASE_Inflammation,@GENE_IL1A,multitype
@DISEASE_Inflammation,@GENE_IL17A,multitype
@DISEASE_Inflammation,@CHEMICAL_Hyaluronic_Acid,multitype
@DISEASE_Inflammation,@CHEMICAL_Arsenic,multitype
@DISEASE_Inflammation,@GENE_ZBTB16,multitype
@DISEASE_Inflammation,@CHEMICAL_Melatonin,multitype
@DISEASE_Inflammation,@CHEMICAL_Zinc,multitype
@DISEASE_Inflammation,@GENE_TNFSF11,multitype
@DISEASE_Inflammation,@GENE_CCL2,multitype
@DISEASE_Inflammation,@CHEMICAL_Nitrates,multitype
@DISEASE_Inflammation,@CHEMICAL_Tryptophan,multitype
@DISEASE_Inflammation,@CHEMICAL_ceric_oxide,multitype
@DISEASE_Inflammation,@GENE_ALB,multitype
@DISEASE_Inflammation,@CHEMICAL_morin,Negative_Correlation
@DISEASE_Inflammation,@CHEMICAL_Curcumin,Negative_Correlation
@DISEASE_Inflammation,@CHEMICAL_Oxylipins,multitype
@DISEASE_Inflammation,@GENE_IL4,multitype
@DISEASE_Inflammation,@CHEMICAL_Aflatoxin_B1,multitype
@DISEASE_Inflammation,@CHEMICAL_Butanols,multitype
@DISEASE_Inflammation,@CHEMICAL_Arachidonic_Acid,multitype
@DISEASE_Inflammation,@CHEMICAL_Silymarin,multitype
@DISEASE_Inflammation,@CHEMICAL_astaxanthine,multitype
@DISEASE_Inflammation,@GENE_SAA,multitype
@DISEASE_Inflammation,@CHEMICAL_Cannabidiol,multitype
@DISEASE_Inflammation,@GENE_CXCL9,multitype
@DISEASE_Inflammation,@GENE_IL22,multitype
@DISEASE_Inflammation,@GENE_IL23A,multitype
@DISEASE_Inflammation,@GENE_MYD88,Association
@DISEASE_Inflammation,@CHEMICAL_Bleomycin,multitype
@DISEASE_Inflammation,@CHEMICAL_Ethanol,multitype
@DISEASE_Inflammation,@GENE_IDO1,multitype
@DISEASE_Inflammation,@CHEMICAL_Kynurenine,multitype
@DISEASE_Inflammation,@CHEMICAL_Carbon_Tetrachloride,multitype
@DISEASE_Inflammation,@CHEMICAL_Salicylic_Acid,multitype
@DISEASE_Inflammation,@CHEMICAL_deoxynivalenol,Positive_Correlation
@DISEASE_Inflammation,@CHEMICAL_itaconic_acid,multitype
@DISEASE_Inflammation,@CHEMICAL_Hesperidin,multitype
@DISEASE_Inflammation,@CHEMICAL_Leukotriene_B4,multitype
@DISEASE_Inflammation,@CHEMICAL_Polyphenols,multitype
@DISEASE_Inflammation,@GENE_SPP1,multitype
@DISEASE_Inflammation,@GENE_DKK1,multitype
@DISEASE_Inflammation,@CHEMICAL_Volatile_Organic_Compounds,multitype
@DISEASE_Inflammation,@GENE_CAT,multitype
@DISEASE_Inflammation,@CHEMICAL_Pyruvaldehyde,multitype
@DISEASE_Inflammation,@CHEMICAL_Asparagine,multitype
@DISEASE_Inflammation,@CHEMICAL_Metformin,multitype
@DISEASE_Inflammation,@CHEMICAL_thymoquinone,multitype
@DISEASE_Inflammation,@CHEMICAL_Glutathione,multitype
@DISEASE_Inflammation,@GENE_NOS2,multitype
@DISEASE_Inflammation,@CHEMICAL_taxifolin,multitype
@DISEASE_Inflammation,@CHEMICAL_Nitrites,multitype
@DISEASE_Inflammation,@CHEMICAL_Emodin,multitype
@DISEASE_Inflammation,@CHEMICAL_Adenosine_Triphosphate,multitype
@DISEASE_Inflammation,@CHEMICAL_Linoleic_Acid,multitype
@DISEASE_Inflammation,@CHEMICAL_Cyclophosphamide,multitype
@DISEASE_Inflammation,@GENE_IL5,multitype
@DISEASE_Inflammation,@CHEMICAL_Cadmium,multitype
@DISEASE_Inflammation,@CHEMICAL_epigallocatechin_gallate,multitype
@DISEASE_Inflammation,@CHEMICAL_3_Hydroxybutyric_Acid,multitype
@DISEASE_Inflammation,@GENE_LEP,multitype
@DISEASE_Inflammation,@CHEMICAL_Heparin,multitype
@DISEASE_Inflammation,@CHEMICAL_Nobelium,multitype
@DISEASE_Inflammation,@CHEMICAL_Histidine,multitype
@DISEASE_Inflammation,@GENE_MPO,multitype
@DISEASE_Inflammation,@CHEMICAL_Isoproterenol,multitype
@DISEASE_Inflammation,@CHEMICAL_3_4_5_3'_4'_pentachlorobiphenyl,multitype
@DISEASE_Inflammation,@CHEMICAL_phenolic_acid,Negative_Correlation
@DISEASE_Inflammation,@CHEMICAL_Alanine,multitype
@DISEASE_Inflammation,@CHEMICAL_Glutamic_Acid,multitype
@DISEASE_Inflammation,@CHEMICAL_Colchicine,multitype
@DISEASE_Inflammation,@CHEMICAL_Carbohydrates,multitype
@DISEASE_Inflammation,@CHEMICAL_Methionine,multitype
@DISEASE_Inflammation,@CHEMICAL_Fatty_Acids_Unsaturated,multitype
@DISEASE_Inflammation,@CHEMICAL_Succinic_Acid,multitype
@DISEASE_Inflammation,@GENE_SCGB1A1,multitype
@DISEASE_Inflammation,@CHEMICAL_Tretinoin,multitype
@DISEASE_Inflammation,@CHEMICAL_nuciferine,multitype
@DISEASE_Inflammation,@GENE_CXCL10,multitype
@DISEASE_Inflammation,@CHEMICAL_Carnitine,multitype
@DISEASE_Inflammation,@CHEMICAL_Lignans,Negative_Correlation
@DISEASE_Inflammation,@CHEMICAL_Norepinephrine,multitype
@DISEASE_Inflammation,@CHEMICAL_Fatty_Acids_Volatile,multitype
@DISEASE_Inflammation,@CHEMICAL_Magnesium,multitype
@DISEASE_Inflammation,@CHEMICAL_Polychlorinated_Biphenyls,multitype
@DISEASE_Inflammation,@CHEMICAL_Carrageenan,multitype
@DISEASE_Inflammation,@CHEMICAL_Citric_Acid,multitype
@DISEASE_Inflammation,@CHEMICAL_bisphenol_A,multitype
@DISEASE_Inflammation,@CHEMICAL_Infliximab,multitype
@DISEASE_Inflammation,@CHEMICAL_caffeic_acid,multitype
@DISEASE_Inflammation,@GENE_CFTR,Association
@DISEASE_Inflammation,@CHEMICAL_Dioxins,multitype
@DISEASE_Inflammation,@CHEMICAL_sinomenine,multitype
@DISEASE_Inflammation,@CHEMICAL_8_Hydroxy_2'_Deoxyguanosine,multitype
@DISEASE_Inflammation,@CHEMICAL_fisetin,multitype
@DISEASE_Inflammation,@CHEMICAL_Chondroitin_Sulfates,multitype
@DISEASE_Inflammation,@CHEMICAL_Peroxynitrous_Acid,multitype
@DISEASE_Inflammation,@CHEMICAL_upadacitinib,multitype
@DISEASE_Inflammation,@CHEMICAL_Praziquantel,multitype
@DISEASE_Inflammation,@CHEMICAL_Doxorubicin,multitype
@DISEASE_Inflammation,@CHEMICAL_Free_Radicals,multitype
@DISEASE_Inflammation,@CHEMICAL_Galactose,multitype
@DISEASE_Inflammation,@CHEMICAL_Paraquat,multitype
@DISEASE_Inflammation,@CHEMICAL_Poly_I_C,multitype
@DISEASE_Inflammation,@CHEMICAL_Lysine,multitype
@DISEASE_Inflammation,@GENE_PPARA,multitype
@DISEASE_Inflammation,@GENE_SOD2,multitype
@DISEASE_Inflammation,@CHEMICAL_Acetates,multitype
@DISEASE_Inflammation,@CHEMICAL_Thioacetamide,multitype
@DISEASE_Inflammation,@CHEMICAL_Triglycerides,multitype
@DISEASE_Inflammation,@CHEMICAL_Fatty_Acids_Nonesterified,multitype
@DISEASE_Inflammation,@CHEMICAL_Oleic_Acid,multitype
@DISEASE_Inflammation,@GENE_APP,multitype
@DISEASE_Inflammation,@CHEMICAL_Methane,multitype
@DISEASE_Inflammation,@GENE_CD68,multitype
@DISEASE_Inflammation,@GENE_STING1,multitype
@DISEASE_Inflammation,@CHEMICAL_Propofol,multitype
@DISEASE_Inflammation,@CHEMICAL_Glycation_End_Products_Advanced,multitype
@DISEASE_Inflammation,@CHEMICAL_tetramethylpyrazine,multitype
@DISEASE_Inflammation,@CHEMICAL_Lysophosphatidylcholines,multitype
@DISEASE_Inflammation,@CHEMICAL_Mannose,multitype
@DISEASE_Inflammation,@CHEMICAL_Titanium,multitype
@DISEASE_Inflammation,@CHEMICAL_7_ketocholesterol,multitype
@DISEASE_Inflammation,@CHEMICAL_Ramipril,Negative_Correlation
@DISEASE_Inflammation,@CHEMICAL_aloe_emodin,multitype
@DISEASE_Inflammation,@CHEMICAL_propionic_acid,multitype
@DISEASE_Inflammation,@CHEMICAL_Neon,multitype
@DISEASE_Inflammation,@GENE_H19,multitype
@DISEASE_Inflammation,@GENE_CCL20,multitype
@DISEASE_Inflammation,@CHEMICAL_6_formylindolo(3_2_b)carbazole,multitype
@DISEASE_Heart_Diseases,@CHEMICAL_Thioctic_Acid,multitype
@DISEASE_Heart_Diseases,@CHEMICAL_Glutamic_Acid,multitype
@DISEASE_Heart_Diseases,@GENE_TTR,multitype
@DISEASE_Heart_Diseases,@CHEMICAL_Methotrexate,multitype
@CHEMICAL_quinone,@CHEMICAL_Glutathione,multitype
@GENE_FAH,@DISEASE_Liver_Diseases,Association
@GENE_FAH,@DISEASE_Carcinoma_Hepatocellular,multitype
@GENE_FAH,@DISEASE_Hypersensitivity_Immediate,multitype
@DISEASE_Cartilage_Diseases,@CHEMICAL_Reactive_Oxygen_Species,multitype
@DISEASE_Cartilage_Diseases,@CHEMICAL_Hyaluronic_Acid,multitype
@DISEASE_Osteoarthropathy_Primary_Hypertrophic,@GENE_HPGD,multitype
@DISEASE_Osteoarthropathy_Primary_Hypertrophic,@CHEMICAL_Dinoprostone,multitype
@DISEASE_Osteoarthropathy_Primary_Hypertrophic,@GENE_SLCO2A1,multitype
@DISEASE_Osteoarthropathy_Primary_Hypertrophic,@GENE_CBR1,multitype
@CHEMICAL_Reactive_Oxygen_Species,@DISEASE_Neoplasms,multitype
@CHEMICAL_Reactive_Oxygen_Species,@CHEMICAL_Manganese,multitype
@CHEMICAL_Reactive_Oxygen_Species,@CHEMICAL_alpha_Tocopherol,multitype
@CHEMICAL_Reactive_Oxygen_Species,@DISEASE_Glioma,multitype
@CHEMICAL_Reactive_Oxygen_Species,@CHEMICAL_Superoxides,multitype
@CHEMICAL_Reactive_Oxygen_Species,@DISEASE_Colorectal_Neoplasms,multitype
@CHEMICAL_Reactive_Oxygen_Species,@DISEASE_Colitis_Ulcerative,multitype
@CHEMICAL_Reactive_Oxygen_Species,@CHEMICAL_Arginine,multitype
@CHEMICAL_Reactive_Oxygen_Species,@DISEASE_Liver_Failure,multitype
@CHEMICAL_Reactive_Oxygen_Species,@DISEASE_Mitochondrial_Diseases,multitype
@CHEMICAL_Reactive_Oxygen_Species,@CHEMICAL_Selenium,multitype
@CHEMICAL_Reactive_Oxygen_Species,@GENE_CYBB,multitype
@CHEMICAL_Reactive_Oxygen_Species,@CHEMICAL_Cisplatin,multitype
@CHEMICAL_Reactive_Oxygen_Species,@CHEMICAL_Glutamic_Acid,multitype
@CHEMICAL_Reactive_Oxygen_Species,@DISEASE_Fibrosis,multitype
@CHEMICAL_Reactive_Oxygen_Species,@CHEMICAL_Rutin,multitype
@CHEMICAL_Reactive_Oxygen_Species,@CHEMICAL_ferric_ammonium_citrate,multitype
@CHEMICAL_Reactive_Oxygen_Species,@DISEASE_Reperfusion_Injury,multitype
@CHEMICAL_Reactive_Oxygen_Species,@CHEMICAL_Lipopolysaccharides,multitype
@CHEMICAL_Reactive_Oxygen_Species,@CHEMICAL_Zinc,multitype
@CHEMICAL_Reactive_Oxygen_Species,@CHEMICAL_Gold,multitype
@CHEMICAL_Reactive_Oxygen_Species,@DISEASE_Hyperoxia,multitype
@CHEMICAL_Reactive_Oxygen_Species,@CHEMICAL_hesperetin,multitype
@CHEMICAL_Reactive_Oxygen_Species,@CHEMICAL_ursodoxicoltaurine,multitype
@CHEMICAL_Reactive_Oxygen_Species,@DISEASE_Intervertebral_Disc_Degeneration,multitype
@CHEMICAL_Reactive_Oxygen_Species,@GENE_CASP3,multitype
@CHEMICAL_Reactive_Oxygen_Species,@GENE_HIF1A,multitype
@CHEMICAL_Reactive_Oxygen_Species,@GENE_CAT,multitype
@CHEMICAL_Reactive_Oxygen_Species,@CHEMICAL_Lead,multitype
@CHEMICAL_Reactive_Oxygen_Species,@CHEMICAL_Salicylic_Acid,multitype
@CHEMICAL_Reactive_Oxygen_Species,@CHEMICAL_Cysteine,multitype
@CHEMICAL_Reactive_Oxygen_Species,@GENE_SOD1,multitype
@CHEMICAL_Reactive_Oxygen_Species,@CHEMICAL_Thioctic_Acid,multitype
@CHEMICAL_Reactive_Oxygen_Species,@GENE_NFE2L2,multitype
@CHEMICAL_Reactive_Oxygen_Species,@CHEMICAL_Hydrogen_Peroxide,multitype
@CHEMICAL_Reactive_Oxygen_Species,@GENE_IL1B,multitype
@CHEMICAL_Reactive_Oxygen_Species,@CHEMICAL_ferulic_acid,multitype
@CHEMICAL_Reactive_Oxygen_Species,@CHEMICAL_Metal_Organic_Frameworks,multitype
@CHEMICAL_Reactive_Oxygen_Species,@CHEMICAL_Phytic_Acid,multitype
@CHEMICAL_Reactive_Oxygen_Species,@CHEMICAL_Chitosan,multitype
@CHEMICAL_Reactive_Oxygen_Species,@DISEASE_Inflammatory_Bowel_Diseases,multitype
@CHEMICAL_Reactive_Oxygen_Species,@CHEMICAL_Sodium_Chloride,multitype
@CHEMICAL_Reactive_Oxygen_Species,@CHEMICAL_isoborneol,multitype
@CHEMICAL_Reactive_Oxygen_Species,@DISEASE_Hypoxia,multitype
@CHEMICAL_Reactive_Oxygen_Species,@DISEASE_Infections,multitype
@CHEMICAL_Reactive_Oxygen_Species,@CHEMICAL_Glucose,multitype
@CHEMICAL_Reactive_Oxygen_Species,@DISEASE_Breast_Neoplasms,multitype
@CHEMICAL_Reactive_Oxygen_Species,@GENE_APP,multitype
@CHEMICAL_Reactive_Oxygen_Species,@CHEMICAL_Quercetin,multitype
@CHEMICAL_Reactive_Oxygen_Species,@GENE_BAX,multitype
@CHEMICAL_Reactive_Oxygen_Species,@GENE_PINK1,multitype
@CHEMICAL_Reactive_Oxygen_Species,@GENE_FOXM1,multitype
@CHEMICAL_Reactive_Oxygen_Species,@CHEMICAL_Vitamin_E,multitype
@CHEMICAL_Reactive_Oxygen_Species,@DISEASE_Arthritis_Rheumatoid,multitype
@CHEMICAL_Reactive_Oxygen_Species,@CHEMICAL_Melatonin,multitype
@CHEMICAL_Reactive_Oxygen_Species,@DISEASE_Hypertension,multitype
@CHEMICAL_Reactive_Oxygen_Species,@DISEASE_Atherosclerosis,multitype
@CHEMICAL_Reactive_Oxygen_Species,@CHEMICAL_Platinum,multitype
@CHEMICAL_Reactive_Oxygen_Species,@DISEASE_Bacterial_Infections,multitype
@CHEMICAL_Reactive_Oxygen_Species,@CHEMICAL_Ergothioneine,multitype
@CHEMICAL_Reactive_Oxygen_Species,@CHEMICAL_vanillin,multitype
@CHEMICAL_Reactive_Oxygen_Species,@DISEASE_Soft_Tissue_Injuries,multitype
@CHEMICAL_Reactive_Oxygen_Species,@CHEMICAL_Flavonoids,multitype
@CHEMICAL_Reactive_Oxygen_Species,@GENE_CUL3,multitype
@CHEMICAL_Reactive_Oxygen_Species,@CHEMICAL_bisphenol_A,multitype
@CHEMICAL_Reactive_Oxygen_Species,@CHEMICAL_Uric_Acid,multitype
@CHEMICAL_Reactive_Oxygen_Species,@CHEMICAL_Methanol,multitype
@CHEMICAL_Reactive_Oxygen_Species,@CHEMICAL_kaempferol,multitype
@CHEMICAL_Reactive_Oxygen_Species,@DISEASE_Neurotoxicity_Syndromes,multitype
@CHEMICAL_Reactive_Oxygen_Species,@CHEMICAL_Butyrates,multitype
@CHEMICAL_Reactive_Oxygen_Species,@CHEMICAL_coenzyme_Q10,multitype
@CHEMICAL_Reactive_Oxygen_Species,@CHEMICAL_Curcumin,multitype
@CHEMICAL_Reactive_Oxygen_Species,@CHEMICAL_Fatty_Acids_Unsaturated,multitype
@CHEMICAL_Reactive_Oxygen_Species,@CHEMICAL_Cobalt,multitype
@CHEMICAL_Reactive_Oxygen_Species,@CHEMICAL_Riboflavin,multitype
@CHEMICAL_Reactive_Oxygen_Species,@CHEMICAL_Adenosine_Triphosphate,multitype
@CHEMICAL_Reactive_Oxygen_Species,@CHEMICAL_shikonin,multitype
@CHEMICAL_Reactive_Oxygen_Species,@CHEMICAL_Arachidonic_Acid,multitype
@CHEMICAL_Reactive_Oxygen_Species,@CHEMICAL_Lignin,multitype
@CHEMICAL_Reactive_Oxygen_Species,@CHEMICAL_Arsenic,multitype
@CHEMICAL_Reactive_Oxygen_Species,@CHEMICAL_manganese_dioxide,multitype
@CHEMICAL_Reactive_Oxygen_Species,@CHEMICAL_rhodamine_B,multitype
@CHEMICAL_Reactive_Oxygen_Species,@CHEMICAL_Polysaccharides,multitype
@CHEMICAL_Reactive_Oxygen_Species,@CHEMICAL_biochar,multitype
@CHEMICAL_Reactive_Oxygen_Species,@DISEASE_Brain_Ischemia,multitype
@CHEMICAL_Reactive_Oxygen_Species,@CHEMICAL_Acetaminophen,multitype
@CHEMICAL_Reactive_Oxygen_Species,@DISEASE_Acute_Kidney_Injury,multitype
@CHEMICAL_Reactive_Oxygen_Species,@DISEASE_Kidney_Diseases,multitype
@CHEMICAL_Reactive_Oxygen_Species,@GENE_NFKB1,multitype
@CHEMICAL_Reactive_Oxygen_Species,@CHEMICAL_Cadmium,multitype
@CHEMICAL_Reactive_Oxygen_Species,@CHEMICAL_Propofol,multitype
@CHEMICAL_Reactive_Oxygen_Species,@CHEMICAL_baicalin,multitype
@CHEMICAL_Reactive_Oxygen_Species,@CHEMICAL_Hyaluronic_Acid,multitype
@CHEMICAL_Reactive_Oxygen_Species,@CHEMICAL_Porphyrins,multitype
@CHEMICAL_Reactive_Oxygen_Species,@CHEMICAL_Dimethyl_Sulfoxide,multitype
@CHEMICAL_Reactive_Oxygen_Species,@CHEMICAL_thymoquinone,multitype
@CHEMICAL_Reactive_Oxygen_Species,@DISEASE_Cardiomyopathies,multitype
@CHEMICAL_Reactive_Oxygen_Species,@CHEMICAL_Oleic_Acid,multitype
@CHEMICAL_Reactive_Oxygen_Species,@GENE_DKK1,multitype
@CHEMICAL_Reactive_Oxygen_Species,@CHEMICAL_Simvastatin,multitype
@CHEMICAL_Reactive_Oxygen_Species,@DISEASE_Hyperuricemia,multitype
@CHEMICAL_Reactive_Oxygen_Species,@DISEASE_Neuroinflammatory_Diseases,multitype
@CHEMICAL_Vitamin_E,@DISEASE_Neoplasms,multitype
@CHEMICAL_Vitamin_E,@CHEMICAL_Calcium,multitype
@CHEMICAL_Vitamin_E,@DISEASE_Liver_Failure,multitype
@CHEMICAL_Vitamin_E,@CHEMICAL_Glucose,multitype
@CHEMICAL_Vitamin_E,@GENE_LOC548177,multitype
@CHEMICAL_Vitamin_E,@DISEASE_Skin_Diseases,multitype
@CHEMICAL_Vitamin_E,@DISEASE_Fatty_Liver,multitype
@CHEMICAL_Vitamin_E,@DISEASE_Obesity,multitype
@CHEMICAL_Vitamin_E,@CHEMICAL_Malondialdehyde,multitype
@CHEMICAL_Vitamin_E,@CHEMICAL_Glutathione,multitype
@CHEMICAL_Vitamin_E,@CHEMICAL_Testosterone,multitype
@CHEMICAL_Vitamin_E,@GENE_NFE2L2,multitype
@CHEMICAL_Vitamin_E,@DISEASE_Anemia,multitype
@CHEMICAL_Vitamin_E,@DISEASE_Pancreatic_Neoplasms,multitype
@CHEMICAL_Vitamin_E,@CHEMICAL_Triglycerides,multitype
@CHEMICAL_Vitamin_E,@CHEMICAL_Fatty_Acids,multitype
@CHEMICAL_Vitamin_E,@CHEMICAL_Progesterone,multitype
@CHEMICAL_Vitamin_E,@DISEASE_Immunologic_Deficiency_Syndromes,multitype
@CHEMICAL_Vitamin_E,@CHEMICAL_Docosahexaenoic_Acids,multitype
@CHEMICAL_Vitamin_E,@GENE_ALB,multitype
@CHEMICAL_Vitamin_E,@DISEASE_Periodontitis,multitype
@CHEMICAL_Vitamin_E,@GENE_SOD1,multitype
@CHEMICAL_Vitamin_E,@DISEASE_Weight_Loss,multitype
@CHEMICAL_Hydrogen_Peroxide,@DISEASE_Neoplasms,multitype
@CHEMICAL_Hydrogen_Peroxide,@CHEMICAL_Glucose,multitype
@CHEMICAL_Hydrogen_Peroxide,@CHEMICAL_Flavonoids,multitype
@CHEMICAL_Hydrogen_Peroxide,@CHEMICAL_Abscisic_Acid,multitype
@CHEMICAL_Hydrogen_Peroxide,@CHEMICAL_Cysteine,multitype
@CHEMICAL_Hydrogen_Peroxide,@CHEMICAL_Thioctic_Acid,multitype
@CHEMICAL_Hydrogen_Peroxide,@CHEMICAL_Chlorine,multitype
@CHEMICAL_Hydrogen_Peroxide,@CHEMICAL_Silver,multitype
@CHEMICAL_Hydrogen_Peroxide,@CHEMICAL_Chitosan,multitype
@CHEMICAL_Hydrogen_Peroxide,@CHEMICAL_Hyaluronic_Acid,multitype
@CHEMICAL_Hydrogen_Peroxide,@CHEMICAL_vanillin,multitype
@CHEMICAL_Hydrogen_Peroxide,@CHEMICAL_Polysaccharides,multitype
@CHEMICAL_Hydrogen_Peroxide,@GENE_AKT1,multitype
@CHEMICAL_Hydrogen_Peroxide,@DISEASE_Hypoxia,multitype
@CHEMICAL_Hydrogen_Peroxide,@CHEMICAL_Platinum,multitype
@CHEMICAL_Hydrogen_Peroxide,@GENE_CAT,multitype
@CHEMICAL_Hydrogen_Peroxide,@CHEMICAL_Acetaminophen,multitype
@CHEMICAL_Hydrogen_Peroxide,@CHEMICAL_Glutathione,multitype
@CHEMICAL_Hydrogen_Peroxide,@CHEMICAL_Oxalic_Acid,multitype
@CHEMICAL_Hydrogen_Peroxide,@CHEMICAL_epigallocatechin_gallate,multitype
@CHEMICAL_Hydrogen_Peroxide,@CHEMICAL_Salicylic_Acid,multitype
@CHEMICAL_Hydrogen_Peroxide,@CHEMICAL_methyl_jasmonate,multitype
@CHEMICAL_Hydrogen_Peroxide,@CHEMICAL_hesperetin,multitype
@CHEMICAL_Hydrogen_Peroxide,@CHEMICAL_Cadmium,multitype
@CHEMICAL_Hydrogen_Peroxide,@CHEMICAL_Histidine,multitype
@CHEMICAL_Hydrogen_Peroxide,@CHEMICAL_Gold,multitype
@CHEMICAL_Hydrogen_Peroxide,@CHEMICAL_Quercetin,multitype
@CHEMICAL_Hydrogen_Peroxide,@CHEMICAL_Melatonin,multitype
@CHEMICAL_Hydrogen_Peroxide,@CHEMICAL_Tryptophan,multitype
@CHEMICAL_Hydrogen_Peroxide,@CHEMICAL_Adenosine_Triphosphate,multitype
@CHEMICAL_Hydrogen_Peroxide,@CHEMICAL_Orange_G,multitype
@CHEMICAL_Hydrogen_Peroxide,@GENE_HMOX1,multitype
@CHEMICAL_Hydrogen_Peroxide,@CHEMICAL_biochar,multitype
@CHEMICAL_Hydrogen_Peroxide,@GENE_MAPK14,multitype
@CHEMICAL_Hydrogen_Peroxide,@CHEMICAL_rhodamine_B,Negative_Correlation
@CHEMICAL_Hydrogen_Peroxide,@DISEASE_Waterborne_Diseases,multitype
@CHEMICAL_Hydrogen_Peroxide,@CHEMICAL_Selenium,multitype
@CHEMICAL_Hydrogen_Peroxide,@GENE_NFE2L2,multitype
@CHEMICAL_Hydrogen_Peroxide,@DISEASE_Melanoma,multitype
@CHEMICAL_Hydrogen_Peroxide,@CHEMICAL_NAD,multitype
@DISEASE_Metabolic_Diseases,@CHEMICAL_Bile_Acids_and_Salts,multitype
@DISEASE_Metabolic_Diseases,@CHEMICAL_Glucose,multitype
@DISEASE_Metabolic_Diseases,@CHEMICAL_Uric_Acid,multitype
@DISEASE_Metabolic_Diseases,@CHEMICAL_Amino_Acids,multitype
@DISEASE_Metabolic_Diseases,@CHEMICAL_Serotonin,multitype
@DISEASE_Metabolic_Diseases,@CHEMICAL_Cadmium,multitype
@DISEASE_Metabolic_Diseases,@CHEMICAL_Linoleic_Acid,multitype
@CHEMICAL_Creatinine,@CHEMICAL_Arginine,multitype
@CHEMICAL_Creatinine,@DISEASE_Diabetic_Nephropathies,multitype
@CHEMICAL_Creatinine,@DISEASE_Renal_Insufficiency_Chronic,multitype
@CHEMICAL_Creatinine,@CHEMICAL_Ethylene_Glycol,multitype
@CHEMICAL_Creatinine,@DISEASE_Acute_Kidney_Injury,multitype
@CHEMICAL_Creatinine,@DISEASE_Hypothyroidism,multitype
@CHEMICAL_Creatinine,@DISEASE_Hyperuricemia,multitype
@DISEASE_Neurodegenerative_Diseases,@GENE_SNCA,multitype
@DISEASE_Neurodegenerative_Diseases,@GENE_APOE,multitype
@DISEASE_Neurodegenerative_Diseases,@CHEMICAL_N_acetylaspartate,multitype
@DISEASE_Neurodegenerative_Diseases,@CHEMICAL_Kynurenine,multitype
@DISEASE_Retinal_Dysplasia,@CHEMICAL_Lugol's_solution,Negative_Correlation
@DISEASE_Neoplasms,@CHEMICAL_Aspirin,multitype
@DISEASE_Neoplasms,@GENE_IL15,multitype
@DISEASE_Neoplasms,@CHEMICAL_Calcium,multitype
@DISEASE_Neoplasms,@CHEMICAL_Lenalidomide,multitype
@DISEASE_Neoplasms,@GENE_MLH1,multitype
@DISEASE_Neoplasms,@GENE_PIK3CA,multitype
@DISEASE_Neoplasms,@GENE_AKT1,Association
@DISEASE_Neoplasms,@CHEMICAL_Fluorodeoxyglucose_F18,multitype
@DISEASE_Neoplasms,@GENE_CD274,multitype
@DISEASE_Neoplasms,@GENE_BRAF,multitype
@DISEASE_Neoplasms,@GENE_SST,multitype
@DISEASE_Neoplasms,@GENE_HIF1A,multitype
@DISEASE_Neoplasms,@CHEMICAL_Oligonucleotides,multitype
@DISEASE_Neoplasms,@GENE_SMAD4,multitype
@DISEASE_Neoplasms,@GENE_IL6,multitype
@DISEASE_Neoplasms,@GENE_CD44,Association
@DISEASE_Neoplasms,@CHEMICAL_pembrolizumab,multitype
@DISEASE_Neoplasms,@CHEMICAL_Cisplatin,multitype
@DISEASE_Neoplasms,@GENE_VIM,multitype
@DISEASE_Neoplasms,@GENE_IGF1,multitype
@DISEASE_Neoplasms,@GENE_TGFB1,multitype
@DISEASE_Neoplasms,@CHEMICAL_Glycosaminoglycans,multitype
@DISEASE_Neoplasms,@CHEMICAL_isoborneol,multitype
@DISEASE_Neoplasms,@CHEMICAL_Methotrexate,multitype
@DISEASE_Neoplasms,@CHEMICAL_Zoledronic_Acid,multitype
@DISEASE_Neoplasms,@GENE_KIT,multitype
@DISEASE_Neoplasms,@GENE_PDGFRA,Association
@DISEASE_Neoplasms,@CHEMICAL_Doxorubicin,multitype
@DISEASE_Neoplasms,@CHEMICAL_lenvatinib,multitype
@DISEASE_Neoplasms,@GENE_CD8A,multitype
@DISEASE_Neoplasms,@GENE_CXADRP1,multitype
@DISEASE_Neoplasms,@GENE_PDCD1,multitype
@DISEASE_Neoplasms,@CHEMICAL_ethylbenzene,multitype
@DISEASE_Neoplasms,@CHEMICAL_Benzene,multitype
@DISEASE_Neoplasms,@CHEMICAL_Hyaluronic_Acid,multitype
@DISEASE_Neoplasms,@CHEMICAL_Glutathione,multitype
@DISEASE_Neoplasms,@GENE_MTOR,multitype
@DISEASE_Neoplasms,@CHEMICAL_Asparagine,multitype
@DISEASE_Neoplasms,@GENE_CD40,multitype
@DISEASE_Neoplasms,@CHEMICAL_Choline,multitype
@DISEASE_Neoplasms,@CHEMICAL_N_acetylaspartate,multitype
@DISEASE_Neoplasms,@GENE_DKK1,multitype
@DISEASE_Neoplasms,@GENE_CXCL8,Association
@DISEASE_Neoplasms,@GENE_IDO1,multitype
@DISEASE_Neoplasms,@CHEMICAL_Gold,multitype
@DISEASE_Neoplasms,@CHEMICAL_Adenosine_Triphosphate,multitype
@DISEASE_Neoplasms,@CHEMICAL_Taurine,multitype
@DISEASE_Neoplasms,@CHEMICAL_Gemcitabine,multitype
@DISEASE_Neoplasms,@CHEMICAL_Tryptophan,multitype
@DISEASE_Neoplasms,@CHEMICAL_Serine,multitype
@DISEASE_Neoplasms,@CHEMICAL_Glycine,multitype
@DISEASE_Neoplasms,@CHEMICAL_Arginine,multitype
@DISEASE_Neoplasms,@CHEMICAL_Methionine,multitype
@DISEASE_Neoplasms,@CHEMICAL_Fatty_Acids,multitype
@DISEASE_Neoplasms,@CHEMICAL_Histidine,multitype
@DISEASE_Neoplasms,@GENE_PTK2,Association
@DISEASE_Neoplasms,@CHEMICAL_Denosumab,multitype
@DISEASE_Neoplasms,@GENE_IFNG,multitype
@DISEASE_Neoplasms,@GENE_NF2,multitype
@DISEASE_Neoplasms,@GENE_RET,multitype
@DISEASE_Neoplasms,@CHEMICAL_Azoxymethane,multitype
@DISEASE_Neoplasms,@CHEMICAL_2_5_dihydroxybenzoic_acid,multitype
@DISEASE_Neoplasms,@GENE_YAP1,multitype
@DISEASE_Neoplasms,@GENE_NQO1,multitype
@DISEASE_Neoplasms,@CHEMICAL_6_methyladenine,multitype
@DISEASE_Neoplasms,@CHEMICAL_Butyrates,multitype
@DISEASE_Neoplasms,@CHEMICAL_Temozolomide,multitype
@DISEASE_Neoplasms,@CHEMICAL_Polychlorinated_Biphenyls,multitype
@DISEASE_Neoplasms,@GENE_GLI1,multitype
@DISEASE_Neoplasms,@GENE_SMO,multitype
@DISEASE_Neoplasms,@CHEMICAL_Lactic_Acid,multitype
@DISEASE_Neoplasms,@GENE_IL1B,multitype
@DISEASE_Neoplasms,@GENE_TNF,multitype
@DISEASE_Neoplasms,@GENE_ESR1,multitype
@DISEASE_Neoplasms,@GENE_SNAI2,multitype
@DISEASE_Neoplasms,@GENE_SPP1,multitype
@DISEASE_Neoplasms,@GENE_HRAS,Association
@DISEASE_Neoplasms,@CHEMICAL_Testosterone,multitype
@DISEASE_Neoplasms,@GENE_SPATA2,Association
@DISEASE_Neoplasms,@GENE_PTEN,multitype
@DISEASE_Neoplasms,@CHEMICAL_Acetates,multitype
@DISEASE_Neoplasms,@CHEMICAL_Fluorouracil,Negative_Correlation
@DISEASE_Neoplasms,@GENE_AFP,multitype
@DISEASE_Neoplasms,@GENE_CSF3,multitype
@DISEASE_Neoplasms,@GENE_ALK,multitype
@DISEASE_Neoplasms,@CHEMICAL_Linoleic_Acid,multitype
@DISEASE_Neoplasms,@GENE_MTSS1,multitype
@DISEASE_Neoplasms,@CHEMICAL_S_Adenosylmethionine,multitype
@DISEASE_Neoplasms,@CHEMICAL_Cysteine,multitype
@DISEASE_Neoplasms,@GENE_HLA_A,multitype
@DISEASE_Neoplasms,@GENE_TRBV20OR9_2,multitype
@DISEASE_Neoplasms,@CHEMICAL_Flavonoids,multitype
@DISEASE_Neoplasms,@GENE_CD47,multitype
@DISEASE_Neoplasms,@GENE_CD4,multitype
@DISEASE_Neoplasms,@CHEMICAL_Vitamin_K,multitype
@DISEASE_Neoplasms,@GENE_TERT,Association
@DISEASE_Neoplasms,@CHEMICAL_arginyl_glycyl_aspartic_acid,multitype
@DISEASE_Neoplasms,@GENE_PIK3CB,Association
@DISEASE_Neoplasms,@GENE_SERPINB1_PS1,multitype
@DISEASE_Neoplasms,@CHEMICAL_Folic_Acid,multitype
@DISEASE_Neoplasms,@CHEMICAL_Quercetin,multitype
@DISEASE_Neoplasms,@CHEMICAL_Manganese,multitype
@DISEASE_Neoplasms,@CHEMICAL_Hydroxyl_Radical,multitype
@DISEASE_Neoplasms,@GENE_LAG3,multitype
@DISEASE_Neoplasms,@GENE_ASRGL1,multitype
@DISEASE_Neoplasms,@CHEMICAL_Platinum,Negative_Correlation
@DISEASE_Neoplasms,@GENE_PTPN11,multitype
@DISEASE_Neoplasms,@GENE_VHL,multitype
@DISEASE_Neoplasms,@CHEMICAL_Rutin,multitype
@DISEASE_Neoplasms,@GENE_JAK2,multitype
@DISEASE_Neoplasms,@GENE_SOST,multitype
@DISEASE_Neoplasms,@CHEMICAL_Kynurenine,multitype
@DISEASE_Neoplasms,@GENE_WT1,multitype
@DISEASE_Neoplasms,@GENE_TNFSF10,multitype
@DISEASE_Neoplasms,@CHEMICAL_Mitoxantrone,multitype
@DISEASE_Neoplasms,@GENE_POU5F1,multitype
@DISEASE_Neoplasms,@GENE_HLA_B,multitype
@DISEASE_Neoplasms,@GENE_TMEM173,multitype
@DISEASE_Neoplasms,@GENE_CXCR4,multitype
@DISEASE_Neoplasms,@CHEMICAL_Thioctic_Acid,multitype
@DISEASE_Neoplasms,@CHEMICAL_Erlotinib_Hydrochloride,multitype
@DISEASE_Neoplasms,@CHEMICAL_Paclitaxel,multitype
@DISEASE_Neoplasms,@GENE_BRCA2,multitype
@DISEASE_Neoplasms,@CHEMICAL_Propolis,multitype
@DISEASE_Neoplasms,@CHEMICAL_NADP,multitype
@DISEASE_Neoplasms,@GENE_CEACAM3,multitype
@DISEASE_Neoplasms,@GENE_NRAS,Association
@DISEASE_Neoplasms,@GENE_NEAT1,multitype
@DISEASE_Neoplasms,@CHEMICAL_Polychlorinated_Dibenzodioxins,multitype
@DISEASE_Neoplasms,@GENE_IL4,multitype
@DISEASE_Neoplasms,@CHEMICAL_Salicylic_Acid,multitype
@DISEASE_Neoplasms,@CHEMICAL_bisphenol_A,multitype
@DISEASE_Neoplasms,@GENE_CHEK2,multitype
@DISEASE_Neoplasms,@GENE_CTLA4,multitype
@DISEASE_Neoplasms,@CHEMICAL_Aspartic_Acid,multitype
@DISEASE_Neoplasms,@GENE_SLTM,multitype
@DISEASE_Neoplasms,@CHEMICAL_Phenols,multitype
@DISEASE_Neoplasms,@GENE_MIR34A,multitype
@DISEASE_Neoplasms,@GENE_GLI2,multitype
@DISEASE_Neoplasms,@CHEMICAL_Irinotecan,multitype
@DISEASE_Neoplasms,@GENE_TFE3,Association
@DISEASE_Neoplasms,@CHEMICAL_Bile_Acids_and_Salts,multitype
@DISEASE_Neoplasms,@GENE_SMARCB1,multitype
@DISEASE_Neoplasms,@CHEMICAL_alpha_hydroxyglutarate,multitype
@DISEASE_Neoplasms,@GENE_NAT10,multitype
@DISEASE_Neoplasms,@GENE_PBRM1,multitype
@DISEASE_Neoplasms,@GENE_DICER1,multitype
@DISEASE_Neoplasms,@CHEMICAL_Chondroitin_Sulfates,multitype
@DISEASE_Neoplasms,@CHEMICAL_Melatonin,multitype
@DISEASE_Neoplasms,@GENE_BARD1,Association
@DISEASE_Neoplasms,@GENE_GATA3,multitype
@DISEASE_Neoplasms,@GENE_IL1A,multitype
@DISEASE_Neoplasms,@GENE_IL11,multitype
@DISEASE_Neoplasms,@GENE_IFNA,multitype
@DISEASE_Neoplasms,@GENE_SAA2,multitype
@DISEASE_Neoplasms,@GENE_H3_3B,Association
@DISEASE_Neoplasms,@CHEMICAL_5_amino_levulinic_acid,multitype
@DISEASE_Neoplasms,@CHEMICAL_protoporphyrin_IX,multitype
@DISEASE_Neoplasms,@CHEMICAL_4_hydroxybenzoic_acid,multitype
@DISEASE_Neoplasms,@CHEMICAL_Polyamines,multitype
@DISEASE_Neoplasms,@GENE_RELA,multitype
@DISEASE_Neoplasms,@CHEMICAL_Inosine,multitype
@DISEASE_Neoplasms,@GENE_PAX8,multitype
@DISEASE_Neoplasms,@CHEMICAL_Lysophosphatidylcholines,multitype
@DISEASE_Neoplasms,@CHEMICAL_Metanephrine,multitype
@DISEASE_Neoplasms,@GENE_CXCL12,multitype
@DISEASE_Neoplasms,@GENE_SIRPA,Association
@DISEASE_Neoplasms,@GENE_CRP,multitype
@DISEASE_Neoplasms,@CHEMICAL_5_hydroxymethylcytosine,multitype
@DISEASE_Neoplasms,@GENE_CCKBR,multitype
@DISEASE_Neoplasms,@CHEMICAL_Lead,multitype
@DISEASE_Neoplasms,@CHEMICAL_Uric_Acid,multitype
@DISEASE_Neoplasms,@GENE_ACSL4,multitype
@DISEASE_Neoplasms,@CHEMICAL_Dinoprostone,multitype
@DISEASE_Neoplasms,@CHEMICAL_Anthracyclines,multitype
@DISEASE_Neoplasms,@CHEMICAL_Cortisone,multitype
@DISEASE_Neoplasms,@CHEMICAL_Urea,multitype
@DISEASE_Neoplasms,@GENE_H3P16,multitype
@DISEASE_Neoplasms,@CHEMICAL_Fumarates,multitype
@DISEASE_Neoplasms,@GENE_CD99,Association
@DISEASE_Neoplasms,@CHEMICAL_Estradiol,multitype
@DISEASE_Neoplasms,@CHEMICAL_Vemurafenib,Negative_Correlation
@DISEASE_Stomach_Neoplasms,@CHEMICAL_Aspirin,multitype
@DISEASE_Stomach_Neoplasms,@GENE_TNFSF11,multitype
@DISEASE_Stomach_Neoplasms,@GENE_DKK1,multitype
@DISEASE_Stomach_Neoplasms,@CHEMICAL_Nivolumab,Negative_Correlation
@DISEASE_Stomach_Neoplasms,@GENE_CD274,Association
@DISEASE_Colitis_Ulcerative,@CHEMICAL_Dextran_Sulfate,Positive_Correlation
@DISEASE_Colitis_Ulcerative,@GENE_TNF,multitype
@DISEASE_Colitis_Ulcerative,@CHEMICAL_Quercetin,multitype
@DISEASE_Colitis_Ulcerative,@CHEMICAL_Tryptophan,multitype
@DISEASE_Precancerous_Conditions,@CHEMICAL_Arsenic,Positive_Correlation
@DISEASE_Precancerous_Conditions,@CHEMICAL_Polycyclic_Aromatic_Hydrocarbons,Positive_Correlation
@DISEASE_Precancerous_Conditions,@CHEMICAL_Aldehydes,multitype
@CHEMICAL_Quercetin,@GENE_JUN,multitype
@CHEMICAL_Quercetin,@DISEASE_Glioma,multitype
@CHEMICAL_Quercetin,@DISEASE_Neoplasm_Metastasis,multitype
@CHEMICAL_Quercetin,@DISEASE_Atherosclerosis,multitype
@CHEMICAL_Quercetin,@CHEMICAL_Glucose,multitype
@CHEMICAL_Quercetin,@GENE_TNF,multitype
@CHEMICAL_Quercetin,@GENE_IL6,multitype
@CHEMICAL_Quercetin,@GENE_IL1B,multitype
@CHEMICAL_Quercetin,@DISEASE_Mitochondrial_Diseases,multitype
@CHEMICAL_Quercetin,@GENE_VEGFA,multitype
@CHEMICAL_Quercetin,@GENE_BAX,multitype
@CHEMICAL_Quercetin,@GENE_STING1,multitype
@CHEMICAL_Quercetin,@CHEMICAL_Nitric_Oxide,multitype
@CHEMICAL_Quercetin,@GENE_ACHE,multitype
@CHEMICAL_Quercetin,@DISEASE_Kidney_Diseases,multitype
@CHEMICAL_Quercetin,@GENE_AKT1,multitype
@CHEMICAL_Quercetin,@GENE_SOD1,multitype
@CHEMICAL_Quercetin,@GENE_TGFB1,multitype
@CHEMICAL_Quercetin,@GENE_GSK3B,multitype
@CHEMICAL_Quercetin,@GENE_IL10,multitype
@CHEMICAL_Quercetin,@CHEMICAL_Ethanol,multitype
@CHEMICAL_Quercetin,@CHEMICAL_Fatty_Acids,multitype
@CHEMICAL_Quercetin,@GENE_CAT,multitype
@CHEMICAL_Quercetin,@GENE_ALB,multitype
@CHEMICAL_Quercetin,@GENE_ESR1,multitype
@CHEMICAL_Quercetin,@GENE_TNFSF11,multitype
@CHEMICAL_Quercetin,@GENE_STAT3,multitype
@CHEMICAL_Quercetin,@GENE_MMP9,multitype
@CHEMICAL_Quercetin,@CHEMICAL_Citric_Acid,multitype
@CHEMICAL_Quercetin,@CHEMICAL_Serotonin,multitype
@CHEMICAL_Quercetin,@GENE_BCL2,multitype
@CHEMICAL_Quercetin,@GENE_AHR,multitype
@CHEMICAL_Quercetin,@GENE_NFKB1,multitype
@CHEMICAL_Quercetin,@GENE_MAPK14,multitype
@CHEMICAL_Quercetin,@CHEMICAL_Malondialdehyde,multitype
@CHEMICAL_Quercetin,@GENE_PIK3R1,multitype
@CHEMICAL_Quercetin,@GENE_MAPK1,multitype
@CHEMICAL_Quercetin,@DISEASE_Infections,multitype
@CHEMICAL_Quercetin,@CHEMICAL_Oleic_Acid,multitype
@CHEMICAL_Quercetin,@CHEMICAL_propionic_acid,multitype
@CHEMICAL_Quercetin,@GENE_IL4,multitype
@CHEMICAL_Quercetin,@GENE_GPX4,multitype
@CHEMICAL_Quercetin,@GENE_IL1A,multitype
@CHEMICAL_Quercetin,@GENE_CDKN1A,multitype
@CHEMICAL_Quercetin,@CHEMICAL_Cadmium,multitype
@CHEMICAL_Quercetin,@GENE_CRP,multitype
@CHEMICAL_Quercetin,@CHEMICAL_Adenosine_Triphosphate,multitype
@CHEMICAL_Quercetin,@CHEMICAL_Cadmium_Chloride,multitype
@CHEMICAL_Quercetin,@CHEMICAL_1_1_diphenyl_2_picrylhydrazyl,multitype
@DISEASE_Endometrial_Neoplasms,@GENE_TNF,multitype
@DISEASE_Endometrial_Neoplasms,@GENE_ESR1,Association
@DISEASE_Endometrial_Neoplasms,@CHEMICAL_Platinum,multitype
@DISEASE_Endometrial_Neoplasms,@CHEMICAL_Levonorgestrel,multitype
@DISEASE_Endometrial_Neoplasms,@GENE_TLR4,multitype
@DISEASE_Endometrial_Neoplasms,@CHEMICAL_Medroxyprogesterone_Acetate,multitype
@DISEASE_Endometrial_Neoplasms,@CHEMICAL_olaparib,Negative_Correlation
@GENE_BAX,@CHEMICAL_Taurine,multitype
@GENE_BAX,@GENE_CASP3,multitype
@GENE_BAX,@CHEMICAL_hesperetin,multitype
@GENE_BAX,@CHEMICAL_Curcumin,multitype
@GENE_BAX,@CHEMICAL_Rutin,multitype
@GENE_BAX,@CHEMICAL_Methotrexate,multitype
@GENE_BAX,@CHEMICAL_ferulic_acid,multitype
@GENE_BCL2,@CHEMICAL_Methotrexate,multitype
@GENE_BCL2,@CHEMICAL_Doxorubicin,multitype
@GENE_BCL2,@CHEMICAL_icariin,multitype
@GENE_BCL2,@CHEMICAL_hesperetin,multitype
@GENE_BCL2,@CHEMICAL_Rutin,multitype
@GENE_BCL2,@CHEMICAL_venetoclax,multitype
@GENE_BCL2,@CHEMICAL_Curcumin,multitype
@GENE_BCL2,@CHEMICAL_bisphenol_A,multitype
@GENE_BCL2,@CHEMICAL_ferulic_acid,multitype
@GENE_BCL2,@CHEMICAL_thymoquinone,multitype
@GENE_BCL2,@CHEMICAL_Hesperidin,multitype
@GENE_BCL2,@CHEMICAL_carvacrol,multitype
@GENE_BCL2,@CHEMICAL_Cisplatin,multitype
@CHEMICAL_hesperetin,@GENE_PTGS2,multitype
@CHEMICAL_hesperetin,@CHEMICAL_Calcium,multitype
@CHEMICAL_hesperetin,@GENE_TNF,multitype
@CHEMICAL_hesperetin,@GENE_IL1B,multitype
@CHEMICAL_hesperetin,@DISEASE_Carcinoma_Hepatocellular,multitype
@CHEMICAL_hesperetin,@GENE_CASP3,multitype
@CHEMICAL_hesperetin,@DISEASE_Alzheimer_Disease,multitype
@CHEMICAL_hesperetin,@CHEMICAL_Cholesterol,multitype
@CHEMICAL_hesperetin,@CHEMICAL_Nitric_Oxide,multitype
@CHEMICAL_hesperetin,@DISEASE_Breast_Neoplasms,Negative_Correlation
@CHEMICAL_hesperetin,@GENE_AKT1,multitype
@CHEMICAL_hesperetin,@GENE_SOD1,multitype
@CHEMICAL_hesperetin,@GENE_GSK3B,multitype
@CHEMICAL_hesperetin,@GENE_CAT,multitype
@CHEMICAL_hesperetin,@GENE_ESR1,multitype
@CHEMICAL_hesperetin,@GENE_STAT3,multitype
@CHEMICAL_hesperetin,@CHEMICAL_Doxorubicin,multitype
@CHEMICAL_hesperetin,@GENE_NQO1,multitype
@CHEMICAL_hesperetin,@CHEMICAL_Glutathione,multitype
@CHEMICAL_hesperetin,@GENE_MAPK14,multitype
@CHEMICAL_hesperetin,@GENE_TLR4,multitype
@CHEMICAL_hesperetin,@CHEMICAL_Lipopolysaccharides,multitype
@CHEMICAL_hesperetin,@CHEMICAL_NAD,multitype
@CHEMICAL_hesperetin,@CHEMICAL_Malondialdehyde,multitype
@CHEMICAL_hesperetin,@GENE_NFE2L2,multitype
@CHEMICAL_hesperetin,@GENE_NOS2,Negative_Correlation
@CHEMICAL_hesperetin,@GENE_MAPK1,multitype
@CHEMICAL_hesperetin,@GENE_ABCB1,multitype
@CHEMICAL_hesperetin,@GENE_MTOR,multitype
@CHEMICAL_hesperetin,@CHEMICAL_Pyruvaldehyde,multitype
@CHEMICAL_hesperetin,@GENE_H3P16,multitype
@CHEMICAL_hesperetin,@GENE_GPX4,multitype
@CHEMICAL_hesperetin,@GENE_MAPK8,multitype
@CHEMICAL_hesperetin,@GENE_PARP1,multitype
@CHEMICAL_hesperetin,@GENE_NOTCH1,multitype
@CHEMICAL_hesperetin,@GENE_GFAP,multitype
@CHEMICAL_hesperetin,@CHEMICAL_Cadmium,multitype
@CHEMICAL_hesperetin,@GENE_CREB1,multitype
@CHEMICAL_hesperetin,@GENE_PPARG,multitype
@GENE_SIRT1,@GENE_TNF,multitype
@GENE_SIRT1,@GENE_IL1B,multitype
@GENE_SIRT1,@GENE_NFKB1,multitype
@GENE_SIRT1,@GENE_SOST,multitype
@GENE_SIRT1,@GENE_NFE2L2,Association
@CHEMICAL_Rutin,@CHEMICAL_Sulfhydryl_Compounds,multitype
@CHEMICAL_Rutin,@CHEMICAL_Glucose,multitype
@CHEMICAL_Rutin,@GENE_TNF,multitype
@CHEMICAL_Rutin,@GENE_IL6,multitype
@CHEMICAL_Rutin,@GENE_IL1B,multitype
@CHEMICAL_Rutin,@CHEMICAL_Triglycerides,multitype
@CHEMICAL_Rutin,@CHEMICAL_Cholesterol,multitype
@CHEMICAL_Rutin,@CHEMICAL_Nitric_Oxide,multitype
@CHEMICAL_Rutin,@DISEASE_Kidney_Diseases,multitype
@CHEMICAL_Rutin,@GENE_SOD1,multitype
@CHEMICAL_Rutin,@CHEMICAL_Arachidonic_Acid,multitype
@CHEMICAL_Rutin,@GENE_CAT,multitype
@CHEMICAL_Rutin,@GENE_STAT3,multitype
@CHEMICAL_Rutin,@GENE_NFKB1,multitype
@CHEMICAL_Rutin,@GENE_NFE2L2,multitype
@CHEMICAL_Rutin,@GENE_HMOX1,multitype
@CHEMICAL_Rutin,@GENE_PPARG,multitype
@CHEMICAL_Rutin,@CHEMICAL_Methanol,multitype
@CHEMICAL_Rutin,@DISEASE_Skin_Diseases,Negative_Correlation
@CHEMICAL_Rutin,@CHEMICAL_Imiquimod,multitype
@CHEMICAL_Rutin,@GENE_MTOR,multitype
@CHEMICAL_Rutin,@CHEMICAL_1_1_diphenyl_2_picrylhydrazyl,multitype
@CHEMICAL_Rutin,@GENE_IL2,multitype
@CHEMICAL_Rutin,@CHEMICAL_Fatty_Acids_Volatile,multitype
@DISEASE_Adenocarcinoma,@GENE_VDR,Association
@DISEASE_Adenocarcinoma,@CHEMICAL_Bile_Acids_and_Salts,multitype
@DISEASE_Adenocarcinoma,@GENE_IMP3,Association
@DISEASE_Adenocarcinoma,@GENE_MIR205,multitype
@DISEASE_Adenocarcinoma,@GENE_MIR203A,multitype
@GENE_VDR,@CHEMICAL_Vitamin_D,multitype
@GENE_VDR,@CHEMICAL_Calcitriol,multitype
@GENE_VDR,@GENE_SOST,multitype
@CHEMICAL_Bile_Acids_and_Salts,@CHEMICAL_Taurine,multitype
@CHEMICAL_Bile_Acids_and_Salts,@CHEMICAL_Cholesterol,multitype
@CHEMICAL_Bile_Acids_and_Salts,@DISEASE_Chemical_and_Drug_Induced_Liver_Injury,multitype
@CHEMICAL_Bile_Acids_and_Salts,@DISEASE_Cholangiocarcinoma,multitype
@CHEMICAL_Bile_Acids_and_Salts,@GENE_NR1H4,multitype
@CHEMICAL_Bile_Acids_and_Salts,@DISEASE_Liver_Diseases,multitype
@CHEMICAL_Bile_Acids_and_Salts,@CHEMICAL_Glycine,multitype
@CHEMICAL_Bile_Acids_and_Salts,@CHEMICAL_Triglycerides,multitype
@CHEMICAL_Bile_Acids_and_Salts,@GENE_SLC10A1,multitype
@CHEMICAL_Bile_Acids_and_Salts,@GENE_ABCB11,Association
@CHEMICAL_Bile_Acids_and_Salts,@CHEMICAL_Taurocholic_Acid,multitype
@CHEMICAL_Bile_Acids_and_Salts,@CHEMICAL_ursodoxicoltaurine,multitype
@CHEMICAL_Bile_Acids_and_Salts,@CHEMICAL_Phospholipids,multitype
@CHEMICAL_Bile_Acids_and_Salts,@GENE_FASN,multitype
@CHEMICAL_Aspirin,@DISEASE_Hemorrhage,multitype
@CHEMICAL_Aspirin,@DISEASE_Cardiovascular_Diseases,multitype
@CHEMICAL_Aspirin,@DISEASE_Pre_Eclampsia,Negative_Correlation
@CHEMICAL_Aspirin,@DISEASE_Venous_Thromboembolism,multitype
@CHEMICAL_Aspirin,@GENE_TNF,multitype
@CHEMICAL_Aspirin,@DISEASE_Hypertension,multitype
@CHEMICAL_Aspirin,@CHEMICAL_Caffeine,multitype
@CHEMICAL_Aspirin,@CHEMICAL_Dinoprostone,multitype
@CHEMICAL_Aspirin,@CHEMICAL_Salicylic_Acid,multitype
@CHEMICAL_Aspirin,@CHEMICAL_Nitric_Oxide,multitype
@GENE_IL15,@GENE_CD8A,multitype
@CHEMICAL_Calcium,@DISEASE_Schizophrenia,multitype
@CHEMICAL_Calcium,@CHEMICAL_Chlorine,multitype
@CHEMICAL_Calcium,@CHEMICAL_Phytic_Acid,multitype
@CHEMICAL_Calcium,@CHEMICAL_Salicylic_Acid,multitype
@CHEMICAL_Calcium,@CHEMICAL_Cholecalciferol,multitype
@CHEMICAL_Calcium,@CHEMICAL_Oxalates,multitype
@CHEMICAL_Calcium,@GENE_SOST,multitype
@CHEMICAL_Calcium,@CHEMICAL_Zoledronic_Acid,multitype
@CHEMICAL_Calcium,@CHEMICAL_Phosphates,multitype
@CHEMICAL_Calcium,@CHEMICAL_Abscisic_Acid,multitype
@CHEMICAL_Calcium,@GENE_CASR,multitype
@CHEMICAL_Calcium,@CHEMICAL_Citric_Acid,multitype
@CHEMICAL_Calcium,@CHEMICAL_isoborneol,multitype
@CHEMICAL_Calcium,@CHEMICAL_Taurine,multitype
@CHEMICAL_Calcium,@CHEMICAL_Teriparatide,multitype
@CHEMICAL_Calcium,@CHEMICAL_Lignin,multitype
@CHEMICAL_Calcium,@DISEASE_Osteoporosis,multitype
@CHEMICAL_Calcium,@GENE_PTH,multitype
@CHEMICAL_Calcium,@CHEMICAL_Ethanol,multitype
@CHEMICAL_Calcium,@DISEASE_Kidney_Diseases,multitype
@CHEMICAL_Calcium,@CHEMICAL_Arsenic,multitype
@CHEMICAL_Calcium,@CHEMICAL_Edetic_Acid,multitype
@CHEMICAL_Calcium,@CHEMICAL_Alginates,multitype
@CHEMICAL_Calcium,@DISEASE_Kidney_Calculi,multitype
@CHEMICAL_Calcium,@DISEASE_Renal_Insufficiency_Chronic,multitype
@CHEMICAL_Calcium,@DISEASE_Familial_Hypophosphatemic_Rickets,multitype
@CHEMICAL_Calcium,@DISEASE_Liver_Diseases,multitype
@CHEMICAL_Calcium,@GENE_APP,Positive_Correlation
@CHEMICAL_Calcium,@GENE_GRM5,multitype
@CHEMICAL_Calcium,@CHEMICAL_Cadmium,multitype
@CHEMICAL_Calcium,@DISEASE_Chemical_and_Drug_Induced_Liver_Injury,multitype
@GENE_MLH1,@DISEASE_Colorectal_Neoplasms_Hereditary_Nonpolyposis,multitype
@GENE_MLH1,@DISEASE_Microsatellite_Instability,Association
@GENE_PIK3CA,@GENE_AKT1,multitype
@GENE_AKT1,@CHEMICAL_Taurine,multitype
@GENE_AKT1,@GENE_TNF,multitype
@GENE_AKT1,@DISEASE_Carcinoma_Hepatocellular,multitype
@GENE_AKT1,@GENE_RB1,multitype
@GENE_AKT1,@CHEMICAL_kaempferol,multitype
@GENE_AKT1,@DISEASE_Breast_Neoplasms,multitype
@GENE_AKT1,@GENE_PIK3CB,Association
@GENE_AKT1,@GENE_PIK3R1,multitype
@GENE_AKT1,@CHEMICAL_Sorafenib,multitype
@GENE_AKT1,@CHEMICAL_Testosterone,multitype
@GENE_AKT1,@CHEMICAL_Calcitriol,multitype
@GENE_AKT1,@CHEMICAL_Zoledronic_Acid,multitype
@GENE_AKT1,@GENE_PTEN,multitype
@GENE_AKT1,@GENE_DKK1,multitype
@GENE_AKT1,@CHEMICAL_naringenin,multitype
@GENE_AKT1,@CHEMICAL_Berberine,multitype
@GENE_AKT1,@CHEMICAL_Acetaminophen,multitype
@GENE_AKT1,@CHEMICAL_shikonin,multitype
@GENE_AKT1,@CHEMICAL_Metformin,multitype
@GENE_AKT1,@CHEMICAL_Sirolimus,multitype
@GENE_AKT1,@CHEMICAL_2_(4_morpholinyl)_8_phenyl_4H_1_benzopyran_4_one,multitype
@GENE_AKT1,@CHEMICAL_Luteolin,multitype
@GENE_AKT1,@CHEMICAL_Tryptophan,multitype
@GENE_AKT1,@GENE_YAP1,multitype
@GENE_AKT1,@DISEASE_Lung_Neoplasms,Association
@GENE_AKT1,@CHEMICAL_Lipopolysaccharides,multitype
@GENE_AKT1,@GENE_TNFSF11,multitype
@GENE_AKT1,@CHEMICAL_daidzein,multitype
@GENE_AKT1,@GENE_KIFC1,multitype
@GENE_AKT1,@CHEMICAL_hydroxysafflor_yellow_A,multitype
@GENE_AKT1,@CHEMICAL_Resveratrol,multitype
@GENE_AKT1,@CHEMICAL_taxifolin,multitype
@GENE_AKT1,@CHEMICAL_Zinc,multitype
@GENE_AKT1,@GENE_PRMT5,multitype
@GENE_AKT1,@CHEMICAL_Palmitates,multitype
@CHEMICAL_Fluorodeoxyglucose_F18,@DISEASE_Pancreatic_Intraductal_Neoplasms,Association
@CHEMICAL_Fluorodeoxyglucose_F18,@CHEMICAL_Glucose,multitype
@CHEMICAL_Fluorodeoxyglucose_F18,@DISEASE_Rectal_Neoplasms,multitype
@CHEMICAL_Fluorodeoxyglucose_F18,@DISEASE_Cholangiocarcinoma,multitype
@GENE_CD274,@GENE_IFNG,multitype
@GENE_CD274,@DISEASE_Carcinoma_Non_Small_Cell_Lung,Association
@GENE_CD274,@DISEASE_Colorectal_Neoplasms,multitype
@GENE_CD274,@GENE_PDCD1,multitype
@GENE_CD274,@GENE_CD8A,multitype
@GENE_CD274,@GENE_IL6,multitype
@GENE_CD274,@GENE_STAT3,multitype
@GENE_CD274,@GENE_STAT1,multitype
@GENE_CD274,@DISEASE_Breast_Neoplasms,multitype
@GENE_CD274,@GENE_IL2,multitype
@GENE_CD274,@GENE_ALB,multitype
@GENE_CD274,@CHEMICAL_durvalumab,Negative_Correlation
@GENE_BRAF,@DISEASE_Neoplasm_Metastasis,multitype
@GENE_BRAF,@DISEASE_Thyroid_Cancer_Papillary,multitype
@GENE_BRAF,@DISEASE_Lymphatic_Metastasis,multitype
@GENE_BRAF,@DISEASE_Melanoma,multitype
@GENE_BRAF,@GENE_TERT,multitype
@GENE_BRAF,@CHEMICAL_Vemurafenib,multitype
@GENE_BRAF,@DISEASE_Thyroid_Neoplasms,multitype
@GENE_BRAF,@DISEASE_Hashimoto_Disease,multitype
@GENE_HIF1A,@GENE_CD8A,multitype
@GENE_HIF1A,@DISEASE_Hypoxia,multitype
@GENE_HIF1A,@DISEASE_Hypoxia_Brain,multitype
@GENE_HIF1A,@GENE_PKM,multitype
@GENE_HIF1A,@CHEMICAL_Pentoxifylline,multitype
@GENE_IL6,@GENE_IFNG,multitype
@GENE_IL6,@DISEASE_Colorectal_Neoplasms,multitype
@GENE_IL6,@CHEMICAL_Taurine,multitype
@GENE_IL6,@CHEMICAL_Glucose,multitype
@GENE_IL6,@CHEMICAL_gamma_sitosterol,multitype
@GENE_IL6,@CHEMICAL_kaempferol,multitype
@GENE_IL6,@GENE_IL1B,multitype
@GENE_IL6,@CHEMICAL_Lipopolysaccharides,multitype
@GENE_IL6,@CHEMICAL_astaxanthine,multitype
@GENE_IL6,@GENE_SOST,multitype
@GENE_IL6,@GENE_IL17A,multitype
@GENE_IL6,@GENE_DKK1,multitype
@GENE_IL6,@GENE_AHR,multitype
@GENE_IL6,@DISEASE_Pulmonary_Fibrosis,multitype
@GENE_IL6,@DISEASE_Alzheimer_Disease,multitype
@GENE_IL6,@CHEMICAL_Zoledronic_Acid,multitype
@GENE_IL6,@DISEASE_Arthritis_Rheumatoid,multitype
@GENE_IL6,@CHEMICAL_Ethanol,multitype
@GENE_IL6,@DISEASE_Stomach_Ulcer,multitype
@GENE_IL6,@DISEASE_Cholangiocarcinoma,multitype
@GENE_IL6,@GENE_TNFSF11,Positive_Correlation
@GENE_IL6,@GENE_TGFB1,multitype
@GENE_IL6,@CHEMICAL_Resveratrol,multitype
@GENE_IL6,@CHEMICAL_Hydroxychloroquine,multitype
@GENE_IL6,@CHEMICAL_Methotrexate,multitype
@GENE_IL6,@CHEMICAL_Doxorubicin,multitype
@GENE_IL6,@CHEMICAL_Thioctic_Acid,multitype
@GENE_IL6,@CHEMICAL_Cortisone,multitype
@GENE_IL6,@GENE_CD4,multitype
@GENE_IL6,@GENE_YAP1,multitype
@GENE_IL6,@CHEMICAL_Hyaluronic_Acid,multitype
@GENE_CD44,@CHEMICAL_Hyaluronic_Acid,Association
@GENE_CD44,@GENE_SPP1,multitype
@CHEMICAL_pembrolizumab,@DISEASE_Carcinoma_Renal_Cell,Negative_Correlation
@CHEMICAL_Cisplatin,@DISEASE_Glioma,multitype
@CHEMICAL_Cisplatin,@GENE_CASP3,multitype
@CHEMICAL_Cisplatin,@DISEASE_Breast_Neoplasms,multitype
@CHEMICAL_Cisplatin,@GENE_SOD1,multitype
@CHEMICAL_Cisplatin,@GENE_CAT,multitype
@CHEMICAL_Cisplatin,@GENE_VIM,multitype
@CHEMICAL_Cisplatin,@DISEASE_Cholangiocarcinoma,Negative_Correlation
@CHEMICAL_Cisplatin,@CHEMICAL_Thiobarbituric_Acid_Reactive_Substances,multitype
@CHEMICAL_Cisplatin,@GENE_NFE2L2,multitype
@CHEMICAL_Cisplatin,@CHEMICAL_durvalumab,multitype
@CHEMICAL_Cisplatin,@DISEASE_Ovarian_Neoplasms,multitype
@GENE_VIM,@DISEASE_Breast_Neoplasms,multitype
@GENE_VIM,@GENE_TGFB1,multitype
@GENE_VIM,@CHEMICAL_cefiderocol,multitype
@GENE_TGFB1,@DISEASE_Neoplasm_Metastasis,multitype
@GENE_TGFB1,@GENE_TNF,multitype
@GENE_TGFB1,@CHEMICAL_Thioctic_Acid,multitype
@GENE_TGFB1,@GENE_SMAD3,multitype
@GENE_TGFB1,@CHEMICAL_Doxorubicin,multitype
@GENE_TGFB1,@DISEASE_Pulmonary_Fibrosis,multitype
@GENE_TGFB1,@CHEMICAL_Resveratrol,multitype
@GENE_TGFB1,@DISEASE_Renal_Insufficiency_Chronic,multitype
@GENE_TGFB1,@GENE_DKK1,multitype
@GENE_TGFB1,@GENE_SOST,multitype
@GENE_TGFB1,@GENE_SMAD2,multitype
@GENE_TGFB1,@CHEMICAL_Polychlorinated_Dibenzodioxins,multitype
@GENE_TGFB1,@CHEMICAL_Lipopolysaccharides,multitype
@GENE_TGFB1,@GENE_NFKB1,multitype
@GENE_TGFB1,@CHEMICAL_Curcumin,multitype
@GENE_TGFB1,@GENE_TGFBR1,multitype
@CHEMICAL_Glycosaminoglycans,@CHEMICAL_Hyaluronic_Acid,multitype
@CHEMICAL_Glycosaminoglycans,@DISEASE_Mucopolysaccharidosis_I,multitype
@CHEMICAL_isoborneol,@GENE_TNF,multitype
@CHEMICAL_isoborneol,@GENE_IL1B,multitype
@CHEMICAL_isoborneol,@DISEASE_Stroke,multitype
@CHEMICAL_isoborneol,@DISEASE_Reperfusion_Injury,multitype
@CHEMICAL_isoborneol,@CHEMICAL_Indomethacin,multitype
@CHEMICAL_isoborneol,@CHEMICAL_Diclofenac,multitype
@CHEMICAL_Methotrexate,@DISEASE_Ulcer,multitype
@CHEMICAL_Methotrexate,@GENE_IL1B,multitype
@CHEMICAL_Methotrexate,@GENE_CASP3,multitype
@CHEMICAL_Methotrexate,@DISEASE_Inflammatory_Bowel_Diseases,multitype
@CHEMICAL_Methotrexate,@GENE_ABCB1,multitype
@CHEMICAL_Methotrexate,@DISEASE_Chemical_and_Drug_Induced_Liver_Injury,multitype
@CHEMICAL_Methotrexate,@DISEASE_Psoriasis,multitype
@CHEMICAL_Methotrexate,@DISEASE_Cognitive_Dysfunction,multitype
@CHEMICAL_Methotrexate,@DISEASE_Lymphoma_Large_B_Cell_Diffuse,multitype
@CHEMICAL_Methotrexate,@DISEASE_Pneumonia_Pneumocystis,multitype
@CHEMICAL_Methotrexate,@DISEASE_Arthritis_Rheumatoid,multitype
@CHEMICAL_Methotrexate,@DISEASE_Edema,multitype
@CHEMICAL_Methotrexate,@DISEASE_Arthritis_Psoriatic,multitype
@CHEMICAL_Methotrexate,@DISEASE_Lymphoproliferative_Disorders,multitype
@CHEMICAL_Methotrexate,@CHEMICAL_Leflunomide,multitype
@CHEMICAL_Methotrexate,@CHEMICAL_Hydroxychloroquine,multitype
@CHEMICAL_Methotrexate,@DISEASE_Skin_Diseases,multitype
@CHEMICAL_Methotrexate,@DISEASE_Fibrosis,multitype
@CHEMICAL_Methotrexate,@GENE_ALB,multitype
@CHEMICAL_Methotrexate,@DISEASE_Central_Nervous_System_Diseases,multitype
@CHEMICAL_Methotrexate,@DISEASE_Exanthema,multitype
@CHEMICAL_Methotrexate,@CHEMICAL_Cyclosporine,multitype
@CHEMICAL_Methotrexate,@DISEASE_Gestational_Trophoblastic_Disease,Negative_Correlation
@CHEMICAL_Methotrexate,@DISEASE_Infections,multitype
@CHEMICAL_Methotrexate,@DISEASE_Graft_vs_Host_Disease,Negative_Correlation
@CHEMICAL_Methotrexate,@CHEMICAL_Adenosine,multitype
@CHEMICAL_Methotrexate,@GENE_DHFR,multitype
@CHEMICAL_Methotrexate,@GENE_STAT3,multitype
@CHEMICAL_Methotrexate,@DISEASE_Hematologic_Diseases,multitype
@CHEMICAL_Methotrexate,@DISEASE_Neurologic_Manifestations,multitype
@CHEMICAL_Methotrexate,@CHEMICAL_Folic_Acid,multitype
@CHEMICAL_Methotrexate,@CHEMICAL_Trimethoprim_Sulfamethoxazole_Drug_Combination,multitype
@CHEMICAL_Methotrexate,@DISEASE_Oral_Ulcer,multitype
@CHEMICAL_Methotrexate,@CHEMICAL_Silicone_Oils,multitype
@CHEMICAL_Methotrexate,@GENE_MTHFR,multitype
@CHEMICAL_Methotrexate,@CHEMICAL_Certolizumab_Pegol,Cotreatment
@CHEMICAL_Zoledronic_Acid,@GENE_IFNG,multitype
@CHEMICAL_Zoledronic_Acid,@DISEASE_Neoplasm_Metastasis,multitype
@CHEMICAL_Zoledronic_Acid,@GENE_BGLAP,multitype
@CHEMICAL_Zoledronic_Acid,@GENE_CASP3,multitype
@CHEMICAL_Zoledronic_Acid,@GENE_VEGFA,multitype
@CHEMICAL_Zoledronic_Acid,@DISEASE_Multiple_Myeloma,multitype
@CHEMICAL_Zoledronic_Acid,@DISEASE_Hypercalcemia,multitype
@CHEMICAL_Zoledronic_Acid,@DISEASE_Kidney_Diseases,multitype
@CHEMICAL_Zoledronic_Acid,@GENE_TNFSF11,multitype
@CHEMICAL_Zoledronic_Acid,@DISEASE_Bone_Diseases,multitype
@CHEMICAL_Zoledronic_Acid,@DISEASE_Osteoporotic_Fractures,Negative_Correlation
@CHEMICAL_Zoledronic_Acid,@CHEMICAL_Diphosphonates,multitype
@CHEMICAL_Zoledronic_Acid,@DISEASE_Osteoporosis,multitype
@CHEMICAL_Zoledronic_Acid,@DISEASE_Fragile_X_Syndrome,multitype
@CHEMICAL_Zoledronic_Acid,@GENE_CYP27A1,multitype
@CHEMICAL_Zoledronic_Acid,@DISEASE_Fractures_Bone,multitype
@CHEMICAL_Zoledronic_Acid,@CHEMICAL_Glutathione,multitype
@CHEMICAL_Zoledronic_Acid,@GENE_NFKB1,multitype
@CHEMICAL_Zoledronic_Acid,@DISEASE_Patellofemoral_Pain_Syndrome,multitype
@CHEMICAL_Zoledronic_Acid,@DISEASE_Bone_Diseases_Metabolic,multitype
@CHEMICAL_Zoledronic_Acid,@DISEASE_Hip_Fractures,multitype
@CHEMICAL_Zoledronic_Acid,@CHEMICAL_Denosumab,multitype
@CHEMICAL_Zoledronic_Acid,@GENE_CTSK,multitype
@CHEMICAL_Zoledronic_Acid,@DISEASE_Osteoarthritis_Knee,Negative_Correlation
@CHEMICAL_Zoledronic_Acid,@DISEASE_Necrosis,multitype
@CHEMICAL_Zoledronic_Acid,@GENE_BMP2,multitype
@CHEMICAL_Zoledronic_Acid,@DISEASE_Bone_Neoplasms,Negative_Correlation
@CHEMICAL_Zoledronic_Acid,@DISEASE_Carcinoma_Non_Small_Cell_Lung,Negative_Correlation
@CHEMICAL_Zoledronic_Acid,@DISEASE_Muscle_Weakness,multitype
@GENE_KIT,@DISEASE_Breast_Neoplasms,multitype
@GENE_KIT,@DISEASE_Gastrointestinal_Stromal_Tumors,Association
@GENE_KIT,@DISEASE_Mastocytosis,multitype
@GENE_KIT,@DISEASE_Mastocytosis_Systemic,multitype
@CHEMICAL_Doxorubicin,@GENE_TNF,multitype
@CHEMICAL_Doxorubicin,@CHEMICAL_Hyaluronic_Acid,multitype
@CHEMICAL_Doxorubicin,@DISEASE_Hypoxia,multitype
@CHEMICAL_Doxorubicin,@DISEASE_Heart_Failure,Positive_Correlation
@CHEMICAL_Doxorubicin,@DISEASE_Cardiotoxicity,multitype
@CHEMICAL_Doxorubicin,@CHEMICAL_Glutathione,multitype
@CHEMICAL_Doxorubicin,@DISEASE_Osteosarcoma,Negative_Correlation
@CHEMICAL_lenvatinib,@DISEASE_Carcinoma_Hepatocellular,Negative_Correlation
@CHEMICAL_lenvatinib,@GENE_PDCD1,multitype
@GENE_CD8A,@GENE_TNF,multitype
@GENE_CD8A,@GENE_PDCD1,multitype
@GENE_CD8A,@GENE_CD4,multitype
@GENE_CD8A,@DISEASE_Lung_Neoplasms,Association
@GENE_CD8A,@DISEASE_Lung_Diseases_Interstitial,Association
@GENE_CD8A,@DISEASE_Infections,multitype
@GENE_CD8A,@GENE_HLA_B,Association
@GENE_CD8A,@DISEASE_Vitiligo,multitype
@GENE_CD8A,@GENE_TRBV20OR9_2,multitype
@GENE_CD8A,@GENE_CSF2,multitype
@GENE_CD8A,@GENE_HLA_A,Association
@GENE_CD8A,@DISEASE_Arthritis_Rheumatoid,Association
@GENE_CD8A,@GENE_IL2,multitype
@GENE_CD8A,@GENE_IL7R,multitype
@GENE_CD8A,@GENE_CD69,multitype
@GENE_CD8A,@GENE_SPP1,multitype
@GENE_CD8A,@GENE_LAG3,multitype
@GENE_CD8A,@GENE_GZMB,multitype
@GENE_CD8A,@GENE_AHR,multitype
@GENE_CD8A,@DISEASE_Sarcoidosis,multitype
@GENE_CD8A,@CHEMICAL_Vancomycin,multitype
@GENE_CXADRP1,@GENE_IFNG,multitype
@GENE_PDCD1,@GENE_NR1I3,multitype
@GENE_PDCD1,@DISEASE_Melanoma,Association
@GENE_PDCD1,@GENE_CD4,multitype
@GENE_PDCD1,@GENE_DKK1,multitype
@GENE_PDCD1,@DISEASE_Carcinoma_Non_Small_Cell_Lung,multitype
@GENE_PDCD1,@CHEMICAL_Nivolumab,multitype
@GENE_PDCD1,@GENE_CXCR4,multitype
@GENE_PDCD1,@DISEASE_Clear_cell_metastatic_renal_cell_carcinoma,Association
@CHEMICAL_ethylbenzene,@CHEMICAL_tert_Butylhydroperoxide,multitype
@CHEMICAL_ethylbenzene,@CHEMICAL_Cobalt,multitype
@CHEMICAL_Benzene,@CHEMICAL_Ozone,multitype
@CHEMICAL_Hyaluronic_Acid,@DISEASE_Glioma,multitype
@CHEMICAL_Hyaluronic_Acid,@DISEASE_Carcinoma_Hepatocellular,multitype
@CHEMICAL_Hyaluronic_Acid,@GENE_VEGFA,multitype
@CHEMICAL_Hyaluronic_Acid,@CHEMICAL_Hydroxyl_Radical,multitype
@CHEMICAL_Hyaluronic_Acid,@DISEASE_Breast_Neoplasms,multitype
@CHEMICAL_Hyaluronic_Acid,@GENE_HAS2,multitype
@CHEMICAL_Hyaluronic_Acid,@CHEMICAL_Zinc,multitype
@CHEMICAL_Glutathione,@CHEMICAL_Arginine,multitype
@CHEMICAL_Glutathione,@CHEMICAL_Taurine,multitype
@CHEMICAL_Glutathione,@DISEASE_Liver_Failure,multitype
@CHEMICAL_Glutathione,@CHEMICAL_fumarylacetoacetate,multitype
@CHEMICAL_Glutathione,@CHEMICAL_Alanine,multitype
@CHEMICAL_Glutathione,@CHEMICAL_Flavonoids,multitype
@CHEMICAL_Glutathione,@CHEMICAL_Thioctic_Acid,multitype
@CHEMICAL_Glutathione,@DISEASE_Alzheimer_Disease,multitype
@CHEMICAL_Glutathione,@CHEMICAL_vanillin,multitype
@CHEMICAL_Glutathione,@DISEASE_Kidney_Diseases,multitype
@CHEMICAL_Glutathione,@CHEMICAL_Ethanol,multitype
@CHEMICAL_Glutathione,@CHEMICAL_Glutamic_Acid,multitype
@CHEMICAL_Glutathione,@GENE_CAT,multitype
@CHEMICAL_Glutathione,@CHEMICAL_Salicylic_Acid,multitype
@CHEMICAL_Glutathione,@CHEMICAL_Selenium,multitype
@CHEMICAL_Glutathione,@CHEMICAL_Arsenic,multitype
@CHEMICAL_Glutathione,@CHEMICAL_Methionine,multitype
@CHEMICAL_Glutathione,@CHEMICAL_Lipid_Peroxides,multitype
@CHEMICAL_Glutathione,@CHEMICAL_Cadmium,multitype
@CHEMICAL_Glutathione,@CHEMICAL_hydroxide_ion,multitype
@CHEMICAL_Glutathione,@CHEMICAL_Tartrazine,multitype
@CHEMICAL_Glutathione,@CHEMICAL_erastin,multitype
@CHEMICAL_Glutathione,@CHEMICAL_Carbon_Tetrachloride,multitype
@CHEMICAL_Glutathione,@CHEMICAL_Acetaminophen,multitype
@CHEMICAL_Glutathione,@GENE_GPX4,multitype
@CHEMICAL_Glutathione,@GENE_SLC7A11,multitype
@CHEMICAL_Glutathione,@CHEMICAL_Melatonin,multitype
@CHEMICAL_Glutathione,@CHEMICAL_Lipopolysaccharides,multitype
@CHEMICAL_Glutathione,@GENE_GCLC,multitype
@CHEMICAL_Glutathione,@CHEMICAL_Emodin,multitype
@CHEMICAL_Glutathione,@CHEMICAL_Aluminum,multitype
@CHEMICAL_Glutathione,@CHEMICAL_thymoquinone,multitype
@CHEMICAL_Glutathione,@DISEASE_Ischemia,multitype
@CHEMICAL_Glutathione,@CHEMICAL_Cholecalciferol,multitype
@CHEMICAL_Glutathione,@CHEMICAL_baicalin,multitype
@CHEMICAL_Glutathione,@CHEMICAL_naringenin,multitype
@CHEMICAL_Glutathione,@CHEMICAL_Silymarin,multitype
@CHEMICAL_Glutathione,@CHEMICAL_Curcumin,multitype
@CHEMICAL_Glutathione,@CHEMICAL_Sulfur,multitype
@CHEMICAL_Glutathione,@DISEASE_Non_alcoholic_Fatty_Liver_Disease,multitype
@CHEMICAL_Glutathione,@CHEMICAL_bisphenol_A,multitype
@CHEMICAL_Glutathione,@CHEMICAL_Hydrogen_Sulfide,multitype
@CHEMICAL_Glutathione,@CHEMICAL_Lycopene,multitype
@CHEMICAL_Glutathione,@CHEMICAL_taxifolin,multitype
@GENE_MTOR,@CHEMICAL_Taurine,multitype
@GENE_MTOR,@CHEMICAL_Cholesterol,multitype
@GENE_MTOR,@CHEMICAL_Amino_Acids,multitype
@GENE_MTOR,@CHEMICAL_Testosterone,multitype
@GENE_MTOR,@CHEMICAL_ferulic_acid,multitype
@GENE_MTOR,@CHEMICAL_naringenin,multitype
@GENE_MTOR,@CHEMICAL_Sirolimus,multitype
@GENE_MTOR,@CHEMICAL_Adenosine_Triphosphate,multitype
@GENE_MTOR,@CHEMICAL_Chloroquine,multitype
@GENE_MTOR,@GENE_PTEN,multitype
@CHEMICAL_Asparagine,@CHEMICAL_Carbon_Dioxide,multitype
@CHEMICAL_Asparagine,@CHEMICAL_Aspartic_Acid,multitype
@CHEMICAL_Asparagine,@CHEMICAL_Glucose,multitype
@CHEMICAL_Asparagine,@DISEASE_Obesity,multitype
@CHEMICAL_Asparagine,@DISEASE_Breast_Neoplasms,multitype
@CHEMICAL_Asparagine,@CHEMICAL_Lead,multitype
@CHEMICAL_Asparagine,@GENE_ASNS,multitype
@CHEMICAL_Asparagine,@DISEASE_Diabetes_Gestational,multitype
@CHEMICAL_Asparagine,@DISEASE_Infections,multitype
@GENE_CD40,@GENE_CD40LG,multitype
@CHEMICAL_Choline,@DISEASE_Cardiovascular_Diseases,multitype
@CHEMICAL_Choline,@DISEASE_Non_alcoholic_Fatty_Liver_Disease,multitype
@CHEMICAL_Choline,@DISEASE_Diabetes_Mellitus_Type_2,multitype
@CHEMICAL_N_acetylaspartate,@DISEASE_Cognition_Disorders,multitype
@CHEMICAL_N_acetylaspartate,@DISEASE_Schizophrenia,multitype
@CHEMICAL_N_acetylaspartate,@DISEASE_Glioma,multitype
@CHEMICAL_N_acetylaspartate,@DISEASE_Diabetes_Mellitus_Type_2,multitype
@CHEMICAL_N_acetylaspartate,@DISEASE_Obesity,multitype
@CHEMICAL_N_acetylaspartate,@DISEASE_Alzheimer_Disease,multitype
@CHEMICAL_N_acetylaspartate,@DISEASE_Parkinson_Disease,multitype
@CHEMICAL_N_acetylaspartate,@DISEASE_Depressive_Disorder,multitype
@CHEMICAL_N_acetylaspartate,@DISEASE_Epilepsy,multitype
@CHEMICAL_N_acetylaspartate,@DISEASE_Bipolar_Disorder,multitype
@GENE_DKK1,@GENE_JUN,multitype
@GENE_DKK1,@GENE_IFNG,multitype
@GENE_DKK1,@GENE_TNF,multitype
@GENE_DKK1,@GENE_IL1B,multitype
@GENE_DKK1,@GENE_BGLAP,multitype
@GENE_DKK1,@DISEASE_Carcinoma_Hepatocellular,multitype
@GENE_DKK1,@DISEASE_Spondylitis_Ankylosing,multitype
@GENE_DKK1,@DISEASE_Multiple_Myeloma,Association
@GENE_DKK1,@DISEASE_Alzheimer_Disease,multitype
@GENE_DKK1,@DISEASE_Lymphatic_Metastasis,multitype
@GENE_DKK1,@DISEASE_Hypoxia,multitype
@GENE_DKK1,@DISEASE_Bone_Diseases,multitype
@GENE_DKK1,@DISEASE_Osteoporosis,multitype
@GENE_DKK1,@GENE_LRP5,multitype
@GENE_DKK1,@GENE_WNT2,multitype
@GENE_DKK1,@GENE_LRP6,multitype
@GENE_DKK1,@GENE_CKAP4,multitype
@GENE_DKK1,@GENE_TNFRSF11B,multitype
@GENE_DKK1,@CHEMICAL_Dihydrotestosterone,multitype
@GENE_DKK1,@GENE_MAPK8,multitype
@GENE_DKK1,@GENE_PTH,multitype
@GENE_DKK1,@DISEASE_Liver_Cirrhosis,multitype
@GENE_DKK1,@GENE_WNT3A,multitype
@GENE_DKK1,@DISEASE_Arthritis_Psoriatic,multitype
@GENE_DKK1,@DISEASE_Vascular_Calcification,multitype
@GENE_DKK1,@GENE_SP7,multitype
@GENE_DKK1,@CHEMICAL_Metformin,multitype
@GENE_DKK1,@GENE_MIR29A,multitype
@GENE_IDO1,@GENE_IFNG,multitype
@GENE_IDO1,@CHEMICAL_Tryptophan,multitype
@GENE_IDO1,@GENE_AHR,multitype
@GENE_IDO1,@CHEMICAL_Kynurenine,multitype
@GENE_IDO1,@CHEMICAL_1_methyltryptophan,multitype
@CHEMICAL_Gold,@CHEMICAL_Glucose,multitype
@CHEMICAL_Gold,@CHEMICAL_Cysteine,multitype
@CHEMICAL_Gold,@CHEMICAL_Citric_Acid,multitype
@CHEMICAL_Gold,@CHEMICAL_rhodamine_B,multitype
@CHEMICAL_Gold,@CHEMICAL_rhodamine_6G,multitype
@CHEMICAL_Adenosine_Triphosphate,@CHEMICAL_4_hydroxybenzoic_acid,multitype
@CHEMICAL_Adenosine_Triphosphate,@CHEMICAL_Glutamine,multitype
@CHEMICAL_Adenosine_Triphosphate,@DISEASE_Mitochondrial_Diseases,multitype
@CHEMICAL_Adenosine_Triphosphate,@CHEMICAL_Thioctic_Acid,multitype
@CHEMICAL_Adenosine_Triphosphate,@CHEMICAL_Glutamic_Acid,multitype
@CHEMICAL_Adenosine_Triphosphate,@GENE_TYR,multitype
@CHEMICAL_Taurine,@DISEASE_Cognition_Disorders,multitype
@CHEMICAL_Taurine,@CHEMICAL_Proline,multitype
@CHEMICAL_Taurine,@GENE_BECN1,multitype
@CHEMICAL_Taurine,@GENE_TNF,multitype
@CHEMICAL_Taurine,@DISEASE_Mitochondrial_Diseases,multitype
@CHEMICAL_Taurine,@DISEASE_Liver_Cirrhosis,multitype
@CHEMICAL_Taurine,@DISEASE_Liver_Failure,multitype
@CHEMICAL_Taurine,@GENE_CDO1,multitype
@CHEMICAL_Taurine,@DISEASE_Diabetic_Nephropathies,multitype
@CHEMICAL_Taurine,@DISEASE_Obesity,multitype
@CHEMICAL_Taurine,@GENE_HMOX1,multitype
@CHEMICAL_Taurine,@CHEMICAL_Glycerophospholipids,multitype
@CHEMICAL_Taurine,@CHEMICAL_Urea,multitype
@CHEMICAL_Taurine,@DISEASE_Diabetes_Mellitus_Type_2,multitype
@CHEMICAL_Taurine,@CHEMICAL_Tryptophan,multitype
@CHEMICAL_Taurine,@CHEMICAL_Betaine,multitype
@CHEMICAL_Taurine,@GENE_PPARGC1A,multitype
@CHEMICAL_Taurine,@CHEMICAL_Glucose,multitype
@CHEMICAL_Taurine,@DISEASE_Cardiomyopathy_Dilated,multitype
@CHEMICAL_Taurine,@GENE_CD4,multitype
@CHEMICAL_Taurine,@GENE_IL1B,multitype
@CHEMICAL_Taurine,@DISEASE_Infections,multitype
@CHEMICAL_Taurine,@DISEASE_Autism_Spectrum_Disorder,multitype
@CHEMICAL_Taurine,@CHEMICAL_Dopamine,multitype
@CHEMICAL_Taurine,@DISEASE_Parkinson_Disease,multitype
@CHEMICAL_Taurine,@DISEASE_Chemical_and_Drug_Induced_Liver_Injury,multitype
@CHEMICAL_Taurine,@DISEASE_Heart_Failure,multitype
@CHEMICAL_Taurine,@CHEMICAL_Potassium,multitype
@CHEMICAL_Taurine,@GENE_GPX4,multitype
@CHEMICAL_Taurine,@DISEASE_Cholestasis,multitype
@CHEMICAL_Taurine,@DISEASE_Cardiovascular_Diseases,multitype
@CHEMICAL_Gemcitabine,@CHEMICAL_durvalumab,multitype
@CHEMICAL_Gemcitabine,@DISEASE_Cholangiocarcinoma,Negative_Correlation
@CHEMICAL_Tryptophan,@DISEASE_Schizophrenia,multitype
@CHEMICAL_Tryptophan,@GENE_IFNG,Association
@CHEMICAL_Tryptophan,@DISEASE_Colorectal_Neoplasms,multitype
@CHEMICAL_Tryptophan,@CHEMICAL_Arginine,multitype
@CHEMICAL_Tryptophan,@CHEMICAL_Leucine,multitype
@CHEMICAL_Tryptophan,@DISEASE_Intestinal_Diseases,multitype
@CHEMICAL_Tryptophan,@CHEMICAL_Glucose,multitype
@CHEMICAL_Tryptophan,@CHEMICAL_Glutamine,multitype
@CHEMICAL_Tryptophan,@DISEASE_Diabetes_Mellitus_Type_2,multitype
@CHEMICAL_Tryptophan,@DISEASE_Obesity,multitype
@CHEMICAL_Tryptophan,@DISEASE_Alzheimer_Disease,multitype
@CHEMICAL_Tryptophan,@DISEASE_Breast_Neoplasms,multitype
@CHEMICAL_Tryptophan,@CHEMICAL_indoleacetic_acid,Positive_Correlation
@CHEMICAL_Tryptophan,@CHEMICAL_Glutamic_Acid,multitype
@CHEMICAL_Tryptophan,@CHEMICAL_Minocycline,multitype
@CHEMICAL_Tryptophan,@CHEMICAL_Serotonin,multitype
@CHEMICAL_Tryptophan,@CHEMICAL_Kynurenic_Acid,multitype
@CHEMICAL_Tryptophan,@GENE_AHR,multitype
@CHEMICAL_Tryptophan,@CHEMICAL_Kynurenine,multitype
@CHEMICAL_Tryptophan,@CHEMICAL_Melatonin,multitype
@CHEMICAL_Tryptophan,@CHEMICAL_Histidine,multitype
@CHEMICAL_Tryptophan,@DISEASE_Depressive_Disorder,multitype
@CHEMICAL_Tryptophan,@GENE_TDO2,multitype
@CHEMICAL_Tryptophan,@DISEASE_Glutaric_Acidemia_I,multitype
@CHEMICAL_Tryptophan,@CHEMICAL_N'_formylkynurenine,multitype
@CHEMICAL_Tryptophan,@CHEMICAL_indole_3_lactic_acid,multitype
@CHEMICAL_Tryptophan,@DISEASE_Cardiovascular_Diseases,multitype
@CHEMICAL_Tryptophan,@CHEMICAL_Ornithine,multitype
@CHEMICAL_Tryptophan,@DISEASE_Renal_Insufficiency_Chronic,multitype
@CHEMICAL_Tryptophan,@DISEASE_Metabolic_Syndrome,multitype
@CHEMICAL_Tryptophan,@CHEMICAL_Betaine,multitype
@CHEMICAL_Tryptophan,@CHEMICAL_Indoleacetic_Acids,multitype
@CHEMICAL_Tryptophan,@DISEASE_Neuroinflammatory_Diseases,multitype
@CHEMICAL_Tryptophan,@CHEMICAL_Phosphates,multitype
@CHEMICAL_Tryptophan,@CHEMICAL_Serine,multitype
@CHEMICAL_Tryptophan,@CHEMICAL_4_6_dinitro_o_cresol,Association
@CHEMICAL_Tryptophan,@CHEMICAL_3_4_Methylenedioxyamphetamine,multitype
@CHEMICAL_Tryptophan,@CHEMICAL_Glycine,multitype
@CHEMICAL_Serine,@DISEASE_Depressive_Disorder,multitype
@CHEMICAL_Serine,@DISEASE_Hereditary_Sensory_and_Autonomic_Neuropathies,multitype
@CHEMICAL_Serine,@DISEASE_Amyotrophic_Lateral_Sclerosis,multitype
@CHEMICAL_Glycine,@CHEMICAL_Arginine,multitype
@CHEMICAL_Glycine,@CHEMICAL_Leucine,multitype
@CHEMICAL_Glycine,@DISEASE_Diabetes_Mellitus_Type_2,multitype
@CHEMICAL_Glycine,@GENE_SHMT2,multitype
@CHEMICAL_Glycine,@CHEMICAL_Lysine,multitype
@CHEMICAL_Glycine,@CHEMICAL_Methionine,multitype
@CHEMICAL_Glycine,@DISEASE_Depressive_Disorder,multitype
@CHEMICAL_Glycine,@DISEASE_Osteoporosis,multitype
@CHEMICAL_Arginine,@CHEMICAL_Isobutyrates,multitype
@CHEMICAL_Arginine,@CHEMICAL_Propionates,multitype
@CHEMICAL_Arginine,@CHEMICAL_Lysine,multitype
@CHEMICAL_Arginine,@DISEASE_Depressive_Disorder,multitype
@CHEMICAL_Arginine,@CHEMICAL_Nitric_Oxide,multitype
@CHEMICAL_Arginine,@CHEMICAL_Ornithine,multitype
@CHEMICAL_Arginine,@CHEMICAL_Malondialdehyde,multitype
@CHEMICAL_Arginine,@CHEMICAL_Testosterone,multitype
@CHEMICAL_Arginine,@DISEASE_Fibrosis,multitype
@CHEMICAL_Arginine,@CHEMICAL_Glucose,multitype
@CHEMICAL_Methionine,@CHEMICAL_Ubiquinone,multitype
@CHEMICAL_Methionine,@DISEASE_Obesity,multitype
@CHEMICAL_Methionine,@CHEMICAL_Amino_Acids,multitype
@CHEMICAL_Methionine,@DISEASE_Liver_Diseases,multitype
@CHEMICAL_Methionine,@CHEMICAL_Betaine,multitype
@CHEMICAL_Methionine,@CHEMICAL_Homocysteine,multitype
@CHEMICAL_Methionine,@CHEMICAL_Lipopolysaccharides,multitype
@CHEMICAL_Methionine,@DISEASE_Metabolic_Syndrome,multitype
@CHEMICAL_Fatty_Acids,@CHEMICAL_Triglycerides,multitype
@CHEMICAL_Fatty_Acids,@DISEASE_Diabetes_Mellitus_Type_2,multitype
@CHEMICAL_Fatty_Acids,@DISEASE_Mitochondrial_Diseases,multitype
@CHEMICAL_Fatty_Acids,@CHEMICAL_Thioctic_Acid,multitype
@CHEMICAL_Fatty_Acids,@DISEASE_Chemical_and_Drug_Induced_Liver_Injury,multitype
@CHEMICAL_Fatty_Acids,@DISEASE_Liver_Diseases,multitype
@CHEMICAL_Fatty_Acids,@CHEMICAL_Acetyl_Coenzyme_A,multitype
@CHEMICAL_Fatty_Acids,@CHEMICAL_Lipopolysaccharides,multitype
@CHEMICAL_Fatty_Acids,@DISEASE_Fatty_Liver,multitype
@CHEMICAL_Fatty_Acids,@DISEASE_Non_alcoholic_Fatty_Liver_Disease,multitype
@CHEMICAL_Fatty_Acids,@CHEMICAL_Polycyclic_Aromatic_Hydrocarbons,multitype
@CHEMICAL_Fatty_Acids,@CHEMICAL_astaxanthine,multitype
@CHEMICAL_Fatty_Acids,@CHEMICAL_Sirolimus,multitype
@CHEMICAL_Histidine,@DISEASE_Diabetes_Mellitus_Type_2,multitype
@CHEMICAL_Histidine,@DISEASE_Sepsis,multitype
@CHEMICAL_Histidine,@CHEMICAL_Heme,Association
@CHEMICAL_Histidine,@CHEMICAL_Polysorbates,multitype
@GENE_PTK2,@GENE_FN1,multitype
@CHEMICAL_Denosumab,@GENE_TNFSF11,multitype
@CHEMICAL_Denosumab,@DISEASE_Osteoporotic_Fractures,multitype
@CHEMICAL_Denosumab,@DISEASE_Osteoporosis,multitype
@CHEMICAL_Denosumab,@DISEASE_Fractures_Bone,multitype
@CHEMICAL_Denosumab,@DISEASE_Spondylocostal_dysostosis_autosomal_recessive,multitype
@CHEMICAL_Denosumab,@DISEASE_Bone_Diseases_Metabolic,multitype
@CHEMICAL_Denosumab,@DISEASE_Bisphosphonate_Associated_Osteonecrosis_of_the_Jaw,multitype
@CHEMICAL_Denosumab,@DISEASE_Femoral_Fractures,multitype
@GENE_IFNG,@GENE_STAT3,multitype
@GENE_IFNG,@GENE_CD68,multitype
@GENE_IFNG,@CHEMICAL_Lipopolysaccharides,multitype
@GENE_IFNG,@GENE_CD4,multitype
@GENE_IFNG,@CHEMICAL_tetrakispivaloyloxymethyl_2_(thiazole_2_ylamino)ethylidene_1_1_bisphosphonate,multitype
@GENE_IFNG,@GENE_NFKB1,multitype
@GENE_IFNG,@GENE_TNF,multitype
@GENE_IFNG,@CHEMICAL_Nitric_Oxide,multitype
@GENE_IFNG,@GENE_CD1D,multitype
@GENE_IFNG,@DISEASE_Infections,multitype
@GENE_IFNG,@CHEMICAL_Kynurenine,multitype
@GENE_IFNG,@GENE_CXCL10,multitype
@GENE_RET,@DISEASE_Neoplasm_Metastasis,Association
@GENE_RET,@DISEASE_Pheochromocytoma,multitype
@GENE_RET,@DISEASE_Thyroid_cancer_medullary,Association
@CHEMICAL_Azoxymethane,@DISEASE_Colorectal_Neoplasms,Positive_Correlation
@CHEMICAL_Azoxymethane,@DISEASE_Colitis_Associated_Neoplasms,multitype
@CHEMICAL_2_5_dihydroxybenzoic_acid,@CHEMICAL_Hydroxyl_Radical,multitype
@CHEMICAL_2_5_dihydroxybenzoic_acid,@CHEMICAL_Salicylic_Acid,multitype
@CHEMICAL_2_5_dihydroxybenzoic_acid,@CHEMICAL_Cholesterol,multitype
@CHEMICAL_2_5_dihydroxybenzoic_acid,@DISEASE_Infections,multitype
@CHEMICAL_2_5_dihydroxybenzoic_acid,@DISEASE_Brain_Ischemia,multitype
@CHEMICAL_2_5_dihydroxybenzoic_acid,@CHEMICAL_Peptides,Association
@CHEMICAL_2_5_dihydroxybenzoic_acid,@CHEMICAL_Oligosaccharides,multitype
@GENE_YAP1,@CHEMICAL_Verteporfin,Negative_Correlation
@GENE_YAP1,@GENE_LATS1,multitype
@GENE_YAP1,@GENE_PIEZO1,multitype
@GENE_NQO1,@GENE_AHR,multitype
@GENE_NQO1,@GENE_NFE2L2,multitype
@CHEMICAL_6_methyladenine,@DISEASE_Neoplasm_Metastasis,multitype
@CHEMICAL_6_methyladenine,@DISEASE_Thyroid_Cancer_Papillary,multitype
@CHEMICAL_6_methyladenine,@GENE_ALKBH5,multitype
@CHEMICAL_Temozolomide,@DISEASE_Glioma,multitype
@CHEMICAL_Temozolomide,@DISEASE_Glioblastoma,multitype
@CHEMICAL_Temozolomide,@DISEASE_Astrocytoma,multitype
@CHEMICAL_Polychlorinated_Biphenyls,@DISEASE_Non_alcoholic_Fatty_Liver_Disease,multitype
@GENE_GLI1,@GENE_SMO,multitype
@GENE_GLI1,@GENE_SHH,multitype
@GENE_GLI1,@CHEMICAL_Resveratrol,multitype
@GENE_GLI1,@GENE_HHIP,multitype
@GENE_GLI1,@GENE_SUFU,multitype
@GENE_GLI1,@GENE_IHH,multitype
@GENE_SMO,@GENE_PTCH1,multitype
@GENE_SMO,@DISEASE_Ameloblastoma,Association
@GENE_SMO,@GENE_SHH,multitype
@GENE_SMO,@CHEMICAL_HhAntag691,multitype
@GENE_SMO,@DISEASE_Carcinoma_Basal_Cell,multitype
@GENE_SMO,@DISEASE_Polydactyly_Postaxial,multitype
@GENE_SMO,@CHEMICAL_Resveratrol,multitype
@GENE_SMO,@CHEMICAL_Sterols,multitype
@CHEMICAL_Lactic_Acid,@CHEMICAL_Glucose,multitype
@CHEMICAL_Lactic_Acid,@DISEASE_Obesity,multitype
@CHEMICAL_Lactic_Acid,@DISEASE_Mitochondrial_Diseases,multitype
@CHEMICAL_Lactic_Acid,@CHEMICAL_Phytic_Acid,multitype
@CHEMICAL_Lactic_Acid,@DISEASE_Acute_Kidney_Injury,multitype
@CHEMICAL_Lactic_Acid,@DISEASE_Prostatic_Neoplasms,multitype
@GENE_IL1B,@GENE_MMP13,multitype
@GENE_IL1B,@CHEMICAL_Lipopolysaccharides,multitype
@GENE_IL1B,@CHEMICAL_Minocycline,multitype
@GENE_IL1B,@GENE_IL10,multitype
@GENE_IL1B,@GENE_CASP1,multitype
@GENE_IL1B,@GENE_IL17A,multitype
@GENE_IL1B,@CHEMICAL_Curcumin,multitype
@GENE_IL1B,@CHEMICAL_Melatonin,multitype
@GENE_IL1B,@DISEASE_Pulmonary_Fibrosis,multitype
@GENE_IL1B,@GENE_NFKB1,multitype
@GENE_IL1B,@DISEASE_Depressive_Disorder,multitype
@GENE_IL1B,@GENE_GPX4,multitype
@GENE_IL1B,@DISEASE_Stomach_Ulcer,multitype
@GENE_IL1B,@DISEASE_Mitochondrial_Diseases,multitype
@GENE_IL1B,@DISEASE_Hypoxia,multitype
@GENE_IL1B,@CHEMICAL_Calcium_Oxalate,multitype
@GENE_IL1B,@CHEMICAL_3_4_Methylenedioxyamphetamine,multitype
@GENE_IL1B,@GENE_MMP3,multitype
@GENE_IL1B,@GENE_MMP9,multitype
@GENE_IL1B,@GENE_MAPK8,multitype
@GENE_IL1B,@GENE_MAPK14,multitype
@GENE_TNF,@GENE_PTGS2,multitype
@GENE_TNF,@CHEMICAL_Glucose,multitype
@GENE_TNF,@CHEMICAL_kaempferol,multitype
@GENE_TNF,@CHEMICAL_Lipopolysaccharides,multitype
@GENE_TNF,@CHEMICAL_Adalimumab,multitype
@GENE_TNF,@CHEMICAL_Minocycline,multitype
@GENE_TNF,@DISEASE_Arthritis_Rheumatoid,multitype
@GENE_TNF,@CHEMICAL_baicalin,multitype
@GENE_TNF,@GENE_SOST,multitype
@GENE_TNF,@DISEASE_Acute_Lung_Injury,multitype
@GENE_TNF,@CHEMICAL_naringenin,multitype
@GENE_TNF,@GENE_NFKB1,multitype
@GENE_TNF,@GENE_MAPK1,multitype
@GENE_TNF,@CHEMICAL_Curcumin,multitype
@GENE_TNF,@GENE_ALB,multitype
@GENE_TNF,@GENE_NR3C1,multitype
@GENE_TNF,@GENE_MMP9,multitype
@GENE_TNF,@GENE_COL1A1,multitype
@GENE_TNF,@DISEASE_Bone_Diseases,multitype
@GENE_TNF,@DISEASE_Spondylitis_Ankylosing,multitype
@GENE_TNF,@GENE_NFKBIA,multitype
@GENE_TNF,@DISEASE_Pulmonary_Fibrosis,multitype
@GENE_TNF,@GENE_IL10,multitype
@GENE_TNF,@DISEASE_Carcinoma_Renal_Cell,multitype
@GENE_TNF,@GENE_MAPK14,multitype
@GENE_TNF,@GENE_RELA,multitype
@GENE_TNF,@DISEASE_Cherubism,Association
@GENE_TNF,@CHEMICAL_Apigenin,multitype
@GENE_TNF,@GENE_CRP,multitype
@GENE_TNF,@CHEMICAL_Emodin,multitype
@GENE_TNF,@CHEMICAL_Cyclosporine,multitype
@GENE_TNF,@GENE_ADAM17,multitype
@GENE_TNF,@GENE_MAPK8,multitype
@GENE_TNF,@CHEMICAL_Hydroxychloroquine,multitype
@GENE_TNF,@CHEMICAL_Resveratrol,multitype
@GENE_TNF,@GENE_INS,multitype
@GENE_TNF,@DISEASE_Periapical_Periodontitis,multitype
@GENE_TNF,@CHEMICAL_salvianolic_acid_B,multitype
@GENE_TNF,@GENE_SH3BP2,multitype
@GENE_TNF,@GENE_TNFRSF1A,multitype
@GENE_TNF,@GENE_TNFSF11,Positive_Correlation
@GENE_TNF,@CHEMICAL_Carbon_Tetrachloride,multitype
@GENE_TNF,@CHEMICAL_Alendronate,multitype
@GENE_TNF,@DISEASE_Skin_Diseases,Association
@GENE_TNF,@GENE_CASP1,multitype
@GENE_TNF,@CHEMICAL_Genistein,multitype
@GENE_TNF,@DISEASE_Cholangiocarcinoma,Association
@GENE_TNF,@GENE_GSK3B,multitype
@GENE_TNF,@DISEASE_Reperfusion_Injury,multitype
@GENE_TNF,@CHEMICAL_chrysin,multitype
@GENE_TNF,@GENE_MMP2,multitype
@GENE_ESR1,@DISEASE_Carcinoma_Hepatocellular,multitype
@GENE_ESR1,@DISEASE_Breast_Neoplasms,multitype
@GENE_ESR1,@GENE_SOST,multitype
@GENE_ESR1,@CHEMICAL_Estradiol,multitype
@GENE_ESR1,@CHEMICAL_Tamoxifen,multitype
@GENE_ESR1,@CHEMICAL_Fulvestrant,multitype
@GENE_ESR1,@CHEMICAL_Polychlorinated_Dibenzodioxins,multitype
@GENE_ESR1,@GENE_AHR,multitype
@GENE_SPP1,@GENE_VEGFA,multitype
@GENE_SPP1,@DISEASE_Fibrosis,multitype
@CHEMICAL_Testosterone,@CHEMICAL_Manganese,multitype
@CHEMICAL_Testosterone,@DISEASE_Cognition_Disorders,multitype
@CHEMICAL_Testosterone,@CHEMICAL_Triglycerides,multitype
@CHEMICAL_Testosterone,@DISEASE_Obesity,multitype
@CHEMICAL_Testosterone,@CHEMICAL_Thioctic_Acid,multitype
@CHEMICAL_Testosterone,@GENE_CYP19A1,multitype
@CHEMICAL_Testosterone,@DISEASE_Hypogonadism,multitype
@CHEMICAL_Testosterone,@GENE_AR,multitype
@CHEMICAL_Testosterone,@CHEMICAL_perfluorooctane_sulfonic_acid,multitype
@CHEMICAL_Testosterone,@DISEASE_Depressive_Disorder,multitype
@CHEMICAL_Testosterone,@DISEASE_Myocardial_Infarction,multitype
@CHEMICAL_Testosterone,@CHEMICAL_Zinc,multitype
@CHEMICAL_Testosterone,@CHEMICAL_Estradiol,multitype
@CHEMICAL_Testosterone,@DISEASE_Immunologic_Deficiency_Syndromes,Negative_Correlation
@CHEMICAL_Testosterone,@CHEMICAL_bisphenol_A,multitype
@CHEMICAL_Testosterone,@DISEASE_Epilepsy,multitype
@CHEMICAL_Testosterone,@CHEMICAL_Dihydrotestosterone,Association
@CHEMICAL_Testosterone,@DISEASE_Ovarian_Neoplasms,multitype
@CHEMICAL_Testosterone,@DISEASE_Weight_Loss,multitype
@CHEMICAL_Testosterone,@DISEASE_Ventricular_Fibrillation,multitype
@GENE_PTEN,@GENE_PIK3CB,multitype
@CHEMICAL_Fluorouracil,@CHEMICAL_Irinotecan,multitype
@GENE_AFP,@DISEASE_Carcinoma_Hepatocellular,multitype
@GENE_AFP,@DISEASE_Cholangiocarcinoma,multitype
@GENE_ALK,@DISEASE_Carcinoma_Non_Small_Cell_Lung,Association
@GENE_ALK,@GENE_EML4,multitype
@CHEMICAL_Linoleic_Acid,@DISEASE_Colorectal_Neoplasms,multitype
@GENE_MTSS1,@DISEASE_Breast_Neoplasms,multitype
@GENE_MTSS1,@DISEASE_Lymphatic_Metastasis,multitype
@GENE_MTSS1,@GENE_DNMT3B,multitype
@GENE_MTSS1,@GENE_MIR182,multitype
@GENE_MTSS1,@GENE_RAC1,multitype
@GENE_MTSS1,@GENE_MIR1825,multitype
@GENE_MTSS1,@GENE_MIR23A,multitype
@GENE_MTSS1,@GENE_MIR96,multitype
@GENE_MTSS1,@GENE_ACTR3,multitype
@CHEMICAL_Cysteine,@CHEMICAL_Glucose,multitype
@CHEMICAL_Cysteine,@GENE_CDO1,Association
@CHEMICAL_Cysteine,@CHEMICAL_Sulfur,multitype
@CHEMICAL_Cysteine,@DISEASE_Autism_Spectrum_Disorder,multitype
@GENE_HLA_A,@DISEASE_Behcet_Syndrome,Association
@CHEMICAL_Flavonoids,@CHEMICAL_Superoxides,multitype
@CHEMICAL_Flavonoids,@CHEMICAL_Ethanol,multitype
@CHEMICAL_Flavonoids,@GENE_NOS2,multitype
@CHEMICAL_Flavonoids,@DISEASE_Infections,multitype
@CHEMICAL_Flavonoids,@CHEMICAL_Nitric_Oxide,multitype
@CHEMICAL_Flavonoids,@CHEMICAL_Cholesterol,multitype
@CHEMICAL_Flavonoids,@GENE_NFKB1,multitype
@CHEMICAL_Flavonoids,@CHEMICAL_Ciprofloxacin,multitype
@CHEMICAL_Flavonoids,@CHEMICAL_Salicylic_Acid,multitype
@CHEMICAL_Flavonoids,@CHEMICAL_Lipopolysaccharides,multitype
@CHEMICAL_Flavonoids,@CHEMICAL_kaempferol,multitype
@CHEMICAL_Flavonoids,@GENE_KEAP1,multitype
@CHEMICAL_Flavonoids,@CHEMICAL_Zinc_Oxide,multitype
@GENE_CD47,@GENE_SIRPA,multitype
@GENE_CD4,@GENE_IL21,multitype
@GENE_CD4,@GENE_IL10,Association
@GENE_CD4,@GENE_AHR,multitype
@GENE_CD4,@GENE_FOXP3,multitype
@GENE_CD4,@GENE_IFNA1,multitype
@GENE_CD4,@DISEASE_Lupus_Erythematosus_Systemic,multitype
@GENE_CD4,@GENE_IL2,multitype
@GENE_CD4,@CHEMICAL_Tretinoin,multitype
@GENE_CD4,@CHEMICAL_Polychlorinated_Dibenzodioxins,multitype
@GENE_CD4,@GENE_CXCL13,multitype
@GENE_CD4,@GENE_CXCR5,multitype
@GENE_CD4,@DISEASE_Sarcoidosis,multitype
@GENE_CD4,@GENE_IL13,multitype
@GENE_CD4,@GENE_CD28,multitype
@GENE_TERT,@DISEASE_Thyroid_Cancer_Papillary,multitype
@GENE_TERT,@DISEASE_Dyskeratosis_Congenita,multitype
@CHEMICAL_Folic_Acid,@DISEASE_Obesity,multitype
@CHEMICAL_Folic_Acid,@DISEASE_Edema,multitype
@CHEMICAL_Folic_Acid,@CHEMICAL_Homocysteine,multitype
@CHEMICAL_Folic_Acid,@DISEASE_Fatty_Liver,multitype
@CHEMICAL_Folic_Acid,@CHEMICAL_ferric_oxide,multitype
@CHEMICAL_Manganese,@CHEMICAL_malic_acid,multitype
@CHEMICAL_Manganese,@CHEMICAL_Citric_Acid,multitype
@CHEMICAL_Manganese,@CHEMICAL_Lignin,multitype
@CHEMICAL_Manganese,@CHEMICAL_Inositol,multitype
@CHEMICAL_Manganese,@GENE_CGAS,multitype
@CHEMICAL_Manganese,@CHEMICAL_Zinc,multitype
@CHEMICAL_Manganese,@CHEMICAL_Selenium,multitype
@CHEMICAL_Hydroxyl_Radical,@CHEMICAL_4_hydroxybenzoic_acid,multitype
@CHEMICAL_Hydroxyl_Radical,@CHEMICAL_Tetracycline,multitype
@CHEMICAL_Hydroxyl_Radical,@DISEASE_Ischemia,multitype
@CHEMICAL_Hydroxyl_Radical,@CHEMICAL_peroxymonosulfate,multitype
@CHEMICAL_Hydroxyl_Radical,@DISEASE_Reperfusion_Injury,multitype
@CHEMICAL_Hydroxyl_Radical,@CHEMICAL_Sodium_Salicylate,multitype
@CHEMICAL_Hydroxyl_Radical,@GENE_CAT,multitype
@CHEMICAL_Platinum,@DISEASE_Carcinoma_Non_Small_Cell_Lung,multitype
@CHEMICAL_Platinum,@DISEASE_Ovarian_Neoplasms,Negative_Correlation
@GENE_PTPN11,@GENE_NFKB1,multitype
@GENE_PTPN11,@DISEASE_Noonan_Syndrome,multitype
@GENE_PTPN11,@DISEASE_LEOPARD_Syndrome,multitype
@GENE_VHL,@DISEASE_Carcinoma_Renal_Cell,multitype
@GENE_VHL,@DISEASE_von_Hippel_Lindau_Disease,multitype
@GENE_SOST,@DISEASE_Diabetes_Mellitus_Type_2,multitype
@GENE_SOST,@CHEMICAL_Vitamin_D,multitype
@GENE_SOST,@DISEASE_Fibrosis,multitype
@GENE_SOST,@GENE_GSK3B,multitype
@GENE_SOST,@GENE_BMP1,multitype
@GENE_SOST,@DISEASE_Hypoxia,multitype
@GENE_SOST,@DISEASE_Acromegaly,multitype
@GENE_SOST,@GENE_INS,multitype
@GENE_SOST,@DISEASE_Cardiovascular_Diseases,multitype
@GENE_SOST,@GENE_ESR2,multitype
@GENE_SOST,@GENE_TNFSF11,multitype
@GENE_SOST,@GENE_ALPP,multitype
@GENE_SOST,@CHEMICAL_Alendronate,multitype
@GENE_SOST,@DISEASE_Bone_Diseases,multitype
@GENE_SOST,@DISEASE_Osteoporotic_Fractures,multitype
@GENE_SOST,@DISEASE_Osteoporosis,multitype
@GENE_SOST,@CHEMICAL_Teriparatide,multitype
@GENE_SOST,@GENE_CYP27A1,multitype
@GENE_SOST,@DISEASE_Fractures_Bone,multitype
@GENE_SOST,@GENE_MAPK14,multitype
@GENE_SOST,@GENE_IL1A,multitype
@GENE_SOST,@GENE_BMP7,multitype
@GENE_SOST,@GENE_WNT3A,multitype
@GENE_SOST,@GENE_PTH,multitype
@GENE_SOST,@DISEASE_Bone_Diseases_Metabolic,multitype
@GENE_SOST,@CHEMICAL_Estradiol,multitype
@GENE_SOST,@CHEMICAL_romosozumab,multitype
@GENE_SOST,@GENE_NOG,multitype
@GENE_SOST,@GENE_BMP2,multitype
@GENE_SOST,@GENE_RUNX2,multitype
@GENE_SOST,@DISEASE_Sclerosteosis,multitype
@GENE_SOST,@GENE_TNFRSF11B,multitype
@GENE_SOST,@GENE_FGF23,multitype
@GENE_SOST,@GENE_LRP4,multitype
@GENE_SOST,@DISEASE_Hip_Fractures,multitype
@GENE_SOST,@DISEASE_Renal_Insufficiency_Chronic,multitype
@GENE_SOST,@DISEASE_Hereditary_Angioedema_Type_III,multitype
@GENE_SOST,@GENE_POSTN,multitype
@GENE_SOST,@DISEASE_Vascular_Calcification,multitype
@GENE_SOST,@GENE_ACP5,multitype
@GENE_SOST,@GENE_DMP1,multitype
@GENE_SOST,@GENE_HDAC4,multitype
@GENE_SOST,@GENE_HDAC5,multitype
@GENE_SOST,@DISEASE_Stiff_Skin_Syndrome,multitype
@GENE_SOST,@DISEASE_Bone_Resorption,multitype
@GENE_SOST,@DISEASE_Osteolysis,multitype
@GENE_SOST,@CHEMICAL_blosozumab,multitype
@CHEMICAL_Kynurenine,@CHEMICAL_Minocycline,multitype
@CHEMICAL_Kynurenine,@DISEASE_Depressive_Disorder,multitype
@CHEMICAL_Kynurenine,@GENE_AHR,multitype
@CHEMICAL_Kynurenine,@GENE_KMO,multitype
@GENE_HLA_B,@DISEASE_Spondylitis_Ankylosing,multitype
@GENE_HLA_B,@DISEASE_Inflammatory_Bowel_Diseases,multitype
@GENE_HLA_B,@DISEASE_Uterine_Cervical_Neoplasms,multitype
@GENE_HLA_B,@DISEASE_Uveitis_Anterior,multitype
@GENE_HLA_B,@DISEASE_Psoriasis,multitype
@GENE_HLA_B,@DISEASE_Arthritis_Juvenile,multitype
@GENE_TMEM173,@GENE_CGAS,multitype
@GENE_CXCR4,@GENE_TFF2,multitype
@GENE_CXCR4,@GENE_CXCL12,multitype
@GENE_CXCR4,@CHEMICAL_plerixafor,multitype
@CHEMICAL_Thioctic_Acid,@CHEMICAL_Sulfhydryl_Compounds,multitype
@CHEMICAL_Thioctic_Acid,@DISEASE_Liver_Failure,multitype
@CHEMICAL_Thioctic_Acid,@CHEMICAL_Glucose,multitype
@CHEMICAL_Thioctic_Acid,@GENE_CASP3,multitype
@CHEMICAL_Thioctic_Acid,@DISEASE_Fibrosis,multitype
@CHEMICAL_Thioctic_Acid,@DISEASE_Peripheral_Nervous_System_Diseases,multitype
@CHEMICAL_Thioctic_Acid,@CHEMICAL_Free_Radicals,multitype
@CHEMICAL_Thioctic_Acid,@DISEASE_Kidney_Diseases,multitype
@CHEMICAL_Thioctic_Acid,@CHEMICAL_Cholesterol,multitype
@CHEMICAL_Thioctic_Acid,@DISEASE_Myocardial_Infarction,multitype
@CHEMICAL_Thioctic_Acid,@GENE_NFKB1,multitype
@CHEMICAL_Thioctic_Acid,@GENE_BDNF,multitype
@CHEMICAL_Thioctic_Acid,@GENE_CAT,multitype
@CHEMICAL_Thioctic_Acid,@GENE_ACHE,multitype
@CHEMICAL_Thioctic_Acid,@GENE_INS,multitype
@CHEMICAL_Thioctic_Acid,@DISEASE_Neurotoxicity_Syndromes,multitype
@CHEMICAL_Thioctic_Acid,@DISEASE_Neuroinflammatory_Diseases,multitype
@CHEMICAL_Thioctic_Acid,@GENE_PPARG,multitype
@CHEMICAL_Thioctic_Acid,@GENE_NOS2,multitype
@CHEMICAL_Thioctic_Acid,@GENE_ALB,multitype
@CHEMICAL_Thioctic_Acid,@CHEMICAL_Nitric_Oxide,multitype
@CHEMICAL_Thioctic_Acid,@GENE_HMOX1,multitype
@CHEMICAL_Thioctic_Acid,@GENE_ATF6,multitype
@CHEMICAL_Thioctic_Acid,@DISEASE_Depressive_Disorder,multitype
@CHEMICAL_Thioctic_Acid,@GENE_PRKAA2,multitype
@CHEMICAL_Thioctic_Acid,@GENE_KEAP1,multitype
@CHEMICAL_Thioctic_Acid,@GENE_MAPK1,multitype
@CHEMICAL_Propolis,@CHEMICAL_caffeic_acid,multitype
@CHEMICAL_NADP,@GENE_G6PD,multitype
@CHEMICAL_NADP,@CHEMICAL_Glucose,multitype
@CHEMICAL_NADP,@CHEMICAL_vanillin,multitype
@CHEMICAL_Polychlorinated_Dibenzodioxins,@DISEASE_Carcinogenesis,multitype
@CHEMICAL_Polychlorinated_Dibenzodioxins,@DISEASE_Neoplasm_Metastasis,multitype
@CHEMICAL_Polychlorinated_Dibenzodioxins,@CHEMICAL_Glucose,multitype
@CHEMICAL_Polychlorinated_Dibenzodioxins,@DISEASE_Carcinoma_Hepatocellular,multitype
@CHEMICAL_Polychlorinated_Dibenzodioxins,@CHEMICAL_Triglycerides,multitype
@CHEMICAL_Polychlorinated_Dibenzodioxins,@GENE_AHR,multitype
@CHEMICAL_Polychlorinated_Dibenzodioxins,@GENE_CYP1A1,multitype
@CHEMICAL_Polychlorinated_Dibenzodioxins,@GENE_TIPARP,multitype
@CHEMICAL_Polychlorinated_Dibenzodioxins,@CHEMICAL_Agent_Orange,multitype
@CHEMICAL_Polychlorinated_Dibenzodioxins,@DISEASE_Endocrine_System_Diseases,multitype
@CHEMICAL_Polychlorinated_Dibenzodioxins,@CHEMICAL_Tretinoin,multitype
@GENE_IL4,@CHEMICAL_Lipopolysaccharides,multitype
@GENE_IL4,@GENE_IL2,multitype
@CHEMICAL_Salicylic_Acid,@CHEMICAL_Chlorophyll,multitype
@CHEMICAL_Salicylic_Acid,@CHEMICAL_Gibberellins,multitype
@CHEMICAL_Salicylic_Acid,@CHEMICAL_Abscisic_Acid,multitype
@CHEMICAL_Salicylic_Acid,@CHEMICAL_Lead,multitype
@CHEMICAL_Salicylic_Acid,@GENE_CAT,multitype
@CHEMICAL_Salicylic_Acid,@CHEMICAL_jasmonic_acid,multitype
@CHEMICAL_Salicylic_Acid,@DISEASE_Infections,multitype
@CHEMICAL_Salicylic_Acid,@CHEMICAL_Starch,multitype
@CHEMICAL_Salicylic_Acid,@CHEMICAL_Potassium,multitype
@CHEMICAL_Salicylic_Acid,@CHEMICAL_Cannabinoids,multitype
@CHEMICAL_Salicylic_Acid,@CHEMICAL_Sugars,multitype
@CHEMICAL_bisphenol_A,@CHEMICAL_peroxymonosulfate,multitype
@CHEMICAL_bisphenol_A,@CHEMICAL_Estradiol,multitype
@CHEMICAL_bisphenol_A,@DISEASE_Endocrine_System_Diseases,multitype
@GENE_CHEK2,@DISEASE_Thyroid_Neoplasms,multitype
@GENE_CTLA4,@GENE_CD80,multitype
@CHEMICAL_Aspartic_Acid,@CHEMICAL_Calcium_Carbonate,multitype
@CHEMICAL_Aspartic_Acid,@CHEMICAL_Alanine,multitype
@CHEMICAL_Aspartic_Acid,@CHEMICAL_Threonine,multitype
@CHEMICAL_Aspartic_Acid,@DISEASE_Metabolic_Syndrome,multitype
@CHEMICAL_Aspartic_Acid,@GENE_GOT1,multitype
@CHEMICAL_Aspartic_Acid,@CHEMICAL_Lignin,multitype
@GENE_SLTM,@GENE_HGF,multitype
@GENE_GLI2,@GENE_SHH,multitype
@CHEMICAL_alpha_hydroxyglutarate,@GENE_IDH1,Association
@CHEMICAL_Melatonin,@GENE_PTGS2,multitype
@CHEMICAL_Melatonin,@CHEMICAL_Steroids,multitype
@CHEMICAL_Melatonin,@CHEMICAL_Glucose,multitype
@CHEMICAL_Melatonin,@CHEMICAL_Abscisic_Acid,multitype
@CHEMICAL_Melatonin,@GENE_CASP3,multitype
@CHEMICAL_Melatonin,@CHEMICAL_Lignin,multitype
@CHEMICAL_Melatonin,@CHEMICAL_Glutamic_Acid,multitype
@CHEMICAL_Melatonin,@CHEMICAL_3_4_Methylenedioxyamphetamine,multitype
@CHEMICAL_Melatonin,@CHEMICAL_1_1_diphenyl_2_picrylhydrazyl,multitype
@CHEMICAL_Melatonin,@GENE_HMOX1,multitype
@CHEMICAL_Melatonin,@GENE_NFE2L2,multitype
@GENE_H3_3B,@DISEASE_Glioma,Association
@CHEMICAL_4_hydroxybenzoic_acid,@CHEMICAL_Glucose,multitype
@CHEMICAL_4_hydroxybenzoic_acid,@CHEMICAL_3_4_dihydroxybenzoate,multitype
@CHEMICAL_4_hydroxybenzoic_acid,@CHEMICAL_Lignin,Association
@CHEMICAL_4_hydroxybenzoic_acid,@CHEMICAL_Nitrates,multitype
@CHEMICAL_Polyamines,@CHEMICAL_Ornithine,multitype
@GENE_RELA,@GENE_TNFSF11,multitype
@GENE_RELA,@GENE_NFKB1,multitype
@GENE_RELA,@CHEMICAL_Lipopolysaccharides,multitype
@GENE_RELA,@CHEMICAL_ferulic_acid,multitype
@CHEMICAL_Inosine,@DISEASE_Hyperuricemia,multitype
@GENE_CRP,@DISEASE_Spondylitis_Ankylosing,multitype
@GENE_CRP,@CHEMICAL_Minocycline,multitype
@GENE_CRP,@CHEMICAL_Uric_Acid,multitype
@GENE_CRP,@DISEASE_Coronary_Artery_Disease,multitype
@GENE_CRP,@DISEASE_Anti_Neutrophil_Cytoplasmic_Antibody_Associated_Vasculitis,multitype
@GENE_CRP,@DISEASE_Axial_Spondyloarthritis,multitype
@GENE_CRP,@CHEMICAL_upadacitinib,multitype
@CHEMICAL_Lead,@CHEMICAL_Carbon_Dioxide,multitype
@CHEMICAL_Lead,@CHEMICAL_Oxalates,multitype
@CHEMICAL_Lead,@CHEMICAL_Glutamic_Acid,multitype
@CHEMICAL_Lead,@CHEMICAL_Malondialdehyde,multitype
@CHEMICAL_Lead,@GENE_CAT,multitype
@CHEMICAL_Lead,@CHEMICAL_tartaric_acid,multitype
@CHEMICAL_Lead,@CHEMICAL_Oxalic_Acid,multitype
@CHEMICAL_Uric_Acid,@DISEASE_Colorectal_Neoplasms,multitype
@CHEMICAL_Uric_Acid,@DISEASE_Liver_Failure,multitype
@CHEMICAL_Uric_Acid,@DISEASE_Atherosclerosis,multitype
@CHEMICAL_Uric_Acid,@CHEMICAL_Glucose,multitype
@CHEMICAL_Uric_Acid,@DISEASE_Mitochondrial_Diseases,multitype
@CHEMICAL_Uric_Acid,@DISEASE_Stroke,multitype
@CHEMICAL_Uric_Acid,@DISEASE_Parkinson_Disease,multitype
@CHEMICAL_Uric_Acid,@CHEMICAL_Polysaccharides,multitype
@CHEMICAL_Uric_Acid,@DISEASE_Kidney_Diseases,multitype
@CHEMICAL_Uric_Acid,@DISEASE_Liver_Diseases,multitype
@CHEMICAL_Uric_Acid,@CHEMICAL_Nicotine,multitype
@CHEMICAL_Uric_Acid,@GENE_UOX,multitype
@CHEMICAL_Uric_Acid,@DISEASE_Arthritis_Gouty,multitype
@CHEMICAL_Uric_Acid,@DISEASE_Aortic_Aneurysm_Familial_Abdominal_1,multitype
@CHEMICAL_Uric_Acid,@DISEASE_Metabolic_Syndrome,multitype
@CHEMICAL_Uric_Acid,@DISEASE_Hyperuricemia,multitype
@CHEMICAL_Uric_Acid,@GENE_NLRP3,multitype
@CHEMICAL_Uric_Acid,@GENE_XDH,multitype
@CHEMICAL_Uric_Acid,@DISEASE_Cardiovascular_Diseases,multitype
@CHEMICAL_Uric_Acid,@GENE_ABCG2,multitype
@CHEMICAL_Uric_Acid,@GENE_SLC2A9,multitype
@CHEMICAL_Uric_Acid,@GENE_SLC22A12,multitype
@CHEMICAL_Uric_Acid,@DISEASE_Renal_Insufficiency_Chronic,multitype
@CHEMICAL_Uric_Acid,@DISEASE_Acute_Kidney_Injury,Association
@CHEMICAL_Uric_Acid,@DISEASE_Cerebral_Hemorrhage,multitype
@CHEMICAL_Uric_Acid,@DISEASE_Depressive_Disorder,multitype
@CHEMICAL_Uric_Acid,@DISEASE_Nephrolithiasis,multitype
@CHEMICAL_Uric_Acid,@DISEASE_Coronary_Artery_Disease,multitype
@CHEMICAL_Uric_Acid,@DISEASE_Myocardial_Infarction,multitype
@CHEMICAL_Uric_Acid,@CHEMICAL_Hypoxanthine,multitype
@CHEMICAL_Uric_Acid,@DISEASE_Heart_Failure,multitype
@CHEMICAL_Uric_Acid,@DISEASE_Cerebral_Infarction,multitype
@CHEMICAL_Uric_Acid,@DISEASE_Fatty_Liver,multitype
@CHEMICAL_Uric_Acid,@CHEMICAL_Acetaminophen,multitype
@CHEMICAL_Uric_Acid,@DISEASE_Acute_Coronary_Syndrome,multitype
@CHEMICAL_Uric_Acid,@DISEASE_Arthritis_Psoriatic,multitype
@CHEMICAL_Uric_Acid,@DISEASE_Anemia,multitype
@CHEMICAL_Dinoprostone,@GENE_PTGS2,multitype
@CHEMICAL_Dinoprostone,@GENE_COX2,multitype
@CHEMICAL_Dinoprostone,@GENE_TNFSF11,multitype
@CHEMICAL_Dinoprostone,@GENE_SLCO2A1,multitype
@CHEMICAL_Dinoprostone,@GENE_TNFRSF11B,multitype
@CHEMICAL_Dinoprostone,@CHEMICAL_Lipopolysaccharides,multitype
@CHEMICAL_Dinoprostone,@GENE_PTGER4,multitype
@CHEMICAL_Cortisone,@GENE_HSD11B1,multitype
@CHEMICAL_Cortisone,@DISEASE_Cushing_Syndrome,multitype
@CHEMICAL_Cortisone,@CHEMICAL_Dexamethasone,multitype
@CHEMICAL_Cortisone,@DISEASE_Adrenal_Insufficiency,multitype
@CHEMICAL_Cortisone,@CHEMICAL_Hydrocortisone,multitype
@CHEMICAL_Cortisone,@GENE_NR3C1,multitype
@CHEMICAL_Urea,@CHEMICAL_Carbon_Dioxide,multitype
@CHEMICAL_Urea,@CHEMICAL_vanillin,multitype
@CHEMICAL_Urea,@CHEMICAL_Zinc,multitype
@CHEMICAL_Fumarates,@CHEMICAL_Tricarboxylic_Acids,multitype
@CHEMICAL_Fumarates,@GENE_AT1G12050,Association
@CHEMICAL_Estradiol,@DISEASE_Breast_Neoplasms,multitype
@CHEMICAL_Estradiol,@DISEASE_Bone_Diseases,multitype
@CHEMICAL_Estradiol,@CHEMICAL_Progesterone,multitype
@CHEMICAL_malic_acid,@CHEMICAL_Cadmium,multitype
@CHEMICAL_Citric_Acid,@CHEMICAL_Carbon_Dioxide,multitype
@CHEMICAL_Citric_Acid,@CHEMICAL_Tricarboxylic_Acids,multitype
@CHEMICAL_Citric_Acid,@CHEMICAL_Glucose,multitype
@CHEMICAL_Citric_Acid,@DISEASE_Mitochondrial_Diseases,multitype
@CHEMICAL_Citric_Acid,@CHEMICAL_Succinic_Acid,multitype
@CHEMICAL_Citric_Acid,@CHEMICAL_Glutamic_Acid,multitype
@CHEMICAL_Citric_Acid,@CHEMICAL_Cadmium,multitype
@CHEMICAL_Citric_Acid,@CHEMICAL_Vanadium,multitype
@CHEMICAL_Citric_Acid,@CHEMICAL_Starch,multitype
@CHEMICAL_Citric_Acid,@CHEMICAL_manganese_ferrite,multitype
@CHEMICAL_Citric_Acid,@GENE_SLC13A5,multitype
@CHEMICAL_Citric_Acid,@CHEMICAL_Cobalt,multitype
@CHEMICAL_Citric_Acid,@CHEMICAL_Ferrosoferric_Oxide,multitype
@CHEMICAL_Citric_Acid,@DISEASE_Nephrolithiasis_Calcium_Oxalate,multitype
@CHEMICAL_Citric_Acid,@CHEMICAL_Chlorides,multitype
@CHEMICAL_Citric_Acid,@CHEMICAL_Cellulose,multitype
@CHEMICAL_Citric_Acid,@CHEMICAL_Polyvinyl_Alcohol,multitype
@CHEMICAL_Citric_Acid,@DISEASE_Acute_Kidney_Injury,multitype
@CHEMICAL_Citric_Acid,@CHEMICAL_Antimony,multitype
@CHEMICAL_Citric_Acid,@DISEASE_Fatty_Liver,multitype
@CHEMICAL_Citric_Acid,@CHEMICAL_hemicellulose,multitype
@CHEMICAL_Lignin,@CHEMICAL_Glucose,multitype
@CHEMICAL_Lignin,@CHEMICAL_Nickel,multitype
@CHEMICAL_Lignin,@CHEMICAL_Silver,Association
@CHEMICAL_Lignin,@CHEMICAL_vanillin,multitype
@CHEMICAL_Lignin,@CHEMICAL_caffeic_acid,multitype
@CHEMICAL_Lignin,@CHEMICAL_p_coumaric_acid,multitype
@CHEMICAL_Lignin,@CHEMICAL_graphitic_carbon_nitride,multitype
@CHEMICAL_Lignin,@CHEMICAL_ferulic_acid,multitype
@CHEMICAL_Lignin,@CHEMICAL_Ethylene_Glycol,multitype
@CHEMICAL_Lignin,@CHEMICAL_polyoxometalate,multitype
@CHEMICAL_Lignin,@CHEMICAL_gamma_valerolactone,multitype
@CHEMICAL_Lignin,@CHEMICAL_jasmonic_acid,multitype
@CHEMICAL_Lignin,@CHEMICAL_Vanillic_Acid,Association
@CHEMICAL_Lignin,@CHEMICAL_sulfuric_acid,multitype
@CHEMICAL_Lignin,@CHEMICAL_Ethanol,multitype
@CHEMICAL_Lignin,@CHEMICAL_Ozone,multitype
@CHEMICAL_Inositol,@DISEASE_Cognition_Disorders,multitype
@CHEMICAL_Inositol,@DISEASE_Diabetes_Mellitus_Type_2,multitype
@CHEMICAL_Inositol,@DISEASE_Alzheimer_Disease,multitype
@CHEMICAL_Inositol,@DISEASE_Cognitive_Dysfunction,multitype
@GENE_CGAS,@GENE_STING1,multitype
@CHEMICAL_Zinc,@CHEMICAL_Carbon_Dioxide,multitype
@CHEMICAL_Zinc,@DISEASE_Inflammatory_Bowel_Diseases,multitype
@CHEMICAL_Zinc,@CHEMICAL_Phytic_Acid,multitype
@CHEMICAL_Zinc,@DISEASE_Diabetic_Nephropathies,multitype
@CHEMICAL_Zinc,@DISEASE_Zinc_Deficiency_Neonatal_due_to_Low_Breast_Milk_Zinc,multitype
@CHEMICAL_Zinc,@CHEMICAL_Thiobarbituric_Acid_Reactive_Substances,multitype
@CHEMICAL_Zinc,@CHEMICAL_Sulfur,multitype
@CHEMICAL_Zinc,@CHEMICAL_Metformin,multitype
@CHEMICAL_Selenium,@CHEMICAL_Sugars,multitype
@CHEMICAL_Selenium,@DISEASE_Fatty_Liver,multitype
@DISEASE_Cognition_Disorders,@CHEMICAL_Scopolamine,Positive_Correlation
@DISEASE_Cognition_Disorders,@CHEMICAL_Ethanol,multitype
@DISEASE_Cognition_Disorders,@CHEMICAL_Glutamic_Acid,multitype
@DISEASE_Cognition_Disorders,@GENE_MAPT,multitype
@DISEASE_Cognition_Disorders,@CHEMICAL_Minocycline,multitype
@DISEASE_Cognition_Disorders,@GENE_APP,multitype
@DISEASE_Cognition_Disorders,@CHEMICAL_gamma_Aminobutyric_Acid,multitype
@CHEMICAL_Scopolamine,@DISEASE_Memory_Disorders,multitype
@CHEMICAL_Ethanol,@DISEASE_Liver_Failure,multitype
@CHEMICAL_Ethanol,@CHEMICAL_vanillin,multitype
@CHEMICAL_Ethanol,@CHEMICAL_Polysaccharides,multitype
@CHEMICAL_Ethanol,@GENE_ACHE,multitype
@CHEMICAL_Ethanol,@CHEMICAL_phenolic_acid,multitype
@CHEMICAL_Ethanol,@CHEMICAL_Acetic_Acid,multitype
@CHEMICAL_Ethanol,@CHEMICAL_Furaldehyde,multitype
@CHEMICAL_Ethanol,@CHEMICAL_Serotonin,multitype
@CHEMICAL_Ethanol,@CHEMICAL_Vanilmandelic_Acid,multitype
@CHEMICAL_Ethanol,@CHEMICAL_1_1_diphenyl_2_picrylhydrazyl,multitype
@CHEMICAL_Ethanol,@GENE_CYP2E1,multitype
@CHEMICAL_Ethanol,@GENE_TH,multitype
@CHEMICAL_Ethanol,@DISEASE_Depressive_Disorder,multitype
@CHEMICAL_Ethanol,@CHEMICAL_Cellulose,multitype
@CHEMICAL_Ethanol,@GENE_TLR4,multitype
@CHEMICAL_Glutamic_Acid,@CHEMICAL_Proline,multitype
@CHEMICAL_Glutamic_Acid,@CHEMICAL_Glutamine,multitype
@CHEMICAL_Glutamic_Acid,@DISEASE_Mental_Disorders,multitype
@CHEMICAL_Glutamic_Acid,@CHEMICAL_Dopamine,multitype
@CHEMICAL_Glutamic_Acid,@CHEMICAL_Carbohydrates,multitype
@CHEMICAL_Glutamic_Acid,@DISEASE_Mitochondrial_Diseases,multitype
@CHEMICAL_Glutamic_Acid,@DISEASE_Stroke,multitype
@CHEMICAL_Glutamic_Acid,@DISEASE_Alzheimer_Disease,multitype
@CHEMICAL_Glutamic_Acid,@DISEASE_Parkinson_Disease,multitype
@CHEMICAL_Glutamic_Acid,@DISEASE_Breast_Neoplasms,multitype
@CHEMICAL_Glutamic_Acid,@CHEMICAL_Amino_Acids,multitype
@CHEMICAL_Glutamic_Acid,@DISEASE_Chronic_Pain,multitype
@CHEMICAL_Glutamic_Acid,@GENE_SLC7A11,multitype
@CHEMICAL_Glutamic_Acid,@DISEASE_Brain_Injuries_Traumatic,multitype
@CHEMICAL_Glutamic_Acid,@CHEMICAL_Adenosine,multitype
@CHEMICAL_Glutamic_Acid,@DISEASE_Amyotrophic_Lateral_Sclerosis,multitype
@CHEMICAL_Glutamic_Acid,@CHEMICAL_Cocaine,multitype
@CHEMICAL_Glutamic_Acid,@CHEMICAL_Dizocilpine_Maleate,multitype
@CHEMICAL_Glutamic_Acid,@GENE_GLUL,multitype
@CHEMICAL_Glutamic_Acid,@DISEASE_Brain_Ischemia,multitype
@CHEMICAL_Glutamic_Acid,@CHEMICAL_Amphetamine,multitype
@CHEMICAL_Glutamic_Acid,@DISEASE_Hepatic_Encephalopathy,multitype
@CHEMICAL_Glutamic_Acid,@CHEMICAL_Valproic_Acid,multitype
@CHEMICAL_Glutamic_Acid,@CHEMICAL_Ammonium_Compounds,multitype
@CHEMICAL_Glutamic_Acid,@CHEMICAL_NAD,multitype
@CHEMICAL_Glutamic_Acid,@CHEMICAL_Ammonia,multitype
@CHEMICAL_Glutamic_Acid,@GENE_ADORA2A,multitype
@GENE_MAPT,@DISEASE_Alzheimer_Disease,multitype
@GENE_MAPT,@GENE_LGMN,multitype
@GENE_MAPT,@GENE_APP,multitype
@GENE_MAPT,@GENE_APOE,multitype
@CHEMICAL_Minocycline,@DISEASE_Mental_Disorders,multitype
@CHEMICAL_Minocycline,@GENE_CASP3,multitype
@CHEMICAL_Minocycline,@DISEASE_Neurotoxicity_Syndromes,multitype
@CHEMICAL_Minocycline,@DISEASE_Sepsis,multitype
@CHEMICAL_Minocycline,@DISEASE_Arthralgia,multitype
@CHEMICAL_Minocycline,@GENE_IL10,multitype
@CHEMICAL_Minocycline,@DISEASE_Hyperpigmentation,multitype
@CHEMICAL_Minocycline,@CHEMICAL_Ceftriaxone,multitype
@CHEMICAL_Minocycline,@CHEMICAL_Rifampin,multitype
@CHEMICAL_Minocycline,@DISEASE_Depressive_Disorder,multitype
@CHEMICAL_Minocycline,@DISEASE_Hyperalgesia,multitype
@CHEMICAL_Minocycline,@DISEASE_Skin_Diseases,multitype
@CHEMICAL_Minocycline,@DISEASE_Infections,multitype
@CHEMICAL_Minocycline,@CHEMICAL_Lipopolysaccharides,Negative_Correlation
@CHEMICAL_Minocycline,@DISEASE_Rosacea,Negative_Correlation
@CHEMICAL_Minocycline,@DISEASE_Exanthema,multitype
@CHEMICAL_Minocycline,@GENE_NFKB1,multitype
@CHEMICAL_Minocycline,@GENE_KEAP1,multitype
@CHEMICAL_Minocycline,@GENE_NFE2L2,multitype
@CHEMICAL_Minocycline,@DISEASE_Drug_Hypersensitivity,multitype
@CHEMICAL_Minocycline,@CHEMICAL_Levofloxacin,multitype
@CHEMICAL_Minocycline,@DISEASE_Hemorrhage,multitype
@CHEMICAL_Minocycline,@GENE_TLR4,multitype
@CHEMICAL_Minocycline,@DISEASE_Retinitis,multitype
@CHEMICAL_Minocycline,@DISEASE_Osteomyelitis,multitype
@CHEMICAL_Minocycline,@CHEMICAL_Carbapenems,multitype
@CHEMICAL_Minocycline,@GENE_MMP2,multitype
@CHEMICAL_Minocycline,@CHEMICAL_Imipenem,multitype
@CHEMICAL_Minocycline,@DISEASE_Thyroid_Nodule,multitype
@CHEMICAL_Minocycline,@DISEASE_Brain_Ischemia,multitype
@CHEMICAL_Minocycline,@DISEASE_Scrub_Typhus,Negative_Correlation
@CHEMICAL_Minocycline,@DISEASE_Macular_Degeneration,multitype
@CHEMICAL_Minocycline,@GENE_CASP1,multitype
@CHEMICAL_Minocycline,@DISEASE_Malformations_of_Cortical_Development_Group_I,Negative_Correlation
@GENE_APP,@DISEASE_Alzheimer_Disease,multitype
@GENE_APP,@DISEASE_Cognitive_Dysfunction,multitype
@GENE_APP,@GENE_BACE1,multitype
@GENE_APP,@GENE_PSEN1,multitype
@GENE_APP,@CHEMICAL_ALZ_801,Negative_Correlation
@CHEMICAL_gamma_Aminobutyric_Acid,@DISEASE_Alzheimer_Disease,multitype
@CHEMICAL_gamma_Aminobutyric_Acid,@DISEASE_Depressive_Disorder,multitype
@DISEASE_Cataract,@GENE_CRYGD,multitype
@DISEASE_Cataract,@GENE_CRYAB,multitype
@DISEASE_Cataract,@GENE_GJA8,multitype
@DISEASE_Cataract,@GENE_CCL2,multitype
@CHEMICAL_Carbon_Dioxide,@CHEMICAL_Oxalates,multitype
@CHEMICAL_Carbon_Dioxide,@CHEMICAL_graphene_oxide,multitype
@CHEMICAL_Carbon_Dioxide,@CHEMICAL_Bicarbonates,multitype
@CHEMICAL_Carbon_Dioxide,@CHEMICAL_Carbonates,multitype
@CHEMICAL_Carbon_Dioxide,@CHEMICAL_biochar,multitype
@CHEMICAL_Carbon_Dioxide,@CHEMICAL_Methane,multitype
@CHEMICAL_Carbon_Dioxide,@CHEMICAL_Bismuth,multitype
@CHEMICAL_Carbon_Dioxide,@CHEMICAL_Amines,multitype
@CHEMICAL_Carbon_Dioxide,@CHEMICAL_Calcium_Carbonate,multitype
@CHEMICAL_Carbon_Dioxide,@DISEASE_Hypoxia,multitype
@CHEMICAL_Carbon_Dioxide,@CHEMICAL_Amino_Acids,multitype
@CHEMICAL_Carbon_Dioxide,@CHEMICAL_Cobalt,multitype
@CHEMICAL_Carbon_Dioxide,@CHEMICAL_Carbon_Monoxide,multitype
@CHEMICAL_Carbon_Dioxide,@CHEMICAL_Nickel,multitype
@CHEMICAL_Carbon_Dioxide,@CHEMICAL_ceric_oxide,multitype
@CHEMICAL_Carbon_Dioxide,@CHEMICAL_Polyphenols,multitype
@CHEMICAL_Oxalates,@DISEASE_Hyperoxaluria,multitype
@CHEMICAL_Oxalates,@DISEASE_Kidney_Calculi,multitype
@CHEMICAL_Oxalates,@DISEASE_Hyperoxaluria_Primary,multitype
@CHEMICAL_graphene_oxide,@CHEMICAL_rhodamine_B,multitype
@CHEMICAL_Bicarbonates,@CHEMICAL_Carbonates,multitype
@CHEMICAL_biochar,@CHEMICAL_Azo_Compounds,multitype
@CHEMICAL_biochar,@CHEMICAL_Nitrates,multitype
@CHEMICAL_biochar,@CHEMICAL_Cadmium,multitype
@CHEMICAL_biochar,@CHEMICAL_Magnesium,multitype
@CHEMICAL_biochar,@CHEMICAL_Methane,multitype
@CHEMICAL_biochar,@CHEMICAL_Potassium,multitype
@CHEMICAL_biochar,@CHEMICAL_Betaine,multitype
@CHEMICAL_Methane,@CHEMICAL_Nickel,multitype
@CHEMICAL_Methane,@CHEMICAL_Cobalt,multitype
@DISEASE_Hypoxia,@CHEMICAL_Superoxides,multitype
@DISEASE_Hypoxia,@CHEMICAL_Glucose,multitype
@DISEASE_Hypoxia,@CHEMICAL_cobaltous_chloride,multitype
@DISEASE_Hypoxia,@GENE_PLOD2,multitype
@DISEASE_Hypoxia,@CHEMICAL_Nobelium,multitype
@CHEMICAL_Amino_Acids,@CHEMICAL_Ketoglutaric_Acids,multitype
@CHEMICAL_Amino_Acids,@DISEASE_Neoplasm_Metastasis,multitype
@CHEMICAL_Amino_Acids,@CHEMICAL_Carbon_13,multitype
@CHEMICAL_Cobalt,@CHEMICAL_Nickel,multitype
@CHEMICAL_Cobalt,@CHEMICAL_rhodamine_B,multitype
@CHEMICAL_Cobalt,@CHEMICAL_Sulfur,multitype
@CHEMICAL_Cobalt,@CHEMICAL_Oxalic_Acid,multitype
@CHEMICAL_Carbon_Monoxide,@CHEMICAL_Nickel,multitype
@CHEMICAL_Carbon_Monoxide,@CHEMICAL_formic_acid,multitype
@CHEMICAL_Carbon_Monoxide,@CHEMICAL_Tin,multitype
@CHEMICAL_Carbon_Monoxide,@CHEMICAL_hydroxide_ion,multitype
@CHEMICAL_Polyphenols,@CHEMICAL_Cholesterol,multitype
@CHEMICAL_Polyphenols,@CHEMICAL_Fatty_Acids_Volatile,multitype
@CHEMICAL_Polyphenols,@CHEMICAL_Starch,multitype
@GENE_PAH,@CHEMICAL_sapropterin,multitype
@GENE_PAH,@DISEASE_Phenylketonurias,multitype
@GENE_PAH,@DISEASE_Metabolism_Inborn_Errors,multitype
@GENE_CAT,@CHEMICAL_Alanine,multitype
@GENE_CAT,@DISEASE_Obesity,multitype
@GENE_CAT,@CHEMICAL_kaempferol,multitype
@GENE_CAT,@CHEMICAL_Vitamin_D,multitype
@GENE_CAT,@CHEMICAL_Gallic_Acid,multitype
@GENE_CAT,@GENE_SOD2,multitype
@GENE_CAT,@CHEMICAL_Cyclosporine,multitype
@GENE_CAT,@CHEMICAL_Cadmium,multitype
@GENE_CAT,@CHEMICAL_Tartrazine,multitype
@GENE_CAT,@CHEMICAL_Rotenone,multitype
@GENE_CAT,@GENE_NFE2L2,multitype
@GENE_CAT,@CHEMICAL_Thiobarbituric_Acid_Reactive_Substances,multitype
@GENE_CAT,@CHEMICAL_Acetaminophen,multitype
@GENE_CAT,@CHEMICAL_Malondialdehyde,multitype
@GENE_CAT,@DISEASE_Reperfusion_Injury,multitype
@GENE_CAT,@CHEMICAL_Hesperidin,multitype
@GENE_CAT,@CHEMICAL_sodium_arsenite,multitype
@GENE_CAT,@CHEMICAL_Silymarin,multitype
@GENE_CAT,@CHEMICAL_Catechin,multitype
@DISEASE_Fibrosis,@CHEMICAL_Bleomycin,multitype
@DISEASE_Fibrosis,@CHEMICAL_Silicon_Dioxide,multitype
@DISEASE_Fibrosis,@GENE_TUG1,multitype
@DISEASE_Depressive_Disorder,@CHEMICAL_Dopamine,multitype
@DISEASE_Depressive_Disorder,@CHEMICAL_Norepinephrine,multitype
@DISEASE_Depressive_Disorder,@CHEMICAL_Serotonin,multitype
@DISEASE_Depressive_Disorder,@CHEMICAL_Lipopolysaccharides,multitype
@DISEASE_Depressive_Disorder,@CHEMICAL_Normetanephrine,multitype
@CHEMICAL_Threonine,@DISEASE_Diabetes_Mellitus_Type_2,multitype
@GENE_TYR,@DISEASE_Albinism,multitype
@GENE_TYR,@DISEASE_Vitiligo,multitype
@GENE_TYR,@GENE_MITF,multitype
@GENE_TYR,@DISEASE_Albinism_Oculocutaneous,multitype
@GENE_TYR,@CHEMICAL_Phenol,multitype
@GENE_TYR,@DISEASE_Skin_Diseases,Association
@GENE_TYR,@DISEASE_Melanosis,multitype
@GENE_TYR,@DISEASE_Oculocutaneous_albinism_type_1,multitype
@DISEASE_Liver_Diseases,@GENE_INS,multitype
@DISEASE_Liver_Diseases,@GENE_PNPLA3,multitype
@DISEASE_Liver_Diseases,@CHEMICAL_Fatty_Acids_Volatile,multitype
@DISEASE_Liver_Diseases,@CHEMICAL_Nalbuphine,multitype
@DISEASE_Cardiovascular_Diseases,@CHEMICAL_Triglycerides,multitype
@DISEASE_Cardiovascular_Diseases,@CHEMICAL_Cholesterol,multitype
@DISEASE_Cardiovascular_Diseases,@CHEMICAL_Homocysteine,multitype
@CHEMICAL_Norepinephrine,@DISEASE_Hypotension,multitype
@CHEMICAL_Norepinephrine,@DISEASE_Hypertension,multitype
@CHEMICAL_Norepinephrine,@DISEASE_Essential_Hypertension,multitype
@CHEMICAL_Norepinephrine,@CHEMICAL_Normetanephrine,multitype
@CHEMICAL_Norepinephrine,@DISEASE_Dysautonomia_Familial,multitype
@CHEMICAL_Lysine,@CHEMICAL_Proline,multitype
@CHEMICAL_Lysine,@CHEMICAL_Hydroxylysine,multitype
@CHEMICAL_Lysine,@GENE_LOX,Association
@CHEMICAL_Lysine,@CHEMICAL_glutaric_acid,multitype
@CHEMICAL_Lysine,@CHEMICAL_Glutaral,multitype
@CHEMICAL_Lysine,@CHEMICAL_Minoxidil,multitype
@CHEMICAL_Homovanillic_Acid,@CHEMICAL_Dopamine,multitype
@CHEMICAL_Homovanillic_Acid,@CHEMICAL_Levodopa,multitype
@CHEMICAL_Homovanillic_Acid,@CHEMICAL_1_Methyl_4_phenyl_1_2_3_6_tetrahydropyridine,multitype
@DISEASE_Obesity,@CHEMICAL_Leucine,multitype
@DISEASE_Obesity,@CHEMICAL_Steroids,multitype
@DISEASE_Obesity,@CHEMICAL_Glucose,multitype
@DISEASE_Obesity,@CHEMICAL_Triglycerides,multitype
@DISEASE_Obesity,@CHEMICAL_Vitamin_D,multitype
@DISEASE_Obesity,@GENE_ADIPOQ,multitype
@DISEASE_Obesity,@CHEMICAL_Isoleucine,multitype
@DISEASE_Obesity,@GENE_MC4R,multitype
@DISEASE_Obesity,@CHEMICAL_Fatty_Acids_Nonesterified,multitype
@DISEASE_Obesity,@CHEMICAL_Acetic_Acid,multitype
@DISEASE_Obesity,@CHEMICAL_Butyric_Acid,multitype
@CHEMICAL_Dopamine,@DISEASE_Schizophrenia,multitype
@CHEMICAL_Dopamine,@CHEMICAL_Morphine,multitype
@CHEMICAL_Dopamine,@DISEASE_Parkinson_Disease_Secondary,multitype
@CHEMICAL_Dopamine,@CHEMICAL_Methamphetamine,multitype
@CHEMICAL_Dopamine,@GENE_TH,Association
@CHEMICAL_Dopamine,@DISEASE_Neuroblastoma,multitype
@CHEMICAL_Dopamine,@CHEMICAL_Levodopa,multitype
@CHEMICAL_Dopamine,@DISEASE_Hyperkinesis,multitype
@CHEMICAL_Dopamine,@GENE_PRL,multitype
@CHEMICAL_Dopamine,@CHEMICAL_vanillin,multitype
@CHEMICAL_Dopamine,@CHEMICAL_Haloperidol,multitype
@CHEMICAL_propionic_acid,@CHEMICAL_Glucose,multitype
@DISEASE_Metabolic_Syndrome,@CHEMICAL_Blood_Glucose,multitype
@CHEMICAL_Nitric_Oxide,@CHEMICAL_Lipopolysaccharides,multitype
@CHEMICAL_Nitric_Oxide,@DISEASE_Reperfusion_Injury,multitype
@CHEMICAL_Nitric_Oxide,@GENE_NOS2,multitype
@CHEMICAL_Nitric_Oxide,@CHEMICAL_Nitrites,multitype
@CHEMICAL_Nitric_Oxide,@DISEASE_Infections,multitype
@CHEMICAL_Nitric_Oxide,@DISEASE_Thrombosis,multitype
@DISEASE_Renal_Insufficiency_Chronic,@GENE_VEGFA,multitype
@DISEASE_Renal_Insufficiency_Chronic,@CHEMICAL_Cholesterol,multitype
@DISEASE_Renal_Insufficiency_Chronic,@CHEMICAL_Vitamin_D,multitype
@DISEASE_Renal_Insufficiency_Chronic,@CHEMICAL_Indican,multitype
@DISEASE_Renal_Insufficiency_Chronic,@GENE_FGF23,multitype
@DISEASE_Renal_Insufficiency_Chronic,@GENE_KL,multitype
@DISEASE_Breast_Neoplasms,@CHEMICAL_Steroids,multitype
@DISEASE_Breast_Neoplasms,@CHEMICAL_Triglycerides,multitype
@DISEASE_Breast_Neoplasms,@CHEMICAL_Chitosan,multitype
@DISEASE_Breast_Neoplasms,@GENE_BRCA1,multitype
@DISEASE_Breast_Neoplasms,@GENE_NR4A1,Association
@DISEASE_Breast_Neoplasms,@CHEMICAL_palbociclib,Negative_Correlation
@DISEASE_Breast_Neoplasms,@CHEMICAL_Levonorgestrel,multitype
@DISEASE_Breast_Neoplasms,@GENE_TNFSF11,multitype
@DISEASE_Breast_Neoplasms,@CHEMICAL_Clodronic_Acid,Negative_Correlation
@DISEASE_Breast_Neoplasms,@GENE_S1PR1,multitype
@DISEASE_Hemorrhage,@CHEMICAL_Clopidogrel,multitype
@DISEASE_Hemorrhage,@CHEMICAL_Levonorgestrel,multitype
@DISEASE_Pre_Eclampsia,@GENE_FLT1,multitype
@DISEASE_Venous_Thromboembolism,@CHEMICAL_Enoxaparin,multitype
@DISEASE_Venous_Thromboembolism,@CHEMICAL_Heparin,multitype
@DISEASE_Hypertension,@CHEMICAL_Cholesterol,multitype
@DISEASE_Hypertension,@CHEMICAL_Hydrocortisone,multitype
@DISEASE_Hypertension,@CHEMICAL_Catecholamines,multitype
@DISEASE_Hypertension,@CHEMICAL_Acetaminophen,multitype
@DISEASE_Hypertension,@CHEMICAL_Potassium,multitype
@GENE_GPC3,@DISEASE_Carcinoma_Hepatocellular,multitype
@DISEASE_Carcinoma_Hepatocellular,@CHEMICAL_Glucose,multitype
@DISEASE_Carcinoma_Hepatocellular,@GENE_ALB,multitype
@DISEASE_Carcinoma_Hepatocellular,@CHEMICAL_Sorafenib,Negative_Correlation
@DISEASE_Carcinoma_Hepatocellular,@CHEMICAL_atezolizumab,Negative_Correlation
@DISEASE_Carcinoma_Hepatocellular,@CHEMICAL_Bevacizumab,Negative_Correlation
@DISEASE_Carcinoma_Hepatocellular,@GENE_CYP2C9,Association
@DISEASE_Carcinoma_Hepatocellular,@GENE_NFKB1,multitype
@DISEASE_Carcinoma_Hepatocellular,@GENE_FOXP3,multitype
@DISEASE_Carcinoma_Hepatocellular,@GENE_PNPLA3,multitype
@DISEASE_Carcinoma_Hepatocellular,@CHEMICAL_gadolinium_ethoxybenzyl_DTPA,multitype
@DISEASE_Carcinoma_Hepatocellular,@GENE_ACLY,multitype
@DISEASE_Carcinoma_Hepatocellular,@CHEMICAL_Amino_Acids_Branched_Chain,multitype
@CHEMICAL_Tritium,@DISEASE_Hypogonadism,multitype
@GENE_FOS,@GENE_TNFSF11,multitype
@GENE_TNFSF11,@DISEASE_Neoplasm_Metastasis,multitype
@GENE_TNFSF11,@DISEASE_Bone_Diseases,multitype
@GENE_TNFSF11,@DISEASE_Osteoporosis,multitype
@GENE_TNFSF11,@GENE_PTH,multitype
@GENE_TNFSF11,@GENE_TNFRSF11A,multitype
@GENE_TNFSF11,@GENE_TNFRSF11B,multitype
@GENE_TNFSF11,@GENE_NFKB1,multitype
@GENE_TNFSF11,@GENE_MAPK8,multitype
@GENE_TNFSF11,@GENE_MAPK1,multitype
@GENE_TNFSF11,@CHEMICAL_Lipopolysaccharides,multitype
@GENE_TNFSF11,@GENE_MMP9,multitype
@GENE_TNFSF11,@GENE_MAPK14,multitype
@GENE_TNFSF11,@GENE_ACP5,multitype
@GENE_TNFSF11,@GENE_TRAF6,multitype
@GENE_TNFSF11,@GENE_SH3BP2,multitype
@GENE_TNFSF11,@DISEASE_Fractures_Bone,multitype
@GENE_TNFSF11,@GENE_POSTN,multitype
@DISEASE_Melanoma,@CHEMICAL_Nivolumab,multitype
@DISEASE_Melanosis,@CHEMICAL_Tranexamic_Acid,multitype
@DISEASE_Albinism_Oculocutaneous,@GENE_OCA2,multitype
@CHEMICAL_Free_Radicals,@CHEMICAL_Methanol,Negative_Correlation
@DISEASE_Neoplasm_Metastasis,@CHEMICAL_Diphosphonates,Negative_Correlation
@DISEASE_Neoplasm_Metastasis,@GENE_MMP9,multitype
@DISEASE_Neoplasm_Metastasis,@GENE_SHH,multitype
@DISEASE_Neoplasm_Metastasis,@CHEMICAL_epigallocatechin_gallate,multitype
@CHEMICAL_Chitosan,@CHEMICAL_Anthocyanins,multitype
@CHEMICAL_Chitosan,@CHEMICAL_Curcumin,multitype
@CHEMICAL_Chitosan,@CHEMICAL_vanillin,Association
@CHEMICAL_Chitosan,@CHEMICAL_Ciprofloxacin,multitype
@CHEMICAL_Chitosan,@CHEMICAL_rhodamine_B,multitype
@CHEMICAL_Chitosan,@CHEMICAL_Glutaral,multitype
@CHEMICAL_Chitosan,@CHEMICAL_genipin,multitype
@CHEMICAL_Chitosan,@CHEMICAL_Gallic_Acid,multitype
@CHEMICAL_Chitosan,@CHEMICAL_Phenol,multitype
@CHEMICAL_Chitosan,@CHEMICAL_2_naphthol_orange,multitype
@CHEMICAL_Glucose,@CHEMICAL_alpha_Tocopherol,multitype
@CHEMICAL_Glucose,@DISEASE_Insulin_Resistance,multitype
@CHEMICAL_Glucose,@CHEMICAL_Triglycerides,multitype
@CHEMICAL_Glucose,@DISEASE_Diabetes_Mellitus_Type_2,multitype
@CHEMICAL_Glucose,@CHEMICAL_Carbohydrates,multitype
@CHEMICAL_Glucose,@GENE_INS,multitype
@CHEMICAL_Glucose,@DISEASE_Hyperglycemia,multitype
@CHEMICAL_Glucose,@CHEMICAL_ferulic_acid,multitype
@CHEMICAL_Glucose,@CHEMICAL_Metformin,multitype
@CHEMICAL_Glucose,@GENE_HK2,multitype
@CHEMICAL_Glucose,@GENE_CSE,multitype
@CHEMICAL_Glucose,@DISEASE_Non_alcoholic_Fatty_Liver_Disease,multitype
@CHEMICAL_Glucose,@CHEMICAL_vanillin,multitype
@CHEMICAL_Glucose,@CHEMICAL_Resveratrol,multitype
@CHEMICAL_Glucose,@CHEMICAL_isovaleric_acid,multitype
@CHEMICAL_Glucose,@CHEMICAL_Lipopolysaccharides,multitype
@CHEMICAL_Glucose,@GENE_SLC5A2,multitype
@CHEMICAL_Glucose,@DISEASE_Hyperuricemia,multitype
@CHEMICAL_Glucose,@DISEASE_Vitiligo,multitype
@CHEMICAL_Glucose,@GENE_GCG,multitype
@CHEMICAL_Glucose,@CHEMICAL_ursodoxicoltaurine,multitype
@CHEMICAL_Glucose,@CHEMICAL_Glycogen,multitype
@CHEMICAL_Glucose,@CHEMICAL_Sucrose,multitype
@CHEMICAL_Glucose,@CHEMICAL_Sugars,multitype
@CHEMICAL_Glucose,@GENE_SLC2A4,Association
@CHEMICAL_Glucose,@DISEASE_Osteoglophonic_dwarfism,Association
@CHEMICAL_Glucose,@CHEMICAL_Fatty_Acids_Nonesterified,multitype
@CHEMICAL_Glucose,@CHEMICAL_Cholesterol,multitype
@CHEMICAL_Glucose,@CHEMICAL_Taurodeoxycholic_Acid,multitype
@CHEMICAL_Glucose,@GENE_STAT3,multitype
@CHEMICAL_Glucose,@GENE_SLC5A1,multitype
@CHEMICAL_Glucose,@CHEMICAL_Salicylates,multitype
@CHEMICAL_Glucose,@DISEASE_Reperfusion_Injury,multitype
@CHEMICAL_Nitrates,@DISEASE_Liver_Failure,multitype
@CHEMICAL_Nitrates,@CHEMICAL_Ammonia,multitype
@GENE_G6PD,@DISEASE_Glucosephosphate_Dehydrogenase_Deficiency,multitype
@GENE_G6PD,@CHEMICAL_Glucose_6_Phosphate,Association
@CHEMICAL_vanillin,@CHEMICAL_ferulic_acid,multitype
@CHEMICAL_vanillin,@CHEMICAL_Kraft_lignin,multitype
@CHEMICAL_vanillin,@GENE_NFKB1,multitype
@CHEMICAL_vanillin,@DISEASE_Lung_Diseases,multitype
@CHEMICAL_vanillin,@GENE_TLR4,multitype
@CHEMICAL_vanillin,@CHEMICAL_Aldehydes,multitype
@CHEMICAL_vanillin,@CHEMICAL_Palladium,multitype
@CHEMICAL_vanillin,@CHEMICAL_Ozone,multitype
@GENE_IL17A,@GENE_STAT3,multitype
@GENE_IL17A,@DISEASE_Arthritis_Rheumatoid,multitype
@GENE_IL17A,@DISEASE_Psoriasis,multitype
@GENE_IL17A,@CHEMICAL_ixekizumab,Negative_Correlation
@GENE_LCN2,@DISEASE_Kidney_Diseases,multitype
@DISEASE_Kidney_Diseases,@GENE_ALB,multitype
@DISEASE_Kidney_Diseases,@CHEMICAL_Calcium_Oxalate,multitype
@DISEASE_Kidney_Diseases,@CHEMICAL_Allopurinol,multitype
@DISEASE_Kidney_Diseases,@GENE_HAVCR1,multitype
@DISEASE_Kidney_Diseases,@CHEMICAL_Tacrolimus,multitype
@DISEASE_Kidney_Diseases,@CHEMICAL_Cadmium,multitype
@DISEASE_Kidney_Diseases,@CHEMICAL_Hydrogen_Sulfide,multitype
@DISEASE_Kidney_Diseases,@GENE_UOX,Association
@GENE_S100A9,@GENE_TLR4,multitype
@GENE_TLR4,@CHEMICAL_ferulic_acid,multitype
@GENE_TLR4,@CHEMICAL_Lipopolysaccharides,multitype
@CHEMICAL_alpha_Tocopherol,@DISEASE_Infections,multitype
@CHEMICAL_alpha_Tocopherol,@DISEASE_Opisthorchiasis,multitype
@DISEASE_Infections,@CHEMICAL_Thiobarbituric_Acid_Reactive_Substances,multitype
@DISEASE_Infections,@CHEMICAL_Carbapenems,multitype
@DISEASE_Infections,@CHEMICAL_Tigecycline,multitype
@DISEASE_Infections,@CHEMICAL_Vancomycin,multitype
@DISEASE_Infections,@CHEMICAL_Trimethoprim_Sulfamethoxazole_Drug_Combination,multitype
@DISEASE_Infections,@GENE_ACE2,multitype
@DISEASE_Infections,@CHEMICAL_Methylprednisolone,multitype
@DISEASE_Infections,@CHEMICAL_Levofloxacin,multitype
@DISEASE_Infections,@CHEMICAL_Potassium,multitype
@DISEASE_Opisthorchiasis,@GENE_IGHE,multitype
@DISEASE_Opisthorchiasis,@CHEMICAL_Praziquantel,Negative_Correlation
@CHEMICAL_Cadmium,@CHEMICAL_Proline,multitype
@CHEMICAL_Cadmium,@GENE_SOD1,multitype
@CHEMICAL_Cadmium,@GENE_NFE2L2,multitype
@CHEMICAL_Cadmium,@CHEMICAL_Magnesium_Oxide,multitype
@CHEMICAL_Cadmium,@CHEMICAL_methyl_jasmonate,multitype
@CHEMICAL_Cadmium,@CHEMICAL_Sulfur,multitype
@CHEMICAL_Cadmium,@CHEMICAL_Nitrilotriacetic_Acid,multitype
@CHEMICAL_Cadmium,@CHEMICAL_Oxalic_Acid,multitype
@CHEMICAL_Arsenic,@CHEMICAL_Phytic_Acid,multitype
@DISEASE_Developmental_Disabilities,@GENE_DDC,multitype
@GENE_DDC,@CHEMICAL_Serotonin,Association
@GENE_DDC,@DISEASE_Aromatic_amino_acid_decarboxylase_deficiency,multitype
@DISEASE_Schizophrenia,@CHEMICAL_Methylazoxymethanol_Acetate,multitype
@DISEASE_Schizophrenia,@CHEMICAL_Olanzapine,Negative_Correlation
@DISEASE_Albinism,@GENE_TPCN2,multitype
@DISEASE_Albinism,@GENE_OCA2,multitype
@CHEMICAL_Cholesterol,@DISEASE_Atherosclerosis,multitype
@CHEMICAL_Cholesterol,@DISEASE_Diabetes_Mellitus_Type_2,multitype
@CHEMICAL_Cholesterol,@GENE_LIPA,Association
@CHEMICAL_Cholesterol,@CHEMICAL_2_Hydroxypropyl_beta_cyclodextrin,multitype
@CHEMICAL_Cholesterol,@GENE_APOE,multitype
@CHEMICAL_Cholesterol,@DISEASE_Carcinoma_Renal_Cell,multitype
@CHEMICAL_Cholesterol,@GENE_NR1H3,multitype
@DISEASE_Liver_Failure,@GENE_NFE2L2,Association
@DISEASE_Liver_Failure,@CHEMICAL_Acetaminophen,Positive_Correlation
@DISEASE_Liver_Failure,@CHEMICAL_Silymarin,multitype
@DISEASE_Liver_Failure,@CHEMICAL_Chlorogenic_Acid,multitype
@DISEASE_Chemical_and_Drug_Induced_Liver_Injury,@CHEMICAL_Acetaminophen,multitype
@DISEASE_Chemical_and_Drug_Induced_Liver_Injury,@CHEMICAL_Carbon_Tetrachloride,Positive_Correlation
@DISEASE_Chemical_and_Drug_Induced_Liver_Injury,@GENE_ALB,multitype
@DISEASE_Chemical_and_Drug_Induced_Liver_Injury,@CHEMICAL_Cyclosporine,multitype
@GENE_STAT3,@GENE_SOCS3,multitype
@GENE_STAT3,@CHEMICAL_Lipopolysaccharides,multitype
@GENE_STAT3,@DISEASE_Osteoarthritis_Knee,multitype
@CHEMICAL_Lipopolysaccharides,@DISEASE_Colorectal_Neoplasms,multitype
@CHEMICAL_Lipopolysaccharides,@CHEMICAL_Glutamine,multitype
@CHEMICAL_Lipopolysaccharides,@DISEASE_Mitochondrial_Diseases,multitype
@CHEMICAL_Lipopolysaccharides,@DISEASE_Sepsis,multitype
@CHEMICAL_Lipopolysaccharides,@GENE_SOD1,multitype
@CHEMICAL_Lipopolysaccharides,@GENE_IL10,multitype
@CHEMICAL_Lipopolysaccharides,@GENE_PPARA,multitype
@CHEMICAL_Lipopolysaccharides,@GENE_MMP9,multitype
@CHEMICAL_Lipopolysaccharides,@GENE_AHR,multitype
@CHEMICAL_Lipopolysaccharides,@GENE_NFKB1,multitype
@CHEMICAL_Lipopolysaccharides,@GENE_NOS2,multitype
@CHEMICAL_Lipopolysaccharides,@DISEASE_Neuroinflammatory_Diseases,multitype
@CHEMICAL_Lipopolysaccharides,@CHEMICAL_Nobelium,multitype
@CHEMICAL_Lipopolysaccharides,@DISEASE_Pneumonia,multitype
@CHEMICAL_Lipopolysaccharides,@DISEASE_Acute_Lung_Injury,Positive_Correlation
@CHEMICAL_Lipopolysaccharides,@GENE_BECN1,multitype
@CHEMICAL_Lipopolysaccharides,@GENE_NFE2L2,multitype
@CHEMICAL_Lipopolysaccharides,@DISEASE_Asthma,multitype
@CHEMICAL_Lipopolysaccharides,@GENE_NLRP3,multitype
@CHEMICAL_Lipopolysaccharides,@GENE_MAPK8,multitype
@CHEMICAL_Lipopolysaccharides,@CHEMICAL_p_coumaric_acid,multitype
@CHEMICAL_Lipopolysaccharides,@GENE_CASP1,multitype
@GENE_NFKB1,@GENE_NFKBIA,multitype
@GENE_NFKB1,@GENE_NLRP3,Association
@GENE_NFKB1,@CHEMICAL_ferulic_acid,multitype
@GENE_NFKB1,@DISEASE_Neuroinflammatory_Diseases,multitype
@GENE_NFKB1,@GENE_MYD88,multitype
@GENE_NFKB1,@DISEASE_Asthma,multitype
@GENE_NFKB1,@GENE_CASP1,multitype
@CHEMICAL_Nivolumab,@DISEASE_Carcinoma_Renal_Cell,Negative_Correlation
@DISEASE_MASS_syndrome,@GENE_LRP6,multitype
@DISEASE_MASS_syndrome,@GENE_LRP5,multitype
@GENE_LRP5,@DISEASE_Bone_Diseases,multitype
@GENE_LRP5,@DISEASE_Osteoporosis,multitype
@GENE_LRP5,@DISEASE_Bone_Diseases_Metabolic,multitype
@GENE_LRP5,@GENE_SOSTDC1,multitype
@CHEMICAL_Chlorine,@CHEMICAL_Sodium_Chloride,multitype
@CHEMICAL_Phytic_Acid,@DISEASE_Malnutrition,multitype
@CHEMICAL_Phytic_Acid,@CHEMICAL_Magnesium,multitype
@CHEMICAL_Phytic_Acid,@DISEASE_Silicosiderosis,multitype
@CHEMICAL_Phytic_Acid,@CHEMICAL_Sugars,multitype
@CHEMICAL_Phytic_Acid,@CHEMICAL_Phosphates,multitype
@CHEMICAL_Phytic_Acid,@CHEMICAL_chromium_hexavalent_ion,multitype
@CHEMICAL_Cholecalciferol,@GENE_PTH,multitype
@CHEMICAL_Phosphates,@DISEASE_Bone_Diseases,multitype
@CHEMICAL_Phosphates,@GENE_PTH,multitype
@CHEMICAL_Phosphates,@GENE_DMP1,multitype
@CHEMICAL_Abscisic_Acid,@CHEMICAL_Gibberellins,multitype
@CHEMICAL_Abscisic_Acid,@CHEMICAL_Gallium,multitype
@CHEMICAL_Abscisic_Acid,@CHEMICAL_indoleacetic_acid,multitype
@CHEMICAL_Abscisic_Acid,@DISEASE_Worster_Drought_syndrome,multitype
@GENE_CASR,@DISEASE_Hypercalcemia,multitype
@GENE_CASR,@DISEASE_Hyperparathyroidism_Neonatal_Severe_Primary,multitype
@GENE_CASR,@DISEASE_Hypocalciuric_hypercalcemia_familial_type_1,multitype
@GENE_CASR,@DISEASE_Hyperparathyroidism_Primary,multitype
@GENE_CASR,@DISEASE_Hyperparathyroidism,multitype
@CHEMICAL_Teriparatide,@DISEASE_Hypercalcemia,multitype
@CHEMICAL_Teriparatide,@DISEASE_Osteoporotic_Fractures,multitype
@CHEMICAL_Teriparatide,@DISEASE_Osteoporosis,multitype
@CHEMICAL_Teriparatide,@GENE_CYP27A1,multitype
@CHEMICAL_Teriparatide,@DISEASE_Fractures_Bone,multitype
@CHEMICAL_Teriparatide,@DISEASE_Bone_Diseases_Metabolic,multitype
@CHEMICAL_Teriparatide,@DISEASE_Hip_Fractures,multitype
@CHEMICAL_Teriparatide,@DISEASE_Hypocalcemia,multitype
@CHEMICAL_Teriparatide,@DISEASE_Spondylocostal_dysostosis_autosomal_recessive,multitype
@CHEMICAL_Teriparatide,@GENE_PTH1R,multitype
@DISEASE_Osteoporosis,@CHEMICAL_Vitamin_D,Negative_Correlation
@DISEASE_Osteoporosis,@CHEMICAL_Alendronate,multitype
@DISEASE_Osteoporosis,@CHEMICAL_Diphosphonates,Negative_Correlation
@DISEASE_Osteoporosis,@GENE_PLS3,multitype
@DISEASE_Osteoporosis,@GENE_WNT1,multitype
@DISEASE_Osteoporosis,@CHEMICAL_romosozumab,Negative_Correlation
@DISEASE_Osteoporosis,@CHEMICAL_Risedronic_Acid,Negative_Correlation
@DISEASE_Osteoporosis,@CHEMICAL_Raloxifene_Hydrochloride,Negative_Correlation
@DISEASE_Osteoporosis,@GENE_TNFRSF11B,multitype
@GENE_PTH,@GENE_BGLAP,multitype
@GENE_PTH,@DISEASE_Hypercalcemia,multitype
@GENE_PTH,@CHEMICAL_Vitamin_D,multitype
@GENE_PTH,@DISEASE_Bone_Diseases,multitype
@GENE_PTH,@GENE_TNFRSF11B,multitype
@GENE_PTH,@GENE_RUNX2,multitype
@GENE_PTH,@GENE_PTH1R,multitype
@GENE_PTH,@DISEASE_Hyperparathyroidism_Secondary,multitype
@GENE_PTH,@GENE_FGF23,multitype
@GENE_PTH,@DISEASE_Hyperphosphatemia,multitype
@GENE_PTH,@GENE_DMP1,multitype
@GENE_PTH,@DISEASE_Pseudohypoparathyroidism,multitype
@DISEASE_Kidney_Calculi,@CHEMICAL_Oxalic_Acid,multitype
@DISEASE_Kidney_Calculi,@GENE_UMOD,multitype
@DISEASE_Familial_Hypophosphatemic_Rickets,@GENE_PHEX,multitype
@DISEASE_Carcinoma_Non_Small_Cell_Lung,@CHEMICAL_Afatinib,multitype
@DISEASE_Carcinoma_Non_Small_Cell_Lung,@CHEMICAL_Pemetrexed,Negative_Correlation
@DISEASE_Colorectal_Neoplasms,@GENE_MUC5AC,Association
@DISEASE_Colorectal_Neoplasms,@CHEMICAL_Fatty_Acids_Unsaturated,multitype
@DISEASE_Colorectal_Neoplasms,@CHEMICAL_3_methylquercetin,multitype
@DISEASE_Colorectal_Neoplasms,@CHEMICAL_Carbohydrates,multitype
@DISEASE_Colorectal_Neoplasms,@CHEMICAL_Myristic_Acid,multitype
@GENE_IL2,@GENE_IL2RA,multitype
@GENE_ALB,@DISEASE_Venous_Thrombosis,multitype
@GENE_ALB,@DISEASE_Alzheimer_Disease,multitype
@GENE_ALB,@DISEASE_Diabetic_Retinopathy,multitype
@DISEASE_Glioma,@GENE_IDH1,Association
@DISEASE_Glioma,@GENE_MGMT,Association
@GENE_IDH1,@CHEMICAL_Ketoglutaric_Acids,multitype
@GENE_IDH1,@DISEASE_Cholangiocarcinoma,multitype
@GENE_IDH1,@DISEASE_Glioblastoma,Association
@GENE_IDH1,@CHEMICAL_vorasidenib,multitype
@GENE_AT1G12050,@CHEMICAL_fumarylacetoacetate,Association
@GENE_AT1G12050,@CHEMICAL_acetoacetic_acid,Association
@CHEMICAL_Superoxides,@CHEMICAL_rhodamine_B,multitype
@CHEMICAL_Superoxides,@CHEMICAL_Tetracycline,multitype
@CHEMICAL_Superoxides,@GENE_SOD2,multitype
@CHEMICAL_rhodamine_B,@CHEMICAL_Silver,multitype
@CHEMICAL_rhodamine_B,@CHEMICAL_bismuth_oxychloride,multitype
@CHEMICAL_rhodamine_B,@CHEMICAL_titanium_dioxide,multitype
@CHEMICAL_rhodamine_B,@CHEMICAL_molybdenum_disulfide,multitype
@CHEMICAL_rhodamine_B,@CHEMICAL_Silicon_Dioxide,multitype
@CHEMICAL_rhodamine_B,@CHEMICAL_bismuth_vanadium_tetraoxide,multitype
@CHEMICAL_rhodamine_B,@CHEMICAL_Titanium,multitype
@CHEMICAL_rhodamine_B,@CHEMICAL_graphitic_carbon_nitride,multitype
@CHEMICAL_rhodamine_B,@CHEMICAL_peroxymonosulfate,multitype
@CHEMICAL_rhodamine_B,@CHEMICAL_polydopamine,multitype
@CHEMICAL_Tetracycline,@CHEMICAL_peroxymonosulfate,multitype
@CHEMICAL_Tetracycline,@CHEMICAL_graphitic_carbon_nitride,multitype
@GENE_SOD2,@GENE_SIRT3,multitype
@CHEMICAL_Fatty_Acids_Unsaturated,@DISEASE_Non_alcoholic_Fatty_Liver_Disease,multitype
@CHEMICAL_3_methylquercetin,@GENE_CASP3,multitype
@CHEMICAL_3_methylquercetin,@GENE_SRC,multitype
@CHEMICAL_Carbohydrates,@DISEASE_Fatty_Liver,multitype
@CHEMICAL_Carbohydrates,@CHEMICAL_Potassium,multitype
@CHEMICAL_Dextran_Sulfate,@DISEASE_Colitis,Positive_Correlation
@CHEMICAL_Diphosphonates,@DISEASE_Fragile_X_Syndrome,multitype
@CHEMICAL_Diphosphonates,@DISEASE_Fractures_Bone,multitype
@CHEMICAL_Diphosphonates,@DISEASE_Bisphosphonate_Associated_Osteonecrosis_of_the_Jaw,multitype
@CHEMICAL_Diphosphonates,@DISEASE_Osteonecrosis,multitype
@CHEMICAL_Diphosphonates,@DISEASE_Bone_Diseases_Metabolic,multitype
@CHEMICAL_Diphosphonates,@DISEASE_Femoral_Fractures,multitype
@GENE_SHH,@GENE_ARL13B,multitype
@GENE_SHH,@GENE_PTCH1,multitype
@GENE_SHH,@CHEMICAL_Resveratrol,multitype
@CHEMICAL_epigallocatechin_gallate,@GENE_PIK3R1,multitype
@CHEMICAL_epigallocatechin_gallate,@DISEASE_Dysautonomia_Familial,multitype
@CHEMICAL_epigallocatechin_gallate,@CHEMICAL_1_1_diphenyl_2_picrylhydrazyl,multitype
@DISEASE_Alzheimer_Disease,@GENE_APOE,multitype
@DISEASE_Alzheimer_Disease,@GENE_BACE1,multitype
@DISEASE_Alzheimer_Disease,@CHEMICAL_ferulic_acid,multitype
@DISEASE_Alzheimer_Disease,@GENE_BDNF,multitype
@GENE_AHR,@CHEMICAL_6_formylindolo(3_2_b)carbazole,multitype
@GENE_AHR,@CHEMICAL_Dioxins,multitype
@GENE_AHR,@CHEMICAL_Resveratrol,multitype
@GENE_AHR,@GENE_CYP1A1,multitype
@GENE_AHR,@GENE_CYP1B1,multitype
@GENE_AHR,@DISEASE_Skin_Diseases,Association
@GENE_AHR,@GENE_TIPARP,multitype
@GENE_AHR,@GENE_CYP1A2,multitype
@GENE_AHR,@CHEMICAL_indole_3_carbaldehyde,multitype
@GENE_GLUL,@CHEMICAL_Glutamine,multitype
@GENE_METTL3,@GENE_YTHDC1,multitype
@CHEMICAL_Resveratrol,@DISEASE_Insulin_Resistance,multitype
@CHEMICAL_Resveratrol,@GENE_CASP3,multitype
@CHEMICAL_Resveratrol,@GENE_IRS1,multitype
@CHEMICAL_Malondialdehyde,@DISEASE_Worster_Drought_syndrome,Positive_Correlation
@CHEMICAL_Malondialdehyde,@CHEMICAL_Thiobarbituric_Acid_Reactive_Substances,multitype
@CHEMICAL_Malondialdehyde,@CHEMICAL_coenzyme_Q10,multitype
@CHEMICAL_Malondialdehyde,@CHEMICAL_Indomethacin,multitype
@DISEASE_Insulin_Resistance,@GENE_INS,multitype
@DISEASE_Insulin_Resistance,@CHEMICAL_Triglycerides,multitype
@GENE_INS,@DISEASE_Diabetes_Mellitus_Type_2,multitype
@GENE_INS,@DISEASE_Diabetes_Mellitus_Type_1,multitype
@GENE_INS,@CHEMICAL_Blood_Glucose,multitype
@GENE_INS,@CHEMICAL_Metformin,multitype
@GENE_INS,@CHEMICAL_Hydrocortisone,multitype
@CHEMICAL_Triglycerides,@DISEASE_Diabetic_Nephropathies,multitype
@CHEMICAL_Triglycerides,@DISEASE_Polycystic_Ovary_Syndrome,multitype
@CHEMICAL_Triglycerides,@CHEMICAL_Fatty_Acids_Omega_3,multitype
@CHEMICAL_Triglycerides,@GENE_LIPA,Association
@CHEMICAL_Triglycerides,@CHEMICAL_Vitamin_A,multitype
@CHEMICAL_Triglycerides,@CHEMICAL_Curcumin,multitype
@CHEMICAL_Alanine,@DISEASE_Non_alcoholic_Fatty_Liver_Disease,multitype
@CHEMICAL_Alanine,@GENE_GPX1,multitype
@CHEMICAL_Leucine,@CHEMICAL_Isoleucine,multitype
@CHEMICAL_Leucine,@CHEMICAL_Valine,multitype
@CHEMICAL_Valine,@CHEMICAL_Amino_Acids_Branched_Chain,multitype
@CHEMICAL_Proline,@CHEMICAL_alpha_Linolenic_Acid,multitype
@CHEMICAL_Proline,@DISEASE_Worster_Drought_syndrome,multitype
@CHEMICAL_Proline,@DISEASE_Autism_Spectrum_Disorder,multitype
@DISEASE_Mitochondrial_Diseases,@CHEMICAL_coenzyme_Q10,multitype
@DISEASE_Mitochondrial_Diseases,@GENE_TRNG,multitype
@DISEASE_Mitochondrial_Diseases,@CHEMICAL_purine,multitype
@DISEASE_Liver_Cirrhosis,@CHEMICAL_Carbon_Tetrachloride,Positive_Correlation
@DISEASE_Diabetic_Nephropathies,@CHEMICAL_Streptozocin,Positive_Correlation
@GENE_HMOX1,@CHEMICAL_ferulic_acid,multitype
@GENE_HMOX1,@GENE_KEAP1,multitype
@GENE_HMOX1,@GENE_NFE2L2,Association
@GENE_HMOX1,@DISEASE_Reperfusion_Injury,multitype
@GENE_HMOX1,@CHEMICAL_Acetaminophen,multitype
@DISEASE_Diabetes_Mellitus_Type_2,@GENE_BGLAP,multitype
@DISEASE_Diabetes_Mellitus_Type_2,@GENE_GCG,multitype
@DISEASE_Diabetes_Mellitus_Type_2,@GENE_SLC5A2,multitype
@DISEASE_Diabetes_Mellitus_Type_2,@CHEMICAL_Fatty_Acids_Volatile,multitype
@DISEASE_Diabetes_Mellitus_Type_2,@CHEMICAL_Blood_Glucose,multitype
@DISEASE_Diabetes_Mellitus_Type_2,@CHEMICAL_Vitamin_D,multitype
@GENE_PPARGC1A,@CHEMICAL_empagliflozin,multitype
@GENE_PPARGC1A,@GENE_TFAM,multitype
@DISEASE_Parkinson_Disease,@CHEMICAL_Levodopa,multitype
@DISEASE_Parkinson_Disease,@GENE_SNCA,multitype
@DISEASE_Parkinson_Disease,@CHEMICAL_Oxidopamine,multitype
@DISEASE_Parkinson_Disease,@CHEMICAL_Rotenone,multitype
@DISEASE_Parkinson_Disease,@GENE_LRRK2,Association
@DISEASE_Parkinson_Disease,@GENE_GBA,multitype
@DISEASE_Parkinson_Disease,@CHEMICAL_1_Methyl_4_phenyl_1_2_3_6_tetrahydropyridine,multitype
@DISEASE_Parkinson_Disease,@GENE_LGMN,Association
@DISEASE_Parkinson_Disease,@CHEMICAL_Potassium,multitype
@DISEASE_Parkinson_Disease,@GENE_GCH1,multitype
@DISEASE_Parkinson_Disease,@CHEMICAL_1_Methyl_4_phenylpyridinium,multitype
@DISEASE_Heart_Failure,@CHEMICAL_sacubitril,multitype
@DISEASE_Heart_Failure,@CHEMICAL_dapagliflozin,Negative_Correlation
@GENE_GPX4,@GENE_NFE2L2,multitype
@DISEASE_Cholestasis,@CHEMICAL_Ursodeoxycholic_Acid,multitype
@CHEMICAL_Amino_Acids_Branched_Chain,@DISEASE_Maple_Syrup_Urine_Disease,multitype
@CHEMICAL_hydroquinone,@DISEASE_Hyperpigmentation,multitype
@CHEMICAL_hydroquinone,@DISEASE_Skin_Diseases,multitype
@GENE_NFE2L2,@CHEMICAL_caffeic_acid,multitype
@GENE_NFE2L2,@GENE_SOD1,multitype
@GENE_NFE2L2,@CHEMICAL_ferulic_acid,multitype
@GENE_NFE2L2,@DISEASE_Cholangiocarcinoma,Association
@GENE_NFE2L2,@GENE_KEAP1,multitype
@GENE_NFE2L2,@GENE_MAPK8,multitype
@GENE_NFE2L2,@CHEMICAL_naringenin,multitype
@GENE_NFE2L2,@GENE_GCLM,multitype
@GENE_NFE2L2,@GENE_GCLC,multitype
@GENE_NFE2L2,@CHEMICAL_Acetaminophen,multitype
@GENE_NFE2L2,@GENE_NUP62,multitype
@GENE_NFE2L2,@CHEMICAL_Curcumin,multitype
@GENE_NFE2L2,@GENE_SLC7A11,multitype
@GENE_NFE2L2,@GENE_NLRP3,multitype
@GENE_NFE2L2,@DISEASE_Reperfusion_Injury,multitype
@GENE_NFE2L2,@CHEMICAL_erastin,multitype
@GENE_NFE2L2,@CHEMICAL_3_4_dihydroxyphenylethanol,multitype
@GENE_NFE2L2,@CHEMICAL_Silicon_Dioxide,multitype
@GENE_NFE2L2,@CHEMICAL_Hesperidin,multitype
@GENE_NFE2L2,@GENE_PRKAA2,multitype
@CHEMICAL_Acetaminophen,@GENE_CASP3,multitype
@CHEMICAL_Acetaminophen,@CHEMICAL_3_4_Methylenedioxyamphetamine,Positive_Correlation
@CHEMICAL_Acetaminophen,@GENE_CYP2E1,multitype
@CHEMICAL_Acetaminophen,@CHEMICAL_Dexamethasone,multitype
@CHEMICAL_Acetaminophen,@DISEASE_Pain_Postoperative,multitype
@CHEMICAL_Acetaminophen,@DISEASE_Liver_Failure_Acute,multitype
@CHEMICAL_Acetaminophen,@DISEASE_Acute_Disease,multitype
@CHEMICAL_Acetaminophen,@DISEASE_Ductus_Arteriosus_Patent,multitype
@CHEMICAL_Acetaminophen,@DISEASE_Neuroinflammatory_Diseases,multitype
@CHEMICAL_Acetaminophen,@CHEMICAL_Fomepizole,multitype
@CHEMICAL_Acetaminophen,@CHEMICAL_titanium_dioxide,multitype
@CHEMICAL_Acetaminophen,@GENE_SLC17A5,multitype
@CHEMICAL_Acetaminophen,@DISEASE_Migraine_Disorders,Negative_Correlation
@CHEMICAL_Acetaminophen,@CHEMICAL_Fentanyl,multitype
@CHEMICAL_Chlorogenic_Acid,@GENE_ACHE,multitype
@CHEMICAL_Steroids,@GENE_POMC,multitype
@CHEMICAL_Steroids,@DISEASE_Non_alcoholic_Fatty_Liver_Disease,multitype
@CHEMICAL_Steroids,@CHEMICAL_Metformin,multitype
@GENE_POMC,@GENE_MRAP,multitype
@GENE_POMC,@GENE_MC2R,multitype
@GENE_POMC,@GENE_MRAP2,multitype
@DISEASE_Non_alcoholic_Fatty_Liver_Disease,@GENE_CASP3,multitype
@CHEMICAL_Metformin,@DISEASE_Bone_Diseases,multitype
@CHEMICAL_Metformin,@DISEASE_Polycystic_Ovary_Syndrome,multitype
@CHEMICAL_Metformin,@GENE_PRKAA2,multitype
@CHEMICAL_Streptozocin,@DISEASE_Diabetes_Mellitus_Type_1,multitype
@CHEMICAL_Blood_Glucose,@GENE_GCG,multitype
@CHEMICAL_Hydrocortisone,@DISEASE_Mental_Disorders,multitype
@CHEMICAL_Hydrocortisone,@GENE_HSD11B1,multitype
@CHEMICAL_Hydrocortisone,@DISEASE_Cushing_Syndrome,multitype
@CHEMICAL_Hydrocortisone,@DISEASE_Shock_Septic,multitype
@CHEMICAL_Hydrocortisone,@GENE_RNU1_1,multitype
@CHEMICAL_Hydrocortisone,@CHEMICAL_Androstenedione,multitype
@CHEMICAL_Hydrocortisone,@DISEASE_Diabetes_Gestational,multitype
@CHEMICAL_Hydrocortisone,@DISEASE_Hyperaldosteronism,multitype
@GENE_LOX,@CHEMICAL_Hydroxylysine,multitype
@GENE_LOX,@GENE_ELN,Association
@GENE_ALPP,@CHEMICAL_ascorbate_2_phosphate,Association
@CHEMICAL_Silver,@CHEMICAL_Polyvinyl_Alcohol,multitype
@CHEMICAL_Thiobarbituric_Acid_Reactive_Substances,@CHEMICAL_Triiodothyronine,multitype
@CHEMICAL_Thiobarbituric_Acid_Reactive_Substances,@CHEMICAL_Fish_Oils,multitype
@CHEMICAL_Thiobarbituric_Acid_Reactive_Substances,@CHEMICAL_Fatty_Acids_Omega_3,multitype
@CHEMICAL_Thiobarbituric_Acid_Reactive_Substances,@CHEMICAL_naringenin,multitype
@CHEMICAL_Thiobarbituric_Acid_Reactive_Substances,@CHEMICAL_Carbon_Tetrachloride,Positive_Correlation
@CHEMICAL_Sugars,@CHEMICAL_Anthocyanins,multitype
@CHEMICAL_Sugars,@CHEMICAL_Sodium_Chloride,multitype
@CHEMICAL_Hydrogen_Sulfide,@GENE_CBS,multitype
@CHEMICAL_Hydrogen_Sulfide,@GENE_CTH,multitype
@GENE_DFNA34,@CHEMICAL_baicalin,multitype
@GENE_SIRT3,@GENE_FOXO3,multitype
@GENE_SOD1,@DISEASE_Amyotrophic_Lateral_Sclerosis,multitype
@GENE_ACHE,@CHEMICAL_Gallic_Acid,multitype
@DISEASE_Sepsis,@CHEMICAL_Heparin,multitype
@DISEASE_Cholangiocarcinoma,@GENE_IDH2,multitype
@DISEASE_Hyperoxaluria,@CHEMICAL_Calcium_Oxalate,multitype
@DISEASE_Hyperoxaluria_Primary,@GENE_HOGA1,multitype
@CHEMICAL_Calcium_Oxalate,@DISEASE_Diarrhea_5_With_Tufting_Enteropathy_Congenital,multitype
@CHEMICAL_Calcium_Oxalate,@DISEASE_Urolithiasis,multitype
@DISEASE_Reperfusion_Injury,@GENE_TUG1,multitype
@GENE_CASP3,@CHEMICAL_Curcumin,multitype
@GENE_CASP3,@CHEMICAL_Hesperidin,multitype
@GENE_CASP3,@CHEMICAL_ferulic_acid,multitype
@CHEMICAL_ferulic_acid,@CHEMICAL_Palmitic_Acid,multitype
@CHEMICAL_ferulic_acid,@CHEMICAL_p_coumaric_acid,multitype
@CHEMICAL_ferulic_acid,@CHEMICAL_Curcumin,multitype
@CHEMICAL_ferulic_acid,@CHEMICAL_Vanillic_Acid,multitype
@DISEASE_Inflammatory_Bowel_Diseases,@CHEMICAL_secukinumab,multitype
@CHEMICAL_Sodium_Chloride,@CHEMICAL_Carotenoids,multitype
@CHEMICAL_Sodium_Chloride,@CHEMICAL_Starch,multitype
@DISEASE_Arthritis_Rheumatoid,@GENE_TNFRSF11B,multitype
@DISEASE_Arthritis_Rheumatoid,@CHEMICAL_Dexamethasone,Negative_Correlation
@DISEASE_Arthritis_Rheumatoid,@CHEMICAL_tofacitinib,multitype
@DISEASE_Arthritis_Rheumatoid,@CHEMICAL_cyclic_citrullinated_peptide,multitype
@CHEMICAL_Methanol,@CHEMICAL_Catechin,multitype
@CHEMICAL_Methanol,@CHEMICAL_Alkaloids,multitype
@CHEMICAL_kaempferol,@GENE_PPARG,multitype
@CHEMICAL_kaempferol,@CHEMICAL_p_coumaric_acid,multitype
@DISEASE_Neurotoxicity_Syndromes,@CHEMICAL_N_Methylaspartate,multitype
@DISEASE_Neurotoxicity_Syndromes,@CHEMICAL_Serotonin,multitype
@CHEMICAL_Curcumin,@GENE_PPARG,multitype
@CHEMICAL_Arachidonic_Acid,@GENE_COX2,multitype
@CHEMICAL_Polysaccharides,@CHEMICAL_Fatty_Acids_Volatile,multitype
@DISEASE_Acute_Kidney_Injury,@CHEMICAL_Furosemide,multitype
@DISEASE_Cardiomyopathies,@GENE_TTR,multitype
@DISEASE_Cardiomyopathies,@GENE_CRYAB,multitype
@DISEASE_Hyperuricemia,@GENE_UOX,multitype
@DISEASE_Hyperuricemia,@GENE_SLC2A9,multitype
@DISEASE_Neuroinflammatory_Diseases,@GENE_NLRP3,multitype
@CHEMICAL_fumarylacetoacetate,@GENE_GSTZ1,Association
@GENE_TTR,@DISEASE_Adenomatous_Polyposis_Coli,multitype
@GENE_TTR,@DISEASE_Amyloidosis,multitype
@GENE_TTR,@CHEMICAL_tafamidis,multitype
@GENE_TTR,@DISEASE_Amyloidosis_Hereditary_Transthyretin_Related,multitype
@GENE_TTR,@DISEASE_Nervous_System_Diseases,multitype
@GENE_TTR,@DISEASE_Amyloid_Neuropathies_Familial,multitype
@GENE_TTR,@DISEASE_Autonomic_Nervous_System_Diseases,multitype
@GENE_TTR,@DISEASE_Poikiloderma_with_Neutropenia,multitype
@GENE_TTR,@DISEASE_Polyneuropathies,multitype
@CHEMICAL_Homocysteine,@GENE_MTHFR,Association
@CHEMICAL_Homocysteine,@CHEMICAL_Vitamin_B_12,multitype
@CHEMICAL_Homocysteine,@DISEASE_Hyperhomocysteinemia,multitype
@CHEMICAL_Adenosine,@GENE_NT5E,Association
@CHEMICAL_Adenosine,@GENE_ADORA2A,multitype
@GENE_NLRP3,@GENE_NEK7,multitype
@GENE_NLRP3,@GENE_IL18,multitype
@GENE_ADIPOQ,@GENE_ADIPOR1,multitype
@GENE_CCL2,@GENE_CCR2,multitype
@CHEMICAL_Bleomycin,@DISEASE_Lung_Diseases,multitype
@CHEMICAL_Bleomycin,@DISEASE_Pulmonary_Fibrosis,Positive_Correlation
@CHEMICAL_Bleomycin,@DISEASE_Lung_Injury,Positive_Correlation
@CHEMICAL_Bleomycin,@DISEASE_Idiopathic_Pulmonary_Fibrosis,multitype
@CHEMICAL_Leukotriene_B4,@GENE_CYP4F3,multitype
@CHEMICAL_Volatile_Organic_Compounds,@CHEMICAL_Ozone,multitype
@CHEMICAL_Cyclophosphamide,@DISEASE_Lung_Diseases_Interstitial,Negative_Correlation
@CHEMICAL_Cyclophosphamide,@DISEASE_Anemia_Aplastic,Negative_Correlation
@CHEMICAL_Cyclophosphamide,@DISEASE_Graft_vs_Host_Disease,Negative_Correlation
@CHEMICAL_Heparin,@DISEASE_Thrombosis,multitype
@CHEMICAL_Heparin,@DISEASE_Blood_Coagulation_Disorders,multitype
@CHEMICAL_Heparin,@DISEASE_Heparin_Cofactor_II_Deficiency,multitype
@CHEMICAL_Heparin,@GENE_F2,multitype
@CHEMICAL_Succinic_Acid,@CHEMICAL_Trichloroacetic_Acid,multitype
@CHEMICAL_Tretinoin,@GENE_RARA,multitype
@CHEMICAL_Tretinoin,@GENE_PTCH1,multitype
@CHEMICAL_Carnitine,@DISEASE_Propionic_Acidemia,multitype
@CHEMICAL_Fatty_Acids_Volatile,@CHEMICAL_Starch,multitype
@CHEMICAL_Infliximab,@DISEASE_Crohn_Disease,Negative_Correlation
@CHEMICAL_caffeic_acid,@GENE_MAPK14,multitype
@GENE_CFTR,@DISEASE_Cystic_Fibrosis,multitype
@GENE_CFTR,@DISEASE_Congenital_bilateral_aplasia_of_vas_deferens,Association
@CHEMICAL_Dioxins,@DISEASE_Endocrine_System_Diseases,multitype
@CHEMICAL_Praziquantel,@DISEASE_Myalgia,multitype
@CHEMICAL_Poly_I_C,@GENE_TLR3,Positive_Correlation
@CHEMICAL_Fatty_Acids_Nonesterified,@GENE_CPT1A,multitype
@CHEMICAL_Titanium,@DISEASE_Bone_Diseases,multitype
@CHEMICAL_Titanium,@GENE_RUNX2,multitype
@CHEMICAL_Ramipril,@GENE_ACE,multitype
@CHEMICAL_Ramipril,@GENE_ACE2,multitype
@DISEASE_Hypothyroidism,@CHEMICAL_Thyroxine,multitype
@CHEMICAL_Catecholamines,@DISEASE_Neuroblastoma,multitype
@GENE_CSE,@DISEASE_Glut1_Deficiency_Syndrome,multitype
@CHEMICAL_isovaleric_acid,@DISEASE_Acidemia_isovaleric,multitype
@CHEMICAL_isovaleric_acid,@DISEASE_Olfaction_Disorders,multitype
@DISEASE_Vitiligo,@CHEMICAL_monobenzone,multitype
@DISEASE_Vitiligo,@GENE_PTPN22,multitype
@DISEASE_Vitiligo,@GENE_MIF,multitype
@CHEMICAL_Sucrose,@CHEMICAL_Sulfur,multitype
@CHEMICAL_Sucrose,@DISEASE_Anhedonia,multitype
@CHEMICAL_Glutamine,@DISEASE_Brain_Injuries_Traumatic,multitype
@CHEMICAL_Glutamine,@DISEASE_Carcinoma_Pancreatic_Ductal,multitype
@CHEMICAL_Glutamine,@CHEMICAL_Ammonia,multitype
@CHEMICAL_Ammonia,@DISEASE_Urea_Cycle_Disorders_Inborn,multitype
@CHEMICAL_Ammonia,@CHEMICAL_Silicon_Dioxide,multitype
@CHEMICAL_Ammonia,@DISEASE_Hyperammonemia,multitype
@CHEMICAL_glyphosate,@CHEMICAL_shikimate,multitype
@CHEMICAL_Adalimumab,@DISEASE_Spondylitis_Ankylosing,Negative_Correlation
@CHEMICAL_naringenin,@GENE_GSR,multitype
@GENE_MAPK1,@GENE_MAPK14,multitype
@GENE_MAPK1,@GENE_SRC,multitype
@DISEASE_Bone_Diseases,@CHEMICAL_calcium_phosphate,multitype
@DISEASE_Bone_Diseases,@GENE_CYP27A1,multitype
@DISEASE_Bone_Diseases,@CHEMICAL_Dexamethasone,multitype
@DISEASE_Bone_Diseases,@GENE_LRP4,Association
@DISEASE_Spondylitis_Ankylosing,@GENE_ERAP1,Association
@DISEASE_Pulmonary_Fibrosis,@CHEMICAL_Silicon_Dioxide,multitype
@DISEASE_Pulmonary_Fibrosis,@CHEMICAL_nintedanib,multitype
@DISEASE_Carcinoma_Renal_Cell,@CHEMICAL_cabozantinib,Negative_Correlation
@DISEASE_Carcinoma_Renal_Cell,@GENE_FH,multitype
@DISEASE_Carcinoma_Renal_Cell,@GENE_BAP1,Association
@GENE_MAPK14,@CHEMICAL_astragaloside_A,multitype
@DISEASE_Cherubism,@GENE_SH3BP2,multitype
@CHEMICAL_Cyclosporine,@DISEASE_Anemia_Aplastic,Negative_Correlation
@CHEMICAL_Hydroxychloroquine,@DISEASE_Exanthema,multitype
@GENE_SH3BP2,@GENE_MITF,multitype
@GENE_SH3BP2,@GENE_VAV1,multitype
@GENE_SH3BP2,@GENE_PLCG2,multitype
@GENE_SH3BP2,@GENE_SYK,multitype
@GENE_SH3BP2,@GENE_NFATC1,multitype
@GENE_SH3BP2,@GENE_ABL1,multitype
@CHEMICAL_Alendronate,@DISEASE_Osteoporotic_Fractures,Negative_Correlation
@GENE_CASP1,@GENE_GSDMD,multitype
@DISEASE_Dyslipidemias,@GENE_LIPA,multitype
@GENE_LIPA,@DISEASE_Lysosomal_acid_lipase_deficiency,multitype
@GENE_LIPA,@DISEASE_Fatty_Liver,multitype
@GENE_LIPA,@DISEASE_Wolman_Disease,multitype
@GENE_LIPA,@CHEMICAL_Cholesterol_Esters,multitype
@GENE_LIPA,@DISEASE_Cholesterol_Ester_Storage_Disease,multitype
@GENE_LIPA,@DISEASE_Lysosomal_Storage_Diseases,multitype
@CHEMICAL_Ciprofloxacin,@CHEMICAL_Rifampin,multitype
@CHEMICAL_Zinc_Oxide,@CHEMICAL_Azo_Compounds,multitype
@CHEMICAL_Zinc_Oxide,@CHEMICAL_Congo_Red,multitype
@DISEASE_Mental_Disorders,@CHEMICAL_Serotonin,multitype
@CHEMICAL_Serotonin,@CHEMICAL_Hydroxyindoleacetic_Acid,multitype
@CHEMICAL_Serotonin,@DISEASE_Psychological_Distress,multitype
@CHEMICAL_Serotonin,@DISEASE_Irritable_Bowel_Syndrome,multitype
@DISEASE_Lung_Neoplasms,@GENE_VEGFA,multitype
@DISEASE_Lung_Neoplasms,@CHEMICAL_Afatinib,Negative_Correlation
@DISEASE_Lung_Diseases_Interstitial,@CHEMICAL_Rituximab,multitype
@DISEASE_Lung_Diseases_Interstitial,@CHEMICAL_Mycophenolic_Acid,Negative_Correlation
@DISEASE_Lung_Diseases_Interstitial,@GENE_IFIH1,multitype
@DISEASE_Lung_Diseases_Interstitial,@GENE_MUC1,multitype
@GENE_CSF2,@GENE_STAT5A,multitype
@CHEMICAL_atezolizumab,@CHEMICAL_Bevacizumab,Cotreatment
@GENE_ACLY,@CHEMICAL_Acetyl_Coenzyme_A,multitype
@CHEMICAL_1_Methyl_4_phenyl_1_2_3_6_tetrahydropyridine,@GENE_TH,multitype
@CHEMICAL_Sodium_Hydroxide,@CHEMICAL_Cellulose,multitype
@CHEMICAL_Cellulose,@CHEMICAL_ferric_oxide,multitype
@CHEMICAL_Levodopa,@DISEASE_Gait_Ataxia,multitype
@CHEMICAL_Levodopa,@DISEASE_Hypokinesia,multitype
@CHEMICAL_Levodopa,@DISEASE_Motor_Disorders,multitype
@CHEMICAL_Methamphetamine,@DISEASE_Substance_Related_Disorders,multitype
@DISEASE_Colitis,@CHEMICAL_indole_3_lactic_acid,multitype
@CHEMICAL_Polycyclic_Aromatic_Hydrocarbons,@CHEMICAL_naphthalene,multitype
@CHEMICAL_Vitamin_D,@DISEASE_Immunologic_Deficiency_Syndromes,multitype
@CHEMICAL_Vitamin_D,@DISEASE_Vitamin_D_Deficiency,multitype
@CHEMICAL_Vitamin_D,@DISEASE_Hypocalcemia,multitype
@CHEMICAL_Vitamin_D,@DISEASE_Fatty_Liver,multitype
@GENE_ARL13B,@GENE_ARL3,multitype
@GENE_ARL13B,@DISEASE_Agenesis_of_Cerebellar_Vermis,multitype
@GENE_ARL13B,@CHEMICAL_Guanosine_Triphosphate,multitype
@GENE_ARL13B,@GENE_INPP5E,multitype
@GENE_ARL13B,@GENE_TULP3,multitype
@DISEASE_Fatty_Liver,@CHEMICAL_Phosphatidylcholines,multitype
@DISEASE_Fatty_Liver,@CHEMICAL_Fructose,Positive_Correlation
@DISEASE_Anemia,@GENE_EPO,multitype
@CHEMICAL_Progesterone,@CHEMICAL_Letrozole,multitype
@CHEMICAL_Progesterone,@CHEMICAL_Levonorgestrel,multitype
@DISEASE_Immunologic_Deficiency_Syndromes,@GENE_DNAJC12,multitype
@DISEASE_Thyroid_Cancer_Papillary,@GENE_TFF3,multitype
@DISEASE_Thyroid_Cancer_Papillary,@CHEMICAL_Iodine_131,multitype
@DISEASE_Thyroid_Cancer_Papillary,@GENE_TG,multitype
@GENE_TG,@DISEASE_Lymphatic_Metastasis,multitype
@GENE_RB1,@DISEASE_Retinoblastoma,multitype
@DISEASE_Venous_Thrombosis,@CHEMICAL_Rivaroxaban,multitype
@CHEMICAL_Rivaroxaban,@DISEASE_Thrombosis,multitype
@DISEASE_Polycystic_Ovary_Syndrome,@GENE_CYP19A1,multitype
@DISEASE_Polycystic_Ovary_Syndrome,@GENE_AMH,multitype
@DISEASE_Polycystic_Ovary_Syndrome,@CHEMICAL_Dehydroepiandrosterone_Sulfate,multitype
@DISEASE_Exanthema,@CHEMICAL_Rituximab,multitype
@DISEASE_Exanthema,@CHEMICAL_Carbamazepine,Positive_Correlation
@DISEASE_Psoriasis,@CHEMICAL_secukinumab,multitype
@DISEASE_Psoriasis,@CHEMICAL_Imiquimod,Positive_Correlation
@DISEASE_Polyps,@CHEMICAL_Tamoxifen,Positive_Correlation
@GENE_PTCH1,@DISEASE_Odontogenic_Cysts,Association
@GENE_PTCH1,@DISEASE_Basal_Cell_Nevus_Syndrome,multitype
@CHEMICAL_HhAntag691,@DISEASE_Medulloblastoma,Negative_Correlation
@DISEASE_Multiple_Myeloma,@CHEMICAL_Bortezomib,Negative_Correlation
@GENE_SNCA,@GENE_LGMN,Association
@CHEMICAL_Anthocyanins,@CHEMICAL_formic_acid,multitype
@DISEASE_Peripheral_Nervous_System_Diseases,@GENE_SPTLC1,multitype
@GENE_BDNF,@GENE_CREB1,multitype
@GENE_BDNF,@GENE_NTRK2,multitype
@GENE_PPARG,@CHEMICAL_Rosiglitazone,multitype
@GENE_PPARG,@CHEMICAL_astragaloside_A,multitype
@CHEMICAL_chromium_hexavalent_ion,@CHEMICAL_Oxalic_Acid,multitype
@DISEASE_Stroke,@CHEMICAL_apixaban,Negative_Correlation
@GENE_GBA,@DISEASE_Gaucher_Disease,multitype
@DISEASE_Dysautonomia_Familial,@GENE_ELP1,multitype
@CHEMICAL_Ozone,@CHEMICAL_N'_formylkynurenine,multitype
@CHEMICAL_Ozone,@CHEMICAL_Oxalic_Acid,multitype
@CHEMICAL_peroxymonosulfate,@CHEMICAL_hydroxide_ion,multitype
@DISEASE_Thrombosis,@CHEMICAL_Heparin_Low_Molecular_Weight,multitype
@GENE_FH,@DISEASE_Hereditary_leiomyomatosis_and_renal_cell_cancer,Association
@DISEASE_Lymphoma_Large_B_Cell_Diffuse,@CHEMICAL_Rituximab,Negative_Correlation
@DISEASE_Graft_vs_Host_Disease,@CHEMICAL_Tacrolimus,Negative_Correlation
@CHEMICAL_Levonorgestrel,@DISEASE_Dysmenorrhea,multitype
@CHEMICAL_Levonorgestrel,@DISEASE_Adenomyosis,multitype
@CHEMICAL_Levonorgestrel,@DISEASE_Menorrhagia,multitype
@CHEMICAL_Levonorgestrel,@DISEASE_Leiomyoma,multitype
@CHEMICAL_Levonorgestrel,@DISEASE_Pregnancy_Ectopic,multitype
@CHEMICAL_Levonorgestrel,@DISEASE_Uterine_Hemorrhage,multitype
@CHEMICAL_Levonorgestrel,@DISEASE_Pelvic_Pain,multitype
@CHEMICAL_Levonorgestrel,@DISEASE_Uterine_Diseases,multitype
@CHEMICAL_Levonorgestrel,@DISEASE_Blood_Loss_Surgical,multitype
@CHEMICAL_Levonorgestrel,@DISEASE_Thromboembolism,multitype
@DISEASE_Lymphatic_Metastasis,@GENE_FN1,multitype
@CHEMICAL_Sirolimus,@GENE_MAP1LC3A,multitype
@DISEASE_Amyotrophic_Lateral_Sclerosis,@GENE_TARDBP,multitype
@CHEMICAL_Silicon_Dioxide,@DISEASE_Pneumonia,multitype
@CHEMICAL_Silicon_Dioxide,@CHEMICAL_Aluminum_Oxide,multitype
@DISEASE_Diabetes_Mellitus_Type_1,@GENE_HLA_DRB1,Association
@GENE_S,@GENE_ACE2,multitype
@GENE_ACE2,@GENE_REN,multitype
@CHEMICAL_Hydroxylysine,@DISEASE_Glutaric_Acidemia_I,multitype
@DISEASE_Glutaric_Acidemia_I,@GENE_GCDH,Positive_Correlation
@DISEASE_Thyroid_Neoplasms,@CHEMICAL_trametinib,Negative_Correlation
@CHEMICAL_Vanilmandelic_Acid,@DISEASE_Pheochromocytoma,multitype
@GENE_SLC7A11,@CHEMICAL_Sulfasalazine,multitype
@GENE_SLC7A11,@CHEMICAL_erastin,multitype
@CHEMICAL_NAD,@CHEMICAL_Nicotinamide_Mononucleotide,multitype
@CHEMICAL_NAD,@GENE_NAMPT,multitype
@DISEASE_Propionic_Acidemia,@GENE_PCCA,multitype
@DISEASE_Propionic_Acidemia,@GENE_PCCB,multitype
@DISEASE_Prostatic_Neoplasms,@CHEMICAL_abiraterone,Negative_Correlation
@CHEMICAL_Oxalic_Acid,@CHEMICAL_Vanadium,multitype
@CHEMICAL_Oxalic_Acid,@CHEMICAL_Aluminum,multitype
@CHEMICAL_glyoxylic_acid,@DISEASE_Nephrolithiasis_Calcium_Oxalate,multitype
@DISEASE_Lysosomal_acid_lipase_deficiency,@CHEMICAL_Cholesterol_Esters,multitype
@CHEMICAL_Cholesterol_Esters,@DISEASE_Wolman_Disease,multitype
@CHEMICAL_Cholesterol_Esters,@DISEASE_Cholesterol_Ester_Storage_Disease,multitype
@CHEMICAL_cobaltous_chloride,@DISEASE_Hypoxia_Brain,multitype
@CHEMICAL_Orange_G,@CHEMICAL_Sulfates,multitype
@CHEMICAL_Imipenem,@CHEMICAL_Tigecycline,multitype
@DISEASE_Rectal_Neoplasms,@CHEMICAL_XELOX,multitype
@CHEMICAL_Indoleacetic_Acids,@CHEMICAL_Cytokinins,multitype
@CHEMICAL_Valsartan,@DISEASE_Pulmonary_Atelectasis,multitype
@DISEASE_Pulmonary_Atelectasis,@CHEMICAL_sacubitril,multitype
@DISEASE_Epilepsy,@CHEMICAL_Carbamazepine,Negative_Correlation
@CHEMICAL_Clopidogrel,@GENE_CYP2C19,multitype
@CHEMICAL_Sphingolipids,@GENE_SPTLC1,multitype
@GENE_SPTLC1,@DISEASE_Hereditary_Sensory_and_Autonomic_Neuropathies,multitype
@GENE_SPTLC1,@CHEMICAL_1_deoxysphingolipid,multitype
@GENE_SPTLC1,@GENE_AGXT,multitype
@GENE_TNFRSF11B,@DISEASE_Bone_Resorption,multitype
@DISEASE_Fractures_Bone,@GENE_BMP2,multitype
@CHEMICAL_icariin,@GENE_RUNX2,Positive_Correlation
@GENE_LRP4,@DISEASE_Sclerosteosis,multitype
@GENE_LRP4,@DISEASE_Syndactyly_Cenani_Lenz_type,multitype
@GENE_LRP4,@GENE_SOSTDC1,multitype
@GENE_LRP4,@DISEASE_Myasthenic_Syndromes_Congenital,multitype
@DISEASE_Endocrine_System_Diseases,@CHEMICAL_Zearalenone,multitype
@DISEASE_Endocrine_System_Diseases,@CHEMICAL_Diethylhexyl_Phthalate,multitype
@GENE_MIF,@GENE_CD74,multitype
@CHEMICAL_Aluminum,@CHEMICAL_Silicon,multitype
@CHEMICAL_Rituximab,@DISEASE_Granulomatosis_with_Polyangiitis,Negative_Correlation
@CHEMICAL_titanium_dioxide,@CHEMICAL_methyl_orange,multitype
@CHEMICAL_titanium_dioxide,@CHEMICAL_Phosphopeptides,multitype
@GENE_ASNS,@DISEASE_615574,multitype
@GENE_ALKBH5,@GENE_GPM6A,multitype
@GENE_MITF,@DISEASE_Waardenburg_Syndrome,Association
@DISEASE_Mucopolysaccharidosis_I,@GENE_IDUA,multitype
@DISEASE_Vascular_Calcification,@GENE_FGF23,multitype
@GENE_NOTCH1,@GENE_JAG1,multitype
@GENE_GFAP,@DISEASE_Gliosis,multitype
@GENE_CREB1,@GENE_CAMP,multitype
@DISEASE_Muscle_Weakness,@GENE_GAA,multitype
@GENE_HSD11B1,@CHEMICAL_Corticosterone,multitype
@DISEASE_Maple_Syrup_Urine_Disease,@GENE_BCKDHA,multitype
@DISEASE_Hereditary_Sensory_and_Autonomic_Neuropathies,@GENE_WNK1,multitype
@DISEASE_Hereditary_Sensory_and_Autonomic_Neuropathies,@GENE_NTRK1,multitype
@DISEASE_Hereditary_Sensory_and_Autonomic_Neuropathies,@GENE_DNMT1,multitype
@DISEASE_Hereditary_Sensory_and_Autonomic_Neuropathies,@GENE_DST,multitype
@DISEASE_Hereditary_Sensory_and_Autonomic_Neuropathies,@GENE_RETREG1,multitype
@DISEASE_Hereditary_Sensory_and_Autonomic_Neuropathies,@GENE_SPTLC2,multitype
@DISEASE_Hereditary_Sensory_and_Autonomic_Neuropathies,@GENE_FLVCR1,multitype
@DISEASE_Hereditary_Sensory_and_Autonomic_Neuropathies,@GENE_NGF,multitype
@DISEASE_Hereditary_Sensory_and_Autonomic_Neuropathies,@GENE_AGXT,multitype
@DISEASE_Hereditary_Sensory_and_Autonomic_Neuropathies,@GENE_ATL3,multitype
@DISEASE_Hereditary_Sensory_and_Autonomic_Neuropathies,@GENE_TECPR2,multitype
@GENE_NTRK1,@GENE_NGF,multitype
@GENE_NTRK1,@DISEASE_Pain_Insensitivity_Congenital,multitype
@GENE_DNMT1,@DISEASE_162400,multitype
@GENE_DNMT1,@DISEASE_Hearing_Loss,multitype
@GENE_DNMT1,@DISEASE_Dementia,multitype
@GENE_DST,@DISEASE_614653,Positive_Correlation
@GENE_SPTLC2,@CHEMICAL_1_deoxysphingolipid,multitype
@GENE_SPTLC2,@DISEASE_613640,multitype
@GENE_NGF,@GENE_NGFR,multitype
@GENE_AGXT,@DISEASE_Primary_hyperoxaluria_type_1,multitype
@GENE_GAA,@DISEASE_Glycogen_Storage_Disease_Type_II,multitype
@GENE_GAA,@DISEASE_Cardiomyopathy_Hypertrophic,multitype
@GENE_MRAP,@GENE_MC2R,multitype
@GENE_MRAP,@GENE_MRAP2,multitype
@GENE_MRAP,@DISEASE_Glucocorticoid_Deficiency_2,multitype
@GENE_MC2R,@DISEASE_Familial_Glucocorticoid_Deficiency_1,multitype
@GENE_MC2R,@DISEASE_Glucocorticoid_Deficiency_2,multitype
@GENE_MC2R,@GENE_MRAP2,multitype
@GENE_ABL1,@DISEASE_Leukemia_Myelogenous_Chronic_BCR_ABL_Positive,Association
@DISEASE_Bipolar_Disorder,@CHEMICAL_Methoxyhydroxyphenylglycol,multitype
@GENE_ELP1,@CHEMICAL_Kinetin,multitype
@GENE_PIEZO1,@CHEMICAL_yoda_1,Positive_Correlation
@CHEMICAL_Carbamazepine,@DISEASE_Stevens_Johnson_Syndrome,multitype
@CHEMICAL_Carbamazepine,@DISEASE_Trigeminal_Neuralgia,multitype
@CHEMICAL_Imatinib_Mesylate,@DISEASE_Leukemia_Myelogenous_Chronic_BCR_ABL_Positive,multitype
@CHEMICAL_nintedanib,@DISEASE_Idiopathic_Pulmonary_Fibrosis,Negative_Correlation
@DISEASE_Prostatic_Neoplasms_Castration_Resistant,@CHEMICAL_abiraterone,Negative_Correlation
@CHEMICAL_Phosphopeptides,@CHEMICAL_phosphoric_acid,multitype
@DISEASE_Pain_Insensitivity_Congenital,@GENE_SCN9A,multitype
@DISEASE_Noonan_Syndrome,@GENE_SOS1,multitype
