r1,r2,type,r1accession,r2accession,pmids,score,id
C005072,D001471,Positive_Correlation,@CHEMICAL_5_doxylstearic_acid,@DISEASE_Barrett_Esophagus,{'17310216'},['0.9728'],"('@CHEMICAL_5_doxylstearic_acid', 'Positive_Correlation', '@DISEASE_Barrett_Esophagus')"
C005072,D008228,Positive_Correlation,@CHEMICAL_5_doxylstearic_acid,@DISEASE_Lymphoma_Non_Hodgkin,{'17310216'},['0.9764'],"('@CHEMICAL_5_doxylstearic_acid', 'Positive_Correlation', '@DISEASE_Lymphoma_Non_Hodgkin')"
D006713,D000474,Association,@CHEMICAL_Homogentisic_Acid,@DISEASE_Alkaptonuria,"{'35550814', '34714010', '6503572', '23085206', '7803923', '3810644', '24781848', '28158906', '40243989', '17044384', '37404676', '2383921', '31609457', '18336562', '13770605', '30341892', '16078090', '35090868', '29997987', '27734648', '19085367', '40001497', '17664775', '32875021', '405402', '39836193', '16788736', '23430917', '2746590', '32083330', '24206226', '35822095', '28019670', '9056215', '33469937', '30054539', '25182962', '33452825', '20726204', '37143563', '39273071', '24876668', '30412682', '10456213', '16476288', '2835867', '8071207', '6885427', '40430165', '1813514', '15931605', '23704321', '16085442', '32822600', '35822087', '35685462', '36465977', '32305737', '34941093', '32642830', '3731474', '39707148', '33344320', '5559277', '33655752', '37025736', '36985595', '20952450', '37354891', '39769171', '33057760', '21308630', '35152492', '27414279', '10771134', '25233259', '21748407', '36684325', '25733348', '32970271', '34715699', '39312502', '21876398', '21874298', '1647170', '8767836', '38487984', '8188247', '7676134', '25772318', '31228435', '16901704', '24373924', '39351877', '34504318', '2188121', '7821069', '26891864', '31296884', '39435171', '2758664', '32348369', '9870204', '32395409', '35482661', '2914385'}","['0.9942', '0.6727', '0.999', '0.9923', '0.9467', '0.9113', '0.9788', '0.6257', '0.9994', '0.9618', '0.5831', '0.863', '0.9898', '0.6668', '0.5849', '0.9884', '0.6758', '0.6845', '0.5495', '0.9392', '0.9898', '0.804', '0.9228', '0.9239', '0.4137', '0.498', '0.6093', '0.5773', '0.9974', '0.8745', '0.9108', '0.974', '0.8327', '0.7127', '0.8082', '0.6854', '0.9984', '0.92', '0.9245', '0.9993', '0.5759', '0.8082', '0.9945', '0.9812', '0.9733', '0.5553', '0.9402', '0.906', '0.5685', '0.6918', '0.9453', '0.5138', '0.9931', '0.9787', '0.6139', '0.9945', '0.507', '0.9663', '0.9169', '0.9139', '0.999', '0.9565', '0.9555', '0.9915', '0.9166', '0.7954', '0.6884', '0.5028', '0.5014', '0.9931', '0.6956', '0.5843', '0.8784', '0.9808', '0.3011', '0.8474', '0.8351', '0.5117', '0.9685', '0.9833', '0.6769', '0.9147', '0.6696', '0.999', '0.4768', '0.6246', '0.9596', '0.6494', '0.772', '0.9735', '0.9605', '0.9084', '0.4975', '0.9338', '0.6804', '0.6738', '0.5366', '0.9873', '0.7672', '0.8363', '0.5026', '0.9492', '0.8359', '0.7171', '0.9979', '0.991']","('@CHEMICAL_Homogentisic_Acid', 'Association', '@DISEASE_Alkaptonuria')"
D015792,7157,Association,@DISEASE_Retinal_Dysplasia,@GENE_TP53,"{'17321043', '32541631', '24946975', '24721904', '21509910', '32431062', '8620779', '10720109', '18334729', '10931232', '10571818', '10657016', '36251540', '27567189', '29608884', '29764708', '26068095', '26918780', '12533829', '31715145', '17676397', '17385213', '29676351', '32460165', '12385431', '9468583'}","['0.845', '0.9766', '0.9979', '0.9978', '0.9996', '0.9475', '0.9995', '0.9984', '0.9996', '0.999', '0.9829', '0.8734', '0.9996', '0.9997', '0.9987', '0.9685', '0.9988', '0.9196', '0.9995', '0.9969', '0.6561', '0.9937', '0.7886', '0.934', '0.9416', '0.9937']","('@DISEASE_Retinal_Dysplasia', 'Association', '@GENE_TP53')"
D000230,7157,Association,@DISEASE_Adenocarcinoma,@GENE_TP53,"{'30496496', '19638963', '29525853', '24952744', '25284618', '32431062', '8620779', '36090744', '18334729', '23256952', '10720109', '40116917', '40487943', '7559739', '27567189', '34232295', '31715145', '28295252', '29676351'}","['0.9996', '0.9991', '0.9996', '0.999', '0.965', '0.985', '0.8699', '0.9752', '0.9863', '0.8975', '0.9964', '0.8852', '0.9981', '0.9917', '0.9995', '0.9996', '0.8575', '0.9908', '0.7011']","('@DISEASE_Adenocarcinoma', 'Association', '@GENE_TP53')"
D001471,7157,Association,@DISEASE_Barrett_Esophagus,@GENE_TP53,"{'30496496', '16855398', '19638963', '24952744', '25284618', '32431062', '23256952', '10720109', '18334729', '12916666', '36090744', '16360411', '36251540', '35476812', '29608884', '18854267', '18383889', '35274753', '26068095', '26918780', '29314176', '31715145', '28295252', '29676351', '11374668', '32460165', '28226185', '9125634', '12385431'}","['0.9997', '0.9995', '0.9993', '0.9997', '0.9997', '0.9997', '0.9997', '0.9997', '0.9997', '0.9996', '0.9997', '0.9997', '0.9997', '0.9994', '0.9992', '0.9994', '0.9997', '0.9997', '0.9988', '0.9987', '0.9722', '0.9997', '0.9992', '0.9995', '0.9891', '0.9633', '0.9986', '0.9425', '0.9988']","('@DISEASE_Barrett_Esophagus', 'Association', '@GENE_TP53')"
D009369,7157,Association,@DISEASE_Neoplasms,@GENE_TP53,"{'16855398', '19638963', '20113324', '29525853', '24721904', '17419219', '11714532', '21509910', '8620779', '23256952', '18334729', '38218351', '10571818', '23112547', '10963375', '36251540', '12692043', '9710241', '35274753', '26068095', '12533829', '17676397', '21263251', '15067728', '9490271', '11374668', '33272240', '31781186', '9468583'}","['0.9995', '0.9995', '0.9514', '0.9962', '0.9895', '0.9713', '0.9993', '0.9785', '0.9963', '0.9922', '0.8159', '0.9971', '0.9976', '0.9939', '0.9991', '0.8421', '0.9459', '0.9728', '0.9968', '0.999', '0.634', '0.9986', '0.9946', '0.996', '0.9608', '0.998', '0.9992', '0.8815', '0.9993', '0.9993']","('@DISEASE_Neoplasms', 'Association', '@GENE_TP53')"
D008345,D000014,Positive_Correlation,@CHEMICAL_Manganese,@DISEASE_Abnormalities_Drug_Induced,{'22056924'},['0.9872'],"('@CHEMICAL_Manganese', 'Positive_Correlation', '@DISEASE_Abnormalities_Drug_Induced')"
D008345,D003072,Positive_Correlation,@CHEMICAL_Manganese,@DISEASE_Cognition_Disorders,{'22056924'},['0.9993'],"('@CHEMICAL_Manganese', 'Positive_Correlation', '@DISEASE_Cognition_Disorders')"
C529546,D010836,Association,@CHEMICAL_phytyl_diphosphate,@CHEMICAL_Phytol,"{'38314636', '38124486'}","['0.3232', '0.8746']","('@CHEMICAL_phytyl_diphosphate', 'Association', '@CHEMICAL_Phytol')"
D010836,D010837,Association,@CHEMICAL_Phytol,@CHEMICAL_Vitamin_K_1,{'38124486'},['0.9721'],"('@CHEMICAL_Phytol', 'Association', '@CHEMICAL_Vitamin_K_1')"
D006713,D024508,Positive_Correlation,@CHEMICAL_Homogentisic_Acid,@CHEMICAL_Tocotrienols,{'38124486'},['0.7383'],"('@CHEMICAL_Homogentisic_Acid', 'Positive_Correlation', '@CHEMICAL_Tocotrienols')"
D002734,D010836,Positive_Correlation,@CHEMICAL_Chlorophyll,@CHEMICAL_Phytol,{'38124486'},['0.9914'],"('@CHEMICAL_Chlorophyll', 'Positive_Correlation', '@CHEMICAL_Phytol')"
D024505,830328,Association,@CHEMICAL_Tocopherols,@GENE_VTE5,{'38124486'},['0.9984'],"('@CHEMICAL_Tocopherols', 'Association', '@GENE_VTE5')"
D005204,830328,Association,@CHEMICAL_Farnesol,@GENE_VTE5,{'38124486'},['0.8459'],"('@CHEMICAL_Farnesol', 'Association', '@GENE_VTE5')"
C017338,830328,Negative_Correlation,@CHEMICAL_geranylgeraniol,@GENE_VTE5,{'38124486'},['0.3066'],"('@CHEMICAL_geranylgeraniol', 'Negative_Correlation', '@GENE_VTE5')"
C024023,C030814,Positive_Correlation,@CHEMICAL_1_4_dihydroxy_2_naphthoic_acid,@CHEMICAL_menatetrenone,{'38124486'},['0.604'],"('@CHEMICAL_1_4_dihydroxy_2_naphthoic_acid', 'Positive_Correlation', '@CHEMICAL_menatetrenone')"
D010837,835969,Association,@CHEMICAL_Vitamin_K_1,@GENE_FOLK,{'38124486'},['0.9983'],"('@CHEMICAL_Vitamin_K_1', 'Association', '@GENE_FOLK')"
D024505,835969,Association,@CHEMICAL_Tocopherols,@GENE_FOLK,{'38124486'},['0.9957'],"('@CHEMICAL_Tocopherols', 'Association', '@GENE_FOLK')"
C030814,D006713,Positive_Correlation,@CHEMICAL_menatetrenone,@CHEMICAL_Homogentisic_Acid,{'38124486'},['0.8527'],"('@CHEMICAL_menatetrenone', 'Positive_Correlation', '@CHEMICAL_Homogentisic_Acid')"
C529546,D002734,Positive_Correlation,@CHEMICAL_phytyl_diphosphate,@CHEMICAL_Chlorophyll,{'38124486'},['0.8664'],"('@CHEMICAL_phytyl_diphosphate', 'Positive_Correlation', '@CHEMICAL_Chlorophyll')"
D010836,835969,Association,@CHEMICAL_Phytol,@GENE_FOLK,{'38124486'},['0.9852'],"('@CHEMICAL_Phytol', 'Association', '@GENE_FOLK')"
D010837,830328,Association,@CHEMICAL_Vitamin_K_1,@GENE_VTE5,{'38124486'},['0.9934'],"('@CHEMICAL_Vitamin_K_1', 'Association', '@GENE_VTE5')"
D005204,835969,Association,@CHEMICAL_Farnesol,@GENE_FOLK,{'38124486'},['0.987'],"('@CHEMICAL_Farnesol', 'Association', '@GENE_FOLK')"
C017338,835969,Association,@CHEMICAL_geranylgeraniol,@GENE_FOLK,{'38124486'},['0.8742'],"('@CHEMICAL_geranylgeraniol', 'Association', '@GENE_FOLK')"
D010836,830328,Association,@CHEMICAL_Phytol,@GENE_VTE5,{'38124486'},['0.9932'],"('@CHEMICAL_Phytol', 'Association', '@GENE_VTE5')"
D000474,3081,Association,@DISEASE_Alkaptonuria,@GENE_HGD,"{'15529343', '35550814', '28643719', '19765774', '28271171', '20694448', '33728247', '3180550', '28158906', '31600782', '36295804', '22606059', '9529363', '12114497', '40243989', '9154114', '27454006', '35090868', '19381613', '12051967', '25153563', '32823072', '10340975', '26960557', '32107984', '36555443', '24575791', '27535253', '31503358', '34344451', '26221390', '32050984', '23632174', '19096913', '21437689', '39273071', '22105303', '24618234', '24876668', '12501223', '3375493', '35110678', '24772955', '22542924', '18945288', '9244427', '25762405', '15931605', '16085442', '19300282', '34686677', '34235214', '40784658', '10518553', '35685462', '36880186', '25804398', '21813063', '30737480', '36985595', '37354891', '10205262', '9069115', '27298997', '36118553', '21308630', '25233259', '33538294', '10465119', '32212000', '28690378', '10876237', '28869836', '12872836', '33621656', '12359141', '11001939', '25681086', '36295892', '8188247', '9674916', '39925566', '10494297', '37658095', '20462779', '10094559', '10594001', '12872815', '23353776', '36376482', '8782815', '15365968', '32202644', '34504318', '27865997', '37395296', '10819641', '10482952', '10970188', '23430897', '19862842', '19306858'}","['0.9989', '0.9989', '0.9991', '0.5985', '0.7865', '0.9929', '0.9887', '0.8824', '0.7038', '0.9293', '0.9918', '0.7329', '0.9994', '0.9952', '0.9932', '0.9985', '0.7439', '0.9996', '0.9855', '0.3472', '0.9985', '0.9984', '0.6711', '0.8822', '0.6909', '0.7959', '0.9996', '0.9955', '0.6112', '0.9997', '0.9818', '0.576', '0.4105', '0.9983', '0.9655', '0.768', '0.9947', '0.9206', '0.9881', '0.9994', '0.9399', '0.9996', '0.9991', '0.9794', '0.9968', '0.9727', '0.9402', '0.9994', '0.9919', '0.5605', '0.9996', '0.747', '0.9979', '0.9969', '0.9997', '0.9882', '0.9994', '0.9011', '0.9772', '0.7017', '0.9996', '0.9976', '0.8844', '0.9991', '0.9847', '0.9997', '0.9716', '0.9997', '0.9993', '0.9992', '0.9979', '0.7627', '0.7695', '0.923', '0.9827', '0.9954', '0.9996', '0.999', '0.9764', '0.7118', '0.9997', '0.9828', '0.997', '0.9991', '0.983', '0.997', '0.995', '0.9997', '0.9991', '0.649', '0.9996', '0.9915', '0.4583', '0.996', '0.9992', '0.9989', '0.9381', '0.9976', '0.9761', '0.8647', '0.4771', '0.9997', '0.9992', '0.993', '0.9994', '0.9993', '0.9994', '0.9995', '0.9993', '0.7059', '0.9997', '0.9992', '0.9944', '0.999', '0.9348', '0.9849', '0.4777', '0.8837', '0.9882', '0.9679', '0.998', '0.9993', '0.8845', '0.7476', '0.9777', '0.9997', '0.9984', '0.9572', '0.9965']","('@DISEASE_Alkaptonuria', 'Association', '@GENE_HGD')"
D002245,15233,Negative_Correlation,@CHEMICAL_Carbon_Dioxide,@GENE_HGD,{'7705358'},['0.999'],"('@CHEMICAL_Carbon_Dioxide', 'Negative_Correlation', '@GENE_HGD')"
D006713,100682260,Association,@CHEMICAL_Homogentisic_Acid,@GENE_HPPD,{'28903556'},['0.985'],"('@CHEMICAL_Homogentisic_Acid', 'Association', '@GENE_HPPD')"
D006713,3242,Association,@CHEMICAL_Homogentisic_Acid,@GENE_HPD,"{'9570125', '12014960', '23950902', '26936969', '34404820', '16920789', '25182962', '28903556', '32750420', '11243724', '32756361', '9689118', '16470664', '11073718', '12939152', '15581571', '28637410', '18452231', '31722428', '16197918', '31578365', '18997404'}","['0.9976', '0.9982', '0.9842', '0.9982', '0.9936', '0.9684', '0.9767', '0.9943', '0.8367', '0.9984', '0.9904', '0.9705', '0.5328', '0.6085', '0.6609', '0.9857', '0.9919', '0.9921', '0.9988', '0.9992', '0.9943', '0.9971']","('@CHEMICAL_Homogentisic_Acid', 'Association', '@GENE_HPD')"
C010590,3242,Association,@CHEMICAL_4_hydroxyphenylpyruvic_acid,@GENE_HPD,"{'12014960', '6407833', '21815644', '26936969', '31722428', '16920789', '28903556', '16197918', '32750420', '31578365', '32756361', '12939152', '18997404', '23941465'}","['0.9925', '0.8736', '0.9362', '0.9689', '0.996', '0.4787', '0.9868', '0.9035', '0.8237', '0.8694', '0.5478', '0.9465', '0.9959', '0.5923']","('@CHEMICAL_4_hydroxyphenylpyruvic_acid', 'Association', '@GENE_HPD')"
C010590,D006713,Association,@CHEMICAL_4_hydroxyphenylpyruvic_acid,@CHEMICAL_Homogentisic_Acid,"{'12014960', '18215022', '1204767', '10412819', '11557138', '1196703', '24272117', '28903556', '32750420', '10198110', '34411781', '9271098', '21613226', '5683508', '14730970', '21430290', '11073718', '8071207', '16681377', '18381065', '15581571', '28637410', '31722428', '15084729', '16197918', '18997404', '31578365', '24794033', '33970200', '22046314', '10858299'}","['0.4709', '0.3697', '0.5455', '0.3952', '0.7234', '0.5332', '0.3861', '0.4441', '0.8998', '0.5295', '0.6847', '0.3817', '0.9641', '0.6666', '0.4101', '0.3803', '0.4609', '0.544', '0.5369', '0.3877', '0.6354', '0.6377', '0.3924', '0.4448', '0.6875', '0.8626', '0.4064', '0.4665', '0.3677', '0.998', '0.368']","('@CHEMICAL_4_hydroxyphenylpyruvic_acid', 'Association', '@CHEMICAL_Homogentisic_Acid')"
C010590,100682260,Association,@CHEMICAL_4_hydroxyphenylpyruvic_acid,@GENE_HPPD,"{'33970200', '28903556'}","['0.983', '0.6233']","('@CHEMICAL_4_hydroxyphenylpyruvic_acid', 'Association', '@GENE_HPPD')"
D006713,D014443,Negative_Correlation,@CHEMICAL_Homogentisic_Acid,@CHEMICAL_Tyrosine,"{'1185188', '23346079', '24684596', '10467142', '25568259', '22980205', '24924728', '11472920', '19028908'}","['0.5669', '0.3836', '0.6087', '0.4758', '0.9804', '0.9989', '0.6763', '0.9868', '0.66']","('@CHEMICAL_Homogentisic_Acid', 'Negative_Correlation', '@CHEMICAL_Tyrosine')"
C011867,D014443,Negative_Correlation,@CHEMICAL_4_hydroxyphenylethanol,@CHEMICAL_Tyrosine,{'11472920'},['0.9908'],"('@CHEMICAL_4_hydroxyphenylethanol', 'Negative_Correlation', '@CHEMICAL_Tyrosine')"
C008070,D014443,Negative_Correlation,@CHEMICAL_4_hydroxyphenylacetic_acid,@CHEMICAL_Tyrosine,{'11472920'},['0.9923'],"('@CHEMICAL_4_hydroxyphenylacetic_acid', 'Negative_Correlation', '@CHEMICAL_Tyrosine')"
C023793,D006713,Positive_Correlation,@CHEMICAL_pyomelanin,@CHEMICAL_Homogentisic_Acid,"{'23346079', '9734339', '30081124', '35482661', '25793756', '11472920', '27513990', '7747976', '36006536', '17933889'}","['0.9392', '0.8842', '0.4192', '0.9934', '0.9298', '0.9933', '0.9852', '0.5669', '0.8135', '0.9608']","('@CHEMICAL_pyomelanin', 'Positive_Correlation', '@CHEMICAL_Homogentisic_Acid')"
D008228,2064,Association,@DISEASE_Lymphoma_Non_Hodgkin,@GENE_ERBB2,"{'17385213', '11406641', '27559738', '11894407'}","['0.9946', '0.9529', '0.5488', '0.9552']","('@DISEASE_Lymphoma_Non_Hodgkin', 'Association', '@GENE_ERBB2')"
D000230,2064,Positive_Correlation,@DISEASE_Adenocarcinoma,@GENE_ERBB2,{'11406641'},['0.728'],"('@DISEASE_Adenocarcinoma', 'Positive_Correlation', '@GENE_ERBB2')"
D001471,2064,Association,@DISEASE_Barrett_Esophagus,@GENE_ERBB2,"{'10666385', '14581353', '25085335', '32749611', '11894407', '12109857', '11406641'}","['0.9989', '0.9868', '0.7944', '0.9994', '0.9782', '0.9993', '0.9996']","('@DISEASE_Barrett_Esophagus', 'Association', '@GENE_ERBB2')"
D015792,5743,Association,@DISEASE_Retinal_Dysplasia,@GENE_PTGS2,{'11316217'},['0.975'],"('@DISEASE_Retinal_Dysplasia', 'Association', '@GENE_PTGS2')"
D001241,5743,Negative_Correlation,@CHEMICAL_Aspirin,@GENE_PTGS2,{'11316217'},['0.9992'],"('@CHEMICAL_Aspirin', 'Negative_Correlation', '@GENE_PTGS2')"
D001471,5743,Association,@DISEASE_Barrett_Esophagus,@GENE_PTGS2,{'11316217'},['0.9982'],"('@DISEASE_Barrett_Esophagus', 'Association', '@GENE_PTGS2')"
D003110,5743,Association,@DISEASE_Colonic_Neoplasms,@GENE_PTGS2,{'11316217'},['0.9708'],"('@DISEASE_Colonic_Neoplasms', 'Association', '@GENE_PTGS2')"
D000230,5743,Positive_Correlation,@DISEASE_Adenocarcinoma,@GENE_PTGS2,{'11316217'},['0.7698'],"('@DISEASE_Adenocarcinoma', 'Positive_Correlation', '@GENE_PTGS2')"
D008228,5743,Positive_Correlation,@DISEASE_Lymphoma_Non_Hodgkin,@GENE_PTGS2,{'11316217'},['0.8176'],"('@DISEASE_Lymphoma_Non_Hodgkin', 'Positive_Correlation', '@GENE_PTGS2')"
D001241,D009369,Negative_Correlation,@CHEMICAL_Aspirin,@DISEASE_Neoplasms,"{'24651385', '11316217', '39507544'}","['0.9992', '0.9985', '0.9984']","('@CHEMICAL_Aspirin', 'Negative_Correlation', '@DISEASE_Neoplasms')"
D009369,5743,Association,@DISEASE_Neoplasms,@GENE_PTGS2,{'11316217'},['0.4606'],"('@DISEASE_Neoplasms', 'Association', '@GENE_PTGS2')"
D001241,D003110,Negative_Correlation,@CHEMICAL_Aspirin,@DISEASE_Colonic_Neoplasms,{'11316217'},['0.6222'],"('@CHEMICAL_Aspirin', 'Negative_Correlation', '@DISEASE_Colonic_Neoplasms')"
D014316,3552,Association,@CHEMICAL_Tritium,@GENE_IL1A,{'39604730'},['0.5301'],"('@CHEMICAL_Tritium', 'Association', '@GENE_IL1A')"
2719,3600,Association,@GENE_GPC3,@GENE_IL15,{'39604730'},['0.9649'],"('@GENE_GPC3', 'Association', '@GENE_IL15')"
C557827,2719,Association,@DISEASE_Immune_dysfunction_with_T_cell_inactivation_due_to_calcium_entry_defect_2,@GENE_GPC3,{'39604730'},['0.9996'],"('@DISEASE_Immune_dysfunction_with_T_cell_inactivation_due_to_calcium_entry_defect_2', 'Association', '@GENE_GPC3')"
D009369,3600,Association,@DISEASE_Neoplasms,@GENE_IL15,{'39604730'},['0.5048'],"('@DISEASE_Neoplasms', 'Association', '@GENE_IL15')"
D014316,3569,Positive_Correlation,@CHEMICAL_Tritium,@GENE_IL6,{'39604730'},['0.3933'],"('@CHEMICAL_Tritium', 'Positive_Correlation', '@GENE_IL6')"
D014316,842,Positive_Correlation,@CHEMICAL_Tritium,@GENE_CASP9,{'39604730'},['0.9417'],"('@CHEMICAL_Tritium', 'Positive_Correlation', '@GENE_CASP9')"
D009369,2353,Association,@DISEASE_Neoplasms,@GENE_FOS,{'39604730'},['0.9737'],"('@DISEASE_Neoplasms', 'Association', '@GENE_FOS')"
D009369,3725,Association,@DISEASE_Neoplasms,@GENE_JUN,{'39604730'},['0.9978'],"('@DISEASE_Neoplasms', 'Association', '@GENE_JUN')"
3600,9970,Association,@GENE_IL15,@GENE_NR1I3,{'39604730'},['0.8378'],"('@GENE_IL15', 'Association', '@GENE_NR1I3')"
D009369,9970,Association,@DISEASE_Neoplasms,@GENE_NR1I3,{'39604730'},['0.9004'],"('@DISEASE_Neoplasms', 'Association', '@GENE_NR1I3')"
2719,9970,Association,@GENE_GPC3,@GENE_NR1I3,{'39604730'},['0.885'],"('@GENE_GPC3', 'Association', '@GENE_NR1I3')"
D008543,D014443,Association,@CHEMICAL_Melanins,@CHEMICAL_Tyrosine,"{'25294803', '9734339', '7567791', '7813886', '31578365', '27513990', '24816780'}","['0.9173', '0.9803', '0.9581', '0.9857', '0.9765', '0.5935', '0.8725']","('@CHEMICAL_Melanins', 'Association', '@CHEMICAL_Tyrosine')"
D006713,D014443,Association,@CHEMICAL_Homogentisic_Acid,@CHEMICAL_Tyrosine,"{'7753441', '19247659', '2167054', '6563016', '38314636', '3994376', '35822095', '20694448', '8188247', '1943688', '19573203', '24816780', '37175552', '25182962', '8885416', '24193123', '18266739', '8782815', '14886367', '36813208', '32756361', '22100375', '36717', '14973036', '23879342', '14767996', '15327392', '27590860', '21104647', '31601906', '9734339', '7567791', '16730004', '16216560', '2771520', '23105706', '33920006', '8382628', '11073718', '24952314', '24772955', '17640269', '34047349', '37443717', '12939152', '6109601', '26474772', '25294803', '28637410', '18452231', '32395409', '27943071', '36555443', '19862842', '31722428', '29348338', '16197918', '31578365', '24794033', '32305737', '38996180', '25681086', '6886675', '36465977', '23430917', '12052898', '32284865', '37697495'}","['0.4703', '0.9986', '0.8451', '0.971', '0.9972', '0.3844', '0.6745', '0.9171', '0.9562', '0.8991', '0.9898', '0.7169', '0.9104', '0.6272', '0.5595', '0.546', '0.7158', '0.4723', '0.9348', '0.9455', '0.8751', '0.7047', '0.9034', '0.9136', '0.9686', '0.9945', '0.5137', '0.9732', '0.8665', '0.5126', '0.956', '0.9943', '0.8264', '0.999', '0.7674', '0.8621', '0.7885', '0.9002', '0.9019', '0.4992', '0.5377', '0.7108', '0.9035', '0.6291', '0.8255', '0.648', '0.8678', '0.5876', '0.9645', '0.8187', '0.9689', '0.9896', '0.9197', '0.8196', '0.8063', '0.9761', '0.9575', '0.9857', '0.8856', '0.5537', '0.9986', '0.7737', '0.9974', '0.6579', '0.9695', '0.9921', '0.807', '0.8834']","('@CHEMICAL_Homogentisic_Acid', 'Association', '@CHEMICAL_Tyrosine')"
D014443,D000474,Association,@CHEMICAL_Tyrosine,@DISEASE_Alkaptonuria,"{'19247659', '35611280', '30737480', '25665838', '29629736', '35822095', '20694448', '401217', '30740402', '36985595', '36053307', '36295804', '15168942', '10488288', '23511227', '32466960', '25940034', '9529363', '25302636', '22100375', '23879342', '21620748', '28081634', '27590860', '31609457', '40138457', '39290064', '9734339', '12501223', '13502394', '25153563', '36167967', '26596578', '24952314', '24772955', '33000720', '28028161', '33460909', '26793547', '25628464', '31734977', '31332451', '32395409', '29754208', '35685462', '31578365', '36465977', '20055850', '35671204', '23430917', '32284865', '34194920'}","['0.9994', '0.9977', '0.9444', '0.9425', '0.9986', '0.5539', '0.9896', '0.9641', '0.9265', '0.9528', '0.6022', '0.8802', '0.6383', '0.8193', '0.9996', '0.9739', '0.9986', '0.9994', '0.6632', '0.9978', '0.9909', '0.6998', '0.8708', '0.9595', '0.9856', '0.9584', '0.911', '0.9214', '0.7915', '0.9986', '0.8257', '0.9856', '0.8791', '0.5106', '0.9724', '0.999', '0.9914', '0.9982', '0.9983', '0.9989', '0.9466', '0.7283', '0.9974', '0.9985', '0.9707', '0.9991', '0.5675', '0.9889', '0.9328', '0.7972', '0.8695', '0.8912']","('@CHEMICAL_Tyrosine', 'Association', '@DISEASE_Alkaptonuria')"
D006713,##p.F337I,Association,@CHEMICAL_Homogentisic_Acid,,"{'20677779', '14730970'}","['0.8121', '0.9993']","('@CHEMICAL_Homogentisic_Acid', 'Association', None)"
C010590,C023010,Association,@CHEMICAL_4_hydroxyphenylpyruvic_acid,@CHEMICAL_4_hydroxyphenylglycine,{'14730970'},['0.7581'],"('@CHEMICAL_4_hydroxyphenylpyruvic_acid', 'Association', '@CHEMICAL_4_hydroxyphenylglycine')"
C023372,D006713,Positive_Correlation,@CHEMICAL_benzene_oxide,@CHEMICAL_Homogentisic_Acid,{'14730970'},['0.5136'],"('@CHEMICAL_benzene_oxide', 'Positive_Correlation', '@CHEMICAL_Homogentisic_Acid')"
D014745,D003072,Positive_Correlation,@CHEMICAL_Viloxazine,@DISEASE_Cognition_Disorders,{'33600233'},['0.7839'],"('@CHEMICAL_Viloxazine', 'Positive_Correlation', '@DISEASE_Cognition_Disorders')"
D014745,D001289,Negative_Correlation,@CHEMICAL_Viloxazine,@DISEASE_Attention_Deficit_Disorder_with_Hyperactivity,"{'33600233', '35588245'}","['0.9985', '0.9989']","('@CHEMICAL_Viloxazine', 'Negative_Correlation', '@DISEASE_Attention_Deficit_Disorder_with_Hyperactivity')"
C011483,D014443,Positive_Correlation,@CHEMICAL_4_hydroxybenzaldehyde,@CHEMICAL_Tyrosine,{'571434'},['0.7041'],"('@CHEMICAL_4_hydroxybenzaldehyde', 'Positive_Correlation', '@CHEMICAL_Tyrosine')"
C009091,D014443,Association,@CHEMICAL_protocatechuic_acid,@CHEMICAL_Tyrosine,{'571434'},['0.962'],"('@CHEMICAL_protocatechuic_acid', 'Association', '@CHEMICAL_Tyrosine')"
C495469,D014443,Association,@CHEMICAL_p_coumaric_acid,@CHEMICAL_Tyrosine,{'571434'},['0.7127'],"('@CHEMICAL_p_coumaric_acid', 'Association', '@CHEMICAL_Tyrosine')"
C038193,D009249,Association,@CHEMICAL_4_hydroxybenzoic_acid,@CHEMICAL_NADP,{'571434'},['0.9513'],"('@CHEMICAL_4_hydroxybenzoic_acid', 'Association', '@CHEMICAL_NADP')"
C038193,D014443,Association,@CHEMICAL_4_hydroxybenzoic_acid,@CHEMICAL_Tyrosine,{'571434'},['0.984'],"('@CHEMICAL_4_hydroxybenzoic_acid', 'Association', '@CHEMICAL_Tyrosine')"
D006713,D001168,Positive_Correlation,@CHEMICAL_Homogentisic_Acid,@DISEASE_Arthritis,"{'27074788', '32577465', '8782815', '31235217', '21620748', '19381613', '23105706', '27734648', '1943688', '31441856', '26221390', '19862842', '10771134'}","['0.5689', '0.9765', '0.9964', '0.9981', '0.5338', '0.9962', '0.9991', '0.9958', '0.9983', '0.9938', '0.7485', '0.9829', '0.9881']","('@CHEMICAL_Homogentisic_Acid', 'Positive_Correlation', '@DISEASE_Arthritis')"
D008228,9805,Association,@DISEASE_Lymphoma_Non_Hodgkin,@GENE_SCRN1,{'18927283'},['0.9547'],"('@DISEASE_Lymphoma_Non_Hodgkin', 'Association', '@GENE_SCRN1')"
D008228,3934,Association,@DISEASE_Lymphoma_Non_Hodgkin,@GENE_LCN2,{'18927283'},['0.9986'],"('@DISEASE_Lymphoma_Non_Hodgkin', 'Association', '@GENE_LCN2')"
D008228,7153,Association,@DISEASE_Lymphoma_Non_Hodgkin,@GENE_TOP2A,{'18927283'},['0.9977'],"('@DISEASE_Lymphoma_Non_Hodgkin', 'Association', '@GENE_TOP2A')"
C535705,3934,Association,@DISEASE_Mandibuloacral_dysplasia_with_type_A_lipodystrophy,@GENE_LCN2,{'18927283'},['0.4403'],"('@DISEASE_Mandibuloacral_dysplasia_with_type_A_lipodystrophy', 'Association', '@GENE_LCN2')"
C535705,7153,Positive_Correlation,@DISEASE_Mandibuloacral_dysplasia_with_type_A_lipodystrophy,@GENE_TOP2A,{'18927283'},['0.7015'],"('@DISEASE_Mandibuloacral_dysplasia_with_type_A_lipodystrophy', 'Positive_Correlation', '@GENE_TOP2A')"
D000230,7031,Negative_Correlation,@DISEASE_Adenocarcinoma,@GENE_TFF1,{'18927283'},['0.9969'],"('@DISEASE_Adenocarcinoma', 'Negative_Correlation', '@GENE_TFF1')"
D008228,7031,Association,@DISEASE_Lymphoma_Non_Hodgkin,@GENE_TFF1,"{'18927283', '28281307'}","['0.9155', '0.9991']","('@DISEASE_Lymphoma_Non_Hodgkin', 'Association', '@GENE_TFF1')"
D008228,6280,Association,@DISEASE_Lymphoma_Non_Hodgkin,@GENE_S100A9,{'18927283'},['0.9986'],"('@DISEASE_Lymphoma_Non_Hodgkin', 'Association', '@GENE_S100A9')"
D008228,4321,Association,@DISEASE_Lymphoma_Non_Hodgkin,@GENE_MMP12,{'18927283'},['0.6557'],"('@DISEASE_Lymphoma_Non_Hodgkin', 'Association', '@GENE_MMP12')"
C535705,7031,Negative_Correlation,@DISEASE_Mandibuloacral_dysplasia_with_type_A_lipodystrophy,@GENE_TFF1,{'18927283'},['0.8802'],"('@DISEASE_Mandibuloacral_dysplasia_with_type_A_lipodystrophy', 'Negative_Correlation', '@GENE_TFF1')"
C535705,6280,Positive_Correlation,@DISEASE_Mandibuloacral_dysplasia_with_type_A_lipodystrophy,@GENE_S100A9,{'18927283'},['0.9401'],"('@DISEASE_Mandibuloacral_dysplasia_with_type_A_lipodystrophy', 'Positive_Correlation', '@GENE_S100A9')"
C000615320,C103828,Association,@CHEMICAL_Sulfur_35,@CHEMICAL_titanium_silicide,{'21256529'},['0.5557'],"('@CHEMICAL_Sulfur_35', 'Association', '@CHEMICAL_titanium_silicide')"
C103828,D024504,Association,@CHEMICAL_titanium_silicide,@CHEMICAL_gamma_Tocopherol,{'21256529'},['0.9492'],"('@CHEMICAL_titanium_silicide', 'Association', '@CHEMICAL_gamma_Tocopherol')"
C103828,D024502,Association,@CHEMICAL_titanium_silicide,@CHEMICAL_alpha_Tocopherol,{'21256529'},['0.7415'],"('@CHEMICAL_titanium_silicide', 'Association', '@CHEMICAL_alpha_Tocopherol')"
C104450,D001471,Association,@CHEMICAL_25_hydroxyvitamin_D,@DISEASE_Barrett_Esophagus,{'26233550'},['0.989'],"('@CHEMICAL_25_hydroxyvitamin_D', 'Association', '@DISEASE_Barrett_Esophagus')"
C104450,D015792,Association,@CHEMICAL_25_hydroxyvitamin_D,@DISEASE_Retinal_Dysplasia,{'26233550'},['0.9962'],"('@CHEMICAL_25_hydroxyvitamin_D', 'Association', '@DISEASE_Retinal_Dysplasia')"
C104450,D000230,Association,@CHEMICAL_25_hydroxyvitamin_D,@DISEASE_Adenocarcinoma,{'26233550'},['0.9863'],"('@CHEMICAL_25_hydroxyvitamin_D', 'Association', '@DISEASE_Adenocarcinoma')"
D000474,3081,Negative_Correlation,@DISEASE_Alkaptonuria,@GENE_HGD,"{'35611280', '21822197', '32158253', '36874893', '30406834', '35822095', '24647979', '33469937', '36327861', '36053307', '24783127', '20301627', '9670391', '24191883', '1401313', '16736091', '34799606', '39842076', '29353057', '25860819', '7821069', '31989660', '34381863', '22482092', '25184921', '25733348', '15067820', '16311673', '23105706', '22196391', '8188241', '20207456', '23105912', '32395411', '39737503', '40092270', '1813514', '40938761', '39957927', '21874298', '20601653', '10985185', '36465977', '10884219'}","['0.9046', '0.7811', '0.805', '0.4008', '0.9692', '0.965', '0.8646', '0.8324', '0.9146', '0.965', '0.5767', '0.7264', '0.9887', '0.9866', '0.9593', '0.8074', '0.8444', '0.986', '0.5617', '0.6724', '0.9022', '0.7084', '0.777', '0.5407', '0.4979', '0.942', '0.9641', '0.9127', '0.7187', '0.8652', '0.6277', '0.8341', '0.7599', '0.496', '0.9789', '0.9789', '0.8644', '0.8978', '0.7972', '0.7668', '0.6518', '0.8464', '0.9608', '0.714']","('@DISEASE_Alkaptonuria', 'Negative_Correlation', '@GENE_HGD')"
D006713,D000474,Positive_Correlation,@CHEMICAL_Homogentisic_Acid,@DISEASE_Alkaptonuria,"{'28643719', '31462106', '19765774', '20694448', '36327861', '26229881', '23511227', '34799606', '24478561', '21620748', '27207988', '27454006', '25153563', '22919147', '39730168', '20207456', '38405194', '11349468', '35671127', '40938761', '27074788', '25628464', '19014543', '36555443', '32908119', '34194920', '25713720', '37786570', '22850426', '10085494', '30406834', '27200402', '19671401', '40370909', '24647979', '23632174', '30229904', '20301627', '1401313', '19096913', '28879639', '29461623', '21415764', '39842076', '25860819', '15849984', '37288202', '35127215', '24618234', '31989660', '38453957', '32502471', '3375493', '28878548', '30316064', '20154043', '26596578', '18949907', '24772955', '23105912', '25762405', '30263914', '27816602', '39203858', '37521546', '31332451', '38162369', '33651519', '10985185', '21744089', '15931360', '20665660', '35334175', '25003018', '37877521', '36880186', '30737480', '21163157', '39231619', '15168942', '36118553', '40645714', '30451653', '24466168', '25868666', '23879342', '27142149', '28081634', '27590860', '39717259', '31235217', '39669016', '16311673', '23357094', '21254745', '32219972', '20601653', '39440511', '12359141', '26620992', '36295892', '39925566', '10884219', '40648787', '27466876', '23619548', '22127706', '7753441', '39833049', '32158253', '10494297', '37658095', '31274704', '27817975', '36045846', '36376482', '3121448', '9670391', '15365968', '32202644', '37268334', '20062791', '29353057', '22100375', '27865997', '16304331', '36608845', '39801864', '26396096', '31650933', '35415103', '27169295', '22482092', '25597736', '37937039', '25130113', '23105706', '23486607', '24952314', '33000720', '40092270', '20229718', '16492283', '28217270', '22213341', '19862842', '32284865'}","['0.9905', '0.7887', '0.6027', '0.9883', '0.9965', '0.9841', '0.986', '0.9992', '0.9991', '0.9957', '0.9027', '0.965', '0.94', '0.8934', '0.603', '0.8151', '0.9088', '0.9862', '0.9732', '0.9698', '0.7288', '0.9838', '0.9375', '0.9986', '0.9831', '0.5859', '0.8724', '0.998', '0.565', '0.8626', '0.9989', '0.5962', '0.9352', '0.483', '0.9726', '0.8398', '0.9241', '0.8465', '0.6081', '0.9488', '0.97', '0.9576', '0.9971', '0.67', '0.9991', '0.6747', '0.9917', '0.8437', '0.9905', '0.6026', '0.9951', '0.9854', '0.328', '0.9885', '0.9667', '0.7676', '0.9914', '0.5249', '0.4955', '0.8964', '0.8569', '0.954', '0.9071', '0.9921', '0.971', '0.4875', '0.9865', '0.985', '0.5249', '0.7182', '0.9191', '0.4729', '0.5022', '0.9566', '0.7279', '0.9895', '0.9965', '0.8946', '0.5933', '0.9948', '0.9941', '0.9926', '0.9127', '0.727', '0.9872', '0.4453', '0.9947', '0.9913', '0.4843', '0.9336', '0.9898', '0.9512', '0.8812', '0.8278', '0.9798', '0.8353', '0.9966', '0.9957', '0.9097', '0.8398', '0.9694', '0.7565', '0.8692', '0.9851', '0.9975', '0.8513', '0.698', '0.7576', '0.9882', '0.6669', '0.9859', '0.835', '0.882', '0.9651', '0.8267', '0.9341', '0.9986', '0.7401', '0.8141', '0.9828', '0.9702', '0.9864', '0.7494', '0.9883', '0.7431', '0.9955', '0.759', '0.9973', '0.5185', '0.9911', '0.69', '0.9983', '0.4981', '0.9636', '0.9926', '0.9947', '0.9662', '0.5739', '0.8852', '0.9736', '0.7773', '0.7504', '0.7826', '0.6993', '0.9938', '0.89', '0.9985']","('@CHEMICAL_Homogentisic_Acid', 'Positive_Correlation', '@DISEASE_Alkaptonuria')"
C077073,D010024,Negative_Correlation,@CHEMICAL_nitisinone,@DISEASE_Osteoporosis,"{'40938761', '34926730'}","['0.7236', '0.9977']","('@CHEMICAL_nitisinone', 'Negative_Correlation', '@DISEASE_Osteoporosis')"
D006713,3081,Association,@CHEMICAL_Homogentisic_Acid,@GENE_HGD,"{'35611280', '35550814', '30737480', '22850426', '10494297', '1943688', '33666743', '1495952', '31600782', '20301627', '15365968', '34799606', '32202644', '27865997', '25868666', '23858455', '26396096', '8000039', '25153563', '32823072', '20207456', '9214216', '18945288', '23105912', '32395411', '28869836', '36413463', '40938761', '25762405', '24098407', '35659777', '9270533', '12359141', '23430897', '15479158', '36465977', '31503358', '29933333'}","['0.7357', '0.892', '0.9997', '0.9982', '0.9258', '0.8825', '0.9927', '0.9839', '0.7401', '0.9939', '0.5082', '0.9841', '0.8844', '0.5003', '0.9851', '0.8389', '0.9263', '0.8481', '0.9416', '0.9556', '0.9946', '0.9954', '0.7412', '0.5853', '0.9902', '0.9801', '0.7809', '0.9986', '0.9888', '0.705', '0.8283', '0.992', '0.7839', '0.9414', '0.9968', '0.9589', '0.9985', '0.7206']","('@CHEMICAL_Homogentisic_Acid', 'Association', '@GENE_HGD')"
D010649,D002658,Positive_Correlation,@CHEMICAL_Phenylalanine,@DISEASE_Developmental_Disabilities,{'36999718'},['0.8117'],"('@CHEMICAL_Phenylalanine', 'Positive_Correlation', '@DISEASE_Developmental_Disabilities')"
D001289,5053,Association,@DISEASE_Attention_Deficit_Disorder_with_Hyperactivity,@GENE_PAH,{'36999718'},['0.9983'],"('@DISEASE_Attention_Deficit_Disorder_with_Hyperactivity', 'Association', '@GENE_PAH')"
C003402,D012559,Negative_Correlation,@CHEMICAL_sapropterin,@DISEASE_Schizophrenia,{'36999718'},['0.582'],"('@CHEMICAL_sapropterin', 'Negative_Correlation', '@DISEASE_Schizophrenia')"
D010649,D014443,Association,@CHEMICAL_Phenylalanine,@CHEMICAL_Tyrosine,"{'20050871', '2167054', '36999718'}","['0.9467', '0.999', '0.7142']","('@CHEMICAL_Phenylalanine', 'Association', '@CHEMICAL_Tyrosine')"
D010649,D020176,Negative_Correlation,@CHEMICAL_Phenylalanine,@DISEASE_Tyrosinemias,"{'31503358', '7246125', '36999718'}","['0.3891', '0.9966', '0.9791']","('@CHEMICAL_Phenylalanine', 'Negative_Correlation', '@DISEASE_Tyrosinemias')"
C003402,5053,Association,@CHEMICAL_sapropterin,@GENE_PAH,{'36999718'},['0.7926'],"('@CHEMICAL_sapropterin', 'Association', '@GENE_PAH')"
C003402,D010649,Association,@CHEMICAL_sapropterin,@CHEMICAL_Phenylalanine,{'36999718'},['0.9928'],"('@CHEMICAL_sapropterin', 'Association', '@CHEMICAL_Phenylalanine')"
D010649,D012559,Positive_Correlation,@CHEMICAL_Phenylalanine,@DISEASE_Schizophrenia,{'36999718'},['0.9856'],"('@CHEMICAL_Phenylalanine', 'Positive_Correlation', '@DISEASE_Schizophrenia')"
D008543,D014443,Positive_Correlation,@CHEMICAL_Melanins,@CHEMICAL_Tyrosine,"{'18389008', '28746990', '36999718'}","['0.9892', '0.6518', '0.9744']","('@CHEMICAL_Melanins', 'Positive_Correlation', '@CHEMICAL_Tyrosine')"
D010649,5053,Association,@CHEMICAL_Phenylalanine,@GENE_PAH,"{'23620802', '1158876', '36999718'}","['0.9546', '0.9983', '0.9633']","('@CHEMICAL_Phenylalanine', 'Association', '@GENE_PAH')"
C003402,D001289,Negative_Correlation,@CHEMICAL_sapropterin,@DISEASE_Attention_Deficit_Disorder_with_Hyperactivity,{'36999718'},['0.3942'],"('@CHEMICAL_sapropterin', 'Negative_Correlation', '@DISEASE_Attention_Deficit_Disorder_with_Hyperactivity')"
D010649,D000474,Positive_Correlation,@CHEMICAL_Phenylalanine,@DISEASE_Alkaptonuria,{'36999718'},['0.873'],"('@CHEMICAL_Phenylalanine', 'Positive_Correlation', '@DISEASE_Alkaptonuria')"
D010649,D000417,Positive_Correlation,@CHEMICAL_Phenylalanine,@DISEASE_Albinism,{'36999718'},['0.823'],"('@CHEMICAL_Phenylalanine', 'Positive_Correlation', '@DISEASE_Albinism')"
D012559,5053,Association,@DISEASE_Schizophrenia,@GENE_PAH,{'36999718'},['0.9981'],"('@DISEASE_Schizophrenia', 'Association', '@GENE_PAH')"
D010649,D001289,Association,@CHEMICAL_Phenylalanine,@DISEASE_Attention_Deficit_Disorder_with_Hyperactivity,{'36999718'},['0.5129'],"('@CHEMICAL_Phenylalanine', 'Association', '@DISEASE_Attention_Deficit_Disorder_with_Hyperactivity')"
C003402,D010661,Association,@CHEMICAL_sapropterin,@DISEASE_Phenylketonurias,{'36999718'},['0.8247'],"('@CHEMICAL_sapropterin', 'Association', '@DISEASE_Phenylketonurias')"
D010661,5053,Association,@DISEASE_Phenylketonurias,@GENE_PAH,{'36999718'},['0.9971'],"('@DISEASE_Phenylketonurias', 'Association', '@GENE_PAH')"
D010649,D010661,Association,@CHEMICAL_Phenylalanine,@DISEASE_Phenylketonurias,"{'39258552', '34432558', '36999718', '11243724'}","['0.9872', '0.7943', '0.9904', '0.8392']","('@CHEMICAL_Phenylalanine', 'Association', '@DISEASE_Phenylketonurias')"
D010649,D007022,Positive_Correlation,@CHEMICAL_Phenylalanine,@DISEASE_Hypotension,{'36999718'},['0.9959'],"('@CHEMICAL_Phenylalanine', 'Positive_Correlation', '@DISEASE_Hypotension')"
C010925,D000474,Positive_Correlation,@CHEMICAL_2_5_dihydroxybenzoic_acid,@DISEASE_Alkaptonuria,{'20145243'},['0.9931'],"('@CHEMICAL_2_5_dihydroxybenzoic_acid', 'Positive_Correlation', '@DISEASE_Alkaptonuria')"
C010925,D001241,Association,@CHEMICAL_2_5_dihydroxybenzoic_acid,@CHEMICAL_Aspirin,{'20145243'},['0.3899'],"('@CHEMICAL_2_5_dihydroxybenzoic_acid', 'Association', '@CHEMICAL_Aspirin')"
C077073,#3242#,Negative_Correlation,@CHEMICAL_nitisinone,,{'20677779'},['0.6683'],"('@CHEMICAL_nitisinone', 'Negative_Correlation', None)"
C038893,D013438,Association,@CHEMICAL_quinolacetic_acid,@CHEMICAL_Sulfhydryl_Compounds,{'20677779'},['0.998'],"('@CHEMICAL_quinolacetic_acid', 'Association', '@CHEMICAL_Sulfhydryl_Compounds')"
C535845,3242,Association,@DISEASE_Hawkinsinuria,@GENE_HPD,"{'20677779', '12771366', '11073718'}","['0.9997', '0.9905', '0.9996', '0.9997', '0.6737']","('@DISEASE_Hawkinsinuria', 'Association', '@GENE_HPD')"
C077073,D020176,Negative_Correlation,@CHEMICAL_nitisinone,@DISEASE_Tyrosinemias,"{'15327392', '25680927', '20677779', '28128559', '16492973', '34641489', '31392115', '36985595', '36980965', '23430917', '12939152'}","['0.8544', '0.9949', '0.9988', '0.9987', '0.9976', '0.9946', '0.9366', '0.999', '0.9969', '0.9991', '0.9985']","('@CHEMICAL_nitisinone', 'Negative_Correlation', '@DISEASE_Tyrosinemias')"
C038893,#3242#,Association,@CHEMICAL_quinolacetic_acid,,{'20677779'},['0.9995'],"('@CHEMICAL_quinolacetic_acid', 'Association', None)"
C535845,#3242#,Association,@DISEASE_Hawkinsinuria,,{'20677779'},['0.9905'],"('@DISEASE_Hawkinsinuria', 'Association', None)"
C077073,C535845,Negative_Correlation,@CHEMICAL_nitisinone,@DISEASE_Hawkinsinuria,{'20677779'},['0.6587'],"('@CHEMICAL_nitisinone', 'Negative_Correlation', '@DISEASE_Hawkinsinuria')"
C077073,3242,Negative_Correlation,@CHEMICAL_nitisinone,@GENE_HPD,"{'34485014', '16580702', '36295804', '10781886', '15931605', '8975769', '39121793', '20677779', '25628464', '40243989', '15931360', '26947423', '31578365', '25266991', '23486607', '24952314', '36980965', '12939152'}","['0.9992', '0.9992', '0.9993', '0.9992', '0.9993', '0.9993', '0.9992', '0.9993', '0.9991', '0.9992', '0.9991', '0.9992', '0.9793', '0.9992', '0.999', '0.9991', '0.9982', '0.9991']","('@CHEMICAL_nitisinone', 'Negative_Correlation', '@GENE_HPD')"
D020176,3242,Association,@DISEASE_Tyrosinemias,@GENE_HPD,"{'16580702', '28637410', '20677779', '12771366', '11073718', '30684868', '25182962'}","['0.9807', '0.9996', '0.976', '0.996', '0.9997', '0.9997', '0.9996', '0.9891']","('@DISEASE_Tyrosinemias', 'Association', '@GENE_HPD')"
D006509,101790439,Negative_Correlation,@DISEASE_Hepatitis_B,@GENE_IFNG,{'38461212'},['0.9671'],"('@DISEASE_Hepatitis_B', 'Negative_Correlation', '@GENE_IFNG')"
D010649,D000474,Association,@CHEMICAL_Phenylalanine,@DISEASE_Alkaptonuria,"{'27590860', '31609457', '12872836', '9529363', '24206226', '6503572', '35822095', '9244427', '37877521'}","['0.7568', '0.7743', '0.6523', '0.9966', '0.8634', '0.9985', '0.9377', '0.9942', '0.4998']","('@CHEMICAL_Phenylalanine', 'Association', '@DISEASE_Alkaptonuria')"
D014443,D000474,Negative_Correlation,@CHEMICAL_Tyrosine,@DISEASE_Alkaptonuria,"{'40092270', '19180686', '25597736', '17213354', '39735452', '34736252', '24206226', '6503572', '23105706', '31503358', '10876237'}","['0.6314', '0.9776', '0.9984', '0.6642', '0.9984', '0.5959', '0.9983', '0.9125', '0.9763', '0.6221', '0.9968']","('@CHEMICAL_Tyrosine', 'Negative_Correlation', '@DISEASE_Alkaptonuria')"
D003110,7157,Association,@DISEASE_Colonic_Neoplasms,@GENE_TP53,{'17419219'},['0.995'],"('@DISEASE_Colonic_Neoplasms', 'Association', '@GENE_TP53')"
D008228,7157,Association,@DISEASE_Lymphoma_Non_Hodgkin,@GENE_TP53,"{'19638963', '39714770', '32541631', '29525853', '24721904', '17419219', '24952744', '25284618', '32431062', '8620779', '23256952', '10571818', '23112547', '15842632', '37341234', '10657016', '36251540', '37544878', '7559739', '29764708', '10560487', '18854267', '18383889', '35274753', '12434121', '12533829', '31715145', '17652955', '27818592', '21263251', '15067728', '28295252', '29676351', '11374668', '38551383', '31781186', '12385431', '9468583'}","['0.9972', '0.9985', '0.9987', '0.9979', '0.9993', '0.9994', '0.9994', '0.9942', '0.9982', '0.9996', '0.9785', '0.9944', '0.9979', '0.9994', '0.6248', '0.6997', '0.9795', '0.9894', '0.9813', '0.9947', '0.9984', '0.9975', '0.9412', '0.9991', '0.9915', '0.9803', '0.999', '0.8339', '0.9984', '0.979', '0.9969', '0.9991', '0.9899', '0.9997', '0.9996', '0.8977', '0.8424', '0.9991']","('@DISEASE_Lymphoma_Non_Hodgkin', 'Association', '@GENE_TP53')"
D013274,7157,Association,@DISEASE_Stomach_Neoplasms,@GENE_TP53,"{'27514024', '15842632', '17419219', '12434121', '40487943'}","['0.9958', '0.998', '0.9995', '0.9979', '0.8792']","('@DISEASE_Stomach_Neoplasms', 'Association', '@GENE_TP53')"
C077073,D010649,Association,@CHEMICAL_nitisinone,@CHEMICAL_Phenylalanine,"{'35680516', '36005644'}","['0.993', '0.7688']","('@CHEMICAL_nitisinone', 'Association', '@CHEMICAL_Phenylalanine')"
C077073,C536030,Negative_Correlation,@CHEMICAL_nitisinone,@DISEASE_MASS_syndrome,{'35680516'},['0.8944'],"('@CHEMICAL_nitisinone', 'Negative_Correlation', '@DISEASE_MASS_syndrome')"
C077073,D000474,Negative_Correlation,@CHEMICAL_nitisinone,@DISEASE_Alkaptonuria,"{'35028273', '35028270', '32322505', '36295804', '23511227', '37446173', '40243989', '37404676', '10083729', '36253209', '21620748', '30049652', '32904992', '34641489', '35242577', '25628464', '31503358', '34059444', '23430917', '34344451', '32083330', '35822095', '33452825', '35433173', '35680516', '20301627', '28879639', '26947423', '25860819', '36966367', '12501223', '40162283', '26596578', '24772955', '29147990', '36005644', '15931605', '30263914', '32822600', '39203858', '35822087', '21744089', '40784658', '35685462', '31037385', '36465977', '35671204', '28942493', '25804398', '21813063', '30055994', '36985595', '30782595', '28081634', '40138457', '40157162', '36270742', '21748407', '39290064', '31235217', '31392115', '34736252', '28690378', '33314212', '29654544', '38487984', '36295892', '39925566', '36980965', '32158253', '25665838', '25772318', '36045846', '31228435', '36295829', '25940034', '26024586', '40375095', '25475116', '31296884', '36167967', '24997710', '24952314', '23486607', '33000720', '37443717', '40071956', '34485014', '34926730', '25680927', '35822094', '28128559', '27943071', '36429096', '25786641', '29754208', '33910624', '36295821'}","['0.999', '0.9991', '0.9984', '0.9979', '0.8731', '0.9936', '0.9987', '0.9984', '0.9988', '0.9207', '0.9979', '0.7744', '0.9983', '0.9984', '0.9988', '0.9965', '0.9991', '0.9968', '0.9988', '0.9989', '0.9951', '0.9965', '0.9989', '0.9967', '0.9946', '0.9982', '0.9981', '0.9949', '0.9583', '0.9982', '0.5246', '0.9984', '0.998', '0.999', '0.9923', '0.9987', '0.998', '0.9989', '0.6418', '0.9988', '0.9985', '0.9952', '0.999', '0.9956', '0.9989', '0.9984', '0.9935', '0.998', '0.9984', '0.8554', '0.9986', '0.9973', '0.9986', '0.9987', '0.9973', '0.989', '0.9985', '0.9992', '0.9816', '0.9988', '0.9979', '0.9987', '0.9986', '0.9986', '0.9988', '0.9974', '0.9973', '0.9978', '0.9701', '0.8807', '0.9991', '0.9991', '0.9969', '0.9968', '0.995', '0.9988', '0.9982', '0.9977', '0.9983', '0.9984', '0.9986', '0.9864', '0.9988', '0.9967', '0.9959', '0.9974', '0.9987', '0.9984', '0.9977', '0.7919', '0.9966', '0.9982', '0.9978', '0.995', '0.9985', '0.9971', '0.9986', '0.9991']","('@CHEMICAL_nitisinone', 'Negative_Correlation', '@DISEASE_Alkaptonuria')"
C077073,,Association,@CHEMICAL_nitisinone,unknown,"{'36295829', '35680516'}","['0.5206', '0.9995']","('@CHEMICAL_nitisinone', 'Association', 'unknown')"
C077073,D014443,Association,@CHEMICAL_nitisinone,@CHEMICAL_Tyrosine,"{'15327392', '35680516', '40138457', '25680927', '39203858', '30782595', '25772318', '36167967', '36295821', '28081634', '35242577'}","['0.9705', '0.9973', '0.9706', '0.9284', '0.6013', '0.9793', '0.9707', '0.9342', '0.9766', '0.9006', '0.8593']","('@CHEMICAL_nitisinone', 'Association', '@CHEMICAL_Tyrosine')"
D000474,,Association,@DISEASE_Alkaptonuria,unknown,"{'36295829', '35680516'}","['0.9591', '0.9984']","('@DISEASE_Alkaptonuria', 'Association', 'unknown')"
D002118,C538390,Positive_Correlation,@CHEMICAL_Calcium,@DISEASE_Hypertrichosis_anterior_cervical,{'40592283'},['0.9989'],"('@CHEMICAL_Calcium', 'Positive_Correlation', '@DISEASE_Hypertrichosis_anterior_cervical')"
D002118,D014456,Positive_Correlation,@CHEMICAL_Calcium,@DISEASE_Ulcer,{'40592283'},['0.9674'],"('@CHEMICAL_Calcium', 'Positive_Correlation', '@DISEASE_Ulcer')"
D002118,D003371,Positive_Correlation,@CHEMICAL_Calcium,@DISEASE_Cough,{'40592283'},['0.9986'],"('@CHEMICAL_Calcium', 'Positive_Correlation', '@DISEASE_Cough')"
D002118,D001471,Negative_Correlation,@CHEMICAL_Calcium,@DISEASE_Barrett_Esophagus,{'40592283'},['0.9875'],"('@CHEMICAL_Calcium', 'Negative_Correlation', '@DISEASE_Barrett_Esophagus')"
D002118,D000230,Negative_Correlation,@CHEMICAL_Calcium,@DISEASE_Adenocarcinoma,{'40592283'},['0.6301'],"('@CHEMICAL_Calcium', 'Negative_Correlation', '@DISEASE_Adenocarcinoma')"
D002118,D011230,Negative_Correlation,@CHEMICAL_Calcium,@DISEASE_Precancerous_Conditions,{'40592283'},['0.5807'],"('@CHEMICAL_Calcium', 'Negative_Correlation', '@DISEASE_Precancerous_Conditions')"
D002118,D010146,Positive_Correlation,@CHEMICAL_Calcium,@DISEASE_Pain,{'40592283'},['0.9985'],"('@CHEMICAL_Calcium', 'Positive_Correlation', '@DISEASE_Pain')"
D002118,D009369,Negative_Correlation,@CHEMICAL_Calcium,@DISEASE_Neoplasms,{'40592283'},['0.9829'],"('@CHEMICAL_Calcium', 'Negative_Correlation', '@DISEASE_Neoplasms')"
D002118,D006261,Positive_Correlation,@CHEMICAL_Calcium,@DISEASE_Headache,{'40592283'},['0.9987'],"('@CHEMICAL_Calcium', 'Positive_Correlation', '@DISEASE_Headache')"
D014443,29126,Association,@CHEMICAL_Tyrosine,@GENE_CD274,{'37786553'},['0.9986'],"('@CHEMICAL_Tyrosine', 'Association', '@GENE_CD274')"
D014233,D014443,Association,@CHEMICAL_Tricarboxylic_Acids,@CHEMICAL_Tyrosine,{'37786553'},['0.9986'],"('@CHEMICAL_Tricarboxylic_Acids', 'Association', '@CHEMICAL_Tyrosine')"
D014233,D005910,Association,@CHEMICAL_Tricarboxylic_Acids,@DISEASE_Glioma,{'37786553'},['0.9962'],"('@CHEMICAL_Tricarboxylic_Acids', 'Association', '@DISEASE_Glioma')"
D007656,D005910,Association,@CHEMICAL_Ketoglutaric_Acids,@DISEASE_Glioma,{'37786553'},['0.9988'],"('@CHEMICAL_Ketoglutaric_Acids', 'Association', '@DISEASE_Glioma')"
D014443,2184,Association,@CHEMICAL_Tyrosine,@GENE_FAH,"{'23620802', '36295804', '15327392', '8849333', '9305902', '10665936', '37786553', '16492973', '17513424', '10518553', '12137232', '36980965'}","['0.9992', '0.876', '0.9947', '0.9977', '0.9991', '0.8649', '0.893', '0.9994', '0.9808', '0.9939', '0.9856', '0.9985', '0.9446']","('@CHEMICAL_Tyrosine', 'Association', '@GENE_FAH')"
D005650,D005910,Association,@CHEMICAL_Fumarates,@DISEASE_Glioma,{'37786553'},['0.9987'],"('@CHEMICAL_Fumarates', 'Association', '@DISEASE_Glioma')"
D005910,3081,Association,@DISEASE_Glioma,@GENE_HGD,{'37786553'},['0.9995'],"('@DISEASE_Glioma', 'Association', '@GENE_HGD')"
D014443,D009369,Association,@CHEMICAL_Tyrosine,@DISEASE_Neoplasms,{'37786553'},['0.999'],"('@CHEMICAL_Tyrosine', 'Association', '@DISEASE_Neoplasms')"
D014443,3081,Association,@CHEMICAL_Tyrosine,@GENE_HGD,"{'35611280', '21813063', '30737480', '32158253', '19765774', '4387481', '35822095', '36985595', '35562974', '12872815', '24193123', '40650421', '36376482', '38200408', '37786553', '32202644', '23620802', '25733348', '14678794', '23105706', '11001939', '10518553', '35685462', '25681086', '36465977', '18724531', '19816789'}","['0.9993', '0.9952', '0.9798', '0.9995', '0.9992', '0.9975', '0.9993', '0.9991', '0.6807', '0.9992', '0.9601', '0.9965', '0.9619', '0.9995', '0.9978', '0.9367', '0.898', '0.9111', '0.959', '0.9934', '0.9722', '0.8744', '0.9164', '0.9798', '0.7931', '0.9137', '0.9799']","('@CHEMICAL_Tyrosine', 'Association', '@GENE_HGD')"
D005910,29126,Association,@DISEASE_Glioma,@GENE_CD274,{'37786553'},['0.9994'],"('@DISEASE_Glioma', 'Association', '@GENE_CD274')"
D014233,29126,Association,@CHEMICAL_Tricarboxylic_Acids,@GENE_CD274,{'37786553'},['0.962'],"('@CHEMICAL_Tricarboxylic_Acids', 'Association', '@GENE_CD274')"
D005910,2184,Association,@DISEASE_Glioma,@GENE_FAH,{'37786553'},['0.9993'],"('@DISEASE_Glioma', 'Association', '@GENE_FAH')"
D014443,3242,Association,@CHEMICAL_Tyrosine,@GENE_HPD,"{'12014960', '23950902', '8924597', '25266991', '25182962', '36295804', '37786553', '32750420', '32756361', '11073718', '12939152', '28637410', '8975769', '18452231', '28128559', '31722428', '16197918', '12137232', '31578365', '30684868'}","['0.9991', '0.9992', '0.9971', '0.979', '0.9996', '0.9479', '0.999', '0.9983', '0.8139', '0.9983', '0.9989', '0.9969', '0.9878', '0.9992', '0.9976', '0.9844', '0.9933', '0.9996', '0.9993', '0.9989']","('@CHEMICAL_Tyrosine', 'Association', '@GENE_HPD')"
D014443,D005910,Association,@CHEMICAL_Tyrosine,@DISEASE_Glioma,{'37786553'},['0.9965'],"('@CHEMICAL_Tyrosine', 'Association', '@DISEASE_Glioma')"
D005910,3242,Association,@DISEASE_Glioma,@GENE_HPD,{'37786553'},['0.9987'],"('@DISEASE_Glioma', 'Association', '@GENE_HPD')"
D009369,100302255,Association,@DISEASE_Neoplasms,@GENE_MIR1323,{'34796198'},['0.9441'],"('@DISEASE_Neoplasms', 'Association', '@GENE_MIR1323')"
D009369,100126318,Association,@DISEASE_Neoplasms,@GENE_MIR301B,{'34796198'},['0.9857'],"('@DISEASE_Neoplasms', 'Association', '@GENE_MIR301B')"
D010758,D015792,Positive_Correlation,@CHEMICAL_Phosphorus,@DISEASE_Retinal_Dysplasia,{'26071064'},['0.801'],"('@CHEMICAL_Phosphorus', 'Positive_Correlation', '@DISEASE_Retinal_Dysplasia')"
D017323,D001471,Negative_Correlation,@CHEMICAL_Dihematoporphyrin_Ether,@DISEASE_Barrett_Esophagus,"{'22699800', '18996379', '24284112', '24222954', '16788927', '17643436', '26071064', '16185958'}","['0.5749', '0.9989', '0.9732', '0.9662', '0.9968', '0.9985', '0.9991', '0.9957']","('@CHEMICAL_Dihematoporphyrin_Ether', 'Negative_Correlation', '@DISEASE_Barrett_Esophagus')"
D010758,D000230,Positive_Correlation,@CHEMICAL_Phosphorus,@DISEASE_Adenocarcinoma,{'26071064'},['0.8815'],"('@CHEMICAL_Phosphorus', 'Positive_Correlation', '@DISEASE_Adenocarcinoma')"
D010758,D008228,Positive_Correlation,@CHEMICAL_Phosphorus,@DISEASE_Lymphoma_Non_Hodgkin,{'26071064'},['0.7576'],"('@CHEMICAL_Phosphorus', 'Positive_Correlation', '@DISEASE_Lymphoma_Non_Hodgkin')"
D010758,D009369,Negative_Correlation,@CHEMICAL_Phosphorus,@DISEASE_Neoplasms,"{'16788927', '26071064'}","['0.9989', '0.9989']","('@CHEMICAL_Phosphorus', 'Negative_Correlation', '@DISEASE_Neoplasms')"
D010758,D012075,Negative_Correlation,@CHEMICAL_Phosphorus,@DISEASE_Remission_Spontaneous,{'26071064'},['0.5443'],"('@CHEMICAL_Phosphorus', 'Negative_Correlation', '@DISEASE_Remission_Spontaneous')"
D010758,D001471,Negative_Correlation,@CHEMICAL_Phosphorus,@DISEASE_Barrett_Esophagus,"{'16788927', '26071064'}","['0.9965', '0.9992']","('@CHEMICAL_Phosphorus', 'Negative_Correlation', '@DISEASE_Barrett_Esophagus')"
D010758,D003251,Positive_Correlation,@CHEMICAL_Phosphorus,@DISEASE_Constriction_Pathologic,{'26071064'},['0.9906'],"('@CHEMICAL_Phosphorus', 'Positive_Correlation', '@DISEASE_Constriction_Pathologic')"
D000069463,D024502,Association,@CHEMICAL_Olive_Oil,@CHEMICAL_alpha_Tocopherol,{'40098644'},['0.8273'],"('@CHEMICAL_Olive_Oil', 'Association', '@CHEMICAL_alpha_Tocopherol')"
D013481,D000474,Association,@CHEMICAL_Superoxides,@DISEASE_Alkaptonuria,{'2835867'},['0.9907'],"('@CHEMICAL_Superoxides', 'Association', '@DISEASE_Alkaptonuria')"
D015179,4316,Association,@DISEASE_Colorectal_Neoplasms,@GENE_MMP7,"{'12112311', '33974241'}","['0.9976', '0.9996']","('@DISEASE_Colorectal_Neoplasms', 'Association', '@GENE_MMP7')"
D063646,4316,Association,@DISEASE_Carcinogenesis,@GENE_MMP7,{'12112311'},['0.9996'],"('@DISEASE_Carcinogenesis', 'Association', '@GENE_MMP7')"
D009361,4316,Positive_Correlation,@DISEASE_Neoplasm_Invasiveness,@GENE_MMP7,{'12112311'},['0.8775'],"('@DISEASE_Neoplasm_Invasiveness', 'Positive_Correlation', '@GENE_MMP7')"
D003093,4316,Association,@DISEASE_Colitis_Ulcerative,@GENE_MMP7,{'12112311'},['0.9997'],"('@DISEASE_Colitis_Ulcerative', 'Association', '@GENE_MMP7')"
D009369,4316,Association,@DISEASE_Neoplasms,@GENE_MMP7,{'12112311'},['0.9971'],"('@DISEASE_Neoplasms', 'Association', '@GENE_MMP7')"
D009362,4316,Association,@DISEASE_Neoplasm_Metastasis,@GENE_MMP7,{'12112311'},['0.9984'],"('@DISEASE_Neoplasm_Metastasis', 'Association', '@GENE_MMP7')"
D015792,4316,Association,@DISEASE_Retinal_Dysplasia,@GENE_MMP7,{'12112311'},['0.9743'],"('@DISEASE_Retinal_Dysplasia', 'Association', '@GENE_MMP7')"
D009584,D000230,Negative_Correlation,@CHEMICAL_Nitrogen,@DISEASE_Adenocarcinoma,"{'28979713', '28235596'}","['0.5001', '0.9974']","('@CHEMICAL_Nitrogen', 'Negative_Correlation', '@DISEASE_Adenocarcinoma')"
D009584,D001471,Negative_Correlation,@CHEMICAL_Nitrogen,@DISEASE_Barrett_Esophagus,"{'28235596', '28979713', '23622979', '36397870', '30715267', '21826629'}","['0.9954', '0.9989', '0.999', '0.999', '0.9981', '0.9985']","('@CHEMICAL_Nitrogen', 'Negative_Correlation', '@DISEASE_Barrett_Esophagus')"
D009059,1499,Association,@DISEASE_Mouth_Diseases,@GENE_CTNNB1,{'29772067'},['0.9991'],"('@DISEASE_Mouth_Diseases', 'Association', '@GENE_CTNNB1')"
D015179,7157,Association,@DISEASE_Colorectal_Neoplasms,@GENE_TP53,"{'29772067', '7559739', '10571818', '40384196', '15067728'}","['0.805', '0.9878', '0.9528', '0.9988', '0.9991']","('@DISEASE_Colorectal_Neoplasms', 'Association', '@GENE_TP53')"
D009059,7157,Association,@DISEASE_Mouth_Diseases,@GENE_TP53,"{'29772067', '10560487', '40384196'}","['0.9996', '0.9979', '0.9992']","('@DISEASE_Mouth_Diseases', 'Association', '@GENE_TP53')"
D001120,D007333,Positive_Correlation,@CHEMICAL_Arginine,@DISEASE_Insulin_Resistance,{'38422035'},['0.9981'],"('@CHEMICAL_Arginine', 'Positive_Correlation', '@DISEASE_Insulin_Resistance')"
D001224,D007333,Positive_Correlation,@CHEMICAL_Aspartic_Acid,@DISEASE_Insulin_Resistance,{'38422035'},['0.9982'],"('@CHEMICAL_Aspartic_Acid', 'Positive_Correlation', '@DISEASE_Insulin_Resistance')"
D014443,D007333,Positive_Correlation,@CHEMICAL_Tyrosine,@DISEASE_Insulin_Resistance,{'38422035'},['0.9938'],"('@CHEMICAL_Tyrosine', 'Positive_Correlation', '@DISEASE_Insulin_Resistance')"
D007930,D007333,Positive_Correlation,@CHEMICAL_Leucine,@DISEASE_Insulin_Resistance,{'38422035'},['0.9969'],"('@CHEMICAL_Leucine', 'Positive_Correlation', '@DISEASE_Insulin_Resistance')"
D011392,D007333,Positive_Correlation,@CHEMICAL_Proline,@DISEASE_Insulin_Resistance,{'38422035'},['0.9962'],"('@CHEMICAL_Proline', 'Positive_Correlation', '@DISEASE_Insulin_Resistance')"
D013654,D007333,Positive_Correlation,@CHEMICAL_Taurine,@DISEASE_Insulin_Resistance,{'38422035'},['0.9945'],"('@CHEMICAL_Taurine', 'Positive_Correlation', '@DISEASE_Insulin_Resistance')"
D010649,D007333,Positive_Correlation,@CHEMICAL_Phenylalanine,@DISEASE_Insulin_Resistance,{'38422035'},['0.9953'],"('@CHEMICAL_Phenylalanine', 'Positive_Correlation', '@DISEASE_Insulin_Resistance')"
D014633,D007333,Positive_Correlation,@CHEMICAL_Valine,@DISEASE_Insulin_Resistance,{'38422035'},['0.9893'],"('@CHEMICAL_Valine', 'Positive_Correlation', '@DISEASE_Insulin_Resistance')"
D006713,D010859,Positive_Correlation,@CHEMICAL_Homogentisic_Acid,@DISEASE_Pigmentation_Disorders,"{'10488288', '31989660', '39707148', '34799606', '23357094', '40645714', '36295892', '7821069'}","['0.993', '0.976', '0.8121', '0.5596', '0.9987', '0.9831', '0.9781', '0.9133']","('@CHEMICAL_Homogentisic_Acid', 'Positive_Correlation', '@DISEASE_Pigmentation_Disorders')"
D006713,D017093,Association,@CHEMICAL_Homogentisic_Acid,@DISEASE_Liver_Failure,{'39707148'},['0.96'],"('@CHEMICAL_Homogentisic_Acid', 'Association', '@DISEASE_Liver_Failure')"
C077073,D004194,Association,@CHEMICAL_nitisinone,@DISEASE_Disease,{'39707148'},['0.9889'],"('@CHEMICAL_nitisinone', 'Association', '@DISEASE_Disease')"
D006713,D008661,Negative_Correlation,@CHEMICAL_Homogentisic_Acid,@DISEASE_Metabolism_Inborn_Errors,{'39707148'},['0.61'],"('@CHEMICAL_Homogentisic_Acid', 'Negative_Correlation', '@DISEASE_Metabolism_Inborn_Errors')"
D010100,D004194,Association,@CHEMICAL_Oxygen,@DISEASE_Disease,{'39707148'},['0.9888'],"('@CHEMICAL_Oxygen', 'Association', '@DISEASE_Disease')"
C077073,D010100,Association,@CHEMICAL_nitisinone,@CHEMICAL_Oxygen,"{'12939152', '39707148'}","['0.841', '0.6194']","('@CHEMICAL_nitisinone', 'Association', '@CHEMICAL_Oxygen')"
D013256,D003920,Positive_Correlation,@CHEMICAL_Steroids,@DISEASE_Diabetes_Mellitus,{'26822612'},['0.9989'],"('@CHEMICAL_Steroids', 'Positive_Correlation', '@DISEASE_Diabetes_Mellitus')"
D019804,D014456,Negative_Correlation,@CHEMICAL_Mesalamine,@DISEASE_Ulcer,{'26822612'},['0.9947'],"('@CHEMICAL_Mesalamine', 'Negative_Correlation', '@DISEASE_Ulcer')"
D001205,D000474,Negative_Correlation,@CHEMICAL_Ascorbic_Acid,@DISEASE_Alkaptonuria,"{'40092270', '25713720', '31927521', '20726204', '23704321', '19180686', '20601653', '12542920', '10494297', '33541951', '10985185', '23105706', '28813744', '20648626', '26884684', '3180550', '36053307'}","['0.9977', '0.9983', '0.9974', '0.9727', '0.8985', '0.9975', '0.9808', '0.9983', '0.9984', '0.9966', '0.8526', '0.9542', '0.9906', '0.939', '0.9991', '0.9989', '0.9575']","('@CHEMICAL_Ascorbic_Acid', 'Negative_Correlation', '@DISEASE_Alkaptonuria')"
D006713,D000474,Negative_Correlation,@CHEMICAL_Homogentisic_Acid,@DISEASE_Alkaptonuria,"{'31927521', '21127875', '1943688', '20648626', '28326376', '25940034', '20055850', '26947423', '31441856', '37551372', '25874097', '36966367', '12501223', '6719145', '32823072', '38420236', '30477028', '26474772', '32577465', '33746036', '10360421', '7453930', '39762044', '31503358'}","['0.9105', '0.5027', '0.5123', '0.7062', '0.9467', '0.9201', '0.4429', '0.5212', '0.9004', '0.9457', '0.8548', '0.9338', '0.8606', '0.9582', '0.4042', '0.9516', '0.3949', '0.5649', '0.9495', '0.8991', '0.4586', '0.7677', '0.7152', '0.9602']","('@CHEMICAL_Homogentisic_Acid', 'Negative_Correlation', '@DISEASE_Alkaptonuria')"
D000111,D000474,Negative_Correlation,@CHEMICAL_Acetylcysteine,@DISEASE_Alkaptonuria,"{'20601653', '23704321', '20648626'}","['0.9978', '0.9978', '0.6688']","('@CHEMICAL_Acetylcysteine', 'Negative_Correlation', '@DISEASE_Alkaptonuria')"
D001205,D006713,Negative_Correlation,@CHEMICAL_Ascorbic_Acid,@CHEMICAL_Homogentisic_Acid,"{'3180550', '20648626'}","['0.9967', '0.9987']","('@CHEMICAL_Ascorbic_Acid', 'Negative_Correlation', '@CHEMICAL_Homogentisic_Acid')"
D000111,D001205,Cotreatment,@CHEMICAL_Acetylcysteine,@CHEMICAL_Ascorbic_Acid,"{'23704321', '20648626'}","['0.7096', '0.5955']","('@CHEMICAL_Acetylcysteine', 'Cotreatment', '@CHEMICAL_Ascorbic_Acid')"
D000111,D006713,Negative_Correlation,@CHEMICAL_Acetylcysteine,@CHEMICAL_Homogentisic_Acid,{'20648626'},['0.9975'],"('@CHEMICAL_Acetylcysteine', 'Negative_Correlation', '@CHEMICAL_Homogentisic_Acid')"
D008228,6925,Positive_Correlation,@DISEASE_Lymphoma_Non_Hodgkin,@GENE_TCF4,{'22889748'},['0.9992'],"('@DISEASE_Lymphoma_Non_Hodgkin', 'Positive_Correlation', '@GENE_TCF4')"
D001647,3280,Positive_Correlation,@CHEMICAL_Bile_Acids_and_Salts,@GENE_HES1,{'22889748'},['0.9976'],"('@CHEMICAL_Bile_Acids_and_Salts', 'Positive_Correlation', '@GENE_HES1')"
D008228,1045,Positive_Correlation,@DISEASE_Lymphoma_Non_Hodgkin,@GENE_CDX2,{'22889748'},['0.9991'],"('@DISEASE_Lymphoma_Non_Hodgkin', 'Positive_Correlation', '@GENE_CDX2')"
D007410,6925,Positive_Correlation,@DISEASE_Intestinal_Diseases,@GENE_TCF4,{'22889748'},['0.9992'],"('@DISEASE_Intestinal_Diseases', 'Positive_Correlation', '@GENE_TCF4')"
D007410,1045,Positive_Correlation,@DISEASE_Intestinal_Diseases,@GENE_CDX2,{'22889748'},['0.9992'],"('@DISEASE_Intestinal_Diseases', 'Positive_Correlation', '@GENE_CDX2')"
D001647,D001471,Negative_Correlation,@CHEMICAL_Bile_Acids_and_Salts,@DISEASE_Barrett_Esophagus,{'22889748'},['0.9979'],"('@CHEMICAL_Bile_Acids_and_Salts', 'Negative_Correlation', '@DISEASE_Barrett_Esophagus')"
D001647,1045,Positive_Correlation,@CHEMICAL_Bile_Acids_and_Salts,@GENE_CDX2,{'22889748'},['0.9977'],"('@CHEMICAL_Bile_Acids_and_Salts', 'Positive_Correlation', '@GENE_CDX2')"
D008228,474,Positive_Correlation,@DISEASE_Lymphoma_Non_Hodgkin,@GENE_ATOH1,{'22889748'},['0.9992'],"('@DISEASE_Lymphoma_Non_Hodgkin', 'Positive_Correlation', '@GENE_ATOH1')"
D001647,6925,Positive_Correlation,@CHEMICAL_Bile_Acids_and_Salts,@GENE_TCF4,{'22889748'},['0.9978'],"('@CHEMICAL_Bile_Acids_and_Salts', 'Positive_Correlation', '@GENE_TCF4')"
D001471,474,Association,@DISEASE_Barrett_Esophagus,@GENE_ATOH1,{'22889748'},['0.9122'],"('@DISEASE_Barrett_Esophagus', 'Association', '@GENE_ATOH1')"
D007410,474,Positive_Correlation,@DISEASE_Intestinal_Diseases,@GENE_ATOH1,{'22889748'},['0.9992'],"('@DISEASE_Intestinal_Diseases', 'Positive_Correlation', '@GENE_ATOH1')"
D001647,474,Positive_Correlation,@CHEMICAL_Bile_Acids_and_Salts,@GENE_ATOH1,{'22889748'},['0.9964'],"('@CHEMICAL_Bile_Acids_and_Salts', 'Positive_Correlation', '@GENE_ATOH1')"
D008228,3280,Positive_Correlation,@DISEASE_Lymphoma_Non_Hodgkin,@GENE_HES1,{'22889748'},['0.9991'],"('@DISEASE_Lymphoma_Non_Hodgkin', 'Positive_Correlation', '@GENE_HES1')"
D007410,3280,Positive_Correlation,@DISEASE_Intestinal_Diseases,@GENE_HES1,{'22889748'},['0.9992'],"('@DISEASE_Intestinal_Diseases', 'Positive_Correlation', '@GENE_HES1')"
D006713,D008543,Association,@CHEMICAL_Homogentisic_Acid,@CHEMICAL_Melanins,"{'25294803', '7511438', '17098915', '22850426', '30984552', '31029629', '30341077', '30539256', '29043820', '7747976', '24772955', '24816780', '25868666'}","['0.9341', '0.9485', '0.9932', '0.9048', '0.3901', '0.7859', '0.8726', '0.9988', '0.9444', '0.6805', '0.9787', '0.5608', '0.5437']","('@CHEMICAL_Homogentisic_Acid', 'Association', '@CHEMICAL_Melanins')"
C010590,D014443,Association,@CHEMICAL_4_hydroxyphenylpyruvic_acid,@CHEMICAL_Tyrosine,"{'27726859', '12590595', '25680927', '17640269', '12430028', '7567791', '7813886', '31722428', '16197918', '501206', '31578365', '32756361', '24794033', '11073718', '36717', '24816780', '12939152'}","['0.9978', '0.909', '0.9799', '0.857', '0.5222', '0.5448', '0.7156', '0.8881', '0.9895', '0.9645', '0.7751', '0.414', '0.6772', '0.9595', '0.9966', '0.782', '0.3986']","('@CHEMICAL_4_hydroxyphenylpyruvic_acid', 'Association', '@CHEMICAL_Tyrosine')"
C010590,D008543,Association,@CHEMICAL_4_hydroxyphenylpyruvic_acid,@CHEMICAL_Melanins,"{'11557138', '24816780'}","['0.9414', '0.4342']","('@CHEMICAL_4_hydroxyphenylpyruvic_acid', 'Association', '@CHEMICAL_Melanins')"
D010070,D006959,Positive_Correlation,@CHEMICAL_Oxalates,@DISEASE_Hyperoxaluria,{'3333140'},['0.9718'],"('@CHEMICAL_Oxalates', 'Positive_Correlation', '@DISEASE_Hyperoxaluria')"
D008055,C536778,Positive_Correlation,@CHEMICAL_Lipids,@DISEASE_Systemic_carnitine_deficiency,{'3333140'},['0.9509'],"('@CHEMICAL_Lipids', 'Positive_Correlation', '@DISEASE_Systemic_carnitine_deficiency')"
D010070,D000474,Association,@CHEMICAL_Oxalates,@DISEASE_Alkaptonuria,{'3333140'},['0.8737'],"('@CHEMICAL_Oxalates', 'Association', '@DISEASE_Alkaptonuria')"
D013481,D010661,Association,@CHEMICAL_Superoxides,@DISEASE_Phenylketonurias,{'34432558'},['0.8854'],"('@CHEMICAL_Superoxides', 'Association', '@DISEASE_Phenylketonurias')"
D017382,D010661,Association,@CHEMICAL_Reactive_Oxygen_Species,@DISEASE_Phenylketonurias,{'34432558'},['0.9984'],"('@CHEMICAL_Reactive_Oxygen_Species', 'Association', '@DISEASE_Phenylketonurias')"
D014443,D030342,Association,@CHEMICAL_Tyrosine,@DISEASE_Genetic_Diseases_Inborn,"{'15581571', '40138457', '10665936', '32466960', '16899383', '21620748', '35822095', '36980965', '17513424', '36465977', '33000720', '23879342', '34194920'}","['0.9062', '0.9337', '0.9945', '0.5301', '0.988', '0.9378', '0.9654', '0.9753', '0.9783', '0.9194', '0.9992', '0.9964', '0.9959']","('@CHEMICAL_Tyrosine', 'Association', '@DISEASE_Genetic_Diseases_Inborn')"
C105171,D006713,Association,@CHEMICAL_fumarylacetoacetate,@CHEMICAL_Homogentisic_Acid,{'1260531'},['0.9683'],"('@CHEMICAL_fumarylacetoacetate', 'Association', '@CHEMICAL_Homogentisic_Acid')"
C030272,D006713,Association,@CHEMICAL_maleic_acid,@CHEMICAL_Homogentisic_Acid,{'1260531'},['0.9011'],"('@CHEMICAL_maleic_acid', 'Association', '@CHEMICAL_Homogentisic_Acid')"
D005650,D006713,Association,@CHEMICAL_Fumarates,@CHEMICAL_Homogentisic_Acid,{'1260531'},['0.9373'],"('@CHEMICAL_Fumarates', 'Association', '@CHEMICAL_Homogentisic_Acid')"
C016635,D006713,Association,@CHEMICAL_acetoacetic_acid,@CHEMICAL_Homogentisic_Acid,{'1260531'},['0.6433'],"('@CHEMICAL_acetoacetic_acid', 'Association', '@CHEMICAL_Homogentisic_Acid')"
C460372,D003999,Positive_Correlation,@CHEMICAL_maleylacetone,@CHEMICAL_Dichloroacetic_Acid,{'12730618'},['0.9992'],"('@CHEMICAL_maleylacetone', 'Positive_Correlation', '@CHEMICAL_Dichloroacetic_Acid')"
D003999,D020176,Negative_Correlation,@CHEMICAL_Dichloroacetic_Acid,@DISEASE_Tyrosinemias,{'12730618'},['0.7731'],"('@CHEMICAL_Dichloroacetic_Acid', 'Negative_Correlation', '@DISEASE_Tyrosinemias')"
C105171,D014443,Association,@CHEMICAL_fumarylacetoacetate,@CHEMICAL_Tyrosine,"{'12730618', '11368331', '23743712'}","['0.9909', '0.5652', '0.9895']","('@CHEMICAL_fumarylacetoacetate', 'Association', '@CHEMICAL_Tyrosine')"
D003999,25374,Negative_Correlation,@CHEMICAL_Dichloroacetic_Acid,@GENE_ALAD,{'12730618'},['0.9993'],"('@CHEMICAL_Dichloroacetic_Acid', 'Negative_Correlation', '@GENE_ALAD')"
C105171,681913,Association,@CHEMICAL_fumarylacetoacetate,@GENE_GSTZ1,"{'12730618', '11327815', '12052898'}","['0.5888', '0.9506', '0.7734']","('@CHEMICAL_fumarylacetoacetate', 'Association', '@GENE_GSTZ1')"
D003999,D000140,Negative_Correlation,@CHEMICAL_Dichloroacetic_Acid,@DISEASE_Acidosis_Lactic,{'12730618'},['0.9987'],"('@CHEMICAL_Dichloroacetic_Acid', 'Negative_Correlation', '@DISEASE_Acidosis_Lactic')"
D003999,681913,Negative_Correlation,@CHEMICAL_Dichloroacetic_Acid,@GENE_GSTZ1,{'12730618'},['0.999'],"('@CHEMICAL_Dichloroacetic_Acid', 'Negative_Correlation', '@GENE_GSTZ1')"
D003999,D064420,Association,@CHEMICAL_Dichloroacetic_Acid,@DISEASE_Drug_Related_Side_Effects_and_Adverse_Reactions,{'12730618'},['0.5014'],"('@CHEMICAL_Dichloroacetic_Acid', 'Association', '@DISEASE_Drug_Related_Side_Effects_and_Adverse_Reactions')"
D000140,681913,Association,@DISEASE_Acidosis_Lactic,@GENE_GSTZ1,{'12730618'},['0.9965'],"('@DISEASE_Acidosis_Lactic', 'Association', '@GENE_GSTZ1')"
D006713,C000718787,Positive_Correlation,@CHEMICAL_Homogentisic_Acid,@DISEASE_AA_amyloidosis,"{'27865997', '22850426', '25733348'}","['0.9967', '0.9986', '0.9994']","('@CHEMICAL_Homogentisic_Acid', 'Positive_Correlation', '@DISEASE_AA_amyloidosis')"
D006713,D008055,Association,@CHEMICAL_Homogentisic_Acid,@CHEMICAL_Lipids,"{'39351877', '25733348', '21874298'}","['0.9519', '0.9692', '0.9992']","('@CHEMICAL_Homogentisic_Acid', 'Association', '@CHEMICAL_Lipids')"
D006713,D013438,Negative_Correlation,@CHEMICAL_Homogentisic_Acid,@CHEMICAL_Sulfhydryl_Compounds,"{'25733348', '21874298'}","['0.9969', '0.9633']","('@CHEMICAL_Homogentisic_Acid', 'Negative_Correlation', '@CHEMICAL_Sulfhydryl_Compounds')"
D010649,3081,Association,@CHEMICAL_Phenylalanine,@GENE_HGD,"{'23620802', '40650421', '21813063', '21874298', '25733348', '11001939', '10985185', '18724531', '12872815', '19816789'}","['0.9868', '0.9995', '0.9985', '0.9989', '0.9941', '0.5207', '0.9917', '0.9973', '0.9945', '0.9722']","('@CHEMICAL_Phenylalanine', 'Association', '@GENE_HGD')"
C037032,D050197,Negative_Correlation,@CHEMICAL_galangin,@DISEASE_Atherosclerosis,{'29698773'},['0.563'],"('@CHEMICAL_galangin', 'Negative_Correlation', '@DISEASE_Atherosclerosis')"
D006569,D050197,Association,@CHEMICAL_Hesperidin,@DISEASE_Atherosclerosis,{'29698773'},['0.3667'],"('@CHEMICAL_Hesperidin', 'Association', '@DISEASE_Atherosclerosis')"
C107601,D050197,Association,@CHEMICAL_glabridin,@DISEASE_Atherosclerosis,{'29698773'},['0.7464'],"('@CHEMICAL_glabridin', 'Association', '@DISEASE_Atherosclerosis')"
D006713,D050197,Association,@CHEMICAL_Homogentisic_Acid,@DISEASE_Atherosclerosis,{'29698773'},['0.4234'],"('@CHEMICAL_Homogentisic_Acid', 'Association', '@DISEASE_Atherosclerosis')"
D000077779,5339,Association,@DISEASE_Pancreatic_Intraductal_Neoplasms,@GENE_PLEC,{'27101571'},['0.9967'],"('@DISEASE_Pancreatic_Intraductal_Neoplasms', 'Association', '@GENE_PLEC')"
D006713,D000081029,Association,@CHEMICAL_Homogentisic_Acid,@DISEASE_Pulmonary_Arterial_Hypertension,{'37765098'},['0.9995'],"('@CHEMICAL_Homogentisic_Acid', 'Association', '@DISEASE_Pulmonary_Arterial_Hypertension')"
D002794,D000081029,Association,@CHEMICAL_Choline,@DISEASE_Pulmonary_Arterial_Hypertension,{'37765098'},['0.9993'],"('@CHEMICAL_Choline', 'Association', '@DISEASE_Pulmonary_Arterial_Hypertension')"
D002794,D000086382,Association,@CHEMICAL_Choline,@DISEASE_COVID_19,{'37765098'},['0.9986'],"('@CHEMICAL_Choline', 'Association', '@DISEASE_COVID_19')"
D004896,D000086382,Association,@CHEMICAL_Erythritol,@DISEASE_COVID_19,{'37765098'},['0.9952'],"('@CHEMICAL_Erythritol', 'Association', '@DISEASE_COVID_19')"
C031570,D007249,Association,@CHEMICAL_2_hydroxybutyric_acid,@DISEASE_Inflammation,{'37765098'},['0.6966'],"('@CHEMICAL_2_hydroxybutyric_acid', 'Association', '@DISEASE_Inflammation')"
D003404,D000086382,Association,@CHEMICAL_Creatinine,@DISEASE_COVID_19,{'37765098'},['0.999'],"('@CHEMICAL_Creatinine', 'Association', '@DISEASE_COVID_19')"
D001120,D000081029,Association,@CHEMICAL_Arginine,@DISEASE_Pulmonary_Arterial_Hypertension,{'37765098'},['0.9992'],"('@CHEMICAL_Arginine', 'Association', '@DISEASE_Pulmonary_Arterial_Hypertension')"
D001120,D000086382,Association,@CHEMICAL_Arginine,@DISEASE_COVID_19,{'37765098'},['0.9982'],"('@CHEMICAL_Arginine', 'Association', '@DISEASE_COVID_19')"
D000409,D000086382,Association,@CHEMICAL_Alanine,@DISEASE_COVID_19,{'37765098'},['0.9983'],"('@CHEMICAL_Alanine', 'Association', '@DISEASE_COVID_19')"
C031570,D000081029,Association,@CHEMICAL_2_hydroxybutyric_acid,@DISEASE_Pulmonary_Arterial_Hypertension,{'37765098'},['0.9995'],"('@CHEMICAL_2_hydroxybutyric_acid', 'Association', '@DISEASE_Pulmonary_Arterial_Hypertension')"
C066026,D006973,Negative_Correlation,@CHEMICAL_losartan_carboxylic_acid,@DISEASE_Hypertension,{'37765098'},['0.9939'],"('@CHEMICAL_losartan_carboxylic_acid', 'Negative_Correlation', '@DISEASE_Hypertension')"
D003404,D000081029,Association,@CHEMICAL_Creatinine,@DISEASE_Pulmonary_Arterial_Hypertension,{'37765098'},['0.9993'],"('@CHEMICAL_Creatinine', 'Association', '@DISEASE_Pulmonary_Arterial_Hypertension')"
D004896,D000081029,Association,@CHEMICAL_Erythritol,@DISEASE_Pulmonary_Arterial_Hypertension,{'37765098'},['0.9994'],"('@CHEMICAL_Erythritol', 'Association', '@DISEASE_Pulmonary_Arterial_Hypertension')"
D005947,D000081029,Association,@CHEMICAL_Glucose,@DISEASE_Pulmonary_Arterial_Hypertension,{'37765098'},['0.9991'],"('@CHEMICAL_Glucose', 'Association', '@DISEASE_Pulmonary_Arterial_Hypertension')"
D000409,D000081029,Association,@CHEMICAL_Alanine,@DISEASE_Pulmonary_Arterial_Hypertension,{'37765098'},['0.9991'],"('@CHEMICAL_Alanine', 'Association', '@DISEASE_Pulmonary_Arterial_Hypertension')"
D005973,D000081029,Association,@CHEMICAL_Glutamine,@DISEASE_Pulmonary_Arterial_Hypertension,{'37765098'},['0.9991'],"('@CHEMICAL_Glutamine', 'Association', '@DISEASE_Pulmonary_Arterial_Hypertension')"
D006713,D000086382,Association,@CHEMICAL_Homogentisic_Acid,@DISEASE_COVID_19,{'37765098'},['0.9956'],"('@CHEMICAL_Homogentisic_Acid', 'Association', '@DISEASE_COVID_19')"
D005973,D000086382,Association,@CHEMICAL_Glutamine,@DISEASE_COVID_19,{'37765098'},['0.9984'],"('@CHEMICAL_Glutamine', 'Association', '@DISEASE_COVID_19')"
D005947,D000086382,Association,@CHEMICAL_Glucose,@DISEASE_COVID_19,{'37765098'},['0.9967'],"('@CHEMICAL_Glucose', 'Association', '@DISEASE_COVID_19')"
C031570,D000086382,Association,@CHEMICAL_2_hydroxybutyric_acid,@DISEASE_COVID_19,{'37765098'},['0.9987'],"('@CHEMICAL_2_hydroxybutyric_acid', 'Association', '@DISEASE_COVID_19')"
D019808,D006973,Negative_Correlation,@CHEMICAL_Losartan,@DISEASE_Hypertension,{'37765098'},['0.9955'],"('@CHEMICAL_Losartan', 'Negative_Correlation', '@DISEASE_Hypertension')"
D009532,837168,Association,@CHEMICAL_Nickel,@GENE_PDS1,{'26695298'},['0.721'],"('@CHEMICAL_Nickel', 'Association', '@GENE_PDS1')"
D006713,837168,Association,@CHEMICAL_Homogentisic_Acid,@GENE_PDS1,"{'38469330', '26695298', '16204475', '9701587', '37429412', '15084729', '16681377', '8718624'}","['0.7532', '0.9669', '0.4278', '0.9664', '0.994', '0.8682', '0.6869', '0.9507']","('@CHEMICAL_Homogentisic_Acid', 'Association', '@GENE_PDS1')"
C079906,837168,Negative_Correlation,@CHEMICAL_sulcotrione,@GENE_PDS1,{'26695298'},['0.9981'],"('@CHEMICAL_sulcotrione', 'Negative_Correlation', '@GENE_PDS1')"
rs28941783##,D000474,Association,@VARIANT_p.G161R_HGD_human,@DISEASE_Alkaptonuria,{'33621656'},['0.5985'],"('@VARIANT_p.G161R_HGD_human', 'Association', '@DISEASE_Alkaptonuria')"
D000474,rs28941783##,Association,@DISEASE_Alkaptonuria,@VARIANT_p.G161R_HGD_human,"{'37395296', '33621656', '20462779'}","['0.5875', '0.7021', '0.9011', '0.8772', '0.8946']","('@DISEASE_Alkaptonuria', 'Association', '@VARIANT_p.G161R_HGD_human')"
D000474,rs1357020990##,Association,@DISEASE_Alkaptonuria,@VARIANT_p.G251G_HGD_human,{'33621656'},['0.7588'],"('@DISEASE_Alkaptonuria', 'Association', '@VARIANT_p.G251G_HGD_human')"
#3081#c.753C>T,D000474,Association,@VARIANT_c.753C>T_HGD_human,@DISEASE_Alkaptonuria,{'33621656'},['0.4994'],"('@VARIANT_c.753C>T_HGD_human', 'Association', '@DISEASE_Alkaptonuria')"
C010590,D024322,Association,@CHEMICAL_4_hydroxyphenylpyruvic_acid,@CHEMICAL_Amino_Acids_Aromatic,"{'15084729', '5683508'}","['0.9391', '0.9939']","('@CHEMICAL_4_hydroxyphenylpyruvic_acid', 'Association', '@CHEMICAL_Amino_Acids_Aromatic')"
C010590,837168,Association,@CHEMICAL_4_hydroxyphenylpyruvic_acid,@GENE_PDS1,"{'21613226', '15084729', '16681377'}","['0.9085', '0.9586', '0.9846']","('@CHEMICAL_4_hydroxyphenylpyruvic_acid', 'Association', '@GENE_PDS1')"
D006713,D024322,Association,@CHEMICAL_Homogentisic_Acid,@CHEMICAL_Amino_Acids_Aromatic,"{'15084729', '5683508'}","['0.9167', '0.9929']","('@CHEMICAL_Homogentisic_Acid', 'Association', '@CHEMICAL_Amino_Acids_Aromatic')"
D015179,7124,Association,@DISEASE_Colorectal_Neoplasms,@GENE_TNF,{'30774816'},['0.999'],"('@DISEASE_Colorectal_Neoplasms', 'Association', '@GENE_TNF')"
D015179,3569,Association,@DISEASE_Colorectal_Neoplasms,@GENE_IL6,"{'19926618', '30774816'}","['0.9993', '0.8935']","('@DISEASE_Colorectal_Neoplasms', 'Association', '@GENE_IL6')"
D015179,3553,Association,@DISEASE_Colorectal_Neoplasms,@GENE_IL1B,{'30774816'},['0.9982'],"('@DISEASE_Colorectal_Neoplasms', 'Association', '@GENE_IL1B')"
C079906,3242,Negative_Correlation,@CHEMICAL_sulcotrione,@GENE_HPD,{'9570125'},['0.9992'],"('@CHEMICAL_sulcotrione', 'Negative_Correlation', '@GENE_HPD')"
D005947,D003920,Positive_Correlation,@CHEMICAL_Glucose,@DISEASE_Diabetes_Mellitus,{'19618290'},['0.9992'],"('@CHEMICAL_Glucose', 'Positive_Correlation', '@DISEASE_Diabetes_Mellitus')"
D005947,D050171,Positive_Correlation,@CHEMICAL_Glucose,@DISEASE_Dyslipidemias,{'19618290'},['0.9992'],"('@CHEMICAL_Glucose', 'Positive_Correlation', '@DISEASE_Dyslipidemias')"
D005947,D005234,Positive_Correlation,@CHEMICAL_Glucose,@DISEASE_Fatty_Liver,"{'29899272', '19618290'}","['0.9991', '0.9992']","('@CHEMICAL_Glucose', 'Positive_Correlation', '@DISEASE_Fatty_Liver')"
D005419,D006526,Association,@CHEMICAL_Flavonoids,@DISEASE_Hepatitis_C,{'32391211'},['0.9995'],"('@CHEMICAL_Flavonoids', 'Association', '@DISEASE_Hepatitis_C')"
C584811,D000310,Negative_Correlation,@CHEMICAL_VBP15_compound,@DISEASE_Adrenal_Gland_Neoplasms,{'31451516'},['0.999'],"('@CHEMICAL_VBP15_compound', 'Negative_Correlation', '@DISEASE_Adrenal_Gland_Neoplasms')"
C584811,632,Positive_Correlation,@CHEMICAL_VBP15_compound,@GENE_BGLAP,{'31451516'},['0.986'],"('@CHEMICAL_VBP15_compound', 'Positive_Correlation', '@GENE_BGLAP')"
D001847,632,Positive_Correlation,@DISEASE_Bone_Diseases,@GENE_BGLAP,{'31451516'},['0.6382'],"('@DISEASE_Bone_Diseases', 'Positive_Correlation', '@GENE_BGLAP')"
C584811,D020388,Negative_Correlation,@CHEMICAL_VBP15_compound,@DISEASE_Muscular_Dystrophy_Duchenne,"{'32956407', '31451516'}","['0.9986', '0.9983']","('@CHEMICAL_VBP15_compound', 'Negative_Correlation', '@DISEASE_Muscular_Dystrophy_Duchenne')"
C584811,D007333,Negative_Correlation,@CHEMICAL_VBP15_compound,@DISEASE_Insulin_Resistance,{'31451516'},['0.9988'],"('@CHEMICAL_VBP15_compound', 'Negative_Correlation', '@DISEASE_Insulin_Resistance')"
C079906,D006713,Association,@CHEMICAL_sulcotrione,@CHEMICAL_Homogentisic_Acid,"{'8382628', '12681479'}","['0.9592', '0.8661']","('@CHEMICAL_sulcotrione', 'Association', '@CHEMICAL_Homogentisic_Acid')"
23600,7157,Association,@GENE_AMACR,@GENE_TP53,{'21509910'},['0.6126'],"('@GENE_AMACR', 'Association', '@GENE_TP53')"
D009369,23600,Positive_Correlation,@DISEASE_Neoplasms,@GENE_AMACR,{'21509910'},['0.9046'],"('@DISEASE_Neoplasms', 'Positive_Correlation', '@GENE_AMACR')"
D015792,23600,Association,@DISEASE_Retinal_Dysplasia,@GENE_AMACR,"{'27567189', '16819330', '26766126', '17021130', '21509910', '18665038'}","['0.6971', '0.9909', '0.9964', '0.9982', '0.8477', '0.9996']","('@DISEASE_Retinal_Dysplasia', 'Association', '@GENE_AMACR')"
C077073,C562399,Positive_Correlation,@CHEMICAL_nitisinone,@DISEASE_Corneal_Dystrophy_Band_Shaped,"{'32083330', '36966367', '36005644', '39290064', '31235217', '28879639', '31503358', '35028273', '34736252', '35028270', '24997710', '36045846', '36985595', '28942493'}","['0.9992', '0.9896', '0.9989', '0.9992', '0.9992', '0.999', '0.9992', '0.9992', '0.5038', '0.986', '0.999', '0.9991', '0.9987', '0.9867']","('@CHEMICAL_nitisinone', 'Positive_Correlation', '@DISEASE_Corneal_Dystrophy_Band_Shaped')"
C077073,D020176,Association,@CHEMICAL_nitisinone,@DISEASE_Tyrosinemias,"{'16580702', '36966367', '8975769', '28879639', '31503358', '30782595', '36045846'}","['0.9991', '0.7907', '0.9986', '0.9991', '0.9991', '0.9981', '0.3218']","('@CHEMICAL_nitisinone', 'Association', '@DISEASE_Tyrosinemias')"
D006713,D009794,Positive_Correlation,@CHEMICAL_Homogentisic_Acid,@DISEASE_Ochronosis,"{'31927521', '24459540', '25873809', '29113706', '33344320', '31282009', '15241162', '33666743', '36045846', '33469937', '17564710', '30229904', '36376482', '26229881', '37143563', '19087737', '25940034', '25302636', '15849984', '36779093', '25874097', '36966367', '17899092', '35127215', '21748407', '31989660', '14578658', '22213341', '34381863', '32904992', '38453957', '23357094', '29997987', '8000039', '32192929', '32823072', '23486607', '9214216', '38405194', '18772817', '26236412', '30477028', '28028161', '15727283', '28869836', '40001497', '30263914', '32577465', '21874298', '37013237', '20601653', '35444851', '12359141', '27535253', '26620992', '39762044', '36295892', '31503358', '20665660', '21342157', '39925566', '36465977', '25003018', '32284865'}","['0.5734', '0.9074', '0.9992', '0.8855', '0.8244', '0.9968', '0.9987', '0.9768', '0.9954', '0.9935', '0.9347', '0.9073', '0.9992', '0.9941', '0.9938', '0.9444', '0.9987', '0.9982', '0.9993', '0.5275', '0.7452', '0.5135', '0.9162', '0.9833', '0.998', '0.7026', '0.9973', '0.999', '0.8127', '0.9983', '0.7698', '0.9971', '0.9797', '0.994', '0.8291', '0.9283', '0.9918', '0.9953', '0.9433', '0.9419', '0.9779', '0.6466', '0.9931', '0.9963', '0.9915', '0.9309', '0.9992', '0.9987', '0.8291', '0.9965', '0.997', '0.973', '0.9936', '0.5312', '0.9972', '0.9402', '0.8899', '0.9075', '0.998', '0.8012', '0.82', '0.994', '0.9111', '0.9978']","('@CHEMICAL_Homogentisic_Acid', 'Positive_Correlation', '@DISEASE_Ochronosis')"
C077073,D006713,Negative_Correlation,@CHEMICAL_nitisinone,@CHEMICAL_Homogentisic_Acid,"{'32083330', '25665838', '19765774', '35822095', '25772318', '36045846', '30055994', '23511227', '28879639', '25940034', '37404676', '26947423', '10083729', '21620748', '28081634', '15327392', '36966367', '40157162', '31235217', '12501223', '32904992', '25475116', '31392115', '31296884', '23486607', '24952314', '24772955', '34485014', '15931605', '39121793', '32822600', '25628464', '38846518', '15931360', '29754208', '35685462', '36295821', '36005644', '31503358', '28942493', '23430917', '34344451'}","['0.999', '0.9988', '0.8587', '0.93', '0.7992', '0.9991', '0.999', '0.9993', '0.9981', '0.9986', '0.9991', '0.998', '0.9991', '0.9992', '0.9989', '0.4675', '0.9988', '0.9992', '0.9983', '0.5051', '0.9988', '0.9987', '0.9988', '0.9986', '0.9991', '0.9989', '0.9894', '0.999', '0.9985', '0.9991', '0.9988', '0.9992', '0.9992', '0.996', '0.9992', '0.9989', '0.9986', '0.9986', '0.9981', '0.6111', '0.9986', '0.9993']","('@CHEMICAL_nitisinone', 'Negative_Correlation', '@CHEMICAL_Homogentisic_Acid')"
C077073,D001523,Positive_Correlation,@CHEMICAL_nitisinone,@DISEASE_Mental_Disorders,{'36045846'},['0.9992'],"('@CHEMICAL_nitisinone', 'Positive_Correlation', '@DISEASE_Mental_Disorders')"
D000236,7157,Association,@DISEASE_Adenoma,@GENE_TP53,"{'7559739', '8620779', '21263251'}","['0.9703', '0.674', '0.9981']","('@DISEASE_Adenoma', 'Association', '@GENE_TP53')"
D009062,7157,Association,@DISEASE_Mouth_Neoplasms,@GENE_TP53,{'8620779'},['0.9988'],"('@DISEASE_Mouth_Neoplasms', 'Association', '@GENE_TP53')"
D014443,925,Association,@CHEMICAL_Tyrosine,@GENE_CD8A,{'38200408'},['0.9934'],"('@CHEMICAL_Tyrosine', 'Association', '@GENE_CD8A')"
4116,925,Association,@GENE_MAGOH,@GENE_CD8A,{'38200408'},['0.9265'],"('@GENE_MAGOH', 'Association', '@GENE_CD8A')"
D006509,925,Association,@DISEASE_Hepatitis_B,@GENE_CD8A,{'38200408'},['0.9977'],"('@DISEASE_Hepatitis_B', 'Association', '@GENE_CD8A')"
D014443,D006528,Association,@CHEMICAL_Tyrosine,@DISEASE_Carcinoma_Hepatocellular,{'38200408'},['0.999'],"('@CHEMICAL_Tyrosine', 'Association', '@DISEASE_Carcinoma_Hepatocellular')"
D006528,3081,Association,@DISEASE_Carcinoma_Hepatocellular,@GENE_HGD,"{'37175922', '38200408'}","['0.9751', '0.9995']","('@DISEASE_Carcinoma_Hepatocellular', 'Association', '@GENE_HGD')"
121457,925,Association,@GENE_IKBIP,@GENE_CD8A,{'38200408'},['0.8922'],"('@GENE_IKBIP', 'Association', '@GENE_CD8A')"
D006528,925,Association,@DISEASE_Carcinoma_Hepatocellular,@GENE_CD8A,{'38200408'},['0.9981'],"('@DISEASE_Carcinoma_Hepatocellular', 'Association', '@GENE_CD8A')"
3081,925,Association,@GENE_HGD,@GENE_CD8A,{'38200408'},['0.9938'],"('@GENE_HGD', 'Association', '@GENE_CD8A')"
D014443,6898,Association,@CHEMICAL_Tyrosine,@GENE_TAT,"{'38200408', '32931'}","['0.9994', '0.9994']","('@CHEMICAL_Tyrosine', 'Association', '@GENE_TAT')"
925,9521,Association,@GENE_CD8A,@GENE_EEF1E1,{'38200408'},['0.9914'],"('@GENE_CD8A', 'Association', '@GENE_EEF1E1')"
26973,925,Association,@GENE_CHORDC1,@GENE_CD8A,{'38200408'},['0.9945'],"('@GENE_CHORDC1', 'Association', '@GENE_CD8A')"
2543,925,Association,@GENE_GAGE1,@GENE_CD8A,{'38200408'},['0.9914'],"('@GENE_GAGE1', 'Association', '@GENE_CD8A')"
D005875,D004393,Association,@CHEMICAL_Gibberellins,@DISEASE_Dwarfism_Pituitary,{'24743244'},['0.7423'],"('@CHEMICAL_Gibberellins', 'Association', '@DISEASE_Dwarfism_Pituitary')"
D005708,5007993,Negative_Correlation,@CHEMICAL_Gallium,@GENE_HST,{'24743244'},['0.9959'],"('@CHEMICAL_Gallium', 'Negative_Correlation', '@GENE_HST')"
D005708,D004393,Negative_Correlation,@CHEMICAL_Gallium,@DISEASE_Dwarfism_Pituitary,{'24743244'},['0.938'],"('@CHEMICAL_Gallium', 'Negative_Correlation', '@DISEASE_Dwarfism_Pituitary')"
D000040,5007993,Association,@CHEMICAL_Abscisic_Acid,@GENE_HST,{'24743244'},['0.9957'],"('@CHEMICAL_Abscisic_Acid', 'Association', '@GENE_HST')"
D000077779,100508689,Association,@DISEASE_Pancreatic_Intraductal_Neoplasms,@GENE_LOC100508689,"{'24280573', '23364699'}","['0.8669', '0.9985']","('@DISEASE_Pancreatic_Intraductal_Neoplasms', 'Association', '@GENE_LOC100508689')"
D000077779,4583,Association,@DISEASE_Pancreatic_Intraductal_Neoplasms,@GENE_MUC2,{'24280573'},['0.9759'],"('@DISEASE_Pancreatic_Intraductal_Neoplasms', 'Association', '@GENE_MUC2')"
D009361,4583,Association,@DISEASE_Neoplasm_Invasiveness,@GENE_MUC2,{'24280573'},['0.9494'],"('@DISEASE_Neoplasm_Invasiveness', 'Association', '@GENE_MUC2')"
D015792,4583,Association,@DISEASE_Retinal_Dysplasia,@GENE_MUC2,{'24280573'},['0.994'],"('@DISEASE_Retinal_Dysplasia', 'Association', '@GENE_MUC2')"
D008228,4583,Positive_Correlation,@DISEASE_Lymphoma_Non_Hodgkin,@GENE_MUC2,{'24280573'},['0.5032'],"('@DISEASE_Lymphoma_Non_Hodgkin', 'Positive_Correlation', '@GENE_MUC2')"
D006713,6287,Association,@CHEMICAL_Homogentisic_Acid,@GENE_SAA@,"{'27865997', '39273071'}","['0.9933', '0.9632']","('@CHEMICAL_Homogentisic_Acid', 'Association', '@GENE_SAA@')"
C531762,6287,Association,@DISEASE_Alkaptonuric_ochronosis,@GENE_SAA@,"{'27590860', '27865997'}","['0.9997', '0.9996']","('@DISEASE_Alkaptonuric_ochronosis', 'Association', '@GENE_SAA@')"
D006713,D055959,Positive_Correlation,@CHEMICAL_Homogentisic_Acid,@DISEASE_Intervertebral_Disc_Degeneration,{'7821069'},['0.9955'],"('@CHEMICAL_Homogentisic_Acid', 'Positive_Correlation', '@DISEASE_Intervertebral_Disc_Degeneration')"
D006713,D009410,Positive_Correlation,@CHEMICAL_Homogentisic_Acid,@DISEASE_Nerve_Degeneration,"{'35495079', '40001497', '26798717', '33651519', '36880186'}","['0.9818', '0.9957', '0.9016', '0.9948', '0.9979']","('@CHEMICAL_Homogentisic_Acid', 'Positive_Correlation', '@DISEASE_Nerve_Degeneration')"
D002386,1421,Association,@DISEASE_Cataract,@GENE_CRYGD,"{'10688888', '36610968', '21173272', '38600176', '19275895', '20553008', '17923670', '19382745', '15709761'}","['0.9991', '0.9997', '0.9996', '0.9997', '0.9997', '0.9996', '0.9992', '0.9997', '0.9996', '0.9997']","('@DISEASE_Cataract', 'Association', '@GENE_CRYGD')"
D003545,D004229,Association,@CHEMICAL_Cysteine,@CHEMICAL_Dithiothreitol,{'38600176'},['0.9841'],"('@CHEMICAL_Cysteine', 'Association', '@CHEMICAL_Dithiothreitol')"
D003545,D013438,Association,@CHEMICAL_Cysteine,@CHEMICAL_Sulfhydryl_Compounds,{'38600176'},['0.7755'],"('@CHEMICAL_Cysteine', 'Association', '@CHEMICAL_Sulfhydryl_Compounds')"
D002386,3081,Association,@DISEASE_Cataract,@GENE_HGD,"{'10688888', '36610968', '21173272', '38600176', '19275895', '20553008', '17923670', '19382745', '15709761'}","['0.9964', '0.9002', '0.9994', '0.9399', '0.9988', '0.9943', '0.9994', '0.5031', '0.9997', '0.9997', '0.7508', '0.9979', '0.9994', '0.9959']","('@DISEASE_Cataract', 'Association', '@GENE_HGD')"
D003545,1421,Association,@CHEMICAL_Cysteine,@GENE_CRYGD,{'34537240'},['0.9872'],"('@CHEMICAL_Cysteine', 'Association', '@GENE_CRYGD')"
D001128,D008228,Negative_Correlation,@CHEMICAL_Argon,@DISEASE_Lymphoma_Non_Hodgkin,"{'10235186', '16376846'}","['0.9941', '0.9888']","('@CHEMICAL_Argon', 'Negative_Correlation', '@DISEASE_Lymphoma_Non_Hodgkin')"
D001471,2263,Association,@DISEASE_Barrett_Esophagus,@GENE_FGFR2,{'29152066'},['0.9976'],"('@DISEASE_Barrett_Esophagus', 'Association', '@GENE_FGFR2')"
D000230,2263,Association,@DISEASE_Adenocarcinoma,@GENE_FGFR2,{'29152066'},['0.9991'],"('@DISEASE_Adenocarcinoma', 'Association', '@GENE_FGFR2')"
D013274,2263,Association,@DISEASE_Stomach_Neoplasms,@GENE_FGFR2,{'29152066'},['0.9995'],"('@DISEASE_Stomach_Neoplasms', 'Association', '@GENE_FGFR2')"
D009369,2263,Association,@DISEASE_Neoplasms,@GENE_FGFR2,{'29152066'},['0.9996'],"('@DISEASE_Neoplasms', 'Association', '@GENE_FGFR2')"
D000077277,2263,Association,@DISEASE_Esophageal_Squamous_Cell_Carcinoma,@GENE_FGFR2,{'29152066'},['0.9886'],"('@DISEASE_Esophageal_Squamous_Cell_Carcinoma', 'Association', '@GENE_FGFR2')"
C020804,D014443,Association,@CHEMICAL_succinylacetone,@CHEMICAL_Tyrosine,"{'27097641', '23743712', '16899383'}","['0.552', '0.8732', '0.4936']","('@CHEMICAL_succinylacetone', 'Association', '@CHEMICAL_Tyrosine')"
D014443,D020176,Association,@CHEMICAL_Tyrosine,@DISEASE_Tyrosinemias,"{'10467142', '25680927', '9305902', '10665936', '16899383', '33460909', '857531', '17513424', '12939152', '31578365', '36980965', '30684868', '25182962'}","['0.9985', '0.995', '0.9674', '0.9856', '0.9845', '0.9863', '0.6659', '0.9992', '0.9925', '0.9544', '0.7295', '0.9959', '0.9969']","('@CHEMICAL_Tyrosine', 'Association', '@DISEASE_Tyrosinemias')"
C030734,D014443,Positive_Correlation,@CHEMICAL_succinylacetoacetate,@CHEMICAL_Tyrosine,"{'17513424', '16899383'}","['0.8969', '0.6718']","('@CHEMICAL_succinylacetoacetate', 'Positive_Correlation', '@CHEMICAL_Tyrosine')"
C077073,D014443,Positive_Correlation,@CHEMICAL_nitisinone,@CHEMICAL_Tyrosine,"{'32083330', '25665838', '35736410', '16580702', '28879639', '37404676', '26947423', '30049652', '36966367', '10781886', '40157162', '39290064', '24952314', '34485014', '29147990', '8975769', '38487984', '29754208', '31037385', '34344451'}","['0.996', '0.6219', '0.9993', '0.9993', '0.9993', '0.9992', '0.9968', '0.9975', '0.9989', '0.9945', '0.9987', '0.4752', '0.9993', '0.9992', '0.9993', '0.9986', '0.9993', '0.9828', '0.9993', '0.9992']","('@CHEMICAL_nitisinone', 'Positive_Correlation', '@CHEMICAL_Tyrosine')"
D006713,D003920,Negative_Correlation,@CHEMICAL_Homogentisic_Acid,@DISEASE_Diabetes_Mellitus,{'28867763'},['0.8689'],"('@CHEMICAL_Homogentisic_Acid', 'Negative_Correlation', '@DISEASE_Diabetes_Mellitus')"
D006713,D020909,Negative_Correlation,@CHEMICAL_Homogentisic_Acid,@CHEMICAL_Acarbose,{'28867763'},['0.4995'],"('@CHEMICAL_Homogentisic_Acid', 'Negative_Correlation', '@CHEMICAL_Acarbose')"
D000474,##p.G161R,Association,@DISEASE_Alkaptonuria,,"{'19306858', '11017803'}","['0.9924', '0.9824', '0.9778', '0.9936', '0.995']","('@DISEASE_Alkaptonuria', 'Association', None)"
D019449,rs1143627##,Positive_Correlation,@DISEASE_Pouchitis,@VARIANT_c._31T>C_IL1B_human,{'31671425'},['0.996'],"('@DISEASE_Pouchitis', 'Positive_Correlation', '@VARIANT_c._31T>C_IL1B_human')"
D019449,rs1799964##,Association,@DISEASE_Pouchitis,@VARIANT_c._1031T>C_TNF_human,{'31671425'},['0.494'],"('@DISEASE_Pouchitis', 'Association', '@VARIANT_c._1031T>C_TNF_human')"
D019449,rs7329174##,Association,@DISEASE_Pouchitis,@VARIANT_rs7329174,{'31671425'},['0.7382'],"('@DISEASE_Pouchitis', 'Association', '@VARIANT_rs7329174')"
D019449,3553,Association,@DISEASE_Pouchitis,@GENE_IL1B,{'31671425'},"['0.9996', '0.996']","('@DISEASE_Pouchitis', 'Association', '@GENE_IL1B')"
D019449,rs3810936##,Association,@DISEASE_Pouchitis,@VARIANT_rs3810936,{'31671425'},['0.6512'],"('@DISEASE_Pouchitis', 'Association', '@VARIANT_rs3810936')"
D003093,3553,Association,@DISEASE_Colitis_Ulcerative,@GENE_IL1B,"{'39788168', '31671425'}","['0.9654', '0.5565']","('@DISEASE_Colitis_Ulcerative', 'Association', '@GENE_IL1B')"
D019449,rs768910##,Association,@DISEASE_Pouchitis,@VARIANT_rs768910,{'31671425'},['0.9023'],"('@DISEASE_Pouchitis', 'Association', '@VARIANT_rs768910')"
D019449,7124,Association,@DISEASE_Pouchitis,@GENE_TNF,{'31671425'},['0.494'],"('@DISEASE_Pouchitis', 'Association', '@GENE_TNF')"
D019449,1997,Association,@DISEASE_Pouchitis,@GENE_ELF1,{'31671425'},['0.7382'],"('@DISEASE_Pouchitis', 'Association', '@GENE_ELF1')"
D019449,9966,Association,@DISEASE_Pouchitis,@GENE_TNFSF15,{'31671425'},['0.6512'],"('@DISEASE_Pouchitis', 'Association', '@GENE_TNFSF15')"
D019449,127933,Association,@DISEASE_Pouchitis,@GENE_UHMK1,{'31671425'},['0.9023'],"('@DISEASE_Pouchitis', 'Association', '@GENE_UHMK1')"
D063646,7157,Association,@DISEASE_Carcinogenesis,@GENE_TP53,"{'21290973', '27818592', '17652955', '16855398', '10571818', '29599347'}","['0.9394', '0.9996', '0.9991', '0.9996', '0.9993', '0.9985']","('@DISEASE_Carcinogenesis', 'Association', '@GENE_TP53')"
#3081#c.87+1G>A,D000474,Positive_Correlation,@VARIANT_c.87+1G>A_HGD_human,@DISEASE_Alkaptonuria,"{'39737503', '24575791'}","['0.9352', '0.993']","('@VARIANT_c.87+1G>A_HGD_human', 'Positive_Correlation', '@DISEASE_Alkaptonuria')"
D006713,3081,Positive_Correlation,@CHEMICAL_Homogentisic_Acid,@GENE_HGD,"{'39737503', '36118553'}","['0.9106', '0.8279']","('@CHEMICAL_Homogentisic_Acid', 'Positive_Correlation', '@GENE_HGD')"
C466303,D006713,Association,@CHEMICAL_turbomycin_A,@CHEMICAL_Homogentisic_Acid,{'12200279'},['0.7721'],"('@CHEMICAL_turbomycin_A', 'Association', '@CHEMICAL_Homogentisic_Acid')"
C466304,D006713,Association,@CHEMICAL_turbomycin_B,@CHEMICAL_Homogentisic_Acid,{'12200279'},['0.9511'],"('@CHEMICAL_turbomycin_B', 'Association', '@CHEMICAL_Homogentisic_Acid')"
C009370,D008543,Positive_Correlation,@CHEMICAL_syringaldazine,@CHEMICAL_Melanins,{'19287525'},['0.9984'],"('@CHEMICAL_syringaldazine', 'Positive_Correlation', '@CHEMICAL_Melanins')"
C041660,D008543,Association,@CHEMICAL_1_8_dihydroxynaphthalene,@CHEMICAL_Melanins,{'19287525'},['0.7625'],"('@CHEMICAL_1_8_dihydroxynaphthalene', 'Association', '@CHEMICAL_Melanins')"
D008543,D011748,Positive_Correlation,@CHEMICAL_Melanins,@CHEMICAL_Pyrogallol,{'19287525'},['0.9988'],"('@CHEMICAL_Melanins', 'Positive_Correlation', '@CHEMICAL_Pyrogallol')"
C017648,D008543,Positive_Correlation,@CHEMICAL_3_phenyllactic_acid,@CHEMICAL_Melanins,{'19287525'},['0.9955'],"('@CHEMICAL_3_phenyllactic_acid', 'Positive_Correlation', '@CHEMICAL_Melanins')"
C010925,D012972,Association,@CHEMICAL_2_5_dihydroxybenzoic_acid,@CHEMICAL_Sodium_Hydroxide,{'32348369'},['0.9941'],"('@CHEMICAL_2_5_dihydroxybenzoic_acid', 'Association', '@CHEMICAL_Sodium_Hydroxide')"
C010925,D000474,Association,@CHEMICAL_2_5_dihydroxybenzoic_acid,@DISEASE_Alkaptonuria,{'32348369'},['0.9968'],"('@CHEMICAL_2_5_dihydroxybenzoic_acid', 'Association', '@DISEASE_Alkaptonuria')"
D009269,D015102,Negative_Correlation,@CHEMICAL_Nalorphine,@CHEMICAL_3_4_Dihydroxyphenylacetic_Acid,{'5015040'},['0.9983'],"('@CHEMICAL_Nalorphine', 'Negative_Correlation', '@CHEMICAL_3_4_Dihydroxyphenylacetic_Acid')"
D006719,D009020,Positive_Correlation,@CHEMICAL_Homovanillic_Acid,@CHEMICAL_Morphine,{'5015040'},['0.9993'],"('@CHEMICAL_Homovanillic_Acid', 'Positive_Correlation', '@CHEMICAL_Morphine')"
D004298,D009020,Positive_Correlation,@CHEMICAL_Dopamine,@CHEMICAL_Morphine,{'5015040'},['0.9976'],"('@CHEMICAL_Dopamine', 'Positive_Correlation', '@CHEMICAL_Morphine')"
D009020,D015102,Positive_Correlation,@CHEMICAL_Morphine,@CHEMICAL_3_4_Dihydroxyphenylacetic_Acid,{'5015040'},['0.9993'],"('@CHEMICAL_Morphine', 'Positive_Correlation', '@CHEMICAL_3_4_Dihydroxyphenylacetic_Acid')"
D004298,D006719,Association,@CHEMICAL_Dopamine,@CHEMICAL_Homovanillic_Acid,{'5015040'},['0.9908'],"('@CHEMICAL_Dopamine', 'Association', '@CHEMICAL_Homovanillic_Acid')"
D009020,D009269,Negative_Correlation,@CHEMICAL_Morphine,@CHEMICAL_Nalorphine,{'5015040'},['0.9936'],"('@CHEMICAL_Morphine', 'Negative_Correlation', '@CHEMICAL_Nalorphine')"
D000588,D006713,Association,@CHEMICAL_Amines,@CHEMICAL_Homogentisic_Acid,{'6019345'},['0.996'],"('@CHEMICAL_Amines', 'Association', '@CHEMICAL_Homogentisic_Acid')"
C562399,,Association,@DISEASE_Corneal_Dystrophy_Band_Shaped,unknown,{'36005644'},"['0.6447', '0.9841', '0.9978']","('@DISEASE_Corneal_Dystrophy_Band_Shaped', 'Association', 'unknown')"
D014443,C562399,Association,@CHEMICAL_Tyrosine,@DISEASE_Corneal_Dystrophy_Band_Shaped,"{'31235217', '36005644'}","['0.9994', '0.9205']","('@CHEMICAL_Tyrosine', 'Association', '@DISEASE_Corneal_Dystrophy_Band_Shaped')"
D010649,C562399,Association,@CHEMICAL_Phenylalanine,@DISEASE_Corneal_Dystrophy_Band_Shaped,{'36005644'},['0.9988'],"('@CHEMICAL_Phenylalanine', 'Association', '@DISEASE_Corneal_Dystrophy_Band_Shaped')"
C077073,D014443,Negative_Correlation,@CHEMICAL_nitisinone,@CHEMICAL_Tyrosine,"{'36295804', '31296884', '36465977', '36005644', '31503358', '25266991', '21620748', '12939152'}","['0.5139', '0.9952', '0.9991', '0.9988', '0.9437', '0.9975', '0.9908', '0.9987']","('@CHEMICAL_nitisinone', 'Negative_Correlation', '@CHEMICAL_Tyrosine')"
C004532,D014451,Positive_Correlation,@CHEMICAL_quinone,@CHEMICAL_Ubiquinone,{'29457959'},['0.97'],"('@CHEMICAL_quinone', 'Positive_Correlation', '@CHEMICAL_Ubiquinone')"
C004532,D010971,Positive_Correlation,@CHEMICAL_quinone,@CHEMICAL_Plastoquinone,{'29457959'},['0.9484'],"('@CHEMICAL_quinone', 'Positive_Correlation', '@CHEMICAL_Plastoquinone')"
C003304,C004532,Positive_Correlation,@CHEMICAL_rhodoquinone,@CHEMICAL_quinone,{'29457959'},['0.8672'],"('@CHEMICAL_rhodoquinone', 'Positive_Correlation', '@CHEMICAL_quinone')"
D008228,1029,Positive_Correlation,@DISEASE_Lymphoma_Non_Hodgkin,@GENE_CDKN2A,{'21363920'},['0.9125'],"('@DISEASE_Lymphoma_Non_Hodgkin', 'Positive_Correlation', '@GENE_CDKN2A')"
D008228,7157,Positive_Correlation,@DISEASE_Lymphoma_Non_Hodgkin,@GENE_TP53,"{'24029705', '21363920', '11714532', '35476812'}","['0.9813', '0.5618', '0.9', '0.9085']","('@DISEASE_Lymphoma_Non_Hodgkin', 'Positive_Correlation', '@GENE_TP53')"
D015179,3662,Association,@DISEASE_Colorectal_Neoplasms,@GENE_IRF4,{'33478584'},['0.9995'],"('@DISEASE_Colorectal_Neoplasms', 'Association', '@GENE_IRF4')"
D015179,10320,Association,@DISEASE_Colorectal_Neoplasms,@GENE_IKZF1,{'33478584'},['0.9996'],"('@DISEASE_Colorectal_Neoplasms', 'Association', '@GENE_IKZF1')"
D009369,3662,Association,@DISEASE_Neoplasms,@GENE_IRF4,{'33478584'},['0.9996'],"('@DISEASE_Neoplasms', 'Association', '@GENE_IRF4')"
D009369,586,Association,@DISEASE_Neoplasms,@GENE_BCAT1,{'33478584'},['0.9995'],"('@DISEASE_Neoplasms', 'Association', '@GENE_BCAT1')"
D015179,586,Association,@DISEASE_Colorectal_Neoplasms,@GENE_BCAT1,{'33478584'},['0.9995'],"('@DISEASE_Colorectal_Neoplasms', 'Association', '@GENE_BCAT1')"
D009369,10320,Association,@DISEASE_Neoplasms,@GENE_IKZF1,{'33478584'},['0.9996'],"('@DISEASE_Neoplasms', 'Association', '@GENE_IKZF1')"
C031927,C060827,Association,@CHEMICAL_hydroquinone,@CHEMICAL_4_hydroxyphenoxyacetic_acid,{'234937'},['0.9935'],"('@CHEMICAL_hydroquinone', 'Association', '@CHEMICAL_4_hydroxyphenoxyacetic_acid')"
C026246,D002244,Association,@CHEMICAL_4_hydroxyphenylacetate,@CHEMICAL_Carbon,{'234937'},['0.63'],"('@CHEMICAL_4_hydroxyphenylacetate', 'Association', '@CHEMICAL_Carbon')"
D016264,D003110,Positive_Correlation,@CHEMICAL_Dextran_Sulfate,@DISEASE_Colonic_Neoplasms,{'28927130'},['0.9984'],"('@CHEMICAL_Dextran_Sulfate', 'Positive_Correlation', '@DISEASE_Colonic_Neoplasms')"
D016264,D009369,Positive_Correlation,@CHEMICAL_Dextran_Sulfate,@DISEASE_Neoplasms,{'28927130'},['0.9986'],"('@CHEMICAL_Dextran_Sulfate', 'Positive_Correlation', '@DISEASE_Neoplasms')"
D007501,D009369,Positive_Correlation,@CHEMICAL_Iron,@DISEASE_Neoplasms,{'28927130'},['0.9975'],"('@CHEMICAL_Iron', 'Positive_Correlation', '@DISEASE_Neoplasms')"
D005770,151306,Association,@DISEASE_Gastrointestinal_Neoplasms,@GENE_GPBAR1,{'28223834'},['0.9995'],"('@DISEASE_Gastrointestinal_Neoplasms', 'Association', '@GENE_GPBAR1')"
D002294,151306,Association,@DISEASE_Carcinoma_Squamous_Cell,@GENE_GPBAR1,{'28223834'},['0.9898'],"('@DISEASE_Carcinoma_Squamous_Cell', 'Association', '@GENE_GPBAR1')"
D011230,151306,Association,@DISEASE_Precancerous_Conditions,@GENE_GPBAR1,"{'28223834', '28212604'}","['0.9969', '0.9994']","('@DISEASE_Precancerous_Conditions', 'Association', '@GENE_GPBAR1')"
D001471,151306,Association,@DISEASE_Barrett_Esophagus,@GENE_GPBAR1,{'28223834'},['0.9557'],"('@DISEASE_Barrett_Esophagus', 'Association', '@GENE_GPBAR1')"
151306,7421,Association,@GENE_GPBAR1,@GENE_VDR,{'28223834'},['0.9977'],"('@GENE_GPBAR1', 'Association', '@GENE_VDR')"
D000230,7421,Association,@DISEASE_Adenocarcinoma,@GENE_VDR,"{'28223834', '24951052', '28212604'}","['0.9643', '0.9963', '0.9994']","('@DISEASE_Adenocarcinoma', 'Association', '@GENE_VDR')"
D001647,D000230,Association,@CHEMICAL_Bile_Acids_and_Salts,@DISEASE_Adenocarcinoma,"{'28223834', '24951052', '19174784'}","['0.9817', '0.9103', '0.9992']","('@CHEMICAL_Bile_Acids_and_Salts', 'Association', '@DISEASE_Adenocarcinoma')"
D000230,151306,Association,@DISEASE_Adenocarcinoma,@GENE_GPBAR1,"{'28223834', '28212604'}","['0.8783', '0.9997']","('@DISEASE_Adenocarcinoma', 'Association', '@GENE_GPBAR1')"
D001647,151306,Association,@CHEMICAL_Bile_Acids_and_Salts,@GENE_GPBAR1,{'28223834'},['0.6666'],"('@CHEMICAL_Bile_Acids_and_Salts', 'Association', '@GENE_GPBAR1')"
D008679,151306,Association,@DISEASE_Metaplasia,@GENE_GPBAR1,{'28223834'},['0.817'],"('@DISEASE_Metaplasia', 'Association', '@GENE_GPBAR1')"
D008228,151306,Positive_Correlation,@DISEASE_Lymphoma_Non_Hodgkin,@GENE_GPBAR1,{'28223834'},['0.7385'],"('@DISEASE_Lymphoma_Non_Hodgkin', 'Positive_Correlation', '@GENE_GPBAR1')"
D001205,D009794,Negative_Correlation,@CHEMICAL_Ascorbic_Acid,@DISEASE_Ochronosis,"{'20055850', '3180550', '10494297', '6523395'}","['0.8222', '0.9138', '0.9956', '0.9755']","('@CHEMICAL_Ascorbic_Acid', 'Negative_Correlation', '@DISEASE_Ochronosis')"
D006713,200894,Association,@CHEMICAL_Homogentisic_Acid,@GENE_ARL13B,{'28158906'},['0.9629'],"('@CHEMICAL_Homogentisic_Acid', 'Association', '@GENE_ARL13B')"
D000474,200894,Association,@DISEASE_Alkaptonuria,@GENE_ARL13B,{'28158906'},['0.9997'],"('@DISEASE_Alkaptonuria', 'Association', '@GENE_ARL13B')"
C020804,D006713,Association,@CHEMICAL_succinylacetone,@CHEMICAL_Homogentisic_Acid,"{'7292795', '39258552'}","['0.9933', '0.6533']","('@CHEMICAL_succinylacetone', 'Association', '@CHEMICAL_Homogentisic_Acid')"
C021988,D006130,Positive_Correlation,@CHEMICAL_deflazacort,@DISEASE_Growth_Disorders,{'26311750'},['0.9989'],"('@CHEMICAL_deflazacort', 'Positive_Correlation', '@DISEASE_Growth_Disorders')"
C021988,D011241,Comparison,@CHEMICAL_deflazacort,@CHEMICAL_Prednisone,{'26311750'},['0.6855'],"('@CHEMICAL_deflazacort', 'Comparison', '@CHEMICAL_Prednisone')"
C021988,D011239,Comparison,@CHEMICAL_deflazacort,@CHEMICAL_Prednisolone,{'26311750'},['0.7857'],"('@CHEMICAL_deflazacort', 'Comparison', '@CHEMICAL_Prednisolone')"
C021988,D051346,Positive_Correlation,@CHEMICAL_deflazacort,@DISEASE_Mobility_Limitation,{'26311750'},['0.998'],"('@CHEMICAL_deflazacort', 'Positive_Correlation', '@DISEASE_Mobility_Limitation')"
D011241,D020388,Negative_Correlation,@CHEMICAL_Prednisone,@DISEASE_Muscular_Dystrophy_Duchenne,{'26311750'},['0.9952'],"('@CHEMICAL_Prednisone', 'Negative_Correlation', '@DISEASE_Muscular_Dystrophy_Duchenne')"
C021988,D002386,Positive_Correlation,@CHEMICAL_deflazacort,@DISEASE_Cataract,{'26311750'},['0.9991'],"('@CHEMICAL_deflazacort', 'Positive_Correlation', '@DISEASE_Cataract')"
C021988,D020388,Negative_Correlation,@CHEMICAL_deflazacort,@DISEASE_Muscular_Dystrophy_Duchenne,{'26311750'},['0.9407'],"('@CHEMICAL_deflazacort', 'Negative_Correlation', '@DISEASE_Muscular_Dystrophy_Duchenne')"
D011239,D020388,Negative_Correlation,@CHEMICAL_Prednisolone,@DISEASE_Muscular_Dystrophy_Duchenne,{'26311750'},['0.9948'],"('@CHEMICAL_Prednisolone', 'Negative_Correlation', '@DISEASE_Muscular_Dystrophy_Duchenne')"
D011239,D051346,Negative_Correlation,@CHEMICAL_Prednisolone,@DISEASE_Mobility_Limitation,{'26311750'},['0.3921'],"('@CHEMICAL_Prednisolone', 'Negative_Correlation', '@DISEASE_Mobility_Limitation')"
D011239,D011241,Comparison,@CHEMICAL_Prednisolone,@CHEMICAL_Prednisone,{'26311750'},['0.7335'],"('@CHEMICAL_Prednisolone', 'Comparison', '@CHEMICAL_Prednisone')"
D009369,7157,Negative_Correlation,@DISEASE_Neoplasms,@GENE_TP53,"{'9744312', '12053227', '17277618', '16360411'}","['0.934', '0.9096', '0.9324', '0.9207']","('@DISEASE_Neoplasms', 'Negative_Correlation', '@GENE_TP53')"
D015792,836,Association,@DISEASE_Retinal_Dysplasia,@GENE_CASP3,{'16360411'},['0.9153'],"('@DISEASE_Retinal_Dysplasia', 'Association', '@GENE_CASP3')"
D001471,836,Association,@DISEASE_Barrett_Esophagus,@GENE_CASP3,{'16360411'},['0.9997'],"('@DISEASE_Barrett_Esophagus', 'Association', '@GENE_CASP3')"
C002963,816412,Association,@CHEMICAL_geranylgeranyl_pyrophosphate,@GENE_HPT1,{'23137278'},['0.9813'],"('@CHEMICAL_geranylgeranyl_pyrophosphate', 'Association', '@GENE_HPT1')"
D024508,837168,Association,@CHEMICAL_Tocotrienols,@GENE_PDS1,{'23137278'},['0.7622'],"('@CHEMICAL_Tocotrienols', 'Association', '@GENE_PDS1')"
C002963,D006713,Association,@CHEMICAL_geranylgeranyl_pyrophosphate,@CHEMICAL_Homogentisic_Acid,"{'37429412', '37790787', '16408209', '23137278'}","['0.5857', '0.3895', '0.9694', '0.7876']","('@CHEMICAL_geranylgeranyl_pyrophosphate', 'Association', '@CHEMICAL_Homogentisic_Acid')"
C002963,837168,Association,@CHEMICAL_geranylgeranyl_pyrophosphate,@GENE_PDS1,"{'38469330', '23137278'}","['0.8265', '0.9963']","('@CHEMICAL_geranylgeranyl_pyrophosphate', 'Association', '@GENE_PDS1')"
D024508,816412,Association,@CHEMICAL_Tocotrienols,@GENE_HPT1,{'23137278'},['0.9715'],"('@CHEMICAL_Tocotrienols', 'Association', '@GENE_HPT1')"
D006713,816412,Association,@CHEMICAL_Homogentisic_Acid,@GENE_HPT1,"{'38469330', '12011362', '23137278'}","['0.9328', '0.9761', '0.998']","('@CHEMICAL_Homogentisic_Acid', 'Association', '@GENE_HPT1')"
D014810,816412,Association,@CHEMICAL_Vitamin_E,@GENE_HPT1,"{'21223386', '16258032', '33099781', '15155886', '23137278'}","['0.9996', '0.6466', '0.9741', '0.9964', '0.9745']","('@CHEMICAL_Vitamin_E', 'Association', '@GENE_HPT1')"
D014810,D024508,Positive_Correlation,@CHEMICAL_Vitamin_E,@CHEMICAL_Tocotrienols,{'23137278'},['0.2941'],"('@CHEMICAL_Vitamin_E', 'Positive_Correlation', '@CHEMICAL_Tocotrienols')"
C002963,D024508,Association,@CHEMICAL_geranylgeranyl_pyrophosphate,@CHEMICAL_Tocotrienols,"{'38469330', '21223386', '37429412', '37790787', '23137278'}","['0.9572', '0.868', '0.9509', '0.9834', '0.9975']","('@CHEMICAL_geranylgeranyl_pyrophosphate', 'Association', '@CHEMICAL_Tocotrienols')"
816412,837168,Association,@GENE_HPT1,@GENE_PDS1,{'23137278'},['0.7948'],"('@GENE_HPT1', 'Association', '@GENE_PDS1')"
C529546,816412,Association,@CHEMICAL_phytyl_diphosphate,@GENE_HPT1,"{'38469330', '23137278'}","['0.9957', '0.9681']","('@CHEMICAL_phytyl_diphosphate', 'Association', '@GENE_HPT1')"
D000077270,14652,Positive_Correlation,@CHEMICAL_Exenatide,@GENE_GLP1R,"{'18977255', '37667187'}","['0.9914', '0.9987']","('@CHEMICAL_Exenatide', 'Positive_Correlation', '@GENE_GLP1R')"
D003920,2641,Negative_Correlation,@DISEASE_Diabetes_Mellitus,@GENE_GCG,{'18977255'},['0.8727'],"('@DISEASE_Diabetes_Mellitus', 'Negative_Correlation', '@GENE_GCG')"
D000077270,C000721848,Positive_Correlation,@CHEMICAL_Exenatide,@DISEASE_hypoglycemic_encephalopathy,{'18977255'},['0.9299'],"('@CHEMICAL_Exenatide', 'Positive_Correlation', '@DISEASE_hypoglycemic_encephalopathy')"
C000721848,14652,Association,@DISEASE_hypoglycemic_encephalopathy,@GENE_GLP1R,{'18977255'},['0.9983'],"('@DISEASE_hypoglycemic_encephalopathy', 'Association', '@GENE_GLP1R')"
D004820,1294,Association,@DISEASE_Epidermolysis_Bullosa,@GENE_COL7A1,{'7712532'},['0.9996'],"('@DISEASE_Epidermolysis_Bullosa', 'Association', '@GENE_COL7A1')"
115111,28965,Association,@GENE_SLC26A7,@GENE_SLC27A6,{'32922552'},['0.9972'],"('@GENE_SLC26A7', 'Association', '@GENE_SLC27A6')"
28965,762,Association,@GENE_SLC27A6,@GENE_CA4,{'32922552'},['0.9951'],"('@GENE_SLC27A6', 'Association', '@GENE_CA4')"
2273,28965,Association,@GENE_FHL1,@GENE_SLC27A6,{'32922552'},['0.9991'],"('@GENE_FHL1', 'Association', '@GENE_SLC27A6')"
28965,91522,Association,@GENE_SLC27A6,@GENE_COL23A1,{'32922552'},['0.9914'],"('@GENE_SLC27A6', 'Association', '@GENE_COL23A1')"
D000077273,28965,Association,@DISEASE_Thyroid_Cancer_Papillary,@GENE_SLC27A6,{'32922552'},['0.9997'],"('@DISEASE_Thyroid_Cancer_Papillary', 'Association', '@GENE_SLC27A6')"
28965,7173,Association,@GENE_SLC27A6,@GENE_TPO,{'32922552'},['0.9983'],"('@GENE_SLC27A6', 'Association', '@GENE_TPO')"
C535297,7157,Association,@DISEASE_Recurrent_respiratory_papillomatosis,@GENE_TP53,{'17277618'},['0.9995'],"('@DISEASE_Recurrent_respiratory_papillomatosis', 'Association', '@GENE_TP53')"
D009369,1029,Negative_Correlation,@DISEASE_Neoplasms,@GENE_CDKN2A,"{'9744312', '17277618', '12692043'}","['0.9214', '0.9865', '0.9742']","('@DISEASE_Neoplasms', 'Negative_Correlation', '@GENE_CDKN2A')"
D002294,7157,Association,@DISEASE_Carcinoma_Squamous_Cell,@GENE_TP53,"{'37544878', '17277618', '11714532'}","['0.9994', '0.9962', '0.9997']","('@DISEASE_Carcinoma_Squamous_Cell', 'Association', '@GENE_TP53')"
D002294,1029,Association,@DISEASE_Carcinoma_Squamous_Cell,@GENE_CDKN2A,"{'21710645', '17277618'}","['0.5523', '0.9789']","('@DISEASE_Carcinoma_Squamous_Cell', 'Association', '@GENE_CDKN2A')"
D009369,5925,Association,@DISEASE_Neoplasms,@GENE_RB1,"{'17277618', '11299766'}","['0.7235', '0.6827']","('@DISEASE_Neoplasms', 'Association', '@GENE_RB1')"
D012174,1029,Association,@DISEASE_Retinitis_Pigmentosa,@GENE_CDKN2A,{'17277618'},['0.9457'],"('@DISEASE_Retinitis_Pigmentosa', 'Association', '@GENE_CDKN2A')"
D012174,7157,Association,@DISEASE_Retinitis_Pigmentosa,@GENE_TP53,{'17277618'},['0.9995'],"('@DISEASE_Retinitis_Pigmentosa', 'Association', '@GENE_TP53')"
D013256,D020246,Association,@CHEMICAL_Steroids,@DISEASE_Venous_Thrombosis,{'29039075'},['0.9822'],"('@CHEMICAL_Steroids', 'Association', '@DISEASE_Venous_Thrombosis')"
D013256,D011655,Association,@CHEMICAL_Steroids,@DISEASE_Pulmonary_Embolism,{'29039075'},['0.766'],"('@CHEMICAL_Steroids', 'Association', '@DISEASE_Pulmonary_Embolism')"
D005947,177660,Negative_Correlation,@CHEMICAL_Glucose,@GENE_HYL_1,{'31846489'},['0.9977'],"('@CHEMICAL_Glucose', 'Negative_Correlation', '@GENE_HYL_1')"
D064420,181053,Association,@DISEASE_Drug_Related_Side_Effects_and_Adverse_Reactions,@GENE_DCT_1,{'31846489'},['0.9331'],"('@DISEASE_Drug_Related_Side_Effects_and_Adverse_Reactions', 'Association', '@GENE_DCT_1')"
D005947,174438,Negative_Correlation,@CHEMICAL_Glucose,@GENE_GCS_1,{'31846489'},['0.9967'],"('@CHEMICAL_Glucose', 'Negative_Correlation', '@GENE_GCS_1')"
D005947,177886,Negative_Correlation,@CHEMICAL_Glucose,@GENE_GST_4,{'31846489'},['0.9988'],"('@CHEMICAL_Glucose', 'Negative_Correlation', '@GENE_GST_4')"
D005947,D008055,Association,@CHEMICAL_Glucose,@CHEMICAL_Lipids,"{'31846489', '32738448'}","['0.9992', '0.9825']","('@CHEMICAL_Glucose', 'Association', '@CHEMICAL_Lipids')"
D005947,D014280,Association,@CHEMICAL_Glucose,@CHEMICAL_Triglycerides,{'31846489'},['0.9973'],"('@CHEMICAL_Glucose', 'Association', '@CHEMICAL_Triglycerides')"
D005947,181053,Positive_Correlation,@CHEMICAL_Glucose,@GENE_DCT_1,{'31846489'},['0.9958'],"('@CHEMICAL_Glucose', 'Positive_Correlation', '@GENE_DCT_1')"
D005947,D003924,Negative_Correlation,@CHEMICAL_Glucose,@DISEASE_Diabetes_Mellitus_Type_2,{'31846489'},['0.5474'],"('@CHEMICAL_Glucose', 'Negative_Correlation', '@DISEASE_Diabetes_Mellitus_Type_2')"
D005947,180743,Negative_Correlation,@CHEMICAL_Glucose,@GENE_HYL_2,{'31846489'},['0.9967'],"('@CHEMICAL_Glucose', 'Negative_Correlation', '@GENE_HYL_2')"
D002241,D005947,Association,@CHEMICAL_Carbohydrates,@CHEMICAL_Glucose,{'31846489'},['0.7053'],"('@CHEMICAL_Carbohydrates', 'Association', '@CHEMICAL_Glucose')"
D005947,D009765,Negative_Correlation,@CHEMICAL_Glucose,@DISEASE_Obesity,{'31846489'},['0.7723'],"('@CHEMICAL_Glucose', 'Negative_Correlation', '@DISEASE_Obesity')"
D005947,C564971,Positive_Correlation,@CHEMICAL_Glucose,@DISEASE_Myopathy_with_Giant_Abnormal_Mitochondria,{'31846489'},['0.9926'],"('@CHEMICAL_Glucose', 'Positive_Correlation', '@DISEASE_Myopathy_with_Giant_Abnormal_Mitochondria')"
D005947,D028361,Positive_Correlation,@CHEMICAL_Glucose,@DISEASE_Mitochondrial_Diseases,{'31846489'},['0.9992'],"('@CHEMICAL_Glucose', 'Positive_Correlation', '@DISEASE_Mitochondrial_Diseases')"
D005947,173918,Positive_Correlation,@CHEMICAL_Glucose,@GENE_PINK_1,{'31846489'},['0.9975'],"('@CHEMICAL_Glucose', 'Positive_Correlation', '@GENE_PINK_1')"
D020176,210,Association,@DISEASE_Tyrosinemias,@GENE_ALAD,{'2378359'},['0.9311'],"('@DISEASE_Tyrosinemias', 'Association', '@GENE_ALAD')"
D006713,D020176,Negative_Correlation,@CHEMICAL_Homogentisic_Acid,@DISEASE_Tyrosinemias,"{'7246125', '2378359'}","['0.9979', '0.9741']","('@CHEMICAL_Homogentisic_Acid', 'Negative_Correlation', '@DISEASE_Tyrosinemias')"
D006713,D010003,Positive_Correlation,@CHEMICAL_Homogentisic_Acid,@DISEASE_Osteoarthritis,"{'26229881', '18552537', '12524987', '25628464', '19381613', '24223251', '24647979', '36327861'}","['0.9988', '0.9925', '0.8038', '0.9992', '0.975', '0.3873', '0.9275', '0.7962']","('@CHEMICAL_Homogentisic_Acid', 'Positive_Correlation', '@DISEASE_Osteoarthritis')"
D006713,D011472,Positive_Correlation,@CHEMICAL_Homogentisic_Acid,@DISEASE_Prostatitis,{'25628464'},['0.9992'],"('@CHEMICAL_Homogentisic_Acid', 'Positive_Correlation', '@DISEASE_Prostatitis')"
D006713,C536223,Association,@CHEMICAL_Homogentisic_Acid,@DISEASE_Cushing's_symphalangism,{'25628464'},['0.9389'],"('@CHEMICAL_Homogentisic_Acid', 'Association', ""@DISEASE_Cushing's_symphalangism"")"
D002386,#3081#p.P23T,Association,@DISEASE_Cataract,@VARIANT_p.P23T_HGD_human,"{'19275895', '20553008'}","['0.9994', '0.9943']","('@DISEASE_Cataract', 'Association', '@VARIANT_p.P23T_HGD_human')"
D000230,7422,Association,@DISEASE_Adenocarcinoma,@GENE_VEGFA,{'21576902'},['0.9993'],"('@DISEASE_Adenocarcinoma', 'Association', '@GENE_VEGFA')"
D000230,1956,Association,@DISEASE_Adenocarcinoma,@GENE_EGFR,{'21576902'},['0.9982'],"('@DISEASE_Adenocarcinoma', 'Association', '@GENE_EGFR')"
D000230,2064,Association,@DISEASE_Adenocarcinoma,@GENE_ERBB2,"{'21576902', '14581353', '32749611'}","['0.9991', '0.9966', '0.983']","('@DISEASE_Adenocarcinoma', 'Association', '@GENE_ERBB2')"
D001128,D001471,Negative_Correlation,@CHEMICAL_Argon,@DISEASE_Barrett_Esophagus,"{'12711361', '16118910', '40018075', '16428037', '30076843', '16032707'}","['0.9962', '0.9981', '0.9976', '0.9932', '0.9975', '0.9989']","('@CHEMICAL_Argon', 'Negative_Correlation', '@DISEASE_Barrett_Esophagus')"
D013167,51706,Association,@DISEASE_Spondylitis_Ankylosing,@GENE_CYB5R1,{'39213249'},['0.9958'],"('@DISEASE_Spondylitis_Ankylosing', 'Association', '@GENE_CYB5R1')"
D003300,D013167,Association,@CHEMICAL_Copper,@DISEASE_Spondylitis_Ankylosing,{'39213249'},['0.9985'],"('@CHEMICAL_Copper', 'Association', '@DISEASE_Spondylitis_Ankylosing')"
D013167,56623,Association,@DISEASE_Spondylitis_Ankylosing,@GENE_INPP5E,{'39213249'},['0.996'],"('@DISEASE_Spondylitis_Ankylosing', 'Association', '@GENE_INPP5E')"
D013167,3081,Association,@DISEASE_Spondylitis_Ankylosing,@GENE_HGD,{'39213249'},['0.9995'],"('@DISEASE_Spondylitis_Ankylosing', 'Association', '@GENE_HGD')"
D009059,3481,Association,@DISEASE_Mouth_Diseases,@GENE_IGF2,{'25110432'},['0.9996'],"('@DISEASE_Mouth_Diseases', 'Association', '@GENE_IGF2')"
D015179,3481,Association,@DISEASE_Colorectal_Neoplasms,@GENE_IGF2,{'25110432'},['0.9994'],"('@DISEASE_Colorectal_Neoplasms', 'Association', '@GENE_IGF2')"
D000236,3481,Association,@DISEASE_Adenoma,@GENE_IGF2,{'25110432'},['0.9947'],"('@DISEASE_Adenoma', 'Association', '@GENE_IGF2')"
3481,6737,Association,@GENE_IGF2,@GENE_TRIM21,{'25110432'},['0.8109'],"('@GENE_IGF2', 'Association', '@GENE_TRIM21')"
D011127,3481,Association,@DISEASE_Polyps,@GENE_IGF2,{'25110432'},['0.9974'],"('@DISEASE_Polyps', 'Association', '@GENE_IGF2')"
D008228,3481,Association,@DISEASE_Lymphoma_Non_Hodgkin,@GENE_IGF2,{'25110432'},['0.9989'],"('@DISEASE_Lymphoma_Non_Hodgkin', 'Association', '@GENE_IGF2')"
D005557,D010232,Association,@CHEMICAL_Formaldehyde,@CHEMICAL_Paraffin,"{'34108638', '26186253', '26010308', '25110432', '27559738', '21969570', '14744729', '28843957', '35645542'}","['0.9398', '0.6972', '0.954', '0.8074', '0.9035', '0.9385', '0.8748', '0.9477', '0.8255']","('@CHEMICAL_Formaldehyde', 'Association', '@CHEMICAL_Paraffin')"
D009059,6737,Association,@DISEASE_Mouth_Diseases,@GENE_TRIM21,{'25110432'},['0.9987'],"('@DISEASE_Mouth_Diseases', 'Association', '@GENE_TRIM21')"
D006713,6608,Association,@CHEMICAL_Homogentisic_Acid,@GENE_SMO,{'28019670'},['0.7912'],"('@CHEMICAL_Homogentisic_Acid', 'Association', '@GENE_SMO')"
D000474,6608,Association,@DISEASE_Alkaptonuria,@GENE_SMO,{'28019670'},['0.9961'],"('@DISEASE_Alkaptonuria', 'Association', '@GENE_SMO')"
D014397,55144,Association,@DISEASE_Tuberculosis_Pulmonary,@GENE_LRRC8D,{'36787336'},['0.9954'],"('@DISEASE_Tuberculosis_Pulmonary', 'Association', '@GENE_LRRC8D')"
D014397,3929,Association,@DISEASE_Tuberculosis_Pulmonary,@GENE_LBP,{'36787336'},['0.9868'],"('@DISEASE_Tuberculosis_Pulmonary', 'Association', '@GENE_LBP')"
D014397,10808,Association,@DISEASE_Tuberculosis_Pulmonary,@GENE_HSPH1,{'36787336'},['0.7399'],"('@DISEASE_Tuberculosis_Pulmonary', 'Association', '@GENE_HSPH1')"
D014397,8623,Association,@DISEASE_Tuberculosis_Pulmonary,@GENE_ASMTL,{'36787336'},['0.9986'],"('@DISEASE_Tuberculosis_Pulmonary', 'Association', '@GENE_ASMTL')"
D014397,3304,Association,@DISEASE_Tuberculosis_Pulmonary,@GENE_HSPA1B,{'36787336'},['0.5915'],"('@DISEASE_Tuberculosis_Pulmonary', 'Association', '@GENE_HSPA1B')"
D014397,91404,Association,@DISEASE_Tuberculosis_Pulmonary,@GENE_SESTD1,{'36787336'},['0.9899'],"('@DISEASE_Tuberculosis_Pulmonary', 'Association', '@GENE_SESTD1')"
D014397,8883,Association,@DISEASE_Tuberculosis_Pulmonary,@GENE_NAE1,{'36787336'},['0.9919'],"('@DISEASE_Tuberculosis_Pulmonary', 'Association', '@GENE_NAE1')"
D014397,3303,Association,@DISEASE_Tuberculosis_Pulmonary,@GENE_HSPA1A,{'36787336'},['0.633'],"('@DISEASE_Tuberculosis_Pulmonary', 'Association', '@GENE_HSPA1A')"
D014397,3320,Association,@DISEASE_Tuberculosis_Pulmonary,@GENE_HSP90AA1,{'36787336'},['0.7435'],"('@DISEASE_Tuberculosis_Pulmonary', 'Association', '@GENE_HSP90AA1')"
D014397,3081,Association,@DISEASE_Tuberculosis_Pulmonary,@GENE_HGD,{'36787336'},['0.6841'],"('@DISEASE_Tuberculosis_Pulmonary', 'Association', '@GENE_HGD')"
D014397,735,Association,@DISEASE_Tuberculosis_Pulmonary,@GENE_C9,{'36787336'},['0.878'],"('@DISEASE_Tuberculosis_Pulmonary', 'Association', '@GENE_C9')"
D006713,C531762,Association,@CHEMICAL_Homogentisic_Acid,@DISEASE_Alkaptonuric_ochronosis,"{'12705346', '3121448', '317004', '3789644', '10504183', '8071207', '20138792', '33469937', '13913597'}","['0.668', '0.998', '0.7221', '0.9986', '0.9812', '0.9848', '0.9839', '0.9993', '0.9857']","('@CHEMICAL_Homogentisic_Acid', 'Association', '@DISEASE_Alkaptonuric_ochronosis')"
D002751,D014443,Positive_Correlation,@CHEMICAL_Chlortetracycline,@CHEMICAL_Tyrosine,{'24193123'},['0.9992'],"('@CHEMICAL_Chlortetracycline', 'Positive_Correlation', '@CHEMICAL_Tyrosine')"
C520399,D008228,Negative_Correlation,@CHEMICAL_2_mercaptopurine,@DISEASE_Lymphoma_Non_Hodgkin,{'23541909'},['0.9987'],"('@CHEMICAL_2_mercaptopurine', 'Negative_Correlation', '@DISEASE_Lymphoma_Non_Hodgkin')"
C520399,D003424,Negative_Correlation,@CHEMICAL_2_mercaptopurine,@DISEASE_Crohn_Disease,{'23541909'},['0.9987'],"('@CHEMICAL_2_mercaptopurine', 'Negative_Correlation', '@DISEASE_Crohn_Disease')"
C520399,D009369,Negative_Correlation,@CHEMICAL_2_mercaptopurine,@DISEASE_Neoplasms,"{'26351379', '23541909'}","['0.9988', '0.9991']","('@CHEMICAL_2_mercaptopurine', 'Negative_Correlation', '@DISEASE_Neoplasms')"
C520399,D003092,Negative_Correlation,@CHEMICAL_2_mercaptopurine,@DISEASE_Colitis,{'23541909'},['0.998'],"('@CHEMICAL_2_mercaptopurine', 'Negative_Correlation', '@DISEASE_Colitis')"
C520399,D015212,Negative_Correlation,@CHEMICAL_2_mercaptopurine,@DISEASE_Inflammatory_Bowel_Diseases,{'23541909'},['0.9983'],"('@CHEMICAL_2_mercaptopurine', 'Negative_Correlation', '@DISEASE_Inflammatory_Bowel_Diseases')"
D008228,6869,Positive_Correlation,@DISEASE_Lymphoma_Non_Hodgkin,@GENE_TACR1,{'21969570'},['0.9969'],"('@DISEASE_Lymphoma_Non_Hodgkin', 'Positive_Correlation', '@GENE_TACR1')"
D009369,6869,Positive_Correlation,@DISEASE_Neoplasms,@GENE_TACR1,{'21969570'},['0.5131'],"('@DISEASE_Neoplasms', 'Positive_Correlation', '@GENE_TACR1')"
D000083023,6869,Association,@DISEASE_Colitis_Associated_Neoplasms,@GENE_TACR1,{'21969570'},['0.9995'],"('@DISEASE_Colitis_Associated_Neoplasms', 'Association', '@GENE_TACR1')"
D013792,D009101,Negative_Correlation,@CHEMICAL_Thalidomide,@DISEASE_Multiple_Myeloma,{'37238617'},['0.9948'],"('@CHEMICAL_Thalidomide', 'Negative_Correlation', '@DISEASE_Multiple_Myeloma')"
D013792,D007918,Negative_Correlation,@CHEMICAL_Thalidomide,@DISEASE_Leprosy,{'37238617'},['0.9977'],"('@CHEMICAL_Thalidomide', 'Negative_Correlation', '@DISEASE_Leprosy')"
C467566,D009101,Negative_Correlation,@CHEMICAL_pomalidomide,@DISEASE_Multiple_Myeloma,{'37238617'},['0.9984'],"('@CHEMICAL_pomalidomide', 'Negative_Correlation', '@DISEASE_Multiple_Myeloma')"
C535542,51185,Association,@DISEASE_Isotretinoin_embryopathy_like_syndrome,@GENE_CRBN,{'37238617'},['0.9991'],"('@DISEASE_Isotretinoin_embryopathy_like_syndrome', 'Association', '@GENE_CRBN')"
C467566,D007249,Negative_Correlation,@CHEMICAL_pomalidomide,@DISEASE_Inflammation,{'37238617'},['0.9991'],"('@CHEMICAL_pomalidomide', 'Negative_Correlation', '@DISEASE_Inflammation')"
D000077269,D007249,Negative_Correlation,@CHEMICAL_Lenalidomide,@DISEASE_Inflammation,{'37238617'},['0.9987'],"('@CHEMICAL_Lenalidomide', 'Negative_Correlation', '@DISEASE_Inflammation')"
D013792,D009369,Negative_Correlation,@CHEMICAL_Thalidomide,@DISEASE_Neoplasms,{'37238617'},['0.9032'],"('@CHEMICAL_Thalidomide', 'Negative_Correlation', '@DISEASE_Neoplasms')"
D000077269,D009101,Negative_Correlation,@CHEMICAL_Lenalidomide,@DISEASE_Multiple_Myeloma,{'37238617'},['0.9983'],"('@CHEMICAL_Lenalidomide', 'Negative_Correlation', '@DISEASE_Multiple_Myeloma')"
D013792,D004893,Negative_Correlation,@CHEMICAL_Thalidomide,@DISEASE_Erythema_Nodosum,{'37238617'},['0.6872'],"('@CHEMICAL_Thalidomide', 'Negative_Correlation', '@DISEASE_Erythema_Nodosum')"
D013792,D019636,Negative_Correlation,@CHEMICAL_Thalidomide,@DISEASE_Neurodegenerative_Diseases,{'37238617'},['0.9971'],"('@CHEMICAL_Thalidomide', 'Negative_Correlation', '@DISEASE_Neurodegenerative_Diseases')"
158506,51185,Association,@GENE_CBLL2,@GENE_CRBN,{'37238617'},['0.6714'],"('@GENE_CBLL2', 'Association', '@GENE_CRBN')"
C467566,D009369,Negative_Correlation,@CHEMICAL_pomalidomide,@DISEASE_Neoplasms,{'37238617'},['0.9984'],"('@CHEMICAL_pomalidomide', 'Negative_Correlation', '@DISEASE_Neoplasms')"
D013792,D013001,Positive_Correlation,@CHEMICAL_Thalidomide,@DISEASE_Somatoform_Disorders,{'37238617'},['0.6999'],"('@CHEMICAL_Thalidomide', 'Positive_Correlation', '@DISEASE_Somatoform_Disorders')"
D000077269,D009369,Negative_Correlation,@CHEMICAL_Lenalidomide,@DISEASE_Neoplasms,{'37238617'},['0.9982'],"('@CHEMICAL_Lenalidomide', 'Negative_Correlation', '@DISEASE_Neoplasms')"
C042491,D010368,Association,@CHEMICAL_rhamnogalacturonan_I,@CHEMICAL_Pectins,{'40886545'},['0.6636'],"('@CHEMICAL_rhamnogalacturonan_I', 'Association', '@CHEMICAL_Pectins')"
D000872,D010368,Association,@CHEMICAL_Anthocyanins,@CHEMICAL_Pectins,{'40886545'},['0.9983'],"('@CHEMICAL_Anthocyanins', 'Association', '@CHEMICAL_Pectins')"
C010590,D006713,Comparison,@CHEMICAL_4_hydroxyphenylpyruvic_acid,@CHEMICAL_Homogentisic_Acid,"{'28084442', '25665838', '26936969', '15882057', '32756361', '12590595', '12939152'}","['0.3696', '0.5356', '0.5589', '0.3703', '0.4207', '0.3965', '0.3552']","('@CHEMICAL_4_hydroxyphenylpyruvic_acid', 'Comparison', '@CHEMICAL_Homogentisic_Acid')"
D024505,816412,Positive_Correlation,@CHEMICAL_Tocopherols,@GENE_HPT1,"{'14512521', '16408209', '12586887'}","['0.9973', '0.9953', '0.98']","('@CHEMICAL_Tocopherols', 'Positive_Correlation', '@GENE_HPT1')"
816412,842805,Positive_Correlation,@GENE_HPT1,@GENE_G_TMT,"{'14512521', '12586887'}","['0.9756', '0.851']","('@GENE_HPT1', 'Positive_Correlation', '@GENE_G_TMT')"
D024502,D024505,Negative_Correlation,@CHEMICAL_alpha_Tocopherol,@CHEMICAL_Tocopherols,{'14512521'},['0.9824'],"('@CHEMICAL_alpha_Tocopherol', 'Negative_Correlation', '@CHEMICAL_Tocopherols')"
D024502,842805,Association,@CHEMICAL_alpha_Tocopherol,@GENE_G_TMT,{'14512521'},['0.9505'],"('@CHEMICAL_alpha_Tocopherol', 'Association', '@GENE_G_TMT')"
D024502,D024504,Cotreatment,@CHEMICAL_alpha_Tocopherol,@CHEMICAL_gamma_Tocopherol,{'9841861'},['0.3475'],"('@CHEMICAL_alpha_Tocopherol', 'Cotreatment', '@CHEMICAL_gamma_Tocopherol')"
D006713,D024505,Association,@CHEMICAL_Homogentisic_Acid,@CHEMICAL_Tocopherols,"{'15581571', '24272117', '28637410', '11706191', '16008097', '38469330', '38314636', '9841861', '34691122', '21223386', '38289421', '37790787', '16408209', '12586887', '16681377', '40408812'}","['0.9735', '0.4645', '0.9823', '0.9144', '0.9281', '0.768', '0.5147', '0.8711', '0.7349', '0.9606', '0.9833', '0.8104', '0.9719', '0.7412', '0.9989', '0.6188']","('@CHEMICAL_Homogentisic_Acid', 'Association', '@CHEMICAL_Tocopherols')"
C036216,D024505,Positive_Correlation,@CHEMICAL_ethylene,@CHEMICAL_Tocopherols,{'21430290'},['0.993'],"('@CHEMICAL_ethylene', 'Positive_Correlation', '@CHEMICAL_Tocopherols')"
C025136,D006713,Association,@CHEMICAL_phenylacetic_acid,@CHEMICAL_Homogentisic_Acid,"{'10329644', '19203396', '38388812', '16204529', '30092379'}","['0.8017', '0.9768', '0.9745', '0.9172', '0.9957']","('@CHEMICAL_phenylacetic_acid', 'Association', '@CHEMICAL_Homogentisic_Acid')"
C025136,D007052,Association,@CHEMICAL_phenylacetic_acid,@CHEMICAL_Ibuprofen,{'16204529'},['0.9995'],"('@CHEMICAL_phenylacetic_acid', 'Association', '@CHEMICAL_Ibuprofen')"
C013025,D007052,Association,@CHEMICAL_hydratropic_acid,@CHEMICAL_Ibuprofen,{'16204529'},['0.9996'],"('@CHEMICAL_hydratropic_acid', 'Association', '@CHEMICAL_Ibuprofen')"
C013025,C034221,Association,@CHEMICAL_hydratropic_acid,@CHEMICAL_catechol,{'16204529'},['0.8909'],"('@CHEMICAL_hydratropic_acid', 'Association', '@CHEMICAL_catechol')"
D002396,D007052,Association,@CHEMICAL_Catechols,@CHEMICAL_Ibuprofen,{'16204529'},['0.6659'],"('@CHEMICAL_Catechols', 'Association', '@CHEMICAL_Ibuprofen')"
C034221,D007052,Association,@CHEMICAL_catechol,@CHEMICAL_Ibuprofen,{'16204529'},['0.9991'],"('@CHEMICAL_catechol', 'Association', '@CHEMICAL_Ibuprofen')"
C023793,D006713,Association,@CHEMICAL_pyomelanin,@CHEMICAL_Homogentisic_Acid,"{'30572055', '8885416', '36376482', '19120654', '28983293', '31601906', '31020477', '29348338', '33920006', '17548481', '19573203', '34643424', '28746990'}","['0.8489', '0.3673', '0.9356', '0.9717', '0.7579', '0.9766', '0.7069', '0.75', '0.4478', '0.5349', '0.5194', '0.671', '0.6469']","('@CHEMICAL_pyomelanin', 'Association', '@CHEMICAL_Homogentisic_Acid')"
D006713,D010649,Positive_Correlation,@CHEMICAL_Homogentisic_Acid,@CHEMICAL_Phenylalanine,"{'7399402', '27590860', '33920006', '16470664'}","['0.9945', '0.9898', '0.9214', '0.4596']","('@CHEMICAL_Homogentisic_Acid', 'Positive_Correlation', '@CHEMICAL_Phenylalanine')"
C023793,D010649,Positive_Correlation,@CHEMICAL_pyomelanin,@CHEMICAL_Phenylalanine,"{'33920006', '34512569'}","['0.9971', '0.852']","('@CHEMICAL_pyomelanin', 'Positive_Correlation', '@CHEMICAL_Phenylalanine')"
D008228,324,Association,@DISEASE_Lymphoma_Non_Hodgkin,@GENE_APC,"{'9490271', '36805791'}","['0.9795', '0.9859']","('@DISEASE_Lymphoma_Non_Hodgkin', 'Association', '@GENE_APC')"
C566775,324,Association,@DISEASE_Polyposis_Of_Gastric_Fundus_Without_Polyposis_Coli,@GENE_APC,{'36805791'},['0.9991'],"('@DISEASE_Polyposis_Of_Gastric_Fundus_Without_Polyposis_Coli', 'Association', '@GENE_APC')"
D011125,324,Association,@DISEASE_Adenomatous_Polyposis_Coli,@GENE_APC,{'36805791'},['0.9975'],"('@DISEASE_Adenomatous_Polyposis_Coli', 'Association', '@GENE_APC')"
D015792,324,Association,@DISEASE_Retinal_Dysplasia,@GENE_APC,"{'9490271', '11338478', '36805791'}","['0.9984', '0.9631', '0.9568']","('@DISEASE_Retinal_Dysplasia', 'Association', '@GENE_APC')"
D006713,D003920,Positive_Correlation,@CHEMICAL_Homogentisic_Acid,@DISEASE_Diabetes_Mellitus,{'1224570'},['0.988'],"('@CHEMICAL_Homogentisic_Acid', 'Positive_Correlation', '@DISEASE_Diabetes_Mellitus')"
D006713,D006030,Positive_Correlation,@CHEMICAL_Homogentisic_Acid,@DISEASE_Glycosuria_Renal,{'1224570'},['0.7885'],"('@CHEMICAL_Homogentisic_Acid', 'Positive_Correlation', '@DISEASE_Glycosuria_Renal')"
D001205,D007249,Negative_Correlation,@CHEMICAL_Ascorbic_Acid,@DISEASE_Inflammation,"{'32395409', '23704321'}","['0.9992', '0.9991']","('@CHEMICAL_Ascorbic_Acid', 'Negative_Correlation', '@DISEASE_Inflammation')"
D000474,6287,Association,@DISEASE_Alkaptonuria,@GENE_SAA@,"{'24876668', '23704321', '27454006', '22850426', '36429096', '31462106', '39273071', '29852277', '25868666'}","['0.9993', '0.9997', '0.9918', '0.9984', '0.999', '0.9997', '0.9993', '0.9994', '0.9996']","('@DISEASE_Alkaptonuria', 'Association', '@GENE_SAA@')"
D013654,6287,Negative_Correlation,@CHEMICAL_Taurine,@GENE_SAA@,{'23704321'},['0.999'],"('@CHEMICAL_Taurine', 'Negative_Correlation', '@GENE_SAA@')"
D008055,D013654,Negative_Correlation,@CHEMICAL_Lipids,@CHEMICAL_Taurine,{'23704321'},['0.9978'],"('@CHEMICAL_Lipids', 'Negative_Correlation', '@CHEMICAL_Taurine')"
D001205,D008055,Negative_Correlation,@CHEMICAL_Ascorbic_Acid,@CHEMICAL_Lipids,{'23704321'},['0.9976'],"('@CHEMICAL_Ascorbic_Acid', 'Negative_Correlation', '@CHEMICAL_Lipids')"
D008055,D008063,Negative_Correlation,@CHEMICAL_Lipids,@CHEMICAL_Thioctic_Acid,{'23704321'},['0.998'],"('@CHEMICAL_Lipids', 'Negative_Correlation', '@CHEMICAL_Thioctic_Acid')"
D001205,6287,Negative_Correlation,@CHEMICAL_Ascorbic_Acid,@GENE_SAA@,{'23704321'},['0.9992'],"('@CHEMICAL_Ascorbic_Acid', 'Negative_Correlation', '@GENE_SAA@')"
D001205,D010833,Cotreatment,@CHEMICAL_Ascorbic_Acid,@CHEMICAL_Phytic_Acid,{'23704321'},['0.5048'],"('@CHEMICAL_Ascorbic_Acid', 'Cotreatment', '@CHEMICAL_Phytic_Acid')"
D000686,6287,Association,@DISEASE_Amyloidosis,@GENE_SAA@,"{'22850426', '36429096', '23704321'}","['0.9996', '0.9397', '0.9943']","('@DISEASE_Amyloidosis', 'Association', '@GENE_SAA@')"
D013654,D000474,Negative_Correlation,@CHEMICAL_Taurine,@DISEASE_Alkaptonuria,"{'20601653', '23704321'}","['0.9979', '0.6546']","('@CHEMICAL_Taurine', 'Negative_Correlation', '@DISEASE_Alkaptonuria')"
D000111,6287,Negative_Correlation,@CHEMICAL_Acetylcysteine,@GENE_SAA@,{'23704321'},['0.999'],"('@CHEMICAL_Acetylcysteine', 'Negative_Correlation', '@GENE_SAA@')"
D010833,6287,Negative_Correlation,@CHEMICAL_Phytic_Acid,@GENE_SAA@,{'23704321'},['0.9988'],"('@CHEMICAL_Phytic_Acid', 'Negative_Correlation', '@GENE_SAA@')"
D000111,D008055,Negative_Correlation,@CHEMICAL_Acetylcysteine,@CHEMICAL_Lipids,{'23704321'},['0.9978'],"('@CHEMICAL_Acetylcysteine', 'Negative_Correlation', '@CHEMICAL_Lipids')"
D013654,D007249,Negative_Correlation,@CHEMICAL_Taurine,@DISEASE_Inflammation,{'23704321'},['0.9992'],"('@CHEMICAL_Taurine', 'Negative_Correlation', '@DISEASE_Inflammation')"
D000111,D007249,Negative_Correlation,@CHEMICAL_Acetylcysteine,@DISEASE_Inflammation,{'23704321'},['0.9992'],"('@CHEMICAL_Acetylcysteine', 'Negative_Correlation', '@DISEASE_Inflammation')"
D008063,D000474,Negative_Correlation,@CHEMICAL_Thioctic_Acid,@DISEASE_Alkaptonuria,{'23704321'},['0.9954'],"('@CHEMICAL_Thioctic_Acid', 'Negative_Correlation', '@DISEASE_Alkaptonuria')"
D008055,D010833,Negative_Correlation,@CHEMICAL_Lipids,@CHEMICAL_Phytic_Acid,{'23704321'},['0.9963'],"('@CHEMICAL_Lipids', 'Negative_Correlation', '@CHEMICAL_Phytic_Acid')"
D010833,D000474,Negative_Correlation,@CHEMICAL_Phytic_Acid,@DISEASE_Alkaptonuria,{'23704321'},['0.9958'],"('@CHEMICAL_Phytic_Acid', 'Negative_Correlation', '@DISEASE_Alkaptonuria')"
D006713,6287,Positive_Correlation,@CHEMICAL_Homogentisic_Acid,@GENE_SAA@,{'23704321'},['0.9992'],"('@CHEMICAL_Homogentisic_Acid', 'Positive_Correlation', '@GENE_SAA@')"
D008063,6287,Negative_Correlation,@CHEMICAL_Thioctic_Acid,@GENE_SAA@,{'23704321'},['0.9989'],"('@CHEMICAL_Thioctic_Acid', 'Negative_Correlation', '@GENE_SAA@')"
D001205,D008063,Cotreatment,@CHEMICAL_Ascorbic_Acid,@CHEMICAL_Thioctic_Acid,{'23704321'},['0.555'],"('@CHEMICAL_Ascorbic_Acid', 'Cotreatment', '@CHEMICAL_Thioctic_Acid')"
D010833,D007249,Negative_Correlation,@CHEMICAL_Phytic_Acid,@DISEASE_Inflammation,{'23704321'},['0.9992'],"('@CHEMICAL_Phytic_Acid', 'Negative_Correlation', '@DISEASE_Inflammation')"
D001205,D013654,Cotreatment,@CHEMICAL_Ascorbic_Acid,@CHEMICAL_Taurine,{'23704321'},['0.6186'],"('@CHEMICAL_Ascorbic_Acid', 'Cotreatment', '@CHEMICAL_Taurine')"
D006713,D007249,Positive_Correlation,@CHEMICAL_Homogentisic_Acid,@DISEASE_Inflammation,"{'23704321', '39351877', '39273071', '27535253', '22196391', '30451653', '33427541'}","['0.9991', '0.9991', '0.9994', '0.9988', '0.9802', '0.9964', '0.9502']","('@CHEMICAL_Homogentisic_Acid', 'Positive_Correlation', '@DISEASE_Inflammation')"
D008063,D007249,Negative_Correlation,@CHEMICAL_Thioctic_Acid,@DISEASE_Inflammation,{'23704321'},['0.9992'],"('@CHEMICAL_Thioctic_Acid', 'Negative_Correlation', '@DISEASE_Inflammation')"
D003093,4089,Association,@DISEASE_Colitis_Ulcerative,@GENE_SMAD4,{'15067728'},['0.9635'],"('@DISEASE_Colitis_Ulcerative', 'Association', '@GENE_SMAD4')"
D003093,581,Association,@DISEASE_Colitis_Ulcerative,@GENE_BAX,{'15067728'},['0.91'],"('@DISEASE_Colitis_Ulcerative', 'Association', '@GENE_BAX')"
D003093,4437,Association,@DISEASE_Colitis_Ulcerative,@GENE_MSH3,{'15067728'},['0.923'],"('@DISEASE_Colitis_Ulcerative', 'Association', '@GENE_MSH3')"
D003093,7157,Association,@DISEASE_Colitis_Ulcerative,@GENE_TP53,"{'24029705', '17676397', '10571818', '10931232', '15067728', '10452501', '12533829', '9468583'}","['0.9996', '0.9973', '0.9997', '0.991', '0.9994', '0.9994', '0.9996', '0.9997']","('@DISEASE_Colitis_Ulcerative', 'Association', '@GENE_TP53')"
C044255,D002713,Association,@CHEMICAL_sulfonyl_chloride,@CHEMICAL_Chlorine,{'40752702'},['0.9703'],"('@CHEMICAL_sulfonyl_chloride', 'Association', '@CHEMICAL_Chlorine')"
C031760,D000475,Association,@CHEMICAL_thiocyanate,@CHEMICAL_Alkenes,{'40752702'},['0.5605'],"('@CHEMICAL_thiocyanate', 'Association', '@CHEMICAL_Alkenes')"
D002118,D010758,Association,@CHEMICAL_Calcium,@CHEMICAL_Phosphorus,{'40752702'},['0.9634'],"('@CHEMICAL_Calcium', 'Association', '@CHEMICAL_Phosphorus')"
C044255,D002118,Association,@CHEMICAL_sulfonyl_chloride,@CHEMICAL_Calcium,{'40752702'},['0.9942'],"('@CHEMICAL_sulfonyl_chloride', 'Association', '@CHEMICAL_Calcium')"
D002244,D010758,Association,@CHEMICAL_Carbon,@CHEMICAL_Phosphorus,{'40752702'},['0.7612'],"('@CHEMICAL_Carbon', 'Association', '@CHEMICAL_Phosphorus')"
C031760,D009574,Association,@CHEMICAL_thiocyanate,@CHEMICAL_Nitro_Compounds,{'40752702'},['0.9514'],"('@CHEMICAL_thiocyanate', 'Association', '@CHEMICAL_Nitro_Compounds')"
D012834,D019813,Association,@CHEMICAL_Silver,@CHEMICAL_1_2_Dimethylhydrazine,{'40752702'},['0.4889'],"('@CHEMICAL_Silver', 'Association', '@CHEMICAL_1_2_Dimethylhydrazine')"
D010100,D008228,Association,@CHEMICAL_Oxygen,@DISEASE_Lymphoma_Non_Hodgkin,{'40752702'},['0.989'],"('@CHEMICAL_Oxygen', 'Association', '@DISEASE_Lymphoma_Non_Hodgkin')"
C044255,D008228,Association,@CHEMICAL_sulfonyl_chloride,@DISEASE_Lymphoma_Non_Hodgkin,{'40752702'},['0.9979'],"('@CHEMICAL_sulfonyl_chloride', 'Association', '@DISEASE_Lymphoma_Non_Hodgkin')"
D012834,D015179,Negative_Correlation,@CHEMICAL_Silver,@DISEASE_Colorectal_Neoplasms,{'40752702'},['0.9988'],"('@CHEMICAL_Silver', 'Negative_Correlation', '@DISEASE_Colorectal_Neoplasms')"
C044255,D002244,Association,@CHEMICAL_sulfonyl_chloride,@CHEMICAL_Carbon,{'40752702'},['0.9811'],"('@CHEMICAL_sulfonyl_chloride', 'Association', '@CHEMICAL_Carbon')"
D000475,D008228,Association,@CHEMICAL_Alkenes,@DISEASE_Lymphoma_Non_Hodgkin,{'40752702'},['0.9982'],"('@CHEMICAL_Alkenes', 'Association', '@DISEASE_Lymphoma_Non_Hodgkin')"
D002244,D002713,Association,@CHEMICAL_Carbon,@CHEMICAL_Chlorine,{'40752702'},['0.9378'],"('@CHEMICAL_Carbon', 'Association', '@CHEMICAL_Chlorine')"
D000475,D002244,Association,@CHEMICAL_Alkenes,@CHEMICAL_Carbon,{'40752702'},['0.5726'],"('@CHEMICAL_Alkenes', 'Association', '@CHEMICAL_Carbon')"
D002118,D012964,Association,@CHEMICAL_Calcium,@CHEMICAL_Sodium,{'40752702'},['0.9905'],"('@CHEMICAL_Calcium', 'Association', '@CHEMICAL_Sodium')"
D002713,D008228,Association,@CHEMICAL_Chlorine,@DISEASE_Lymphoma_Non_Hodgkin,{'40752702'},['0.989'],"('@CHEMICAL_Chlorine', 'Association', '@DISEASE_Lymphoma_Non_Hodgkin')"
D048271,D015792,Negative_Correlation,@CHEMICAL_Chitosan,@DISEASE_Retinal_Dysplasia,{'40752702'},['0.9961'],"('@CHEMICAL_Chitosan', 'Negative_Correlation', '@DISEASE_Retinal_Dysplasia')"
D019813,D048271,Association,@CHEMICAL_1_2_Dimethylhydrazine,@CHEMICAL_Chitosan,{'40752702'},['0.6458'],"('@CHEMICAL_1_2_Dimethylhydrazine', 'Association', '@CHEMICAL_Chitosan')"
D002244,D010100,Association,@CHEMICAL_Carbon,@CHEMICAL_Oxygen,"{'40752702', '40056075'}","['0.9689', '0.4611']","('@CHEMICAL_Carbon', 'Association', '@CHEMICAL_Oxygen')"
C031760,D010100,Association,@CHEMICAL_thiocyanate,@CHEMICAL_Oxygen,{'40752702'},['0.9944'],"('@CHEMICAL_thiocyanate', 'Association', '@CHEMICAL_Oxygen')"
D000475,D010100,Association,@CHEMICAL_Alkenes,@CHEMICAL_Oxygen,{'40752702'},['0.9926'],"('@CHEMICAL_Alkenes', 'Association', '@CHEMICAL_Oxygen')"
D000475,D010758,Association,@CHEMICAL_Alkenes,@CHEMICAL_Phosphorus,{'40752702'},['0.8708'],"('@CHEMICAL_Alkenes', 'Association', '@CHEMICAL_Phosphorus')"
C031760,D002244,Association,@CHEMICAL_thiocyanate,@CHEMICAL_Carbon,{'40752702'},['0.9854'],"('@CHEMICAL_thiocyanate', 'Association', '@CHEMICAL_Carbon')"
D010100,D010758,Association,@CHEMICAL_Oxygen,@CHEMICAL_Phosphorus,{'40752702'},['0.9879'],"('@CHEMICAL_Oxygen', 'Association', '@CHEMICAL_Phosphorus')"
D009574,D012964,Association,@CHEMICAL_Nitro_Compounds,@CHEMICAL_Sodium,{'40752702'},['0.9919'],"('@CHEMICAL_Nitro_Compounds', 'Association', '@CHEMICAL_Sodium')"
D002118,D010100,Association,@CHEMICAL_Calcium,@CHEMICAL_Oxygen,{'40752702'},['0.9956'],"('@CHEMICAL_Calcium', 'Association', '@CHEMICAL_Oxygen')"
D000475,D002118,Association,@CHEMICAL_Alkenes,@CHEMICAL_Calcium,{'40752702'},['0.9856'],"('@CHEMICAL_Alkenes', 'Association', '@CHEMICAL_Calcium')"
D012834,D015792,Negative_Correlation,@CHEMICAL_Silver,@DISEASE_Retinal_Dysplasia,{'40752702'},['0.9986'],"('@CHEMICAL_Silver', 'Negative_Correlation', '@DISEASE_Retinal_Dysplasia')"
D019813,D015179,Positive_Correlation,@CHEMICAL_1_2_Dimethylhydrazine,@DISEASE_Colorectal_Neoplasms,{'40752702'},['0.999'],"('@CHEMICAL_1_2_Dimethylhydrazine', 'Positive_Correlation', '@DISEASE_Colorectal_Neoplasms')"
D002244,D012964,Association,@CHEMICAL_Carbon,@CHEMICAL_Sodium,{'40752702'},['0.9745'],"('@CHEMICAL_Carbon', 'Association', '@CHEMICAL_Sodium')"
D000475,D002713,Association,@CHEMICAL_Alkenes,@CHEMICAL_Chlorine,{'40752702'},['0.8586'],"('@CHEMICAL_Alkenes', 'Association', '@CHEMICAL_Chlorine')"
C031760,D012964,Association,@CHEMICAL_thiocyanate,@CHEMICAL_Sodium,{'40752702'},['0.9851'],"('@CHEMICAL_thiocyanate', 'Association', '@CHEMICAL_Sodium')"
D012834,D048271,Association,@CHEMICAL_Silver,@CHEMICAL_Chitosan,{'40752702'},['0.9921'],"('@CHEMICAL_Silver', 'Association', '@CHEMICAL_Chitosan')"
D010758,D008228,Association,@CHEMICAL_Phosphorus,@DISEASE_Lymphoma_Non_Hodgkin,{'40752702'},['0.9963'],"('@CHEMICAL_Phosphorus', 'Association', '@DISEASE_Lymphoma_Non_Hodgkin')"
D009574,D010100,Association,@CHEMICAL_Nitro_Compounds,@CHEMICAL_Oxygen,{'40752702'},['0.9893'],"('@CHEMICAL_Nitro_Compounds', 'Association', '@CHEMICAL_Oxygen')"
D002118,D008228,Association,@CHEMICAL_Calcium,@DISEASE_Lymphoma_Non_Hodgkin,{'40752702'},['0.9986'],"('@CHEMICAL_Calcium', 'Association', '@DISEASE_Lymphoma_Non_Hodgkin')"
D002713,D010100,Association,@CHEMICAL_Chlorine,@CHEMICAL_Oxygen,{'40752702'},['0.9863'],"('@CHEMICAL_Chlorine', 'Association', '@CHEMICAL_Oxygen')"
D002118,D002244,Association,@CHEMICAL_Calcium,@CHEMICAL_Carbon,{'40752702'},['0.9728'],"('@CHEMICAL_Calcium', 'Association', '@CHEMICAL_Carbon')"
D002244,D009574,Association,@CHEMICAL_Carbon,@CHEMICAL_Nitro_Compounds,{'40752702'},['0.9634'],"('@CHEMICAL_Carbon', 'Association', '@CHEMICAL_Nitro_Compounds')"
D002713,D010758,Association,@CHEMICAL_Chlorine,@CHEMICAL_Phosphorus,{'40752702'},['0.756'],"('@CHEMICAL_Chlorine', 'Association', '@CHEMICAL_Phosphorus')"
C031760,D002713,Association,@CHEMICAL_thiocyanate,@CHEMICAL_Chlorine,{'40752702'},['0.8388'],"('@CHEMICAL_thiocyanate', 'Association', '@CHEMICAL_Chlorine')"
D010758,D012964,Association,@CHEMICAL_Phosphorus,@CHEMICAL_Sodium,{'40752702'},['0.9778'],"('@CHEMICAL_Phosphorus', 'Association', '@CHEMICAL_Sodium')"
C044255,D010100,Association,@CHEMICAL_sulfonyl_chloride,@CHEMICAL_Oxygen,{'40752702'},['0.9905'],"('@CHEMICAL_sulfonyl_chloride', 'Association', '@CHEMICAL_Oxygen')"
C031760,D010758,Association,@CHEMICAL_thiocyanate,@CHEMICAL_Phosphorus,{'40752702'},['0.9812'],"('@CHEMICAL_thiocyanate', 'Association', '@CHEMICAL_Phosphorus')"
D002244,D008228,Association,@CHEMICAL_Carbon,@DISEASE_Lymphoma_Non_Hodgkin,{'40752702'},['0.9911'],"('@CHEMICAL_Carbon', 'Association', '@DISEASE_Lymphoma_Non_Hodgkin')"
D002713,D012964,Association,@CHEMICAL_Chlorine,@CHEMICAL_Sodium,{'40752702'},['0.9892'],"('@CHEMICAL_Chlorine', 'Association', '@CHEMICAL_Sodium')"
D009574,D008228,Association,@CHEMICAL_Nitro_Compounds,@DISEASE_Lymphoma_Non_Hodgkin,{'40752702'},['0.9963'],"('@CHEMICAL_Nitro_Compounds', 'Association', '@DISEASE_Lymphoma_Non_Hodgkin')"
C044255,D000475,Association,@CHEMICAL_sulfonyl_chloride,@CHEMICAL_Alkenes,{'40752702'},['0.9904'],"('@CHEMICAL_sulfonyl_chloride', 'Association', '@CHEMICAL_Alkenes')"
D048271,D015179,Negative_Correlation,@CHEMICAL_Chitosan,@DISEASE_Colorectal_Neoplasms,{'40752702'},['0.9985'],"('@CHEMICAL_Chitosan', 'Negative_Correlation', '@DISEASE_Colorectal_Neoplasms')"
C031760,D002118,Association,@CHEMICAL_thiocyanate,@CHEMICAL_Calcium,{'40752702'},['0.9883'],"('@CHEMICAL_thiocyanate', 'Association', '@CHEMICAL_Calcium')"
D000475,D009574,Association,@CHEMICAL_Alkenes,@CHEMICAL_Nitro_Compounds,{'40752702'},['0.992'],"('@CHEMICAL_Alkenes', 'Association', '@CHEMICAL_Nitro_Compounds')"
D010100,D012964,Association,@CHEMICAL_Oxygen,@CHEMICAL_Sodium,{'40752702'},['0.9885'],"('@CHEMICAL_Oxygen', 'Association', '@CHEMICAL_Sodium')"
D002713,D009574,Association,@CHEMICAL_Chlorine,@CHEMICAL_Nitro_Compounds,{'40752702'},['0.9447'],"('@CHEMICAL_Chlorine', 'Association', '@CHEMICAL_Nitro_Compounds')"
C031760,D008228,Association,@CHEMICAL_thiocyanate,@DISEASE_Lymphoma_Non_Hodgkin,{'40752702'},['0.999'],"('@CHEMICAL_thiocyanate', 'Association', '@DISEASE_Lymphoma_Non_Hodgkin')"
D000475,D012964,Association,@CHEMICAL_Alkenes,@CHEMICAL_Sodium,{'40752702'},['0.9966'],"('@CHEMICAL_Alkenes', 'Association', '@CHEMICAL_Sodium')"
C031760,C044255,Association,@CHEMICAL_thiocyanate,@CHEMICAL_sulfonyl_chloride,{'40752702'},['0.9602'],"('@CHEMICAL_thiocyanate', 'Association', '@CHEMICAL_sulfonyl_chloride')"
C044255,D012964,Association,@CHEMICAL_sulfonyl_chloride,@CHEMICAL_Sodium,{'40752702'},['0.9935'],"('@CHEMICAL_sulfonyl_chloride', 'Association', '@CHEMICAL_Sodium')"
D002118,D002713,Association,@CHEMICAL_Calcium,@CHEMICAL_Chlorine,{'40752702'},['0.9922'],"('@CHEMICAL_Calcium', 'Association', '@CHEMICAL_Chlorine')"
D012964,D008228,Association,@CHEMICAL_Sodium,@DISEASE_Lymphoma_Non_Hodgkin,{'40752702'},['0.9966'],"('@CHEMICAL_Sodium', 'Association', '@DISEASE_Lymphoma_Non_Hodgkin')"
C044255,D009574,Association,@CHEMICAL_sulfonyl_chloride,@CHEMICAL_Nitro_Compounds,{'40752702'},['0.986'],"('@CHEMICAL_sulfonyl_chloride', 'Association', '@CHEMICAL_Nitro_Compounds')"
D009574,D010758,Association,@CHEMICAL_Nitro_Compounds,@CHEMICAL_Phosphorus,{'40752702'},['0.9471'],"('@CHEMICAL_Nitro_Compounds', 'Association', '@CHEMICAL_Phosphorus')"
C044255,D010758,Association,@CHEMICAL_sulfonyl_chloride,@CHEMICAL_Phosphorus,{'40752702'},['0.9837'],"('@CHEMICAL_sulfonyl_chloride', 'Association', '@CHEMICAL_Phosphorus')"
D002118,D009574,Association,@CHEMICAL_Calcium,@CHEMICAL_Nitro_Compounds,{'40752702'},['0.9922'],"('@CHEMICAL_Calcium', 'Association', '@CHEMICAL_Nitro_Compounds')"
##c.1009G>T,D000474,Negative_Correlation,,@DISEASE_Alkaptonuria,"{'35671204', '12630963'}","['0.9767', '0.9729', '0.9639', '0.9689', '0.9808', '0.9806', '0.7913']","(None, 'Negative_Correlation', '@DISEASE_Alkaptonuria')"
D000069463,D024505,Association,@CHEMICAL_Olive_Oil,@CHEMICAL_Tocopherols,{'39668601'},['0.9806'],"('@CHEMICAL_Olive_Oil', 'Association', '@CHEMICAL_Tocopherols')"
D024505,D007249,Negative_Correlation,@CHEMICAL_Tocopherols,@DISEASE_Inflammation,{'39668601'},['0.9951'],"('@CHEMICAL_Tocopherols', 'Negative_Correlation', '@DISEASE_Inflammation')"
D000069463,D007249,Negative_Correlation,@CHEMICAL_Olive_Oil,@DISEASE_Inflammation,{'39668601'},['0.9906'],"('@CHEMICAL_Olive_Oil', 'Negative_Correlation', '@DISEASE_Inflammation')"
D010649,D014443,Comparison,@CHEMICAL_Phenylalanine,@CHEMICAL_Tyrosine,"{'3994376', '7399402', '9841783'}","['0.5901', '0.5876', '0.7317']","('@CHEMICAL_Phenylalanine', 'Comparison', '@CHEMICAL_Tyrosine')"
D006713,D010649,Association,@CHEMICAL_Homogentisic_Acid,@CHEMICAL_Phenylalanine,"{'20050871', '7753441', '6563016', '7673153', '8782815', '29043820', '3994376', '25793756', '18389008', '15262943', '29348338', '1943688', '25681086', '2771520', '38996180', '14973036', '36327861'}","['0.8967', '0.9721', '0.2744', '0.999', '0.4448', '0.6224', '0.9931', '0.9993', '0.7847', '0.6368', '0.7714', '0.9805', '0.9661', '0.4843', '0.8292', '0.9906', '0.9598']","('@CHEMICAL_Homogentisic_Acid', 'Association', '@CHEMICAL_Phenylalanine')"
C009091,D003634,Association,@CHEMICAL_protocatechuic_acid,@CHEMICAL_DDT,{'6806578'},['0.5256'],"('@CHEMICAL_protocatechuic_acid', 'Association', '@CHEMICAL_DDT')"
C009091,D001565,Association,@CHEMICAL_protocatechuic_acid,@CHEMICAL_Benzoates,{'6806578'},['0.9811'],"('@CHEMICAL_protocatechuic_acid', 'Association', '@CHEMICAL_Benzoates')"
D003634,D006713,Association,@CHEMICAL_DDT,@CHEMICAL_Homogentisic_Acid,{'6806578'},['0.8916'],"('@CHEMICAL_DDT', 'Association', '@CHEMICAL_Homogentisic_Acid')"
C038193,D001565,Association,@CHEMICAL_4_hydroxybenzoic_acid,@CHEMICAL_Benzoates,{'6806578'},['0.9732'],"('@CHEMICAL_4_hydroxybenzoic_acid', 'Association', '@CHEMICAL_Benzoates')"
D009369,2064,Association,@DISEASE_Neoplasms,@GENE_ERBB2,"{'26186253', '14581353', '18854267', '35299273', '29870260'}","['0.9988', '0.7145', '0.9975', '0.8879', '0.9959']","('@DISEASE_Neoplasms', 'Association', '@GENE_ERBB2')"
C002946,D017962,Association,@CHEMICAL_colneleic_acid,@CHEMICAL_alpha_Linolenic_Acid,{'40633341'},['0.9177'],"('@CHEMICAL_colneleic_acid', 'Association', '@CHEMICAL_alpha_Linolenic_Acid')"
D008628,D013438,Association,@CHEMICAL_Mercury,@CHEMICAL_Sulfhydryl_Compounds,{'40633341'},['0.9988'],"('@CHEMICAL_Mercury', 'Association', '@CHEMICAL_Sulfhydryl_Compounds')"
D006713,D006331,Positive_Correlation,@CHEMICAL_Homogentisic_Acid,@DISEASE_Heart_Diseases,"{'31235217', '37143563', '25665838', '40645714', '2073665'}","['0.9915', '0.9957', '0.9991', '0.5048', '0.9972']","('@CHEMICAL_Homogentisic_Acid', 'Positive_Correlation', '@DISEASE_Heart_Diseases')"
D009794,3081,Association,@DISEASE_Ochronosis,@GENE_HGD,"{'8571731', '12872836', '36376482', '35659777', '10461246', '12359141', '19765774', '27225969', '20309695', '2073665', '1943688', '33666743', '9214216'}","['0.882', '0.961', '0.6503', '0.5947', '0.9987', '0.9941', '0.7741', '0.976', '0.9582', '0.999', '0.9598', '0.5747', '0.7091']","('@DISEASE_Ochronosis', 'Association', '@GENE_HGD')"
D006713,D002114,Positive_Correlation,@CHEMICAL_Homogentisic_Acid,@DISEASE_Calcinosis,"{'27535253', '2073665'}","['0.5101', '0.9694']","('@CHEMICAL_Homogentisic_Acid', 'Positive_Correlation', '@DISEASE_Calcinosis')"
C014121,D009447,Association,@CHEMICAL_neuromelanin,@DISEASE_Neuroblastoma,{'10771134'},['0.9967'],"('@CHEMICAL_neuromelanin', 'Association', '@DISEASE_Neuroblastoma')"
D008750,D009369,Association,@CHEMICAL_Methyldopa,@DISEASE_Neoplasms,{'10771134'},['0.9834'],"('@CHEMICAL_Methyldopa', 'Association', '@DISEASE_Neoplasms')"
D007980,D009369,Association,@CHEMICAL_Levodopa,@DISEASE_Neoplasms,{'10771134'},['0.9956'],"('@CHEMICAL_Levodopa', 'Association', '@DISEASE_Neoplasms')"
C014121,D008750,Association,@CHEMICAL_neuromelanin,@CHEMICAL_Methyldopa,{'10771134'},['0.567'],"('@CHEMICAL_neuromelanin', 'Association', '@CHEMICAL_Methyldopa')"
D007980,D006934,Association,@CHEMICAL_Levodopa,@DISEASE_Hypercalcemia,{'10771134'},['0.8845'],"('@CHEMICAL_Levodopa', 'Association', '@DISEASE_Hypercalcemia')"
C014121,D014947,Association,@CHEMICAL_neuromelanin,@DISEASE_Wounds_and_Injuries,{'10771134'},['0.6888'],"('@CHEMICAL_neuromelanin', 'Association', '@DISEASE_Wounds_and_Injuries')"
C014121,D012164,Association,@CHEMICAL_neuromelanin,@DISEASE_Retinal_Diseases,{'10771134'},['0.9957'],"('@CHEMICAL_neuromelanin', 'Association', '@DISEASE_Retinal_Diseases')"
C014121,D020521,Association,@CHEMICAL_neuromelanin,@DISEASE_Stroke,{'10771134'},['0.9448'],"('@CHEMICAL_neuromelanin', 'Association', '@DISEASE_Stroke')"
D006713,D012164,Positive_Correlation,@CHEMICAL_Homogentisic_Acid,@DISEASE_Retinal_Diseases,{'10771134'},['0.8913'],"('@CHEMICAL_Homogentisic_Acid', 'Positive_Correlation', '@DISEASE_Retinal_Diseases')"
C014121,C000718787,Association,@CHEMICAL_neuromelanin,@DISEASE_AA_amyloidosis,{'10771134'},['0.7908'],"('@CHEMICAL_neuromelanin', 'Association', '@DISEASE_AA_amyloidosis')"
C014121,D000544,Association,@CHEMICAL_neuromelanin,@DISEASE_Alzheimer_Disease,{'10771134'},['0.9969'],"('@CHEMICAL_neuromelanin', 'Association', '@DISEASE_Alzheimer_Disease')"
D006713,D003920,Association,@CHEMICAL_Homogentisic_Acid,@DISEASE_Diabetes_Mellitus,{'10771134'},['0.8717'],"('@CHEMICAL_Homogentisic_Acid', 'Association', '@DISEASE_Diabetes_Mellitus')"
D008750,D000544,Association,@CHEMICAL_Methyldopa,@DISEASE_Alzheimer_Disease,{'10771134'},['0.981'],"('@CHEMICAL_Methyldopa', 'Association', '@DISEASE_Alzheimer_Disease')"
D007980,D012164,Association,@CHEMICAL_Levodopa,@DISEASE_Retinal_Diseases,{'10771134'},['0.9986'],"('@CHEMICAL_Levodopa', 'Association', '@DISEASE_Retinal_Diseases')"
C014121,D011618,Association,@CHEMICAL_neuromelanin,@DISEASE_Psychotic_Disorders,{'10771134'},['0.9938'],"('@CHEMICAL_neuromelanin', 'Association', '@DISEASE_Psychotic_Disorders')"
D007980,D014947,Association,@CHEMICAL_Levodopa,@DISEASE_Wounds_and_Injuries,{'10771134'},['0.6223'],"('@CHEMICAL_Levodopa', 'Association', '@DISEASE_Wounds_and_Injuries')"
D008055,D008543,Association,@CHEMICAL_Lipids,@CHEMICAL_Melanins,{'10771134'},['0.9928'],"('@CHEMICAL_Lipids', 'Association', '@CHEMICAL_Melanins')"
D008750,D006973,Association,@CHEMICAL_Methyldopa,@DISEASE_Hypertension,{'10771134'},['0.9945'],"('@CHEMICAL_Methyldopa', 'Association', '@DISEASE_Hypertension')"
D007980,D001523,Association,@CHEMICAL_Levodopa,@DISEASE_Mental_Disorders,{'10771134'},['0.9981'],"('@CHEMICAL_Levodopa', 'Association', '@DISEASE_Mental_Disorders')"
D007980,C000718787,Association,@CHEMICAL_Levodopa,@DISEASE_AA_amyloidosis,{'10771134'},['0.9615'],"('@CHEMICAL_Levodopa', 'Association', '@DISEASE_AA_amyloidosis')"
C014121,D020820,Association,@CHEMICAL_neuromelanin,@DISEASE_Dyskinesias,{'10771134'},['0.9971'],"('@CHEMICAL_neuromelanin', 'Association', '@DISEASE_Dyskinesias')"
C014121,D006934,Association,@CHEMICAL_neuromelanin,@DISEASE_Hypercalcemia,{'10771134'},['0.9532'],"('@CHEMICAL_neuromelanin', 'Association', '@DISEASE_Hypercalcemia')"
D006713,D010195,Association,@CHEMICAL_Homogentisic_Acid,@DISEASE_Pancreatitis,{'10771134'},['0.7086'],"('@CHEMICAL_Homogentisic_Acid', 'Association', '@DISEASE_Pancreatitis')"
D008750,D006934,Association,@CHEMICAL_Methyldopa,@DISEASE_Hypercalcemia,{'10771134'},['0.937'],"('@CHEMICAL_Methyldopa', 'Association', '@DISEASE_Hypercalcemia')"
D008750,D002276,Association,@CHEMICAL_Methyldopa,@DISEASE_Carcinoid_Tumor,{'10771134'},['0.8756'],"('@CHEMICAL_Methyldopa', 'Association', '@DISEASE_Carcinoid_Tumor')"
D007980,D009447,Association,@CHEMICAL_Levodopa,@DISEASE_Neuroblastoma,{'10771134'},['0.995'],"('@CHEMICAL_Levodopa', 'Association', '@DISEASE_Neuroblastoma')"
D008750,D010195,Association,@CHEMICAL_Methyldopa,@DISEASE_Pancreatitis,{'10771134'},['0.9882'],"('@CHEMICAL_Methyldopa', 'Association', '@DISEASE_Pancreatitis')"
D007980,D010195,Association,@CHEMICAL_Levodopa,@DISEASE_Pancreatitis,{'10771134'},['0.9974'],"('@CHEMICAL_Levodopa', 'Association', '@DISEASE_Pancreatitis')"
D006713,D000544,Positive_Correlation,@CHEMICAL_Homogentisic_Acid,@DISEASE_Alzheimer_Disease,{'10771134'},['0.4826'],"('@CHEMICAL_Homogentisic_Acid', 'Positive_Correlation', '@DISEASE_Alzheimer_Disease')"
D008750,D003920,Association,@CHEMICAL_Methyldopa,@DISEASE_Diabetes_Mellitus,{'10771134'},['0.9962'],"('@CHEMICAL_Methyldopa', 'Association', '@DISEASE_Diabetes_Mellitus')"
D006713,D020820,Association,@CHEMICAL_Homogentisic_Acid,@DISEASE_Dyskinesias,{'10771134'},['0.6191'],"('@CHEMICAL_Homogentisic_Acid', 'Association', '@DISEASE_Dyskinesias')"
D008750,D010300,Association,@CHEMICAL_Methyldopa,@DISEASE_Parkinson_Disease,{'10771134'},['0.991'],"('@CHEMICAL_Methyldopa', 'Association', '@DISEASE_Parkinson_Disease')"
D007980,D020521,Association,@CHEMICAL_Levodopa,@DISEASE_Stroke,{'10771134'},['0.948'],"('@CHEMICAL_Levodopa', 'Association', '@DISEASE_Stroke')"
C014121,D007249,Association,@CHEMICAL_neuromelanin,@DISEASE_Inflammation,{'10771134'},['0.9398'],"('@CHEMICAL_neuromelanin', 'Association', '@DISEASE_Inflammation')"
D004295,D008543,Association,@CHEMICAL_Dihydroxyphenylalanine,@CHEMICAL_Melanins,"{'7511438', '10771134'}","['0.3844', '0.7304']","('@CHEMICAL_Dihydroxyphenylalanine', 'Association', '@CHEMICAL_Melanins')"
D008750,D020820,Association,@CHEMICAL_Methyldopa,@DISEASE_Dyskinesias,{'10771134'},['0.9952'],"('@CHEMICAL_Methyldopa', 'Association', '@DISEASE_Dyskinesias')"
C014121,D006973,Association,@CHEMICAL_neuromelanin,@DISEASE_Hypertension,{'10771134'},['0.998'],"('@CHEMICAL_neuromelanin', 'Association', '@DISEASE_Hypertension')"
D007980,D020820,Association,@CHEMICAL_Levodopa,@DISEASE_Dyskinesias,{'10771134'},['0.9983'],"('@CHEMICAL_Levodopa', 'Association', '@DISEASE_Dyskinesias')"
D008750,D014947,Association,@CHEMICAL_Methyldopa,@DISEASE_Wounds_and_Injuries,{'10771134'},['0.8483'],"('@CHEMICAL_Methyldopa', 'Association', '@DISEASE_Wounds_and_Injuries')"
D008750,D009447,Association,@CHEMICAL_Methyldopa,@DISEASE_Neuroblastoma,{'10771134'},['0.9938'],"('@CHEMICAL_Methyldopa', 'Association', '@DISEASE_Neuroblastoma')"
C014121,D010195,Association,@CHEMICAL_neuromelanin,@DISEASE_Pancreatitis,{'10771134'},['0.9977'],"('@CHEMICAL_neuromelanin', 'Association', '@DISEASE_Pancreatitis')"
C014121,D009369,Association,@CHEMICAL_neuromelanin,@DISEASE_Neoplasms,{'10771134'},['0.9889'],"('@CHEMICAL_neuromelanin', 'Association', '@DISEASE_Neoplasms')"
C014121,D002276,Association,@CHEMICAL_neuromelanin,@DISEASE_Carcinoid_Tumor,{'10771134'},['0.7829'],"('@CHEMICAL_neuromelanin', 'Association', '@DISEASE_Carcinoid_Tumor')"
D008750,D001523,Association,@CHEMICAL_Methyldopa,@DISEASE_Mental_Disorders,{'10771134'},['0.9961'],"('@CHEMICAL_Methyldopa', 'Association', '@DISEASE_Mental_Disorders')"
D007980,D007249,Association,@CHEMICAL_Levodopa,@DISEASE_Inflammation,{'10771134'},['0.9895'],"('@CHEMICAL_Levodopa', 'Association', '@DISEASE_Inflammation')"
D004298,D008543,Positive_Correlation,@CHEMICAL_Dopamine,@CHEMICAL_Melanins,{'10771134'},['0.9879'],"('@CHEMICAL_Dopamine', 'Positive_Correlation', '@CHEMICAL_Melanins')"
D007980,D000544,Association,@CHEMICAL_Levodopa,@DISEASE_Alzheimer_Disease,{'10771134'},['0.9952'],"('@CHEMICAL_Levodopa', 'Association', '@DISEASE_Alzheimer_Disease')"
D008750,D012164,Association,@CHEMICAL_Methyldopa,@DISEASE_Retinal_Diseases,{'10771134'},['0.9943'],"('@CHEMICAL_Methyldopa', 'Association', '@DISEASE_Retinal_Diseases')"
C014121,D001523,Association,@CHEMICAL_neuromelanin,@DISEASE_Mental_Disorders,{'10771134'},['0.998'],"('@CHEMICAL_neuromelanin', 'Association', '@DISEASE_Mental_Disorders')"
C014121,D003920,Association,@CHEMICAL_neuromelanin,@DISEASE_Diabetes_Mellitus,{'10771134'},['0.999'],"('@CHEMICAL_neuromelanin', 'Association', '@DISEASE_Diabetes_Mellitus')"
D008750,D020521,Association,@CHEMICAL_Methyldopa,@DISEASE_Stroke,{'10771134'},['0.9255'],"('@CHEMICAL_Methyldopa', 'Association', '@DISEASE_Stroke')"
D007980,D011618,Association,@CHEMICAL_Levodopa,@DISEASE_Psychotic_Disorders,{'10771134'},['0.9894'],"('@CHEMICAL_Levodopa', 'Association', '@DISEASE_Psychotic_Disorders')"
D008750,C000718787,Association,@CHEMICAL_Methyldopa,@DISEASE_AA_amyloidosis,{'10771134'},['0.9683'],"('@CHEMICAL_Methyldopa', 'Association', '@DISEASE_AA_amyloidosis')"
C014121,D010300,Association,@CHEMICAL_neuromelanin,@DISEASE_Parkinson_Disease,{'10771134'},['0.9978'],"('@CHEMICAL_neuromelanin', 'Association', '@DISEASE_Parkinson_Disease')"
D007980,D003920,Association,@CHEMICAL_Levodopa,@DISEASE_Diabetes_Mellitus,{'10771134'},['0.9987'],"('@CHEMICAL_Levodopa', 'Association', '@DISEASE_Diabetes_Mellitus')"
D008750,D011618,Association,@CHEMICAL_Methyldopa,@DISEASE_Psychotic_Disorders,{'10771134'},['0.9891'],"('@CHEMICAL_Methyldopa', 'Association', '@DISEASE_Psychotic_Disorders')"
D008750,D007249,Association,@CHEMICAL_Methyldopa,@DISEASE_Inflammation,{'10771134'},['0.9528'],"('@CHEMICAL_Methyldopa', 'Association', '@DISEASE_Inflammation')"
D007980,D002276,Association,@CHEMICAL_Levodopa,@DISEASE_Carcinoid_Tumor,{'10771134'},['0.7709'],"('@CHEMICAL_Levodopa', 'Association', '@DISEASE_Carcinoid_Tumor')"
D008543,D000474,Association,@CHEMICAL_Melanins,@DISEASE_Alkaptonuria,{'10771134'},['0.7534'],"('@CHEMICAL_Melanins', 'Association', '@DISEASE_Alkaptonuria')"
D007980,D006973,Association,@CHEMICAL_Levodopa,@DISEASE_Hypertension,{'10771134'},['0.999'],"('@CHEMICAL_Levodopa', 'Association', '@DISEASE_Hypertension')"
D007980,D010300,Association,@CHEMICAL_Levodopa,@DISEASE_Parkinson_Disease,{'10771134'},['0.9965'],"('@CHEMICAL_Levodopa', 'Association', '@DISEASE_Parkinson_Disease')"
D008543,D009638,Positive_Correlation,@CHEMICAL_Melanins,@CHEMICAL_Norepinephrine,{'10771134'},['0.9893'],"('@CHEMICAL_Melanins', 'Positive_Correlation', '@CHEMICAL_Norepinephrine')"
D010649,1046171,Positive_Correlation,@CHEMICAL_Phenylalanine,@GENE_HPD,{'16470664'},['0.9986'],"('@CHEMICAL_Phenylalanine', 'Positive_Correlation', '@GENE_HPD')"
D001565,1041755,Positive_Correlation,@CHEMICAL_Benzoates,@GENE_PCAF,{'16470664'},['0.9993'],"('@CHEMICAL_Benzoates', 'Positive_Correlation', '@GENE_PCAF')"
C025136,D010649,Association,@CHEMICAL_phenylacetic_acid,@CHEMICAL_Phenylalanine,"{'12189419', '16470664'}","['0.9338', '0.7487']","('@CHEMICAL_phenylacetic_acid', 'Association', '@CHEMICAL_Phenylalanine')"
D001565,1045930,Positive_Correlation,@CHEMICAL_Benzoates,@GENE_CATA_I,{'16470664'},['0.9993'],"('@CHEMICAL_Benzoates', 'Positive_Correlation', '@GENE_CATA_I')"
D001565,1042540,Positive_Correlation,@CHEMICAL_Benzoates,@GENE_PCAD,{'16470664'},['0.9988'],"('@CHEMICAL_Benzoates', 'Positive_Correlation', '@GENE_PCAD')"
D001565,1046818,Positive_Correlation,@CHEMICAL_Benzoates,@GENE_PP_RS16500,{'16470664'},['0.9993'],"('@CHEMICAL_Benzoates', 'Positive_Correlation', '@GENE_PP_RS16500')"
C038193,1041755,Positive_Correlation,@CHEMICAL_4_hydroxybenzoic_acid,@GENE_PCAF,{'16470664'},['0.9989'],"('@CHEMICAL_4_hydroxybenzoic_acid', 'Positive_Correlation', '@GENE_PCAF')"
D010649,1041590,Positive_Correlation,@CHEMICAL_Phenylalanine,@GENE_PP_RS24070,{'16470664'},['0.9981'],"('@CHEMICAL_Phenylalanine', 'Positive_Correlation', '@GENE_PP_RS24070')"
C025136,D010627,Association,@CHEMICAL_phenylacetic_acid,@CHEMICAL_Phenethylamines,{'16470664'},['0.9957'],"('@CHEMICAL_phenylacetic_acid', 'Association', '@CHEMICAL_Phenethylamines')"
D006713,1041590,Association,@CHEMICAL_Homogentisic_Acid,@GENE_PP_RS24070,{'16470664'},['0.999'],"('@CHEMICAL_Homogentisic_Acid', 'Association', '@GENE_PP_RS24070')"
C027316,C038193,Association,@CHEMICAL_3_oxoadipic_acid,@CHEMICAL_4_hydroxybenzoic_acid,{'16470664'},['0.9943'],"('@CHEMICAL_3_oxoadipic_acid', 'Association', '@CHEMICAL_4_hydroxybenzoic_acid')"
D001565,1046807,Positive_Correlation,@CHEMICAL_Benzoates,@GENE_BENA,{'16470664'},['0.9992'],"('@CHEMICAL_Benzoates', 'Positive_Correlation', '@GENE_BENA')"
C027316,D001565,Association,@CHEMICAL_3_oxoadipic_acid,@CHEMICAL_Benzoates,{'16470664'},['0.9965'],"('@CHEMICAL_3_oxoadipic_acid', 'Association', '@CHEMICAL_Benzoates')"
D008228,6657,Association,@DISEASE_Lymphoma_Non_Hodgkin,@GENE_SOX2,"{'35476812', '34452555', '26323187'}","['0.8257', '0.9577', '0.5806']","('@DISEASE_Lymphoma_Non_Hodgkin', 'Association', '@GENE_SOX2')"
D000230,6657,Association,@DISEASE_Adenocarcinoma,@GENE_SOX2,"{'35476812', '26323187'}","['0.8565', '0.9887']","('@DISEASE_Adenocarcinoma', 'Association', '@GENE_SOX2')"
D001471,6657,Association,@DISEASE_Barrett_Esophagus,@GENE_SOX2,"{'35476812', '26323187'}","['0.9926', '0.9918']","('@DISEASE_Barrett_Esophagus', 'Association', '@GENE_SOX2')"
D006820,960,Association,@CHEMICAL_Hyaluronic_Acid,@GENE_CD44,{'38880443'},['0.9797'],"('@CHEMICAL_Hyaluronic_Acid', 'Association', '@GENE_CD44')"
D004317,D006820,Negative_Correlation,@CHEMICAL_Doxorubicin,@CHEMICAL_Hyaluronic_Acid,{'38880443'},['0.6913'],"('@CHEMICAL_Doxorubicin', 'Negative_Correlation', '@CHEMICAL_Hyaluronic_Acid')"
C053214,D018750,Negative_Correlation,@CHEMICAL_2_4_dihydroxyphenylalanine,@CHEMICAL_6_Cyano_7_nitroquinoxaline_2_3_dione,{'1664920'},['0.9854'],"('@CHEMICAL_2_4_dihydroxyphenylalanine', 'Negative_Correlation', '@CHEMICAL_6_Cyano_7_nitroquinoxaline_2_3_dione')"
D018750,D020258,Negative_Correlation,@CHEMICAL_6_Cyano_7_nitroquinoxaline_2_3_dione,@DISEASE_Neurotoxicity_Syndromes,{'1664920'},['0.9989'],"('@CHEMICAL_6_Cyano_7_nitroquinoxaline_2_3_dione', 'Negative_Correlation', '@DISEASE_Neurotoxicity_Syndromes')"
D018350,D018750,Negative_Correlation,@CHEMICAL_alpha_Amino_3_hydroxy_5_methyl_4_isoxazolepropionic_Acid,@CHEMICAL_6_Cyano_7_nitroquinoxaline_2_3_dione,{'1664920'},['0.9989'],"('@CHEMICAL_alpha_Amino_3_hydroxy_5_methyl_4_isoxazolepropionic_Acid', 'Negative_Correlation', '@CHEMICAL_6_Cyano_7_nitroquinoxaline_2_3_dione')"
D007980,D018750,Negative_Correlation,@CHEMICAL_Levodopa,@CHEMICAL_6_Cyano_7_nitroquinoxaline_2_3_dione,{'1664920'},['0.9834'],"('@CHEMICAL_Levodopa', 'Negative_Correlation', '@CHEMICAL_6_Cyano_7_nitroquinoxaline_2_3_dione')"
C001388,D020258,Positive_Correlation,@CHEMICAL_6_hydroxydopa,@DISEASE_Neurotoxicity_Syndromes,{'1664920'},['0.9854'],"('@CHEMICAL_6_hydroxydopa', 'Positive_Correlation', '@DISEASE_Neurotoxicity_Syndromes')"
C001388,D018750,Negative_Correlation,@CHEMICAL_6_hydroxydopa,@CHEMICAL_6_Cyano_7_nitroquinoxaline_2_3_dione,{'1664920'},['0.9955'],"('@CHEMICAL_6_hydroxydopa', 'Negative_Correlation', '@CHEMICAL_6_Cyano_7_nitroquinoxaline_2_3_dione')"
D024502,D024504,Association,@CHEMICAL_alpha_Tocopherol,@CHEMICAL_gamma_Tocopherol,{'1420294'},['0.5192'],"('@CHEMICAL_alpha_Tocopherol', 'Association', '@CHEMICAL_gamma_Tocopherol')"
D008055,507102,Association,@CHEMICAL_Lipids,@GENE_SREBF2,{'29258446'},['0.9995'],"('@CHEMICAL_Lipids', 'Association', '@GENE_SREBF2')"
D008055,281759,Association,@CHEMICAL_Lipids,@GENE_FABP4,{'29258446'},['0.9991'],"('@CHEMICAL_Lipids', 'Association', '@GENE_FABP4')"
D002784,281156,Association,@CHEMICAL_Cholesterol,@GENE_FDPS,{'29258446'},['0.9995'],"('@CHEMICAL_Cholesterol', 'Association', '@GENE_FDPS')"
D008031,D017665,Association,@CHEMICAL_Lignin,@CHEMICAL_Hydroxyl_Radical,{'27363425'},['0.9608'],"('@CHEMICAL_Lignin', 'Association', '@CHEMICAL_Hydroxyl_Radical')"
C004532,D017665,Association,@CHEMICAL_quinone,@CHEMICAL_Hydroxyl_Radical,{'27363425'},['0.9217'],"('@CHEMICAL_quinone', 'Association', '@CHEMICAL_Hydroxyl_Radical')"
C004532,D008031,Association,@CHEMICAL_quinone,@CHEMICAL_Lignin,{'27363425'},['0.9934'],"('@CHEMICAL_quinone', 'Association', '@CHEMICAL_Lignin')"
C100058,3081,Association,@CHEMICAL_vanillin,@GENE_HGD,"{'16217726', '27363425'}","['0.9972', '0.8203']","('@CHEMICAL_vanillin', 'Association', '@GENE_HGD')"
C537043,2247,Association,@DISEASE_Albinism_ocular_late_onset_sensorineural_deafness,@GENE_FGF2,{'10383711'},['0.906'],"('@DISEASE_Albinism_ocular_late_onset_sensorineural_deafness', 'Association', '@GENE_FGF2')"
C537043,2246,Positive_Correlation,@DISEASE_Albinism_ocular_late_onset_sensorineural_deafness,@GENE_FGF1,{'10383711'},['0.9979'],"('@DISEASE_Albinism_ocular_late_onset_sensorineural_deafness', 'Positive_Correlation', '@GENE_FGF1')"
D000230,2247,Association,@DISEASE_Adenocarcinoma,@GENE_FGF2,{'10383711'},['0.9921'],"('@DISEASE_Adenocarcinoma', 'Association', '@GENE_FGF2')"
D008228,2246,Association,@DISEASE_Lymphoma_Non_Hodgkin,@GENE_FGF1,{'10383711'},['0.9975'],"('@DISEASE_Lymphoma_Non_Hodgkin', 'Association', '@GENE_FGF1')"
D015792,2246,Positive_Correlation,@DISEASE_Retinal_Dysplasia,@GENE_FGF1,{'10383711'},['0.7696'],"('@DISEASE_Retinal_Dysplasia', 'Positive_Correlation', '@GENE_FGF1')"
D009369,340061,Association,@DISEASE_Neoplasms,@GENE_STING1,{'36061145'},['0.9865'],"('@DISEASE_Neoplasms', 'Association', '@GENE_STING1')"
D009369,6778,Association,@DISEASE_Neoplasms,@GENE_STAT6,{'36061145'},['0.8721'],"('@DISEASE_Neoplasms', 'Association', '@GENE_STAT6')"
D009369,3661,Association,@DISEASE_Neoplasms,@GENE_IRF3,{'36061145'},['0.9395'],"('@DISEASE_Neoplasms', 'Association', '@GENE_IRF3')"
D009369,6118,Association,@DISEASE_Neoplasms,@GENE_RPA2,{'36061145'},['0.9996'],"('@DISEASE_Neoplasms', 'Association', '@GENE_RPA2')"
D009369,7158,Association,@DISEASE_Neoplasms,@GENE_TP53BP1,{'36061145'},['0.9895'],"('@DISEASE_Neoplasms', 'Association', '@GENE_TP53BP1')"
D063646,115004,Association,@DISEASE_Carcinogenesis,@GENE_CGAS,{'36061145'},['0.6855'],"('@DISEASE_Carcinogenesis', 'Association', '@GENE_CGAS')"
D009369,2177,Association,@DISEASE_Neoplasms,@GENE_FANCD2,{'36061145'},['0.996'],"('@DISEASE_Neoplasms', 'Association', '@GENE_FANCD2')"
D009369,4176,Association,@DISEASE_Neoplasms,@GENE_MCM7,{'36061145'},['0.9992'],"('@DISEASE_Neoplasms', 'Association', '@GENE_MCM7')"
D009369,115004,Association,@DISEASE_Neoplasms,@GENE_CGAS,{'36061145'},['0.9933'],"('@DISEASE_Neoplasms', 'Association', '@GENE_CGAS')"
D010649,D000474,Negative_Correlation,@CHEMICAL_Phenylalanine,@DISEASE_Alkaptonuria,"{'40092270', '15168942', '19180686', '39735452', '34736252', '23105706'}","['0.9592', '0.9986', '0.7506', '0.9483', '0.9939', '0.7932']","('@CHEMICAL_Phenylalanine', 'Negative_Correlation', '@DISEASE_Alkaptonuria')"
C427728,1956,Association,@CHEMICAL_IRDye800,@GENE_EGFR,{'35299273'},['0.9337'],"('@CHEMICAL_IRDye800', 'Association', '@GENE_EGFR')"
C427728,2064,Association,@CHEMICAL_IRDye800,@GENE_ERBB2,{'35299273'},['0.9887'],"('@CHEMICAL_IRDye800', 'Association', '@GENE_ERBB2')"
D004295,D010300,Negative_Correlation,@CHEMICAL_Dihydroxyphenylalanine,@DISEASE_Parkinson_Disease,{'7676134'},['0.9984'],"('@CHEMICAL_Dihydroxyphenylalanine', 'Negative_Correlation', '@DISEASE_Parkinson_Disease')"
C537358,868,Association,@DISEASE_Methylmalonic_acidemia,@GENE_CBLB,{'29039164'},['0.9792'],"('@DISEASE_Methylmalonic_acidemia', 'Association', '@GENE_CBLB')"
D015212,925,Association,@DISEASE_Inflammatory_Bowel_Diseases,@GENE_CD8A,{'36854061'},['0.9995'],"('@DISEASE_Inflammatory_Bowel_Diseases', 'Association', '@GENE_CD8A')"
D015212,3553,Association,@DISEASE_Inflammatory_Bowel_Diseases,@GENE_IL1B,{'36854061'},['0.9995'],"('@DISEASE_Inflammatory_Bowel_Diseases', 'Association', '@GENE_IL1B')"
D015212,3002,Association,@DISEASE_Inflammatory_Bowel_Diseases,@GENE_GZMB,{'36854061'},['0.9996'],"('@DISEASE_Inflammatory_Bowel_Diseases', 'Association', '@GENE_GZMB')"
D003424,925,Association,@DISEASE_Crohn_Disease,@GENE_CD8A,{'36854061'},['0.9994'],"('@DISEASE_Crohn_Disease', 'Association', '@GENE_CD8A')"
D001205,D001168,Negative_Correlation,@CHEMICAL_Ascorbic_Acid,@DISEASE_Arthritis,"{'20055850', '31927521', '10494297'}","['0.9902', '0.641', '0.9862']","('@CHEMICAL_Ascorbic_Acid', 'Negative_Correlation', '@DISEASE_Arthritis')"
C485113,D018805,Positive_Correlation,@CHEMICAL_vosaroxin,@DISEASE_Sepsis,{'26234174'},['0.8267'],"('@CHEMICAL_vosaroxin', 'Positive_Correlation', '@DISEASE_Sepsis')"
C485113,C531821,Positive_Correlation,@CHEMICAL_vosaroxin,@DISEASE_Stenotrophomonas_maltophilia_bacteremia,{'26234174'},['0.9281'],"('@CHEMICAL_vosaroxin', 'Positive_Correlation', '@DISEASE_Stenotrophomonas_maltophilia_bacteremia')"
C485113,D013280,Positive_Correlation,@CHEMICAL_vosaroxin,@DISEASE_Stomatitis,{'26234174'},['0.964'],"('@CHEMICAL_vosaroxin', 'Positive_Correlation', '@DISEASE_Stomatitis')"
C485113,D054218,Negative_Correlation,@CHEMICAL_vosaroxin,@DISEASE_Precursor_T_Cell_Lymphoblastic_Leukemia_Lymphoma,{'26234174'},['0.9982'],"('@CHEMICAL_vosaroxin', 'Negative_Correlation', '@DISEASE_Precursor_T_Cell_Lymphoblastic_Leukemia_Lymphoma')"
D003561,D013280,Positive_Correlation,@CHEMICAL_Cytarabine,@DISEASE_Stomatitis,{'26234174'},['0.7557'],"('@CHEMICAL_Cytarabine', 'Positive_Correlation', '@DISEASE_Stomatitis')"
C485113,D009503,Positive_Correlation,@CHEMICAL_vosaroxin,@DISEASE_Neutropenia,{'26234174'},['0.9549'],"('@CHEMICAL_vosaroxin', 'Positive_Correlation', '@DISEASE_Neutropenia')"
D003561,C531821,Positive_Correlation,@CHEMICAL_Cytarabine,@DISEASE_Stenotrophomonas_maltophilia_bacteremia,{'26234174'},['0.9645'],"('@CHEMICAL_Cytarabine', 'Positive_Correlation', '@DISEASE_Stenotrophomonas_maltophilia_bacteremia')"
D015363,D054218,Negative_Correlation,@CHEMICAL_Quinolones,@DISEASE_Precursor_T_Cell_Lymphoblastic_Leukemia_Lymphoma,{'26234174'},['0.908'],"('@CHEMICAL_Quinolones', 'Negative_Correlation', '@DISEASE_Precursor_T_Cell_Lymphoblastic_Leukemia_Lymphoma')"
C485113,D003561,Cotreatment,@CHEMICAL_vosaroxin,@CHEMICAL_Cytarabine,{'26234174'},['0.8913'],"('@CHEMICAL_vosaroxin', 'Cotreatment', '@CHEMICAL_Cytarabine')"
D003561,D009503,Positive_Correlation,@CHEMICAL_Cytarabine,@DISEASE_Neutropenia,{'26234174'},['0.4351'],"('@CHEMICAL_Cytarabine', 'Positive_Correlation', '@DISEASE_Neutropenia')"
D000880,D054218,Negative_Correlation,@CHEMICAL_Anthraquinones,@DISEASE_Precursor_T_Cell_Lymphoblastic_Leukemia_Lymphoma,{'26234174'},['0.9095'],"('@CHEMICAL_Anthraquinones', 'Negative_Correlation', '@DISEASE_Precursor_T_Cell_Lymphoblastic_Leukemia_Lymphoma')"
D003561,D054218,Negative_Correlation,@CHEMICAL_Cytarabine,@DISEASE_Precursor_T_Cell_Lymphoblastic_Leukemia_Lymphoma,{'26234174'},['0.9747'],"('@CHEMICAL_Cytarabine', 'Negative_Correlation', '@DISEASE_Precursor_T_Cell_Lymphoblastic_Leukemia_Lymphoma')"
C485113,D011014,Positive_Correlation,@CHEMICAL_vosaroxin,@DISEASE_Pneumonia,{'26234174'},['0.4839'],"('@CHEMICAL_vosaroxin', 'Positive_Correlation', '@DISEASE_Pneumonia')"
D018943,D054218,Negative_Correlation,@CHEMICAL_Anthracyclines,@DISEASE_Precursor_T_Cell_Lymphoblastic_Leukemia_Lymphoma,{'26234174'},['0.9917'],"('@CHEMICAL_Anthracyclines', 'Negative_Correlation', '@DISEASE_Precursor_T_Cell_Lymphoblastic_Leukemia_Lymphoma')"
D003561,D018943,Cotreatment,@CHEMICAL_Cytarabine,@CHEMICAL_Anthracyclines,{'26234174'},['0.4788'],"('@CHEMICAL_Cytarabine', 'Cotreatment', '@CHEMICAL_Anthracyclines')"
D003561,D064147,Association,@CHEMICAL_Cytarabine,@DISEASE_Febrile_Neutropenia,{'26234174'},['0.3635'],"('@CHEMICAL_Cytarabine', 'Association', '@DISEASE_Febrile_Neutropenia')"
C485113,D064147,Positive_Correlation,@CHEMICAL_vosaroxin,@DISEASE_Febrile_Neutropenia,{'26234174'},['0.927'],"('@CHEMICAL_vosaroxin', 'Positive_Correlation', '@DISEASE_Febrile_Neutropenia')"
D055756,6275,Association,@DISEASE_Meningeal_Carcinomatosis,@GENE_S100A4,{'17276942'},['0.9893'],"('@DISEASE_Meningeal_Carcinomatosis', 'Association', '@GENE_S100A4')"
D009369,10232,Association,@DISEASE_Neoplasms,@GENE_MSLN,{'17276942'},['0.6701'],"('@DISEASE_Neoplasms', 'Association', '@GENE_MSLN')"
D001651,10232,Association,@DISEASE_Cholestasis_Extrahepatic,@GENE_MSLN,{'17276942'},['0.9995'],"('@DISEASE_Cholestasis_Extrahepatic', 'Association', '@GENE_MSLN')"
D009361,6275,Association,@DISEASE_Neoplasm_Invasiveness,@GENE_S100A4,{'17276942'},['0.9696'],"('@DISEASE_Neoplasm_Invasiveness', 'Association', '@GENE_S100A4')"
D015792,10232,Association,@DISEASE_Retinal_Dysplasia,@GENE_MSLN,{'17276942'},['0.9987'],"('@DISEASE_Retinal_Dysplasia', 'Association', '@GENE_MSLN')"
D009369,6275,Association,@DISEASE_Neoplasms,@GENE_S100A4,{'17276942'},['0.9968'],"('@DISEASE_Neoplasms', 'Association', '@GENE_S100A4')"
D055756,10232,Association,@DISEASE_Meningeal_Carcinomatosis,@GENE_MSLN,{'17276942'},['0.9517'],"('@DISEASE_Meningeal_Carcinomatosis', 'Association', '@GENE_MSLN')"
D004416,6275,Association,@DISEASE_Dysplastic_Nevus_Syndrome,@GENE_S100A4,{'17276942'},['0.9361'],"('@DISEASE_Dysplastic_Nevus_Syndrome', 'Association', '@GENE_S100A4')"
D004416,10232,Association,@DISEASE_Dysplastic_Nevus_Syndrome,@GENE_MSLN,{'17276942'},['0.8632'],"('@DISEASE_Dysplastic_Nevus_Syndrome', 'Association', '@GENE_MSLN')"
D000230,10232,Association,@DISEASE_Adenocarcinoma,@GENE_MSLN,{'17276942'},['0.9002'],"('@DISEASE_Adenocarcinoma', 'Association', '@GENE_MSLN')"
D001651,6275,Association,@DISEASE_Cholestasis_Extrahepatic,@GENE_S100A4,{'17276942'},['0.9994'],"('@DISEASE_Cholestasis_Extrahepatic', 'Association', '@GENE_S100A4')"
D002278,6275,Association,@DISEASE_Carcinoma_in_Situ,@GENE_S100A4,{'17276942'},['0.7867'],"('@DISEASE_Carcinoma_in_Situ', 'Association', '@GENE_S100A4')"
D065311,10232,Association,@DISEASE_Adenocarcinoma_in_Situ,@GENE_MSLN,{'17276942'},['0.9469'],"('@DISEASE_Adenocarcinoma_in_Situ', 'Association', '@GENE_MSLN')"
D015792,406997,Association,@DISEASE_Retinal_Dysplasia,@GENE_MIR215,{'40940980'},['0.9989'],"('@DISEASE_Retinal_Dysplasia', 'Association', '@GENE_MIR215')"
D008228,406997,Association,@DISEASE_Lymphoma_Non_Hodgkin,@GENE_MIR215,{'40940980'},['0.9986'],"('@DISEASE_Lymphoma_Non_Hodgkin', 'Association', '@GENE_MIR215')"
D009362,406997,Association,@DISEASE_Neoplasm_Metastasis,@GENE_MIR215,{'40940980'},['0.9991'],"('@DISEASE_Neoplasm_Metastasis', 'Association', '@GENE_MIR215')"
D006713,D009794,Negative_Correlation,@CHEMICAL_Homogentisic_Acid,@DISEASE_Ochronosis,{'26024586'},['0.9989'],"('@CHEMICAL_Homogentisic_Acid', 'Negative_Correlation', '@DISEASE_Ochronosis')"
C077073,D009794,Negative_Correlation,@CHEMICAL_nitisinone,@DISEASE_Ochronosis,"{'33452825', '36966367', '30263914', '21748407', '32158253', '26024586', '32904992', '36465977', '30055994', '34059444', '15322814', '33314212'}","['0.9955', '0.8248', '0.999', '0.9992', '0.9988', '0.999', '0.9991', '0.9989', '0.9983', '0.9943', '0.9988', '0.9989']","('@CHEMICAL_nitisinone', 'Negative_Correlation', '@DISEASE_Ochronosis')"
C062397,D064420,Positive_Correlation,@CHEMICAL_2_methyl_1_4_hydroquinone,@DISEASE_Drug_Related_Side_Effects_and_Adverse_Reactions,{'14642385'},['0.9796'],"('@CHEMICAL_2_methyl_1_4_hydroquinone', 'Positive_Correlation', '@DISEASE_Drug_Related_Side_Effects_and_Adverse_Reactions')"
C018599,D064420,Positive_Correlation,@CHEMICAL_4_methylcatechol,@DISEASE_Drug_Related_Side_Effects_and_Adverse_Reactions,{'14642385'},['0.9804'],"('@CHEMICAL_4_methylcatechol', 'Positive_Correlation', '@DISEASE_Drug_Related_Side_Effects_and_Adverse_Reactions')"
C004532,D017382,Association,@CHEMICAL_quinone,@CHEMICAL_Reactive_Oxygen_Species,{'14642385'},['0.6061'],"('@CHEMICAL_quinone', 'Association', '@CHEMICAL_Reactive_Oxygen_Species')"
C031927,D064420,Positive_Correlation,@CHEMICAL_hydroquinone,@DISEASE_Drug_Related_Side_Effects_and_Adverse_Reactions,{'14642385'},['0.4981'],"('@CHEMICAL_hydroquinone', 'Positive_Correlation', '@DISEASE_Drug_Related_Side_Effects_and_Adverse_Reactions')"
D015102,D064420,Positive_Correlation,@CHEMICAL_3_4_Dihydroxyphenylacetic_Acid,@DISEASE_Drug_Related_Side_Effects_and_Adverse_Reactions,{'14642385'},['0.8495'],"('@CHEMICAL_3_4_Dihydroxyphenylacetic_Acid', 'Positive_Correlation', '@DISEASE_Drug_Related_Side_Effects_and_Adverse_Reactions')"
D009569,D064420,Positive_Correlation,@CHEMICAL_Nitric_Oxide,@DISEASE_Drug_Related_Side_Effects_and_Adverse_Reactions,{'14642385'},['0.6719'],"('@CHEMICAL_Nitric_Oxide', 'Positive_Correlation', '@DISEASE_Drug_Related_Side_Effects_and_Adverse_Reactions')"
C062397,C068040,Positive_Correlation,@CHEMICAL_2_methyl_1_4_hydroquinone,@CHEMICAL_quinone_methide,{'14642385'},['0.9919'],"('@CHEMICAL_2_methyl_1_4_hydroquinone', 'Positive_Correlation', '@CHEMICAL_quinone_methide')"
C018599,C068040,Positive_Correlation,@CHEMICAL_4_methylcatechol,@CHEMICAL_quinone_methide,{'14642385'},['0.9993'],"('@CHEMICAL_4_methylcatechol', 'Positive_Correlation', '@CHEMICAL_quinone_methide')"
D002292,7157,Association,@DISEASE_Carcinoma_Renal_Cell,@GENE_TP53,{'31111543'},['0.9995'],"('@DISEASE_Carcinoma_Renal_Cell', 'Association', '@GENE_TP53')"
D000782,7157,Positive_Correlation,@DISEASE_Aneuploidy,@GENE_TP53,{'31111543'},['0.4779'],"('@DISEASE_Aneuploidy', 'Positive_Correlation', '@GENE_TP53')"
C031927,D000588,Association,@CHEMICAL_hydroquinone,@CHEMICAL_Amines,{'10366893'},['0.9836'],"('@CHEMICAL_hydroquinone', 'Association', '@CHEMICAL_Amines')"
D002338,D014810,Comparison,@CHEMICAL_Carotenoids,@CHEMICAL_Vitamin_E,{'22080601'},['0.6875'],"('@CHEMICAL_Carotenoids', 'Comparison', '@CHEMICAL_Vitamin_E')"
D014443,837168,Association,@CHEMICAL_Tyrosine,@GENE_PDS1,"{'10198110', '16681377'}","['0.9743', '0.9925']","('@CHEMICAL_Tyrosine', 'Association', '@GENE_PDS1')"
D006713,D010971,Association,@CHEMICAL_Homogentisic_Acid,@CHEMICAL_Plastoquinone,"{'28637410', '12430028', '5685885', '7002223', '15633191', '16681377'}","['0.8637', '0.4278', '0.7589', '0.8502', '0.6387', '0.4997']","('@CHEMICAL_Homogentisic_Acid', 'Association', '@CHEMICAL_Plastoquinone')"
C010590,D010100,Association,@CHEMICAL_4_hydroxyphenylpyruvic_acid,@CHEMICAL_Oxygen,"{'16681377', '873933'}","['0.9989', '0.8886']","('@CHEMICAL_4_hydroxyphenylpyruvic_acid', 'Association', '@CHEMICAL_Oxygen')"
D006713,D010100,Association,@CHEMICAL_Homogentisic_Acid,@CHEMICAL_Oxygen,"{'15581571', '16681377', '3121448', '14678794', '10198110', '10858299'}","['0.9882', '0.4498', '0.9972', '0.6406', '0.864', '0.9976']","('@CHEMICAL_Homogentisic_Acid', 'Association', '@CHEMICAL_Oxygen')"
C010590,D014810,Negative_Correlation,@CHEMICAL_4_hydroxyphenylpyruvic_acid,@CHEMICAL_Vitamin_E,{'14684842'},['0.4464'],"('@CHEMICAL_4_hydroxyphenylpyruvic_acid', 'Negative_Correlation', '@CHEMICAL_Vitamin_E')"
C000723335,D024508,Association,@CHEMICAL_shikimate,@CHEMICAL_Tocotrienols,{'14684842'},['0.9903'],"('@CHEMICAL_shikimate', 'Association', '@CHEMICAL_Tocotrienols')"
D007410,7157,Association,@DISEASE_Intestinal_Diseases,@GENE_TP53,"{'21290973', '15842632'}","['0.9917', '0.8666']","('@DISEASE_Intestinal_Diseases', 'Association', '@GENE_TP53')"
D005757,7157,Association,@DISEASE_Gastritis_Atrophic,@GENE_TP53,{'21290973'},['0.9978'],"('@DISEASE_Gastritis_Atrophic', 'Association', '@GENE_TP53')"
D011230,7157,Association,@DISEASE_Precancerous_Conditions,@GENE_TP53,"{'21290973', '16855398', '11714532'}","['0.9995', '0.9451', '0.9543']","('@DISEASE_Precancerous_Conditions', 'Association', '@GENE_TP53')"
D000782,7157,Association,@DISEASE_Aneuploidy,@GENE_TP53,"{'21290973', '19638963', '29608884', '32460165', '11714532', '10720109'}","['0.9994', '0.9457', '0.9996', '0.9347', '0.8596', '0.999']","('@DISEASE_Aneuploidy', 'Association', '@GENE_TP53')"
C077073,D006713,Association,@CHEMICAL_nitisinone,@CHEMICAL_Homogentisic_Acid,"{'35822094', '34059444', '14767996', '31228435'}","['0.9613', '0.9978', '0.8816', '0.5584']","('@CHEMICAL_nitisinone', 'Association', '@CHEMICAL_Homogentisic_Acid')"
C077073,D002386,Positive_Correlation,@CHEMICAL_nitisinone,@DISEASE_Cataract,{'35822094'},['0.9993'],"('@CHEMICAL_nitisinone', 'Positive_Correlation', '@DISEASE_Cataract')"
C521377,D006713,Negative_Correlation,@CHEMICAL_topramezone,@CHEMICAL_Homogentisic_Acid,{'17340675'},['0.9982'],"('@CHEMICAL_topramezone', 'Negative_Correlation', '@CHEMICAL_Homogentisic_Acid')"
C521377,837168,Negative_Correlation,@CHEMICAL_topramezone,@GENE_PDS1,{'17340675'},['0.9991'],"('@CHEMICAL_topramezone', 'Negative_Correlation', '@GENE_PDS1')"
D000592,875,Association,@DISEASE_Amino_Acid_Metabolism_Inborn_Errors,@GENE_CBS,{'28492150'},['0.9279'],"('@DISEASE_Amino_Acid_Metabolism_Inborn_Errors', 'Association', '@GENE_CBS')"
D010649,D021542,Association,@CHEMICAL_Phenylalanine,@CHEMICAL_Amino_Acids_Neutral,{'29754208'},['0.7157'],"('@CHEMICAL_Phenylalanine', 'Association', '@CHEMICAL_Amino_Acids_Neutral')"
D014443,D020739,Association,@CHEMICAL_Tyrosine,@DISEASE_Brain_Diseases_Metabolic_Inborn,{'31578365'},['0.9911'],"('@CHEMICAL_Tyrosine', 'Association', '@DISEASE_Brain_Diseases_Metabolic_Inborn')"
D008659,3242,Association,@DISEASE_Metabolic_Diseases,@GENE_HPD,"{'31578365', '11073718'}","['0.9994', '0.9992']","('@DISEASE_Metabolic_Diseases', 'Association', '@GENE_HPD')"
D008543,3242,Association,@CHEMICAL_Melanins,@GENE_HPD,"{'31578365', '34404820'}","['0.6003', '0.9563']","('@CHEMICAL_Melanins', 'Association', '@GENE_HPD')"
D014443,D008659,Association,@CHEMICAL_Tyrosine,@DISEASE_Metabolic_Diseases,"{'15581571', '30740402', '31578365', '32284865'}","['0.9992', '0.9952', '0.999', '0.9843']","('@CHEMICAL_Tyrosine', 'Association', '@DISEASE_Metabolic_Diseases')"
C006552,3242,Negative_Correlation,@CHEMICAL_kaempferol,@GENE_HPD,{'38996180'},['0.9993'],"('@CHEMICAL_kaempferol', 'Negative_Correlation', '@GENE_HPD')"
C572573,D004416,Positive_Correlation,@CHEMICAL_N_nitroso_tris_chloroethylurea,@DISEASE_Dysplastic_Nevus_Syndrome,{'26276745'},['0.9983'],"('@CHEMICAL_N_nitroso_tris_chloroethylurea', 'Positive_Correlation', '@DISEASE_Dysplastic_Nevus_Syndrome')"
C572573,D002294,Positive_Correlation,@CHEMICAL_N_nitroso_tris_chloroethylurea,@DISEASE_Carcinoma_Squamous_Cell,{'26276745'},['0.6855'],"('@CHEMICAL_N_nitroso_tris_chloroethylurea', 'Positive_Correlation', '@DISEASE_Carcinoma_Squamous_Cell')"
C572573,D000081483,Positive_Correlation,@CHEMICAL_N_nitroso_tris_chloroethylurea,@DISEASE_Squamous_Intraepithelial_Lesions,{'26276745'},['0.9981'],"('@CHEMICAL_N_nitroso_tris_chloroethylurea', 'Positive_Correlation', '@DISEASE_Squamous_Intraepithelial_Lesions')"
D014807,D007249,Negative_Correlation,@CHEMICAL_Vitamin_D,@DISEASE_Inflammation,{'26276745'},['0.9991'],"('@CHEMICAL_Vitamin_D', 'Negative_Correlation', '@DISEASE_Inflammation')"
D014807,D004416,Negative_Correlation,@CHEMICAL_Vitamin_D,@DISEASE_Dysplastic_Nevus_Syndrome,{'26276745'},['0.8304'],"('@CHEMICAL_Vitamin_D', 'Negative_Correlation', '@DISEASE_Dysplastic_Nevus_Syndrome')"
D014807,D000081483,Negative_Correlation,@CHEMICAL_Vitamin_D,@DISEASE_Squamous_Intraepithelial_Lesions,{'26276745'},['0.8484'],"('@CHEMICAL_Vitamin_D', 'Negative_Correlation', '@DISEASE_Squamous_Intraepithelial_Lesions')"
C572573,D014807,Association,@CHEMICAL_N_nitroso_tris_chloroethylurea,@CHEMICAL_Vitamin_D,{'26276745'},['0.7586'],"('@CHEMICAL_N_nitroso_tris_chloroethylurea', 'Association', '@CHEMICAL_Vitamin_D')"
D014807,D002294,Negative_Correlation,@CHEMICAL_Vitamin_D,@DISEASE_Carcinoma_Squamous_Cell,{'26276745'},['0.9968'],"('@CHEMICAL_Vitamin_D', 'Negative_Correlation', '@DISEASE_Carcinoma_Squamous_Cell')"
C572573,17345,Positive_Correlation,@CHEMICAL_N_nitroso_tris_chloroethylurea,@GENE_MKI67,{'26276745'},['0.9947'],"('@CHEMICAL_N_nitroso_tris_chloroethylurea', 'Positive_Correlation', '@GENE_MKI67')"
D002244,D055613,Association,@CHEMICAL_Carbon,@DISEASE_Multiple_Pulmonary_Nodules,{'38270703'},['0.9902'],"('@CHEMICAL_Carbon', 'Association', '@DISEASE_Multiple_Pulmonary_Nodules')"
D019802,D055613,Association,@CHEMICAL_Succinic_Acid,@DISEASE_Multiple_Pulmonary_Nodules,{'38270703'},['0.9328'],"('@CHEMICAL_Succinic_Acid', 'Association', '@DISEASE_Multiple_Pulmonary_Nodules')"
C030272,D055613,Positive_Correlation,@CHEMICAL_maleic_acid,@DISEASE_Multiple_Pulmonary_Nodules,{'38270703'},['0.6155'],"('@CHEMICAL_maleic_acid', 'Positive_Correlation', '@DISEASE_Multiple_Pulmonary_Nodules')"
C032005,D055613,Positive_Correlation,@CHEMICAL_fumaric_acid,@DISEASE_Multiple_Pulmonary_Nodules,{'38270703'},['0.7181'],"('@CHEMICAL_fumaric_acid', 'Positive_Correlation', '@DISEASE_Multiple_Pulmonary_Nodules')"
D006713,D055613,Association,@CHEMICAL_Homogentisic_Acid,@DISEASE_Multiple_Pulmonary_Nodules,{'38270703'},['0.6752'],"('@CHEMICAL_Homogentisic_Acid', 'Association', '@DISEASE_Multiple_Pulmonary_Nodules')"
C030514,D055613,Association,@CHEMICAL_hippuric_acid,@DISEASE_Multiple_Pulmonary_Nodules,{'38270703'},['0.6681'],"('@CHEMICAL_hippuric_acid', 'Association', '@DISEASE_Multiple_Pulmonary_Nodules')"
C030691,D055613,Association,@CHEMICAL_gluconic_acid,@DISEASE_Multiple_Pulmonary_Nodules,{'38270703'},['0.6253'],"('@CHEMICAL_gluconic_acid', 'Association', '@DISEASE_Multiple_Pulmonary_Nodules')"
D000625,D011732,Negative_Correlation,@CHEMICAL_Aminooxyacetic_Acid,@CHEMICAL_Pyridoxal_Phosphate,{'18134'},['0.5176'],"('@CHEMICAL_Aminooxyacetic_Acid', 'Negative_Correlation', '@CHEMICAL_Pyridoxal_Phosphate')"
D006713,3081,Negative_Correlation,@CHEMICAL_Homogentisic_Acid,@GENE_HGD,"{'36376482', '36555443', '30406834', '28271171', '37658095'}","['0.9121', '0.9705', '0.499', '0.4789', '0.9901']","('@CHEMICAL_Homogentisic_Acid', 'Negative_Correlation', '@GENE_HGD')"
D000622,D015792,Negative_Correlation,@CHEMICAL_Aminolevulinic_Acid,@DISEASE_Retinal_Dysplasia,"{'17610005', '22699800', '20461081'}","['0.9985', '0.9992', '0.9989']","('@CHEMICAL_Aminolevulinic_Acid', 'Negative_Correlation', '@DISEASE_Retinal_Dysplasia')"
D000622,D008228,Negative_Correlation,@CHEMICAL_Aminolevulinic_Acid,@DISEASE_Lymphoma_Non_Hodgkin,"{'17610005', '22699800', '17023972', '19057983', '20461081'}","['0.926', '0.9989', '0.9908', '0.9985', '0.995']","('@CHEMICAL_Aminolevulinic_Acid', 'Negative_Correlation', '@DISEASE_Lymphoma_Non_Hodgkin')"
D011134,D000230,Association,@CHEMICAL_Polysaccharides,@DISEASE_Adenocarcinoma,{'19441788'},['0.9967'],"('@CHEMICAL_Polysaccharides', 'Association', '@DISEASE_Adenocarcinoma')"
D008228,5395,Association,@DISEASE_Lymphoma_Non_Hodgkin,@GENE_PMS2,{'16938659'},['0.9378'],"('@DISEASE_Lymphoma_Non_Hodgkin', 'Association', '@GENE_PMS2')"
D008228,4292,Association,@DISEASE_Lymphoma_Non_Hodgkin,@GENE_MLH1,"{'16861975', '16938659'}","['0.8562', '0.926']","('@DISEASE_Lymphoma_Non_Hodgkin', 'Association', '@GENE_MLH1')"
D009369,4292,Association,@DISEASE_Neoplasms,@GENE_MLH1,{'16938659'},['0.9813'],"('@DISEASE_Neoplasms', 'Association', '@GENE_MLH1')"
D009369,5395,Association,@DISEASE_Neoplasms,@GENE_PMS2,{'16938659'},['0.9896'],"('@DISEASE_Neoplasms', 'Association', '@GENE_PMS2')"
C031606,D010649,Association,@CHEMICAL_phenylpyruvic_acid,@CHEMICAL_Phenylalanine,"{'22158714', '6563016'}","['0.5666', '0.9409']","('@CHEMICAL_phenylpyruvic_acid', 'Association', '@CHEMICAL_Phenylalanine')"
C025136,D010400,Association,@CHEMICAL_phenylacetic_acid,@CHEMICAL_Penicillin_G,"{'22158714', '10329644', '19203396', '30092379'}","['0.843', '0.7663', '0.6364', '0.9759']","('@CHEMICAL_phenylacetic_acid', 'Association', '@CHEMICAL_Penicillin_G')"
D010400,D010649,Positive_Correlation,@CHEMICAL_Penicillin_G,@CHEMICAL_Phenylalanine,{'22158714'},['0.9987'],"('@CHEMICAL_Penicillin_G', 'Positive_Correlation', '@CHEMICAL_Phenylalanine')"
C025136,D010649,Positive_Correlation,@CHEMICAL_phenylacetic_acid,@CHEMICAL_Phenylalanine,{'22158714'},['0.9989'],"('@CHEMICAL_phenylacetic_acid', 'Positive_Correlation', '@CHEMICAL_Phenylalanine')"
D001205,D019802,Association,@CHEMICAL_Ascorbic_Acid,@CHEMICAL_Succinic_Acid,{'6766067'},['0.9537'],"('@CHEMICAL_Ascorbic_Acid', 'Association', '@CHEMICAL_Succinic_Acid')"
D001205,D007501,Negative_Correlation,@CHEMICAL_Ascorbic_Acid,@CHEMICAL_Iron,{'6766067'},['0.5658'],"('@CHEMICAL_Ascorbic_Acid', 'Negative_Correlation', '@CHEMICAL_Iron')"
D007656,D009580,Association,@CHEMICAL_Ketoglutaric_Acids,@CHEMICAL_Nitroblue_Tetrazolium,{'6766067'},['0.8708'],"('@CHEMICAL_Ketoglutaric_Acids', 'Association', '@CHEMICAL_Nitroblue_Tetrazolium')"
D006713,D007656,Association,@CHEMICAL_Homogentisic_Acid,@CHEMICAL_Ketoglutaric_Acids,{'6766067'},['0.8468'],"('@CHEMICAL_Homogentisic_Acid', 'Association', '@CHEMICAL_Ketoglutaric_Acids')"
D001205,D006713,Association,@CHEMICAL_Ascorbic_Acid,@CHEMICAL_Homogentisic_Acid,"{'405402', '6766067', '3121448'}","['0.9298', '0.7487', '0.9992']","('@CHEMICAL_Ascorbic_Acid', 'Association', '@CHEMICAL_Homogentisic_Acid')"
D001205,D002245,Association,@CHEMICAL_Ascorbic_Acid,@CHEMICAL_Carbon_Dioxide,{'6766067'},['0.9982'],"('@CHEMICAL_Ascorbic_Acid', 'Association', '@CHEMICAL_Carbon_Dioxide')"
##p.L119P,##p.S18T,Association,,,{'30341077'},"['0.4698', '0.4706']","(None, 'Association', None)"
D013272,7157,Association,@DISEASE_Stomach_Diseases,@GENE_TP53,"{'7622288', '12434121'}","['0.9824', '0.9991']","('@DISEASE_Stomach_Diseases', 'Association', '@GENE_TP53')"
D000111,18815,Negative_Correlation,@CHEMICAL_Acetylcysteine,@GENE_PLG,{'21406197'},['0.9988'],"('@CHEMICAL_Acetylcysteine', 'Negative_Correlation', '@GENE_PLG')"
D000111,D009369,Negative_Correlation,@CHEMICAL_Acetylcysteine,@DISEASE_Neoplasms,{'21406197'},['0.9983'],"('@CHEMICAL_Acetylcysteine', 'Negative_Correlation', '@DISEASE_Neoplasms')"
D015119,18815,Negative_Correlation,@CHEMICAL_Aminocaproic_Acid,@GENE_PLG,{'21406197'},['0.9989'],"('@CHEMICAL_Aminocaproic_Acid', 'Negative_Correlation', '@GENE_PLG')"
D009369,18787,Association,@DISEASE_Neoplasms,@GENE_SERPINE1,{'21406197'},['0.8128'],"('@DISEASE_Neoplasms', 'Association', '@GENE_SERPINE1')"
D015119,18791,Negative_Correlation,@CHEMICAL_Aminocaproic_Acid,@GENE_PLAT,{'21406197'},['0.8358'],"('@CHEMICAL_Aminocaproic_Acid', 'Negative_Correlation', '@GENE_PLAT')"
D015119,D005910,Negative_Correlation,@CHEMICAL_Aminocaproic_Acid,@DISEASE_Glioma,{'21406197'},['0.9745'],"('@CHEMICAL_Aminocaproic_Acid', 'Negative_Correlation', '@DISEASE_Glioma')"
D000409,D008228,Negative_Correlation,@CHEMICAL_Alanine,@DISEASE_Lymphoma_Non_Hodgkin,{'19057983'},['0.9977'],"('@CHEMICAL_Alanine', 'Negative_Correlation', '@DISEASE_Lymphoma_Non_Hodgkin')"
D000409,D001471,Negative_Correlation,@CHEMICAL_Alanine,@DISEASE_Barrett_Esophagus,{'19057983'},['0.9966'],"('@CHEMICAL_Alanine', 'Negative_Correlation', '@DISEASE_Barrett_Esophagus')"
D000622,D001471,Negative_Correlation,@CHEMICAL_Aminolevulinic_Acid,@DISEASE_Barrett_Esophagus,"{'19057983', '22699800', '17610005', '15844019'}","['0.9957', '0.9977', '0.9978', '0.9982']","('@CHEMICAL_Aminolevulinic_Acid', 'Negative_Correlation', '@DISEASE_Barrett_Esophagus')"
C017185,C017616,Positive_Correlation,@CHEMICAL_delphinidin,@CHEMICAL_phenolic_acid,{'26706979'},['0.3744'],"('@CHEMICAL_delphinidin', 'Positive_Correlation', '@CHEMICAL_phenolic_acid')"
D006719,43,Negative_Correlation,@CHEMICAL_Homovanillic_Acid,@GENE_ACHE,{'26706979'},['0.9982'],"('@CHEMICAL_Homovanillic_Acid', 'Negative_Correlation', '@GENE_ACHE')"
C006552,C017616,Positive_Correlation,@CHEMICAL_kaempferol,@CHEMICAL_phenolic_acid,{'26706979'},['0.6015'],"('@CHEMICAL_kaempferol', 'Positive_Correlation', '@CHEMICAL_phenolic_acid')"
C017616,C040015,Positive_Correlation,@CHEMICAL_phenolic_acid,@CHEMICAL_myricetin,{'26706979'},['0.3667'],"('@CHEMICAL_phenolic_acid', 'Positive_Correlation', '@CHEMICAL_myricetin')"
D006713,43,Negative_Correlation,@CHEMICAL_Homogentisic_Acid,@GENE_ACHE,{'26706979'},['0.998'],"('@CHEMICAL_Homogentisic_Acid', 'Negative_Correlation', '@GENE_ACHE')"
C041376,43,Negative_Correlation,@CHEMICAL_rosmarinic_acid,@GENE_ACHE,{'26706979'},['0.9987'],"('@CHEMICAL_rosmarinic_acid', 'Negative_Correlation', '@GENE_ACHE')"
C017616,D011794,Cotreatment,@CHEMICAL_phenolic_acid,@CHEMICAL_Quercetin,{'26706979'},['0.3317'],"('@CHEMICAL_phenolic_acid', 'Cotreatment', '@CHEMICAL_Quercetin')"
C040048,43,Negative_Correlation,@CHEMICAL_caffeic_acid,@GENE_ACHE,{'26706979'},['0.9982'],"('@CHEMICAL_caffeic_acid', 'Negative_Correlation', '@GENE_ACHE')"
C017616,D005419,Comparison,@CHEMICAL_phenolic_acid,@CHEMICAL_Flavonoids,{'26706979'},['0.6589'],"('@CHEMICAL_phenolic_acid', 'Comparison', '@CHEMICAL_Flavonoids')"
C010590,43,Negative_Correlation,@CHEMICAL_4_hydroxyphenylpyruvic_acid,@GENE_ACHE,{'26706979'},['0.9986'],"('@CHEMICAL_4_hydroxyphenylpyruvic_acid', 'Negative_Correlation', '@GENE_ACHE')"
D009637,43,Negative_Correlation,@CHEMICAL_Masoprocol,@GENE_ACHE,{'26706979'},['0.9986'],"('@CHEMICAL_Masoprocol', 'Negative_Correlation', '@GENE_ACHE')"
C017616,D010695,Association,@CHEMICAL_phenolic_acid,@CHEMICAL_Phlorhizin,{'26706979'},['0.4081'],"('@CHEMICAL_phenolic_acid', 'Association', '@CHEMICAL_Phlorhizin')"
C017616,43,Negative_Correlation,@CHEMICAL_phenolic_acid,@GENE_ACHE,{'26706979'},['0.9976'],"('@CHEMICAL_phenolic_acid', 'Negative_Correlation', '@GENE_ACHE')"
D002726,43,Negative_Correlation,@CHEMICAL_Chlorogenic_Acid,@GENE_ACHE,{'26706979'},['0.9977'],"('@CHEMICAL_Chlorogenic_Acid', 'Negative_Correlation', '@GENE_ACHE')"
C073734,43,Negative_Correlation,@CHEMICAL_sinapinic_acid,@GENE_ACHE,{'26706979'},['0.9987'],"('@CHEMICAL_sinapinic_acid', 'Negative_Correlation', '@GENE_ACHE')"
D005707,43,Negative_Correlation,@CHEMICAL_Gallic_Acid,@GENE_ACHE,{'26706979'},['0.9979'],"('@CHEMICAL_Gallic_Acid', 'Negative_Correlation', '@GENE_ACHE')"
C017616,C066957,Association,@CHEMICAL_phenolic_acid,@CHEMICAL_pelargonidin,{'26706979'},['0.2114'],"('@CHEMICAL_phenolic_acid', 'Association', '@CHEMICAL_pelargonidin')"
D003300,D000474,Negative_Correlation,@CHEMICAL_Copper,@DISEASE_Alkaptonuria,{'5943272'},['0.5692'],"('@CHEMICAL_Copper', 'Negative_Correlation', '@DISEASE_Alkaptonuria')"
C531762,3081,Negative_Correlation,@DISEASE_Alkaptonuric_ochronosis,@GENE_HGD,{'30533354'},['0.8227'],"('@DISEASE_Alkaptonuric_ochronosis', 'Negative_Correlation', '@GENE_HGD')"
C023793,D002686,Negative_Correlation,@CHEMICAL_pyomelanin,@CHEMICAL_Chitin,{'34512569'},['0.9989'],"('@CHEMICAL_pyomelanin', 'Negative_Correlation', '@CHEMICAL_Chitin')"
C023793,D014443,Association,@CHEMICAL_pyomelanin,@CHEMICAL_Tyrosine,"{'30572055', '26047497', '29095994', '23346079', '31029629', '31020477', '27513990', '22046314', '34512569', '37175552'}","['0.9439', '0.9929', '0.9539', '0.9985', '0.4306', '0.9814', '0.9802', '0.9793', '0.998', '0.9675']","('@CHEMICAL_pyomelanin', 'Association', '@CHEMICAL_Tyrosine')"
C006414,C025136,Association,@CHEMICAL_penicillin_N,@CHEMICAL_phenylacetic_acid,{'30092379'},['0.9972'],"('@CHEMICAL_penicillin_N', 'Association', '@CHEMICAL_phenylacetic_acid')"
C025136,8313909,Association,@CHEMICAL_phenylacetic_acid,@GENE_PC16G01770,{'30092379'},['0.9988'],"('@CHEMICAL_phenylacetic_acid', 'Association', '@GENE_PC16G01770')"
D003065,D010400,Association,@CHEMICAL_Coenzyme_A,@CHEMICAL_Penicillin_G,{'30092379'},['0.939'],"('@CHEMICAL_Coenzyme_A', 'Association', '@CHEMICAL_Penicillin_G')"
C025136,D003065,Association,@CHEMICAL_phenylacetic_acid,@CHEMICAL_Coenzyme_A,{'30092379'},['0.8562'],"('@CHEMICAL_phenylacetic_acid', 'Association', '@CHEMICAL_Coenzyme_A')"
C006414,D003065,Positive_Correlation,@CHEMICAL_penicillin_N,@CHEMICAL_Coenzyme_A,{'30092379'},['0.7235'],"('@CHEMICAL_penicillin_N', 'Positive_Correlation', '@CHEMICAL_Coenzyme_A')"
C025136,8308414,Association,@CHEMICAL_phenylacetic_acid,@GENE_PAHA,{'30092379'},['0.9975'],"('@CHEMICAL_phenylacetic_acid', 'Association', '@GENE_PAHA')"
D010406,8313909,Association,@CHEMICAL_Penicillins,@GENE_PC16G01770,{'30092379'},['0.9968'],"('@CHEMICAL_Penicillins', 'Association', '@GENE_PC16G01770')"
D001663,D005230,Association,@CHEMICAL_Bilirubin,@CHEMICAL_Fatty_Acids_Nonesterified,{'31308419'},['0.9982'],"('@CHEMICAL_Bilirubin', 'Association', '@CHEMICAL_Fatty_Acids_Nonesterified')"
D001663,D014280,Association,@CHEMICAL_Bilirubin,@CHEMICAL_Triglycerides,{'31308419'},['0.9996'],"('@CHEMICAL_Bilirubin', 'Association', '@CHEMICAL_Triglycerides')"
D001663,D002518,Association,@CHEMICAL_Bilirubin,@CHEMICAL_Ceramides,{'31308419'},['0.9877'],"('@CHEMICAL_Bilirubin', 'Association', '@CHEMICAL_Ceramides')"
D008055,D000077779,Association,@CHEMICAL_Lipids,@DISEASE_Pancreatic_Intraductal_Neoplasms,{'31308419'},['0.9994'],"('@CHEMICAL_Lipids', 'Association', '@DISEASE_Pancreatic_Intraductal_Neoplasms')"
D008727,D000474,Negative_Correlation,@CHEMICAL_Methotrexate,@DISEASE_Alkaptonuria,"{'22850426', '25567001'}","['0.8783', '0.9716']","('@CHEMICAL_Methotrexate', 'Negative_Correlation', '@DISEASE_Alkaptonuria')"
D000474,325,Association,@DISEASE_Alkaptonuria,@GENE_APCS,{'22850426'},['0.9974'],"('@DISEASE_Alkaptonuria', 'Association', '@GENE_APCS')"
D008727,C000718787,Negative_Correlation,@CHEMICAL_Methotrexate,@DISEASE_AA_amyloidosis,"{'22850426', '25567001'}","['0.9992', '0.9992']","('@CHEMICAL_Methotrexate', 'Negative_Correlation', '@DISEASE_AA_amyloidosis')"
D006713,D008727,Negative_Correlation,@CHEMICAL_Homogentisic_Acid,@CHEMICAL_Methotrexate,{'22850426'},['0.999'],"('@CHEMICAL_Homogentisic_Acid', 'Negative_Correlation', '@CHEMICAL_Methotrexate')"
D000686,325,Association,@DISEASE_Amyloidosis,@GENE_APCS,{'22850426'},['0.9922'],"('@DISEASE_Amyloidosis', 'Association', '@GENE_APCS')"
D014810,D024508,Association,@CHEMICAL_Vitamin_E,@CHEMICAL_Tocotrienols,"{'21175184', '37790787', '12897790', '37429412'}","['0.359', '0.5257', '0.8909', '0.5282']","('@CHEMICAL_Vitamin_E', 'Association', '@CHEMICAL_Tocotrienols')"
D000074262,D024508,Association,@CHEMICAL_Rapeseed_Oil,@CHEMICAL_Tocotrienols,{'37790787'},['0.9992'],"('@CHEMICAL_Rapeseed_Oil', 'Association', '@CHEMICAL_Tocotrienols')"
D024508,548177,Association,@CHEMICAL_Tocotrienols,@GENE_LOC548177,"{'37790787', '31654815', '28581741'}","['0.976', '0.7917', '0.9984']","('@CHEMICAL_Tocotrienols', 'Association', '@GENE_LOC548177')"
C002963,548177,Association,@CHEMICAL_geranylgeranyl_pyrophosphate,@GENE_LOC548177,"{'37790787', '21223386'}","['0.9956', '0.9978']","('@CHEMICAL_geranylgeranyl_pyrophosphate', 'Association', '@GENE_LOC548177')"
C529546,D024505,Association,@CHEMICAL_phytyl_diphosphate,@CHEMICAL_Tocopherols,"{'11706191', '38469330', '38314636', '21223386', '37790787', '12586887', '16408209', '23247837', '17569077'}","['0.9731', '0.7419', '0.9089', '0.7429', '0.9399', '0.6644', '0.9297', '0.9977', '0.9045']","('@CHEMICAL_phytyl_diphosphate', 'Association', '@CHEMICAL_Tocopherols')"
D003540,D000082002,Positive_Correlation,@CHEMICAL_Cystathionine,@DISEASE_Sexual_Trauma,{'36987752'},['0.9868'],"('@CHEMICAL_Cystathionine', 'Positive_Correlation', '@DISEASE_Sexual_Trauma')"
D019802,D019966,Positive_Correlation,@CHEMICAL_Succinic_Acid,@DISEASE_Substance_Related_Disorders,{'36987752'},['0.4628'],"('@CHEMICAL_Succinic_Acid', 'Positive_Correlation', '@DISEASE_Substance_Related_Disorders')"
D000249,D019966,Association,@CHEMICAL_Adenosine_Monophosphate,@DISEASE_Substance_Related_Disorders,{'36987752'},['0.8797'],"('@CHEMICAL_Adenosine_Monophosphate', 'Association', '@DISEASE_Substance_Related_Disorders')"
D020723,D000082002,Positive_Correlation,@CHEMICAL_Glucuronic_Acid,@DISEASE_Sexual_Trauma,{'36987752'},['0.5023'],"('@CHEMICAL_Glucuronic_Acid', 'Positive_Correlation', '@DISEASE_Sexual_Trauma')"
D002794,D019966,Positive_Correlation,@CHEMICAL_Choline,@DISEASE_Substance_Related_Disorders,{'36987752'},['0.9475'],"('@CHEMICAL_Choline', 'Positive_Correlation', '@DISEASE_Substance_Related_Disorders')"
D020723,D019966,Positive_Correlation,@CHEMICAL_Glucuronic_Acid,@DISEASE_Substance_Related_Disorders,{'36987752'},['0.995'],"('@CHEMICAL_Glucuronic_Acid', 'Positive_Correlation', '@DISEASE_Substance_Related_Disorders')"
D006713,D000082002,Positive_Correlation,@CHEMICAL_Homogentisic_Acid,@DISEASE_Sexual_Trauma,{'36987752'},['0.9924'],"('@CHEMICAL_Homogentisic_Acid', 'Positive_Correlation', '@DISEASE_Sexual_Trauma')"
D002794,D000082002,Association,@CHEMICAL_Choline,@DISEASE_Sexual_Trauma,{'36987752'},['0.5806'],"('@CHEMICAL_Choline', 'Association', '@DISEASE_Sexual_Trauma')"
C008046,D006713,Comparison,@CHEMICAL_5_hydroxymethylfurfural,@CHEMICAL_Homogentisic_Acid,{'18970477'},['0.6367'],"('@CHEMICAL_5_hydroxymethylfurfural', 'Comparison', '@CHEMICAL_Homogentisic_Acid')"
D008031,4051,Association,@CHEMICAL_Lignin,@GENE_CYP4F3,{'38689961'},['0.9992'],"('@CHEMICAL_Lignin', 'Association', '@GENE_CYP4F3')"
D008031,3081,Association,@CHEMICAL_Lignin,@GENE_HGD,{'38689961'},['0.9997'],"('@CHEMICAL_Lignin', 'Association', '@GENE_HGD')"
C036909,D008031,Negative_Correlation,@CHEMICAL_lignocellulose,@CHEMICAL_Lignin,{'38689961'},['0.8246'],"('@CHEMICAL_lignocellulose', 'Negative_Correlation', '@CHEMICAL_Lignin')"
C013390,D014443,Association,@CHEMICAL_actinorhodin,@CHEMICAL_Tyrosine,{'18266739'},['0.9249'],"('@CHEMICAL_actinorhodin', 'Association', '@CHEMICAL_Tyrosine')"
D001205,D010649,Association,@CHEMICAL_Ascorbic_Acid,@CHEMICAL_Phenylalanine,{'24060716'},['0.9987'],"('@CHEMICAL_Ascorbic_Acid', 'Association', '@CHEMICAL_Phenylalanine')"
D001205,D014443,Association,@CHEMICAL_Ascorbic_Acid,@CHEMICAL_Tyrosine,{'24060716'},['0.9992'],"('@CHEMICAL_Ascorbic_Acid', 'Association', '@CHEMICAL_Tyrosine')"
D009059,595,Association,@DISEASE_Mouth_Diseases,@GENE_CCND1,"{'37747904', '10560487'}","['0.9991', '0.9819']","('@DISEASE_Mouth_Diseases', 'Association', '@GENE_CCND1')"
D018442,595,Association,@DISEASE_Lymphoma_B_Cell_Marginal_Zone,@GENE_CCND1,{'10560487'},['0.9105'],"('@DISEASE_Lymphoma_B_Cell_Marginal_Zone', 'Association', '@GENE_CCND1')"
D018442,7157,Association,@DISEASE_Lymphoma_B_Cell_Marginal_Zone,@GENE_TP53,{'10560487'},['0.9916'],"('@DISEASE_Lymphoma_B_Cell_Marginal_Zone', 'Association', '@GENE_TP53')"
D002118,D000069337,Association,@CHEMICAL_Calcium,@DISEASE_Fused_Kidney,{'40162283'},['0.9706'],"('@CHEMICAL_Calcium', 'Association', '@DISEASE_Fused_Kidney')"
C057862,D024503,Positive_Correlation,@CHEMICAL_cyanoginosin_LR,@CHEMICAL_beta_Tocopherol,{'20398686'},['0.9895'],"('@CHEMICAL_cyanoginosin_LR', 'Positive_Correlation', '@CHEMICAL_beta_Tocopherol')"
C057862,D024502,Positive_Correlation,@CHEMICAL_cyanoginosin_LR,@CHEMICAL_alpha_Tocopherol,{'20398686'},['0.9167'],"('@CHEMICAL_cyanoginosin_LR', 'Positive_Correlation', '@CHEMICAL_alpha_Tocopherol')"
C057862,D024505,Positive_Correlation,@CHEMICAL_cyanoginosin_LR,@CHEMICAL_Tocopherols,{'20398686'},['0.7993'],"('@CHEMICAL_cyanoginosin_LR', 'Positive_Correlation', '@CHEMICAL_Tocopherols')"
D000583,14971907,Association,@CHEMICAL_Amikacin,@GENE_APHA6,{'2846986'},['0.8759'],"('@CHEMICAL_Amikacin', 'Association', '@GENE_APHA6')"
D000583,D007612,Comparison,@CHEMICAL_Amikacin,@CHEMICAL_Kanamycin,{'2846986'},['0.4628'],"('@CHEMICAL_Amikacin', 'Comparison', '@CHEMICAL_Kanamycin')"
D007612,14971907,Positive_Correlation,@CHEMICAL_Kanamycin,@GENE_APHA6,{'2846986'},['0.6831'],"('@CHEMICAL_Kanamycin', 'Positive_Correlation', '@GENE_APHA6')"
D002278,7157,Association,@DISEASE_Carcinoma_in_Situ,@GENE_TP53,{'17652955'},['0.9992'],"('@DISEASE_Carcinoma_in_Situ', 'Association', '@GENE_TP53')"
D007674,7157,Association,@DISEASE_Kidney_Diseases,@GENE_TP53,{'34783171'},['0.9996'],"('@DISEASE_Kidney_Diseases', 'Association', '@GENE_TP53')"
3081,7157,Association,@GENE_HGD,@GENE_TP53,{'34783171'},['0.6548'],"('@GENE_HGD', 'Association', '@GENE_TP53')"
D014523,7157,Association,@DISEASE_Urethral_Neoplasms,@GENE_TP53,{'34783171'},['0.9847'],"('@DISEASE_Urethral_Neoplasms', 'Association', '@GENE_TP53')"
D000474,rs544956641##,Association,@DISEASE_Alkaptonuria,@VARIANT_p.A122V_HGD_human,"{'32212000', '34235214'}","['0.9952', '0.9828']","('@DISEASE_Alkaptonuria', 'Association', '@VARIANT_p.A122V_HGD_human')"
rs544956641##,D000474,Association,@VARIANT_p.A122V_HGD_human,@DISEASE_Alkaptonuria,{'34235214'},['0.9954'],"('@VARIANT_p.A122V_HGD_human', 'Association', '@DISEASE_Alkaptonuria')"
D001128,D011127,Negative_Correlation,@CHEMICAL_Argon,@DISEASE_Polyps,{'17253129'},['0.9989'],"('@CHEMICAL_Argon', 'Negative_Correlation', '@DISEASE_Polyps')"
D020176,15233,Association,@DISEASE_Tyrosinemias,@GENE_HGD,"{'31503358', '10518553'}","['0.9993', '0.9927']","('@DISEASE_Tyrosinemias', 'Association', '@GENE_HGD')"
C537537,15233,Association,@DISEASE_Segawa_syndrome_autosomal_recessive,@GENE_HGD,{'10518553'},['0.9694'],"('@DISEASE_Segawa_syndrome_autosomal_recessive', 'Association', '@GENE_HGD')"
D056486,15233,Association,@DISEASE_Chemical_and_Drug_Induced_Liver_Injury,@GENE_HGD,{'10518553'},['0.5013'],"('@DISEASE_Chemical_and_Drug_Induced_Liver_Injury', 'Association', '@GENE_HGD')"
C537537,14085,Association,@DISEASE_Segawa_syndrome_autosomal_recessive,@GENE_FAH,{'10518553'},['0.9482'],"('@DISEASE_Segawa_syndrome_autosomal_recessive', 'Association', '@GENE_FAH')"
D020176,14085,Association,@DISEASE_Tyrosinemias,@GENE_FAH,"{'15327392', '9305902', '10665936', '9689118', '12771366', '17513424', '10518553', '36980965'}","['0.9788', '0.9372', '0.9975', '0.9981', '0.9991', '0.9947', '0.9985', '0.9993', '0.9925']","('@DISEASE_Tyrosinemias', 'Association', '@GENE_FAH')"
D000474,14085,Association,@DISEASE_Alkaptonuria,@GENE_FAH,{'10518553'},['0.9678'],"('@DISEASE_Alkaptonuria', 'Association', '@GENE_FAH')"
D006859,D011125,Association,@CHEMICAL_Hydrogen,@DISEASE_Adenomatous_Polyposis_Coli,{'40018075'},['0.6119'],"('@CHEMICAL_Hydrogen', 'Association', '@DISEASE_Adenomatous_Polyposis_Coli')"
D002386,#3081#p.P23T,Positive_Correlation,@DISEASE_Cataract,@VARIANT_p.P23T_HGD_human,{'15709761'},['0.9399'],"('@DISEASE_Cataract', 'Positive_Correlation', '@VARIANT_p.P23T_HGD_human')"
rs2075504##,D000474,Positive_Correlation,@VARIANT_c.650_85A>G_HGD_human,@DISEASE_Alkaptonuria,{'25804398'},['0.7439'],"('@VARIANT_c.650_85A>G_HGD_human', 'Positive_Correlation', '@DISEASE_Alkaptonuria')"
rs1232923788##,D000474,Positive_Correlation,@VARIANT_c.500C>T_HGD_human,@DISEASE_Alkaptonuria,{'25804398'},['0.9522'],"('@VARIANT_c.500C>T_HGD_human', 'Positive_Correlation', '@DISEASE_Alkaptonuria')"
rs200808744##,D000474,Positive_Correlation,@VARIANT_c.158G>A_HGD_human,@DISEASE_Alkaptonuria,{'25804398'},['0.9542'],"('@VARIANT_c.158G>A_HGD_human', 'Positive_Correlation', '@DISEASE_Alkaptonuria')"
rs1274142542##,D000474,Positive_Correlation,@VARIANT_c.1057A>C_HGD_human,@DISEASE_Alkaptonuria,{'25804398'},['0.9504'],"('@VARIANT_c.1057A>C_HGD_human', 'Positive_Correlation', '@DISEASE_Alkaptonuria')"
rs781011621##,D000474,Positive_Correlation,@VARIANT_p.G251D_HGD_human,@DISEASE_Alkaptonuria,{'25804398'},['0.9449'],"('@VARIANT_p.G251D_HGD_human', 'Positive_Correlation', '@DISEASE_Alkaptonuria')"
rs754802510##,D000474,Positive_Correlation,@VARIANT_c.614G>A_HGD_human,@DISEASE_Alkaptonuria,{'25804398'},['0.9501'],"('@VARIANT_c.614G>A_HGD_human', 'Positive_Correlation', '@DISEASE_Alkaptonuria')"
D001847,3081,Association,@DISEASE_Bone_Diseases,@GENE_HGD,{'25804398'},['0.901'],"('@DISEASE_Bone_Diseases', 'Association', '@GENE_HGD')"
#3081#,D000474,Positive_Correlation,,@DISEASE_Alkaptonuria,"{'33746036', '25804398', '23632174', '31927521'}","['0.5745', '0.9372', '0.9492', '0.9641', '0.9522', '0.9629', '0.9509', '0.9656', '0.9792', '0.6277']","(None, 'Positive_Correlation', '@DISEASE_Alkaptonuria')"
#3081#c.926G>T,D000474,Positive_Correlation,@VARIANT_c.926G>T_HGD_human,@DISEASE_Alkaptonuria,{'25804398'},['0.9401'],"('@VARIANT_c.926G>T_HGD_human', 'Positive_Correlation', '@DISEASE_Alkaptonuria')"
#3081#c.557T>A,D000474,Positive_Correlation,@VARIANT_c.557T>A_HGD_human,@DISEASE_Alkaptonuria,{'25804398'},['0.9687'],"('@VARIANT_c.557T>A_HGD_human', 'Positive_Correlation', '@DISEASE_Alkaptonuria')"
#3081#c.440T>C,D000474,Positive_Correlation,@VARIANT_c.440T>C_HGD_human,@DISEASE_Alkaptonuria,{'25804398'},['0.9242'],"('@VARIANT_c.440T>C_HGD_human', 'Positive_Correlation', '@DISEASE_Alkaptonuria')"
#3081#c.469+6T>C,D000474,Positive_Correlation,@VARIANT_c.469+6T>C_HGD_human,@DISEASE_Alkaptonuria,{'25804398'},['0.6905'],"('@VARIANT_c.469+6T>C_HGD_human', 'Positive_Correlation', '@DISEASE_Alkaptonuria')"
#3081#c.742A>G,D000474,Positive_Correlation,@VARIANT_c.742A>G_HGD_human,@DISEASE_Alkaptonuria,{'25804398'},['0.9742'],"('@VARIANT_c.742A>G_HGD_human', 'Positive_Correlation', '@DISEASE_Alkaptonuria')"
#3081#c.119A>C,D000474,Positive_Correlation,@VARIANT_c.119A>C_HGD_human,@DISEASE_Alkaptonuria,{'25804398'},['0.9284'],"('@VARIANT_c.119A>C_HGD_human', 'Positive_Correlation', '@DISEASE_Alkaptonuria')"
C077073,#3081#,Association,@CHEMICAL_nitisinone,,"{'31503358', '25804398'}","['0.6853', '0.9647', '0.9548']","('@CHEMICAL_nitisinone', 'Association', None)"
D006713,C535845,Association,@CHEMICAL_Homogentisic_Acid,@DISEASE_Hawkinsinuria,{'10412819'},['0.7038'],"('@CHEMICAL_Homogentisic_Acid', 'Association', '@DISEASE_Hawkinsinuria')"
C010590,C535845,Association,@CHEMICAL_4_hydroxyphenylpyruvic_acid,@DISEASE_Hawkinsinuria,{'10412819'},['0.6944'],"('@CHEMICAL_4_hydroxyphenylpyruvic_acid', 'Association', '@DISEASE_Hawkinsinuria')"
C017889,C535845,Positive_Correlation,@CHEMICAL_4_hydroxycyclohexylacetic_acid,@DISEASE_Hawkinsinuria,{'10412819'},['0.5962'],"('@CHEMICAL_4_hydroxycyclohexylacetic_acid', 'Positive_Correlation', '@DISEASE_Hawkinsinuria')"
C005756,D006713,Association,@CHEMICAL_2_hydroxyphenylacetic_acid,@CHEMICAL_Homogentisic_Acid,{'39714419'},['0.4937'],"('@CHEMICAL_2_hydroxyphenylacetic_acid', 'Association', '@CHEMICAL_Homogentisic_Acid')"
D006713,57404,Association,@CHEMICAL_Homogentisic_Acid,@GENE_CYP20A1,{'39714419'},['0.9865'],"('@CHEMICAL_Homogentisic_Acid', 'Association', '@GENE_CYP20A1')"
D005947,D006713,Negative_Correlation,@CHEMICAL_Glucose,@CHEMICAL_Homogentisic_Acid,{'17098915'},['0.9988'],"('@CHEMICAL_Glucose', 'Negative_Correlation', '@CHEMICAL_Homogentisic_Acid')"
D000077779,1084,Association,@DISEASE_Pancreatic_Intraductal_Neoplasms,@GENE_CEACAM3,"{'33915626', '26178866'}","['0.94', '0.988']","('@DISEASE_Pancreatic_Intraductal_Neoplasms', 'Association', '@GENE_CEACAM3')"
D010190,6913,Association,@DISEASE_Pancreatic_Neoplasms,@GENE_TBX15,{'31306149'},['0.9123'],"('@DISEASE_Pancreatic_Neoplasms', 'Association', '@GENE_TBX15')"
D010190,651,Association,@DISEASE_Pancreatic_Neoplasms,@GENE_BMP3,"{'31323382', '31306149'}","['0.969', '0.9985']","('@DISEASE_Pancreatic_Neoplasms', 'Association', '@GENE_BMP3')"
D003550,651,Association,@DISEASE_Cystic_Fibrosis,@GENE_BMP3,{'31306149'},['0.9989'],"('@DISEASE_Cystic_Fibrosis', 'Association', '@GENE_BMP3')"
D003550,6913,Association,@DISEASE_Cystic_Fibrosis,@GENE_TBX15,{'31306149'},['0.9983'],"('@DISEASE_Cystic_Fibrosis', 'Association', '@GENE_TBX15')"
C080625,D001064,Positive_Correlation,@CHEMICAL_taxane,@DISEASE_Appendicitis,{'18300801'},['0.9347'],"('@CHEMICAL_taxane', 'Positive_Correlation', '@DISEASE_Appendicitis')"
D043823,D008228,Positive_Correlation,@CHEMICAL_Taxoids,@DISEASE_Lymphoma_Non_Hodgkin,{'18300801'},['0.9808'],"('@CHEMICAL_Taxoids', 'Positive_Correlation', '@DISEASE_Lymphoma_Non_Hodgkin')"
D043823,D001943,Negative_Correlation,@CHEMICAL_Taxoids,@DISEASE_Breast_Neoplasms,{'18300801'},['0.9975'],"('@CHEMICAL_Taxoids', 'Negative_Correlation', '@DISEASE_Breast_Neoplasms')"
D017239,D001943,Negative_Correlation,@CHEMICAL_Paclitaxel,@DISEASE_Breast_Neoplasms,{'18300801'},['0.9969'],"('@CHEMICAL_Paclitaxel', 'Negative_Correlation', '@DISEASE_Breast_Neoplasms')"
D043823,D015792,Positive_Correlation,@CHEMICAL_Taxoids,@DISEASE_Retinal_Dysplasia,{'18300801'},['0.9886'],"('@CHEMICAL_Taxoids', 'Positive_Correlation', '@DISEASE_Retinal_Dysplasia')"
D000077143,D017239,Comparison,@CHEMICAL_Docetaxel,@CHEMICAL_Paclitaxel,{'18300801'},['0.7223'],"('@CHEMICAL_Docetaxel', 'Comparison', '@CHEMICAL_Paclitaxel')"
D017239,D001064,Positive_Correlation,@CHEMICAL_Paclitaxel,@DISEASE_Appendicitis,{'18300801'},['0.976'],"('@CHEMICAL_Paclitaxel', 'Positive_Correlation', '@DISEASE_Appendicitis')"
D000077143,D001943,Negative_Correlation,@CHEMICAL_Docetaxel,@DISEASE_Breast_Neoplasms,{'18300801'},['0.9975'],"('@CHEMICAL_Docetaxel', 'Negative_Correlation', '@DISEASE_Breast_Neoplasms')"
D000468,D019342,Positive_Correlation,@CHEMICAL_Alkalies,@CHEMICAL_Acetic_Acid,{'24466168'},['0.9437'],"('@CHEMICAL_Alkalies', 'Positive_Correlation', '@CHEMICAL_Acetic_Acid')"
D006713,D019342,Association,@CHEMICAL_Homogentisic_Acid,@CHEMICAL_Acetic_Acid,{'24466168'},['0.3715'],"('@CHEMICAL_Homogentisic_Acid', 'Association', '@CHEMICAL_Acetic_Acid')"
C004532,D000468,Positive_Correlation,@CHEMICAL_quinone,@CHEMICAL_Alkalies,{'24466168'},['0.5823'],"('@CHEMICAL_quinone', 'Positive_Correlation', '@CHEMICAL_Alkalies')"
D000468,D000474,Negative_Correlation,@CHEMICAL_Alkalies,@DISEASE_Alkaptonuria,{'24466168'},['0.9808'],"('@CHEMICAL_Alkalies', 'Negative_Correlation', '@DISEASE_Alkaptonuria')"
C004532,D006713,Association,@CHEMICAL_quinone,@CHEMICAL_Homogentisic_Acid,"{'11185987', '24466168'}","['0.5025', '0.9967']","('@CHEMICAL_quinone', 'Association', '@CHEMICAL_Homogentisic_Acid')"
D000468,D006713,Positive_Correlation,@CHEMICAL_Alkalies,@CHEMICAL_Homogentisic_Acid,{'24466168'},['0.6159'],"('@CHEMICAL_Alkalies', 'Positive_Correlation', '@CHEMICAL_Homogentisic_Acid')"
D004128,D007662,Positive_Correlation,@CHEMICAL_Dimethylnitrosamine,@DISEASE_Ketosis,{'35530404'},['0.8793'],"('@CHEMICAL_Dimethylnitrosamine', 'Positive_Correlation', '@DISEASE_Ketosis')"
D019820,D007662,Positive_Correlation,@CHEMICAL_Xanthine,@DISEASE_Ketosis,{'35530404'},['0.9934'],"('@CHEMICAL_Xanthine', 'Positive_Correlation', '@DISEASE_Ketosis')"
C030691,D007662,Positive_Correlation,@CHEMICAL_gluconic_acid,@DISEASE_Ketosis,{'35530404'},['0.9821'],"('@CHEMICAL_gluconic_acid', 'Positive_Correlation', '@DISEASE_Ketosis')"
C032538,D007662,Positive_Correlation,@CHEMICAL_4_cresol,@DISEASE_Ketosis,{'35530404'},['0.9882'],"('@CHEMICAL_4_cresol', 'Positive_Correlation', '@DISEASE_Ketosis')"
C030737,D007662,Positive_Correlation,@CHEMICAL_indoleacetic_acid,@DISEASE_Ketosis,{'35530404'},['0.9984'],"('@CHEMICAL_indoleacetic_acid', 'Positive_Correlation', '@DISEASE_Ketosis')"
D000117,D007662,Positive_Correlation,@CHEMICAL_Acetylglucosamine,@DISEASE_Ketosis,{'35530404'},['0.9937'],"('@CHEMICAL_Acetylglucosamine', 'Positive_Correlation', '@DISEASE_Ketosis')"
D005841,D007662,Positive_Correlation,@CHEMICAL_Gentisates,@DISEASE_Ketosis,{'35530404'},['0.9627'],"('@CHEMICAL_Gentisates', 'Positive_Correlation', '@DISEASE_Ketosis')"
D013806,D007662,Positive_Correlation,@CHEMICAL_Theophylline,@DISEASE_Ketosis,{'35530404'},['0.7359'],"('@CHEMICAL_Theophylline', 'Positive_Correlation', '@DISEASE_Ketosis')"
D000085,D007662,Positive_Correlation,@CHEMICAL_Acetates,@DISEASE_Ketosis,{'35530404'},['0.9219'],"('@CHEMICAL_Acetates', 'Positive_Correlation', '@DISEASE_Ketosis')"
C016635,D007662,Positive_Correlation,@CHEMICAL_acetoacetic_acid,@DISEASE_Ketosis,{'35530404'},['0.9991'],"('@CHEMICAL_acetoacetic_acid', 'Positive_Correlation', '@DISEASE_Ketosis')"
D019855,D007662,Positive_Correlation,@CHEMICAL_Ethylene_Glycol,@DISEASE_Ketosis,{'35530404'},['0.8666'],"('@CHEMICAL_Ethylene_Glycol', 'Positive_Correlation', '@DISEASE_Ketosis')"
D011736,D007662,Positive_Correlation,@CHEMICAL_Pyridoxine,@DISEASE_Ketosis,{'35530404'},['0.9468'],"('@CHEMICAL_Pyridoxine', 'Positive_Correlation', '@DISEASE_Ketosis')"
D006000,D007662,Positive_Correlation,@CHEMICAL_Glycocholic_Acid,@DISEASE_Ketosis,{'35530404'},['0.9247'],"('@CHEMICAL_Glycocholic_Acid', 'Positive_Correlation', '@DISEASE_Ketosis')"
D019289,D007662,Positive_Correlation,@CHEMICAL_Pyruvic_Acid,@DISEASE_Ketosis,{'35530404'},['0.9784'],"('@CHEMICAL_Pyruvic_Acid', 'Positive_Correlation', '@DISEASE_Ketosis')"
D005690,D007662,Positive_Correlation,@CHEMICAL_Galactose,@DISEASE_Ketosis,{'35530404'},['0.9972'],"('@CHEMICAL_Galactose', 'Positive_Correlation', '@DISEASE_Ketosis')"
D008320,D007662,Positive_Correlation,@CHEMICAL_Maltose,@DISEASE_Ketosis,{'35530404'},['0.6903'],"('@CHEMICAL_Maltose', 'Positive_Correlation', '@DISEASE_Ketosis')"
D006713,D007662,Positive_Correlation,@CHEMICAL_Homogentisic_Acid,@DISEASE_Ketosis,{'35530404'},['0.9743'],"('@CHEMICAL_Homogentisic_Acid', 'Positive_Correlation', '@DISEASE_Ketosis')"
D012266,D007662,Positive_Correlation,@CHEMICAL_Ribose,@DISEASE_Ketosis,{'35530404'},['0.8535'],"('@CHEMICAL_Ribose', 'Positive_Correlation', '@DISEASE_Ketosis')"
C005072,D064726,Association,@CHEMICAL_5_doxylstearic_acid,@DISEASE_Triple_Negative_Breast_Neoplasms,{'18670357'},['0.6185'],"('@CHEMICAL_5_doxylstearic_acid', 'Association', '@DISEASE_Triple_Negative_Breast_Neoplasms')"
D001471,891,Association,@DISEASE_Barrett_Esophagus,@GENE_CCNB1,{'11815979'},['0.9995'],"('@DISEASE_Barrett_Esophagus', 'Association', '@GENE_CCNB1')"
D008228,891,Positive_Correlation,@DISEASE_Lymphoma_Non_Hodgkin,@GENE_CCNB1,{'11815979'},['0.8872'],"('@DISEASE_Lymphoma_Non_Hodgkin', 'Positive_Correlation', '@GENE_CCNB1')"
D008679,891,Association,@DISEASE_Metaplasia,@GENE_CCNB1,{'11815979'},['0.999'],"('@DISEASE_Metaplasia', 'Association', '@GENE_CCNB1')"
D000077150,D015179,Negative_Correlation,@CHEMICAL_Oxaliplatin,@DISEASE_Colorectal_Neoplasms,{'35884583'},['0.9909'],"('@CHEMICAL_Oxaliplatin', 'Negative_Correlation', '@DISEASE_Colorectal_Neoplasms')"
C020804,D006713,Positive_Correlation,@CHEMICAL_succinylacetone,@CHEMICAL_Homogentisic_Acid,"{'9305902', '10665936', '7246125', '4064334'}","['0.9451', '0.9994', '0.9985', '0.6941']","('@CHEMICAL_succinylacetone', 'Positive_Correlation', '@CHEMICAL_Homogentisic_Acid')"
D006713,D005198,Positive_Correlation,@CHEMICAL_Homogentisic_Acid,@DISEASE_Fanconi_Syndrome,"{'10665936', '17513424', '12137232'}","['0.9927', '0.9149', '0.9899']","('@CHEMICAL_Homogentisic_Acid', 'Positive_Correlation', '@DISEASE_Fanconi_Syndrome')"
C537510,14085,Association,@DISEASE_Kozlowski_Tsuruta_Taki_syndrome,@GENE_FAH,"{'10665936', '7568087', '12137232'}","['0.9975', '0.9991', '0.9952']","('@DISEASE_Kozlowski_Tsuruta_Taki_syndrome', 'Association', '@GENE_FAH')"
D030342,14085,Association,@DISEASE_Genetic_Diseases_Inborn,@GENE_FAH,"{'10665936', '12137232'}","['0.5017', '0.9835']","('@DISEASE_Genetic_Diseases_Inborn', 'Association', '@GENE_FAH')"
D006713,15445,Bind,@CHEMICAL_Homogentisic_Acid,@GENE_HPD,{'10665936'},['0.748'],"('@CHEMICAL_Homogentisic_Acid', 'Bind', '@GENE_HPD')"
D030342,15445,Association,@DISEASE_Genetic_Diseases_Inborn,@GENE_HPD,"{'10665936', '28128559', '12137232'}","['0.9593', '0.9902', '0.9841']","('@DISEASE_Genetic_Diseases_Inborn', 'Association', '@GENE_HPD')"
D006713,14085,Association,@CHEMICAL_Homogentisic_Acid,@GENE_FAH,"{'9305902', '10665936', '15327392'}","['0.9839', '0.8708', '0.9958']","('@CHEMICAL_Homogentisic_Acid', 'Association', '@GENE_FAH')"
14085,15445,Bind,@GENE_FAH,@GENE_HPD,{'10665936'},['0.8866'],"('@GENE_FAH', 'Bind', '@GENE_HPD')"
D006713,D007674,Positive_Correlation,@CHEMICAL_Homogentisic_Acid,@DISEASE_Kidney_Diseases,"{'25130113', '16492973'}","['0.999', '0.6119']","('@CHEMICAL_Homogentisic_Acid', 'Positive_Correlation', '@DISEASE_Kidney_Diseases')"
C077073,2184,Negative_Correlation,@CHEMICAL_nitisinone,@GENE_FAH,"{'36295804', '16492973', '15327392'}","['0.9989', '0.9962', '0.9991']","('@CHEMICAL_nitisinone', 'Negative_Correlation', '@GENE_FAH')"
C077073,D007674,Positive_Correlation,@CHEMICAL_nitisinone,@DISEASE_Kidney_Diseases,{'16492973'},['0.964'],"('@CHEMICAL_nitisinone', 'Positive_Correlation', '@DISEASE_Kidney_Diseases')"
C105171,2184,Association,@CHEMICAL_fumarylacetoacetate,@GENE_FAH,"{'9305902', '16492973'}","['0.4608', '0.9385']","('@CHEMICAL_fumarylacetoacetate', 'Association', '@GENE_FAH')"
D014443,D056486,Positive_Correlation,@CHEMICAL_Tyrosine,@DISEASE_Chemical_and_Drug_Induced_Liver_Injury,"{'12052898', '16492973'}","['0.9992', '0.9992']","('@CHEMICAL_Tyrosine', 'Positive_Correlation', '@DISEASE_Chemical_and_Drug_Induced_Liver_Injury')"
C077073,C105171,Negative_Correlation,@CHEMICAL_nitisinone,@CHEMICAL_fumarylacetoacetate,{'16492973'},['0.996'],"('@CHEMICAL_nitisinone', 'Negative_Correlation', '@CHEMICAL_fumarylacetoacetate')"
D006713,D052256,Negative_Correlation,@CHEMICAL_Homogentisic_Acid,@DISEASE_Tendinopathy,{'26620992'},['0.9941'],"('@CHEMICAL_Homogentisic_Acid', 'Negative_Correlation', '@DISEASE_Tendinopathy')"
D006713,D002357,Positive_Correlation,@CHEMICAL_Homogentisic_Acid,@DISEASE_Cartilage_Diseases,"{'19765774', '33651519', '26620992', '6524111'}","['0.9985', '0.9984', '0.7082', '0.8923']","('@CHEMICAL_Homogentisic_Acid', 'Positive_Correlation', '@DISEASE_Cartilage_Diseases')"
D011782,84842,Association,@DISEASE_Quadriplegia,@GENE_HPDL,{'33970200'},"['0.9996', '0.9988']","('@DISEASE_Quadriplegia', 'Association', '@GENE_HPDL')"
100682260,84842,Bind,@GENE_HPPD,@GENE_HPDL,{'33970200'},['0.9651'],"('@GENE_HPPD', 'Bind', '@GENE_HPDL')"
D028361,84842,Association,@DISEASE_Mitochondrial_Diseases,@GENE_HPDL,{'33970200'},['0.9997'],"('@DISEASE_Mitochondrial_Diseases', 'Association', '@GENE_HPDL')"
D015419,84842,Association,@DISEASE_Spastic_Paraplegia_Hereditary,@GENE_HPDL,{'33970200'},"['0.9996', '0.9974']","('@DISEASE_Spastic_Paraplegia_Hereditary', 'Association', '@GENE_HPDL')"
D020271,84842,Association,@DISEASE_Heredodegenerative_Disorders_Nervous_System,@GENE_HPDL,{'33970200'},['0.9997'],"('@DISEASE_Heredodegenerative_Disorders_Nervous_System', 'Association', '@GENE_HPDL')"
D002658,84842,Association,@DISEASE_Developmental_Disabilities,@GENE_HPDL,{'33970200'},['0.9996'],"('@DISEASE_Developmental_Disabilities', 'Association', '@GENE_HPDL')"
D006713,C531762,Positive_Correlation,@CHEMICAL_Homogentisic_Acid,@DISEASE_Alkaptonuric_ochronosis,"{'31175484', '1495952', '39399636'}","['0.9011', '0.9076', '0.4482']","('@CHEMICAL_Homogentisic_Acid', 'Positive_Correlation', '@DISEASE_Alkaptonuric_ochronosis')"
D006713,D010004,Positive_Correlation,@CHEMICAL_Homogentisic_Acid,@DISEASE_Osteoarthropathy_Primary_Hypertrophic,"{'22127706', '36376482', '38453957', '25940034', '32202644', '31503358', '25003018', '28028161', '40648787'}","['0.9987', '0.8769', '0.9989', '0.8993', '0.9985', '0.76', '0.9984', '0.9923', '0.9968']","('@CHEMICAL_Homogentisic_Acid', 'Positive_Correlation', '@DISEASE_Osteoarthropathy_Primary_Hypertrophic')"
D001663,D009369,Positive_Correlation,@CHEMICAL_Bilirubin,@DISEASE_Neoplasms,{'23442830'},['0.9985'],"('@CHEMICAL_Bilirubin', 'Positive_Correlation', '@DISEASE_Neoplasms')"
D009369,6794,Association,@DISEASE_Neoplasms,@GENE_STK11,{'40641327'},['0.9993'],"('@DISEASE_Neoplasms', 'Association', '@GENE_STK11')"
D004314,3845,Association,@DISEASE_Down_Syndrome,@GENE_KRAS,{'40641327'},['0.9833'],"('@DISEASE_Down_Syndrome', 'Association', '@GENE_KRAS')"
D004314,6794,Association,@DISEASE_Down_Syndrome,@GENE_STK11,{'40641327'},['0.9993'],"('@DISEASE_Down_Syndrome', 'Association', '@GENE_STK11')"
D009361,6794,Association,@DISEASE_Neoplasm_Invasiveness,@GENE_STK11,{'40641327'},['0.9983'],"('@DISEASE_Neoplasm_Invasiveness', 'Association', '@GENE_STK11')"
D008207,6794,Association,@DISEASE_Lymphatic_Metastasis,@GENE_STK11,{'40641327'},['0.9981'],"('@DISEASE_Lymphatic_Metastasis', 'Association', '@GENE_STK11')"
D063646,3845,Association,@DISEASE_Carcinogenesis,@GENE_KRAS,{'40641327'},['0.9996'],"('@DISEASE_Carcinogenesis', 'Association', '@GENE_KRAS')"
D001650,6794,Association,@DISEASE_Bile_Duct_Neoplasms,@GENE_STK11,{'40641327'},['0.9562'],"('@DISEASE_Bile_Duct_Neoplasms', 'Association', '@GENE_STK11')"
D006713,D009569,Positive_Correlation,@CHEMICAL_Homogentisic_Acid,@CHEMICAL_Nitric_Oxide,{'39351877'},['0.9994'],"('@CHEMICAL_Homogentisic_Acid', 'Positive_Correlation', '@CHEMICAL_Nitric_Oxide')"
D006713,5743,Positive_Correlation,@CHEMICAL_Homogentisic_Acid,@GENE_PTGS2,{'39351877'},['0.9994'],"('@CHEMICAL_Homogentisic_Acid', 'Positive_Correlation', '@GENE_PTGS2')"
D006713,D017382,Positive_Correlation,@CHEMICAL_Homogentisic_Acid,@CHEMICAL_Reactive_Oxygen_Species,"{'39351877', '38702025'}","['0.9992', '0.9212']","('@CHEMICAL_Homogentisic_Acid', 'Positive_Correlation', '@CHEMICAL_Reactive_Oxygen_Species')"
D009569,D007249,Positive_Correlation,@CHEMICAL_Nitric_Oxide,@DISEASE_Inflammation,{'39351877'},['0.9763'],"('@CHEMICAL_Nitric_Oxide', 'Positive_Correlation', '@DISEASE_Inflammation')"
D007249,5743,Association,@DISEASE_Inflammation,@GENE_PTGS2,"{'22397398', '39351877'}","['0.9664', '0.9995']","('@DISEASE_Inflammation', 'Association', '@GENE_PTGS2')"
D009655,D006530,Association,@CHEMICAL_Octopamine,@DISEASE_Hepatorenal_Syndrome,{'36717'},['0.8734'],"('@CHEMICAL_Octopamine', 'Association', '@DISEASE_Hepatorenal_Syndrome')"
D009655,D000094724,Association,@CHEMICAL_Octopamine,@DISEASE_Idiopathic_Noncirrhotic_Portal_Hypertension,{'36717'},['0.5628'],"('@CHEMICAL_Octopamine', 'Association', '@DISEASE_Idiopathic_Noncirrhotic_Portal_Hypertension')"
D009655,D006501,Association,@CHEMICAL_Octopamine,@DISEASE_Hepatic_Encephalopathy,{'36717'},['0.4993'],"('@CHEMICAL_Octopamine', 'Association', '@DISEASE_Hepatic_Encephalopathy')"
D002245,D014443,Association,@CHEMICAL_Carbon_Dioxide,@CHEMICAL_Tyrosine,{'36717'},['0.9053'],"('@CHEMICAL_Carbon_Dioxide', 'Association', '@CHEMICAL_Tyrosine')"
D014439,D014443,Association,@CHEMICAL_Tyramine,@CHEMICAL_Tyrosine,{'36717'},['0.946'],"('@CHEMICAL_Tyramine', 'Association', '@CHEMICAL_Tyrosine')"
D009655,D014443,Association,@CHEMICAL_Octopamine,@CHEMICAL_Tyrosine,{'36717'},['0.466'],"('@CHEMICAL_Octopamine', 'Association', '@CHEMICAL_Tyrosine')"
D006713,D020739,Association,@CHEMICAL_Homogentisic_Acid,@DISEASE_Brain_Diseases_Metabolic_Inborn,{'11958438'},['0.8677'],"('@CHEMICAL_Homogentisic_Acid', 'Association', '@DISEASE_Brain_Diseases_Metabolic_Inborn')"
D006713,D000014,Association,@CHEMICAL_Homogentisic_Acid,@DISEASE_Abnormalities_Drug_Induced,{'11958438'},['0.5172'],"('@CHEMICAL_Homogentisic_Acid', 'Association', '@DISEASE_Abnormalities_Drug_Induced')"
C077073,D009386,Negative_Correlation,@CHEMICAL_nitisinone,@DISEASE_Neoplastic_Syndromes_Hereditary,"{'36295804', '32083330', '33000720', '38487984', '36465977', '25266991', '23430917'}","['0.998', '0.9988', '0.999', '0.9982', '0.9987', '0.9981', '0.9992']","('@CHEMICAL_nitisinone', 'Negative_Correlation', '@DISEASE_Neoplastic_Syndromes_Hereditary')"
D006713,D004194,Positive_Correlation,@CHEMICAL_Homogentisic_Acid,@DISEASE_Disease,{'33000720'},['0.3349'],"('@CHEMICAL_Homogentisic_Acid', 'Positive_Correlation', '@DISEASE_Disease')"
D015179,1956,Association,@DISEASE_Colorectal_Neoplasms,@GENE_EGFR,{'28157706'},['0.5511'],"('@DISEASE_Colorectal_Neoplasms', 'Association', '@GENE_EGFR')"
D000236,1956,Positive_Correlation,@DISEASE_Adenoma,@GENE_EGFR,{'28157706'},['0.7741'],"('@DISEASE_Adenoma', 'Positive_Correlation', '@GENE_EGFR')"
D008228,1956,Positive_Correlation,@DISEASE_Lymphoma_Non_Hodgkin,@GENE_EGFR,"{'28157706', '21157443', '27559738'}","['0.9896', '0.999', '0.8912']","('@DISEASE_Lymphoma_Non_Hodgkin', 'Positive_Correlation', '@GENE_EGFR')"
D015792,1956,Positive_Correlation,@DISEASE_Retinal_Dysplasia,@GENE_EGFR,"{'28157706', '27559738'}","['0.8149', '0.9966']","('@DISEASE_Retinal_Dysplasia', 'Positive_Correlation', '@GENE_EGFR')"
D018253,1956,Positive_Correlation,@DISEASE_Adenoma_Villous,@GENE_EGFR,{'28157706'},['0.5347'],"('@DISEASE_Adenoma_Villous', 'Positive_Correlation', '@GENE_EGFR')"
D000082242,1956,Positive_Correlation,@DISEASE_Kimura_Disease,@GENE_EGFR,{'28157706'},['0.8875'],"('@DISEASE_Kimura_Disease', 'Positive_Correlation', '@GENE_EGFR')"
D009369,1956,Positive_Correlation,@DISEASE_Neoplasms,@GENE_EGFR,{'28157706'},['0.7386'],"('@DISEASE_Neoplasms', 'Positive_Correlation', '@GENE_EGFR')"
D063646,1956,Association,@DISEASE_Carcinogenesis,@GENE_EGFR,{'28157706'},['0.9993'],"('@DISEASE_Carcinogenesis', 'Association', '@GENE_EGFR')"
C010590,D009584,Association,@CHEMICAL_4_hydroxyphenylpyruvic_acid,@CHEMICAL_Nitrogen,{'5144718'},['0.9879'],"('@CHEMICAL_4_hydroxyphenylpyruvic_acid', 'Association', '@CHEMICAL_Nitrogen')"
D009369,60505,Negative_Correlation,@DISEASE_Neoplasms,@GENE_IL21,{'16849579'},['0.8754'],"('@DISEASE_Neoplasms', 'Negative_Correlation', '@GENE_IL21')"
D006418,D009249,Bind,@CHEMICAL_Heme,@CHEMICAL_NADP,{'40450052'},['0.6424'],"('@CHEMICAL_Heme', 'Bind', '@CHEMICAL_NADP')"
C005756,D006713,Bind,@CHEMICAL_2_hydroxyphenylacetic_acid,@CHEMICAL_Homogentisic_Acid,{'40450052'},['0.8887'],"('@CHEMICAL_2_hydroxyphenylacetic_acid', 'Bind', '@CHEMICAL_Homogentisic_Acid')"
D024502,732837,Association,@CHEMICAL_alpha_Tocopherol,@GENE_LOC732837,{'23733887'},['0.9871'],"('@CHEMICAL_alpha_Tocopherol', 'Association', '@GENE_LOC732837')"
D005680,D024505,Association,@CHEMICAL_gamma_Aminobutyric_Acid,@CHEMICAL_Tocopherols,{'40408812'},['0.8583'],"('@CHEMICAL_gamma_Aminobutyric_Acid', 'Association', '@CHEMICAL_Tocopherols')"
D024505,100682260,Association,@CHEMICAL_Tocopherols,@GENE_HPPD,{'40408812'},['0.916'],"('@CHEMICAL_Tocopherols', 'Association', '@GENE_HPPD')"
D004875,D024505,Positive_Correlation,@CHEMICAL_Ergosterol,@CHEMICAL_Tocopherols,{'40408812'},['0.9575'],"('@CHEMICAL_Ergosterol', 'Positive_Correlation', '@CHEMICAL_Tocopherols')"
D004875,D008798,Association,@CHEMICAL_Ergosterol,@CHEMICAL_Mevalonic_Acid,{'40408812'},['0.8879'],"('@CHEMICAL_Ergosterol', 'Association', '@CHEMICAL_Mevalonic_Acid')"
C002963,D008798,Association,@CHEMICAL_geranylgeranyl_pyrophosphate,@CHEMICAL_Mevalonic_Acid,{'40408812'},['0.6366'],"('@CHEMICAL_geranylgeranyl_pyrophosphate', 'Association', '@CHEMICAL_Mevalonic_Acid')"
C000723335,D000596,Association,@CHEMICAL_shikimate,@CHEMICAL_Amino_Acids,{'40408812'},['0.9965'],"('@CHEMICAL_shikimate', 'Association', '@CHEMICAL_Amino_Acids')"
D024505,4597,Association,@CHEMICAL_Tocopherols,@GENE_MVD,{'40408812'},['0.9958'],"('@CHEMICAL_Tocopherols', 'Association', '@GENE_MVD')"
C000723335,D005680,Association,@CHEMICAL_shikimate,@CHEMICAL_gamma_Aminobutyric_Acid,{'40408812'},['0.995'],"('@CHEMICAL_shikimate', 'Association', '@CHEMICAL_gamma_Aminobutyric_Acid')"
D024505,9453,Association,@CHEMICAL_Tocopherols,@GENE_GGPS1,{'40408812'},['0.9651'],"('@CHEMICAL_Tocopherols', 'Association', '@GENE_GGPS1')"
D024505,2224,Association,@CHEMICAL_Tocopherols,@GENE_FDPS,{'40408812'},['0.998'],"('@CHEMICAL_Tocopherols', 'Association', '@GENE_FDPS')"
D005680,D006713,Association,@CHEMICAL_gamma_Aminobutyric_Acid,@CHEMICAL_Homogentisic_Acid,{'40408812'},['0.9298'],"('@CHEMICAL_gamma_Aminobutyric_Acid', 'Association', '@CHEMICAL_Homogentisic_Acid')"
D018771,##p.G372A,Positive_Correlation,@DISEASE_Arthralgia,,{'31927521'},"['0.947', '0.7346', '0.9344', '0.9428', '0.9563', '0.9186', '0.9472', '0.9536']","('@DISEASE_Arthralgia', 'Positive_Correlation', None)"
##c.656_657insAATCAA,D018771,Association,,@DISEASE_Arthralgia,{'31927521'},['0.4849'],"(None, 'Association', '@DISEASE_Arthralgia')"
D001205,##p.N219S,Negative_Correlation,@CHEMICAL_Ascorbic_Acid,,{'31927521'},"['0.9809', '0.9637', '0.9674', '0.9665', '0.9702', '0.9761', '0.9814', '0.9573', '0.9898']","('@CHEMICAL_Ascorbic_Acid', 'Negative_Correlation', None)"
D000474,##p.N219S,Positive_Correlation,@DISEASE_Alkaptonuria,,{'31927521'},"['0.9052', '0.9164', '0.9008', '0.8709', '0.7842', '0.8114', '0.6625', '0.8588']","('@DISEASE_Alkaptonuria', 'Positive_Correlation', None)"
D001205,C562942,Negative_Correlation,@CHEMICAL_Ascorbic_Acid,@DISEASE_Aortic_Valve_Calcification_of,{'31927521'},['0.81'],"('@CHEMICAL_Ascorbic_Acid', 'Negative_Correlation', '@DISEASE_Aortic_Valve_Calcification_of')"
D006713,D016227,Association,@CHEMICAL_Homogentisic_Acid,@CHEMICAL_Benzoquinones,{'31927521'},['0.5513'],"('@CHEMICAL_Homogentisic_Acid', 'Association', '@CHEMICAL_Benzoquinones')"
D006713,D008543,Positive_Correlation,@CHEMICAL_Homogentisic_Acid,@CHEMICAL_Melanins,"{'31927521', '33774429', '21813063', '20601653', '23486607', '26025898'}","['0.419', '0.7258', '0.5418', '0.9994', '0.8439', '0.9896']","('@CHEMICAL_Homogentisic_Acid', 'Positive_Correlation', '@CHEMICAL_Melanins')"
D001205,D018771,Negative_Correlation,@CHEMICAL_Ascorbic_Acid,@DISEASE_Arthralgia,"{'31927521', '12542920'}","['0.7205', '0.999']","('@CHEMICAL_Ascorbic_Acid', 'Negative_Correlation', '@DISEASE_Arthralgia')"
D008543,D016227,Association,@CHEMICAL_Melanins,@CHEMICAL_Benzoquinones,{'31927521'},['0.5865'],"('@CHEMICAL_Melanins', 'Association', '@CHEMICAL_Benzoquinones')"
D001205,D006417,Negative_Correlation,@CHEMICAL_Ascorbic_Acid,@DISEASE_Hematuria,{'31927521'},['0.6936'],"('@CHEMICAL_Ascorbic_Acid', 'Negative_Correlation', '@DISEASE_Hematuria')"
D001205,D012421,Negative_Correlation,@CHEMICAL_Ascorbic_Acid,@DISEASE_Rupture,{'31927521'},['0.5784'],"('@CHEMICAL_Ascorbic_Acid', 'Negative_Correlation', '@DISEASE_Rupture')"
D006713,D008543,Negative_Correlation,@CHEMICAL_Homogentisic_Acid,@CHEMICAL_Melanins,{'34714010'},['0.4492'],"('@CHEMICAL_Homogentisic_Acid', 'Negative_Correlation', '@CHEMICAL_Melanins')"
D014443,D009794,Positive_Correlation,@CHEMICAL_Tyrosine,@DISEASE_Ochronosis,{'5938449'},['0.9257'],"('@CHEMICAL_Tyrosine', 'Positive_Correlation', '@DISEASE_Ochronosis')"
D001932,7157,Association,@DISEASE_Brain_Neoplasms,@GENE_TP53,{'11714532'},['0.9969'],"('@DISEASE_Brain_Neoplasms', 'Association', '@GENE_TP53')"
D012545,1421,Negative_Correlation,@CHEMICAL_Schiff_Bases,@GENE_CRYGD,{'28058542'},['0.9992'],"('@CHEMICAL_Schiff_Bases', 'Negative_Correlation', '@GENE_CRYGD')"
D003300,1421,Association,@CHEMICAL_Copper,@GENE_CRYGD,{'28058542'},['0.9561'],"('@CHEMICAL_Copper', 'Association', '@GENE_CRYGD')"
D003300,D002386,Association,@CHEMICAL_Copper,@DISEASE_Cataract,{'28058542'},['0.9988'],"('@CHEMICAL_Copper', 'Association', '@DISEASE_Cataract')"
D003300,D012545,Negative_Correlation,@CHEMICAL_Copper,@CHEMICAL_Schiff_Bases,{'28058542'},['0.9977'],"('@CHEMICAL_Copper', 'Negative_Correlation', '@CHEMICAL_Schiff_Bases')"
D006713,D010971,Positive_Correlation,@CHEMICAL_Homogentisic_Acid,@CHEMICAL_Plastoquinone,"{'15581571', '24272117', '24684596', '22980205', '4986835'}","['0.9892', '0.8772', '0.9781', '0.58', '0.9973']","('@CHEMICAL_Homogentisic_Acid', 'Positive_Correlation', '@CHEMICAL_Plastoquinone')"
D006713,D024505,Positive_Correlation,@CHEMICAL_Homogentisic_Acid,@CHEMICAL_Tocopherols,"{'22980205', '4986835', '24684596', '12011362'}","['0.9888', '0.5166', '0.9985', '0.5477']","('@CHEMICAL_Homogentisic_Acid', 'Positive_Correlation', '@CHEMICAL_Tocopherols')"
C002421,D006713,Positive_Correlation,@CHEMICAL_tocopherylquinone,@CHEMICAL_Homogentisic_Acid,{'4986835'},['0.9749'],"('@CHEMICAL_tocopherylquinone', 'Positive_Correlation', '@CHEMICAL_Homogentisic_Acid')"
C004532,D006713,Positive_Correlation,@CHEMICAL_quinone,@CHEMICAL_Homogentisic_Acid,"{'36006536', '4986835'}","['0.7401', '0.9896']","('@CHEMICAL_quinone', 'Positive_Correlation', '@CHEMICAL_Homogentisic_Acid')"
D002244,D017665,Association,@CHEMICAL_Carbon,@CHEMICAL_Hydroxyl_Radical,{'23941465'},['0.9262'],"('@CHEMICAL_Carbon', 'Association', '@CHEMICAL_Hydroxyl_Radical')"
D009584,D010649,Positive_Correlation,@CHEMICAL_Nitrogen,@CHEMICAL_Phenylalanine,"{'30572055', '9841783'}","['0.8392', '0.98']","('@CHEMICAL_Nitrogen', 'Positive_Correlation', '@CHEMICAL_Phenylalanine')"
C010590,C023793,Association,@CHEMICAL_4_hydroxyphenylpyruvic_acid,@CHEMICAL_pyomelanin,"{'30572055', '22046314'}","['0.6995', '0.5991']","('@CHEMICAL_4_hydroxyphenylpyruvic_acid', 'Association', '@CHEMICAL_pyomelanin')"
D008543,D010649,Association,@CHEMICAL_Melanins,@CHEMICAL_Phenylalanine,"{'30572055', '29043820'}","['0.9823', '0.9991']","('@CHEMICAL_Melanins', 'Association', '@CHEMICAL_Phenylalanine')"
C023793,D010649,Association,@CHEMICAL_pyomelanin,@CHEMICAL_Phenylalanine,"{'30572055', '31020477', '26047497'}","['0.6509', '0.6053', '0.9988']","('@CHEMICAL_pyomelanin', 'Association', '@CHEMICAL_Phenylalanine')"
D009369,4609,Association,@DISEASE_Neoplasms,@GENE_MYC,"{'34452555', '14581353', '18854267'}","['0.9987', '0.8945', '0.6932']","('@DISEASE_Neoplasms', 'Association', '@GENE_MYC')"
D009369,595,Association,@DISEASE_Neoplasms,@GENE_CCND1,"{'37747904', '14581353', '18854267'}","['0.9993', '0.9031', '0.8596']","('@DISEASE_Neoplasms', 'Association', '@GENE_CCND1')"
D000230,2626,Association,@DISEASE_Adenocarcinoma,@GENE_GATA4,"{'40490196', '14581353'}","['0.9664', '0.9949']","('@DISEASE_Adenocarcinoma', 'Association', '@GENE_GATA4')"
D009369,8445,Association,@DISEASE_Neoplasms,@GENE_DYRK2,{'14581353'},['0.9983'],"('@DISEASE_Neoplasms', 'Association', '@GENE_DYRK2')"
D000230,3480,Association,@DISEASE_Adenocarcinoma,@GENE_IGF1R,{'14581353'},['0.9693'],"('@DISEASE_Adenocarcinoma', 'Association', '@GENE_IGF1R')"
D001471,4609,Association,@DISEASE_Barrett_Esophagus,@GENE_MYC,"{'14581353', '30796604', '11894407', '26926447'}","['0.9931', '0.9916', '0.9991', '0.998']","('@DISEASE_Barrett_Esophagus', 'Association', '@GENE_MYC')"
D000230,3845,Association,@DISEASE_Adenocarcinoma,@GENE_KRAS,{'14581353'},['0.9598'],"('@DISEASE_Adenocarcinoma', 'Association', '@GENE_KRAS')"
D000230,595,Association,@DISEASE_Adenocarcinoma,@GENE_CCND1,"{'18665038', '14581353'}","['0.999', '0.8264']","('@DISEASE_Adenocarcinoma', 'Association', '@GENE_CCND1')"
D000230,898,Association,@DISEASE_Adenocarcinoma,@GENE_CCNE1,{'14581353'},['0.9942'],"('@DISEASE_Adenocarcinoma', 'Association', '@GENE_CCNE1')"
D008228,4609,Association,@DISEASE_Lymphoma_Non_Hodgkin,@GENE_MYC,"{'34452555', '14581353', '11894407'}","['0.931', '0.999', '0.9793']","('@DISEASE_Lymphoma_Non_Hodgkin', 'Association', '@GENE_MYC')"
D000230,8445,Association,@DISEASE_Adenocarcinoma,@GENE_DYRK2,{'14581353'},['0.9975'],"('@DISEASE_Adenocarcinoma', 'Association', '@GENE_DYRK2')"
D000230,4609,Association,@DISEASE_Adenocarcinoma,@GENE_MYC,"{'26926447', '14581353', '30796604', '20651033'}","['0.9981', '0.6144', '0.6789', '0.9119']","('@DISEASE_Adenocarcinoma', 'Association', '@GENE_MYC')"
D009369,3480,Association,@DISEASE_Neoplasms,@GENE_IGF1R,{'14581353'},['0.9924'],"('@DISEASE_Neoplasms', 'Association', '@GENE_IGF1R')"
D008228,898,Association,@DISEASE_Lymphoma_Non_Hodgkin,@GENE_CCNE1,{'14581353'},['0.9589'],"('@DISEASE_Lymphoma_Non_Hodgkin', 'Association', '@GENE_CCNE1')"
D001471,595,Association,@DISEASE_Barrett_Esophagus,@GENE_CCND1,"{'18665038', '14581353', '18854267', '11894407'}","['0.9298', '0.9838', '0.9995', '0.9996']","('@DISEASE_Barrett_Esophagus', 'Association', '@GENE_CCND1')"
D009369,116833,Association,@DISEASE_Neoplasms,@GENE_ANIB1,{'14581353'},['0.9992'],"('@DISEASE_Neoplasms', 'Association', '@GENE_ANIB1')"
D009369,5290,Association,@DISEASE_Neoplasms,@GENE_PIK3CA,"{'33272240', '37685923', '14581353'}","['0.9969', '0.8121', '0.9977', '0.8339']","('@DISEASE_Neoplasms', 'Association', '@GENE_PIK3CA')"
D001471,8445,Association,@DISEASE_Barrett_Esophagus,@GENE_DYRK2,{'14581353'},['0.8916'],"('@DISEASE_Barrett_Esophagus', 'Association', '@GENE_DYRK2')"
2064,2626,Association,@GENE_ERBB2,@GENE_GATA4,{'14581353'},['0.6257'],"('@GENE_ERBB2', 'Association', '@GENE_GATA4')"
D009369,207,Association,@DISEASE_Neoplasms,@GENE_AKT1,{'14581353'},['0.9991'],"('@DISEASE_Neoplasms', 'Association', '@GENE_AKT1')"
D008228,3845,Association,@DISEASE_Lymphoma_Non_Hodgkin,@GENE_KRAS,"{'38551383', '14581353', '36707261', '10595736'}","['0.9878', '0.9976', '0.9454', '0.992']","('@DISEASE_Lymphoma_Non_Hodgkin', 'Association', '@GENE_KRAS')"
D001471,3845,Association,@DISEASE_Barrett_Esophagus,@GENE_KRAS,"{'14581353', '36090744'}","['0.9643', '0.9961']","('@DISEASE_Barrett_Esophagus', 'Association', '@GENE_KRAS')"
D000230,3169,Association,@DISEASE_Adenocarcinoma,@GENE_FOXA1,{'14581353'},['0.6537'],"('@DISEASE_Adenocarcinoma', 'Association', '@GENE_FOXA1')"
D009369,3845,Association,@DISEASE_Neoplasms,@GENE_KRAS,"{'23112547', '14581353', '29525853', '33272240', '36090744'}","['0.9988', '0.9573', '0.7998', '0.9965', '0.9918', '0.9959', '0.8218']","('@DISEASE_Neoplasms', 'Association', '@GENE_KRAS')"
D000230,5290,Association,@DISEASE_Adenocarcinoma,@GENE_PIK3CA,{'14581353'},['0.9873'],"('@DISEASE_Adenocarcinoma', 'Association', '@GENE_PIK3CA')"
D009369,10630,Association,@DISEASE_Neoplasms,@GENE_PDPN,{'27899983'},['0.9986'],"('@DISEASE_Neoplasms', 'Association', '@GENE_PDPN')"
D009062,10630,Association,@DISEASE_Mouth_Neoplasms,@GENE_PDPN,{'27899983'},['0.9591'],"('@DISEASE_Mouth_Neoplasms', 'Association', '@GENE_PDPN')"
D011230,1994,Association,@DISEASE_Precancerous_Conditions,@GENE_ELAVL1,{'27899983'},['0.9997'],"('@DISEASE_Precancerous_Conditions', 'Association', '@GENE_ELAVL1')"
D009369,1994,Association,@DISEASE_Neoplasms,@GENE_ELAVL1,{'27899983'},['0.9986'],"('@DISEASE_Neoplasms', 'Association', '@GENE_ELAVL1')"
D011230,10630,Association,@DISEASE_Precancerous_Conditions,@GENE_PDPN,{'27899983'},['0.9996'],"('@DISEASE_Precancerous_Conditions', 'Association', '@GENE_PDPN')"
10630,1994,Positive_Correlation,@GENE_PDPN,@GENE_ELAVL1,{'27899983'},['0.5891'],"('@GENE_PDPN', 'Positive_Correlation', '@GENE_ELAVL1')"
D009062,1994,Association,@DISEASE_Mouth_Neoplasms,@GENE_ELAVL1,{'27899983'},['0.9935'],"('@DISEASE_Mouth_Neoplasms', 'Association', '@GENE_ELAVL1')"
C002963,D014284,Association,@CHEMICAL_geranylgeranyl_pyrophosphate,@CHEMICAL_Triiodothyronine,{'23578619'},['0.997'],"('@CHEMICAL_geranylgeranyl_pyrophosphate', 'Association', '@CHEMICAL_Triiodothyronine')"
D014284,D009358,Negative_Correlation,@CHEMICAL_Triiodothyronine,@DISEASE_Congenital_Hereditary_and_Neonatal_Diseases_and_Abnormalities,{'23578619'},['0.7606'],"('@CHEMICAL_Triiodothyronine', 'Negative_Correlation', '@DISEASE_Congenital_Hereditary_and_Neonatal_Diseases_and_Abnormalities')"
D006713,D014284,Association,@CHEMICAL_Homogentisic_Acid,@CHEMICAL_Triiodothyronine,{'23578619'},['0.9983'],"('@CHEMICAL_Homogentisic_Acid', 'Association', '@CHEMICAL_Triiodothyronine')"
C009135,D012459,Comparison,@CHEMICAL_2_3_dihydroxybenzoic_acid,@CHEMICAL_Salicylates,{'7364712'},['0.2824'],"('@CHEMICAL_2_3_dihydroxybenzoic_acid', 'Comparison', '@CHEMICAL_Salicylates')"
C038193,D019817,Association,@CHEMICAL_4_hydroxybenzoic_acid,@CHEMICAL_Benzoic_Acid,{'7364712'},['0.3296'],"('@CHEMICAL_4_hydroxybenzoic_acid', 'Association', '@CHEMICAL_Benzoic_Acid')"
C009135,C034221,Positive_Correlation,@CHEMICAL_2_3_dihydroxybenzoic_acid,@CHEMICAL_catechol,{'7364712'},['0.9596'],"('@CHEMICAL_2_3_dihydroxybenzoic_acid', 'Positive_Correlation', '@CHEMICAL_catechol')"
C009091,D019817,Association,@CHEMICAL_protocatechuic_acid,@CHEMICAL_Benzoic_Acid,{'7364712'},['0.3381'],"('@CHEMICAL_protocatechuic_acid', 'Association', '@CHEMICAL_Benzoic_Acid')"
D006713,28907,Positive_Correlation,@CHEMICAL_Homogentisic_Acid,@GENE_IGKV5_2,{'11185987'},['0.987'],"('@CHEMICAL_Homogentisic_Acid', 'Positive_Correlation', '@GENE_IGKV5_2')"
D006713,28883,Positive_Correlation,@CHEMICAL_Homogentisic_Acid,@GENE_IGKV2D_28,{'11185987'},['0.987'],"('@CHEMICAL_Homogentisic_Acid', 'Positive_Correlation', '@GENE_IGKV2D_28')"
D006713,D063646,Association,@CHEMICAL_Homogentisic_Acid,@DISEASE_Carcinogenesis,{'11185987'},['0.7894'],"('@CHEMICAL_Homogentisic_Acid', 'Association', '@DISEASE_Carcinogenesis')"
D006713,D001168,Association,@CHEMICAL_Homogentisic_Acid,@DISEASE_Arthritis,"{'8188247', '27414279', '11185987'}","['0.7836', '0.4827', '0.8381']","('@CHEMICAL_Homogentisic_Acid', 'Association', '@DISEASE_Arthritis')"
D006713,6647,Association,@CHEMICAL_Homogentisic_Acid,@GENE_SOD1,"{'11185987', '3121448'}","['0.6536', '0.9994']","('@CHEMICAL_Homogentisic_Acid', 'Association', '@GENE_SOD1')"
D006713,3048,Negative_Correlation,@CHEMICAL_Homogentisic_Acid,@GENE_HBG2,"{'11286320', '11185987'}","['0.9991', '0.9991']","('@CHEMICAL_Homogentisic_Acid', 'Negative_Correlation', '@GENE_HBG2')"
D015792,4174,Association,@DISEASE_Retinal_Dysplasia,@GENE_MCM5,{'30982210'},['0.9442'],"('@DISEASE_Retinal_Dysplasia', 'Association', '@GENE_MCM5')"
D001471,4174,Association,@DISEASE_Barrett_Esophagus,@GENE_MCM5,{'30982210'},['0.8938'],"('@DISEASE_Barrett_Esophagus', 'Association', '@GENE_MCM5')"
D000230,4174,Association,@DISEASE_Adenocarcinoma,@GENE_MCM5,{'30982210'},['0.9992'],"('@DISEASE_Adenocarcinoma', 'Association', '@GENE_MCM5')"
D012694,837168,Association,@CHEMICAL_Serine,@GENE_PDS1,{'21613226'},['0.5623'],"('@CHEMICAL_Serine', 'Association', '@GENE_PDS1')"
D000085,837168,Association,@CHEMICAL_Acetates,@GENE_PDS1,{'21613226'},['0.9991'],"('@CHEMICAL_Acetates', 'Association', '@GENE_PDS1')"
D020176,837168,Association,@DISEASE_Tyrosinemias,@GENE_PDS1,{'21613226'},['0.9997'],"('@DISEASE_Tyrosinemias', 'Association', '@GENE_PDS1')"
D010300,837168,Association,@DISEASE_Parkinson_Disease,@GENE_PDS1,{'21613226'},['0.9996'],"('@DISEASE_Parkinson_Disease', 'Association', '@GENE_PDS1')"
C010590,D005973,Association,@CHEMICAL_4_hydroxyphenylpyruvic_acid,@CHEMICAL_Glutamine,{'21613226'},['0.7389'],"('@CHEMICAL_4_hydroxyphenylpyruvic_acid', 'Association', '@CHEMICAL_Glutamine')"
D003920,25631,Association,@DISEASE_Diabetes_Mellitus,@GENE_SMAD3,{'23627095'},['0.9919'],"('@DISEASE_Diabetes_Mellitus', 'Association', '@GENE_SMAD3')"
D005355,59086,Association,@DISEASE_Fibrosis,@GENE_TGFB1,{'23627095'},['0.9452'],"('@DISEASE_Fibrosis', 'Association', '@GENE_TGFB1')"
D013311,D009223,Positive_Correlation,@CHEMICAL_Streptozocin,@DISEASE_Myotonic_Dystrophy,{'23627095'},['0.9983'],"('@CHEMICAL_Streptozocin', 'Positive_Correlation', '@DISEASE_Myotonic_Dystrophy')"
D058065,25631,Association,@DISEASE_Diabetic_Cardiomyopathies,@GENE_SMAD3,{'23627095'},['0.9358'],"('@DISEASE_Diabetic_Cardiomyopathies', 'Association', '@GENE_SMAD3')"
D005355,25631,Association,@DISEASE_Fibrosis,@GENE_SMAD3,{'23627095'},['0.9995'],"('@DISEASE_Fibrosis', 'Association', '@GENE_SMAD3')"
D003920,59086,Association,@DISEASE_Diabetes_Mellitus,@GENE_TGFB1,{'23627095'},['0.8314'],"('@DISEASE_Diabetes_Mellitus', 'Association', '@GENE_TGFB1')"
D006713,D014810,Association,@CHEMICAL_Homogentisic_Acid,@CHEMICAL_Vitamin_E,"{'36186013', '21223386', '37429412', '27660165', '12747292'}","['0.6499', '0.9525', '0.4026', '0.9702', '0.9951']","('@CHEMICAL_Homogentisic_Acid', 'Association', '@CHEMICAL_Vitamin_E')"
#3081#c.1278insC,D000474,Positive_Correlation,@VARIANT_c.1278insC_HGD_human,@DISEASE_Alkaptonuria,{'12051967'},['0.3472'],"('@VARIANT_c.1278insC_HGD_human', 'Positive_Correlation', '@DISEASE_Alkaptonuria')"
D000474,#3081#c.648G>A,Positive_Correlation,@DISEASE_Alkaptonuria,@VARIANT_c.648G>A_HGD_human,{'12051967'},['0.8273'],"('@DISEASE_Alkaptonuria', 'Positive_Correlation', '@VARIANT_c.648G>A_HGD_human')"
D009369,324,Association,@DISEASE_Neoplasms,@GENE_APC,"{'26068095', '9490271'}","['0.6789', '0.949']","('@DISEASE_Neoplasms', 'Association', '@GENE_APC')"
D005557,D001471,Association,@CHEMICAL_Formaldehyde,@DISEASE_Barrett_Esophagus,{'26068095'},['0.8827'],"('@CHEMICAL_Formaldehyde', 'Association', '@DISEASE_Barrett_Esophagus')"
D015792,1029,Association,@DISEASE_Retinal_Dysplasia,@GENE_CDKN2A,"{'18538141', '21710645', '24946975', '26068095', '18665038'}","['0.9849', '0.651', '0.9652', '0.9996', '0.9622']","('@DISEASE_Retinal_Dysplasia', 'Association', '@GENE_CDKN2A')"
D001471,324,Association,@DISEASE_Barrett_Esophagus,@GENE_APC,"{'26068095', '16855398', '11338478'}","['0.9996', '0.7779', '0.9994']","('@DISEASE_Barrett_Esophagus', 'Association', '@GENE_APC')"
D001471,1029,Association,@DISEASE_Barrett_Esophagus,@GENE_CDKN2A,"{'18538141', '26068095', '18665038', '15824739'}","['0.9996', '0.9995', '0.9964', '0.9997']","('@DISEASE_Barrett_Esophagus', 'Association', '@GENE_CDKN2A')"
D009369,1029,Association,@DISEASE_Neoplasms,@GENE_CDKN2A,"{'18538141', '15824739', '9490271', '18854267', '26068095'}","['0.9954', '0.9388', '0.925', '0.9708', '0.9969']","('@DISEASE_Neoplasms', 'Association', '@GENE_CDKN2A')"
D000086382,43740568,Association,@DISEASE_COVID_19,@GENE_S,{'35447081'},['0.9966'],"('@DISEASE_COVID_19', 'Association', '@GENE_S')"
D001471,79589,Association,@DISEASE_Barrett_Esophagus,@GENE_RNF128,"{'31715145', '36090744'}","['0.9997', '0.9535']","('@DISEASE_Barrett_Esophagus', 'Association', '@GENE_RNF128')"
D019821,D000230,Negative_Correlation,@CHEMICAL_Simvastatin,@DISEASE_Adenocarcinoma,{'31715145'},['0.9376'],"('@CHEMICAL_Simvastatin', 'Negative_Correlation', '@DISEASE_Adenocarcinoma')"
D001471,472,Association,@DISEASE_Barrett_Esophagus,@GENE_ATM,{'31715145'},['0.9958'],"('@DISEASE_Barrett_Esophagus', 'Association', '@GENE_ATM')"
100420631,2932,Association,@GENE_BTRCP1,@GENE_GSK3B,{'31715145'},['0.9632'],"('@GENE_BTRCP1', 'Association', '@GENE_GSK3B')"
7157,79589,Association,@GENE_TP53,@GENE_RNF128,"{'31715145', '36090744'}","['0.7762', '0.997']","('@GENE_TP53', 'Association', '@GENE_RNF128')"
D001471,10209,Association,@DISEASE_Barrett_Esophagus,@GENE_EIF1,{'31715145'},['0.9987'],"('@DISEASE_Barrett_Esophagus', 'Association', '@GENE_EIF1')"
D000230,472,Positive_Correlation,@DISEASE_Adenocarcinoma,@GENE_ATM,{'31715145'},['0.7309'],"('@DISEASE_Adenocarcinoma', 'Positive_Correlation', '@GENE_ATM')"
D001471,3458,Association,@DISEASE_Barrett_Esophagus,@GENE_IFNG,{'31715145'},['0.9997'],"('@DISEASE_Barrett_Esophagus', 'Association', '@GENE_IFNG')"
D008228,79589,Association,@DISEASE_Lymphoma_Non_Hodgkin,@GENE_RNF128,{'31715145'},['0.9988'],"('@DISEASE_Lymphoma_Non_Hodgkin', 'Association', '@GENE_RNF128')"
D008228,472,Positive_Correlation,@DISEASE_Lymphoma_Non_Hodgkin,@GENE_ATM,{'31715145'},['0.999'],"('@DISEASE_Lymphoma_Non_Hodgkin', 'Positive_Correlation', '@GENE_ATM')"
100420631,7157,Association,@GENE_BTRCP1,@GENE_TP53,{'31715145'},['0.9928'],"('@GENE_BTRCP1', 'Association', '@GENE_TP53')"
D008228,10209,Association,@DISEASE_Lymphoma_Non_Hodgkin,@GENE_EIF1,{'31715145'},['0.9967'],"('@DISEASE_Lymphoma_Non_Hodgkin', 'Association', '@GENE_EIF1')"
10209,7157,Bind,@GENE_EIF1,@GENE_TP53,{'31715145'},['0.7718'],"('@GENE_EIF1', 'Bind', '@GENE_TP53')"
2932,7157,Association,@GENE_GSK3B,@GENE_TP53,{'31715145'},['0.9884'],"('@GENE_GSK3B', 'Association', '@GENE_TP53')"
D019821,D009369,Negative_Correlation,@CHEMICAL_Simvastatin,@DISEASE_Neoplasms,{'31715145'},['0.9986'],"('@CHEMICAL_Simvastatin', 'Negative_Correlation', '@DISEASE_Neoplasms')"
7157,79594,Association,@GENE_TP53,@GENE_MUL1,{'31715145'},['0.9195'],"('@GENE_TP53', 'Association', '@GENE_MUL1')"
D001471,2932,Association,@DISEASE_Barrett_Esophagus,@GENE_GSK3B,{'31715145'},['0.9982'],"('@DISEASE_Barrett_Esophagus', 'Association', '@GENE_GSK3B')"
D000230,79589,Association,@DISEASE_Adenocarcinoma,@GENE_RNF128,"{'31715145', '36090744'}","['0.9994', '0.9979']","('@DISEASE_Adenocarcinoma', 'Association', '@GENE_RNF128')"
D001471,100420631,Association,@DISEASE_Barrett_Esophagus,@GENE_BTRCP1,{'31715145'},['0.9819'],"('@DISEASE_Barrett_Esophagus', 'Association', '@GENE_BTRCP1')"
D000230,10209,Association,@DISEASE_Adenocarcinoma,@GENE_EIF1,{'31715145'},['0.9965'],"('@DISEASE_Adenocarcinoma', 'Association', '@GENE_EIF1')"
10209,3458,Positive_Correlation,@GENE_EIF1,@GENE_IFNG,{'31715145'},['0.9993'],"('@GENE_EIF1', 'Positive_Correlation', '@GENE_IFNG')"
D000474,#3081#p.W60G,Positive_Correlation,@DISEASE_Alkaptonuria,@VARIANT_p.W60G_HGD_human,{'32107984'},['0.9984'],"('@DISEASE_Alkaptonuria', 'Positive_Correlation', '@VARIANT_p.W60G_HGD_human')"
D000474,rs120074170##,Positive_Correlation,@DISEASE_Alkaptonuria,@VARIANT_p.V300G_HGD_human,"{'9529363', '32107984'}","['0.9895', '0.6185']","('@DISEASE_Alkaptonuria', 'Positive_Correlation', '@VARIANT_p.V300G_HGD_human')"
D000474,#3081#p.A122D,Positive_Correlation,@DISEASE_Alkaptonuria,@VARIANT_p.A122D_HGD_human,{'32107984'},['0.9885'],"('@DISEASE_Alkaptonuria', 'Positive_Correlation', '@VARIANT_p.A122D_HGD_human')"
D006901,D000474,Association,@CHEMICAL_Hydroxylysine,@DISEASE_Alkaptonuria,{'405402'},['0.7381'],"('@CHEMICAL_Hydroxylysine', 'Association', '@DISEASE_Alkaptonuria')"
D006713,D006901,Negative_Correlation,@CHEMICAL_Homogentisic_Acid,@CHEMICAL_Hydroxylysine,{'405402'},['0.999'],"('@CHEMICAL_Homogentisic_Acid', 'Negative_Correlation', '@CHEMICAL_Hydroxylysine')"
D010649,D014443,Cotreatment,@CHEMICAL_Phenylalanine,@CHEMICAL_Tyrosine,"{'31503358', '598439'}","['0.4162', '0.3162']","('@CHEMICAL_Phenylalanine', 'Cotreatment', '@CHEMICAL_Tyrosine')"
C077073,D010649,Negative_Correlation,@CHEMICAL_nitisinone,@CHEMICAL_Phenylalanine,"{'31503358', '34736252', '31296884'}","['0.8009', '0.9762', '0.9067']","('@CHEMICAL_nitisinone', 'Negative_Correlation', '@CHEMICAL_Phenylalanine')"
D020176,#3081#,Association,@DISEASE_Tyrosinemias,,{'31503358'},['0.9927'],"('@DISEASE_Tyrosinemias', 'Association', None)"
D014443,C562399,Positive_Correlation,@CHEMICAL_Tyrosine,@DISEASE_Corneal_Dystrophy_Band_Shaped,"{'31503358', '35028270', '39290064', '34736252'}","['0.9986', '0.9872', '0.9979', '0.9815']","('@CHEMICAL_Tyrosine', 'Positive_Correlation', '@DISEASE_Corneal_Dystrophy_Band_Shaped')"
D014443,D020176,Negative_Correlation,@CHEMICAL_Tyrosine,@DISEASE_Tyrosinemias,{'31503358'},['0.9962'],"('@CHEMICAL_Tyrosine', 'Negative_Correlation', '@DISEASE_Tyrosinemias')"
C077073,D009358,Negative_Correlation,@CHEMICAL_nitisinone,@DISEASE_Congenital_Hereditary_and_Neonatal_Diseases_and_Abnormalities,{'23430917'},['0.9836'],"('@CHEMICAL_nitisinone', 'Negative_Correlation', '@DISEASE_Congenital_Hereditary_and_Neonatal_Diseases_and_Abnormalities')"
C077073,C537537,Negative_Correlation,@CHEMICAL_nitisinone,@DISEASE_Segawa_syndrome_autosomal_recessive,"{'25266991', '23430917', '25680927'}","['0.9979', '0.9989', '0.557']","('@CHEMICAL_nitisinone', 'Negative_Correlation', '@DISEASE_Segawa_syndrome_autosomal_recessive')"
D007249,21926,Association,@DISEASE_Inflammation,@GENE_TNF,"{'36395977', '34035828'}","['0.999', '0.9682']","('@DISEASE_Inflammation', 'Association', '@GENE_TNF')"
C016866,21803,Positive_Correlation,@CHEMICAL_azimexon,@GENE_TGFB1,{'36395977'},['0.9989'],"('@CHEMICAL_azimexon', 'Positive_Correlation', '@GENE_TGFB1')"
C016866,D007249,Negative_Correlation,@CHEMICAL_azimexon,@DISEASE_Inflammation,{'36395977'},['0.9987'],"('@CHEMICAL_azimexon', 'Negative_Correlation', '@DISEASE_Inflammation')"
D007249,15978,Association,@DISEASE_Inflammation,@GENE_IFNG,{'36395977'},['0.9977'],"('@DISEASE_Inflammation', 'Association', '@GENE_IFNG')"
D007249,16153,Association,@DISEASE_Inflammation,@GENE_IL10,{'36395977'},['0.9991'],"('@DISEASE_Inflammation', 'Association', '@GENE_IL10')"
C016866,D003093,Negative_Correlation,@CHEMICAL_azimexon,@DISEASE_Colitis_Ulcerative,{'36395977'},['0.6006'],"('@CHEMICAL_azimexon', 'Negative_Correlation', '@DISEASE_Colitis_Ulcerative')"
C016866,D003092,Negative_Correlation,@CHEMICAL_azimexon,@DISEASE_Colitis,{'36395977'},['0.9977'],"('@CHEMICAL_azimexon', 'Negative_Correlation', '@DISEASE_Colitis')"
C016866,16153,Positive_Correlation,@CHEMICAL_azimexon,@GENE_IL10,{'36395977'},['0.9937'],"('@CHEMICAL_azimexon', 'Positive_Correlation', '@GENE_IL10')"
D007249,16193,Association,@DISEASE_Inflammation,@GENE_IL6,"{'37541400', '36395977'}","['0.9982', '0.9995']","('@DISEASE_Inflammation', 'Association', '@GENE_IL6')"
D055113,8794,Association,@DISEASE_Chronic_Periodontitis,@GENE_TNFRSF10C,{'25056994'},['0.999'],"('@DISEASE_Chronic_Periodontitis', 'Association', '@GENE_TNFRSF10C')"
D010518,649,Association,@DISEASE_Periodontitis,@GENE_BMP1,{'25056994'},['0.9805'],"('@DISEASE_Periodontitis', 'Association', '@GENE_BMP1')"
D055113,51199,Association,@DISEASE_Chronic_Periodontitis,@GENE_NIN,{'25056994'},['0.9966'],"('@DISEASE_Chronic_Periodontitis', 'Association', '@GENE_NIN')"
D010518,153090,Association,@DISEASE_Periodontitis,@GENE_DAB2IP,{'25056994'},['0.9991'],"('@DISEASE_Periodontitis', 'Association', '@GENE_DAB2IP')"
D010518,123720,Association,@DISEASE_Periodontitis,@GENE_WHAMM,{'25056994'},['0.9412'],"('@DISEASE_Periodontitis', 'Association', '@GENE_WHAMM')"
D055113,171392,Association,@DISEASE_Chronic_Periodontitis,@GENE_ZNF675,{'25056994'},['0.999'],"('@DISEASE_Chronic_Periodontitis', 'Association', '@GENE_ZNF675')"
D055113,123720,Association,@DISEASE_Chronic_Periodontitis,@GENE_WHAMM,{'25056994'},['0.9993'],"('@DISEASE_Chronic_Periodontitis', 'Association', '@GENE_WHAMM')"
D010518,3775,Association,@DISEASE_Periodontitis,@GENE_KCNK1,{'25056994'},['0.9992'],"('@DISEASE_Periodontitis', 'Association', '@GENE_KCNK1')"
D055113,2015,Association,@DISEASE_Chronic_Periodontitis,@GENE_ADGRE1,{'25056994'},['0.9996'],"('@DISEASE_Chronic_Periodontitis', 'Association', '@GENE_ADGRE1')"
D055113,8120,Association,@DISEASE_Chronic_Periodontitis,@GENE_AP3B2,{'25056994'},['0.9981'],"('@DISEASE_Chronic_Periodontitis', 'Association', '@GENE_AP3B2')"
D055113,3775,Association,@DISEASE_Chronic_Periodontitis,@GENE_KCNK1,{'25056994'},['0.958'],"('@DISEASE_Chronic_Periodontitis', 'Association', '@GENE_KCNK1')"
D055113,153090,Association,@DISEASE_Chronic_Periodontitis,@GENE_DAB2IP,{'25056994'},['0.8131'],"('@DISEASE_Chronic_Periodontitis', 'Association', '@GENE_DAB2IP')"
D055113,145447,Association,@DISEASE_Chronic_Periodontitis,@GENE_ABHD12B,{'25056994'},['0.998'],"('@DISEASE_Chronic_Periodontitis', 'Association', '@GENE_ABHD12B')"
D006470,2155,Negative_Correlation,@DISEASE_Hemorrhage,@GENE_F7,{'11473845'},['0.5636'],"('@DISEASE_Hemorrhage', 'Negative_Correlation', '@GENE_F7')"
C532363,D009369,Negative_Correlation,@CHEMICAL_3_(carbamoylamino)_5_(3_fluorophenyl)_N_(3_piperidyl)thiophene_2_carboxamide,@DISEASE_Neoplasms,{'20501833'},['0.6923'],"('@CHEMICAL_3_(carbamoylamino)_5_(3_fluorophenyl)_N_(3_piperidyl)thiophene_2_carboxamide', 'Negative_Correlation', '@DISEASE_Neoplasms')"
1111,472,Association,@GENE_CHEK1,@GENE_ATM,{'20501833'},['0.998'],"('@GENE_CHEK1', 'Association', '@GENE_ATM')"
C532363,D000093542,Cotreatment,@CHEMICAL_3_(carbamoylamino)_5_(3_fluorophenyl)_N_(3_piperidyl)thiophene_2_carboxamide,@CHEMICAL_Gemcitabine,{'20501833'},['0.8025'],"('@CHEMICAL_3_(carbamoylamino)_5_(3_fluorophenyl)_N_(3_piperidyl)thiophene_2_carboxamide', 'Cotreatment', '@CHEMICAL_Gemcitabine')"
C532363,11200,Negative_Correlation,@CHEMICAL_3_(carbamoylamino)_5_(3_fluorophenyl)_N_(3_piperidyl)thiophene_2_carboxamide,@GENE_CHEK2,{'20501833'},['0.8151'],"('@CHEMICAL_3_(carbamoylamino)_5_(3_fluorophenyl)_N_(3_piperidyl)thiophene_2_carboxamide', 'Negative_Correlation', '@GENE_CHEK2')"
C532363,5888,Negative_Correlation,@CHEMICAL_3_(carbamoylamino)_5_(3_fluorophenyl)_N_(3_piperidyl)thiophene_2_carboxamide,@GENE_RAD51,{'20501833'},['0.8662'],"('@CHEMICAL_3_(carbamoylamino)_5_(3_fluorophenyl)_N_(3_piperidyl)thiophene_2_carboxamide', 'Negative_Correlation', '@GENE_RAD51')"
C532363,545,Positive_Correlation,@CHEMICAL_3_(carbamoylamino)_5_(3_fluorophenyl)_N_(3_piperidyl)thiophene_2_carboxamide,@GENE_ATR,{'20501833'},['0.9966'],"('@CHEMICAL_3_(carbamoylamino)_5_(3_fluorophenyl)_N_(3_piperidyl)thiophene_2_carboxamide', 'Positive_Correlation', '@GENE_ATR')"
C532363,1111,Negative_Correlation,@CHEMICAL_3_(carbamoylamino)_5_(3_fluorophenyl)_N_(3_piperidyl)thiophene_2_carboxamide,@GENE_CHEK1,{'20501833'},['0.9993'],"('@CHEMICAL_3_(carbamoylamino)_5_(3_fluorophenyl)_N_(3_piperidyl)thiophene_2_carboxamide', 'Negative_Correlation', '@GENE_CHEK1')"
C532363,472,Positive_Correlation,@CHEMICAL_3_(carbamoylamino)_5_(3_fluorophenyl)_N_(3_piperidyl)thiophene_2_carboxamide,@GENE_ATM,{'20501833'},['0.9971'],"('@CHEMICAL_3_(carbamoylamino)_5_(3_fluorophenyl)_N_(3_piperidyl)thiophene_2_carboxamide', 'Positive_Correlation', '@GENE_ATM')"
C532363,D010190,Negative_Correlation,@CHEMICAL_3_(carbamoylamino)_5_(3_fluorophenyl)_N_(3_piperidyl)thiophene_2_carboxamide,@DISEASE_Pancreatic_Neoplasms,{'20501833'},['0.998'],"('@CHEMICAL_3_(carbamoylamino)_5_(3_fluorophenyl)_N_(3_piperidyl)thiophene_2_carboxamide', 'Negative_Correlation', '@DISEASE_Pancreatic_Neoplasms')"
D000093542,D010190,Negative_Correlation,@CHEMICAL_Gemcitabine,@DISEASE_Pancreatic_Neoplasms,{'20501833'},['0.9969'],"('@CHEMICAL_Gemcitabine', 'Negative_Correlation', '@DISEASE_Pancreatic_Neoplasms')"
C532363,993,Association,@CHEMICAL_3_(carbamoylamino)_5_(3_fluorophenyl)_N_(3_piperidyl)thiophene_2_carboxamide,@GENE_CDC25A,{'20501833'},['0.8391'],"('@CHEMICAL_3_(carbamoylamino)_5_(3_fluorophenyl)_N_(3_piperidyl)thiophene_2_carboxamide', 'Association', '@GENE_CDC25A')"
1111,545,Association,@GENE_CHEK1,@GENE_ATR,{'20501833'},['0.9656'],"('@GENE_CHEK1', 'Association', '@GENE_ATR')"
D000622,D009369,Negative_Correlation,@CHEMICAL_Aminolevulinic_Acid,@DISEASE_Neoplasms,{'17023972'},['0.997'],"('@CHEMICAL_Aminolevulinic_Acid', 'Negative_Correlation', '@DISEASE_Neoplasms')"
D000431,D005609,Positive_Correlation,@CHEMICAL_Ethanol,@CHEMICAL_Free_Radicals,{'29986138'},['0.9988'],"('@CHEMICAL_Ethanol', 'Positive_Correlation', '@CHEMICAL_Free_Radicals')"
D000431,D006713,Association,@CHEMICAL_Ethanol,@CHEMICAL_Homogentisic_Acid,{'29986138'},['0.997'],"('@CHEMICAL_Ethanol', 'Association', '@CHEMICAL_Homogentisic_Acid')"
D000431,D056486,Positive_Correlation,@CHEMICAL_Ethanol,@DISEASE_Chemical_and_Drug_Induced_Liver_Injury,{'29986138'},['0.9992'],"('@CHEMICAL_Ethanol', 'Positive_Correlation', '@DISEASE_Chemical_and_Drug_Induced_Liver_Injury')"
D005609,D006713,Negative_Correlation,@CHEMICAL_Free_Radicals,@CHEMICAL_Homogentisic_Acid,{'29986138'},['0.9698'],"('@CHEMICAL_Free_Radicals', 'Negative_Correlation', '@CHEMICAL_Homogentisic_Acid')"
D000431,D004875,Association,@CHEMICAL_Ethanol,@CHEMICAL_Ergosterol,{'29986138'},['0.9336'],"('@CHEMICAL_Ethanol', 'Association', '@CHEMICAL_Ergosterol')"
D004875,D005609,Negative_Correlation,@CHEMICAL_Ergosterol,@CHEMICAL_Free_Radicals,{'29986138'},['0.7801'],"('@CHEMICAL_Ergosterol', 'Negative_Correlation', '@CHEMICAL_Free_Radicals')"
D005609,D056486,Association,@CHEMICAL_Free_Radicals,@DISEASE_Chemical_and_Drug_Induced_Liver_Injury,{'29986138'},['0.6382'],"('@CHEMICAL_Free_Radicals', 'Association', '@DISEASE_Chemical_and_Drug_Induced_Liver_Injury')"
C077073,D065306,Positive_Correlation,@CHEMICAL_nitisinone,@DISEASE_Corneal_Injuries,{'16580702'},['0.5611'],"('@CHEMICAL_nitisinone', 'Positive_Correlation', '@DISEASE_Corneal_Injuries')"
C077073,D003316,Positive_Correlation,@CHEMICAL_nitisinone,@DISEASE_Corneal_Diseases,"{'16580702', '8975769'}","['0.9985', '0.994']","('@CHEMICAL_nitisinone', 'Positive_Correlation', '@DISEASE_Corneal_Diseases')"
C077073,D003318,Positive_Correlation,@CHEMICAL_nitisinone,@DISEASE_Corneal_Opacity,"{'16580702', '27943071'}","['0.9989', '0.9984']","('@CHEMICAL_nitisinone', 'Positive_Correlation', '@DISEASE_Corneal_Opacity')"
C025136,D018698,Negative_Correlation,@CHEMICAL_phenylacetic_acid,@CHEMICAL_Glutamic_Acid,{'10838193'},['0.9989'],"('@CHEMICAL_phenylacetic_acid', 'Negative_Correlation', '@CHEMICAL_Glutamic_Acid')"
C031606,D002331,Negative_Correlation,@CHEMICAL_phenylpyruvic_acid,@CHEMICAL_Carnitine,{'10838193'},['0.9323'],"('@CHEMICAL_phenylpyruvic_acid', 'Negative_Correlation', '@CHEMICAL_Carnitine')"
C025136,D010661,Association,@CHEMICAL_phenylacetic_acid,@DISEASE_Phenylketonurias,{'10838193'},['0.4801'],"('@CHEMICAL_phenylacetic_acid', 'Association', '@DISEASE_Phenylketonurias')"
D002331,D010661,Negative_Correlation,@CHEMICAL_Carnitine,@DISEASE_Phenylketonurias,"{'10838193', '11243724'}","['0.7407', '0.8344']","('@CHEMICAL_Carnitine', 'Negative_Correlation', '@DISEASE_Phenylketonurias')"
C025136,D002331,Negative_Correlation,@CHEMICAL_phenylacetic_acid,@CHEMICAL_Carnitine,{'10838193'},['0.9992'],"('@CHEMICAL_phenylacetic_acid', 'Negative_Correlation', '@CHEMICAL_Carnitine')"
C002889,D002331,Negative_Correlation,@CHEMICAL_gamma_butyrobetaine,@CHEMICAL_Carnitine,{'10838193'},['0.959'],"('@CHEMICAL_gamma_butyrobetaine', 'Negative_Correlation', '@CHEMICAL_Carnitine')"
C025136,D007656,Negative_Correlation,@CHEMICAL_phenylacetic_acid,@CHEMICAL_Ketoglutaric_Acids,{'10838193'},['0.9986'],"('@CHEMICAL_phenylacetic_acid', 'Negative_Correlation', '@CHEMICAL_Ketoglutaric_Acids')"
C013585,2739,Association,@CHEMICAL_S_lactoylglutathione,@GENE_GLO1,{'40650421'},['0.9578'],"('@CHEMICAL_S_lactoylglutathione', 'Association', '@GENE_GLO1')"
D001205,D013167,Negative_Correlation,@CHEMICAL_Ascorbic_Acid,@DISEASE_Spondylitis_Ankylosing,{'20726204'},['0.9883'],"('@CHEMICAL_Ascorbic_Acid', 'Negative_Correlation', '@DISEASE_Spondylitis_Ankylosing')"
D001205,D016135,Negative_Correlation,@CHEMICAL_Ascorbic_Acid,@DISEASE_Spinal_Dysraphism,{'20726204'},['0.9966'],"('@CHEMICAL_Ascorbic_Acid', 'Negative_Correlation', '@DISEASE_Spinal_Dysraphism')"
D001205,D017116,Negative_Correlation,@CHEMICAL_Ascorbic_Acid,@DISEASE_Low_Back_Pain,{'20726204'},['0.9972'],"('@CHEMICAL_Ascorbic_Acid', 'Negative_Correlation', '@DISEASE_Low_Back_Pain')"
D001205,C535531,Negative_Correlation,@CHEMICAL_Ascorbic_Acid,@DISEASE_Intervertebral_disc_disease,{'20726204'},['0.9757'],"('@CHEMICAL_Ascorbic_Acid', 'Negative_Correlation', '@DISEASE_Intervertebral_disc_disease')"
D008228,100508689,Association,@DISEASE_Lymphoma_Non_Hodgkin,@GENE_LOC100508689,"{'34420794', '23364699'}","['0.9977', '0.9132']","('@DISEASE_Lymphoma_Non_Hodgkin', 'Association', '@GENE_LOC100508689')"
D000438,D009369,Association,@CHEMICAL_Alcohols,@DISEASE_Neoplasms,{'39235559'},['0.9856'],"('@CHEMICAL_Alcohols', 'Association', '@DISEASE_Neoplasms')"
D000438,D004938,Association,@CHEMICAL_Alcohols,@DISEASE_Esophageal_Neoplasms,{'39235559'},['0.8957'],"('@CHEMICAL_Alcohols', 'Association', '@DISEASE_Esophageal_Neoplasms')"
D009853,D017323,Cotreatment,@CHEMICAL_Omeprazole,@CHEMICAL_Dihematoporphyrin_Ether,"{'17643436', '16185958'}","['0.8082', '0.8862']","('@CHEMICAL_Omeprazole', 'Cotreatment', '@CHEMICAL_Dihematoporphyrin_Ether')"
D017323,D008228,Negative_Correlation,@CHEMICAL_Dihematoporphyrin_Ether,@DISEASE_Lymphoma_Non_Hodgkin,"{'22699800', '18996379', '24222954', '17643436', '16788927', '16337389', '16185958'}","['0.9991', '0.9986', '0.9986', '0.9985', '0.9983', '0.9976', '0.9991']","('@CHEMICAL_Dihematoporphyrin_Ether', 'Negative_Correlation', '@DISEASE_Lymphoma_Non_Hodgkin')"
D009853,D008228,Negative_Correlation,@CHEMICAL_Omeprazole,@DISEASE_Lymphoma_Non_Hodgkin,"{'17643436', '16185958'}","['0.6502', '0.9982']","('@CHEMICAL_Omeprazole', 'Negative_Correlation', '@DISEASE_Lymphoma_Non_Hodgkin')"
D009853,D015792,Negative_Correlation,@CHEMICAL_Omeprazole,@DISEASE_Retinal_Dysplasia,"{'17643436', '16185958'}","['0.9292', '0.8394']","('@CHEMICAL_Omeprazole', 'Negative_Correlation', '@DISEASE_Retinal_Dysplasia')"
D017323,D015792,Negative_Correlation,@CHEMICAL_Dihematoporphyrin_Ether,@DISEASE_Retinal_Dysplasia,"{'22699800', '18996379', '24222954', '17643436', '16788927', '16185958'}","['0.9987', '0.999', '0.9987', '0.9989', '0.9991', '0.9992']","('@CHEMICAL_Dihematoporphyrin_Ether', 'Negative_Correlation', '@DISEASE_Retinal_Dysplasia')"
D009853,D001471,Negative_Correlation,@CHEMICAL_Omeprazole,@DISEASE_Barrett_Esophagus,"{'18996379', '17643436', '11293760', '16185958'}","['0.9924', '0.9664', '0.9933', '0.9978']","('@CHEMICAL_Omeprazole', 'Negative_Correlation', '@DISEASE_Barrett_Esophagus')"
D006713,D009202,Positive_Correlation,@CHEMICAL_Homogentisic_Acid,@DISEASE_Cardiomyopathies,{'39513265'},['0.7366'],"('@CHEMICAL_Homogentisic_Acid', 'Positive_Correlation', '@DISEASE_Cardiomyopathies')"
D005947,D009202,Association,@CHEMICAL_Glucose,@DISEASE_Cardiomyopathies,{'39513265'},['0.8567'],"('@CHEMICAL_Glucose', 'Association', '@DISEASE_Cardiomyopathies')"
D005355,157869,Association,@DISEASE_Fibrosis,@GENE_SBSPON,{'39513265'},['0.9966'],"('@DISEASE_Fibrosis', 'Association', '@GENE_SBSPON')"
D000409,D009202,Negative_Correlation,@CHEMICAL_Alanine,@DISEASE_Cardiomyopathies,{'39513265'},['0.9881'],"('@CHEMICAL_Alanine', 'Negative_Correlation', '@DISEASE_Cardiomyopathies')"
D009202,64759,Negative_Correlation,@DISEASE_Cardiomyopathies,@GENE_TNS3,{'39513265'},['0.5834'],"('@DISEASE_Cardiomyopathies', 'Negative_Correlation', '@GENE_TNS3')"
D009202,5350,Association,@DISEASE_Cardiomyopathies,@GENE_PLN,{'39513265'},['0.9997'],"('@DISEASE_Cardiomyopathies', 'Association', '@GENE_PLN')"
D009202,7448,Association,@DISEASE_Cardiomyopathies,@GENE_VTN,{'39513265'},['0.9633'],"('@DISEASE_Cardiomyopathies', 'Association', '@GENE_VTN')"
D019344,D009202,Negative_Correlation,@CHEMICAL_Lactic_Acid,@DISEASE_Cardiomyopathies,{'39513265'},['0.9956'],"('@CHEMICAL_Lactic_Acid', 'Negative_Correlation', '@DISEASE_Cardiomyopathies')"
D009202,157869,Association,@DISEASE_Cardiomyopathies,@GENE_SBSPON,{'39513265'},['0.9373'],"('@DISEASE_Cardiomyopathies', 'Association', '@GENE_SBSPON')"
D003840,D009202,Positive_Correlation,@CHEMICAL_Deoxycholic_Acid,@DISEASE_Cardiomyopathies,{'39513265'},['0.6431'],"('@CHEMICAL_Deoxycholic_Acid', 'Positive_Correlation', '@DISEASE_Cardiomyopathies')"
D005355,64759,Association,@DISEASE_Fibrosis,@GENE_TNS3,{'39513265'},['0.9969'],"('@DISEASE_Fibrosis', 'Association', '@GENE_TNS3')"
D002118,5350,Association,@CHEMICAL_Calcium,@GENE_PLN,{'39513265'},['0.9994'],"('@CHEMICAL_Calcium', 'Association', '@GENE_PLN')"
D002118,D009202,Association,@CHEMICAL_Calcium,@DISEASE_Cardiomyopathies,{'39513265'},['0.9808'],"('@CHEMICAL_Calcium', 'Association', '@DISEASE_Cardiomyopathies')"
D005230,D005234,Negative_Correlation,@CHEMICAL_Fatty_Acids_Nonesterified,@DISEASE_Fatty_Liver,{'38421203'},['0.6271'],"('@CHEMICAL_Fatty_Acids_Nonesterified', 'Negative_Correlation', '@DISEASE_Fatty_Liver')"
C003129,D009765,Association,@CHEMICAL_4'_phosphopantetheine,@DISEASE_Obesity,{'38421203'},['0.9681'],"(""@CHEMICAL_4'_phosphopantetheine"", 'Association', '@DISEASE_Obesity')"
C015565,D009765,Association,@CHEMICAL_tyramine_glucuronide,@DISEASE_Obesity,{'38421203'},['0.7931'],"('@CHEMICAL_tyramine_glucuronide', 'Association', '@DISEASE_Obesity')"
C100185,5007993,Association,@CHEMICAL_(all_E)_phytoene,@GENE_HST,{'8718624'},['0.9977'],"('@CHEMICAL_(all_E)_phytoene', 'Association', '@GENE_HST')"
D010971,5007993,Negative_Correlation,@CHEMICAL_Plastoquinone,@GENE_HST,{'8718624'},['0.4414'],"('@CHEMICAL_Plastoquinone', 'Negative_Correlation', '@GENE_HST')"
C100185,837168,Association,@CHEMICAL_(all_E)_phytoene,@GENE_PDS1,{'8718624'},['0.995'],"('@CHEMICAL_(all_E)_phytoene', 'Association', '@GENE_PDS1')"
D010971,837168,Association,@CHEMICAL_Plastoquinone,@GENE_PDS1,"{'9701587', '30479543', '8718624'}","['0.9696', '0.9991', '0.9978']","('@CHEMICAL_Plastoquinone', 'Association', '@GENE_PDS1')"
C100185,D010971,Association,@CHEMICAL_(all_E)_phytoene,@CHEMICAL_Plastoquinone,{'8718624'},['0.994'],"('@CHEMICAL_(all_E)_phytoene', 'Association', '@CHEMICAL_Plastoquinone')"
D024505,5007993,Negative_Correlation,@CHEMICAL_Tocopherols,@GENE_HST,{'8718624'},['0.9694'],"('@CHEMICAL_Tocopherols', 'Negative_Correlation', '@GENE_HST')"
5007993,837168,Association,@GENE_HST,@GENE_PDS1,{'8718624'},['0.9132'],"('@GENE_HST', 'Association', '@GENE_PDS1')"
D024505,837168,Association,@CHEMICAL_Tocopherols,@GENE_PDS1,"{'9701587', '8718624'}","['0.9967', '0.9564']","('@CHEMICAL_Tocopherols', 'Association', '@GENE_PDS1')"
D002338,837168,Association,@CHEMICAL_Carotenoids,@GENE_PDS1,{'8718624'},['0.9954'],"('@CHEMICAL_Carotenoids', 'Association', '@GENE_PDS1')"
D002338,D010971,Association,@CHEMICAL_Carotenoids,@CHEMICAL_Plastoquinone,"{'17569077', '8718624'}","['0.9885', '0.9989']","('@CHEMICAL_Carotenoids', 'Association', '@CHEMICAL_Plastoquinone')"
D007854,2108,Negative_Correlation,@CHEMICAL_Lead,@GENE_ETFA,{'21247988'},['0.8349'],"('@CHEMICAL_Lead', 'Negative_Correlation', '@GENE_ETFA')"
D008543,D010368,Association,@CHEMICAL_Melanins,@CHEMICAL_Pectins,{'26025898'},['0.6145'],"('@CHEMICAL_Melanins', 'Association', '@CHEMICAL_Pectins')"
C100058,D014233,Association,@CHEMICAL_vanillin,@CHEMICAL_Tricarboxylic_Acids,{'16217726'},['0.8914'],"('@CHEMICAL_vanillin', 'Association', '@CHEMICAL_Tricarboxylic_Acids')"
C031150,D008031,Association,@CHEMICAL_glyoxylic_acid,@CHEMICAL_Lignin,{'16217726'},['0.9958'],"('@CHEMICAL_glyoxylic_acid', 'Association', '@CHEMICAL_Lignin')"
D008031,D014233,Association,@CHEMICAL_Lignin,@CHEMICAL_Tricarboxylic_Acids,{'16217726'},['0.9117'],"('@CHEMICAL_Lignin', 'Association', '@CHEMICAL_Tricarboxylic_Acids')"
C031150,C100058,Association,@CHEMICAL_glyoxylic_acid,@CHEMICAL_vanillin,{'16217726'},['0.9988'],"('@CHEMICAL_glyoxylic_acid', 'Association', '@CHEMICAL_vanillin')"
C100058,D008031,Association,@CHEMICAL_vanillin,@CHEMICAL_Lignin,"{'16217726', '38789935'}","['0.9976', '0.9076']","('@CHEMICAL_vanillin', 'Association', '@CHEMICAL_Lignin')"
1600,5649,Association,@GENE_DAB1,@GENE_RELN,{'33928188'},['0.9987'],"('@GENE_DAB1', 'Association', '@GENE_RELN')"
D054220,1600,Association,@DISEASE_Malformations_of_Cortical_Development,@GENE_DAB1,{'33928188'},['0.9997'],"('@DISEASE_Malformations_of_Cortical_Development', 'Association', '@GENE_DAB1')"
C562568,1600,Association,@DISEASE_Cerebellar_Hypoplasia,@GENE_DAB1,{'33928188'},['0.9997'],"('@DISEASE_Cerebellar_Hypoplasia', 'Association', '@GENE_DAB1')"
D054082,1600,Association,@DISEASE_Lissencephaly,@GENE_DAB1,{'33928188'},['0.9997'],"('@DISEASE_Lissencephaly', 'Association', '@GENE_DAB1')"
D000474,rs781491692##,Association,@DISEASE_Alkaptonuria,@VARIANT_p.T196I_HGD_human,{'34686677'},['0.6909'],"('@DISEASE_Alkaptonuria', 'Association', '@VARIANT_p.T196I_HGD_human')"
D000474,#3081#p.G362R,Association,@DISEASE_Alkaptonuria,@VARIANT_p.G362R_HGD_human,{'34686677'},['0.7395'],"('@DISEASE_Alkaptonuria', 'Association', '@VARIANT_p.G362R_HGD_human')"
#3081#c.16_2063A>C,D000474,Association,@VARIANT_c.16_2063A>C_HGD_human,@DISEASE_Alkaptonuria,{'34686677'},['0.6011'],"('@VARIANT_c.16_2063A>C_HGD_human', 'Association', '@DISEASE_Alkaptonuria')"
D008107,15233,Association,@DISEASE_Liver_Diseases,@GENE_HGD,"{'22863619', '38565287'}","['0.9638', '0.9996']","('@DISEASE_Liver_Diseases', 'Association', '@GENE_HGD')"
C531854,15233,Association,@DISEASE_Lysosomal_acid_lipase_deficiency,@GENE_HGD,{'22863619'},['0.9983'],"('@DISEASE_Lysosomal_acid_lipase_deficiency', 'Association', '@GENE_HGD')"
C010590,D026082,Association,@CHEMICAL_4_hydroxyphenylpyruvic_acid,@CHEMICAL_Singlet_Oxygen,{'1165361'},['0.9985'],"('@CHEMICAL_4_hydroxyphenylpyruvic_acid', 'Association', '@CHEMICAL_Singlet_Oxygen')"
C009166,D001205,Comparison,@CHEMICAL_retinol_acetate,@CHEMICAL_Ascorbic_Acid,{'6616065'},['0.3948'],"('@CHEMICAL_retinol_acetate', 'Comparison', '@CHEMICAL_Ascorbic_Acid')"
C000632968,D001205,Negative_Correlation,@CHEMICAL_p_hydroxyphenyllactic_acid,@CHEMICAL_Ascorbic_Acid,{'6616065'},['0.9965'],"('@CHEMICAL_p_hydroxyphenyllactic_acid', 'Negative_Correlation', '@CHEMICAL_Ascorbic_Acid')"
D001205,D014801,Positive_Correlation,@CHEMICAL_Ascorbic_Acid,@CHEMICAL_Vitamin_A,{'6616065'},['0.9944'],"('@CHEMICAL_Ascorbic_Acid', 'Positive_Correlation', '@CHEMICAL_Vitamin_A')"
D001205,D015179,Association,@CHEMICAL_Ascorbic_Acid,@DISEASE_Colorectal_Neoplasms,{'6616065'},['0.9881'],"('@CHEMICAL_Ascorbic_Acid', 'Association', '@DISEASE_Colorectal_Neoplasms')"
C000632968,C009166,Negative_Correlation,@CHEMICAL_p_hydroxyphenyllactic_acid,@CHEMICAL_retinol_acetate,{'6616065'},['0.9964'],"('@CHEMICAL_p_hydroxyphenyllactic_acid', 'Negative_Correlation', '@CHEMICAL_retinol_acetate')"
D001205,D003110,Positive_Correlation,@CHEMICAL_Ascorbic_Acid,@DISEASE_Colonic_Neoplasms,{'6616065'},['0.989'],"('@CHEMICAL_Ascorbic_Acid', 'Positive_Correlation', '@DISEASE_Colonic_Neoplasms')"
D014801,D003110,Association,@CHEMICAL_Vitamin_A,@DISEASE_Colonic_Neoplasms,{'6616065'},['0.9304'],"('@CHEMICAL_Vitamin_A', 'Association', '@DISEASE_Colonic_Neoplasms')"
C009166,D015179,Negative_Correlation,@CHEMICAL_retinol_acetate,@DISEASE_Colorectal_Neoplasms,{'6616065'},['0.9943'],"('@CHEMICAL_retinol_acetate', 'Negative_Correlation', '@DISEASE_Colorectal_Neoplasms')"
D008055,D024505,Association,@CHEMICAL_Lipids,@CHEMICAL_Tocopherols,{'19021891'},['0.9979'],"('@CHEMICAL_Lipids', 'Association', '@CHEMICAL_Tocopherols')"
C048306,D024505,Negative_Correlation,@CHEMICAL_callose,@CHEMICAL_Tocopherols,{'19021891'},['0.947'],"('@CHEMICAL_callose', 'Negative_Correlation', '@CHEMICAL_Tocopherols')"
D017382,D024502,Association,@CHEMICAL_Reactive_Oxygen_Species,@CHEMICAL_alpha_Tocopherol,{'19021891'},['0.9071'],"('@CHEMICAL_Reactive_Oxygen_Species', 'Association', '@CHEMICAL_alpha_Tocopherol')"
D000040,840987,Association,@CHEMICAL_Abscisic_Acid,@GENE_RAB18,{'28084442'},['0.9989'],"('@CHEMICAL_Abscisic_Acid', 'Association', '@GENE_RAB18')"
D000040,822061,Association,@CHEMICAL_Abscisic_Acid,@GENE_ABI3,{'28084442'},['0.9986'],"('@CHEMICAL_Abscisic_Acid', 'Association', '@GENE_ABI3')"
D000040,818199,Association,@CHEMICAL_Abscisic_Acid,@GENE_ABI5,{'28084442'},['0.9984'],"('@CHEMICAL_Abscisic_Acid', 'Association', '@GENE_ABI5')"
D005973,D019344,Positive_Correlation,@CHEMICAL_Glutamine,@CHEMICAL_Lactic_Acid,{'15808671'},['0.9992'],"('@CHEMICAL_Glutamine', 'Positive_Correlation', '@CHEMICAL_Lactic_Acid')"
C088453,D005947,Negative_Correlation,@CHEMICAL_Celsior,@CHEMICAL_Glucose,{'15808671'},['0.8649'],"('@CHEMICAL_Celsior', 'Negative_Correlation', '@CHEMICAL_Glucose')"
D005947,D005973,Positive_Correlation,@CHEMICAL_Glucose,@CHEMICAL_Glutamine,{'15808671'},['0.9992'],"('@CHEMICAL_Glucose', 'Positive_Correlation', '@CHEMICAL_Glutamine')"
C088453,D019344,Negative_Correlation,@CHEMICAL_Celsior,@CHEMICAL_Lactic_Acid,{'15808671'},['0.9902'],"('@CHEMICAL_Celsior', 'Negative_Correlation', '@CHEMICAL_Lactic_Acid')"
C088453,D052016,Positive_Correlation,@CHEMICAL_Celsior,@DISEASE_Mucositis,{'15808671'},['0.5659'],"('@CHEMICAL_Celsior', 'Positive_Correlation', '@DISEASE_Mucositis')"
D003300,D010003,Positive_Correlation,@CHEMICAL_Copper,@DISEASE_Osteoarthritis,{'10925743'},['0.9807'],"('@CHEMICAL_Copper', 'Positive_Correlation', '@DISEASE_Osteoarthritis')"
D003300,D006527,Association,@CHEMICAL_Copper,@DISEASE_Hepatolenticular_Degeneration,{'10925743'},['0.9941'],"('@CHEMICAL_Copper', 'Association', '@DISEASE_Hepatolenticular_Degeneration')"
D000230,2520,Positive_Correlation,@DISEASE_Adenocarcinoma,@GENE_GAST,{'19904251'},['0.974'],"('@DISEASE_Adenocarcinoma', 'Positive_Correlation', '@GENE_GAST')"
D009369,2520,Positive_Correlation,@DISEASE_Neoplasms,@GENE_GAST,{'19904251'},['0.9739'],"('@DISEASE_Neoplasms', 'Positive_Correlation', '@GENE_GAST')"
D005770,2520,Association,@DISEASE_Gastrointestinal_Neoplasms,@GENE_GAST,{'19904251'},['0.9936'],"('@DISEASE_Gastrointestinal_Neoplasms', 'Association', '@GENE_GAST')"
D008228,2520,Positive_Correlation,@DISEASE_Lymphoma_Non_Hodgkin,@GENE_GAST,{'19904251'},['0.9599'],"('@DISEASE_Lymphoma_Non_Hodgkin', 'Positive_Correlation', '@GENE_GAST')"
D002471,2520,Association,@DISEASE_Cell_Transformation_Neoplastic,@GENE_GAST,{'19904251'},['0.9914'],"('@DISEASE_Cell_Transformation_Neoplastic', 'Association', '@GENE_GAST')"
D001471,2520,Association,@DISEASE_Barrett_Esophagus,@GENE_GAST,"{'31644405', '19904251'}","['0.9987', '0.9993']","('@DISEASE_Barrett_Esophagus', 'Association', '@GENE_GAST')"
D006713,D010859,Association,@CHEMICAL_Homogentisic_Acid,@DISEASE_Pigmentation_Disorders,"{'11557138', '25793756', '33728247', '7747976'}","['0.9489', '0.9933', '0.9945', '0.9953']","('@CHEMICAL_Homogentisic_Acid', 'Association', '@DISEASE_Pigmentation_Disorders')"
C023793,D010859,Association,@CHEMICAL_pyomelanin,@DISEASE_Pigmentation_Disorders,{'25793756'},['0.8712'],"('@CHEMICAL_pyomelanin', 'Association', '@DISEASE_Pigmentation_Disorders')"
D007980,D008543,Association,@CHEMICAL_Levodopa,@CHEMICAL_Melanins,"{'25793756', '30984552'}","['0.9862', '0.8111']","('@CHEMICAL_Levodopa', 'Association', '@CHEMICAL_Melanins')"
D006713,D009794,Association,@CHEMICAL_Homogentisic_Acid,@DISEASE_Ochronosis,"{'26798717', '33708713', '39231619'}","['0.8275', '0.9983', '0.4489']","('@CHEMICAL_Homogentisic_Acid', 'Association', '@DISEASE_Ochronosis')"
C010590,D010649,Association,@CHEMICAL_4_hydroxyphenylpyruvic_acid,@CHEMICAL_Phenylalanine,{'20050871'},['0.9991'],"('@CHEMICAL_4_hydroxyphenylpyruvic_acid', 'Association', '@CHEMICAL_Phenylalanine')"
C025136,C037816,Negative_Correlation,@CHEMICAL_phenylacetic_acid,@CHEMICAL_phenylacetyl_coenzyme_A,{'20050871'},['0.3434'],"('@CHEMICAL_phenylacetic_acid', 'Negative_Correlation', '@CHEMICAL_phenylacetyl_coenzyme_A')"
D009584,D024322,Association,@CHEMICAL_Nitrogen,@CHEMICAL_Amino_Acids_Aromatic,{'20050871'},['0.6319'],"('@CHEMICAL_Nitrogen', 'Association', '@CHEMICAL_Amino_Acids_Aromatic')"
C031606,C037816,Association,@CHEMICAL_phenylpyruvic_acid,@CHEMICAL_phenylacetyl_coenzyme_A,{'20050871'},['0.9697'],"('@CHEMICAL_phenylpyruvic_acid', 'Association', '@CHEMICAL_phenylacetyl_coenzyme_A')"
C037816,D010649,Association,@CHEMICAL_phenylacetyl_coenzyme_A,@CHEMICAL_Phenylalanine,{'20050871'},['0.967'],"('@CHEMICAL_phenylacetyl_coenzyme_A', 'Association', '@CHEMICAL_Phenylalanine')"
C031606,D010649,Positive_Correlation,@CHEMICAL_phenylpyruvic_acid,@CHEMICAL_Phenylalanine,"{'20050871', '1209606', '11243724'}","['0.7163', '0.9953', '0.5146']","('@CHEMICAL_phenylpyruvic_acid', 'Positive_Correlation', '@CHEMICAL_Phenylalanine')"
C005984,D006713,Association,@CHEMICAL_5_methyltetrahydrofolate,@CHEMICAL_Homogentisic_Acid,{'38092151'},['0.9993'],"('@CHEMICAL_5_methyltetrahydrofolate', 'Association', '@CHEMICAL_Homogentisic_Acid')"
C005984,D002331,Association,@CHEMICAL_5_methyltetrahydrofolate,@CHEMICAL_Carnitine,{'38092151'},['0.9983'],"('@CHEMICAL_5_methyltetrahydrofolate', 'Association', '@CHEMICAL_Carnitine')"
C005984,D006897,Association,@CHEMICAL_5_methyltetrahydrofolate,@CHEMICAL_Hydroxyindoleacetic_Acid,{'38092151'},['0.9992'],"('@CHEMICAL_5_methyltetrahydrofolate', 'Association', '@CHEMICAL_Hydroxyindoleacetic_Acid')"
C005984,C010530,Association,@CHEMICAL_5_methyltetrahydrofolate,@CHEMICAL_N_acetylalanine,{'38092151'},['0.9992'],"('@CHEMICAL_5_methyltetrahydrofolate', 'Association', '@CHEMICAL_N_acetylalanine')"
C005984,D005227,Association,@CHEMICAL_5_methyltetrahydrofolate,@CHEMICAL_Fatty_Acids,{'38092151'},['0.9976'],"('@CHEMICAL_5_methyltetrahydrofolate', 'Association', '@CHEMICAL_Fatty_Acids')"
C005984,D006909,Association,@CHEMICAL_5_methyltetrahydrofolate,@CHEMICAL_Hydroxyproline,{'38092151'},['0.9991'],"('@CHEMICAL_5_methyltetrahydrofolate', 'Association', '@CHEMICAL_Hydroxyproline')"
C005984,D016718,Association,@CHEMICAL_5_methyltetrahydrofolate,@CHEMICAL_Arachidonic_Acid,{'38092151'},['0.9961'],"('@CHEMICAL_5_methyltetrahydrofolate', 'Association', '@CHEMICAL_Arachidonic_Acid')"
C004946,C005984,Association,@CHEMICAL_glycocyamine,@CHEMICAL_5_methyltetrahydrofolate,{'38092151'},['0.9992'],"('@CHEMICAL_glycocyamine', 'Association', '@CHEMICAL_5_methyltetrahydrofolate')"
C005984,D003404,Association,@CHEMICAL_5_methyltetrahydrofolate,@CHEMICAL_Creatinine,{'38092151'},['0.9991'],"('@CHEMICAL_5_methyltetrahydrofolate', 'Association', '@CHEMICAL_Creatinine')"
C005984,1719,Association,@CHEMICAL_5_methyltetrahydrofolate,@GENE_DHFR,{'38092151'},['0.9976'],"('@CHEMICAL_5_methyltetrahydrofolate', 'Association', '@GENE_DHFR')"
C005984,C006379,Association,@CHEMICAL_5_methyltetrahydrofolate,@CHEMICAL_N_acetylmethionine,{'38092151'},['0.9995'],"('@CHEMICAL_5_methyltetrahydrofolate', 'Association', '@CHEMICAL_N_acetylmethionine')"
C005984,D009538,Association,@CHEMICAL_5_methyltetrahydrofolate,@CHEMICAL_Nicotine,{'38092151'},['0.9439'],"('@CHEMICAL_5_methyltetrahydrofolate', 'Association', '@CHEMICAL_Nicotine')"
C005984,D004281,Association,@CHEMICAL_5_methyltetrahydrofolate,@CHEMICAL_Docosahexaenoic_Acids,{'38092151'},['0.9983'],"('@CHEMICAL_5_methyltetrahydrofolate', 'Association', '@CHEMICAL_Docosahexaenoic_Acids')"
C003223,C005984,Association,@CHEMICAL_propionylcarnitine,@CHEMICAL_5_methyltetrahydrofolate,{'38092151'},['0.9988'],"('@CHEMICAL_propionylcarnitine', 'Association', '@CHEMICAL_5_methyltetrahydrofolate')"
C005984,D019787,Association,@CHEMICAL_5_methyltetrahydrofolate,@CHEMICAL_Linoleic_Acid,{'38092151'},['0.9989'],"('@CHEMICAL_5_methyltetrahydrofolate', 'Association', '@CHEMICAL_Linoleic_Acid')"
C005984,C029010,Association,@CHEMICAL_5_methyltetrahydrofolate,@CHEMICAL_cinnamic_acid,{'38092151'},['0.9988'],"('@CHEMICAL_5_methyltetrahydrofolate', 'Association', '@CHEMICAL_cinnamic_acid')"
C567703,2195,Association,@DISEASE_Diarrhea_5_With_Tufting_Enteropathy_Congenital,@GENE_FAT1,{'37341234'},['0.9954'],"('@DISEASE_Diarrhea_5_With_Tufting_Enteropathy_Congenital', 'Association', '@GENE_FAT1')"
D000077195,2195,Association,@DISEASE_Squamous_Cell_Carcinoma_of_Head_and_Neck,@GENE_FAT1,{'37341234'},['0.994'],"('@DISEASE_Squamous_Cell_Carcinoma_of_Head_and_Neck', 'Association', '@GENE_FAT1')"
D000077195,7157,Association,@DISEASE_Squamous_Cell_Carcinoma_of_Head_and_Neck,@GENE_TP53,{'37341234'},['0.7802'],"('@DISEASE_Squamous_Cell_Carcinoma_of_Head_and_Neck', 'Association', '@GENE_TP53')"
D008228,9757,Association,@DISEASE_Lymphoma_Non_Hodgkin,@GENE_KMT2B,{'37341234'},['0.999'],"('@DISEASE_Lymphoma_Non_Hodgkin', 'Association', '@GENE_KMT2B')"
D026361,D000860,Association,@CHEMICAL_Reactive_Nitrogen_Species,@DISEASE_Hypoxia,{'38289421'},['0.997'],"('@CHEMICAL_Reactive_Nitrogen_Species', 'Association', '@DISEASE_Hypoxia')"
D024504,D002534,Association,@CHEMICAL_gamma_Tocopherol,@DISEASE_Hypoxia_Brain,{'38289421'},['0.457'],"('@CHEMICAL_gamma_Tocopherol', 'Association', '@DISEASE_Hypoxia_Brain')"
D024505,D000860,Association,@CHEMICAL_Tocopherols,@DISEASE_Hypoxia,{'38289421'},['0.9995'],"('@CHEMICAL_Tocopherols', 'Association', '@DISEASE_Hypoxia')"
D002734,D010100,Association,@CHEMICAL_Chlorophyll,@CHEMICAL_Oxygen,{'38289421'},['0.9803'],"('@CHEMICAL_Chlorophyll', 'Association', '@CHEMICAL_Oxygen')"
D002734,D024504,Negative_Correlation,@CHEMICAL_Chlorophyll,@CHEMICAL_gamma_Tocopherol,{'38289421'},['0.8247'],"('@CHEMICAL_Chlorophyll', 'Negative_Correlation', '@CHEMICAL_gamma_Tocopherol')"
D002734,D002534,Positive_Correlation,@CHEMICAL_Chlorophyll,@DISEASE_Hypoxia_Brain,{'38289421'},['0.937'],"('@CHEMICAL_Chlorophyll', 'Positive_Correlation', '@DISEASE_Hypoxia_Brain')"
D006861,D000860,Association,@CHEMICAL_Hydrogen_Peroxide,@DISEASE_Hypoxia,{'38289421'},['0.9914'],"('@CHEMICAL_Hydrogen_Peroxide', 'Association', '@DISEASE_Hypoxia')"
D006861,D024504,Negative_Correlation,@CHEMICAL_Hydrogen_Peroxide,@CHEMICAL_gamma_Tocopherol,{'38289421'},['0.4923'],"('@CHEMICAL_Hydrogen_Peroxide', 'Negative_Correlation', '@CHEMICAL_gamma_Tocopherol')"
D024504,D000860,Negative_Correlation,@CHEMICAL_gamma_Tocopherol,@DISEASE_Hypoxia,{'38289421'},['0.8427'],"('@CHEMICAL_gamma_Tocopherol', 'Negative_Correlation', '@DISEASE_Hypoxia')"
D024504,D026361,Negative_Correlation,@CHEMICAL_gamma_Tocopherol,@CHEMICAL_Reactive_Nitrogen_Species,{'38289421'},['0.9061'],"('@CHEMICAL_gamma_Tocopherol', 'Negative_Correlation', '@CHEMICAL_Reactive_Nitrogen_Species')"
D005038,D000474,Positive_Correlation,@CHEMICAL_Ethylnitrosourea,@DISEASE_Alkaptonuria,{'8188247'},['0.9792'],"('@CHEMICAL_Ethylnitrosourea', 'Positive_Correlation', '@DISEASE_Alkaptonuria')"
C565432,15233,Association,@DISEASE_Lymphedema_Congenital_Recessive,@GENE_HGD,{'8188247'},['0.529'],"('@DISEASE_Lymphedema_Congenital_Recessive', 'Association', '@GENE_HGD')"
D008911,D000152,Negative_Correlation,@CHEMICAL_Minocycline,@DISEASE_Acne_Vulgaris,"{'35441025', '40123942'}","['0.9977', '0.9983']","('@CHEMICAL_Minocycline', 'Negative_Correlation', '@DISEASE_Acne_Vulgaris')"
D008911,D009794,Positive_Correlation,@CHEMICAL_Minocycline,@DISEASE_Ochronosis,"{'35441025', '36335620'}","['0.999', '0.9993']","('@CHEMICAL_Minocycline', 'Positive_Correlation', '@DISEASE_Ochronosis')"
D019788,D002583,Association,@CHEMICAL_Fluorodeoxyglucose_F18,@DISEASE_Uterine_Cervical_Neoplasms,{'32859399'},['0.9994'],"('@CHEMICAL_Fluorodeoxyglucose_F18', 'Association', '@DISEASE_Uterine_Cervical_Neoplasms')"
D019788,D009369,Association,@CHEMICAL_Fluorodeoxyglucose_F18,@DISEASE_Neoplasms,"{'32859399', '37951806'}","['0.9995', '0.9824']","('@CHEMICAL_Fluorodeoxyglucose_F18', 'Association', '@DISEASE_Neoplasms')"
D009369,29126,Association,@DISEASE_Neoplasms,@GENE_CD274,"{'35181584', '32859399'}","['0.9985', '0.9996']","('@DISEASE_Neoplasms', 'Association', '@GENE_CD274')"
D009765,56637,Association,@DISEASE_Obesity,@GENE_GSK3B,{'29886190'},['0.8958'],"('@DISEASE_Obesity', 'Association', '@GENE_GSK3B')"
D010070,D006959,Association,@CHEMICAL_Oxalates,@DISEASE_Hyperoxaluria,{'37563694'},['0.7616'],"('@CHEMICAL_Oxalates', 'Association', '@DISEASE_Hyperoxaluria')"
D005227,D008659,Association,@CHEMICAL_Fatty_Acids,@DISEASE_Metabolic_Diseases,{'35658356'},['0.9979'],"('@CHEMICAL_Fatty_Acids', 'Association', '@DISEASE_Metabolic_Diseases')"
D008661,15233,Association,@DISEASE_Metabolism_Inborn_Errors,@GENE_HGD,"{'10094559', '25153563'}","['0.9657', '0.9872']","('@DISEASE_Metabolism_Inborn_Errors', 'Association', '@GENE_HGD')"
D005038,15233,Association,@CHEMICAL_Ethylnitrosourea,@GENE_HGD,{'10094559'},['0.8959'],"('@CHEMICAL_Ethylnitrosourea', 'Association', '@GENE_HGD')"
D005038,D000474,Association,@CHEMICAL_Ethylnitrosourea,@DISEASE_Alkaptonuria,{'10094559'},['0.6774'],"('@CHEMICAL_Ethylnitrosourea', 'Association', '@DISEASE_Alkaptonuria')"
D006713,C536342,Association,@CHEMICAL_Homogentisic_Acid,@DISEASE_Posterior_column_ataxia,{'16736091'},['0.9984'],"('@CHEMICAL_Homogentisic_Acid', 'Association', '@DISEASE_Posterior_column_ataxia')"
D004714,55272,Association,@DISEASE_Endometrial_Hyperplasia,@GENE_IMP3,{'40487943'},['0.961'],"('@DISEASE_Endometrial_Hyperplasia', 'Association', '@GENE_IMP3')"
D013274,55272,Association,@DISEASE_Stomach_Neoplasms,@GENE_IMP3,{'40487943'},['0.999'],"('@DISEASE_Stomach_Neoplasms', 'Association', '@GENE_IMP3')"
D004714,#55272#p.P504S,Association,@DISEASE_Endometrial_Hyperplasia,@VARIANT_p.P504S_IMP3_human,{'40487943'},['0.9965'],"('@DISEASE_Endometrial_Hyperplasia', 'Association', '@VARIANT_p.P504S_IMP3_human')"
D008228,#55272#p.P504S,Positive_Correlation,@DISEASE_Lymphoma_Non_Hodgkin,@VARIANT_p.P504S_IMP3_human,{'40487943'},['0.6923'],"('@DISEASE_Lymphoma_Non_Hodgkin', 'Positive_Correlation', '@VARIANT_p.P504S_IMP3_human')"
D013274,#55272#p.P504S,Association,@DISEASE_Stomach_Neoplasms,@VARIANT_p.P504S_IMP3_human,{'40487943'},['0.9984'],"('@DISEASE_Stomach_Neoplasms', 'Association', '@VARIANT_p.P504S_IMP3_human')"
D000230,#55272#p.P504S,Association,@DISEASE_Adenocarcinoma,@VARIANT_p.P504S_IMP3_human,{'40487943'},['0.9947'],"('@DISEASE_Adenocarcinoma', 'Association', '@VARIANT_p.P504S_IMP3_human')"
D011230,55272,Association,@DISEASE_Precancerous_Conditions,@GENE_IMP3,{'40487943'},['0.9978'],"('@DISEASE_Precancerous_Conditions', 'Association', '@GENE_IMP3')"
D000230,55272,Association,@DISEASE_Adenocarcinoma,@GENE_IMP3,"{'40487943', '26766126', '25141312'}","['0.9007', '0.9994', '0.995']","('@DISEASE_Adenocarcinoma', 'Association', '@GENE_IMP3')"
D008228,55272,Association,@DISEASE_Lymphoma_Non_Hodgkin,@GENE_IMP3,"{'40487943', '26766126'}","['0.9005', '0.9988']","('@DISEASE_Lymphoma_Non_Hodgkin', 'Association', '@GENE_IMP3')"
D004714,7157,Association,@DISEASE_Endometrial_Hyperplasia,@GENE_TP53,"{'40487943', '38577693'}","['0.9952', '0.9994']","('@DISEASE_Endometrial_Hyperplasia', 'Association', '@GENE_TP53')"
D008751,D001471,Negative_Correlation,@CHEMICAL_Methylene_Blue,@DISEASE_Barrett_Esophagus,"{'12477753', '17970838', '16860068'}","['0.9751', '0.9812', '0.9956']","('@CHEMICAL_Methylene_Blue', 'Negative_Correlation', '@DISEASE_Barrett_Esophagus')"
D008751,D015792,Negative_Correlation,@CHEMICAL_Methylene_Blue,@DISEASE_Retinal_Dysplasia,"{'12477753', '16860068'}","['0.7412', '0.9298']","('@CHEMICAL_Methylene_Blue', 'Negative_Correlation', '@DISEASE_Retinal_Dysplasia')"
C538139,6476,Association,@DISEASE_Sucrase_isomaltase_deficiency_congenital,@GENE_SI,{'7347488'},['0.6348'],"('@DISEASE_Sucrase_isomaltase_deficiency_congenital', 'Association', '@GENE_SI')"
C515878,D016388,Negative_Correlation,@CHEMICAL_ataluren,@DISEASE_Tooth_Loss,{'37115359'},['0.9854'],"('@CHEMICAL_ataluren', 'Negative_Correlation', '@DISEASE_Tooth_Loss')"
C515878,D020388,Negative_Correlation,@CHEMICAL_ataluren,@DISEASE_Muscular_Dystrophy_Duchenne,{'37115359'},['0.9972'],"('@CHEMICAL_ataluren', 'Negative_Correlation', '@DISEASE_Muscular_Dystrophy_Duchenne')"
D017035,rs4149056##,Negative_Correlation,@CHEMICAL_Pravastatin,@VARIANT_c.521T>C_SLCO1B1_human,{'27619346'},"['0.8069', '0.6838']","('@CHEMICAL_Pravastatin', 'Negative_Correlation', '@VARIANT_c.521T>C_SLCO1B1_human')"
#3081#c.183-1G>A,D000474,Positive_Correlation,@VARIANT_c.183_1G>A_HGD_human,@DISEASE_Alkaptonuria,{'10482952'},['0.9818'],"('@VARIANT_c.183_1G>A_HGD_human', 'Positive_Correlation', '@DISEASE_Alkaptonuria')"
D003424,7157,Association,@DISEASE_Crohn_Disease,@GENE_TP53,{'17676397'},['0.9996'],"('@DISEASE_Crohn_Disease', 'Association', '@GENE_TP53')"
D014364,D014443,Association,@CHEMICAL_Tryptophan,@CHEMICAL_Tyrosine,"{'30049652', '25680927'}","['0.9969', '0.3109']","('@CHEMICAL_Tryptophan', 'Association', '@CHEMICAL_Tyrosine')"
C004532,D000474,Association,@CHEMICAL_quinone,@DISEASE_Alkaptonuria,{'27943071'},['0.883'],"('@CHEMICAL_quinone', 'Association', '@DISEASE_Alkaptonuria')"
D014443,D003318,Positive_Correlation,@CHEMICAL_Tyrosine,@DISEASE_Corneal_Opacity,{'27943071'},['0.9988'],"('@CHEMICAL_Tyrosine', 'Positive_Correlation', '@DISEASE_Corneal_Opacity')"
C077073,D007592,Negative_Correlation,@CHEMICAL_nitisinone,@DISEASE_Joint_Diseases,"{'33452825', '27943071', '23511227'}","['0.8511', '0.999', '0.999']","('@CHEMICAL_nitisinone', 'Negative_Correlation', '@DISEASE_Joint_Diseases')"
D007410,6648,Negative_Correlation,@DISEASE_Intestinal_Diseases,@GENE_SOD2,{'16365243'},['0.9987'],"('@DISEASE_Intestinal_Diseases', 'Negative_Correlation', '@GENE_SOD2')"
D063646,6648,Association,@DISEASE_Carcinogenesis,@GENE_SOD2,{'16365243'},['0.9909'],"('@DISEASE_Carcinogenesis', 'Association', '@GENE_SOD2')"
D001471,6648,Association,@DISEASE_Barrett_Esophagus,@GENE_SOD2,{'16365243'},['0.9087'],"('@DISEASE_Barrett_Esophagus', 'Association', '@GENE_SOD2')"
D015792,6648,Negative_Correlation,@DISEASE_Retinal_Dysplasia,@GENE_SOD2,{'16365243'},['0.9943'],"('@DISEASE_Retinal_Dysplasia', 'Negative_Correlation', '@GENE_SOD2')"
D000230,6648,Negative_Correlation,@DISEASE_Adenocarcinoma,@GENE_SOD2,{'16365243'},['0.9969'],"('@DISEASE_Adenocarcinoma', 'Negative_Correlation', '@GENE_SOD2')"
D009584,D009369,Negative_Correlation,@CHEMICAL_Nitrogen,@DISEASE_Neoplasms,"{'36397870', '19559428', '23622979'}","['0.9917', '0.9987', '0.9875']","('@CHEMICAL_Nitrogen', 'Negative_Correlation', '@DISEASE_Neoplasms')"
C023793,D001168,Positive_Correlation,@CHEMICAL_pyomelanin,@DISEASE_Arthritis,{'35482661'},['0.999'],"('@CHEMICAL_pyomelanin', 'Positive_Correlation', '@DISEASE_Arthritis')"
C023793,D000474,Association,@CHEMICAL_pyomelanin,@DISEASE_Alkaptonuria,{'35482661'},['0.9559'],"('@CHEMICAL_pyomelanin', 'Association', '@DISEASE_Alkaptonuria')"
D000068756,59086,Negative_Correlation,@CHEMICAL_Valsartan,@GENE_TGFB1,{'30970225'},['0.999'],"('@CHEMICAL_Valsartan', 'Negative_Correlation', '@GENE_TGFB1')"
D000077289,25147,Negative_Correlation,@CHEMICAL_Letrozole,@GENE_CYP19A1,{'30970225'},['0.9991'],"('@CHEMICAL_Letrozole', 'Negative_Correlation', '@GENE_CYP19A1')"
D000068756,D000077289,Cotreatment,@CHEMICAL_Valsartan,@CHEMICAL_Letrozole,{'30970225'},['0.5263'],"('@CHEMICAL_Valsartan', 'Cotreatment', '@CHEMICAL_Letrozole')"
D000077289,24498,Negative_Correlation,@CHEMICAL_Letrozole,@GENE_IL6,{'30970225'},['0.9238'],"('@CHEMICAL_Letrozole', 'Negative_Correlation', '@GENE_IL6')"
D003920,24179,Positive_Correlation,@DISEASE_Diabetes_Mellitus,@GENE_AGT,{'30970225'},['0.9815'],"('@DISEASE_Diabetes_Mellitus', 'Positive_Correlation', '@GENE_AGT')"
D000077289,24835,Negative_Correlation,@CHEMICAL_Letrozole,@GENE_TNF,{'30970225'},['0.9921'],"('@CHEMICAL_Letrozole', 'Negative_Correlation', '@GENE_TNF')"
D013311,D003928,Positive_Correlation,@CHEMICAL_Streptozocin,@DISEASE_Diabetic_Nephropathies,{'30970225'},['0.9988'],"('@CHEMICAL_Streptozocin', 'Positive_Correlation', '@DISEASE_Diabetic_Nephropathies')"
D000068756,D003928,Negative_Correlation,@CHEMICAL_Valsartan,@DISEASE_Diabetic_Nephropathies,{'30970225'},['0.9834'],"('@CHEMICAL_Valsartan', 'Negative_Correlation', '@DISEASE_Diabetic_Nephropathies')"
D000068756,24494,Negative_Correlation,@CHEMICAL_Valsartan,@GENE_IL1B,{'30970225'},['0.9642'],"('@CHEMICAL_Valsartan', 'Negative_Correlation', '@GENE_IL1B')"
D000068756,D003920,Negative_Correlation,@CHEMICAL_Valsartan,@DISEASE_Diabetes_Mellitus,{'30970225'},['0.997'],"('@CHEMICAL_Valsartan', 'Negative_Correlation', '@DISEASE_Diabetes_Mellitus')"
D000068756,24498,Negative_Correlation,@CHEMICAL_Valsartan,@GENE_IL6,{'30970225'},['0.9496'],"('@CHEMICAL_Valsartan', 'Negative_Correlation', '@GENE_IL6')"
D003928,24179,Association,@DISEASE_Diabetic_Nephropathies,@GENE_AGT,{'30970225'},['0.9916'],"('@DISEASE_Diabetic_Nephropathies', 'Association', '@GENE_AGT')"
D000068756,D011507,Negative_Correlation,@CHEMICAL_Valsartan,@DISEASE_Proteinuria,{'30970225'},['0.9989'],"('@CHEMICAL_Valsartan', 'Negative_Correlation', '@DISEASE_Proteinuria')"
D000068756,24835,Negative_Correlation,@CHEMICAL_Valsartan,@GENE_TNF,{'30970225'},['0.996'],"('@CHEMICAL_Valsartan', 'Negative_Correlation', '@GENE_TNF')"
D013739,D003928,Association,@CHEMICAL_Testosterone,@DISEASE_Diabetic_Nephropathies,{'30970225'},['0.9665'],"('@CHEMICAL_Testosterone', 'Association', '@DISEASE_Diabetic_Nephropathies')"
D000077289,24179,Negative_Correlation,@CHEMICAL_Letrozole,@GENE_AGT,{'30970225'},['0.997'],"('@CHEMICAL_Letrozole', 'Negative_Correlation', '@GENE_AGT')"
D000077289,D013739,Positive_Correlation,@CHEMICAL_Letrozole,@CHEMICAL_Testosterone,{'30970225'},['0.8581'],"('@CHEMICAL_Letrozole', 'Positive_Correlation', '@CHEMICAL_Testosterone')"
D000077289,D003928,Negative_Correlation,@CHEMICAL_Letrozole,@DISEASE_Diabetic_Nephropathies,{'30970225'},['0.9048'],"('@CHEMICAL_Letrozole', 'Negative_Correlation', '@DISEASE_Diabetic_Nephropathies')"
D000068756,24179,Negative_Correlation,@CHEMICAL_Valsartan,@GENE_AGT,{'30970225'},['0.9992'],"('@CHEMICAL_Valsartan', 'Negative_Correlation', '@GENE_AGT')"
D000077289,59086,Association,@CHEMICAL_Letrozole,@GENE_TGFB1,{'30970225'},['0.7606'],"('@CHEMICAL_Letrozole', 'Association', '@GENE_TGFB1')"
D000068756,D006984,Negative_Correlation,@CHEMICAL_Valsartan,@DISEASE_Hypertrophy,{'30970225'},['0.5399'],"('@CHEMICAL_Valsartan', 'Negative_Correlation', '@DISEASE_Hypertrophy')"
D000077289,24494,Negative_Correlation,@CHEMICAL_Letrozole,@GENE_IL1B,{'30970225'},['0.5848'],"('@CHEMICAL_Letrozole', 'Negative_Correlation', '@GENE_IL1B')"
D013274,54894,Association,@DISEASE_Stomach_Neoplasms,@GENE_RNF43,{'27514024'},['0.988'],"('@DISEASE_Stomach_Neoplasms', 'Association', '@GENE_RNF43')"
D009369,54894,Negative_Correlation,@DISEASE_Neoplasms,@GENE_RNF43,{'27514024'},['0.9952'],"('@DISEASE_Neoplasms', 'Negative_Correlation', '@GENE_RNF43')"
D013274,5465,Negative_Correlation,@DISEASE_Stomach_Neoplasms,@GENE_PPARA,{'27514024'},['0.8841'],"('@DISEASE_Stomach_Neoplasms', 'Negative_Correlation', '@GENE_PPARA')"
D063646,54894,Association,@DISEASE_Carcinogenesis,@GENE_RNF43,{'27514024'},['0.9959'],"('@DISEASE_Carcinogenesis', 'Association', '@GENE_RNF43')"
D008228,5465,Association,@DISEASE_Lymphoma_Non_Hodgkin,@GENE_PPARA,{'27514024'},['0.5105'],"('@DISEASE_Lymphoma_Non_Hodgkin', 'Association', '@GENE_PPARA')"
D008228,54894,Association,@DISEASE_Lymphoma_Non_Hodgkin,@GENE_RNF43,"{'27514024', '38551383'}","['0.9865', '0.998']","('@DISEASE_Lymphoma_Non_Hodgkin', 'Association', '@GENE_RNF43')"
D013912,D013274,Association,@CHEMICAL_Threonine,@DISEASE_Stomach_Neoplasms,{'27527852'},['0.9995'],"('@CHEMICAL_Threonine', 'Association', '@DISEASE_Stomach_Neoplasms')"
D005227,D063646,Association,@CHEMICAL_Fatty_Acids,@DISEASE_Carcinogenesis,{'27527852'},['0.9958'],"('@CHEMICAL_Fatty_Acids', 'Association', '@DISEASE_Carcinogenesis')"
D002794,D063646,Association,@CHEMICAL_Choline,@DISEASE_Carcinogenesis,{'27527852'},['0.9945'],"('@CHEMICAL_Choline', 'Association', '@DISEASE_Carcinogenesis')"
D005998,D013274,Association,@CHEMICAL_Glycine,@DISEASE_Stomach_Neoplasms,{'27527852'},['0.9994'],"('@CHEMICAL_Glycine', 'Association', '@DISEASE_Stomach_Neoplasms')"
D012694,D013274,Association,@CHEMICAL_Serine,@DISEASE_Stomach_Neoplasms,{'27527852'},['0.9995'],"('@CHEMICAL_Serine', 'Association', '@DISEASE_Stomach_Neoplasms')"
D000686,6287,Positive_Correlation,@DISEASE_Amyloidosis,@GENE_SAA@,{'31462106'},['0.944'],"('@DISEASE_Amyloidosis', 'Positive_Correlation', '@GENE_SAA@')"
D007249,6287,Association,@DISEASE_Inflammation,@GENE_SAA@,"{'36429096', '31462106', '29852277'}","['0.9989', '0.38', '0.9887']","('@DISEASE_Inflammation', 'Association', '@GENE_SAA@')"
D008228,2919,Association,@DISEASE_Lymphoma_Non_Hodgkin,@GENE_CXCL1,{'35831529'},['0.8701'],"('@DISEASE_Lymphoma_Non_Hodgkin', 'Association', '@GENE_CXCL1')"
D008228,716,Association,@DISEASE_Lymphoma_Non_Hodgkin,@GENE_C1S,{'35831529'},['0.9995'],"('@DISEASE_Lymphoma_Non_Hodgkin', 'Association', '@GENE_C1S')"
D008228,712,Association,@DISEASE_Lymphoma_Non_Hodgkin,@GENE_C1QA,{'35831529'},['0.9985'],"('@DISEASE_Lymphoma_Non_Hodgkin', 'Association', '@GENE_C1QA')"
D008228,721,Association,@DISEASE_Lymphoma_Non_Hodgkin,@GENE_C4B,{'35831529'},['0.9977'],"('@DISEASE_Lymphoma_Non_Hodgkin', 'Association', '@GENE_C4B')"
D007418,14085,Association,@DISEASE_Intestinal_Pseudo_Obstruction,@GENE_FAH,{'12771366'},['0.5249'],"('@DISEASE_Intestinal_Pseudo_Obstruction', 'Association', '@GENE_FAH')"
D008543,D010649,Positive_Correlation,@CHEMICAL_Melanins,@CHEMICAL_Phenylalanine,{'18389008'},['0.9946'],"('@CHEMICAL_Melanins', 'Positive_Correlation', '@CHEMICAL_Phenylalanine')"
D001205,D008543,Negative_Correlation,@CHEMICAL_Ascorbic_Acid,@CHEMICAL_Melanins,"{'18389008', '20601653'}","['0.9993', '0.9957']","('@CHEMICAL_Ascorbic_Acid', 'Negative_Correlation', '@CHEMICAL_Melanins')"
D006713,D014443,Positive_Correlation,@CHEMICAL_Homogentisic_Acid,@CHEMICAL_Tyrosine,"{'18389008', '25665838', '35444851'}","['0.3171', '0.7473', '0.7604']","('@CHEMICAL_Homogentisic_Acid', 'Positive_Correlation', '@CHEMICAL_Tyrosine')"
D007501,D008543,Negative_Correlation,@CHEMICAL_Iron,@CHEMICAL_Melanins,{'18389008'},['0.9951'],"('@CHEMICAL_Iron', 'Negative_Correlation', '@CHEMICAL_Melanins')"
C079906,D008543,Negative_Correlation,@CHEMICAL_sulcotrione,@CHEMICAL_Melanins,{'18389008'},['0.999'],"('@CHEMICAL_sulcotrione', 'Negative_Correlation', '@CHEMICAL_Melanins')"
C023793,D007501,Association,@CHEMICAL_pyomelanin,@CHEMICAL_Iron,"{'18389008', '23980114'}","['0.9976', '0.9929']","('@CHEMICAL_pyomelanin', 'Association', '@CHEMICAL_Iron')"
D015179,rs113488022##,Association,@DISEASE_Colorectal_Neoplasms,@VARIANT_p.V600E_BRAF_human,{'23112547'},['0.8383'],"('@DISEASE_Colorectal_Neoplasms', 'Association', '@VARIANT_p.V600E_BRAF_human')"
D009369,rs113488022##,Association,@DISEASE_Neoplasms,@VARIANT_p.V600E_BRAF_human,"{'23112547', '21263251'}","['0.7998', '0.6003']","('@DISEASE_Neoplasms', 'Association', '@VARIANT_p.V600E_BRAF_human')"
D003110,3845,Association,@DISEASE_Colonic_Neoplasms,@GENE_KRAS,{'23112547'},"['0.8851', '0.6038']","('@DISEASE_Colonic_Neoplasms', 'Association', '@GENE_KRAS')"
D015179,673,Association,@DISEASE_Colorectal_Neoplasms,@GENE_BRAF,{'23112547'},"['0.801', '0.8383']","('@DISEASE_Colorectal_Neoplasms', 'Association', '@GENE_BRAF')"
D015179,rs121913529##,Association,@DISEASE_Colorectal_Neoplasms,@VARIANT_p.G12D_KRAS_human,{'23112547'},['0.5507'],"('@DISEASE_Colorectal_Neoplasms', 'Association', '@VARIANT_p.G12D_KRAS_human')"
D003110,rs121913529##,Association,@DISEASE_Colonic_Neoplasms,@VARIANT_p.G12D_KRAS_human,{'23112547'},['0.6038'],"('@DISEASE_Colonic_Neoplasms', 'Association', '@VARIANT_p.G12D_KRAS_human')"
D009369,4588,Association,@DISEASE_Neoplasms,@GENE_MUC6,{'23112547'},['0.9924'],"('@DISEASE_Neoplasms', 'Association', '@GENE_MUC6')"
D015179,1499,Association,@DISEASE_Colorectal_Neoplasms,@GENE_CTNNB1,{'23112547'},['0.9996'],"('@DISEASE_Colorectal_Neoplasms', 'Association', '@GENE_CTNNB1')"
D015179,3845,Association,@DISEASE_Colorectal_Neoplasms,@GENE_KRAS,{'23112547'},"['0.9997', '0.5507']","('@DISEASE_Colorectal_Neoplasms', 'Association', '@GENE_KRAS')"
D015179,4586,Association,@DISEASE_Colorectal_Neoplasms,@GENE_MUC5AC,"{'23112547', '20731025', '40384196'}","['0.9993', '0.9949', '0.9997']","('@DISEASE_Colorectal_Neoplasms', 'Association', '@GENE_MUC5AC')"
C535918,3845,Association,@DISEASE_Schmid_Fraccaro_syndrome,@GENE_KRAS,{'23112547'},['0.9485'],"('@DISEASE_Schmid_Fraccaro_syndrome', 'Association', '@GENE_KRAS')"
D009369,rs121913529##,Association,@DISEASE_Neoplasms,@VARIANT_p.G12D_KRAS_human,{'23112547'},['0.7998'],"('@DISEASE_Neoplasms', 'Association', '@VARIANT_p.G12D_KRAS_human')"
D009369,673,Association,@DISEASE_Neoplasms,@GENE_BRAF,"{'23112547', '21263251'}","['0.7998', '0.9967', '0.6003']","('@DISEASE_Neoplasms', 'Association', '@GENE_BRAF')"
C026245,D006713,Association,@CHEMICAL_3_hydroxyphenylacetate,@CHEMICAL_Homogentisic_Acid,{'15262943'},['0.7834'],"('@CHEMICAL_3_hydroxyphenylacetate', 'Association', '@CHEMICAL_Homogentisic_Acid')"
C010590,D014443,Positive_Correlation,@CHEMICAL_4_hydroxyphenylpyruvic_acid,@CHEMICAL_Tyrosine,"{'15262943', '15052'}","['0.8806', '0.9991']","('@CHEMICAL_4_hydroxyphenylpyruvic_acid', 'Positive_Correlation', '@CHEMICAL_Tyrosine')"
C004912,C026114,Negative_Correlation,@CHEMICAL_ethylbenzene,@CHEMICAL_2_xylene,{'16701910'},['0.8917'],"('@CHEMICAL_ethylbenzene', 'Negative_Correlation', '@CHEMICAL_2_xylene')"
C004912,C025136,Negative_Correlation,@CHEMICAL_ethylbenzene,@CHEMICAL_phenylacetic_acid,{'16701910'},['0.9119'],"('@CHEMICAL_ethylbenzene', 'Negative_Correlation', '@CHEMICAL_phenylacetic_acid')"
C004912,D010422,Negative_Correlation,@CHEMICAL_ethylbenzene,@CHEMICAL_Pentanones,{'16701910'},['0.983'],"('@CHEMICAL_ethylbenzene', 'Negative_Correlation', '@CHEMICAL_Pentanones')"
C004912,3081,Association,@CHEMICAL_ethylbenzene,@GENE_HGD,"{'16701910', '17318912', '15731901'}","['0.9995', '0.8703', '0.7766']","('@CHEMICAL_ethylbenzene', 'Association', '@GENE_HGD')"
C105171,D014947,Positive_Correlation,@CHEMICAL_fumarylacetoacetate,@DISEASE_Wounds_and_Injuries,{'9689118'},['0.9993'],"('@CHEMICAL_fumarylacetoacetate', 'Positive_Correlation', '@DISEASE_Wounds_and_Injuries')"
D006713,D017093,Positive_Correlation,@CHEMICAL_Homogentisic_Acid,@DISEASE_Liver_Failure,{'9689118'},['0.999'],"('@CHEMICAL_Homogentisic_Acid', 'Positive_Correlation', '@DISEASE_Liver_Failure')"
C105171,D020176,Positive_Correlation,@CHEMICAL_fumarylacetoacetate,@DISEASE_Tyrosinemias,{'9689118'},['0.9058'],"('@CHEMICAL_fumarylacetoacetate', 'Positive_Correlation', '@DISEASE_Tyrosinemias')"
D010181,1084,Association,@DISEASE_Pancreatic_Cyst,@GENE_CEACAM3,{'23845445'},['0.9517'],"('@DISEASE_Pancreatic_Cyst', 'Association', '@GENE_CEACAM3')"
C077073,D004427,Negative_Correlation,@CHEMICAL_nitisinone,@DISEASE_Ear_Diseases,{'32904992'},['0.9822'],"('@CHEMICAL_nitisinone', 'Negative_Correlation', '@DISEASE_Ear_Diseases')"
C077073,D010859,Negative_Correlation,@CHEMICAL_nitisinone,@DISEASE_Pigmentation_Disorders,"{'33452825', '34059444', '32904992'}","['0.9991', '0.9951', '0.9969']","('@CHEMICAL_nitisinone', 'Negative_Correlation', '@DISEASE_Pigmentation_Disorders')"
D002245,D009794,Negative_Correlation,@CHEMICAL_Carbon_Dioxide,@DISEASE_Ochronosis,"{'36273949', '23368689'}","['0.9977', '0.9989']","('@CHEMICAL_Carbon_Dioxide', 'Negative_Correlation', '@DISEASE_Ochronosis')"
D003093,4586,Association,@DISEASE_Colitis_Ulcerative,@GENE_MUC5AC,{'16609910'},['0.9996'],"('@DISEASE_Colitis_Ulcerative', 'Association', '@GENE_MUC5AC')"
D000083023,4586,Association,@DISEASE_Colitis_Associated_Neoplasms,@GENE_MUC5AC,{'16609910'},['0.8228'],"('@DISEASE_Colitis_Associated_Neoplasms', 'Association', '@GENE_MUC5AC')"
D000083023,4588,Association,@DISEASE_Colitis_Associated_Neoplasms,@GENE_MUC6,{'16609910'},['0.9988'],"('@DISEASE_Colitis_Associated_Neoplasms', 'Association', '@GENE_MUC6')"
D003093,54474,Association,@DISEASE_Colitis_Ulcerative,@GENE_KRT20,{'16609910'},['0.9995'],"('@DISEASE_Colitis_Ulcerative', 'Association', '@GENE_KRT20')"
D000230,4586,Association,@DISEASE_Adenocarcinoma,@GENE_MUC5AC,"{'16609910', '28697153'}","['0.7463', '0.9452']","('@DISEASE_Adenocarcinoma', 'Association', '@GENE_MUC5AC')"
D008228,4586,Association,@DISEASE_Lymphoma_Non_Hodgkin,@GENE_MUC5AC,"{'16609910', '29278427'}","['0.7028', '0.9233']","('@DISEASE_Lymphoma_Non_Hodgkin', 'Association', '@GENE_MUC5AC')"
D003093,3855,Association,@DISEASE_Colitis_Ulcerative,@GENE_KRT7,{'16609910'},['0.9996'],"('@DISEASE_Colitis_Ulcerative', 'Association', '@GENE_KRT7')"
D003093,4588,Association,@DISEASE_Colitis_Ulcerative,@GENE_MUC6,{'16609910'},['0.9996'],"('@DISEASE_Colitis_Ulcerative', 'Association', '@GENE_MUC6')"
D003093,100508689,Association,@DISEASE_Colitis_Ulcerative,@GENE_LOC100508689,{'16609910'},['0.9994'],"('@DISEASE_Colitis_Ulcerative', 'Association', '@GENE_LOC100508689')"
D015179,100508689,Association,@DISEASE_Colorectal_Neoplasms,@GENE_LOC100508689,{'16609910'},['0.9996'],"('@DISEASE_Colorectal_Neoplasms', 'Association', '@GENE_LOC100508689')"
D015179,54474,Association,@DISEASE_Colorectal_Neoplasms,@GENE_KRT20,{'16609910'},['0.9994'],"('@DISEASE_Colorectal_Neoplasms', 'Association', '@GENE_KRT20')"
D015179,3855,Association,@DISEASE_Colorectal_Neoplasms,@GENE_KRT7,{'16609910'},['0.9993'],"('@DISEASE_Colorectal_Neoplasms', 'Association', '@GENE_KRT7')"
D000083023,3855,Association,@DISEASE_Colitis_Associated_Neoplasms,@GENE_KRT7,{'16609910'},['0.7229'],"('@DISEASE_Colitis_Associated_Neoplasms', 'Association', '@GENE_KRT7')"
C406545,D000172,Negative_Correlation,@CHEMICAL_pegvisomant,@DISEASE_Acromegaly,{'24937542'},['0.9968'],"('@CHEMICAL_pegvisomant', 'Negative_Correlation', '@DISEASE_Acromegaly')"
D013006,D000172,Negative_Correlation,@CHEMICAL_Growth_Hormone,@DISEASE_Acromegaly,{'24937542'},['0.9952'],"('@CHEMICAL_Growth_Hormone', 'Negative_Correlation', '@DISEASE_Acromegaly')"
C406545,2690,Negative_Correlation,@CHEMICAL_pegvisomant,@GENE_GHR,{'24937542'},['0.9985'],"('@CHEMICAL_pegvisomant', 'Negative_Correlation', '@GENE_GHR')"
C406545,3479,Negative_Correlation,@CHEMICAL_pegvisomant,@GENE_IGF1,{'24937542'},['0.9974'],"('@CHEMICAL_pegvisomant', 'Negative_Correlation', '@GENE_IGF1')"
C000615311,7157,Association,@CHEMICAL_Phosphorus_32,@GENE_TP53,{'9710241'},['0.5582'],"('@CHEMICAL_Phosphorus_32', 'Association', '@GENE_TP53')"
D006713,D013941,Association,@CHEMICAL_Homogentisic_Acid,@CHEMICAL_Thymine,{'9710241'},['0.9234'],"('@CHEMICAL_Homogentisic_Acid', 'Association', '@CHEMICAL_Thymine')"
D004266,847,Negative_Correlation,@DISEASE_DNA_Virus_Infections,@GENE_CAT,{'9710241'},['0.8443'],"('@DISEASE_DNA_Virus_Infections', 'Negative_Correlation', '@GENE_CAT')"
D006861,D004266,Positive_Correlation,@CHEMICAL_Hydrogen_Peroxide,@DISEASE_DNA_Virus_Infections,{'9710241'},['0.9986'],"('@CHEMICAL_Hydrogen_Peroxide', 'Positive_Correlation', '@DISEASE_DNA_Virus_Infections')"
C073870,847,Association,@CHEMICAL_cuprous_iodide,@GENE_CAT,{'9710241'},['0.5029'],"('@CHEMICAL_cuprous_iodide', 'Association', '@GENE_CAT')"
C073870,D010545,Association,@CHEMICAL_cuprous_iodide,@CHEMICAL_Peroxides,{'9710241'},['0.9658'],"('@CHEMICAL_cuprous_iodide', 'Association', '@CHEMICAL_Peroxides')"
D014443,D004266,Positive_Correlation,@CHEMICAL_Tyrosine,@DISEASE_DNA_Virus_Infections,{'9710241'},['0.9769'],"('@CHEMICAL_Tyrosine', 'Positive_Correlation', '@DISEASE_DNA_Virus_Infections')"
D006713,D006861,Positive_Correlation,@CHEMICAL_Homogentisic_Acid,@CHEMICAL_Hydrogen_Peroxide,"{'32155504', '37728338', '9710241'}","['0.996', '0.998', '0.9954']","('@CHEMICAL_Homogentisic_Acid', 'Positive_Correlation', '@CHEMICAL_Hydrogen_Peroxide')"
D006713,D004266,Positive_Correlation,@CHEMICAL_Homogentisic_Acid,@DISEASE_DNA_Virus_Infections,{'9710241'},['0.9991'],"('@CHEMICAL_Homogentisic_Acid', 'Positive_Correlation', '@DISEASE_DNA_Virus_Infections')"
D010545,D004266,Positive_Correlation,@CHEMICAL_Peroxides,@DISEASE_DNA_Virus_Infections,{'9710241'},['0.6762'],"('@CHEMICAL_Peroxides', 'Positive_Correlation', '@DISEASE_DNA_Virus_Infections')"
D003596,D006713,Association,@CHEMICAL_Cytosine,@CHEMICAL_Homogentisic_Acid,{'9710241'},['0.9934'],"('@CHEMICAL_Cytosine', 'Association', '@CHEMICAL_Homogentisic_Acid')"
C073870,D004266,Positive_Correlation,@CHEMICAL_cuprous_iodide,@DISEASE_DNA_Virus_Infections,{'9710241'},['0.9939'],"('@CHEMICAL_cuprous_iodide', 'Positive_Correlation', '@DISEASE_DNA_Virus_Infections')"
C073870,D006861,Association,@CHEMICAL_cuprous_iodide,@CHEMICAL_Hydrogen_Peroxide,{'9710241'},['0.6428'],"('@CHEMICAL_cuprous_iodide', 'Association', '@CHEMICAL_Hydrogen_Peroxide')"
D004266,7157,Association,@DISEASE_DNA_Virus_Infections,@GENE_TP53,{'9710241'},['0.5656'],"('@DISEASE_DNA_Virus_Infections', 'Association', '@GENE_TP53')"
D000080242,D006713,Positive_Correlation,@CHEMICAL_8_Hydroxy_2'_Deoxyguanosine,@CHEMICAL_Homogentisic_Acid,{'9710241'},['0.9964'],"(""@CHEMICAL_8_Hydroxy_2'_Deoxyguanosine"", 'Positive_Correlation', '@CHEMICAL_Homogentisic_Acid')"
C000615311,D009369,Association,@CHEMICAL_Phosphorus_32,@DISEASE_Neoplasms,{'9710241'},['0.9885'],"('@CHEMICAL_Phosphorus_32', 'Association', '@DISEASE_Neoplasms')"
C002478,D004266,Negative_Correlation,@CHEMICAL_bathocuproine,@DISEASE_DNA_Virus_Infections,{'9710241'},['0.9987'],"('@CHEMICAL_bathocuproine', 'Negative_Correlation', '@DISEASE_DNA_Virus_Infections')"
C000615311,D004266,Association,@CHEMICAL_Phosphorus_32,@DISEASE_DNA_Virus_Infections,{'9710241'},['0.9945'],"('@CHEMICAL_Phosphorus_32', 'Association', '@DISEASE_DNA_Virus_Infections')"
C073870,D006713,Association,@CHEMICAL_cuprous_iodide,@CHEMICAL_Homogentisic_Acid,{'9710241'},['0.8563'],"('@CHEMICAL_cuprous_iodide', 'Association', '@CHEMICAL_Homogentisic_Acid')"
C008677,D002338,Negative_Correlation,@CHEMICAL_norflurazone,@CHEMICAL_Carotenoids,{'30479543'},['0.9398'],"('@CHEMICAL_norflurazone', 'Negative_Correlation', '@CHEMICAL_Carotenoids')"
C432907,D002338,Negative_Correlation,@CHEMICAL_mesotrione,@CHEMICAL_Carotenoids,{'30479543'},['0.958'],"('@CHEMICAL_mesotrione', 'Negative_Correlation', '@CHEMICAL_Carotenoids')"
C032279,C034020,Association,@CHEMICAL_phthalic_acid,@CHEMICAL_anthracene,{'36204054'},['0.6981'],"('@CHEMICAL_phthalic_acid', 'Association', '@CHEMICAL_anthracene')"
C034020,D020156,Association,@CHEMICAL_anthracene,@CHEMICAL_Salicylic_Acid,{'36204054'},['0.9855'],"('@CHEMICAL_anthracene', 'Association', '@CHEMICAL_Salicylic_Acid')"
C034020,C043103,Association,@CHEMICAL_anthracene,@CHEMICAL_phthalic_anhydride,{'36204054'},['0.5164'],"('@CHEMICAL_anthracene', 'Association', '@CHEMICAL_phthalic_anhydride')"
C023793,D005609,Negative_Correlation,@CHEMICAL_pyomelanin,@CHEMICAL_Free_Radicals,{'38809005'},['0.9973'],"('@CHEMICAL_pyomelanin', 'Negative_Correlation', '@CHEMICAL_Free_Radicals')"
D001241,D000230,Negative_Correlation,@CHEMICAL_Aspirin,@DISEASE_Adenocarcinoma,"{'24651385', '25633286'}","['0.9992', '0.9983']","('@CHEMICAL_Aspirin', 'Negative_Correlation', '@DISEASE_Adenocarcinoma')"
D001241,D001471,Negative_Correlation,@CHEMICAL_Aspirin,@DISEASE_Barrett_Esophagus,"{'24651385', '25633286', '40794904'}","['0.9988', '0.9776', '0.9408']","('@CHEMICAL_Aspirin', 'Negative_Correlation', '@DISEASE_Barrett_Esophagus')"
D000474,213,Association,@DISEASE_Alkaptonuria,@GENE_ALB,{'39836193'},['0.9996'],"('@DISEASE_Alkaptonuria', 'Association', '@GENE_ALB')"
D001558,D006713,Association,@CHEMICAL_Benzethonium,@CHEMICAL_Homogentisic_Acid,"{'39836193', '8929077'}","['0.913', '0.9986']","('@CHEMICAL_Benzethonium', 'Association', '@CHEMICAL_Homogentisic_Acid')"
C077073,D011507,Negative_Correlation,@CHEMICAL_nitisinone,@DISEASE_Proteinuria,{'39836193'},['0.9989'],"('@CHEMICAL_nitisinone', 'Negative_Correlation', '@DISEASE_Proteinuria')"
D007674,213,Association,@DISEASE_Kidney_Diseases,@GENE_ALB,{'39836193'},['0.999'],"('@DISEASE_Kidney_Diseases', 'Association', '@GENE_ALB')"
D017257,D000474,Negative_Correlation,@CHEMICAL_Ramipril,@DISEASE_Alkaptonuria,{'39836193'},['0.8468'],"('@CHEMICAL_Ramipril', 'Negative_Correlation', '@DISEASE_Alkaptonuria')"
D017257,D011507,Negative_Correlation,@CHEMICAL_Ramipril,@DISEASE_Proteinuria,{'39836193'},['0.8976'],"('@CHEMICAL_Ramipril', 'Negative_Correlation', '@DISEASE_Proteinuria')"
D000236,7421,Negative_Correlation,@DISEASE_Adenoma,@GENE_VDR,{'29278636'},['0.9216'],"('@DISEASE_Adenoma', 'Negative_Correlation', '@GENE_VDR')"
D015179,7421,Association,@DISEASE_Colorectal_Neoplasms,@GENE_VDR,{'29278636'},['0.9905'],"('@DISEASE_Colorectal_Neoplasms', 'Association', '@GENE_VDR')"
D014807,D011127,Association,@CHEMICAL_Vitamin_D,@DISEASE_Polyps,{'29278636'},['0.7615'],"('@CHEMICAL_Vitamin_D', 'Association', '@DISEASE_Polyps')"
D014807,7421,Association,@CHEMICAL_Vitamin_D,@GENE_VDR,{'29278636'},['0.9484'],"('@CHEMICAL_Vitamin_D', 'Association', '@GENE_VDR')"
D012643,D006470,Association,@CHEMICAL_Selenium,@DISEASE_Hemorrhage,{'7888278'},['0.8014'],"('@CHEMICAL_Selenium', 'Association', '@DISEASE_Hemorrhage')"
D001151,D006470,Positive_Correlation,@CHEMICAL_Arsenic,@DISEASE_Hemorrhage,{'7888278'},['0.9801'],"('@CHEMICAL_Arsenic', 'Positive_Correlation', '@DISEASE_Hemorrhage')"
D006861,D064420,Positive_Correlation,@CHEMICAL_Hydrogen_Peroxide,@DISEASE_Drug_Related_Side_Effects_and_Adverse_Reactions,{'37728338'},['0.9593'],"('@CHEMICAL_Hydrogen_Peroxide', 'Positive_Correlation', '@DISEASE_Drug_Related_Side_Effects_and_Adverse_Reactions')"
D006713,D017382,Association,@CHEMICAL_Homogentisic_Acid,@CHEMICAL_Reactive_Oxygen_Species,{'37728338'},['0.8402'],"('@CHEMICAL_Homogentisic_Acid', 'Association', '@CHEMICAL_Reactive_Oxygen_Species')"
D001471,6513,Association,@DISEASE_Barrett_Esophagus,@GENE_CSE,"{'9149888', '10720109'}","['0.9997', '0.9997']","('@DISEASE_Barrett_Esophagus', 'Association', '@GENE_CSE')"
D000782,6513,Association,@DISEASE_Aneuploidy,@GENE_CSE,{'10720109'},['0.9984'],"('@DISEASE_Aneuploidy', 'Association', '@GENE_CSE')"
D000230,6513,Positive_Correlation,@DISEASE_Adenocarcinoma,@GENE_CSE,{'10720109'},['0.5181'],"('@DISEASE_Adenocarcinoma', 'Positive_Correlation', '@GENE_CSE')"
D008751,D003643,Negative_Correlation,@CHEMICAL_Methylene_Blue,@DISEASE_Death,{'30229904'},['0.9987'],"('@CHEMICAL_Methylene_Blue', 'Negative_Correlation', '@DISEASE_Death')"
D006713,D008708,Positive_Correlation,@CHEMICAL_Homogentisic_Acid,@DISEASE_Methemoglobinemia,{'30229904'},['0.9776'],"('@CHEMICAL_Homogentisic_Acid', 'Positive_Correlation', '@DISEASE_Methemoglobinemia')"
C010389,D008228,Positive_Correlation,@CHEMICAL_Lugol's_solution,@DISEASE_Lymphoma_Non_Hodgkin,{'38466423'},['0.6706'],"(""@CHEMICAL_Lugol's_solution"", 'Positive_Correlation', '@DISEASE_Lymphoma_Non_Hodgkin')"
C010389,D002294,Positive_Correlation,@CHEMICAL_Lugol's_solution,@DISEASE_Carcinoma_Squamous_Cell,{'38466423'},['0.4277'],"(""@CHEMICAL_Lugol's_solution"", 'Positive_Correlation', '@DISEASE_Carcinoma_Squamous_Cell')"
C010389,D009059,Negative_Correlation,@CHEMICAL_Lugol's_solution,@DISEASE_Mouth_Diseases,{'38466423'},['0.5712'],"(""@CHEMICAL_Lugol's_solution"", 'Negative_Correlation', '@DISEASE_Mouth_Diseases')"
D010833,3048,Negative_Correlation,@CHEMICAL_Phytic_Acid,@GENE_HBG2,{'11286320'},['0.999'],"('@CHEMICAL_Phytic_Acid', 'Negative_Correlation', '@GENE_HBG2')"
C077618,3048,Negative_Correlation,@CHEMICAL_2_amino_5_methylphenol,@GENE_HBG2,{'11286320'},['0.9988'],"('@CHEMICAL_2_amino_5_methylphenol', 'Negative_Correlation', '@GENE_HBG2')"
C027667,3048,Negative_Correlation,@CHEMICAL_2_aminophenol,@GENE_HBG2,{'11286320'},['0.999'],"('@CHEMICAL_2_aminophenol', 'Negative_Correlation', '@GENE_HBG2')"
C073225,3048,Negative_Correlation,@CHEMICAL_2_amino_4_methylphenol,@GENE_HBG2,{'11286320'},['0.9986'],"('@CHEMICAL_2_amino_4_methylphenol', 'Negative_Correlation', '@GENE_HBG2')"
D010649,2184,Association,@CHEMICAL_Phenylalanine,@GENE_FAH,{'23620802'},['0.9993'],"('@CHEMICAL_Phenylalanine', 'Association', '@GENE_FAH')"
D014443,5053,Association,@CHEMICAL_Tyrosine,@GENE_PAH,"{'23620802', '2167054', '36813208'}","['0.9989', '0.9957', '0.9931']","('@CHEMICAL_Tyrosine', 'Association', '@GENE_PAH')"
D000073878,D019308,Association,@CHEMICAL_Palm_Oil,@CHEMICAL_Palmitic_Acid,{'31858793'},['0.9669'],"('@CHEMICAL_Palm_Oil', 'Association', '@CHEMICAL_Palmitic_Acid')"
D006713,D007249,Association,@CHEMICAL_Homogentisic_Acid,@DISEASE_Inflammation,{'31989660'},['0.9856'],"('@CHEMICAL_Homogentisic_Acid', 'Association', '@DISEASE_Inflammation')"
D006713,1499,Association,@CHEMICAL_Homogentisic_Acid,@GENE_CTNNB1,{'31989660'},['0.9994'],"('@CHEMICAL_Homogentisic_Acid', 'Association', '@GENE_CTNNB1')"
C032890,D001386,Association,@CHEMICAL_13_hydroperoxylinoleic_acid,@CHEMICAL_Azides,{'3497895'},['0.9942'],"('@CHEMICAL_13_hydroperoxylinoleic_acid', 'Association', '@CHEMICAL_Azides')"
D010281,D006934,Association,@CHEMICAL_Parathyroid_Hormone,@DISEASE_Hypercalcemia,{'6543841'},['0.7634'],"('@CHEMICAL_Parathyroid_Hormone', 'Association', '@DISEASE_Hypercalcemia')"
C563375,3081,Association,@DISEASE_Hyperparathyroidism_Neonatal_Severe_Primary,@GENE_HGD,{'6543841'},['0.9985'],"('@DISEASE_Hyperparathyroidism_Neonatal_Severe_Primary', 'Association', '@GENE_HGD')"
D000474,391051,Association,@DISEASE_Alkaptonuria,@GENE_UOX,{'10456213'},['0.9698'],"('@DISEASE_Alkaptonuria', 'Association', '@GENE_UOX')"
D014527,391051,Association,@CHEMICAL_Uric_Acid,@GENE_UOX,{'10456213'},['0.9892'],"('@CHEMICAL_Uric_Acid', 'Association', '@GENE_UOX')"
D014527,D000474,Association,@CHEMICAL_Uric_Acid,@DISEASE_Alkaptonuria,{'10456213'},['0.9487'],"('@CHEMICAL_Uric_Acid', 'Association', '@DISEASE_Alkaptonuria')"
D000675,D006713,Association,@CHEMICAL_Ampyrone,@CHEMICAL_Homogentisic_Acid,{'10456213'},['0.7017'],"('@CHEMICAL_Ampyrone', 'Association', '@CHEMICAL_Homogentisic_Acid')"
D006713,D014527,Association,@CHEMICAL_Homogentisic_Acid,@CHEMICAL_Uric_Acid,{'10456213'},['0.9835'],"('@CHEMICAL_Homogentisic_Acid', 'Association', '@CHEMICAL_Uric_Acid')"
D006713,D010859,Negative_Correlation,@CHEMICAL_Homogentisic_Acid,@DISEASE_Pigmentation_Disorders,{'434871'},['0.539'],"('@CHEMICAL_Homogentisic_Acid', 'Negative_Correlation', '@DISEASE_Pigmentation_Disorders')"
D015104,3630,Positive_Correlation,@CHEMICAL_3_4_Methylenedioxyamphetamine,@GENE_INS,{'26500896'},['0.9802'],"('@CHEMICAL_3_4_Methylenedioxyamphetamine', 'Positive_Correlation', '@GENE_INS')"
D015104,D002318,Positive_Correlation,@CHEMICAL_3_4_Methylenedioxyamphetamine,@DISEASE_Cardiovascular_Diseases,{'26500896'},['0.998'],"('@CHEMICAL_3_4_Methylenedioxyamphetamine', 'Positive_Correlation', '@DISEASE_Cardiovascular_Diseases')"
D015104,D003920,Association,@CHEMICAL_3_4_Methylenedioxyamphetamine,@DISEASE_Diabetes_Mellitus,{'26500896'},['0.9906'],"('@CHEMICAL_3_4_Methylenedioxyamphetamine', 'Association', '@DISEASE_Diabetes_Mellitus')"
D013107,D015179,Association,@CHEMICAL_Sphingolipids,@DISEASE_Colorectal_Neoplasms,{'25595595'},['0.9986'],"('@CHEMICAL_Sphingolipids', 'Association', '@DISEASE_Colorectal_Neoplasms')"
C060506,D018256,Positive_Correlation,@CHEMICAL_sphingosine_1_phosphate,@DISEASE_Adenomatous_Polyps,{'25595595'},['0.862'],"('@CHEMICAL_sphingosine_1_phosphate', 'Positive_Correlation', '@DISEASE_Adenomatous_Polyps')"
D002518,D000092342,Negative_Correlation,@CHEMICAL_Ceramides,@DISEASE_Polypoidal_Choroidal_Vasculopathy,{'25595595'},['0.9931'],"('@CHEMICAL_Ceramides', 'Negative_Correlation', '@DISEASE_Polypoidal_Choroidal_Vasculopathy')"
C060506,D000092342,Positive_Correlation,@CHEMICAL_sphingosine_1_phosphate,@DISEASE_Polypoidal_Choroidal_Vasculopathy,{'25595595'},['0.558'],"('@CHEMICAL_sphingosine_1_phosphate', 'Positive_Correlation', '@DISEASE_Polypoidal_Choroidal_Vasculopathy')"
C060506,D009369,Positive_Correlation,@CHEMICAL_sphingosine_1_phosphate,@DISEASE_Neoplasms,{'25595595'},['0.9706'],"('@CHEMICAL_sphingosine_1_phosphate', 'Positive_Correlation', '@DISEASE_Neoplasms')"
D013107,D011127,Association,@CHEMICAL_Sphingolipids,@DISEASE_Polyps,{'25595595'},['0.9954'],"('@CHEMICAL_Sphingolipids', 'Association', '@DISEASE_Polyps')"
D002518,D009369,Negative_Correlation,@CHEMICAL_Ceramides,@DISEASE_Neoplasms,{'25595595'},['0.7035'],"('@CHEMICAL_Ceramides', 'Negative_Correlation', '@DISEASE_Neoplasms')"
D013107,C564596,Association,@CHEMICAL_Sphingolipids,@DISEASE_Cataract_Nuclear_Progressive,{'25595595'},['0.9994'],"('@CHEMICAL_Sphingolipids', 'Association', '@DISEASE_Cataract_Nuclear_Progressive')"
D013107,D000236,Association,@CHEMICAL_Sphingolipids,@DISEASE_Adenoma,{'25595595'},['0.9953'],"('@CHEMICAL_Sphingolipids', 'Association', '@DISEASE_Adenoma')"
D014443,D000474,Positive_Correlation,@CHEMICAL_Tyrosine,@DISEASE_Alkaptonuria,{'39203858'},['0.6489'],"('@CHEMICAL_Tyrosine', 'Positive_Correlation', '@DISEASE_Alkaptonuria')"
C077073,C562399,Negative_Correlation,@CHEMICAL_nitisinone,@DISEASE_Corneal_Dystrophy_Band_Shaped,{'39203858'},['0.6273'],"('@CHEMICAL_nitisinone', 'Negative_Correlation', '@DISEASE_Corneal_Dystrophy_Band_Shaped')"
D014443,D009748,Positive_Correlation,@CHEMICAL_Tyrosine,@DISEASE_Nutrition_Disorders,{'39203858'},['0.6709'],"('@CHEMICAL_Tyrosine', 'Positive_Correlation', '@DISEASE_Nutrition_Disorders')"
D006713,D009748,Positive_Correlation,@CHEMICAL_Homogentisic_Acid,@DISEASE_Nutrition_Disorders,{'39203858'},['0.9273'],"('@CHEMICAL_Homogentisic_Acid', 'Positive_Correlation', '@DISEASE_Nutrition_Disorders')"
D000474,rs28941783##,Positive_Correlation,@DISEASE_Alkaptonuria,@VARIANT_p.G161R_HGD_human,"{'34504318', '40784658', '37395296'}","['0.9753', '0.7017', '0.9101', '0.449']","('@DISEASE_Alkaptonuria', 'Positive_Correlation', '@VARIANT_p.G161R_HGD_human')"
C010389,D015792,Negative_Correlation,@CHEMICAL_Lugol's_solution,@DISEASE_Retinal_Dysplasia,"{'32698233', '29748564', '9669803'}","['0.9657', '0.9884', '0.609']","(""@CHEMICAL_Lugol's_solution"", 'Negative_Correlation', '@DISEASE_Retinal_Dysplasia')"
C010389,D004941,Negative_Correlation,@CHEMICAL_Lugol's_solution,@DISEASE_Esophagitis,{'29748564'},['0.9865'],"(""@CHEMICAL_Lugol's_solution"", 'Negative_Correlation', '@DISEASE_Esophagitis')"
C010389,D004931,Negative_Correlation,@CHEMICAL_Lugol's_solution,@DISEASE_Esophageal_Achalasia,{'29748564'},['0.9582'],"(""@CHEMICAL_Lugol's_solution"", 'Negative_Correlation', '@DISEASE_Esophageal_Achalasia')"
D008545,7157,Association,@DISEASE_Melanoma,@GENE_TP53,{'36277327'},['0.9881'],"('@DISEASE_Melanoma', 'Association', '@GENE_TP53')"
C010590,817022,Association,@CHEMICAL_4_hydroxyphenylpyruvic_acid,@GENE_TAT3,{'27726859'},['0.9939'],"('@CHEMICAL_4_hydroxyphenylpyruvic_acid', 'Association', '@GENE_TAT3')"
D014443,817022,Association,@CHEMICAL_Tyrosine,@GENE_TAT3,{'27726859'},['0.9991'],"('@CHEMICAL_Tyrosine', 'Association', '@GENE_TAT3')"
817022,837168,Association,@GENE_TAT3,@GENE_PDS1,{'27726859'},['0.966'],"('@GENE_TAT3', 'Association', '@GENE_PDS1')"
D018698,D063646,Association,@CHEMICAL_Glutamic_Acid,@DISEASE_Carcinogenesis,{'32369664'},['0.9943'],"('@CHEMICAL_Glutamic_Acid', 'Association', '@DISEASE_Carcinogenesis')"
D014633,D013274,Association,@CHEMICAL_Valine,@DISEASE_Stomach_Neoplasms,{'32369664'},['0.9989'],"('@CHEMICAL_Valine', 'Association', '@DISEASE_Stomach_Neoplasms')"
D014633,D009369,Association,@CHEMICAL_Valine,@DISEASE_Neoplasms,{'32369664'},['0.9996'],"('@CHEMICAL_Valine', 'Association', '@DISEASE_Neoplasms')"
D001224,D063646,Association,@CHEMICAL_Aspartic_Acid,@DISEASE_Carcinogenesis,{'32369664'},['0.9959'],"('@CHEMICAL_Aspartic_Acid', 'Association', '@DISEASE_Carcinogenesis')"
D005973,D063646,Association,@CHEMICAL_Glutamine,@DISEASE_Carcinogenesis,{'32369664'},['0.9965'],"('@CHEMICAL_Glutamine', 'Association', '@DISEASE_Carcinogenesis')"
D013654,D063646,Association,@CHEMICAL_Taurine,@DISEASE_Carcinogenesis,{'32369664'},['0.9986'],"('@CHEMICAL_Taurine', 'Association', '@DISEASE_Carcinogenesis')"
C003949,D063646,Association,@CHEMICAL_hypotaurine,@DISEASE_Carcinogenesis,{'32369664'},['0.9985'],"('@CHEMICAL_hypotaurine', 'Association', '@DISEASE_Carcinogenesis')"
D000230,2099,Positive_Correlation,@DISEASE_Adenocarcinoma,@GENE_ESR1,{'27003997'},['0.9655'],"('@DISEASE_Adenocarcinoma', 'Positive_Correlation', '@GENE_ESR1')"
D000230,2100,Association,@DISEASE_Adenocarcinoma,@GENE_ESR2,{'27003997'},['0.5075'],"('@DISEASE_Adenocarcinoma', 'Association', '@GENE_ESR2')"
D011125,2099,Association,@DISEASE_Adenomatous_Polyposis_Coli,@GENE_ESR1,{'27003997'},['0.9922'],"('@DISEASE_Adenomatous_Polyposis_Coli', 'Association', '@GENE_ESR1')"
2100,836,Association,@GENE_ESR2,@GENE_CASP3,{'27003997'},['0.9895'],"('@GENE_ESR2', 'Association', '@GENE_CASP3')"
D011125,2100,Association,@DISEASE_Adenomatous_Polyposis_Coli,@GENE_ESR2,{'27003997'},['0.9989'],"('@DISEASE_Adenomatous_Polyposis_Coli', 'Association', '@GENE_ESR2')"
D008228,2100,Negative_Correlation,@DISEASE_Lymphoma_Non_Hodgkin,@GENE_ESR2,{'27003997'},['0.8666'],"('@DISEASE_Lymphoma_Non_Hodgkin', 'Negative_Correlation', '@GENE_ESR2')"
C077073,D008288,Negative_Correlation,@CHEMICAL_nitisinone,@DISEASE_Malaria,{'40138457'},['0.9984'],"('@CHEMICAL_nitisinone', 'Negative_Correlation', '@DISEASE_Malaria')"
C077073,D030342,Negative_Correlation,@CHEMICAL_nitisinone,@DISEASE_Genetic_Diseases_Inborn,{'40138457'},['0.9986'],"('@CHEMICAL_nitisinone', 'Negative_Correlation', '@DISEASE_Genetic_Diseases_Inborn')"
D008228,23600,Positive_Correlation,@DISEASE_Lymphoma_Non_Hodgkin,@GENE_AMACR,"{'18665038', '29764708', '16819330', '27567189'}","['0.9287', '0.9673', '0.6204', '0.6906']","('@DISEASE_Lymphoma_Non_Hodgkin', 'Positive_Correlation', '@GENE_AMACR')"
D000230,23600,Positive_Correlation,@DISEASE_Adenocarcinoma,@GENE_AMACR,"{'29764708', '16819330', '27567189'}","['0.9536', '0.9445', '0.5257']","('@DISEASE_Adenocarcinoma', 'Positive_Correlation', '@GENE_AMACR')"
D011127,23600,Association,@DISEASE_Polyps,@GENE_AMACR,{'27567189'},['0.848'],"('@DISEASE_Polyps', 'Association', '@GENE_AMACR')"
D010984,847,Association,@CHEMICAL_Platinum,@GENE_CAT,{'32995114'},['0.9153'],"('@CHEMICAL_Platinum', 'Association', '@GENE_CAT')"
D007208,D010984,Association,@CHEMICAL_Indocyanine_Green,@CHEMICAL_Platinum,{'32995114'},['0.8642'],"('@CHEMICAL_Indocyanine_Green', 'Association', '@CHEMICAL_Platinum')"
D006861,D002534,Association,@CHEMICAL_Hydrogen_Peroxide,@DISEASE_Hypoxia_Brain,{'32995114'},['0.9773'],"('@CHEMICAL_Hydrogen_Peroxide', 'Association', '@DISEASE_Hypoxia_Brain')"
D010100,D009369,Negative_Correlation,@CHEMICAL_Oxygen,@DISEASE_Neoplasms,{'32995114'},['0.9951'],"('@CHEMICAL_Oxygen', 'Negative_Correlation', '@DISEASE_Neoplasms')"
D010100,D000860,Association,@CHEMICAL_Oxygen,@DISEASE_Hypoxia,{'32995114'},['0.774'],"('@CHEMICAL_Oxygen', 'Association', '@DISEASE_Hypoxia')"
D006861,D010984,Association,@CHEMICAL_Hydrogen_Peroxide,@CHEMICAL_Platinum,{'32995114'},['0.9077'],"('@CHEMICAL_Hydrogen_Peroxide', 'Association', '@CHEMICAL_Platinum')"
D000073396,D010984,Association,@CHEMICAL_Metal_Organic_Frameworks,@CHEMICAL_Platinum,{'32995114'},['0.9951'],"('@CHEMICAL_Metal_Organic_Frameworks', 'Association', '@CHEMICAL_Platinum')"
D009369,213,Association,@DISEASE_Neoplasms,@GENE_ALB,{'32995114'},['0.9787'],"('@DISEASE_Neoplasms', 'Association', '@GENE_ALB')"
D010100,D002534,Association,@CHEMICAL_Oxygen,@DISEASE_Hypoxia_Brain,{'32995114'},['0.5363'],"('@CHEMICAL_Oxygen', 'Association', '@DISEASE_Hypoxia_Brain')"
D010984,D002534,Negative_Correlation,@CHEMICAL_Platinum,@DISEASE_Hypoxia_Brain,{'32995114'},['0.7407'],"('@CHEMICAL_Platinum', 'Negative_Correlation', '@DISEASE_Hypoxia_Brain')"
D010984,D000860,Association,@CHEMICAL_Platinum,@DISEASE_Hypoxia,{'32995114'},['0.424'],"('@CHEMICAL_Platinum', 'Association', '@DISEASE_Hypoxia')"
D010984,213,Association,@CHEMICAL_Platinum,@GENE_ALB,{'32995114'},['0.8371'],"('@CHEMICAL_Platinum', 'Association', '@GENE_ALB')"
D010100,D010984,Association,@CHEMICAL_Oxygen,@CHEMICAL_Platinum,{'32995114'},['0.9483'],"('@CHEMICAL_Oxygen', 'Association', '@CHEMICAL_Platinum')"
D009369,114027,Association,@DISEASE_Neoplasms,@GENE_DAO,{'13937495'},['0.938'],"('@DISEASE_Neoplasms', 'Association', '@GENE_DAO')"
D004406,3630,Positive_Correlation,@DISEASE_Dysgammaglobulinemia,@GENE_INS,{'28329776'},['0.5338'],"('@DISEASE_Dysgammaglobulinemia', 'Positive_Correlation', '@GENE_INS')"
C535905,3630,Positive_Correlation,@DISEASE_Lipoatrophy_with_diabetes_hepatic_steatosis_cardiomyopathy_and_leukomelanodermic_papules,@GENE_INS,{'28329776'},['0.9985'],"('@DISEASE_Lipoatrophy_with_diabetes_hepatic_steatosis_cardiomyopathy_and_leukomelanodermic_papules', 'Positive_Correlation', '@GENE_INS')"
D019788,D000077779,Association,@CHEMICAL_Fluorodeoxyglucose_F18,@DISEASE_Pancreatic_Intraductal_Neoplasms,"{'36091311', '37951806', '34572860'}","['0.9953', '0.9306', '0.7507']","('@CHEMICAL_Fluorodeoxyglucose_F18', 'Association', '@DISEASE_Pancreatic_Intraductal_Neoplasms')"
D007455,D004935,Association,@CHEMICAL_Iodine,@DISEASE_Esophageal_Diseases,{'27818592'},['0.9307'],"('@CHEMICAL_Iodine', 'Association', '@DISEASE_Esophageal_Diseases')"
D063646,1084,Association,@DISEASE_Carcinogenesis,@GENE_CEACAM3,{'27818592'},['0.9991'],"('@DISEASE_Carcinogenesis', 'Association', '@GENE_CEACAM3')"
D009362,7157,Association,@DISEASE_Neoplasm_Metastasis,@GENE_TP53,"{'24029705', '27818592'}","['0.9933', '0.5101']","('@DISEASE_Neoplasm_Metastasis', 'Association', '@GENE_TP53')"
D002280,7157,Association,@DISEASE_Carcinoma_Basal_Cell,@GENE_TP53,{'27818592'},['0.9636'],"('@DISEASE_Carcinoma_Basal_Cell', 'Association', '@GENE_TP53')"
D005955,7431,Association,@DISEASE_Glucosephosphate_Dehydrogenase_Deficiency,@GENE_VIM,{'37333176'},['0.9991'],"('@DISEASE_Glucosephosphate_Dehydrogenase_Deficiency', 'Association', '@GENE_VIM')"
D005955,8900,Association,@DISEASE_Glucosephosphate_Dehydrogenase_Deficiency,@GENE_CCNA1,{'37333176'},['0.9994'],"('@DISEASE_Glucosephosphate_Dehydrogenase_Deficiency', 'Association', '@GENE_CCNA1')"
D000077277,407029,Association,@DISEASE_Esophageal_Squamous_Cell_Carcinoma,@GENE_MIR30A,{'32251457'},['0.9972'],"('@DISEASE_Esophageal_Squamous_Cell_Carcinoma', 'Association', '@GENE_MIR30A')"
D000077277,693159,Association,@DISEASE_Esophageal_Squamous_Cell_Carcinoma,@GENE_MIR574,{'32251457'},['0.9988'],"('@DISEASE_Esophageal_Squamous_Cell_Carcinoma', 'Association', '@GENE_MIR574')"
D000077277,406988,Association,@DISEASE_Esophageal_Squamous_Cell_Carcinoma,@GENE_MIR205,{'32251457'},['0.9988'],"('@DISEASE_Esophageal_Squamous_Cell_Carcinoma', 'Association', '@GENE_MIR205')"
D000230,406988,Negative_Correlation,@DISEASE_Adenocarcinoma,@GENE_MIR205,"{'26572780', '32251457'}","['0.7715', '0.9575']","('@DISEASE_Adenocarcinoma', 'Negative_Correlation', '@GENE_MIR205')"
D000230,693159,Negative_Correlation,@DISEASE_Adenocarcinoma,@GENE_MIR574,{'32251457'},['0.9359'],"('@DISEASE_Adenocarcinoma', 'Negative_Correlation', '@GENE_MIR574')"
D000230,407029,Negative_Correlation,@DISEASE_Adenocarcinoma,@GENE_MIR30A,{'32251457'},['0.5329'],"('@DISEASE_Adenocarcinoma', 'Negative_Correlation', '@GENE_MIR30A')"
C031721,4563,Association,@CHEMICAL_naphthalene,@GENE_TRNG,{'24475028'},['0.9955'],"('@CHEMICAL_naphthalene', 'Association', '@GENE_TRNG')"
D002734,D024505,Association,@CHEMICAL_Chlorophyll,@CHEMICAL_Tocopherols,"{'38469330', '24691571'}","['0.9941', '0.5398']","('@CHEMICAL_Chlorophyll', 'Association', '@CHEMICAL_Tocopherols')"
C529546,D002734,Association,@CHEMICAL_phytyl_diphosphate,@CHEMICAL_Chlorophyll,{'38469330'},['0.9282'],"('@CHEMICAL_phytyl_diphosphate', 'Association', '@CHEMICAL_Chlorophyll')"
D008055,D050197,Association,@CHEMICAL_Lipids,@DISEASE_Atherosclerosis,{'34596907'},['0.9946'],"('@CHEMICAL_Lipids', 'Association', '@DISEASE_Atherosclerosis')"
C010590,D002245,Association,@CHEMICAL_4_hydroxyphenylpyruvic_acid,@CHEMICAL_Carbon_Dioxide,{'873933'},['0.4636'],"('@CHEMICAL_4_hydroxyphenylpyruvic_acid', 'Association', '@CHEMICAL_Carbon_Dioxide')"
D000474,#3081#p.F329C,Positive_Correlation,@DISEASE_Alkaptonuria,@VARIANT_p.F329C_HGD_human,{'23353776'},['0.768'],"('@DISEASE_Alkaptonuria', 'Positive_Correlation', '@VARIANT_p.F329C_HGD_human')"
D000474,#3081#c.IVS7+1G>C,Positive_Correlation,@DISEASE_Alkaptonuria,@VARIANT_c.IVS7+1G>C_HGD_human,{'23353776'},['0.8156'],"('@DISEASE_Alkaptonuria', 'Positive_Correlation', '@VARIANT_c.IVS7+1G>C_HGD_human')"
#3081#c.IVS7+1G>C,D000474,Association,@VARIANT_c.IVS7+1G>C_HGD_human,@DISEASE_Alkaptonuria,{'23353776'},['0.9175'],"('@VARIANT_c.IVS7+1G>C_HGD_human', 'Association', '@DISEASE_Alkaptonuria')"
C077073,D003072,Positive_Correlation,@CHEMICAL_nitisinone,@DISEASE_Cognition_Disorders,"{'32083330', '35736410'}","['0.9914', '0.9992']","('@CHEMICAL_nitisinone', 'Positive_Correlation', '@DISEASE_Cognition_Disorders')"
C001418,C077073,Positive_Correlation,@CHEMICAL_4_hydroxyphenyllactic_acid,@CHEMICAL_nitisinone,"{'35736410', '38487984'}","['0.9992', '0.9989']","('@CHEMICAL_4_hydroxyphenyllactic_acid', 'Positive_Correlation', '@CHEMICAL_nitisinone')"
C008070,C077073,Positive_Correlation,@CHEMICAL_4_hydroxyphenylacetic_acid,@CHEMICAL_nitisinone,{'35736410'},['0.999'],"('@CHEMICAL_4_hydroxyphenylacetic_acid', 'Positive_Correlation', '@CHEMICAL_nitisinone')"
C077073,D000474,Association,@CHEMICAL_nitisinone,@DISEASE_Alkaptonuria,{'35736410'},['0.8659'],"('@CHEMICAL_nitisinone', 'Association', '@DISEASE_Alkaptonuria')"
C025787,C077073,Positive_Correlation,@CHEMICAL_N_acetyltyrosine,@CHEMICAL_nitisinone,{'35736410'},['0.9992'],"('@CHEMICAL_N_acetyltyrosine', 'Positive_Correlation', '@CHEMICAL_nitisinone')"
D001471,4513,Association,@DISEASE_Barrett_Esophagus,@GENE_COX2,{'21359892'},['0.9659'],"('@DISEASE_Barrett_Esophagus', 'Association', '@GENE_COX2')"
D009369,4513,Association,@DISEASE_Neoplasms,@GENE_COX2,{'21359892'},['0.9215'],"('@DISEASE_Neoplasms', 'Association', '@GENE_COX2')"
D000230,4513,Association,@DISEASE_Adenocarcinoma,@GENE_COX2,{'21359892'},['0.945'],"('@DISEASE_Adenocarcinoma', 'Association', '@GENE_COX2')"
D008055,D009765,Positive_Correlation,@CHEMICAL_Lipids,@DISEASE_Obesity,{'36613723'},['0.9718'],"('@CHEMICAL_Lipids', 'Positive_Correlation', '@DISEASE_Obesity')"
D005947,D008055,Positive_Correlation,@CHEMICAL_Glucose,@CHEMICAL_Lipids,"{'29899272', '36613723'}","['0.9991', '0.999']","('@CHEMICAL_Glucose', 'Positive_Correlation', '@CHEMICAL_Lipids')"
C520399,D015179,Negative_Correlation,@CHEMICAL_2_mercaptopurine,@DISEASE_Colorectal_Neoplasms,{'26351379'},['0.9374'],"('@CHEMICAL_2_mercaptopurine', 'Negative_Correlation', '@DISEASE_Colorectal_Neoplasms')"
C520399,D003093,Negative_Correlation,@CHEMICAL_2_mercaptopurine,@DISEASE_Colitis_Ulcerative,{'26351379'},['0.9972'],"('@CHEMICAL_2_mercaptopurine', 'Negative_Correlation', '@DISEASE_Colitis_Ulcerative')"
D000474,8600,Positive_Correlation,@DISEASE_Alkaptonuria,@GENE_TNFSF11,{'29353057'},['0.9949'],"('@DISEASE_Alkaptonuria', 'Positive_Correlation', '@GENE_TNFSF11')"
D000474,4982,Association,@DISEASE_Alkaptonuria,@GENE_TNFRSF11B,{'29353057'},['0.5712'],"('@DISEASE_Alkaptonuria', 'Association', '@GENE_TNFRSF11B')"
D015212,4233,Association,@DISEASE_Inflammatory_Bowel_Diseases,@GENE_MET,{'35645542'},['0.9984'],"('@DISEASE_Inflammatory_Bowel_Diseases', 'Association', '@GENE_MET')"
D015179,4233,Association,@DISEASE_Colorectal_Neoplasms,@GENE_MET,"{'36931635', '35645542'}","['0.9907', '0.9497']","('@DISEASE_Colorectal_Neoplasms', 'Association', '@GENE_MET')"
D063646,4233,Association,@DISEASE_Carcinogenesis,@GENE_MET,{'35645542'},['0.9996'],"('@DISEASE_Carcinogenesis', 'Association', '@GENE_MET')"
D009059,4233,Association,@DISEASE_Mouth_Diseases,@GENE_MET,{'35645542'},['0.9567'],"('@DISEASE_Mouth_Diseases', 'Association', '@GENE_MET')"
D003108,4233,Association,@DISEASE_Colonic_Diseases,@GENE_MET,{'35645542'},['0.6153'],"('@DISEASE_Colonic_Diseases', 'Association', '@GENE_MET')"
C024555,D000474,Association,@CHEMICAL_ferric_chloride,@DISEASE_Alkaptonuria,{'36608845'},['0.4948'],"('@CHEMICAL_ferric_chloride', 'Association', '@DISEASE_Alkaptonuria')"
D006713,D014548,Positive_Correlation,@CHEMICAL_Homogentisic_Acid,@DISEASE_Urinary_Fistula,{'36608845'},['0.9074'],"('@CHEMICAL_Homogentisic_Acid', 'Positive_Correlation', '@DISEASE_Urinary_Fistula')"
C077073,D003316,Negative_Correlation,@CHEMICAL_nitisinone,@DISEASE_Corneal_Diseases,{'24997710'},['0.9909'],"('@CHEMICAL_nitisinone', 'Negative_Correlation', '@DISEASE_Corneal_Diseases')"
D002386,#3081#p.E107A,Association,@DISEASE_Cataract,@VARIANT_p.E107A_HGD_human,{'21173272'},['0.5031'],"('@DISEASE_Cataract', 'Association', '@VARIANT_p.E107A_HGD_human')"
C077073,D000686,Positive_Correlation,@CHEMICAL_nitisinone,@DISEASE_Amyloidosis,{'36429096'},['0.9964'],"('@CHEMICAL_nitisinone', 'Positive_Correlation', '@DISEASE_Amyloidosis')"
D010181,8091,Association,@DISEASE_Pancreatic_Cyst,@GENE_HMGA2,{'26408423'},['0.7536'],"('@DISEASE_Pancreatic_Cyst', 'Association', '@GENE_HMGA2')"
D015792,8091,Association,@DISEASE_Retinal_Dysplasia,@GENE_HMGA2,{'26408423'},['0.7908'],"('@DISEASE_Retinal_Dysplasia', 'Association', '@GENE_HMGA2')"
D000077779,8091,Association,@DISEASE_Pancreatic_Intraductal_Neoplasms,@GENE_HMGA2,{'26408423'},['0.7824'],"('@DISEASE_Pancreatic_Intraductal_Neoplasms', 'Association', '@GENE_HMGA2')"
D009369,1281,Association,@DISEASE_Neoplasms,@GENE_COL3A1,{'28281307'},['0.9995'],"('@DISEASE_Neoplasms', 'Association', '@GENE_COL3A1')"
D009369,5159,Association,@DISEASE_Neoplasms,@GENE_PDGFRB,{'28281307'},['0.9996'],"('@DISEASE_Neoplasms', 'Association', '@GENE_PDGFRB')"
D009369,4321,Association,@DISEASE_Neoplasms,@GENE_MMP12,{'28281307'},['0.9995'],"('@DISEASE_Neoplasms', 'Association', '@GENE_MMP12')"
D009369,8519,Association,@DISEASE_Neoplasms,@GENE_IFITM1,{'28281307'},['0.9995'],"('@DISEASE_Neoplasms', 'Association', '@GENE_IFITM1')"
D009369,7076,Association,@DISEASE_Neoplasms,@GENE_TIMP1,{'28281307'},['0.9996'],"('@DISEASE_Neoplasms', 'Association', '@GENE_TIMP1')"
D009369,1278,Association,@DISEASE_Neoplasms,@GENE_COL1A2,{'28281307'},['0.9996'],"('@DISEASE_Neoplasms', 'Association', '@GENE_COL1A2')"
D013274,20848,Association,@DISEASE_Stomach_Neoplasms,@GENE_STAT3,{'28281307'},['0.9155'],"('@DISEASE_Stomach_Neoplasms', 'Association', '@GENE_STAT3')"
D009369,633,Association,@DISEASE_Neoplasms,@GENE_BGN,{'28281307'},['0.9995'],"('@DISEASE_Neoplasms', 'Association', '@GENE_BGN')"
D063646,21784,Association,@DISEASE_Carcinogenesis,@GENE_TFF1,{'28281307'},['0.8683'],"('@DISEASE_Carcinogenesis', 'Association', '@GENE_TFF1')"
D063646,5970,Association,@DISEASE_Carcinogenesis,@GENE_RELA,{'28281307'},['0.9953'],"('@DISEASE_Carcinogenesis', 'Association', '@GENE_RELA')"
D013274,2305,Positive_Correlation,@DISEASE_Stomach_Neoplasms,@GENE_FOXM1,{'28281307'},['0.5996'],"('@DISEASE_Stomach_Neoplasms', 'Positive_Correlation', '@GENE_FOXM1')"
D009369,5328,Association,@DISEASE_Neoplasms,@GENE_PLAU,{'28281307'},['0.9996'],"('@DISEASE_Neoplasms', 'Association', '@GENE_PLAU')"
D009369,7412,Association,@DISEASE_Neoplasms,@GENE_VCAM1,{'28281307'},['0.9995'],"('@DISEASE_Neoplasms', 'Association', '@GENE_VCAM1')"
D063646,1499,Association,@DISEASE_Carcinogenesis,@GENE_CTNNB1,{'28281307'},['0.9993'],"('@DISEASE_Carcinogenesis', 'Association', '@GENE_CTNNB1')"
D009369,9075,Association,@DISEASE_Neoplasms,@GENE_CLDN2,"{'28212604', '28281307'}","['0.9996', '0.6033']","('@DISEASE_Neoplasms', 'Association', '@GENE_CLDN2')"
D013274,7157,Negative_Correlation,@DISEASE_Stomach_Neoplasms,@GENE_TP53,{'28281307'},['0.9495'],"('@DISEASE_Stomach_Neoplasms', 'Negative_Correlation', '@GENE_TP53')"
D009369,4072,Association,@DISEASE_Neoplasms,@GENE_EPCAM,"{'30974945', '28281307'}","['0.9995', '0.9946']","('@DISEASE_Neoplasms', 'Association', '@GENE_EPCAM')"
D009369,4323,Association,@DISEASE_Neoplasms,@GENE_MMP14,{'28281307'},['0.9996'],"('@DISEASE_Neoplasms', 'Association', '@GENE_MMP14')"
D000230,21784,Association,@DISEASE_Adenocarcinoma,@GENE_TFF1,{'28281307'},['0.6667'],"('@DISEASE_Adenocarcinoma', 'Association', '@GENE_TFF1')"
D013272,21784,Association,@DISEASE_Stomach_Diseases,@GENE_TFF1,{'28281307'},['0.793'],"('@DISEASE_Stomach_Diseases', 'Association', '@GENE_TFF1')"
D063646,20848,Association,@DISEASE_Carcinogenesis,@GENE_STAT3,"{'19926618', '28281307'}","['0.9892', '0.9997']","('@DISEASE_Carcinogenesis', 'Association', '@GENE_STAT3')"
D015792,21784,Association,@DISEASE_Retinal_Dysplasia,@GENE_TFF1,{'28281307'},['0.998'],"('@DISEASE_Retinal_Dysplasia', 'Association', '@GENE_TFF1')"
D009369,4318,Association,@DISEASE_Neoplasms,@GENE_MMP9,{'28281307'},['0.9996'],"('@DISEASE_Neoplasms', 'Association', '@GENE_MMP9')"
21784,4773,Association,@GENE_TFF1,@GENE_NFATC2,{'28281307'},['0.8241'],"('@GENE_TFF1', 'Association', '@GENE_NFATC2')"
D063646,17869,Association,@DISEASE_Carcinogenesis,@GENE_MYC,{'28281307'},['0.9216'],"('@DISEASE_Carcinogenesis', 'Association', '@GENE_MYC')"
D009369,1277,Association,@DISEASE_Neoplasms,@GENE_COL1A1,{'28281307'},['0.9996'],"('@DISEASE_Neoplasms', 'Association', '@GENE_COL1A1')"
D019343,,Association,@CHEMICAL_Citric_Acid,unknown,{'28469016'},['0.9993'],"('@CHEMICAL_Citric_Acid', 'Association', 'unknown')"
D014443,,Negative_Correlation,@CHEMICAL_Tyrosine,unknown,{'28469016'},['0.6942'],"('@CHEMICAL_Tyrosine', 'Negative_Correlation', 'unknown')"
D019343,D024322,Association,@CHEMICAL_Citric_Acid,@CHEMICAL_Amino_Acids_Aromatic,{'28469016'},['0.9932'],"('@CHEMICAL_Citric_Acid', 'Association', '@CHEMICAL_Amino_Acids_Aromatic')"
D000077779,1084,Positive_Correlation,@DISEASE_Pancreatic_Intraductal_Neoplasms,@GENE_CEACAM3,{'34933794'},['0.4322'],"('@DISEASE_Pancreatic_Intraductal_Neoplasms', 'Positive_Correlation', '@GENE_CEACAM3')"
C023793,D012141,Association,@CHEMICAL_pyomelanin,@DISEASE_Respiratory_Tract_Infections,{'19332807'},['0.9805'],"('@CHEMICAL_pyomelanin', 'Association', '@DISEASE_Respiratory_Tract_Infections')"
D004416,7157,Association,@DISEASE_Dysplastic_Nevus_Syndrome,@GENE_TP53,{'35274753'},['0.7563'],"('@DISEASE_Dysplastic_Nevus_Syndrome', 'Association', '@GENE_TP53')"
5111,7157,Positive_Correlation,@GENE_PCNA,@GENE_TP53,{'7622288'},['0.916'],"('@GENE_PCNA', 'Positive_Correlation', '@GENE_TP53')"
D013272,5111,Association,@DISEASE_Stomach_Diseases,@GENE_PCNA,{'7622288'},['0.9886'],"('@DISEASE_Stomach_Diseases', 'Association', '@GENE_PCNA')"
57534,7157,Positive_Correlation,@GENE_MIB1,@GENE_TP53,{'7622288'},['0.9949'],"('@GENE_MIB1', 'Positive_Correlation', '@GENE_TP53')"
C035736,D000092124,Positive_Correlation,@CHEMICAL_glutaric_acid,@DISEASE_Organizing_Pneumonia,{'12383482'},['0.4925'],"('@CHEMICAL_glutaric_acid', 'Positive_Correlation', '@DISEASE_Organizing_Pneumonia')"
D008543,D019216,Association,@CHEMICAL_Melanins,@CHEMICAL_Metals_Heavy,{'31811318'},['0.99'],"('@CHEMICAL_Melanins', 'Association', '@CHEMICAL_Metals_Heavy')"
D004714,4588,Association,@DISEASE_Endometrial_Hyperplasia,@GENE_MUC6,{'38577693'},['0.9995'],"('@DISEASE_Endometrial_Hyperplasia', 'Association', '@GENE_MUC6')"
D004714,4586,Association,@DISEASE_Endometrial_Hyperplasia,@GENE_MUC5AC,{'38577693'},['0.9996'],"('@DISEASE_Endometrial_Hyperplasia', 'Association', '@GENE_MUC5AC')"
1045,4586,Association,@GENE_CDX2,@GENE_MUC5AC,{'38000679'},['0.6752'],"('@GENE_CDX2', 'Association', '@GENE_MUC5AC')"
D008679,1045,Negative_Correlation,@DISEASE_Metaplasia,@GENE_CDX2,{'38000679'},['0.5694'],"('@DISEASE_Metaplasia', 'Negative_Correlation', '@GENE_CDX2')"
D015792,4586,Association,@DISEASE_Retinal_Dysplasia,@GENE_MUC5AC,"{'16949933', '38000679'}","['0.9992', '0.9946']","('@DISEASE_Retinal_Dysplasia', 'Association', '@GENE_MUC5AC')"
D001663,D006258,Association,@CHEMICAL_Bilirubin,@DISEASE_Head_and_Neck_Neoplasms,{'26379733'},['0.9994'],"('@CHEMICAL_Bilirubin', 'Association', '@DISEASE_Head_and_Neck_Neoplasms')"
D001663,D000077779,Association,@CHEMICAL_Bilirubin,@DISEASE_Pancreatic_Intraductal_Neoplasms,{'26379733'},['0.902'],"('@CHEMICAL_Bilirubin', 'Association', '@DISEASE_Pancreatic_Intraductal_Neoplasms')"
D017964,D004487,Negative_Correlation,@CHEMICAL_Itraconazole,@DISEASE_Edema,{'39581297'},['0.9991'],"('@CHEMICAL_Itraconazole', 'Negative_Correlation', '@DISEASE_Edema')"
D014498,D004487,Negative_Correlation,@CHEMICAL_Uracil,@DISEASE_Edema,{'39581297'},['0.9518'],"('@CHEMICAL_Uracil', 'Negative_Correlation', '@DISEASE_Edema')"
D007053,D008628,Association,@CHEMICAL_Ice,@CHEMICAL_Mercury,{'33987720'},['0.8707'],"('@CHEMICAL_Ice', 'Association', '@CHEMICAL_Mercury')"
D006713,D012972,Association,@CHEMICAL_Homogentisic_Acid,@CHEMICAL_Sodium_Hydroxide,{'30054539'},['0.4984'],"('@CHEMICAL_Homogentisic_Acid', 'Association', '@CHEMICAL_Sodium_Hydroxide')"
D011127,54544,Association,@DISEASE_Polyps,@GENE_CRCT1,{'31579701'},['0.9973'],"('@DISEASE_Polyps', 'Association', '@GENE_CRCT1')"
C030544,D001120,Positive_Correlation,@CHEMICAL_formic_acid,@CHEMICAL_Arginine,{'27589702'},['0.9993'],"('@CHEMICAL_formic_acid', 'Positive_Correlation', '@CHEMICAL_Arginine')"
C030290,D001120,Negative_Correlation,@CHEMICAL_malonic_acid,@CHEMICAL_Arginine,"{'27589702', '26732548'}","['0.9991', '0.3914']","('@CHEMICAL_malonic_acid', 'Negative_Correlation', '@CHEMICAL_Arginine')"
D000085,D001120,Positive_Correlation,@CHEMICAL_Acetates,@CHEMICAL_Arginine,{'27589702'},['0.9993'],"('@CHEMICAL_Acetates', 'Positive_Correlation', '@CHEMICAL_Arginine')"
D001120,D019344,Negative_Correlation,@CHEMICAL_Arginine,@CHEMICAL_Lactic_Acid,{'27589702'},['0.9991'],"('@CHEMICAL_Arginine', 'Negative_Correlation', '@CHEMICAL_Lactic_Acid')"
C008472,D001120,Negative_Correlation,@CHEMICAL_N_methylnicotinamide,@CHEMICAL_Arginine,{'27589702'},['0.9991'],"('@CHEMICAL_N_methylnicotinamide', 'Negative_Correlation', '@CHEMICAL_Arginine')"
D001120,D003401,Positive_Correlation,@CHEMICAL_Arginine,@CHEMICAL_Creatine,{'27589702'},['0.9993'],"('@CHEMICAL_Arginine', 'Positive_Correlation', '@CHEMICAL_Creatine')"
C030514,D001120,Positive_Correlation,@CHEMICAL_hippuric_acid,@CHEMICAL_Arginine,{'27589702'},['0.9993'],"('@CHEMICAL_hippuric_acid', 'Positive_Correlation', '@CHEMICAL_Arginine')"
D001120,D005998,Negative_Correlation,@CHEMICAL_Arginine,@CHEMICAL_Glycine,{'27589702'},['0.9991'],"('@CHEMICAL_Arginine', 'Negative_Correlation', '@CHEMICAL_Glycine')"
C030686,D001120,Negative_Correlation,@CHEMICAL_acetamide,@CHEMICAL_Arginine,"{'27589702', '26732548'}","['0.9989', '0.9977']","('@CHEMICAL_acetamide', 'Negative_Correlation', '@CHEMICAL_Arginine')"
D001120,D058610,Negative_Correlation,@CHEMICAL_Arginine,@CHEMICAL_Isobutyrates,{'27589702'},['0.9991'],"('@CHEMICAL_Arginine', 'Negative_Correlation', '@CHEMICAL_Isobutyrates')"
D001120,D006713,Positive_Correlation,@CHEMICAL_Arginine,@CHEMICAL_Homogentisic_Acid,"{'27589702', '26732548'}","['0.9993', '0.9988']","('@CHEMICAL_Arginine', 'Positive_Correlation', '@CHEMICAL_Homogentisic_Acid')"
D001120,D003404,Positive_Correlation,@CHEMICAL_Arginine,@CHEMICAL_Creatinine,"{'27589702', '26732548'}","['0.9993', '0.9985']","('@CHEMICAL_Arginine', 'Positive_Correlation', '@CHEMICAL_Creatinine')"
D001120,D007200,Positive_Correlation,@CHEMICAL_Arginine,@CHEMICAL_Indican,{'27589702'},['0.9993'],"('@CHEMICAL_Arginine', 'Positive_Correlation', '@CHEMICAL_Indican')"
D001120,D011422,Negative_Correlation,@CHEMICAL_Arginine,@CHEMICAL_Propionates,{'27589702'},['0.9992'],"('@CHEMICAL_Arginine', 'Negative_Correlation', '@CHEMICAL_Propionates')"
D000431,D001120,Negative_Correlation,@CHEMICAL_Ethanol,@CHEMICAL_Arginine,"{'27589702', '26732548'}","['0.999', '0.9094']","('@CHEMICAL_Ethanol', 'Negative_Correlation', '@CHEMICAL_Arginine')"
D001120,D019856,Positive_Correlation,@CHEMICAL_Arginine,@CHEMICAL_Ethanolamine,{'27589702'},['0.9993'],"('@CHEMICAL_Arginine', 'Positive_Correlation', '@CHEMICAL_Ethanolamine')"
C016195,D001120,Negative_Correlation,@CHEMICAL_N_acetylglutamic_acid,@CHEMICAL_Arginine,{'27589702'},['0.9991'],"('@CHEMICAL_N_acetylglutamic_acid', 'Negative_Correlation', '@CHEMICAL_Arginine')"
D015283,D007249,Association,@CHEMICAL_Citalopram,@DISEASE_Inflammation,{'31273200'},['0.5196'],"('@CHEMICAL_Citalopram', 'Association', '@DISEASE_Inflammation')"
D000089983,D007249,Association,@CHEMICAL_Escitalopram,@DISEASE_Inflammation,{'31273200'},['0.9595'],"('@CHEMICAL_Escitalopram', 'Association', '@DISEASE_Inflammation')"
D006151,D006713,Association,@CHEMICAL_Guanosine,@CHEMICAL_Homogentisic_Acid,{'31273200'},['0.9976'],"('@CHEMICAL_Guanosine', 'Association', '@CHEMICAL_Homogentisic_Acid')"
D012701,D014364,Association,@CHEMICAL_Serotonin,@CHEMICAL_Tryptophan,{'31273200'},['0.879'],"('@CHEMICAL_Serotonin', 'Association', '@CHEMICAL_Tryptophan')"
D015283,D003866,Negative_Correlation,@CHEMICAL_Citalopram,@DISEASE_Depressive_Disorder,{'31273200'},['0.9968'],"('@CHEMICAL_Citalopram', 'Negative_Correlation', '@DISEASE_Depressive_Disorder')"
D008715,D014443,Association,@CHEMICAL_Methionine,@CHEMICAL_Tyrosine,{'31273200'},['0.9966'],"('@CHEMICAL_Methionine', 'Association', '@CHEMICAL_Tyrosine')"
D000089983,D003866,Negative_Correlation,@CHEMICAL_Escitalopram,@DISEASE_Depressive_Disorder,{'31273200'},['0.9968'],"('@CHEMICAL_Escitalopram', 'Negative_Correlation', '@DISEASE_Depressive_Disorder')"
325,6287,Bind,@GENE_APCS,@GENE_SAA@,{'39273071'},['0.9555'],"('@GENE_APCS', 'Bind', '@GENE_SAA@')"
C000718787,6287,Association,@DISEASE_AA_amyloidosis,@GENE_SAA@,{'39273071'},['0.9978'],"('@DISEASE_AA_amyloidosis', 'Association', '@GENE_SAA@')"
D006713,325,Association,@CHEMICAL_Homogentisic_Acid,@GENE_APCS,{'39273071'},['0.9747'],"('@CHEMICAL_Homogentisic_Acid', 'Association', '@GENE_APCS')"
D003093,4513,Association,@DISEASE_Colitis_Ulcerative,@GENE_COX2,{'23529322'},['0.8961'],"('@DISEASE_Colitis_Ulcerative', 'Association', '@GENE_COX2')"
D002241,D015430,Positive_Correlation,@CHEMICAL_Carbohydrates,@DISEASE_Weight_Gain,"{'36966367', '32738448'}","['0.485', '0.9905']","('@CHEMICAL_Carbohydrates', 'Positive_Correlation', '@DISEASE_Weight_Gain')"
D006713,D025242,Positive_Correlation,@CHEMICAL_Homogentisic_Acid,@DISEASE_Spondylarthropathies,{'26596578'},['0.9973'],"('@CHEMICAL_Homogentisic_Acid', 'Positive_Correlation', '@DISEASE_Spondylarthropathies')"
D006713,D007669,Positive_Correlation,@CHEMICAL_Homogentisic_Acid,@DISEASE_Kidney_Calculi,{'26596578'},['0.998'],"('@CHEMICAL_Homogentisic_Acid', 'Positive_Correlation', '@DISEASE_Kidney_Calculi')"
D006713,D006349,Positive_Correlation,@CHEMICAL_Homogentisic_Acid,@DISEASE_Heart_Valve_Diseases,"{'32202644', '19862842', '26596578', '28217270'}","['0.9962', '0.4165', '0.8981', '0.9945']","('@CHEMICAL_Homogentisic_Acid', 'Positive_Correlation', '@DISEASE_Heart_Valve_Diseases')"
D006713,D012421,Positive_Correlation,@CHEMICAL_Homogentisic_Acid,@DISEASE_Rupture,"{'31235217', '26596578'}","['0.9941', '0.9762']","('@CHEMICAL_Homogentisic_Acid', 'Positive_Correlation', '@DISEASE_Rupture')"
D006713,D001024,Positive_Correlation,@CHEMICAL_Homogentisic_Acid,@DISEASE_Aortic_Valve_Stenosis,{'26596578'},['0.9968'],"('@CHEMICAL_Homogentisic_Acid', 'Positive_Correlation', '@DISEASE_Aortic_Valve_Stenosis')"
C077073,D006333,Negative_Correlation,@CHEMICAL_nitisinone,@DISEASE_Heart_Failure,{'26596578'},['0.8352'],"('@CHEMICAL_nitisinone', 'Negative_Correlation', '@DISEASE_Heart_Failure')"
D001128,D005764,Negative_Correlation,@CHEMICAL_Argon,@DISEASE_Gastroesophageal_Reflux,{'16376846'},['0.986'],"('@CHEMICAL_Argon', 'Negative_Correlation', '@DISEASE_Gastroesophageal_Reflux')"
D001128,D000230,Negative_Correlation,@CHEMICAL_Argon,@DISEASE_Adenocarcinoma,"{'30076843', '16376846'}","['0.951', '0.9983']","('@CHEMICAL_Argon', 'Negative_Correlation', '@DISEASE_Adenocarcinoma')"
C531762,3081,Association,@DISEASE_Alkaptonuric_ochronosis,@GENE_HGD,"{'25762405', '26960557', '21822197', '12522896', '7840434', '24575791', '9270533', '10340975', '19306858'}","['0.9119', '0.8643', '0.9997', '0.7421', '0.8659', '0.9957', '0.9997', '0.6989', '0.9716', '0.9969', '0.4404', '0.9698']","('@DISEASE_Alkaptonuric_ochronosis', 'Association', '@GENE_HGD')"
D005609,D014810,Association,@CHEMICAL_Free_Radicals,@CHEMICAL_Vitamin_E,{'31654815'},['0.8971'],"('@CHEMICAL_Free_Radicals', 'Association', '@CHEMICAL_Vitamin_E')"
D005609,D009821,Association,@CHEMICAL_Free_Radicals,@CHEMICAL_Oils,{'31654815'},['0.6387'],"('@CHEMICAL_Free_Radicals', 'Association', '@CHEMICAL_Oils')"
D009821,D017965,Association,@CHEMICAL_Oils,@CHEMICAL_gamma_Linolenic_Acid,{'31654815'},['0.8888'],"('@CHEMICAL_Oils', 'Association', '@CHEMICAL_gamma_Linolenic_Acid')"
C062895,D009821,Association,@CHEMICAL_stearidonic_acid,@CHEMICAL_Oils,{'31654815'},['0.7726'],"('@CHEMICAL_stearidonic_acid', 'Association', '@CHEMICAL_Oils')"
D014810,548177,Positive_Correlation,@CHEMICAL_Vitamin_E,@GENE_LOC548177,"{'12897790', '31654815'}","['0.9968', '0.95']","('@CHEMICAL_Vitamin_E', 'Positive_Correlation', '@GENE_LOC548177')"
D009821,D014810,Association,@CHEMICAL_Oils,@CHEMICAL_Vitamin_E,{'31654815'},['0.8249'],"('@CHEMICAL_Oils', 'Association', '@CHEMICAL_Vitamin_E')"
D005609,548177,Positive_Correlation,@CHEMICAL_Free_Radicals,@GENE_LOC548177,{'31654815'},['0.5165'],"('@CHEMICAL_Free_Radicals', 'Positive_Correlation', '@GENE_LOC548177')"
C062895,732543,Association,@CHEMICAL_stearidonic_acid,@GENE_LOC732543,{'31654815'},['0.8799'],"('@CHEMICAL_stearidonic_acid', 'Association', '@GENE_LOC732543')"
D013739,D007006,Association,@CHEMICAL_Testosterone,@DISEASE_Hypogonadism,{'470786'},['0.6129'],"('@CHEMICAL_Testosterone', 'Association', '@DISEASE_Hypogonadism')"
D007986,D013739,Positive_Correlation,@CHEMICAL_Luteinizing_Hormone,@CHEMICAL_Testosterone,{'470786'},['0.5898'],"('@CHEMICAL_Luteinizing_Hormone', 'Positive_Correlation', '@CHEMICAL_Testosterone')"
D013739,D000474,Association,@CHEMICAL_Testosterone,@DISEASE_Alkaptonuria,{'470786'},['0.9611'],"('@CHEMICAL_Testosterone', 'Association', '@DISEASE_Alkaptonuria')"
D007986,D007006,Positive_Correlation,@CHEMICAL_Luteinizing_Hormone,@DISEASE_Hypogonadism,{'470786'},['0.9992'],"('@CHEMICAL_Luteinizing_Hormone', 'Positive_Correlation', '@DISEASE_Hypogonadism')"
D000244,D001791,Positive_Correlation,@CHEMICAL_Adenosine_Diphosphate,@DISEASE_Blood_Platelet_Disorders,{'16798616'},['0.9992'],"('@CHEMICAL_Adenosine_Diphosphate', 'Positive_Correlation', '@DISEASE_Blood_Platelet_Disorders')"
D008545,2244,Association,@DISEASE_Melanoma,@GENE_FGB,{'16798616'},['0.9994'],"('@DISEASE_Melanoma', 'Association', '@GENE_FGB')"
C000723335,D024505,Association,@CHEMICAL_shikimate,@CHEMICAL_Tocopherols,{'29121768'},['0.9241'],"('@CHEMICAL_shikimate', 'Association', '@CHEMICAL_Tocopherols')"
C114232,D024505,Association,@CHEMICAL_2_C_methylerythritol_4_phosphate,@CHEMICAL_Tocopherols,{'29121768'},['0.9875'],"('@CHEMICAL_2_C_methylerythritol_4_phosphate', 'Association', '@CHEMICAL_Tocopherols')"
D024505,732650,Association,@CHEMICAL_Tocopherols,@GENE_LOC732650,{'29121768'},['0.9892'],"('@CHEMICAL_Tocopherols', 'Association', '@GENE_LOC732650')"
C000723335,732650,Association,@CHEMICAL_shikimate,@GENE_LOC732650,{'29121768'},['0.9834'],"('@CHEMICAL_shikimate', 'Association', '@GENE_LOC732650')"
C030734,D010649,Positive_Correlation,@CHEMICAL_succinylacetoacetate,@CHEMICAL_Phenylalanine,{'7246125'},['0.9993'],"('@CHEMICAL_succinylacetoacetate', 'Positive_Correlation', '@CHEMICAL_Phenylalanine')"
C020804,D020176,Association,@CHEMICAL_succinylacetone,@DISEASE_Tyrosinemias,{'7246125'},['0.7063'],"('@CHEMICAL_succinylacetone', 'Association', '@DISEASE_Tyrosinemias')"
C030734,D007674,Positive_Correlation,@CHEMICAL_succinylacetoacetate,@DISEASE_Kidney_Diseases,{'7246125'},['0.976'],"('@CHEMICAL_succinylacetoacetate', 'Positive_Correlation', '@DISEASE_Kidney_Diseases')"
C105171,D020176,Association,@CHEMICAL_fumarylacetoacetate,@DISEASE_Tyrosinemias,{'7246125'},['0.9704'],"('@CHEMICAL_fumarylacetoacetate', 'Association', '@DISEASE_Tyrosinemias')"
C030734,D006713,Positive_Correlation,@CHEMICAL_succinylacetoacetate,@CHEMICAL_Homogentisic_Acid,{'7246125'},['0.9994'],"('@CHEMICAL_succinylacetoacetate', 'Positive_Correlation', '@CHEMICAL_Homogentisic_Acid')"
D000622,D006713,Positive_Correlation,@CHEMICAL_Aminolevulinic_Acid,@CHEMICAL_Homogentisic_Acid,{'7246125'},['0.9992'],"('@CHEMICAL_Aminolevulinic_Acid', 'Positive_Correlation', '@CHEMICAL_Homogentisic_Acid')"
C020804,D007674,Positive_Correlation,@CHEMICAL_succinylacetone,@DISEASE_Kidney_Diseases,{'7246125'},['0.9726'],"('@CHEMICAL_succinylacetone', 'Positive_Correlation', '@DISEASE_Kidney_Diseases')"
D000622,D010649,Positive_Correlation,@CHEMICAL_Aminolevulinic_Acid,@CHEMICAL_Phenylalanine,{'7246125'},['0.9988'],"('@CHEMICAL_Aminolevulinic_Acid', 'Positive_Correlation', '@CHEMICAL_Phenylalanine')"
D006713,D011507,Positive_Correlation,@CHEMICAL_Homogentisic_Acid,@DISEASE_Proteinuria,{'7246125'},['0.9991'],"('@CHEMICAL_Homogentisic_Acid', 'Positive_Correlation', '@DISEASE_Proteinuria')"
C020804,D010649,Positive_Correlation,@CHEMICAL_succinylacetone,@CHEMICAL_Phenylalanine,"{'7246125', '39258552'}","['0.9993', '0.777']","('@CHEMICAL_succinylacetone', 'Positive_Correlation', '@CHEMICAL_Phenylalanine')"
C020804,C030734,Comparison,@CHEMICAL_succinylacetone,@CHEMICAL_succinylacetoacetate,{'7246125'},['0.5777'],"('@CHEMICAL_succinylacetone', 'Comparison', '@CHEMICAL_succinylacetoacetate')"
C020804,D011507,Positive_Correlation,@CHEMICAL_succinylacetone,@DISEASE_Proteinuria,{'7246125'},['0.9771'],"('@CHEMICAL_succinylacetone', 'Positive_Correlation', '@DISEASE_Proteinuria')"
C030734,D011507,Positive_Correlation,@CHEMICAL_succinylacetoacetate,@DISEASE_Proteinuria,{'7246125'},['0.7293'],"('@CHEMICAL_succinylacetoacetate', 'Positive_Correlation', '@DISEASE_Proteinuria')"
D010649,D011507,Positive_Correlation,@CHEMICAL_Phenylalanine,@DISEASE_Proteinuria,{'7246125'},['0.9988'],"('@CHEMICAL_Phenylalanine', 'Positive_Correlation', '@DISEASE_Proteinuria')"
D000474,#3081#p.P230T,Association,@DISEASE_Alkaptonuria,@VARIANT_p.P230T_HGD_human,{'10205262'},['0.9399'],"('@DISEASE_Alkaptonuria', 'Association', '@VARIANT_p.P230T_HGD_human')"
D000474,#3081#p.W60G,Association,@DISEASE_Alkaptonuria,@VARIANT_p.W60G_HGD_human,{'10205262'},['0.9377'],"('@DISEASE_Alkaptonuria', 'Association', '@VARIANT_p.W60G_HGD_human')"
D000474,rs1174584850##,Association,@DISEASE_Alkaptonuria,@VARIANT_p.Y62C_HGD_human,{'10205262'},['0.9469'],"('@DISEASE_Alkaptonuria', 'Association', '@VARIANT_p.Y62C_HGD_human')"
#3081#c.+31A>G,D000474,Association,@VARIANT_c.+31A>G_HGD_human,@DISEASE_Alkaptonuria,{'10205262'},['0.9706'],"('@VARIANT_c.+31A>G_HGD_human', 'Association', '@DISEASE_Alkaptonuria')"
D000474,rs754428438##,Association,@DISEASE_Alkaptonuria,@VARIANT_p.D291E_HGD_human,{'10205262'},['0.9026'],"('@DISEASE_Alkaptonuria', 'Association', '@VARIANT_p.D291E_HGD_human')"
#3081#c.-1G>A,D000474,Association,@VARIANT_c._1G>A_HGD_human,@DISEASE_Alkaptonuria,{'10205262'},['0.8935'],"('@VARIANT_c._1G>A_HGD_human', 'Association', '@DISEASE_Alkaptonuria')"
#3081#c.+18A>G,D000474,Association,@VARIANT_c.+18A>G_HGD_human,@DISEASE_Alkaptonuria,{'10205262'},['0.9899'],"('@VARIANT_c.+18A>G_HGD_human', 'Association', '@DISEASE_Alkaptonuria')"
D000474,#3081#c.+31A>G,Association,@DISEASE_Alkaptonuria,@VARIANT_c.+31A>G_HGD_human,{'10205262'},['0.9797'],"('@DISEASE_Alkaptonuria', 'Association', '@VARIANT_c.+31A>G_HGD_human')"
D000474,#3081#p.A122D,Association,@DISEASE_Alkaptonuria,@VARIANT_p.A122D_HGD_human,{'10205262'},['0.9764'],"('@DISEASE_Alkaptonuria', 'Association', '@VARIANT_p.A122D_HGD_human')"
C023793,3586,Positive_Correlation,@CHEMICAL_pyomelanin,@GENE_IL10,{'39769171'},['0.9212'],"('@CHEMICAL_pyomelanin', 'Positive_Correlation', '@GENE_IL10')"
C023793,D014867,Association,@CHEMICAL_pyomelanin,@CHEMICAL_Water,{'39769171'},['0.9118'],"('@CHEMICAL_pyomelanin', 'Association', '@CHEMICAL_Water')"
C023793,632,Positive_Correlation,@CHEMICAL_pyomelanin,@GENE_BGLAP,{'39769171'},['0.9988'],"('@CHEMICAL_pyomelanin', 'Positive_Correlation', '@GENE_BGLAP')"
C023793,7124,Positive_Correlation,@CHEMICAL_pyomelanin,@GENE_TNF,{'39769171'},['0.9942'],"('@CHEMICAL_pyomelanin', 'Positive_Correlation', '@GENE_TNF')"
C023793,D004317,Negative_Correlation,@CHEMICAL_pyomelanin,@CHEMICAL_Doxorubicin,{'39769171'},['0.9987'],"('@CHEMICAL_pyomelanin', 'Negative_Correlation', '@CHEMICAL_Doxorubicin')"
C023793,250,Positive_Correlation,@CHEMICAL_pyomelanin,@GENE_ALPP,{'39769171'},['0.999'],"('@CHEMICAL_pyomelanin', 'Positive_Correlation', '@GENE_ALPP')"
D014807,3651,Positive_Correlation,@CHEMICAL_Vitamin_D,@GENE_PDX1,{'38874843'},['0.5984'],"('@CHEMICAL_Vitamin_D', 'Positive_Correlation', '@GENE_PDX1')"
D005947,3630,Positive_Correlation,@CHEMICAL_Glucose,@GENE_INS,{'38874843'},['0.9993'],"('@CHEMICAL_Glucose', 'Positive_Correlation', '@GENE_INS')"
D014807,3630,Association,@CHEMICAL_Vitamin_D,@GENE_INS,{'38874843'},['0.9956'],"('@CHEMICAL_Vitamin_D', 'Association', '@GENE_INS')"
D015179,8061,Association,@DISEASE_Colorectal_Neoplasms,@GENE_FOSL1,{'36931635'},['0.9988'],"('@DISEASE_Colorectal_Neoplasms', 'Association', '@GENE_FOSL1')"
D015179,1048,Association,@DISEASE_Colorectal_Neoplasms,@GENE_CEACAM5,{'36931635'},['0.7868'],"('@DISEASE_Colorectal_Neoplasms', 'Association', '@GENE_CEACAM5')"
D015179,4072,Association,@DISEASE_Colorectal_Neoplasms,@GENE_EPCAM,{'36931635'},['0.9841'],"('@DISEASE_Colorectal_Neoplasms', 'Association', '@GENE_EPCAM')"
D015179,2348,Association,@DISEASE_Colorectal_Neoplasms,@GENE_FOLR1,{'36931635'},['0.9752'],"('@DISEASE_Colorectal_Neoplasms', 'Association', '@GENE_FOLR1')"
C023793,D014443,Positive_Correlation,@CHEMICAL_pyomelanin,@CHEMICAL_Tyrosine,"{'24391152', '25568259', '19573203'}","['0.4176', '0.9886', '0.9782']","('@CHEMICAL_pyomelanin', 'Positive_Correlation', '@CHEMICAL_Tyrosine')"
D019342,D001471,Negative_Correlation,@CHEMICAL_Acetic_Acid,@DISEASE_Barrett_Esophagus,{'26371851'},['0.8758'],"('@CHEMICAL_Acetic_Acid', 'Negative_Correlation', '@DISEASE_Barrett_Esophagus')"
D019342,D007410,Negative_Correlation,@CHEMICAL_Acetic_Acid,@DISEASE_Intestinal_Diseases,{'26371851'},['0.8235'],"('@CHEMICAL_Acetic_Acid', 'Negative_Correlation', '@DISEASE_Intestinal_Diseases')"
D019342,D009369,Negative_Correlation,@CHEMICAL_Acetic_Acid,@DISEASE_Neoplasms,{'26371851'},['0.8849'],"('@CHEMICAL_Acetic_Acid', 'Negative_Correlation', '@DISEASE_Neoplasms')"
D008228,596,Association,@DISEASE_Lymphoma_Non_Hodgkin,@GENE_BCL2,{'12760292'},['0.9973'],"('@DISEASE_Lymphoma_Non_Hodgkin', 'Association', '@GENE_BCL2')"
D003093,596,Association,@DISEASE_Colitis_Ulcerative,@GENE_BCL2,"{'12760292', '10452501'}","['0.9063', '0.9939']","('@DISEASE_Colitis_Ulcerative', 'Association', '@GENE_BCL2')"
C082097,D003324,Negative_Correlation,@CHEMICAL_tocotrienol_delta,@DISEASE_Coronary_Artery_Disease,{'40248488'},['0.9988'],"('@CHEMICAL_tocotrienol_delta', 'Negative_Correlation', '@DISEASE_Coronary_Artery_Disease')"
D014810,D007249,Negative_Correlation,@CHEMICAL_Vitamin_E,@DISEASE_Inflammation,{'40248488'},['0.9982'],"('@CHEMICAL_Vitamin_E', 'Negative_Correlation', '@DISEASE_Inflammation')"
C082097,D007249,Negative_Correlation,@CHEMICAL_tocotrienol_delta,@DISEASE_Inflammation,{'40248488'},['0.9987'],"('@CHEMICAL_tocotrienol_delta', 'Negative_Correlation', '@DISEASE_Inflammation')"
D014810,D003324,Negative_Correlation,@CHEMICAL_Vitamin_E,@DISEASE_Coronary_Artery_Disease,{'40248488'},['0.9962'],"('@CHEMICAL_Vitamin_E', 'Negative_Correlation', '@DISEASE_Coronary_Artery_Disease')"
C026245,D006713,Negative_Correlation,@CHEMICAL_3_hydroxyphenylacetate,@CHEMICAL_Homogentisic_Acid,{'21423751'},['0.9342'],"('@CHEMICAL_3_hydroxyphenylacetate', 'Negative_Correlation', '@CHEMICAL_Homogentisic_Acid')"
C026246,4005085,Association,@CHEMICAL_4_hydroxyphenylacetate,@GENE_BXE_RS08460,{'21423751'},['0.7609'],"('@CHEMICAL_4_hydroxyphenylacetate', 'Association', '@GENE_BXE_RS08460')"
C026246,4010869,Positive_Correlation,@CHEMICAL_4_hydroxyphenylacetate,@GENE_BXE_RS43055,{'21423751'},['0.9983'],"('@CHEMICAL_4_hydroxyphenylacetate', 'Positive_Correlation', '@GENE_BXE_RS43055')"
C026246,D006713,Negative_Correlation,@CHEMICAL_4_hydroxyphenylacetate,@CHEMICAL_Homogentisic_Acid,{'21423751'},['0.9872'],"('@CHEMICAL_4_hydroxyphenylacetate', 'Negative_Correlation', '@CHEMICAL_Homogentisic_Acid')"
C026245,4010507,Association,@CHEMICAL_3_hydroxyphenylacetate,@GENE_BXE_RS41395,{'21423751'},['0.9432'],"('@CHEMICAL_3_hydroxyphenylacetate', 'Association', '@GENE_BXE_RS41395')"
C026245,4010869,Positive_Correlation,@CHEMICAL_3_hydroxyphenylacetate,@GENE_BXE_RS43055,{'21423751'},['0.9868'],"('@CHEMICAL_3_hydroxyphenylacetate', 'Positive_Correlation', '@GENE_BXE_RS43055')"
C026245,4002564,Positive_Correlation,@CHEMICAL_3_hydroxyphenylacetate,@GENE_FAHA,{'21423751'},['0.9979'],"('@CHEMICAL_3_hydroxyphenylacetate', 'Positive_Correlation', '@GENE_FAHA')"
C026246,4010507,Association,@CHEMICAL_4_hydroxyphenylacetate,@GENE_BXE_RS41395,{'21423751'},['0.9906'],"('@CHEMICAL_4_hydroxyphenylacetate', 'Association', '@GENE_BXE_RS41395')"
C026246,4002564,Positive_Correlation,@CHEMICAL_4_hydroxyphenylacetate,@GENE_FAHA,{'21423751'},['0.9993'],"('@CHEMICAL_4_hydroxyphenylacetate', 'Positive_Correlation', '@GENE_FAHA')"
C026245,4005085,Association,@CHEMICAL_3_hydroxyphenylacetate,@GENE_BXE_RS08460,{'21423751'},['0.998'],"('@CHEMICAL_3_hydroxyphenylacetate', 'Association', '@GENE_BXE_RS08460')"
D009020,D014443,Association,@CHEMICAL_Morphine,@CHEMICAL_Tyrosine,{'29477627'},['0.9985'],"('@CHEMICAL_Morphine', 'Association', '@CHEMICAL_Tyrosine')"
D014443,D014810,Association,@CHEMICAL_Tyrosine,@CHEMICAL_Vitamin_E,{'29477627'},['0.9984'],"('@CHEMICAL_Tyrosine', 'Association', '@CHEMICAL_Vitamin_E')"
D008911,D006327,Positive_Correlation,@CHEMICAL_Minocycline,@DISEASE_Heart_Block,{'36335620'},['0.9668'],"('@CHEMICAL_Minocycline', 'Positive_Correlation', '@DISEASE_Heart_Block')"
D006713,D002357,Association,@CHEMICAL_Homogentisic_Acid,@DISEASE_Cartilage_Diseases,{'31022456'},['0.9912'],"('@CHEMICAL_Homogentisic_Acid', 'Association', '@DISEASE_Cartilage_Diseases')"
C077073,D001168,Negative_Correlation,@CHEMICAL_nitisinone,@DISEASE_Arthritis,{'31022456'},['0.8044'],"('@CHEMICAL_nitisinone', 'Negative_Correlation', '@DISEASE_Arthritis')"
D001391,1666,Association,@CHEMICAL_Azo_Compounds,@GENE_DECR1,{'38518494'},['0.9993'],"('@CHEMICAL_Azo_Compounds', 'Association', '@GENE_DECR1')"
D001391,3081,Association,@CHEMICAL_Azo_Compounds,@GENE_HGD,{'38518494'},['0.9993'],"('@CHEMICAL_Azo_Compounds', 'Association', '@GENE_HGD')"
D005947,D011629,Positive_Correlation,@CHEMICAL_Glucose,@DISEASE_Puberty_Precocious,{'38118311'},['0.9991'],"('@CHEMICAL_Glucose', 'Positive_Correlation', '@DISEASE_Puberty_Precocious')"
D005947,D009765,Positive_Correlation,@CHEMICAL_Glucose,@DISEASE_Obesity,"{'29899272', '38118311', '30299269', '40634535'}","['0.9908', '0.9986', '0.9974', '0.9992']","('@CHEMICAL_Glucose', 'Positive_Correlation', '@DISEASE_Obesity')"
D005947,D044343,Positive_Correlation,@CHEMICAL_Glucose,@DISEASE_Overnutrition,{'38118311'},['0.9984'],"('@CHEMICAL_Glucose', 'Positive_Correlation', '@DISEASE_Overnutrition')"
D000014,7157,Association,@DISEASE_Abnormalities_Drug_Induced,@GENE_TP53,{'25284618'},['0.8702'],"('@DISEASE_Abnormalities_Drug_Induced', 'Association', '@GENE_TP53')"
C010590,D024505,Association,@CHEMICAL_4_hydroxyphenylpyruvic_acid,@CHEMICAL_Tocopherols,{'24272117'},['0.8628'],"('@CHEMICAL_4_hydroxyphenylpyruvic_acid', 'Association', '@CHEMICAL_Tocopherols')"
D006713,D024502,Association,@CHEMICAL_Homogentisic_Acid,@CHEMICAL_alpha_Tocopherol,{'24272117'},['0.7885'],"('@CHEMICAL_Homogentisic_Acid', 'Association', '@CHEMICAL_alpha_Tocopherol')"
D009361,11200,Association,@DISEASE_Neoplasm_Invasiveness,@GENE_CHEK2,{'18641004'},['0.535'],"('@DISEASE_Neoplasm_Invasiveness', 'Association', '@GENE_CHEK2')"
D009361,3014,Negative_Correlation,@DISEASE_Neoplasm_Invasiveness,@GENE_H2AX,{'18641004'},['0.7405'],"('@DISEASE_Neoplasm_Invasiveness', 'Negative_Correlation', '@GENE_H2AX')"
D063646,7014,Association,@DISEASE_Carcinogenesis,@GENE_TERF2,{'18641004'},['0.9137'],"('@DISEASE_Carcinogenesis', 'Association', '@GENE_TERF2')"
D008228,3014,Association,@DISEASE_Lymphoma_Non_Hodgkin,@GENE_H2AX,"{'18641004', '29764708'}","['0.9982', '0.9944']","('@DISEASE_Lymphoma_Non_Hodgkin', 'Association', '@GENE_H2AX')"
D008228,11200,Association,@DISEASE_Lymphoma_Non_Hodgkin,@GENE_CHEK2,{'18641004'},['0.9986'],"('@DISEASE_Lymphoma_Non_Hodgkin', 'Association', '@GENE_CHEK2')"
D008228,7013,Negative_Correlation,@DISEASE_Lymphoma_Non_Hodgkin,@GENE_TERF1,{'18641004'},['0.9042'],"('@DISEASE_Lymphoma_Non_Hodgkin', 'Negative_Correlation', '@GENE_TERF1')"
3014,7014,Association,@GENE_H2AX,@GENE_TERF2,{'18641004'},['0.699'],"('@GENE_H2AX', 'Association', '@GENE_TERF2')"
D008228,7014,Negative_Correlation,@DISEASE_Lymphoma_Non_Hodgkin,@GENE_TERF2,{'18641004'},['0.9732'],"('@DISEASE_Lymphoma_Non_Hodgkin', 'Negative_Correlation', '@GENE_TERF2')"
D063646,7013,Association,@DISEASE_Carcinogenesis,@GENE_TERF1,{'18641004'},['0.9483'],"('@DISEASE_Carcinogenesis', 'Association', '@GENE_TERF1')"
D008228,472,Association,@DISEASE_Lymphoma_Non_Hodgkin,@GENE_ATM,"{'38551383', '18641004'}","['0.9961', '0.9995']","('@DISEASE_Lymphoma_Non_Hodgkin', 'Association', '@GENE_ATM')"
D009361,472,Association,@DISEASE_Neoplasm_Invasiveness,@GENE_ATM,{'18641004'},['0.7433'],"('@DISEASE_Neoplasm_Invasiveness', 'Association', '@GENE_ATM')"
D008228,7040,Positive_Correlation,@DISEASE_Lymphoma_Non_Hodgkin,@GENE_TGFB1,{'17394006'},['0.987'],"('@DISEASE_Lymphoma_Non_Hodgkin', 'Positive_Correlation', '@GENE_TGFB1')"
D015179,7040,Association,@DISEASE_Colorectal_Neoplasms,@GENE_TGFB1,{'17394006'},['0.8258'],"('@DISEASE_Colorectal_Neoplasms', 'Association', '@GENE_TGFB1')"
4318,7040,Positive_Correlation,@GENE_MMP9,@GENE_TGFB1,{'17394006'},['0.793'],"('@GENE_MMP9', 'Positive_Correlation', '@GENE_TGFB1')"
D008228,4318,Positive_Correlation,@DISEASE_Lymphoma_Non_Hodgkin,@GENE_MMP9,{'17394006'},['0.9206'],"('@DISEASE_Lymphoma_Non_Hodgkin', 'Positive_Correlation', '@GENE_MMP9')"
D015179,4318,Association,@DISEASE_Colorectal_Neoplasms,@GENE_MMP9,{'17394006'},['0.9996'],"('@DISEASE_Colorectal_Neoplasms', 'Association', '@GENE_MMP9')"
D000236,7040,Association,@DISEASE_Adenoma,@GENE_TGFB1,{'17394006'},['0.997'],"('@DISEASE_Adenoma', 'Association', '@GENE_TGFB1')"
C060218,D006713,Association,@CHEMICAL_homophthalic_acid,@CHEMICAL_Homogentisic_Acid,"{'2744421', '23835751'}","['0.9933', '0.9903']","('@CHEMICAL_homophthalic_acid', 'Association', '@CHEMICAL_Homogentisic_Acid')"
C008070,C060218,Association,@CHEMICAL_4_hydroxyphenylacetic_acid,@CHEMICAL_homophthalic_acid,{'2744421'},['0.9987'],"('@CHEMICAL_4_hydroxyphenylacetic_acid', 'Association', '@CHEMICAL_homophthalic_acid')"
C007517,D003911,Negative_Correlation,@CHEMICAL_diphenyleneiodonium,@CHEMICAL_Dextrans,{'17933889'},['0.7872'],"('@CHEMICAL_diphenyleneiodonium', 'Negative_Correlation', '@CHEMICAL_Dextrans')"
C004479,D009569,Negative_Correlation,@CHEMICAL_pimagedine,@CHEMICAL_Nitric_Oxide,{'17933889'},['0.9993'],"('@CHEMICAL_pimagedine', 'Negative_Correlation', '@CHEMICAL_Nitric_Oxide')"
C004479,D003911,Negative_Correlation,@CHEMICAL_pimagedine,@CHEMICAL_Dextrans,{'17933889'},['0.6619'],"('@CHEMICAL_pimagedine', 'Negative_Correlation', '@CHEMICAL_Dextrans')"
D002118,C567172,Negative_Correlation,@CHEMICAL_Calcium,@DISEASE_Osteopenic_Nonfracture_Syndrome,{'16924393'},['0.6469'],"('@CHEMICAL_Calcium', 'Negative_Correlation', '@DISEASE_Osteopenic_Nonfracture_Syndrome')"
D019386,D001847,Negative_Correlation,@CHEMICAL_Alendronate,@DISEASE_Bone_Diseases,{'16924393'},['0.9977'],"('@CHEMICAL_Alendronate', 'Negative_Correlation', '@DISEASE_Bone_Diseases')"
D019386,D058866,Negative_Correlation,@CHEMICAL_Alendronate,@DISEASE_Osteoporotic_Fractures,{'16924393'},['0.9979'],"('@CHEMICAL_Alendronate', 'Negative_Correlation', '@DISEASE_Osteoporotic_Fractures')"
D004164,D058866,Negative_Correlation,@CHEMICAL_Diphosphonates,@DISEASE_Osteoporotic_Fractures,{'16924393'},['0.8762'],"('@CHEMICAL_Diphosphonates', 'Negative_Correlation', '@DISEASE_Osteoporotic_Fractures')"
D019386,C567172,Negative_Correlation,@CHEMICAL_Alendronate,@DISEASE_Osteopenic_Nonfracture_Syndrome,{'16924393'},['0.9976'],"('@CHEMICAL_Alendronate', 'Negative_Correlation', '@DISEASE_Osteopenic_Nonfracture_Syndrome')"
D004164,D010024,Negative_Correlation,@CHEMICAL_Diphosphonates,@DISEASE_Osteoporosis,{'34926730'},['0.9968'],"('@CHEMICAL_Diphosphonates', 'Negative_Correlation', '@DISEASE_Osteoporosis')"
C077073,D050723,Negative_Correlation,@CHEMICAL_nitisinone,@DISEASE_Fractures_Bone,{'34926730'},['0.4941'],"('@CHEMICAL_nitisinone', 'Negative_Correlation', '@DISEASE_Fractures_Bone')"
D004164,D005600,Negative_Correlation,@CHEMICAL_Diphosphonates,@DISEASE_Fragile_X_Syndrome,{'34926730'},['0.9692'],"('@CHEMICAL_Diphosphonates', 'Negative_Correlation', '@DISEASE_Fragile_X_Syndrome')"
D019379,1593,Positive_Correlation,@CHEMICAL_Teriparatide,@GENE_CYP27A1,{'34926730'},['0.9961'],"('@CHEMICAL_Teriparatide', 'Positive_Correlation', '@GENE_CYP27A1')"
D019379,D000474,Negative_Correlation,@CHEMICAL_Teriparatide,@DISEASE_Alkaptonuria,"{'36583204', '34926730'}","['0.9979', '0.998']","('@CHEMICAL_Teriparatide', 'Negative_Correlation', '@DISEASE_Alkaptonuria')"
D019379,D050723,Negative_Correlation,@CHEMICAL_Teriparatide,@DISEASE_Fractures_Bone,{'34926730'},['0.9986'],"('@CHEMICAL_Teriparatide', 'Negative_Correlation', '@DISEASE_Fractures_Bone')"
D019379,D058866,Negative_Correlation,@CHEMICAL_Teriparatide,@DISEASE_Osteoporotic_Fractures,{'34926730'},['0.9988'],"('@CHEMICAL_Teriparatide', 'Negative_Correlation', '@DISEASE_Osteoporotic_Fractures')"
D004164,D000474,Negative_Correlation,@CHEMICAL_Diphosphonates,@DISEASE_Alkaptonuria,{'34926730'},['0.6454'],"('@CHEMICAL_Diphosphonates', 'Negative_Correlation', '@DISEASE_Alkaptonuria')"
D004164,D019379,Cotreatment,@CHEMICAL_Diphosphonates,@CHEMICAL_Teriparatide,{'34926730'},['0.3467'],"('@CHEMICAL_Diphosphonates', 'Cotreatment', '@CHEMICAL_Teriparatide')"
D004164,D050723,Negative_Correlation,@CHEMICAL_Diphosphonates,@DISEASE_Fractures_Bone,{'34926730'},['0.9807'],"('@CHEMICAL_Diphosphonates', 'Negative_Correlation', '@DISEASE_Fractures_Bone')"
D019379,D001847,Positive_Correlation,@CHEMICAL_Teriparatide,@DISEASE_Bone_Diseases,{'34926730'},['0.9974'],"('@CHEMICAL_Teriparatide', 'Positive_Correlation', '@DISEASE_Bone_Diseases')"
C465008,D014280,Association,@CHEMICAL_phenyldecanoic_acid,@CHEMICAL_Triglycerides,{'11988514'},['0.9614'],"('@CHEMICAL_phenyldecanoic_acid', 'Association', '@CHEMICAL_Triglycerides')"
D008715,51991539,Association,@CHEMICAL_Methionine,@GENE_GPJ55_RS05515,"{'17522047', '17961230'}","['0.9993', '0.9995']","('@CHEMICAL_Methionine', 'Association', '@GENE_GPJ55_RS05515')"
D001471,23600,Association,@DISEASE_Barrett_Esophagus,@GENE_AMACR,"{'29764708', '16819330', '26766126', '17021130', '18665038'}","['0.9997', '0.8591', '0.9995', '0.9993', '0.9996']","('@DISEASE_Barrett_Esophagus', 'Association', '@GENE_AMACR')"
D006713,D009369,Negative_Correlation,@CHEMICAL_Homogentisic_Acid,@DISEASE_Neoplasms,"{'3686921', '33805084'}","['0.9864', '0.866']","('@CHEMICAL_Homogentisic_Acid', 'Negative_Correlation', '@DISEASE_Neoplasms')"
C017616,D009369,Negative_Correlation,@CHEMICAL_phenolic_acid,@DISEASE_Neoplasms,{'33805084'},['0.3348'],"('@CHEMICAL_phenolic_acid', 'Negative_Correlation', '@DISEASE_Neoplasms')"
C023793,C535306,Association,@CHEMICAL_pyomelanin,@DISEASE_2_Hydroxyglutaricaciduria,{'26093627'},['0.9811'],"('@CHEMICAL_pyomelanin', 'Association', '@DISEASE_2_Hydroxyglutaricaciduria')"
C535501,6358,Positive_Correlation,@DISEASE_Epiphyseal_dysplasia_multiple_1,@GENE_CCL14,{'14743395'},['0.7848'],"('@DISEASE_Epiphyseal_dysplasia_multiple_1', 'Positive_Correlation', '@GENE_CCL14')"
D015179,6358,Association,@DISEASE_Colorectal_Neoplasms,@GENE_CCL14,{'14743395'},['0.8067'],"('@DISEASE_Colorectal_Neoplasms', 'Association', '@GENE_CCL14')"
D018256,6358,Association,@DISEASE_Adenomatous_Polyps,@GENE_CCL14,{'14743395'},['0.9988'],"('@DISEASE_Adenomatous_Polyps', 'Association', '@GENE_CCL14')"
D000236,6358,Association,@DISEASE_Adenoma,@GENE_CCL14,{'14743395'},['0.939'],"('@DISEASE_Adenoma', 'Association', '@GENE_CCL14')"
D000083023,7157,Association,@DISEASE_Colitis_Associated_Neoplasms,@GENE_TP53,{'10571818'},['0.7938'],"('@DISEASE_Colitis_Associated_Neoplasms', 'Association', '@GENE_TP53')"
D009369,56475,Negative_Correlation,@DISEASE_Neoplasms,@GENE_RPRM,{'40244164'},['0.9358'],"('@DISEASE_Neoplasms', 'Negative_Correlation', '@GENE_RPRM')"
D013274,56475,Association,@DISEASE_Stomach_Neoplasms,@GENE_RPRM,{'40244164'},['0.9995'],"('@DISEASE_Stomach_Neoplasms', 'Association', '@GENE_RPRM')"
D008055,D024505,Negative_Correlation,@CHEMICAL_Lipids,@CHEMICAL_Tocopherols,{'15155886'},['0.9934'],"('@CHEMICAL_Lipids', 'Negative_Correlation', '@CHEMICAL_Tocopherols')"
D007153,816412,Positive_Correlation,@DISEASE_Immunologic_Deficiency_Syndromes,@GENE_HPT1,{'15155886'},['0.9754'],"('@DISEASE_Immunologic_Deficiency_Syndromes', 'Positive_Correlation', '@GENE_HPT1')"
D024505,816412,Association,@CHEMICAL_Tocopherols,@GENE_HPT1,"{'20691023', '15155886', '17978586', '12011362'}","['0.4988', '0.9988', '0.6611', '0.8158']","('@CHEMICAL_Tocopherols', 'Association', '@GENE_HPT1')"
D007153,829413,Positive_Correlation,@DISEASE_Immunologic_Deficiency_Syndromes,@GENE_VTE1,{'15155886'},['0.8245'],"('@DISEASE_Immunologic_Deficiency_Syndromes', 'Positive_Correlation', '@GENE_VTE1')"
D008054,816412,Association,@CHEMICAL_Lipid_Peroxides,@GENE_HPT1,{'15155886'},['0.7221'],"('@CHEMICAL_Lipid_Peroxides', 'Association', '@GENE_HPT1')"
D008055,D014810,Association,@CHEMICAL_Lipids,@CHEMICAL_Vitamin_E,"{'16258032', '15155886'}","['0.5379', '0.9753']","('@CHEMICAL_Lipids', 'Association', '@CHEMICAL_Vitamin_E')"
C077073,D009447,Negative_Correlation,@CHEMICAL_nitisinone,@DISEASE_Neuroblastoma,{'34641489'},['0.9983'],"('@CHEMICAL_nitisinone', 'Negative_Correlation', '@DISEASE_Neuroblastoma')"
C031215,D058428,Association,@CHEMICAL_betadex,@CHEMICAL_Silica_Gel,{'34641489'},['0.9935'],"('@CHEMICAL_betadex', 'Association', '@CHEMICAL_Silica_Gel')"
C031215,C077073,Negative_Correlation,@CHEMICAL_betadex,@CHEMICAL_nitisinone,{'34641489'},['0.5949'],"('@CHEMICAL_betadex', 'Negative_Correlation', '@CHEMICAL_nitisinone')"
D006713,D024502,Positive_Correlation,@CHEMICAL_Homogentisic_Acid,@CHEMICAL_alpha_Tocopherol,{'15108019'},['0.7748'],"('@CHEMICAL_Homogentisic_Acid', 'Positive_Correlation', '@CHEMICAL_alpha_Tocopherol')"
D001471,56475,Association,@DISEASE_Barrett_Esophagus,@GENE_RPRM,{'17121882'},['0.9995'],"('@DISEASE_Barrett_Esophagus', 'Association', '@GENE_RPRM')"
D000077277,56475,Association,@DISEASE_Esophageal_Squamous_Cell_Carcinoma,@GENE_RPRM,{'17121882'},['0.9975'],"('@DISEASE_Esophageal_Squamous_Cell_Carcinoma', 'Association', '@GENE_RPRM')"
D009369,56475,Association,@DISEASE_Neoplasms,@GENE_RPRM,{'17121882'},['0.6539'],"('@DISEASE_Neoplasms', 'Association', '@GENE_RPRM')"
D000230,56475,Association,@DISEASE_Adenocarcinoma,@GENE_RPRM,{'17121882'},['0.9989'],"('@DISEASE_Adenocarcinoma', 'Association', '@GENE_RPRM')"
D008228,56475,Association,@DISEASE_Lymphoma_Non_Hodgkin,@GENE_RPRM,{'17121882'},['0.9991'],"('@DISEASE_Lymphoma_Non_Hodgkin', 'Association', '@GENE_RPRM')"
D000077209,56475,Negative_Correlation,@CHEMICAL_Decitabine,@GENE_RPRM,{'17121882'},['0.7375'],"('@CHEMICAL_Decitabine', 'Negative_Correlation', '@GENE_RPRM')"
D004938,56475,Association,@DISEASE_Esophageal_Neoplasms,@GENE_RPRM,{'17121882'},['0.999'],"('@DISEASE_Esophageal_Neoplasms', 'Association', '@GENE_RPRM')"
56475,7157,Association,@GENE_RPRM,@GENE_TP53,{'17121882'},['0.9982'],"('@GENE_RPRM', 'Association', '@GENE_TP53')"
11622,16476,Association,@GENE_AHR,@GENE_JUN,{'8849333'},['0.9947'],"('@GENE_AHR', 'Association', '@GENE_JUN')"
D004147,11670,Positive_Correlation,@CHEMICAL_Dioxins,@GENE_ALDH3A1,{'8849333'},['0.9944'],"('@CHEMICAL_Dioxins', 'Positive_Correlation', '@GENE_ALDH3A1')"
D004147,94284,Positive_Correlation,@CHEMICAL_Dioxins,@GENE_UGT1A6A,{'8849333'},['0.9849'],"('@CHEMICAL_Dioxins', 'Positive_Correlation', '@GENE_UGT1A6A')"
14085,18104,Association,@GENE_FAH,@GENE_NQO1,{'8849333'},['0.9905'],"('@GENE_FAH', 'Association', '@GENE_NQO1')"
D004147,18104,Positive_Correlation,@CHEMICAL_Dioxins,@GENE_NQO1,{'8849333'},['0.9992'],"('@CHEMICAL_Dioxins', 'Positive_Correlation', '@GENE_NQO1')"
D008228,8842,Association,@DISEASE_Lymphoma_Non_Hodgkin,@GENE_PROM1,{'34452555'},['0.9428'],"('@DISEASE_Lymphoma_Non_Hodgkin', 'Association', '@GENE_PROM1')"
D008228,9314,Association,@DISEASE_Lymphoma_Non_Hodgkin,@GENE_KLF4,{'34452555'},['0.9261'],"('@DISEASE_Lymphoma_Non_Hodgkin', 'Association', '@GENE_KLF4')"
D008228,8549,Association,@DISEASE_Lymphoma_Non_Hodgkin,@GENE_LGR5,{'34452555'},['0.9954'],"('@DISEASE_Lymphoma_Non_Hodgkin', 'Association', '@GENE_LGR5')"
D009369,8549,Association,@DISEASE_Neoplasms,@GENE_LGR5,{'34452555'},['0.9962'],"('@DISEASE_Neoplasms', 'Association', '@GENE_LGR5')"
D009369,8842,Association,@DISEASE_Neoplasms,@GENE_PROM1,{'34452555'},['0.8977'],"('@DISEASE_Neoplasms', 'Association', '@GENE_PROM1')"
C008069,D009355,Negative_Correlation,@CHEMICAL_3_hydroxybenzeneacetic_acid,@CHEMICAL_Neomycin,{'4655415'},['0.9566'],"('@CHEMICAL_3_hydroxybenzeneacetic_acid', 'Negative_Correlation', '@CHEMICAL_Neomycin')"
D006713,D008661,Association,@CHEMICAL_Homogentisic_Acid,@DISEASE_Metabolism_Inborn_Errors,"{'858207', '35444851'}","['0.8947', '0.986']","('@CHEMICAL_Homogentisic_Acid', 'Association', '@DISEASE_Metabolism_Inborn_Errors')"
C014578,D020176,Association,@CHEMICAL_hawkinsin,@DISEASE_Tyrosinemias,{'858207'},['0.965'],"('@CHEMICAL_hawkinsin', 'Association', '@DISEASE_Tyrosinemias')"
D000603,D020176,Association,@CHEMICAL_Amino_Acids_Sulfur,@DISEASE_Tyrosinemias,{'858207'},['0.9983'],"('@CHEMICAL_Amino_Acids_Sulfur', 'Association', '@DISEASE_Tyrosinemias')"
D014316,D020176,Negative_Correlation,@CHEMICAL_Tritium,@DISEASE_Tyrosinemias,{'25182962'},['0.9981'],"('@CHEMICAL_Tritium', 'Negative_Correlation', '@DISEASE_Tyrosinemias')"
D006713,D020176,Association,@CHEMICAL_Homogentisic_Acid,@DISEASE_Tyrosinemias,"{'28637410', '10467142', '25182962'}","['0.9953', '0.9978', '0.5098']","('@CHEMICAL_Homogentisic_Acid', 'Association', '@DISEASE_Tyrosinemias')"
C038362,3242,Negative_Correlation,@CHEMICAL_pyrazolone,@GENE_HPD,{'25182962'},['0.9993'],"('@CHEMICAL_pyrazolone', 'Negative_Correlation', '@GENE_HPD')"
D014316,D014443,Association,@CHEMICAL_Tritium,@CHEMICAL_Tyrosine,{'25182962'},['0.8248'],"('@CHEMICAL_Tritium', 'Association', '@CHEMICAL_Tyrosine')"
D000474,3242,Association,@DISEASE_Alkaptonuria,@GENE_HPD,"{'34485014', '28128559', '40243989', '15931360', '26947423', '23486607', '36985595', '25182962'}","['0.9995', '0.6773', '0.9939', '0.9992', '0.6048', '0.3857', '0.6291', '0.9996']","('@DISEASE_Alkaptonuria', 'Association', '@GENE_HPD')"
D000230,9075,Association,@DISEASE_Adenocarcinoma,@GENE_CLDN2,{'28212604'},['0.9987'],"('@DISEASE_Adenocarcinoma', 'Association', '@GENE_CLDN2')"
D009375,9075,Association,@DISEASE_Neoplasms_Glandular_and_Epithelial,@GENE_CLDN2,{'28212604'},['0.9913'],"('@DISEASE_Neoplasms_Glandular_and_Epithelial', 'Association', '@GENE_CLDN2')"
D001471,9075,Association,@DISEASE_Barrett_Esophagus,@GENE_CLDN2,{'28212604'},['0.9937'],"('@DISEASE_Barrett_Esophagus', 'Association', '@GENE_CLDN2')"
D002294,9075,Association,@DISEASE_Carcinoma_Squamous_Cell,@GENE_CLDN2,{'28212604'},['0.9975'],"('@DISEASE_Carcinoma_Squamous_Cell', 'Association', '@GENE_CLDN2')"
D011230,7421,Association,@DISEASE_Precancerous_Conditions,@GENE_VDR,"{'24951052', '28212604'}","['0.9978', '0.998']","('@DISEASE_Precancerous_Conditions', 'Association', '@GENE_VDR')"
D008679,9075,Association,@DISEASE_Metaplasia,@GENE_CLDN2,{'28212604'},['0.9691'],"('@DISEASE_Metaplasia', 'Association', '@GENE_CLDN2')"
D008228,9075,Association,@DISEASE_Lymphoma_Non_Hodgkin,@GENE_CLDN2,{'28212604'},['0.7825'],"('@DISEASE_Lymphoma_Non_Hodgkin', 'Association', '@GENE_CLDN2')"
D011230,9075,Association,@DISEASE_Precancerous_Conditions,@GENE_CLDN2,{'28212604'},['0.9951'],"('@DISEASE_Precancerous_Conditions', 'Association', '@GENE_CLDN2')"
151306,9075,Association,@GENE_GPBAR1,@GENE_CLDN2,{'28212604'},['0.998'],"('@GENE_GPBAR1', 'Association', '@GENE_CLDN2')"
7421,9075,Positive_Correlation,@GENE_VDR,@GENE_CLDN2,{'28212604'},['0.9968'],"('@GENE_VDR', 'Positive_Correlation', '@GENE_CLDN2')"
D004938,9075,Association,@DISEASE_Esophageal_Neoplasms,@GENE_CLDN2,{'28212604'},['0.9996'],"('@DISEASE_Esophageal_Neoplasms', 'Association', '@GENE_CLDN2')"
D004938,7421,Association,@DISEASE_Esophageal_Neoplasms,@GENE_VDR,{'28212604'},['0.9981'],"('@DISEASE_Esophageal_Neoplasms', 'Association', '@GENE_VDR')"
D004938,151306,Association,@DISEASE_Esophageal_Neoplasms,@GENE_GPBAR1,{'28212604'},['0.9993'],"('@DISEASE_Esophageal_Neoplasms', 'Association', '@GENE_GPBAR1')"
D014443,D014820,Association,@CHEMICAL_Tyrosine,@DISEASE_Vitiligo,{'4156814'},['0.9979'],"('@CHEMICAL_Tyrosine', 'Association', '@DISEASE_Vitiligo')"
D000496,D003920,Positive_Correlation,@CHEMICAL_Alloxan,@DISEASE_Diabetes_Mellitus,{'15703164'},['0.9961'],"('@CHEMICAL_Alloxan', 'Positive_Correlation', '@DISEASE_Diabetes_Mellitus')"
D010695,D006029,Positive_Correlation,@CHEMICAL_Phlorhizin,@DISEASE_Glycosuria,{'15703164'},['0.9581'],"('@CHEMICAL_Phlorhizin', 'Positive_Correlation', '@DISEASE_Glycosuria')"
D005947,D006943,Association,@CHEMICAL_Glucose,@DISEASE_Hyperglycemia,{'15703164'},['0.9991'],"('@CHEMICAL_Glucose', 'Association', '@DISEASE_Hyperglycemia')"
D003920,483665,Association,@DISEASE_Diabetes_Mellitus,@GENE_INS,{'15703164'},['0.9809'],"('@DISEASE_Diabetes_Mellitus', 'Association', '@GENE_INS')"
D005947,D003920,Association,@CHEMICAL_Glucose,@DISEASE_Diabetes_Mellitus,{'15703164'},['0.8078'],"('@CHEMICAL_Glucose', 'Association', '@DISEASE_Diabetes_Mellitus')"
D014443,3242,Negative_Correlation,@CHEMICAL_Tyrosine,@GENE_HPD,{'26947423'},['0.9358'],"('@CHEMICAL_Tyrosine', 'Negative_Correlation', '@GENE_HPD')"
C000614854,D001471,Association,@CHEMICAL_5_amino_levulinic_acid,@DISEASE_Barrett_Esophagus,"{'25790343', '25671673'}","['0.9414', '0.996']","('@CHEMICAL_5_amino_levulinic_acid', 'Association', '@DISEASE_Barrett_Esophagus')"
C000614854,D008228,Negative_Correlation,@CHEMICAL_5_amino_levulinic_acid,@DISEASE_Lymphoma_Non_Hodgkin,{'25671673'},['0.7505'],"('@CHEMICAL_5_amino_levulinic_acid', 'Negative_Correlation', '@DISEASE_Lymphoma_Non_Hodgkin')"
C028025,D064420,Association,@CHEMICAL_protoporphyrin_IX,@DISEASE_Drug_Related_Side_Effects_and_Adverse_Reactions,{'25671673'},['0.9793'],"('@CHEMICAL_protoporphyrin_IX', 'Association', '@DISEASE_Drug_Related_Side_Effects_and_Adverse_Reactions')"
C028025,D008228,Association,@CHEMICAL_protoporphyrin_IX,@DISEASE_Lymphoma_Non_Hodgkin,{'25671673'},['0.9793'],"('@CHEMICAL_protoporphyrin_IX', 'Association', '@DISEASE_Lymphoma_Non_Hodgkin')"
C000614854,C028025,Positive_Correlation,@CHEMICAL_5_amino_levulinic_acid,@CHEMICAL_protoporphyrin_IX,"{'25790343', '25671673'}","['0.9993', '0.9987']","('@CHEMICAL_5_amino_levulinic_acid', 'Positive_Correlation', '@CHEMICAL_protoporphyrin_IX')"
C000607401,D008543,Negative_Correlation,@CHEMICAL_bicyclopyrone,@CHEMICAL_Melanins,{'30539256'},['0.9983'],"('@CHEMICAL_bicyclopyrone', 'Negative_Correlation', '@CHEMICAL_Melanins')"
D002244,D008543,Association,@CHEMICAL_Carbon,@CHEMICAL_Melanins,{'30539256'},['0.9071'],"('@CHEMICAL_Carbon', 'Association', '@CHEMICAL_Melanins')"
D008543,D024322,Association,@CHEMICAL_Melanins,@CHEMICAL_Amino_Acids_Aromatic,{'30539256'},['0.8934'],"('@CHEMICAL_Melanins', 'Association', '@CHEMICAL_Amino_Acids_Aromatic')"
D005990,D008543,Negative_Correlation,@CHEMICAL_Glycerol,@CHEMICAL_Melanins,{'30539256'},['0.9987'],"('@CHEMICAL_Glycerol', 'Negative_Correlation', '@CHEMICAL_Melanins')"
C000607401,D006713,Negative_Correlation,@CHEMICAL_bicyclopyrone,@CHEMICAL_Homogentisic_Acid,{'30539256'},['0.9431'],"('@CHEMICAL_bicyclopyrone', 'Negative_Correlation', '@CHEMICAL_Homogentisic_Acid')"
C010974,D024322,Negative_Correlation,@CHEMICAL_glyphosate,@CHEMICAL_Amino_Acids_Aromatic,{'30539256'},['0.9989'],"('@CHEMICAL_glyphosate', 'Negative_Correlation', '@CHEMICAL_Amino_Acids_Aromatic')"
D009369,1499,Association,@DISEASE_Neoplasms,@GENE_CTNNB1,"{'37685923', '27236438', '21263251'}","['0.944', '0.9967', '0.9995']","('@DISEASE_Neoplasms', 'Association', '@GENE_CTNNB1')"
D010190,1029,Association,@DISEASE_Pancreatic_Neoplasms,@GENE_CDKN2A,{'37685923'},['0.8141'],"('@DISEASE_Pancreatic_Neoplasms', 'Association', '@GENE_CDKN2A')"
D010190,5290,Association,@DISEASE_Pancreatic_Neoplasms,@GENE_PIK3CA,{'37685923'},['0.9569'],"('@DISEASE_Pancreatic_Neoplasms', 'Association', '@GENE_PIK3CA')"
D010190,4089,Association,@DISEASE_Pancreatic_Neoplasms,@GENE_SMAD4,{'37685923'},['0.9474'],"('@DISEASE_Pancreatic_Neoplasms', 'Association', '@GENE_SMAD4')"
D010190,1499,Association,@DISEASE_Pancreatic_Neoplasms,@GENE_CTNNB1,{'37685923'},['0.9484'],"('@DISEASE_Pancreatic_Neoplasms', 'Association', '@GENE_CTNNB1')"
D010190,3845,Association,@DISEASE_Pancreatic_Neoplasms,@GENE_KRAS,{'37685923'},['0.9398'],"('@DISEASE_Pancreatic_Neoplasms', 'Association', '@GENE_KRAS')"
D010190,7157,Association,@DISEASE_Pancreatic_Neoplasms,@GENE_TP53,{'37685923'},['0.9856'],"('@DISEASE_Pancreatic_Neoplasms', 'Association', '@GENE_TP53')"
C077073,D010146,Negative_Correlation,@CHEMICAL_nitisinone,@DISEASE_Pain,{'15931605'},['0.9992'],"('@CHEMICAL_nitisinone', 'Negative_Correlation', '@DISEASE_Pain')"
D014443,D008661,Association,@CHEMICAL_Tyrosine,@DISEASE_Metabolism_Inborn_Errors,"{'35444851', '21620748'}","['0.9849', '0.9898']","('@CHEMICAL_Tyrosine', 'Association', '@DISEASE_Metabolism_Inborn_Errors')"
617303,1029,Association,@DISEASE_617303,@GENE_CDKN2A,{'21710645'},['0.9969'],"('@DISEASE_617303', 'Association', '@GENE_CDKN2A')"
D030361,1029,Association,@DISEASE_Papillomavirus_Infections,@GENE_CDKN2A,{'21710645'},['0.9975'],"('@DISEASE_Papillomavirus_Infections', 'Association', '@GENE_CDKN2A')"
D006713,D008659,Positive_Correlation,@CHEMICAL_Homogentisic_Acid,@DISEASE_Metabolic_Diseases,"{'33651519', '40091072'}","['0.5324', '0.9987']","('@CHEMICAL_Homogentisic_Acid', 'Positive_Correlation', '@DISEASE_Metabolic_Diseases')"
C582435,D016889,Negative_Correlation,@CHEMICAL_pembrolizumab,@DISEASE_Endometrial_Neoplasms,"{'39515198', '35960332'}","['0.9985', '0.9939']","('@CHEMICAL_pembrolizumab', 'Negative_Correlation', '@DISEASE_Endometrial_Neoplasms')"
C582435,D002583,Negative_Correlation,@CHEMICAL_pembrolizumab,@DISEASE_Uterine_Cervical_Neoplasms,{'39515198'},['0.9974'],"('@CHEMICAL_pembrolizumab', 'Negative_Correlation', '@DISEASE_Uterine_Cervical_Neoplasms')"
C582435,D005955,Negative_Correlation,@CHEMICAL_pembrolizumab,@DISEASE_Glucosephosphate_Dehydrogenase_Deficiency,{'39515198'},['0.9962'],"('@CHEMICAL_pembrolizumab', 'Negative_Correlation', '@DISEASE_Glucosephosphate_Dehydrogenase_Deficiency')"
C582435,D005767,Positive_Correlation,@CHEMICAL_pembrolizumab,@DISEASE_Gastrointestinal_Diseases,{'39515198'},['0.7694'],"('@CHEMICAL_pembrolizumab', 'Positive_Correlation', '@DISEASE_Gastrointestinal_Diseases')"
C077073,D058447,Positive_Correlation,@CHEMICAL_nitisinone,@DISEASE_Eye_Pain,{'28942493'},['0.9777'],"('@CHEMICAL_nitisinone', 'Positive_Correlation', '@DISEASE_Eye_Pain')"
C077073,D014786,Positive_Correlation,@CHEMICAL_nitisinone,@DISEASE_Vision_Disorders,{'28942493'},['0.7701'],"('@CHEMICAL_nitisinone', 'Positive_Correlation', '@DISEASE_Vision_Disorders')"
C020804,C566029,Association,@CHEMICAL_succinylacetone,@DISEASE_Triosephosphate_Isomerase_Deficiency,{'12052898'},['0.9294'],"('@CHEMICAL_succinylacetone', 'Association', '@DISEASE_Triosephosphate_Isomerase_Deficiency')"
14085,14874,Bind,@GENE_FAH,@GENE_GSTZ1,{'12052898'},['0.7487'],"('@GENE_FAH', 'Bind', '@GENE_GSTZ1')"
D010649,D056486,Positive_Correlation,@CHEMICAL_Phenylalanine,@DISEASE_Chemical_and_Drug_Induced_Liver_Injury,{'12052898'},['0.9988'],"('@CHEMICAL_Phenylalanine', 'Positive_Correlation', '@DISEASE_Chemical_and_Drug_Induced_Liver_Injury')"
D005978,D014443,Association,@CHEMICAL_Glutathione,@CHEMICAL_Tyrosine,{'12052898'},['0.9963'],"('@CHEMICAL_Glutathione', 'Association', '@CHEMICAL_Tyrosine')"
D006713,D056486,Positive_Correlation,@CHEMICAL_Homogentisic_Acid,@DISEASE_Chemical_and_Drug_Induced_Liver_Injury,{'12052898'},['0.9988'],"('@CHEMICAL_Homogentisic_Acid', 'Positive_Correlation', '@DISEASE_Chemical_and_Drug_Induced_Liver_Injury')"
D014443,14874,Association,@CHEMICAL_Tyrosine,@GENE_GSTZ1,"{'11327815', '11368331', '27097641', '22980205', '35562974', '12052898'}","['0.9869', '0.9982', '0.9991', '0.9987', '0.9634', '0.8993']","('@CHEMICAL_Tyrosine', 'Association', '@GENE_GSTZ1')"
14874,2954,Association,@GENE_GSTZ1,@GENE_GSTZ1,{'12052898'},['0.6757'],"('@GENE_GSTZ1', 'Association', '@GENE_GSTZ1')"
C105171,D005978,Association,@CHEMICAL_fumarylacetoacetate,@CHEMICAL_Glutathione,"{'11327815', '11368331', '12052898'}","['0.9952', '0.9993', '0.8288']","('@CHEMICAL_fumarylacetoacetate', 'Association', '@CHEMICAL_Glutathione')"
D000230,1029,Association,@DISEASE_Adenocarcinoma,@GENE_CDKN2A,"{'15824739', '18665038'}","['0.9961', '0.5001']","('@DISEASE_Adenocarcinoma', 'Association', '@GENE_CDKN2A')"
D008228,864,Association,@DISEASE_Lymphoma_Non_Hodgkin,@GENE_RUNX3,{'15824739'},['0.9068'],"('@DISEASE_Lymphoma_Non_Hodgkin', 'Association', '@GENE_RUNX3')"
D000077209,780897,Positive_Correlation,@CHEMICAL_Decitabine,@GENE_HPP1,{'15824739'},['0.9427'],"('@CHEMICAL_Decitabine', 'Positive_Correlation', '@GENE_HPP1')"
D001471,864,Association,@DISEASE_Barrett_Esophagus,@GENE_RUNX3,{'15824739'},['0.9996'],"('@DISEASE_Barrett_Esophagus', 'Association', '@GENE_RUNX3')"
D001471,5947,Association,@DISEASE_Barrett_Esophagus,@GENE_RBP1,{'15824739'},['0.9996'],"('@DISEASE_Barrett_Esophagus', 'Association', '@GENE_RBP1')"
D000230,5947,Association,@DISEASE_Adenocarcinoma,@GENE_RBP1,{'15824739'},['0.9995'],"('@DISEASE_Adenocarcinoma', 'Association', '@GENE_RBP1')"
D000230,7799,Association,@DISEASE_Adenocarcinoma,@GENE_PRDM2,{'15824739'},['0.9996'],"('@DISEASE_Adenocarcinoma', 'Association', '@GENE_PRDM2')"
D001471,7799,Association,@DISEASE_Barrett_Esophagus,@GENE_PRDM2,{'15824739'},['0.9992'],"('@DISEASE_Barrett_Esophagus', 'Association', '@GENE_PRDM2')"
D008228,780897,Association,@DISEASE_Lymphoma_Non_Hodgkin,@GENE_HPP1,{'15824739'},['0.9652'],"('@DISEASE_Lymphoma_Non_Hodgkin', 'Association', '@GENE_HPP1')"
D000230,780897,Association,@DISEASE_Adenocarcinoma,@GENE_HPP1,{'15824739'},['0.9987'],"('@DISEASE_Adenocarcinoma', 'Association', '@GENE_HPP1')"
D001471,1603,Association,@DISEASE_Barrett_Esophagus,@GENE_DAD1,{'15824739'},['0.9996'],"('@DISEASE_Barrett_Esophagus', 'Association', '@GENE_DAD1')"
D000077209,D000230,Negative_Correlation,@CHEMICAL_Decitabine,@DISEASE_Adenocarcinoma,"{'15824739', '17999418'}","['0.9916', '0.9837']","('@CHEMICAL_Decitabine', 'Negative_Correlation', '@DISEASE_Adenocarcinoma')"
D009369,780897,Association,@DISEASE_Neoplasms,@GENE_HPP1,{'15824739'},['0.7783'],"('@DISEASE_Neoplasms', 'Association', '@GENE_HPP1')"
D000230,864,Association,@DISEASE_Adenocarcinoma,@GENE_RUNX3,{'15824739'},['0.9837'],"('@DISEASE_Adenocarcinoma', 'Association', '@GENE_RUNX3')"
D008228,1029,Association,@DISEASE_Lymphoma_Non_Hodgkin,@GENE_CDKN2A,"{'15824739', '9490271', '38551383', '11325821'}","['0.9466', '0.9942', '0.9994', '0.9886']","('@DISEASE_Lymphoma_Non_Hodgkin', 'Association', '@GENE_CDKN2A')"
D009369,864,Association,@DISEASE_Neoplasms,@GENE_RUNX3,{'15824739'},['0.8163'],"('@DISEASE_Neoplasms', 'Association', '@GENE_RUNX3')"
D001471,780897,Association,@DISEASE_Barrett_Esophagus,@GENE_HPP1,{'15824739'},['0.9995'],"('@DISEASE_Barrett_Esophagus', 'Association', '@GENE_HPP1')"
D000230,1603,Association,@DISEASE_Adenocarcinoma,@GENE_DAD1,{'15824739'},['0.9995'],"('@DISEASE_Adenocarcinoma', 'Association', '@GENE_DAD1')"
C570634,84024,Positive_Correlation,@CHEMICAL_phenyl_acetate,@GENE_PON1,{'12957679'},['0.5082'],"('@CHEMICAL_phenyl_acetate', 'Positive_Correlation', '@GENE_PON1')"
D010261,25608,Positive_Correlation,@CHEMICAL_Paraoxon,@GENE_LEP,{'12957679'},['0.5881'],"('@CHEMICAL_Paraoxon', 'Positive_Correlation', '@GENE_LEP')"
D050197,25608,Association,@DISEASE_Atherosclerosis,@GENE_LEP,{'12957679'},['0.9861'],"('@DISEASE_Atherosclerosis', 'Association', '@GENE_LEP')"
C570634,25608,Negative_Correlation,@CHEMICAL_phenyl_acetate,@GENE_LEP,{'12957679'},['0.6549'],"('@CHEMICAL_phenyl_acetate', 'Negative_Correlation', '@GENE_LEP')"
C109757,25608,Negative_Correlation,@CHEMICAL_decan_4_olide,@GENE_LEP,{'12957679'},['0.9877'],"('@CHEMICAL_decan_4_olide', 'Negative_Correlation', '@GENE_LEP')"
C109757,84024,Association,@CHEMICAL_decan_4_olide,@GENE_PON1,{'12957679'},['0.9355'],"('@CHEMICAL_decan_4_olide', 'Association', '@GENE_PON1')"
D009765,25608,Association,@DISEASE_Obesity,@GENE_LEP,{'12957679'},['0.9971'],"('@DISEASE_Obesity', 'Association', '@GENE_LEP')"
D028421,25608,Positive_Correlation,@CHEMICAL_Isoprostanes,@GENE_LEP,{'12957679'},['0.9969'],"('@CHEMICAL_Isoprostanes', 'Positive_Correlation', '@GENE_LEP')"
D010261,84024,Positive_Correlation,@CHEMICAL_Paraoxon,@GENE_PON1,{'12957679'},['0.8771'],"('@CHEMICAL_Paraoxon', 'Positive_Correlation', '@GENE_PON1')"
25608,84024,Negative_Correlation,@GENE_LEP,@GENE_PON1,{'12957679'},['0.9982'],"('@GENE_LEP', 'Negative_Correlation', '@GENE_PON1')"
C010590,D006859,Association,@CHEMICAL_4_hydroxyphenylpyruvic_acid,@CHEMICAL_Hydrogen,{'18215022'},['0.8004'],"('@CHEMICAL_4_hydroxyphenylpyruvic_acid', 'Association', '@CHEMICAL_Hydrogen')"
D010100,D014867,Association,@CHEMICAL_Oxygen,@CHEMICAL_Water,"{'26936969', '18215022'}","['0.9788', '0.9938']","('@CHEMICAL_Oxygen', 'Association', '@CHEMICAL_Water')"
D001471,3786,Association,@DISEASE_Barrett_Esophagus,@GENE_KCNQ3,{'39819761'},['0.9991'],"('@DISEASE_Barrett_Esophagus', 'Association', '@GENE_KCNQ3')"
D001471,80763,Association,@DISEASE_Barrett_Esophagus,@GENE_SPX,{'39819761'},['0.9995'],"('@DISEASE_Barrett_Esophagus', 'Association', '@GENE_SPX')"
D001471,22854,Association,@DISEASE_Barrett_Esophagus,@GENE_NTNG1,{'39819761'},['0.9989'],"('@DISEASE_Barrett_Esophagus', 'Association', '@GENE_NTNG1')"
D000230,22854,Association,@DISEASE_Adenocarcinoma,@GENE_NTNG1,{'39819761'},['0.853'],"('@DISEASE_Adenocarcinoma', 'Association', '@GENE_NTNG1')"
D001471,4745,Association,@DISEASE_Barrett_Esophagus,@GENE_NELL1,{'39819761'},['0.9997'],"('@DISEASE_Barrett_Esophagus', 'Association', '@GENE_NELL1')"
D000230,4745,Association,@DISEASE_Adenocarcinoma,@GENE_NELL1,{'39819761'},['0.9992'],"('@DISEASE_Adenocarcinoma', 'Association', '@GENE_NELL1')"
D001471,10481,Association,@DISEASE_Barrett_Esophagus,@GENE_HOXB13,{'39819761'},['0.9991'],"('@DISEASE_Barrett_Esophagus', 'Association', '@GENE_HOXB13')"
D001471,84101,Association,@DISEASE_Barrett_Esophagus,@GENE_USP44,{'39819761'},['0.9991'],"('@DISEASE_Barrett_Esophagus', 'Association', '@GENE_USP44')"
D001471,3662,Association,@DISEASE_Barrett_Esophagus,@GENE_IRF4,{'39819761'},['0.9992'],"('@DISEASE_Barrett_Esophagus', 'Association', '@GENE_IRF4')"
D008228,84101,Association,@DISEASE_Lymphoma_Non_Hodgkin,@GENE_USP44,{'39819761'},['0.9928'],"('@DISEASE_Lymphoma_Non_Hodgkin', 'Association', '@GENE_USP44')"
D008228,4745,Association,@DISEASE_Lymphoma_Non_Hodgkin,@GENE_NELL1,{'39819761'},['0.9994'],"('@DISEASE_Lymphoma_Non_Hodgkin', 'Association', '@GENE_NELL1')"
D000230,23329,Association,@DISEASE_Adenocarcinoma,@GENE_TBC1D30,{'39819761'},['0.989'],"('@DISEASE_Adenocarcinoma', 'Association', '@GENE_TBC1D30')"
D000230,84101,Association,@DISEASE_Adenocarcinoma,@GENE_USP44,{'39819761'},['0.9917'],"('@DISEASE_Adenocarcinoma', 'Association', '@GENE_USP44')"
D001471,23329,Association,@DISEASE_Barrett_Esophagus,@GENE_TBC1D30,{'39819761'},['0.9986'],"('@DISEASE_Barrett_Esophagus', 'Association', '@GENE_TBC1D30')"
D001471,375759,Association,@DISEASE_Barrett_Esophagus,@GENE_C9ORF50,{'39819761'},['0.9983'],"('@DISEASE_Barrett_Esophagus', 'Association', '@GENE_C9ORF50')"
D001471,1,Association,@DISEASE_Barrett_Esophagus,@GENE_A1BG,{'39819761'},['0.9975'],"('@DISEASE_Barrett_Esophagus', 'Association', '@GENE_A1BG')"
D001471,57476,Association,@DISEASE_Barrett_Esophagus,@GENE_GRAMD1B,{'39819761'},['0.9992'],"('@DISEASE_Barrett_Esophagus', 'Association', '@GENE_GRAMD1B')"
D001471,2313,Association,@DISEASE_Barrett_Esophagus,@GENE_FLI1,{'39819761'},['0.9988'],"('@DISEASE_Barrett_Esophagus', 'Association', '@GENE_FLI1')"
D003404,D006713,Association,@CHEMICAL_Creatinine,@CHEMICAL_Homogentisic_Acid,"{'24373924', '20138792', '39435171'}","['0.8691', '0.7337', '0.9805']","('@CHEMICAL_Creatinine', 'Association', '@CHEMICAL_Homogentisic_Acid')"
D014443,D007680,Association,@CHEMICAL_Tyrosine,@DISEASE_Kidney_Neoplasms,{'35562974'},['0.9955'],"('@CHEMICAL_Tyrosine', 'Association', '@DISEASE_Kidney_Neoplasms')"
D009369,3081,Association,@DISEASE_Neoplasms,@GENE_HGD,{'35562974'},['0.9995'],"('@DISEASE_Neoplasms', 'Association', '@GENE_HGD')"
D002292,3081,Association,@DISEASE_Carcinoma_Renal_Cell,@GENE_HGD,{'35562974'},['0.9952'],"('@DISEASE_Carcinoma_Renal_Cell', 'Association', '@GENE_HGD')"
D014443,D002292,Association,@CHEMICAL_Tyrosine,@DISEASE_Carcinoma_Renal_Cell,{'35562974'},['0.9995'],"('@CHEMICAL_Tyrosine', 'Association', '@DISEASE_Carcinoma_Renal_Cell')"
D002292,2954,Association,@DISEASE_Carcinoma_Renal_Cell,@GENE_GSTZ1,{'35562974'},['0.9901'],"('@DISEASE_Carcinoma_Renal_Cell', 'Association', '@GENE_GSTZ1')"
D005650,D014443,Association,@CHEMICAL_Fumarates,@CHEMICAL_Tyrosine,"{'11368331', '35562974'}","['0.999', '0.9171']","('@CHEMICAL_Fumarates', 'Association', '@CHEMICAL_Tyrosine')"
D005650,D007680,Negative_Correlation,@CHEMICAL_Fumarates,@DISEASE_Kidney_Neoplasms,{'35562974'},['0.5633'],"('@CHEMICAL_Fumarates', 'Negative_Correlation', '@DISEASE_Kidney_Neoplasms')"
D009369,2954,Association,@DISEASE_Neoplasms,@GENE_GSTZ1,{'35562974'},['0.9997'],"('@DISEASE_Neoplasms', 'Association', '@GENE_GSTZ1')"
D024502,D026082,Association,@CHEMICAL_alpha_Tocopherol,@CHEMICAL_Singlet_Oxygen,"{'32931882', '11959123', '17628182'}","['0.8774', '0.9881', '0.9245']","('@CHEMICAL_alpha_Tocopherol', 'Association', '@CHEMICAL_Singlet_Oxygen')"
D004159,D026082,Negative_Correlation,@CHEMICAL_Diphenylamine,@CHEMICAL_Singlet_Oxygen,{'11959123'},['0.9975'],"('@CHEMICAL_Diphenylamine', 'Negative_Correlation', '@CHEMICAL_Singlet_Oxygen')"
D024505,5720386,Association,@CHEMICAL_Tocopherols,@GENE_CHLRE_09G399030V5,{'11959123'},['0.9972'],"('@CHEMICAL_Tocopherols', 'Association', '@GENE_CHLRE_09G399030V5')"
D014527,D001471,Association,@CHEMICAL_Uric_Acid,@DISEASE_Barrett_Esophagus,{'28190989'},['0.9747'],"('@CHEMICAL_Uric_Acid', 'Association', '@DISEASE_Barrett_Esophagus')"
D006710,D001471,Association,@CHEMICAL_Homocysteine,@DISEASE_Barrett_Esophagus,{'28190989'},['0.9699'],"('@CHEMICAL_Homocysteine', 'Association', '@DISEASE_Barrett_Esophagus')"
C002744,D001471,Association,@CHEMICAL_3_nitrotyrosine,@DISEASE_Barrett_Esophagus,{'28190989'},['0.9946'],"('@CHEMICAL_3_nitrotyrosine', 'Association', '@DISEASE_Barrett_Esophagus')"
D014527,D007249,Association,@CHEMICAL_Uric_Acid,@DISEASE_Inflammation,{'28190989'},['0.9983'],"('@CHEMICAL_Uric_Acid', 'Association', '@DISEASE_Inflammation')"
D006710,D007249,Association,@CHEMICAL_Homocysteine,@DISEASE_Inflammation,{'28190989'},['0.9983'],"('@CHEMICAL_Homocysteine', 'Association', '@DISEASE_Inflammation')"
C002744,D007249,Association,@CHEMICAL_3_nitrotyrosine,@DISEASE_Inflammation,{'28190989'},['0.9993'],"('@CHEMICAL_3_nitrotyrosine', 'Association', '@DISEASE_Inflammation')"
D009369,890,Association,@DISEASE_Neoplasms,@GENE_CCNA2,"{'27893678', '24721904'}","['0.9981', '0.9993']","('@DISEASE_Neoplasms', 'Association', '@GENE_CCNA2')"
D001471,890,Association,@DISEASE_Barrett_Esophagus,@GENE_CCNA2,{'27893678'},['0.9912'],"('@DISEASE_Barrett_Esophagus', 'Association', '@GENE_CCNA2')"
D000230,890,Association,@DISEASE_Adenocarcinoma,@GENE_CCNA2,{'27893678'},['0.999'],"('@DISEASE_Adenocarcinoma', 'Association', '@GENE_CCNA2')"
D015792,890,Association,@DISEASE_Retinal_Dysplasia,@GENE_CCNA2,"{'27893678', '24721904'}","['0.9852', '0.9994']","('@DISEASE_Retinal_Dysplasia', 'Association', '@GENE_CCNA2')"
D008228,890,Association,@DISEASE_Lymphoma_Non_Hodgkin,@GENE_CCNA2,"{'27893678', '24721904'}","['0.9727', '0.9985']","('@DISEASE_Lymphoma_Non_Hodgkin', 'Association', '@GENE_CCNA2')"
D008679,890,Association,@DISEASE_Metaplasia,@GENE_CCNA2,{'27893678'},['0.8951'],"('@DISEASE_Metaplasia', 'Association', '@GENE_CCNA2')"
D001647,7421,Association,@CHEMICAL_Bile_Acids_and_Salts,@GENE_VDR,{'24951052'},['0.9664'],"('@CHEMICAL_Bile_Acids_and_Salts', 'Association', '@GENE_VDR')"
D008228,7421,Association,@DISEASE_Lymphoma_Non_Hodgkin,@GENE_VDR,{'24951052'},['0.9876'],"('@DISEASE_Lymphoma_Non_Hodgkin', 'Association', '@GENE_VDR')"
D009369,7421,Association,@DISEASE_Neoplasms,@GENE_VDR,{'24951052'},['0.997'],"('@DISEASE_Neoplasms', 'Association', '@GENE_VDR')"
D001471,7421,Association,@DISEASE_Barrett_Esophagus,@GENE_VDR,{'24951052'},['0.9296'],"('@DISEASE_Barrett_Esophagus', 'Association', '@GENE_VDR')"
D008679,7421,Association,@DISEASE_Metaplasia,@GENE_VDR,{'24951052'},['0.9951'],"('@DISEASE_Metaplasia', 'Association', '@GENE_VDR')"
D061325,7421,Association,@DISEASE_Hereditary_Breast_and_Ovarian_Cancer_Syndrome,@GENE_VDR,{'24951052'},['0.9993'],"('@DISEASE_Hereditary_Breast_and_Ovarian_Cancer_Syndrome', 'Association', '@GENE_VDR')"
D006859,D014867,Association,@CHEMICAL_Hydrogen,@CHEMICAL_Water,{'27119315'},['0.9751'],"('@CHEMICAL_Hydrogen', 'Association', '@CHEMICAL_Water')"
D007529,4790,Negative_Correlation,@CHEMICAL_Isoflavones,@GENE_NFKB1,{'39053719'},['0.9976'],"('@CHEMICAL_Isoflavones', 'Negative_Correlation', '@GENE_NFKB1')"
C033607,4790,Association,@CHEMICAL_puerarin,@GENE_NFKB1,{'39053719'},['0.9894'],"('@CHEMICAL_puerarin', 'Association', '@GENE_NFKB1')"
D007529,3146,Negative_Correlation,@CHEMICAL_Isoflavones,@GENE_HMGB1,{'39053719'},['0.9974'],"('@CHEMICAL_Isoflavones', 'Negative_Correlation', '@GENE_HMGB1')"
D007529,114548,Negative_Correlation,@CHEMICAL_Isoflavones,@GENE_DFNA34,{'39053719'},['0.9986'],"('@CHEMICAL_Isoflavones', 'Negative_Correlation', '@GENE_DFNA34')"
D010938,D007249,Negative_Correlation,@CHEMICAL_Plant_Oils,@DISEASE_Inflammation,{'8368023'},['0.9993'],"('@CHEMICAL_Plant_Oils', 'Negative_Correlation', '@DISEASE_Inflammation')"
D005227,D001168,Positive_Correlation,@CHEMICAL_Fatty_Acids,@DISEASE_Arthritis,{'8368023'},['0.9978'],"('@CHEMICAL_Fatty_Acids', 'Positive_Correlation', '@DISEASE_Arthritis')"
D002241,D019636,Positive_Correlation,@CHEMICAL_Carbohydrates,@DISEASE_Neurodegenerative_Diseases,{'8368023'},['0.9993'],"('@CHEMICAL_Carbohydrates', 'Positive_Correlation', '@DISEASE_Neurodegenerative_Diseases')"
D005395,D007249,Negative_Correlation,@CHEMICAL_Fish_Oils,@DISEASE_Inflammation,{'8368023'},['0.9993'],"('@CHEMICAL_Fish_Oils', 'Negative_Correlation', '@DISEASE_Inflammation')"
C010925,D001168,Negative_Correlation,@CHEMICAL_2_5_dihydroxybenzoic_acid,@DISEASE_Arthritis,{'27414279'},['0.9593'],"('@CHEMICAL_2_5_dihydroxybenzoic_acid', 'Negative_Correlation', '@DISEASE_Arthritis')"
C010925,D000474,Negative_Correlation,@CHEMICAL_2_5_dihydroxybenzoic_acid,@DISEASE_Alkaptonuria,{'27414279'},['0.6046'],"('@CHEMICAL_2_5_dihydroxybenzoic_acid', 'Negative_Correlation', '@DISEASE_Alkaptonuria')"
C010925,C113957,Positive_Correlation,@CHEMICAL_2_5_dihydroxybenzoic_acid,@CHEMICAL_maleylpyruvic_acid,{'27414279'},['0.3583'],"('@CHEMICAL_2_5_dihydroxybenzoic_acid', 'Positive_Correlation', '@CHEMICAL_maleylpyruvic_acid')"
D015140,13850,Association,@DISEASE_Dementia_Vascular,@GENE_EPHX2,{'36079709'},['0.6695'],"('@DISEASE_Dementia_Vascular', 'Association', '@GENE_EPHX2')"
D002318,13850,Association,@DISEASE_Cardiovascular_Diseases,@GENE_EPHX2,{'36079709'},['0.9819'],"('@DISEASE_Cardiovascular_Diseases', 'Association', '@GENE_EPHX2')"
D011127,7157,Association,@DISEASE_Polyps,@GENE_TP53,"{'12395375', '7559739'}","['0.6907', '0.9997']","('@DISEASE_Polyps', 'Association', '@GENE_TP53')"
D002762,D000086382,Negative_Correlation,@CHEMICAL_Cholecalciferol,@DISEASE_COVID_19,"{'36615837', '37892510'}","['0.9988', '0.998']","('@CHEMICAL_Cholecalciferol', 'Negative_Correlation', '@DISEASE_COVID_19')"
D014807,D012141,Negative_Correlation,@CHEMICAL_Vitamin_D,@DISEASE_Respiratory_Tract_Infections,{'36615837'},['0.9971'],"('@CHEMICAL_Vitamin_D', 'Negative_Correlation', '@DISEASE_Respiratory_Tract_Infections')"
D002762,D007251,Negative_Correlation,@CHEMICAL_Cholecalciferol,@DISEASE_Influenza_Human,{'36615837'},['0.9987'],"('@CHEMICAL_Cholecalciferol', 'Negative_Correlation', '@DISEASE_Influenza_Human')"
D015792,5317,Association,@DISEASE_Retinal_Dysplasia,@GENE_PKP1,{'22170739'},['0.9765'],"('@DISEASE_Retinal_Dysplasia', 'Association', '@GENE_PKP1')"
D008228,5317,Negative_Correlation,@DISEASE_Lymphoma_Non_Hodgkin,@GENE_PKP1,{'22170739'},['0.9628'],"('@DISEASE_Lymphoma_Non_Hodgkin', 'Negative_Correlation', '@GENE_PKP1')"
D000230,5317,Negative_Correlation,@DISEASE_Adenocarcinoma,@GENE_PKP1,{'22170739'},['0.6186'],"('@DISEASE_Adenocarcinoma', 'Negative_Correlation', '@GENE_PKP1')"
D001471,5317,Association,@DISEASE_Barrett_Esophagus,@GENE_PKP1,{'22170739'},['0.9781'],"('@DISEASE_Barrett_Esophagus', 'Association', '@GENE_PKP1')"
D006713,D009608,Association,@CHEMICAL_Homogentisic_Acid,@CHEMICAL_Nitrous_Acid,{'14025513'},['0.999'],"('@CHEMICAL_Homogentisic_Acid', 'Association', '@CHEMICAL_Nitrous_Acid')"
D010649,2954,Association,@CHEMICAL_Phenylalanine,@GENE_GSTZ1,{'11327815'},['0.9986'],"('@CHEMICAL_Phenylalanine', 'Association', '@GENE_GSTZ1')"
D020176,2954,Association,@DISEASE_Tyrosinemias,@GENE_GSTZ1,{'11327815'},['0.9995'],"('@DISEASE_Tyrosinemias', 'Association', '@GENE_GSTZ1')"
D010661,2954,Association,@DISEASE_Phenylketonurias,@GENE_GSTZ1,{'11327815'},['0.9462'],"('@DISEASE_Phenylketonurias', 'Association', '@GENE_GSTZ1')"
D005978,2954,Association,@CHEMICAL_Glutathione,@GENE_GSTZ1,"{'11327815', '11368331'}","['0.9986', '0.9981']","('@CHEMICAL_Glutathione', 'Association', '@GENE_GSTZ1')"
D008543,D013654,Negative_Correlation,@CHEMICAL_Melanins,@CHEMICAL_Taurine,{'20601653'},['0.999'],"('@CHEMICAL_Melanins', 'Negative_Correlation', '@CHEMICAL_Taurine')"
D006713,D013654,Negative_Correlation,@CHEMICAL_Homogentisic_Acid,@CHEMICAL_Taurine,{'20601653'},['0.9984'],"('@CHEMICAL_Homogentisic_Acid', 'Negative_Correlation', '@CHEMICAL_Taurine')"
C004999,D006713,Negative_Correlation,@CHEMICAL_ferulic_acid,@CHEMICAL_Homogentisic_Acid,{'20601653'},['0.9984'],"('@CHEMICAL_ferulic_acid', 'Negative_Correlation', '@CHEMICAL_Homogentisic_Acid')"
D000111,D008543,Negative_Correlation,@CHEMICAL_Acetylcysteine,@CHEMICAL_Melanins,{'20601653'},['0.9902'],"('@CHEMICAL_Acetylcysteine', 'Negative_Correlation', '@CHEMICAL_Melanins')"
D008543,D010833,Negative_Correlation,@CHEMICAL_Melanins,@CHEMICAL_Phytic_Acid,{'20601653'},['0.9989'],"('@CHEMICAL_Melanins', 'Negative_Correlation', '@CHEMICAL_Phytic_Acid')"
D008063,D008543,Negative_Correlation,@CHEMICAL_Thioctic_Acid,@CHEMICAL_Melanins,{'20601653'},['0.9977'],"('@CHEMICAL_Thioctic_Acid', 'Negative_Correlation', '@CHEMICAL_Melanins')"
C004999,D000474,Negative_Correlation,@CHEMICAL_ferulic_acid,@DISEASE_Alkaptonuria,{'20601653'},['0.893'],"('@CHEMICAL_ferulic_acid', 'Negative_Correlation', '@DISEASE_Alkaptonuria')"
C004999,D008543,Negative_Correlation,@CHEMICAL_ferulic_acid,@CHEMICAL_Melanins,{'20601653'},['0.999'],"('@CHEMICAL_ferulic_acid', 'Negative_Correlation', '@CHEMICAL_Melanins')"
D006713,D010833,Negative_Correlation,@CHEMICAL_Homogentisic_Acid,@CHEMICAL_Phytic_Acid,{'20601653'},['0.9974'],"('@CHEMICAL_Homogentisic_Acid', 'Negative_Correlation', '@CHEMICAL_Phytic_Acid')"
6241,999,Association,@GENE_RRM2,@GENE_CDH1,{'32416156'},['0.9979'],"('@GENE_RRM2', 'Association', '@GENE_CDH1')"
2873,999,Association,@GENE_GPS1,@GENE_CDH1,{'32416156'},['0.9962'],"('@GENE_GPS1', 'Association', '@GENE_CDH1')"
2873,7431,Association,@GENE_GPS1,@GENE_VIM,{'32416156'},['0.9968'],"('@GENE_GPS1', 'Association', '@GENE_VIM')"
D000230,2873,Association,@DISEASE_Adenocarcinoma,@GENE_GPS1,{'32416156'},['0.5263'],"('@DISEASE_Adenocarcinoma', 'Association', '@GENE_GPS1')"
D000230,6241,Association,@DISEASE_Adenocarcinoma,@GENE_RRM2,{'32416156'},['0.8986'],"('@DISEASE_Adenocarcinoma', 'Association', '@GENE_RRM2')"
6241,7431,Association,@GENE_RRM2,@GENE_VIM,{'32416156'},['0.9967'],"('@GENE_RRM2', 'Association', '@GENE_VIM')"
D008911,D017495,Positive_Correlation,@CHEMICAL_Minocycline,@DISEASE_Hyperpigmentation,"{'15529343', '27037242'}","['0.9984', '0.9983']","('@CHEMICAL_Minocycline', 'Positive_Correlation', '@DISEASE_Hyperpigmentation')"
D008911,D046788,Association,@CHEMICAL_Minocycline,@DISEASE_Patellofemoral_Pain_Syndrome,{'27037242'},['0.9686'],"('@CHEMICAL_Minocycline', 'Association', '@DISEASE_Patellofemoral_Pain_Syndrome')"
D008911,D000474,Association,@CHEMICAL_Minocycline,@DISEASE_Alkaptonuria,{'27037242'},['0.8467'],"('@CHEMICAL_Minocycline', 'Association', '@DISEASE_Alkaptonuria')"
C077073,59012,Association,@CHEMICAL_nitisinone,@GENE_MOXD1,{'36980965'},['0.7369'],"('@CHEMICAL_nitisinone', 'Association', '@GENE_MOXD1')"
C077073,D008107,Association,@CHEMICAL_nitisinone,@DISEASE_Liver_Diseases,{'36980965'},['0.9121'],"('@CHEMICAL_nitisinone', 'Association', '@DISEASE_Liver_Diseases')"
C077073,D003643,Negative_Correlation,@CHEMICAL_nitisinone,@DISEASE_Death,{'36980965'},['0.9983'],"('@CHEMICAL_nitisinone', 'Negative_Correlation', '@DISEASE_Death')"
D020176,59012,Association,@DISEASE_Tyrosinemias,@GENE_MOXD1,{'36980965'},['0.9762'],"('@DISEASE_Tyrosinemias', 'Association', '@GENE_MOXD1')"
D006528,59012,Association,@DISEASE_Carcinoma_Hepatocellular,@GENE_MOXD1,{'36980965'},['0.7592'],"('@DISEASE_Carcinoma_Hepatocellular', 'Association', '@GENE_MOXD1')"
C005756,D020058,Association,@CHEMICAL_2_hydroxyphenylacetic_acid,@CHEMICAL_Styrene,{'23196308'},['0.9986'],"('@CHEMICAL_2_hydroxyphenylacetic_acid', 'Association', '@CHEMICAL_Styrene')"
D006713,D020058,Association,@CHEMICAL_Homogentisic_Acid,@CHEMICAL_Styrene,"{'8919815', '23196308'}","['0.9972', '0.9582']","('@CHEMICAL_Homogentisic_Acid', 'Association', '@CHEMICAL_Styrene')"
C025136,D020058,Association,@CHEMICAL_phenylacetic_acid,@CHEMICAL_Styrene,"{'8919815', '23196308'}","['0.9968', '0.9378']","('@CHEMICAL_phenylacetic_acid', 'Association', '@CHEMICAL_Styrene')"
D012694,48313927,Association,@CHEMICAL_Serine,@GENE_SERA,{'11872713'},['0.582'],"('@CHEMICAL_Serine', 'Association', '@GENE_SERA')"
D005998,48313927,Association,@CHEMICAL_Glycine,@GENE_SERA,{'11872713'},['0.92'],"('@CHEMICAL_Glycine', 'Association', '@GENE_SERA')"
D000474,rs368717991##,Positive_Correlation,@DISEASE_Alkaptonuria,@VARIANT_p.G360R_HGD_human,{'37658095'},['0.6838'],"('@DISEASE_Alkaptonuria', 'Positive_Correlation', '@VARIANT_p.G360R_HGD_human')"
D000474,rs368717991##,Association,@DISEASE_Alkaptonuria,@VARIANT_p.G360R_HGD_human,"{'37658095', '26960557'}","['0.7313', '0.4389', '0.9847']","('@DISEASE_Alkaptonuria', 'Association', '@VARIANT_p.G360R_HGD_human')"
D000474,rs375396766##,Association,@DISEASE_Alkaptonuria,@VARIANT_p.P158L_HGD_human,{'37658095'},"['0.7009', '0.9424', '0.6755']","('@DISEASE_Alkaptonuria', 'Association', '@VARIANT_p.P158L_HGD_human')"
D000474,rs1172885188##,Association,@DISEASE_Alkaptonuria,@VARIANT_c.1079G>T_HGD_human,{'37658095'},['0.5456'],"('@DISEASE_Alkaptonuria', 'Association', '@VARIANT_c.1079G>T_HGD_human')"
D000474,rs1172885188##,Association,@DISEASE_Alkaptonuria,@VARIANT_p.G360V_HGD_human,{'37658095'},['0.5715'],"('@DISEASE_Alkaptonuria', 'Association', '@VARIANT_p.G360V_HGD_human')"
D000474,rs120074174##,Association,@DISEASE_Alkaptonuria,@VARIANT_p.G270R_HGD_human,{'37658095'},"['0.5327', '0.7451']","('@DISEASE_Alkaptonuria', 'Association', '@VARIANT_p.G270R_HGD_human')"
D000474,rs120074174##,Positive_Correlation,@DISEASE_Alkaptonuria,@VARIANT_p.G270R_HGD_human,"{'12872836', '37658095'}","['0.6579', '0.9882']","('@DISEASE_Alkaptonuria', 'Positive_Correlation', '@VARIANT_p.G270R_HGD_human')"
D000474,rs1172885188##,Negative_Correlation,@DISEASE_Alkaptonuria,@VARIANT_c.1079G>T_HGD_human,{'37658095'},['0.3976'],"('@DISEASE_Alkaptonuria', 'Negative_Correlation', '@VARIANT_c.1079G>T_HGD_human')"
D000474,rs120074171##,Association,@DISEASE_Alkaptonuria,@VARIANT_p.R330S_HGD_human,{'10594001'},['0.5605'],"('@DISEASE_Alkaptonuria', 'Association', '@VARIANT_p.R330S_HGD_human')"
D000474,rs120074173##,Positive_Correlation,@DISEASE_Alkaptonuria,@VARIANT_p.M368V_HGD_human,"{'19096913', '10594001'}","['0.6923', '0.9777']","('@DISEASE_Alkaptonuria', 'Positive_Correlation', '@VARIANT_p.M368V_HGD_human')"
D000474,#3081#p.R58fsX,Association,@DISEASE_Alkaptonuria,@VARIANT_p.R58fsX_HGD_human,"{'18945288', '10594001'}","['0.6884', '0.9984']","('@DISEASE_Alkaptonuria', 'Association', '@VARIANT_p.R58fsX_HGD_human')"
D009369,9353,Association,@DISEASE_Neoplasms,@GENE_SLIT2,{'26291085'},['0.9989'],"('@DISEASE_Neoplasms', 'Association', '@GENE_SLIT2')"
D009369,4118,Association,@DISEASE_Neoplasms,@GENE_MAL,{'26291085'},['0.9987'],"('@DISEASE_Neoplasms', 'Association', '@GENE_MAL')"
D015179,6586,Association,@DISEASE_Colorectal_Neoplasms,@GENE_SLIT3,{'26291085'},['0.953'],"('@DISEASE_Colorectal_Neoplasms', 'Association', '@GENE_SLIT3')"
D015179,6422,Association,@DISEASE_Colorectal_Neoplasms,@GENE_SFRP1,{'26291085'},['0.9888'],"('@DISEASE_Colorectal_Neoplasms', 'Association', '@GENE_SFRP1')"
D009369,646,Association,@DISEASE_Neoplasms,@GENE_BNC1,{'26291085'},['0.9985'],"('@DISEASE_Neoplasms', 'Association', '@GENE_BNC1')"
D015179,11197,Association,@DISEASE_Colorectal_Neoplasms,@GENE_WIF1,{'26291085'},['0.7131'],"('@DISEASE_Colorectal_Neoplasms', 'Association', '@GENE_WIF1')"
D009369,6586,Association,@DISEASE_Neoplasms,@GENE_SLIT3,{'26291085'},['0.9991'],"('@DISEASE_Neoplasms', 'Association', '@GENE_SLIT3')"
D009369,6422,Association,@DISEASE_Neoplasms,@GENE_SFRP1,{'26291085'},['0.9968'],"('@DISEASE_Neoplasms', 'Association', '@GENE_SFRP1')"
D015179,6423,Association,@DISEASE_Colorectal_Neoplasms,@GENE_SFRP2,{'26291085'},['0.6955'],"('@DISEASE_Colorectal_Neoplasms', 'Association', '@GENE_SFRP2')"
D015179,23671,Association,@DISEASE_Colorectal_Neoplasms,@GENE_TMEFF2,{'26291085'},['0.8749'],"('@DISEASE_Colorectal_Neoplasms', 'Association', '@GENE_TMEFF2')"
D009369,6423,Association,@DISEASE_Neoplasms,@GENE_SFRP2,{'26291085'},['0.9985'],"('@DISEASE_Neoplasms', 'Association', '@GENE_SFRP2')"
D015179,646,Association,@DISEASE_Colorectal_Neoplasms,@GENE_BNC1,{'26291085'},['0.7211'],"('@DISEASE_Colorectal_Neoplasms', 'Association', '@GENE_BNC1')"
D015179,9353,Association,@DISEASE_Colorectal_Neoplasms,@GENE_SLIT2,{'26291085'},['0.885'],"('@DISEASE_Colorectal_Neoplasms', 'Association', '@GENE_SLIT2')"
D015179,220,Association,@DISEASE_Colorectal_Neoplasms,@GENE_ALDH1A3,{'26291085'},['0.8606'],"('@DISEASE_Colorectal_Neoplasms', 'Association', '@GENE_ALDH1A3')"
D009369,6750,Association,@DISEASE_Neoplasms,@GENE_SST,{'26291085'},['0.9929'],"('@DISEASE_Neoplasms', 'Association', '@GENE_SST')"
D009369,11197,Association,@DISEASE_Neoplasms,@GENE_WIF1,{'26291085'},['0.9991'],"('@DISEASE_Neoplasms', 'Association', '@GENE_WIF1')"
D009369,220,Association,@DISEASE_Neoplasms,@GENE_ALDH1A3,{'26291085'},['0.9989'],"('@DISEASE_Neoplasms', 'Association', '@GENE_ALDH1A3')"
D009369,23671,Association,@DISEASE_Neoplasms,@GENE_TMEFF2,{'26291085'},['0.9983'],"('@DISEASE_Neoplasms', 'Association', '@GENE_TMEFF2')"
C041660,D008543,Positive_Correlation,@CHEMICAL_1_8_dihydroxynaphthalene,@CHEMICAL_Melanins,{'33774429'},['0.5768'],"('@CHEMICAL_1_8_dihydroxynaphthalene', 'Positive_Correlation', '@CHEMICAL_Melanins')"
C509677,D000537,Cotreatment,@CHEMICAL_poly(4_vinylphenol),@CHEMICAL_Aluminum_Oxide,{'28772972'},['0.6579'],"('@CHEMICAL_poly(4_vinylphenol)', 'Cotreatment', '@CHEMICAL_Aluminum_Oxide')"
D001471,8792,Association,@DISEASE_Barrett_Esophagus,@GENE_TNFRSF11A,{'12957466'},['0.9995'],"('@DISEASE_Barrett_Esophagus', 'Association', '@GENE_TNFRSF11A')"
D007249,5268,Association,@DISEASE_Inflammation,@GENE_SERPINB5,{'16227634'},['0.9958'],"('@DISEASE_Inflammation', 'Association', '@GENE_SERPINB5')"
D009369,5268,Association,@DISEASE_Neoplasms,@GENE_SERPINB5,{'16227634'},['0.9746'],"('@DISEASE_Neoplasms', 'Association', '@GENE_SERPINB5')"
D015212,5268,Association,@DISEASE_Inflammatory_Bowel_Diseases,@GENE_SERPINB5,{'16227634'},['0.9997'],"('@DISEASE_Inflammatory_Bowel_Diseases', 'Association', '@GENE_SERPINB5')"
C567703,5268,Association,@DISEASE_Diarrhea_5_With_Tufting_Enteropathy_Congenital,@GENE_SERPINB5,{'16227634'},['0.9304'],"('@DISEASE_Diarrhea_5_With_Tufting_Enteropathy_Congenital', 'Association', '@GENE_SERPINB5')"
D015792,5268,Association,@DISEASE_Retinal_Dysplasia,@GENE_SERPINB5,{'16227634'},['0.8953'],"('@DISEASE_Retinal_Dysplasia', 'Association', '@GENE_SERPINB5')"
D000083023,5268,Association,@DISEASE_Colitis_Associated_Neoplasms,@GENE_SERPINB5,{'16227634'},['0.5417'],"('@DISEASE_Colitis_Associated_Neoplasms', 'Association', '@GENE_SERPINB5')"
D008543,##p.G272E,Positive_Correlation,@CHEMICAL_Melanins,,{'30396405'},['0.3955'],"('@CHEMICAL_Melanins', 'Positive_Correlation', None)"
C432907,D006713,Negative_Correlation,@CHEMICAL_mesotrione,@CHEMICAL_Homogentisic_Acid,{'30396405'},['0.999'],"('@CHEMICAL_mesotrione', 'Negative_Correlation', '@CHEMICAL_Homogentisic_Acid')"
C432907,D008543,Negative_Correlation,@CHEMICAL_mesotrione,@CHEMICAL_Melanins,{'30396405'},['0.9577'],"('@CHEMICAL_mesotrione', 'Negative_Correlation', '@CHEMICAL_Melanins')"
D006713,D006461,Positive_Correlation,@CHEMICAL_Homogentisic_Acid,@DISEASE_Hemolysis,"{'20207456', '25713720', '25130113'}","['0.9989', '0.992', '0.9987']","('@CHEMICAL_Homogentisic_Acid', 'Positive_Correlation', '@DISEASE_Hemolysis')"
D006713,D000860,Positive_Correlation,@CHEMICAL_Homogentisic_Acid,@DISEASE_Hypoxia,{'25130113'},['0.9981'],"('@CHEMICAL_Homogentisic_Acid', 'Positive_Correlation', '@DISEASE_Hypoxia')"
D006713,3048,Association,@CHEMICAL_Homogentisic_Acid,@GENE_HBG2,{'25130113'},['0.5213'],"('@CHEMICAL_Homogentisic_Acid', 'Association', '@GENE_HBG2')"
D006713,D009102,Positive_Correlation,@CHEMICAL_Homogentisic_Acid,@DISEASE_Multiple_Organ_Failure,{'25130113'},['0.9988'],"('@CHEMICAL_Homogentisic_Acid', 'Positive_Correlation', '@DISEASE_Multiple_Organ_Failure')"
D006713,D000138,Positive_Correlation,@CHEMICAL_Homogentisic_Acid,@DISEASE_Acidosis,{'25130113'},['0.9982'],"('@CHEMICAL_Homogentisic_Acid', 'Positive_Correlation', '@DISEASE_Acidosis')"
C025136,C473616,Association,@CHEMICAL_phenylacetic_acid,@CHEMICAL_sorbicillin,{'38388812'},['0.9032'],"('@CHEMICAL_phenylacetic_acid', 'Association', '@CHEMICAL_sorbicillin')"
C014150,D014316,Association,@CHEMICAL_phytylplastoquinone,@CHEMICAL_Tritium,{'7002223'},['0.6396'],"('@CHEMICAL_phytylplastoquinone', 'Association', '@CHEMICAL_Tritium')"
D010971,D014316,Association,@CHEMICAL_Plastoquinone,@CHEMICAL_Tritium,{'7002223'},['0.9537'],"('@CHEMICAL_Plastoquinone', 'Association', '@CHEMICAL_Tritium')"
C014150,D006713,Association,@CHEMICAL_phytylplastoquinone,@CHEMICAL_Homogentisic_Acid,{'7002223'},['0.6932'],"('@CHEMICAL_phytylplastoquinone', 'Association', '@CHEMICAL_Homogentisic_Acid')"
C004809,D011809,Positive_Correlation,@CHEMICAL_isopentenyl_pyrophosphate,@CHEMICAL_Quinones,{'7002223'},['0.9977'],"('@CHEMICAL_isopentenyl_pyrophosphate', 'Positive_Correlation', '@CHEMICAL_Quinones')"
C077073,D014820,Positive_Correlation,@CHEMICAL_nitisinone,@DISEASE_Vitiligo,{'34485014'},['0.9981'],"('@CHEMICAL_nitisinone', 'Positive_Correlation', '@DISEASE_Vitiligo')"
C012168,C538235,Association,@CHEMICAL_adenylosuccinate,@DISEASE_Adenylosuccinate_lyase_deficiency,{'10360421'},['0.7812'],"('@CHEMICAL_adenylosuccinate', 'Association', '@DISEASE_Adenylosuccinate_lyase_deficiency')"
D005978,C564422,Negative_Correlation,@CHEMICAL_Glutathione,@DISEASE_Glutamyl_Ribose_5_Phosphate_Storage_Disease,{'10360421'},['0.9782'],"('@CHEMICAL_Glutathione', 'Negative_Correlation', '@DISEASE_Glutamyl_Ribose_5_Phosphate_Storage_Disease')"
D006639,C538320,Association,@CHEMICAL_Histidine,@DISEASE_Histidinemia,{'10360421'},['0.8521'],"('@CHEMICAL_Histidine', 'Association', '@DISEASE_Histidinemia')"
D011761,C536835,Negative_Correlation,@CHEMICAL_Pyrrolidonecarboxylic_Acid,@DISEASE_Glutathione_synthetase_deficiency,{'10360421'},['0.9881'],"('@CHEMICAL_Pyrrolidonecarboxylic_Acid', 'Negative_Correlation', '@DISEASE_Glutathione_synthetase_deficiency')"
D017563,23705,Association,@DISEASE_Lung_Diseases_Interstitial,@GENE_CADM1,{'35334492'},['0.9992'],"('@DISEASE_Lung_Diseases_Interstitial', 'Association', '@GENE_CADM1')"
D017563,8635,Association,@DISEASE_Lung_Diseases_Interstitial,@GENE_RNASET2,{'35334492'},['0.9992'],"('@DISEASE_Lung_Diseases_Interstitial', 'Association', '@GENE_RNASET2')"
D017563,51292,Association,@DISEASE_Lung_Diseases_Interstitial,@GENE_GMPR2,{'35334492'},['0.9996'],"('@DISEASE_Lung_Diseases_Interstitial', 'Association', '@GENE_GMPR2')"
D017563,9332,Association,@DISEASE_Lung_Diseases_Interstitial,@GENE_CD163,{'35334492'},['0.9627'],"('@DISEASE_Lung_Diseases_Interstitial', 'Association', '@GENE_CD163')"
D017563,2182,Association,@DISEASE_Lung_Diseases_Interstitial,@GENE_ACSL4,{'35334492'},['0.9993'],"('@DISEASE_Lung_Diseases_Interstitial', 'Association', '@GENE_ACSL4')"
D017563,7456,Association,@DISEASE_Lung_Diseases_Interstitial,@GENE_WIPF1,{'35334492'},['0.9993'],"('@DISEASE_Lung_Diseases_Interstitial', 'Association', '@GENE_WIPF1')"
D017563,100131187,Association,@DISEASE_Lung_Diseases_Interstitial,@GENE_TSTD1,{'35334492'},['0.9963'],"('@DISEASE_Lung_Diseases_Interstitial', 'Association', '@GENE_TSTD1')"
D017563,4060,Association,@DISEASE_Lung_Diseases_Interstitial,@GENE_LUM,{'35334492'},['0.967'],"('@DISEASE_Lung_Diseases_Interstitial', 'Association', '@GENE_LUM')"
D017563,5611,Association,@DISEASE_Lung_Diseases_Interstitial,@GENE_DNAJC3,{'35334492'},['0.9994'],"('@DISEASE_Lung_Diseases_Interstitial', 'Association', '@GENE_DNAJC3')"
D017563,6448,Association,@DISEASE_Lung_Diseases_Interstitial,@GENE_SGSH,{'35334492'},['0.9821'],"('@DISEASE_Lung_Diseases_Interstitial', 'Association', '@GENE_SGSH')"
D017563,64374,Association,@DISEASE_Lung_Diseases_Interstitial,@GENE_SIL1,{'35334492'},['0.9979'],"('@DISEASE_Lung_Diseases_Interstitial', 'Association', '@GENE_SIL1')"
D017563,6614,Association,@DISEASE_Lung_Diseases_Interstitial,@GENE_SIGLEC1,{'35334492'},['0.9994'],"('@DISEASE_Lung_Diseases_Interstitial', 'Association', '@GENE_SIGLEC1')"
D017563,3081,Association,@DISEASE_Lung_Diseases_Interstitial,@GENE_HGD,{'35334492'},['0.8597'],"('@DISEASE_Lung_Diseases_Interstitial', 'Association', '@GENE_HGD')"
D017563,79887,Association,@DISEASE_Lung_Diseases_Interstitial,@GENE_PLBD1,{'35334492'},['0.9994'],"('@DISEASE_Lung_Diseases_Interstitial', 'Association', '@GENE_PLBD1')"
D017563,55647,Association,@DISEASE_Lung_Diseases_Interstitial,@GENE_RAB20,{'35334492'},['0.9991'],"('@DISEASE_Lung_Diseases_Interstitial', 'Association', '@GENE_RAB20')"
D017563,6441,Association,@DISEASE_Lung_Diseases_Interstitial,@GENE_SFTPD,{'35334492'},['0.9699'],"('@DISEASE_Lung_Diseases_Interstitial', 'Association', '@GENE_SFTPD')"
D017563,7045,Association,@DISEASE_Lung_Diseases_Interstitial,@GENE_TGFBI,{'35334492'},['0.9978'],"('@DISEASE_Lung_Diseases_Interstitial', 'Association', '@GENE_TGFBI')"
D017563,4939,Association,@DISEASE_Lung_Diseases_Interstitial,@GENE_OAS2,{'35334492'},['0.9981'],"('@DISEASE_Lung_Diseases_Interstitial', 'Association', '@GENE_OAS2')"
D017563,1361,Association,@DISEASE_Lung_Diseases_Interstitial,@GENE_CPB2,{'35334492'},['0.9991'],"('@DISEASE_Lung_Diseases_Interstitial', 'Association', '@GENE_CPB2')"
D017563,4940,Association,@DISEASE_Lung_Diseases_Interstitial,@GENE_OAS3,{'35334492'},['0.9995'],"('@DISEASE_Lung_Diseases_Interstitial', 'Association', '@GENE_OAS3')"
C025589,D010649,Negative_Correlation,@CHEMICAL_ochratoxin_A,@CHEMICAL_Phenylalanine,{'2167054'},['0.9986'],"('@CHEMICAL_ochratoxin_A', 'Negative_Correlation', '@CHEMICAL_Phenylalanine')"
D009793,24616,Association,@CHEMICAL_Ochratoxins,@GENE_PAH,{'2167054'},['0.9914'],"('@CHEMICAL_Ochratoxins', 'Association', '@GENE_PAH')"
C025589,D014443,Negative_Correlation,@CHEMICAL_ochratoxin_A,@CHEMICAL_Tyrosine,{'2167054'},['0.9985'],"('@CHEMICAL_ochratoxin_A', 'Negative_Correlation', '@CHEMICAL_Tyrosine')"
C025589,24616,Association,@CHEMICAL_ochratoxin_A,@GENE_PAH,{'2167054'},['0.9987'],"('@CHEMICAL_ochratoxin_A', 'Association', '@GENE_PAH')"
D011125,rs113488022##,Association,@DISEASE_Adenomatous_Polyposis_Coli,@VARIANT_p.V600E_BRAF_human,{'27087961'},['0.8715'],"('@DISEASE_Adenomatous_Polyposis_Coli', 'Association', '@VARIANT_p.V600E_BRAF_human')"
D011125,673,Association,@DISEASE_Adenomatous_Polyposis_Coli,@GENE_BRAF,{'27087961'},['0.8715'],"('@DISEASE_Adenomatous_Polyposis_Coli', 'Association', '@GENE_BRAF')"
C014121,D010302,Association,@CHEMICAL_neuromelanin,@DISEASE_Parkinson_Disease_Secondary,{'18479839'},['0.9921'],"('@CHEMICAL_neuromelanin', 'Association', '@DISEASE_Parkinson_Disease_Secondary')"
D008543,D008545,Positive_Correlation,@CHEMICAL_Melanins,@DISEASE_Melanoma,{'18479839'},['0.9987'],"('@CHEMICAL_Melanins', 'Positive_Correlation', '@DISEASE_Melanoma')"
D001982,1029,Association,@DISEASE_Bronchial_Diseases,@GENE_CDKN2A,{'26973214'},['0.891'],"('@DISEASE_Bronchial_Diseases', 'Association', '@GENE_CDKN2A')"
D001982,1612,Association,@DISEASE_Bronchial_Diseases,@GENE_DAPK1,{'26973214'},['0.804'],"('@DISEASE_Bronchial_Diseases', 'Association', '@GENE_DAPK1')"
D005947,D008659,Positive_Correlation,@CHEMICAL_Glucose,@DISEASE_Metabolic_Diseases,"{'29899272', '30299269', '37663291'}","['0.9989', '0.9957', '0.8845']","('@CHEMICAL_Glucose', 'Positive_Correlation', '@DISEASE_Metabolic_Diseases')"
D005947,177157,Association,@CHEMICAL_Glucose,@GENE_HLH_30,{'30299269'},['0.9942'],"('@CHEMICAL_Glucose', 'Association', '@GENE_HLH_30')"
D005947,D019319,Association,@CHEMICAL_Glucose,@CHEMICAL_Okadaic_Acid,{'30299269'},['0.9819'],"('@CHEMICAL_Glucose', 'Association', '@CHEMICAL_Okadaic_Acid')"
D005947,D003924,Positive_Correlation,@CHEMICAL_Glucose,@DISEASE_Diabetes_Mellitus_Type_2,"{'30299269', '37663291'}","['0.9987', '0.9984']","('@CHEMICAL_Glucose', 'Positive_Correlation', '@DISEASE_Diabetes_Mellitus_Type_2')"
D019319,177157,Negative_Correlation,@CHEMICAL_Okadaic_Acid,@GENE_HLH_30,{'30299269'},['0.978'],"('@CHEMICAL_Okadaic_Acid', 'Negative_Correlation', '@GENE_HLH_30')"
C038193,D010649,Positive_Correlation,@CHEMICAL_4_hydroxybenzoic_acid,@CHEMICAL_Phenylalanine,{'7399402'},['0.9541'],"('@CHEMICAL_4_hydroxybenzoic_acid', 'Positive_Correlation', '@CHEMICAL_Phenylalanine')"
C031385,D010649,Positive_Correlation,@CHEMICAL_anthranilic_acid,@CHEMICAL_Phenylalanine,{'7399402'},['0.913'],"('@CHEMICAL_anthranilic_acid', 'Positive_Correlation', '@CHEMICAL_Phenylalanine')"
C026246,D010649,Positive_Correlation,@CHEMICAL_4_hydroxyphenylacetate,@CHEMICAL_Phenylalanine,{'7399402'},['0.9782'],"('@CHEMICAL_4_hydroxyphenylacetate', 'Positive_Correlation', '@CHEMICAL_Phenylalanine')"
C010590,D010649,Positive_Correlation,@CHEMICAL_4_hydroxyphenylpyruvic_acid,@CHEMICAL_Phenylalanine,{'7399402'},['0.9717'],"('@CHEMICAL_4_hydroxyphenylpyruvic_acid', 'Positive_Correlation', '@CHEMICAL_Phenylalanine')"
D024322,D062366,Association,@CHEMICAL_Amino_Acids_Aromatic,@CHEMICAL_para_Aminobenzoates,{'7399402'},['0.634'],"('@CHEMICAL_Amino_Acids_Aromatic', 'Association', '@CHEMICAL_para_Aminobenzoates')"
D002701,D010649,Negative_Correlation,@CHEMICAL_Chloramphenicol,@CHEMICAL_Phenylalanine,{'7399402'},['0.9054'],"('@CHEMICAL_Chloramphenicol', 'Negative_Correlation', '@CHEMICAL_Phenylalanine')"
D006713,1169722,Positive_Correlation,@CHEMICAL_Homogentisic_Acid,@GENE_HPPD,{'19573203'},['0.9227'],"('@CHEMICAL_Homogentisic_Acid', 'Positive_Correlation', '@GENE_HPPD')"
D015232,3553,Association,@CHEMICAL_Dinoprostone,@GENE_IL1B,{'31404023'},['0.9981'],"('@CHEMICAL_Dinoprostone', 'Association', '@GENE_IL1B')"
D015232,D008228,Positive_Correlation,@CHEMICAL_Dinoprostone,@DISEASE_Lymphoma_Non_Hodgkin,{'31404023'},['0.9958'],"('@CHEMICAL_Dinoprostone', 'Positive_Correlation', '@DISEASE_Lymphoma_Non_Hodgkin')"
D008228,3553,Association,@DISEASE_Lymphoma_Non_Hodgkin,@GENE_IL1B,{'31404023'},['0.9321'],"('@DISEASE_Lymphoma_Non_Hodgkin', 'Association', '@GENE_IL1B')"
D000077779,3553,Association,@DISEASE_Pancreatic_Intraductal_Neoplasms,@GENE_IL1B,{'31404023'},['0.9994'],"('@DISEASE_Pancreatic_Intraductal_Neoplasms', 'Association', '@GENE_IL1B')"
D015232,D000077779,Association,@CHEMICAL_Dinoprostone,@DISEASE_Pancreatic_Intraductal_Neoplasms,{'31404023'},['0.9381'],"('@CHEMICAL_Dinoprostone', 'Association', '@DISEASE_Pancreatic_Intraductal_Neoplasms')"
D002244,D014443,Positive_Correlation,@CHEMICAL_Carbon,@CHEMICAL_Tyrosine,"{'17640269', '19624744', '18074175'}","['0.9227', '0.9639', '0.2927']","('@CHEMICAL_Carbon', 'Positive_Correlation', '@CHEMICAL_Tyrosine')"
D008055,D000474,Association,@CHEMICAL_Lipids,@DISEASE_Alkaptonuria,"{'28192171', '25336110'}","['0.9977', '0.998']","('@CHEMICAL_Lipids', 'Association', '@DISEASE_Alkaptonuria')"
D012701,D014443,Negative_Correlation,@CHEMICAL_Serotonin,@CHEMICAL_Tyrosine,{'30049652'},['0.9404'],"('@CHEMICAL_Serotonin', 'Negative_Correlation', '@CHEMICAL_Tyrosine')"
C077073,D003866,Positive_Correlation,@CHEMICAL_nitisinone,@DISEASE_Depressive_Disorder,"{'35433173', '30049652'}","['0.9928', '0.7598']","('@CHEMICAL_nitisinone', 'Positive_Correlation', '@DISEASE_Depressive_Disorder')"
C077073,D006897,Negative_Correlation,@CHEMICAL_nitisinone,@CHEMICAL_Hydroxyindoleacetic_Acid,{'30049652'},['0.6812'],"('@CHEMICAL_nitisinone', 'Negative_Correlation', '@CHEMICAL_Hydroxyindoleacetic_Acid')"
D024322,D003866,Association,@CHEMICAL_Amino_Acids_Aromatic,@DISEASE_Depressive_Disorder,{'30049652'},['0.996'],"('@CHEMICAL_Amino_Acids_Aromatic', 'Association', '@DISEASE_Depressive_Disorder')"
C009798,D014693,Negative_Correlation,@CHEMICAL_C.I._direct_red_80,@DISEASE_Ventricular_Fibrillation,{'28739408'},['0.9986'],"('@CHEMICAL_C.I._direct_red_80', 'Negative_Correlation', '@DISEASE_Ventricular_Fibrillation')"
C009798,3081,Negative_Correlation,@CHEMICAL_C.I._direct_red_80,@GENE_HGD,{'28739408'},['0.973'],"('@CHEMICAL_C.I._direct_red_80', 'Negative_Correlation', '@GENE_HGD')"
C029773,3081,Negative_Correlation,@CHEMICAL_rhodamine_B,@GENE_HGD,{'28739408'},['0.972'],"('@CHEMICAL_rhodamine_B', 'Negative_Correlation', '@GENE_HGD')"
C009798,1421,Negative_Correlation,@CHEMICAL_C.I._direct_red_80,@GENE_CRYGD,{'28739408'},['0.999'],"('@CHEMICAL_C.I._direct_red_80', 'Negative_Correlation', '@GENE_CRYGD')"
C029773,D014693,Negative_Correlation,@CHEMICAL_rhodamine_B,@DISEASE_Ventricular_Fibrillation,{'28739408'},['0.9993'],"('@CHEMICAL_rhodamine_B', 'Negative_Correlation', '@DISEASE_Ventricular_Fibrillation')"
D014693,3081,Association,@DISEASE_Ventricular_Fibrillation,@GENE_HGD,"{'32151988', '28739408'}","['0.9151', '0.6003']","('@DISEASE_Ventricular_Fibrillation', 'Association', '@GENE_HGD')"
C008710,D014693,Negative_Correlation,@CHEMICAL_Orange_G,@DISEASE_Ventricular_Fibrillation,{'28739408'},['0.9993'],"('@CHEMICAL_Orange_G', 'Negative_Correlation', '@DISEASE_Ventricular_Fibrillation')"
C029773,1421,Negative_Correlation,@CHEMICAL_rhodamine_B,@GENE_CRYGD,{'28739408'},['0.8781'],"('@CHEMICAL_rhodamine_B', 'Negative_Correlation', '@GENE_CRYGD')"
C008710,3081,Negative_Correlation,@CHEMICAL_Orange_G,@GENE_HGD,{'28739408'},['0.9945'],"('@CHEMICAL_Orange_G', 'Negative_Correlation', '@GENE_HGD')"
C008710,1421,Negative_Correlation,@CHEMICAL_Orange_G,@GENE_CRYGD,{'28739408'},['0.999'],"('@CHEMICAL_Orange_G', 'Negative_Correlation', '@GENE_CRYGD')"
C008710,C009798,Comparison,@CHEMICAL_Orange_G,@CHEMICAL_C.I._direct_red_80,{'28739408'},['0.748'],"('@CHEMICAL_Orange_G', 'Comparison', '@CHEMICAL_C.I._direct_red_80')"
D006713,D010146,Association,@CHEMICAL_Homogentisic_Acid,@DISEASE_Pain,{'39955065'},['0.9971'],"('@CHEMICAL_Homogentisic_Acid', 'Association', '@DISEASE_Pain')"
D010713,D010146,Association,@CHEMICAL_Phosphatidylcholines,@DISEASE_Pain,{'39955065'},['0.9978'],"('@CHEMICAL_Phosphatidylcholines', 'Association', '@DISEASE_Pain')"
C020491,D010146,Association,@CHEMICAL_rhein,@DISEASE_Pain,{'39955065'},['0.9985'],"('@CHEMICAL_rhein', 'Association', '@DISEASE_Pain')"
D010767,D010146,Association,@CHEMICAL_Phosphorylcholine,@DISEASE_Pain,{'39955065'},['0.998'],"('@CHEMICAL_Phosphorylcholine', 'Association', '@DISEASE_Pain')"
D005231,D005947,Association,@CHEMICAL_Fatty_Acids_Unsaturated,@CHEMICAL_Glucose,{'34063343'},['0.9983'],"('@CHEMICAL_Fatty_Acids_Unsaturated', 'Association', '@CHEMICAL_Glucose')"
D002241,D005231,Association,@CHEMICAL_Carbohydrates,@CHEMICAL_Fatty_Acids_Unsaturated,{'34063343'},['0.999'],"('@CHEMICAL_Carbohydrates', 'Association', '@CHEMICAL_Fatty_Acids_Unsaturated')"
D002784,D005231,Association,@CHEMICAL_Cholesterol,@CHEMICAL_Fatty_Acids_Unsaturated,{'34063343'},['0.9957'],"('@CHEMICAL_Cholesterol', 'Association', '@CHEMICAL_Fatty_Acids_Unsaturated')"
D001471,2100,Association,@DISEASE_Barrett_Esophagus,@GENE_ESR2,{'12168823'},['0.9994'],"('@DISEASE_Barrett_Esophagus', 'Association', '@GENE_ESR2')"
C562730,2100,Association,@DISEASE_Adenocarcinoma_Of_Esophagus,@GENE_ESR2,{'12168823'},['0.9981'],"('@DISEASE_Adenocarcinoma_Of_Esophagus', 'Association', '@GENE_ESR2')"
D013629,D000230,Negative_Correlation,@CHEMICAL_Tamoxifen,@DISEASE_Adenocarcinoma,{'12168823'},['0.9981'],"('@CHEMICAL_Tamoxifen', 'Negative_Correlation', '@DISEASE_Adenocarcinoma')"
D064726,2100,Positive_Correlation,@DISEASE_Triple_Negative_Breast_Neoplasms,@GENE_ESR2,{'12168823'},['0.5346'],"('@DISEASE_Triple_Negative_Breast_Neoplasms', 'Positive_Correlation', '@GENE_ESR2')"
D013629,D001943,Negative_Correlation,@CHEMICAL_Tamoxifen,@DISEASE_Breast_Neoplasms,{'12168823'},['0.9581'],"('@CHEMICAL_Tamoxifen', 'Negative_Correlation', '@DISEASE_Breast_Neoplasms')"
D009081,7157,Association,@DISEASE_Mucolipidoses,@GENE_TP53,{'34232295'},['0.9984'],"('@DISEASE_Mucolipidoses', 'Association', '@GENE_TP53')"
D007501,D010649,Association,@CHEMICAL_Iron,@CHEMICAL_Phenylalanine,{'1158876'},['0.8879'],"('@CHEMICAL_Iron', 'Association', '@CHEMICAL_Phenylalanine')"
D007501,D014443,Negative_Correlation,@CHEMICAL_Iron,@CHEMICAL_Tyrosine,{'1158876'},['0.9847'],"('@CHEMICAL_Iron', 'Negative_Correlation', '@CHEMICAL_Tyrosine')"
D007501,D014364,Negative_Correlation,@CHEMICAL_Iron,@CHEMICAL_Tryptophan,{'1158876'},['0.7599'],"('@CHEMICAL_Iron', 'Negative_Correlation', '@CHEMICAL_Tryptophan')"
C012655,D004412,Negative_Correlation,@CHEMICAL_nimesulide,@DISEASE_Dysmenorrhea,{'26414386'},['0.9988'],"('@CHEMICAL_nimesulide', 'Negative_Correlation', '@DISEASE_Dysmenorrhea')"
C012655,D010146,Negative_Correlation,@CHEMICAL_nimesulide,@DISEASE_Pain,{'26414386'},['0.998'],"('@CHEMICAL_nimesulide', 'Negative_Correlation', '@DISEASE_Pain')"
C012655,D059787,Negative_Correlation,@CHEMICAL_nimesulide,@DISEASE_Acute_Pain,{'26414386'},['0.9982'],"('@CHEMICAL_nimesulide', 'Negative_Correlation', '@DISEASE_Acute_Pain')"
C012655,D007249,Negative_Correlation,@CHEMICAL_nimesulide,@DISEASE_Inflammation,{'26414386'},['0.9982'],"('@CHEMICAL_nimesulide', 'Negative_Correlation', '@DISEASE_Inflammation')"
C010590,847,Association,@CHEMICAL_4_hydroxyphenylpyruvic_acid,@GENE_CAT,{'13321906'},['0.996'],"('@CHEMICAL_4_hydroxyphenylpyruvic_acid', 'Association', '@GENE_CAT')"
D006713,847,Association,@CHEMICAL_Homogentisic_Acid,@GENE_CAT,{'13321906'},['0.9959'],"('@CHEMICAL_Homogentisic_Acid', 'Association', '@GENE_CAT')"
D014443,847,Association,@CHEMICAL_Tyrosine,@GENE_CAT,{'13321906'},['0.9995'],"('@CHEMICAL_Tyrosine', 'Association', '@GENE_CAT')"
rs375396766##,C531762,Association,@VARIANT_p.P158L_HGD_human,@DISEASE_Alkaptonuric_ochronosis,{'21822197'},['0.7421'],"('@VARIANT_p.P158L_HGD_human', 'Association', '@DISEASE_Alkaptonuric_ochronosis')"
C531762,rs375396766##,Positive_Correlation,@DISEASE_Alkaptonuric_ochronosis,@VARIANT_p.P158L_HGD_human,{'21822197'},"['0.6333', '0.5869']","('@DISEASE_Alkaptonuric_ochronosis', 'Positive_Correlation', '@VARIANT_p.P158L_HGD_human')"
C531762,rs1397264922##,Association,@DISEASE_Alkaptonuric_ochronosis,@VARIANT_p.P274L_HGD_human,{'21822197'},"['0.9935', '0.9948']","('@DISEASE_Alkaptonuric_ochronosis', 'Association', '@VARIANT_p.P274L_HGD_human')"
rs1397264922##,C531762,Association,@VARIANT_p.P274L_HGD_human,@DISEASE_Alkaptonuric_ochronosis,{'21822197'},['0.9908'],"('@VARIANT_p.P274L_HGD_human', 'Association', '@DISEASE_Alkaptonuric_ochronosis')"
D009358,#3081#,Association,@DISEASE_Congenital_Hereditary_and_Neonatal_Diseases_and_Abnormalities,,{'21822197'},['0.5614'],"('@DISEASE_Congenital_Hereditary_and_Neonatal_Diseases_and_Abnormalities', 'Association', None)"
C531762,#3081#,Association,@DISEASE_Alkaptonuric_ochronosis,,{'21822197'},['0.9967'],"('@DISEASE_Alkaptonuric_ochronosis', 'Association', None)"
D004194,3081,Association,@DISEASE_Disease,@GENE_HGD,{'21822197'},['0.8278'],"('@DISEASE_Disease', 'Association', '@GENE_HGD')"
D009358,3081,Association,@DISEASE_Congenital_Hereditary_and_Neonatal_Diseases_and_Abnormalities,@GENE_HGD,{'21822197'},['0.5614'],"('@DISEASE_Congenital_Hereditary_and_Neonatal_Diseases_and_Abnormalities', 'Association', '@GENE_HGD')"
D004931,7157,Association,@DISEASE_Esophageal_Achalasia,@GENE_TP53,{'20113324'},['0.9996'],"('@DISEASE_Esophageal_Achalasia', 'Association', '@GENE_TP53')"
D004938,7157,Association,@DISEASE_Esophageal_Neoplasms,@GENE_TP53,{'20113324'},['0.9497'],"('@DISEASE_Esophageal_Neoplasms', 'Association', '@GENE_TP53')"
D016264,D003092,Positive_Correlation,@CHEMICAL_Dextran_Sulfate,@DISEASE_Colitis,{'39788168'},['0.9987'],"('@CHEMICAL_Dextran_Sulfate', 'Positive_Correlation', '@DISEASE_Colitis')"
D000841,26416,Positive_Correlation,@CHEMICAL_Anisomycin,@GENE_MAPK14,{'39788168'},['0.9992'],"('@CHEMICAL_Anisomycin', 'Positive_Correlation', '@GENE_MAPK14')"
C048436,21898,Positive_Correlation,@CHEMICAL_monophosphoryl_lipid_A,@GENE_TLR4,{'39788168'},['0.9992'],"('@CHEMICAL_monophosphoryl_lipid_A', 'Positive_Correlation', '@GENE_TLR4')"
D000067390,16193,Association,@DISEASE_Cold_Injury,@GENE_IL6,{'39788168'},['0.5381'],"('@DISEASE_Cold_Injury', 'Association', '@GENE_IL6')"
D016264,D007249,Positive_Correlation,@CHEMICAL_Dextran_Sulfate,@DISEASE_Inflammation,{'39788168'},['0.8797'],"('@CHEMICAL_Dextran_Sulfate', 'Positive_Correlation', '@DISEASE_Inflammation')"
D007249,21898,Association,@DISEASE_Inflammation,@GENE_TLR4,{'39788168'},['0.7064'],"('@DISEASE_Inflammation', 'Association', '@GENE_TLR4')"
D003092,12737,Association,@DISEASE_Colitis,@GENE_CLDN1,{'39788168'},['0.9991'],"('@DISEASE_Colitis', 'Association', '@GENE_CLDN1')"
D016264,D003093,Positive_Correlation,@CHEMICAL_Dextran_Sulfate,@DISEASE_Colitis_Ulcerative,"{'39788168', '37541400'}","['0.9955', '0.9986']","('@CHEMICAL_Dextran_Sulfate', 'Positive_Correlation', '@DISEASE_Colitis_Ulcerative')"
D003092,21872,Association,@DISEASE_Colitis,@GENE_TJP1,{'39788168'},['0.6312'],"('@DISEASE_Colitis', 'Association', '@GENE_TJP1')"
D003092,12550,Association,@DISEASE_Colitis,@GENE_CDH1,{'39788168'},['0.9985'],"('@DISEASE_Colitis', 'Association', '@GENE_CDH1')"
D003092,18260,Association,@DISEASE_Colitis,@GENE_OCLN,{'39788168'},['0.9508'],"('@DISEASE_Colitis', 'Association', '@GENE_OCLN')"
D010971,D014451,Comparison,@CHEMICAL_Plastoquinone,@CHEMICAL_Ubiquinone,{'28018418'},['0.7279'],"('@CHEMICAL_Plastoquinone', 'Comparison', '@CHEMICAL_Ubiquinone')"
D014451,D010518,Negative_Correlation,@CHEMICAL_Ubiquinone,@DISEASE_Periodontitis,{'28018418'},['0.9991'],"('@CHEMICAL_Ubiquinone', 'Negative_Correlation', '@DISEASE_Periodontitis')"
D010971,D014443,Association,@CHEMICAL_Plastoquinone,@CHEMICAL_Tyrosine,"{'28018418', '5683508', '22980205'}","['0.92', '0.9942', '0.9876']","('@CHEMICAL_Plastoquinone', 'Association', '@CHEMICAL_Tyrosine')"
D014451,D019289,Association,@CHEMICAL_Ubiquinone,@CHEMICAL_Pyruvic_Acid,{'28018418'},['0.9899'],"('@CHEMICAL_Ubiquinone', 'Association', '@CHEMICAL_Pyruvic_Acid')"
D000105,D010971,Association,@CHEMICAL_Acetyl_Coenzyme_A,@CHEMICAL_Plastoquinone,{'28018418'},['0.9947'],"('@CHEMICAL_Acetyl_Coenzyme_A', 'Association', '@CHEMICAL_Plastoquinone')"
D000105,D014451,Association,@CHEMICAL_Acetyl_Coenzyme_A,@CHEMICAL_Ubiquinone,{'28018418'},['0.9854'],"('@CHEMICAL_Acetyl_Coenzyme_A', 'Association', '@CHEMICAL_Ubiquinone')"
C010667,D014451,Association,@CHEMICAL_acetoacetyl_CoA,@CHEMICAL_Ubiquinone,{'28018418'},['0.4707'],"('@CHEMICAL_acetoacetyl_CoA', 'Association', '@CHEMICAL_Ubiquinone')"
D010971,D019289,Association,@CHEMICAL_Plastoquinone,@CHEMICAL_Pyruvic_Acid,{'28018418'},['0.9243'],"('@CHEMICAL_Plastoquinone', 'Association', '@CHEMICAL_Pyruvic_Acid')"
C010667,D008798,Association,@CHEMICAL_acetoacetyl_CoA,@CHEMICAL_Mevalonic_Acid,{'28018418'},['0.8719'],"('@CHEMICAL_acetoacetyl_CoA', 'Association', '@CHEMICAL_Mevalonic_Acid')"
D005986,D010971,Association,@CHEMICAL_Glyceraldehyde_3_Phosphate,@CHEMICAL_Plastoquinone,{'28018418'},['0.9861'],"('@CHEMICAL_Glyceraldehyde_3_Phosphate', 'Association', '@CHEMICAL_Plastoquinone')"
C010667,D010971,Association,@CHEMICAL_acetoacetyl_CoA,@CHEMICAL_Plastoquinone,{'28018418'},['0.9292'],"('@CHEMICAL_acetoacetyl_CoA', 'Association', '@CHEMICAL_Plastoquinone')"
D010649,D014451,Association,@CHEMICAL_Phenylalanine,@CHEMICAL_Ubiquinone,{'28018418'},['0.9646'],"('@CHEMICAL_Phenylalanine', 'Association', '@CHEMICAL_Ubiquinone')"
D014451,D002318,Negative_Correlation,@CHEMICAL_Ubiquinone,@DISEASE_Cardiovascular_Diseases,{'28018418'},['0.9989'],"('@CHEMICAL_Ubiquinone', 'Negative_Correlation', '@DISEASE_Cardiovascular_Diseases')"
C114232,D019289,Association,@CHEMICAL_2_C_methylerythritol_4_phosphate,@CHEMICAL_Pyruvic_Acid,{'28018418'},['0.6824'],"('@CHEMICAL_2_C_methylerythritol_4_phosphate', 'Association', '@CHEMICAL_Pyruvic_Acid')"
D005986,D014451,Association,@CHEMICAL_Glyceraldehyde_3_Phosphate,@CHEMICAL_Ubiquinone,{'28018418'},['0.9791'],"('@CHEMICAL_Glyceraldehyde_3_Phosphate', 'Association', '@CHEMICAL_Ubiquinone')"
D014451,D005891,Negative_Correlation,@CHEMICAL_Ubiquinone,@DISEASE_Gingivitis,{'28018418'},['0.9973'],"('@CHEMICAL_Ubiquinone', 'Negative_Correlation', '@DISEASE_Gingivitis')"
D014451,D009369,Negative_Correlation,@CHEMICAL_Ubiquinone,@DISEASE_Neoplasms,{'28018418'},['0.9946'],"('@CHEMICAL_Ubiquinone', 'Negative_Correlation', '@DISEASE_Neoplasms')"
C031150,D005535,Association,@CHEMICAL_glyoxylic_acid,@DISEASE_Foot_Rot,{'39661194'},['0.9996'],"('@CHEMICAL_glyoxylic_acid', 'Association', '@DISEASE_Foot_Rot')"
D006418,D005535,Association,@CHEMICAL_Heme,@DISEASE_Foot_Rot,{'39661194'},['0.963'],"('@CHEMICAL_Heme', 'Association', '@DISEASE_Foot_Rot')"
D006418,D008031,Association,@CHEMICAL_Heme,@CHEMICAL_Lignin,{'39661194'},['0.6974'],"('@CHEMICAL_Heme', 'Association', '@CHEMICAL_Lignin')"
D014238,D005535,Association,@CHEMICAL_Trichloroacetic_Acid,@DISEASE_Foot_Rot,{'39661194'},['0.9996'],"('@CHEMICAL_Trichloroacetic_Acid', 'Association', '@DISEASE_Foot_Rot')"
D008031,D005535,Negative_Correlation,@CHEMICAL_Lignin,@DISEASE_Foot_Rot,{'39661194'},['0.9804'],"('@CHEMICAL_Lignin', 'Negative_Correlation', '@DISEASE_Foot_Rot')"
D004178,D013912,Negative_Correlation,@CHEMICAL_Diquat,@CHEMICAL_Threonine,{'26732548'},['0.9503'],"('@CHEMICAL_Diquat', 'Negative_Correlation', '@CHEMICAL_Threonine')"
D004178,D011422,Negative_Correlation,@CHEMICAL_Diquat,@CHEMICAL_Propionates,{'26732548'},['0.9921'],"('@CHEMICAL_Diquat', 'Negative_Correlation', '@CHEMICAL_Propionates')"
D001120,D002956,Association,@CHEMICAL_Arginine,@CHEMICAL_Citrulline,{'26732548'},['0.8954'],"('@CHEMICAL_Arginine', 'Association', '@CHEMICAL_Citrulline')"
C006895,D013912,Positive_Correlation,@CHEMICAL_N_carbamylglutamate,@CHEMICAL_Threonine,{'26732548'},['0.9975'],"('@CHEMICAL_N_carbamylglutamate', 'Positive_Correlation', '@CHEMICAL_Threonine')"
D001120,D007656,Positive_Correlation,@CHEMICAL_Arginine,@CHEMICAL_Ketoglutaric_Acids,{'26732548'},['0.9992'],"('@CHEMICAL_Arginine', 'Positive_Correlation', '@CHEMICAL_Ketoglutaric_Acids')"
C005855,D004178,Positive_Correlation,@CHEMICAL_trimethyloxamine,@CHEMICAL_Diquat,{'26732548'},['0.5413'],"('@CHEMICAL_trimethyloxamine', 'Positive_Correlation', '@CHEMICAL_Diquat')"
D000096,D004178,Positive_Correlation,@CHEMICAL_Acetone,@CHEMICAL_Diquat,{'26732548'},['0.9975'],"('@CHEMICAL_Acetone', 'Positive_Correlation', '@CHEMICAL_Diquat')"
D004178,D020155,Positive_Correlation,@CHEMICAL_Diquat,@CHEMICAL_3_Hydroxybutyric_Acid,{'26732548'},['0.9993'],"('@CHEMICAL_Diquat', 'Positive_Correlation', '@CHEMICAL_3_Hydroxybutyric_Acid')"
C009560,D009952,Association,@CHEMICAL_trigonelline,@CHEMICAL_Ornithine,{'26732548'},['0.8457'],"('@CHEMICAL_trigonelline', 'Association', '@CHEMICAL_Ornithine')"
D004178,D008055,Negative_Correlation,@CHEMICAL_Diquat,@CHEMICAL_Lipids,{'26732548'},['0.9983'],"('@CHEMICAL_Diquat', 'Negative_Correlation', '@CHEMICAL_Lipids')"
D001120,D019343,Positive_Correlation,@CHEMICAL_Arginine,@CHEMICAL_Citric_Acid,{'26732548'},['0.9858'],"('@CHEMICAL_Arginine', 'Positive_Correlation', '@CHEMICAL_Citric_Acid')"
D000409,D004178,Negative_Correlation,@CHEMICAL_Alanine,@CHEMICAL_Diquat,{'26732548'},['0.9989'],"('@CHEMICAL_Alanine', 'Negative_Correlation', '@CHEMICAL_Diquat')"
D000409,D001120,Negative_Correlation,@CHEMICAL_Alanine,@CHEMICAL_Arginine,{'26732548'},['0.9989'],"('@CHEMICAL_Alanine', 'Negative_Correlation', '@CHEMICAL_Arginine')"
C006895,D000096,Positive_Correlation,@CHEMICAL_N_carbamylglutamate,@CHEMICAL_Acetone,{'26732548'},['0.9957'],"('@CHEMICAL_N_carbamylglutamate', 'Positive_Correlation', '@CHEMICAL_Acetone')"
D004178,D019343,Positive_Correlation,@CHEMICAL_Diquat,@CHEMICAL_Citric_Acid,{'26732548'},['0.9985'],"('@CHEMICAL_Diquat', 'Positive_Correlation', '@CHEMICAL_Citric_Acid')"
C016195,D001120,Positive_Correlation,@CHEMICAL_N_acetylglutamic_acid,@CHEMICAL_Arginine,{'26732548'},['0.9292'],"('@CHEMICAL_N_acetylglutamic_acid', 'Positive_Correlation', '@CHEMICAL_Arginine')"
D004178,D006713,Positive_Correlation,@CHEMICAL_Diquat,@CHEMICAL_Homogentisic_Acid,{'26732548'},['0.9938'],"('@CHEMICAL_Diquat', 'Positive_Correlation', '@CHEMICAL_Homogentisic_Acid')"
C030686,D004178,Negative_Correlation,@CHEMICAL_acetamide,@CHEMICAL_Diquat,{'26732548'},['0.9976'],"('@CHEMICAL_acetamide', 'Negative_Correlation', '@CHEMICAL_Diquat')"
C009560,D009536,Association,@CHEMICAL_trigonelline,@CHEMICAL_Niacinamide,{'26732548'},['0.9118'],"('@CHEMICAL_trigonelline', 'Association', '@CHEMICAL_Niacinamide')"
D003404,D004178,Positive_Correlation,@CHEMICAL_Creatinine,@CHEMICAL_Diquat,{'26732548'},['0.9967'],"('@CHEMICAL_Creatinine', 'Positive_Correlation', '@CHEMICAL_Diquat')"
C006895,D001216,Positive_Correlation,@CHEMICAL_N_carbamylglutamate,@CHEMICAL_Asparagine,{'26732548'},['0.998'],"('@CHEMICAL_N_carbamylglutamate', 'Positive_Correlation', '@CHEMICAL_Asparagine')"
D001120,D008239,Negative_Correlation,@CHEMICAL_Arginine,@CHEMICAL_Lysine,{'26732548'},['0.999'],"('@CHEMICAL_Arginine', 'Negative_Correlation', '@CHEMICAL_Lysine')"
D004178,D008239,Negative_Correlation,@CHEMICAL_Diquat,@CHEMICAL_Lysine,{'26732548'},['0.9973'],"('@CHEMICAL_Diquat', 'Negative_Correlation', '@CHEMICAL_Lysine')"
D004178,D014508,Negative_Correlation,@CHEMICAL_Diquat,@CHEMICAL_Urea,{'26732548'},['0.8119'],"('@CHEMICAL_Diquat', 'Negative_Correlation', '@CHEMICAL_Urea')"
C008472,D001120,Positive_Correlation,@CHEMICAL_N_methylnicotinamide,@CHEMICAL_Arginine,{'26732548'},['0.9035'],"('@CHEMICAL_N_methylnicotinamide', 'Positive_Correlation', '@CHEMICAL_Arginine')"
C006895,D008239,Positive_Correlation,@CHEMICAL_N_carbamylglutamate,@CHEMICAL_Lysine,{'26732548'},['0.9966'],"('@CHEMICAL_N_carbamylglutamate', 'Positive_Correlation', '@CHEMICAL_Lysine')"
C008472,D004178,Negative_Correlation,@CHEMICAL_N_methylnicotinamide,@CHEMICAL_Diquat,{'26732548'},['0.9977'],"('@CHEMICAL_N_methylnicotinamide', 'Negative_Correlation', '@CHEMICAL_Diquat')"
C006895,D019343,Positive_Correlation,@CHEMICAL_N_carbamylglutamate,@CHEMICAL_Citric_Acid,{'26732548'},['0.9905'],"('@CHEMICAL_N_carbamylglutamate', 'Positive_Correlation', '@CHEMICAL_Citric_Acid')"
D001120,D005998,Positive_Correlation,@CHEMICAL_Arginine,@CHEMICAL_Glycine,{'26732548'},['0.7013'],"('@CHEMICAL_Arginine', 'Positive_Correlation', '@CHEMICAL_Glycine')"
D004178,D019289,Negative_Correlation,@CHEMICAL_Diquat,@CHEMICAL_Pyruvic_Acid,{'26732548'},['0.9989'],"('@CHEMICAL_Diquat', 'Negative_Correlation', '@CHEMICAL_Pyruvic_Acid')"
D000431,D004178,Negative_Correlation,@CHEMICAL_Ethanol,@CHEMICAL_Diquat,{'26732548'},['0.9932'],"('@CHEMICAL_Ethanol', 'Negative_Correlation', '@CHEMICAL_Diquat')"
D001120,D019289,Negative_Correlation,@CHEMICAL_Arginine,@CHEMICAL_Pyruvic_Acid,{'26732548'},['0.999'],"('@CHEMICAL_Arginine', 'Negative_Correlation', '@CHEMICAL_Pyruvic_Acid')"
D001120,D004178,Negative_Correlation,@CHEMICAL_Arginine,@CHEMICAL_Diquat,{'26732548'},['0.2897'],"('@CHEMICAL_Arginine', 'Negative_Correlation', '@CHEMICAL_Diquat')"
C005855,C006895,Positive_Correlation,@CHEMICAL_trimethyloxamine,@CHEMICAL_N_carbamylglutamate,{'26732548'},['0.993'],"('@CHEMICAL_trimethyloxamine', 'Positive_Correlation', '@CHEMICAL_N_carbamylglutamate')"
C006895,D020155,Positive_Correlation,@CHEMICAL_N_carbamylglutamate,@CHEMICAL_3_Hydroxybutyric_Acid,{'26732548'},['0.9992'],"('@CHEMICAL_N_carbamylglutamate', 'Positive_Correlation', '@CHEMICAL_3_Hydroxybutyric_Acid')"
C016195,D004178,Negative_Correlation,@CHEMICAL_N_acetylglutamic_acid,@CHEMICAL_Diquat,{'26732548'},['0.9962'],"('@CHEMICAL_N_acetylglutamic_acid', 'Negative_Correlation', '@CHEMICAL_Diquat')"
D001120,D014443,Negative_Correlation,@CHEMICAL_Arginine,@CHEMICAL_Tyrosine,{'26732548'},['0.999'],"('@CHEMICAL_Arginine', 'Negative_Correlation', '@CHEMICAL_Tyrosine')"
D000481,D004178,Positive_Correlation,@CHEMICAL_Allantoin,@CHEMICAL_Diquat,{'26732548'},['0.9878'],"('@CHEMICAL_Allantoin', 'Positive_Correlation', '@CHEMICAL_Diquat')"
D002956,D004178,Negative_Correlation,@CHEMICAL_Citrulline,@CHEMICAL_Diquat,{'26732548'},['0.9978'],"('@CHEMICAL_Citrulline', 'Negative_Correlation', '@CHEMICAL_Diquat')"
D001120,D019344,Association,@CHEMICAL_Arginine,@CHEMICAL_Lactic_Acid,{'26732548'},['0.491'],"('@CHEMICAL_Arginine', 'Association', '@CHEMICAL_Lactic_Acid')"
D001120,D058610,Positive_Correlation,@CHEMICAL_Arginine,@CHEMICAL_Isobutyrates,{'26732548'},['0.8882'],"('@CHEMICAL_Arginine', 'Positive_Correlation', '@CHEMICAL_Isobutyrates')"
D004178,D019344,Negative_Correlation,@CHEMICAL_Diquat,@CHEMICAL_Lactic_Acid,{'26732548'},['0.9823'],"('@CHEMICAL_Diquat', 'Negative_Correlation', '@CHEMICAL_Lactic_Acid')"
D004178,D058610,Negative_Correlation,@CHEMICAL_Diquat,@CHEMICAL_Isobutyrates,{'26732548'},['0.994'],"('@CHEMICAL_Diquat', 'Negative_Correlation', '@CHEMICAL_Isobutyrates')"
D001120,D011422,Positive_Correlation,@CHEMICAL_Arginine,@CHEMICAL_Propionates,{'26732548'},['0.7519'],"('@CHEMICAL_Arginine', 'Positive_Correlation', '@CHEMICAL_Propionates')"
D004178,D014443,Negative_Correlation,@CHEMICAL_Diquat,@CHEMICAL_Tyrosine,{'26732548'},['0.9955'],"('@CHEMICAL_Diquat', 'Negative_Correlation', '@CHEMICAL_Tyrosine')"
C006895,D000481,Positive_Correlation,@CHEMICAL_N_carbamylglutamate,@CHEMICAL_Allantoin,{'26732548'},['0.769'],"('@CHEMICAL_N_carbamylglutamate', 'Positive_Correlation', '@CHEMICAL_Allantoin')"
D004178,D007656,Positive_Correlation,@CHEMICAL_Diquat,@CHEMICAL_Ketoglutaric_Acids,{'26732548'},['0.9991'],"('@CHEMICAL_Diquat', 'Positive_Correlation', '@CHEMICAL_Ketoglutaric_Acids')"
C006895,D014443,Positive_Correlation,@CHEMICAL_N_carbamylglutamate,@CHEMICAL_Tyrosine,{'26732548'},['0.9988'],"('@CHEMICAL_N_carbamylglutamate', 'Positive_Correlation', '@CHEMICAL_Tyrosine')"
C028118,D004178,Positive_Correlation,@CHEMICAL_3_methylhistidine,@CHEMICAL_Diquat,{'26732548'},['0.9988'],"('@CHEMICAL_3_methylhistidine', 'Positive_Correlation', '@CHEMICAL_Diquat')"
D004178,D010649,Positive_Correlation,@CHEMICAL_Diquat,@CHEMICAL_Phenylalanine,{'26732548'},['0.9972'],"('@CHEMICAL_Diquat', 'Positive_Correlation', '@CHEMICAL_Phenylalanine')"
D004178,D005998,Negative_Correlation,@CHEMICAL_Diquat,@CHEMICAL_Glycine,{'26732548'},['0.9866'],"('@CHEMICAL_Diquat', 'Negative_Correlation', '@CHEMICAL_Glycine')"
C006895,D008055,Positive_Correlation,@CHEMICAL_N_carbamylglutamate,@CHEMICAL_Lipids,{'26732548'},['0.8372'],"('@CHEMICAL_N_carbamylglutamate', 'Positive_Correlation', '@CHEMICAL_Lipids')"
C030290,D004178,Negative_Correlation,@CHEMICAL_malonic_acid,@CHEMICAL_Diquat,{'26732548'},['0.9951'],"('@CHEMICAL_malonic_acid', 'Negative_Correlation', '@CHEMICAL_Diquat')"
C006895,C028118,Positive_Correlation,@CHEMICAL_N_carbamylglutamate,@CHEMICAL_3_methylhistidine,{'26732548'},['0.9979'],"('@CHEMICAL_N_carbamylglutamate', 'Positive_Correlation', '@CHEMICAL_3_methylhistidine')"
C006895,D010649,Positive_Correlation,@CHEMICAL_N_carbamylglutamate,@CHEMICAL_Phenylalanine,{'26732548'},['0.9978'],"('@CHEMICAL_N_carbamylglutamate', 'Positive_Correlation', '@CHEMICAL_Phenylalanine')"
C006895,D014508,Positive_Correlation,@CHEMICAL_N_carbamylglutamate,@CHEMICAL_Urea,{'26732548'},['0.612'],"('@CHEMICAL_N_carbamylglutamate', 'Positive_Correlation', '@CHEMICAL_Urea')"
D001216,D004178,Positive_Correlation,@CHEMICAL_Asparagine,@CHEMICAL_Diquat,{'26732548'},['0.9988'],"('@CHEMICAL_Asparagine', 'Positive_Correlation', '@CHEMICAL_Diquat')"
D012834,D001129,Positive_Correlation,@CHEMICAL_Silver,@DISEASE_Argyria,{'31496470'},['0.782'],"('@CHEMICAL_Silver', 'Positive_Correlation', '@DISEASE_Argyria')"
C005955,D005223,Association,@CHEMICAL_6_methyladenine,@CHEMICAL_Fats,{'40091072'},['0.5287'],"('@CHEMICAL_6_methyladenine', 'Association', '@CHEMICAL_Fats')"
D006713,10919,Negative_Correlation,@CHEMICAL_Homogentisic_Acid,@GENE_EHMT2,{'40091072'},['0.9987'],"('@CHEMICAL_Homogentisic_Acid', 'Negative_Correlation', '@GENE_EHMT2')"
C005955,10919,Association,@CHEMICAL_6_methyladenine,@GENE_EHMT2,{'40091072'},['0.9354'],"('@CHEMICAL_6_methyladenine', 'Association', '@GENE_EHMT2')"
D005223,D008659,Positive_Correlation,@CHEMICAL_Fats,@DISEASE_Metabolic_Diseases,{'40091072'},['0.9991'],"('@CHEMICAL_Fats', 'Positive_Correlation', '@DISEASE_Metabolic_Diseases')"
C005955,D018149,Positive_Correlation,@CHEMICAL_6_methyladenine,@DISEASE_Glucose_Intolerance,{'40091072'},['0.9784'],"('@CHEMICAL_6_methyladenine', 'Positive_Correlation', '@DISEASE_Glucose_Intolerance')"
C005955,D008659,Association,@CHEMICAL_6_methyladenine,@DISEASE_Metabolic_Diseases,{'40091072'},['0.9977'],"('@CHEMICAL_6_methyladenine', 'Association', '@DISEASE_Metabolic_Diseases')"
D008659,10919,Association,@DISEASE_Metabolic_Diseases,@GENE_EHMT2,{'40091072'},['0.5425'],"('@DISEASE_Metabolic_Diseases', 'Association', '@GENE_EHMT2')"
C005955,D007333,Positive_Correlation,@CHEMICAL_6_methyladenine,@DISEASE_Insulin_Resistance,{'40091072'},['0.9544'],"('@CHEMICAL_6_methyladenine', 'Positive_Correlation', '@DISEASE_Insulin_Resistance')"
C005955,D006713,Positive_Correlation,@CHEMICAL_6_methyladenine,@CHEMICAL_Homogentisic_Acid,{'40091072'},['0.7106'],"('@CHEMICAL_6_methyladenine', 'Positive_Correlation', '@CHEMICAL_Homogentisic_Acid')"
D016650,4072,Bind,@CHEMICAL_Fluorescein_5_isothiocyanate,@GENE_EPCAM,{'30974945'},['0.7764'],"('@CHEMICAL_Fluorescein_5_isothiocyanate', 'Bind', '@GENE_EPCAM')"
D016650,D000230,Negative_Correlation,@CHEMICAL_Fluorescein_5_isothiocyanate,@DISEASE_Adenocarcinoma,{'30974945'},['0.9316'],"('@CHEMICAL_Fluorescein_5_isothiocyanate', 'Negative_Correlation', '@DISEASE_Adenocarcinoma')"
D003110,4072,Association,@DISEASE_Colonic_Neoplasms,@GENE_EPCAM,{'30974945'},['0.9675'],"('@DISEASE_Colonic_Neoplasms', 'Association', '@GENE_EPCAM')"
D000230,4072,Association,@DISEASE_Adenocarcinoma,@GENE_EPCAM,{'30974945'},['0.9858'],"('@DISEASE_Adenocarcinoma', 'Association', '@GENE_EPCAM')"
C019417,C535306,Positive_Correlation,@CHEMICAL_alpha_hydroxyglutarate,@DISEASE_2_Hydroxyglutaricaciduria,{'20859647'},['0.9734'],"('@CHEMICAL_alpha_hydroxyglutarate', 'Positive_Correlation', '@DISEASE_2_Hydroxyglutaricaciduria')"
C535306,28913,Association,@DISEASE_2_Hydroxyglutaricaciduria,@GENE_IGKV3_15,{'20859647'},['0.9801'],"('@DISEASE_2_Hydroxyglutaricaciduria', 'Association', '@GENE_IGKV3_15')"
D007656,C535306,Positive_Correlation,@CHEMICAL_Ketoglutaric_Acids,@DISEASE_2_Hydroxyglutaricaciduria,{'20859647'},['0.8629'],"('@CHEMICAL_Ketoglutaric_Acids', 'Positive_Correlation', '@DISEASE_2_Hydroxyglutaricaciduria')"
C535306,79944,Association,@DISEASE_2_Hydroxyglutaricaciduria,@GENE_L2HGDH,{'20859647'},['0.9043'],"('@DISEASE_2_Hydroxyglutaricaciduria', 'Association', '@GENE_L2HGDH')"
D007656,79944,Association,@CHEMICAL_Ketoglutaric_Acids,@GENE_L2HGDH,{'20859647'},['0.8209'],"('@CHEMICAL_Ketoglutaric_Acids', 'Association', '@GENE_L2HGDH')"
C001746,C077073,Positive_Correlation,@CHEMICAL_3_methoxytyramine,@CHEMICAL_nitisinone,{'29147990'},['0.976'],"('@CHEMICAL_3_methoxytyramine', 'Positive_Correlation', '@CHEMICAL_nitisinone')"
D002395,D014443,Association,@CHEMICAL_Catecholamines,@CHEMICAL_Tyrosine,{'29147990'},['0.985'],"('@CHEMICAL_Catecholamines', 'Association', '@CHEMICAL_Tyrosine')"
D003643,3081,Association,@DISEASE_Death,@GENE_HGD,{'16085442'},['0.9768'],"('@DISEASE_Death', 'Association', '@GENE_HGD')"
D051437,3081,Association,@DISEASE_Renal_Insufficiency,@GENE_HGD,{'16085442'},"['0.9995', '0.7184']","('@DISEASE_Renal_Insufficiency', 'Association', '@GENE_HGD')"
#3081#c.IVS1-1G>A,D051437,Association,@VARIANT_c.IVS1_1G>A_HGD_human,@DISEASE_Renal_Insufficiency,{'16085442'},['0.7184'],"('@VARIANT_c.IVS1_1G>A_HGD_human', 'Association', '@DISEASE_Renal_Insufficiency')"
C010590,D020176,Association,@CHEMICAL_4_hydroxyphenylpyruvic_acid,@DISEASE_Tyrosinemias,{'28637410'},['0.981'],"('@CHEMICAL_4_hydroxyphenylpyruvic_acid', 'Association', '@DISEASE_Tyrosinemias')"
D013729,D024505,Association,@CHEMICAL_Terpenes,@CHEMICAL_Tocopherols,{'28637410'},['0.874'],"('@CHEMICAL_Terpenes', 'Association', '@CHEMICAL_Tocopherols')"
D006859,3242,Association,@CHEMICAL_Hydrogen,@GENE_HPD,{'28637410'},['0.7057'],"('@CHEMICAL_Hydrogen', 'Association', '@GENE_HPD')"
D010971,D013729,Association,@CHEMICAL_Plastoquinone,@CHEMICAL_Terpenes,"{'15581571', '28637410'}","['0.9894', '0.6316']","('@CHEMICAL_Plastoquinone', 'Association', '@CHEMICAL_Terpenes')"
C081989,3242,Negative_Correlation,@CHEMICAL_2_4(1H_3H)_quinazolinedione,@GENE_HPD,{'28637410'},['0.9991'],"('@CHEMICAL_2_4(1H_3H)_quinazolinedione', 'Negative_Correlation', '@GENE_HPD')"
C077073,D020719,Negative_Correlation,@CHEMICAL_nitisinone,@CHEMICAL_Glucuronides,{'35685462'},['0.9991'],"('@CHEMICAL_nitisinone', 'Negative_Correlation', '@CHEMICAL_Glucuronides')"
D006713,D020719,Positive_Correlation,@CHEMICAL_Homogentisic_Acid,@CHEMICAL_Glucuronides,{'35685462'},['0.9481'],"('@CHEMICAL_Homogentisic_Acid', 'Positive_Correlation', '@CHEMICAL_Glucuronides')"
D013431,15233,Association,@CHEMICAL_Sulfates,@GENE_HGD,{'35685462'},['0.9985'],"('@CHEMICAL_Sulfates', 'Association', '@GENE_HGD')"
C000615229,D006713,Association,@CHEMICAL_Carbon_13,@CHEMICAL_Homogentisic_Acid,{'35685462'},['0.9831'],"('@CHEMICAL_Carbon_13', 'Association', '@CHEMICAL_Homogentisic_Acid')"
D020719,15233,Association,@CHEMICAL_Glucuronides,@GENE_HGD,{'35685462'},['0.9974'],"('@CHEMICAL_Glucuronides', 'Association', '@GENE_HGD')"
C077073,15233,Association,@CHEMICAL_nitisinone,@GENE_HGD,{'35685462'},['0.8877'],"('@CHEMICAL_nitisinone', 'Association', '@GENE_HGD')"
C030985,15233,Association,@CHEMICAL_purine,@GENE_HGD,{'35685462'},['0.8952'],"('@CHEMICAL_purine', 'Association', '@GENE_HGD')"
C077073,D013431,Negative_Correlation,@CHEMICAL_nitisinone,@CHEMICAL_Sulfates,{'35685462'},['0.9991'],"('@CHEMICAL_nitisinone', 'Negative_Correlation', '@CHEMICAL_Sulfates')"
D005947,D007249,Positive_Correlation,@CHEMICAL_Glucose,@DISEASE_Inflammation,"{'29899272', '40509522'}","['0.9989', '0.999']","('@CHEMICAL_Glucose', 'Positive_Correlation', '@DISEASE_Inflammation')"
D008055,D007249,Association,@CHEMICAL_Lipids,@DISEASE_Inflammation,"{'24876668', '40509522'}","['0.9984', '0.6497']","('@CHEMICAL_Lipids', 'Association', '@DISEASE_Inflammation')"
D063646,324,Association,@DISEASE_Carcinogenesis,@GENE_APC,{'16855398'},['0.9989'],"('@DISEASE_Carcinogenesis', 'Association', '@GENE_APC')"
D008228,324,Negative_Correlation,@DISEASE_Lymphoma_Non_Hodgkin,@GENE_APC,{'16855398'},['0.6865'],"('@DISEASE_Lymphoma_Non_Hodgkin', 'Negative_Correlation', '@GENE_APC')"
D042822,7157,Association,@DISEASE_Genomic_Instability,@GENE_TP53,{'16855398'},['0.9979'],"('@DISEASE_Genomic_Instability', 'Association', '@GENE_TP53')"
D011230,324,Association,@DISEASE_Precancerous_Conditions,@GENE_APC,{'16855398'},['0.9981'],"('@DISEASE_Precancerous_Conditions', 'Association', '@GENE_APC')"
D009369,324,Negative_Correlation,@DISEASE_Neoplasms,@GENE_APC,"{'9744312', '11338478', '16855398'}","['0.6627', '0.9681', '0.9957']","('@DISEASE_Neoplasms', 'Negative_Correlation', '@GENE_APC')"
D004938,7157,Positive_Correlation,@DISEASE_Esophageal_Neoplasms,@GENE_TP53,{'16855398'},['0.6385'],"('@DISEASE_Esophageal_Neoplasms', 'Positive_Correlation', '@GENE_TP53')"
D004938,324,Association,@DISEASE_Esophageal_Neoplasms,@GENE_APC,{'16855398'},['0.9174'],"('@DISEASE_Esophageal_Neoplasms', 'Association', '@GENE_APC')"
D042822,324,Association,@DISEASE_Genomic_Instability,@GENE_APC,{'16855398'},['0.9929'],"('@DISEASE_Genomic_Instability', 'Association', '@GENE_APC')"
C031927,D009794,Positive_Correlation,@CHEMICAL_hydroquinone,@DISEASE_Ochronosis,"{'40662524', '26677264', '33344320', '31219884', '26236412', '34486734', '21108660'}","['0.9993', '0.9989', '0.9947', '0.9459', '0.9991', '0.9988', '0.9992']","('@CHEMICAL_hydroquinone', 'Positive_Correlation', '@DISEASE_Ochronosis')"
D000083023,2100,Negative_Correlation,@DISEASE_Colitis_Associated_Neoplasms,@GENE_ESR2,{'25862314'},['0.999'],"('@DISEASE_Colitis_Associated_Neoplasms', 'Negative_Correlation', '@GENE_ESR2')"
D009369,2100,Association,@DISEASE_Neoplasms,@GENE_ESR2,{'25862314'},['0.999'],"('@DISEASE_Neoplasms', 'Association', '@GENE_ESR2')"
D000083023,2099,Association,@DISEASE_Colitis_Associated_Neoplasms,@GENE_ESR1,{'25862314'},['0.6263'],"('@DISEASE_Colitis_Associated_Neoplasms', 'Association', '@GENE_ESR1')"
D009369,596,Association,@DISEASE_Neoplasms,@GENE_BCL2,"{'10963375', '31781186'}","['0.8873', '0.9996']","('@DISEASE_Neoplasms', 'Association', '@GENE_BCL2')"
D000236,596,Association,@DISEASE_Adenoma,@GENE_BCL2,{'10963375'},['0.9996'],"('@DISEASE_Adenoma', 'Association', '@GENE_BCL2')"
D006713,D000094628,Positive_Correlation,@CHEMICAL_Homogentisic_Acid,@DISEASE_Aortic_Root_Aneurysm,{'35152492'},['0.9906'],"('@CHEMICAL_Homogentisic_Acid', 'Positive_Correlation', '@DISEASE_Aortic_Root_Aneurysm')"
D004441,656794,Association,@CHEMICAL_Ecdysterone,@GENE_CYP18A1,{'34237197'},['0.9793'],"('@CHEMICAL_Ecdysterone', 'Association', '@GENE_CYP18A1')"
D007455,D002294,Negative_Correlation,@CHEMICAL_Iodine,@DISEASE_Carcinoma_Squamous_Cell,{'9669803'},['0.8031'],"('@CHEMICAL_Iodine', 'Negative_Correlation', '@DISEASE_Carcinoma_Squamous_Cell')"
D007455,D009369,Negative_Correlation,@CHEMICAL_Iodine,@DISEASE_Neoplasms,{'9669803'},['0.9609'],"('@CHEMICAL_Iodine', 'Negative_Correlation', '@DISEASE_Neoplasms')"
C010389,D009369,Negative_Correlation,@CHEMICAL_Lugol's_solution,@DISEASE_Neoplasms,{'9669803'},['0.8389'],"(""@CHEMICAL_Lugol's_solution"", 'Negative_Correlation', '@DISEASE_Neoplasms')"
C023793,D014443,Negative_Correlation,@CHEMICAL_pyomelanin,@CHEMICAL_Tyrosine,{'19028908'},['0.484'],"('@CHEMICAL_pyomelanin', 'Negative_Correlation', '@CHEMICAL_Tyrosine')"
D001168,3081,Association,@DISEASE_Arthritis,@GENE_HGD,"{'7753441', '12872836', '9244427', '26221390'}","['0.9989', '0.9256', '0.5923', '0.9368']","('@DISEASE_Arthritis', 'Association', '@GENE_HGD')"
D000474,rs562853291##,Positive_Correlation,@DISEASE_Alkaptonuria,@VARIANT_p.R225H_HGD_human,"{'9529363', '12872836'}","['0.9977', '0.6589']","('@DISEASE_Alkaptonuria', 'Positive_Correlation', '@VARIANT_p.R225H_HGD_human')"
D000474,#3081#p.R58fsX,Positive_Correlation,@DISEASE_Alkaptonuria,@VARIANT_p.R58fsX_HGD_human,{'12872836'},['0.9864'],"('@DISEASE_Alkaptonuria', 'Positive_Correlation', '@VARIANT_p.R58fsX_HGD_human')"
D008228,9123,Positive_Correlation,@DISEASE_Lymphoma_Non_Hodgkin,@GENE_SLC16A3,{'29170050'},['0.9766'],"('@DISEASE_Lymphoma_Non_Hodgkin', 'Positive_Correlation', '@GENE_SLC16A3')"
D019344,D000230,Association,@CHEMICAL_Lactic_Acid,@DISEASE_Adenocarcinoma,{'29170050'},['0.8352'],"('@CHEMICAL_Lactic_Acid', 'Association', '@DISEASE_Adenocarcinoma')"
D010190,9123,Association,@DISEASE_Pancreatic_Neoplasms,@GENE_SLC16A3,{'29170050'},['0.9238'],"('@DISEASE_Pancreatic_Neoplasms', 'Association', '@GENE_SLC16A3')"
D019289,D019344,Comparison,@CHEMICAL_Pyruvic_Acid,@CHEMICAL_Lactic_Acid,{'29170050'},['0.387'],"('@CHEMICAL_Pyruvic_Acid', 'Comparison', '@CHEMICAL_Lactic_Acid')"
D019289,D000077779,Association,@CHEMICAL_Pyruvic_Acid,@DISEASE_Pancreatic_Intraductal_Neoplasms,{'29170050'},['0.9988'],"('@CHEMICAL_Pyruvic_Acid', 'Association', '@DISEASE_Pancreatic_Intraductal_Neoplasms')"
D019344,D010190,Positive_Correlation,@CHEMICAL_Lactic_Acid,@DISEASE_Pancreatic_Neoplasms,{'29170050'},['0.9078'],"('@CHEMICAL_Lactic_Acid', 'Positive_Correlation', '@DISEASE_Pancreatic_Neoplasms')"
D000230,3939,Association,@DISEASE_Adenocarcinoma,@GENE_LDHA,{'29170050'},['0.9979'],"('@DISEASE_Adenocarcinoma', 'Association', '@GENE_LDHA')"
D000230,9123,Association,@DISEASE_Adenocarcinoma,@GENE_SLC16A3,{'29170050'},['0.8357'],"('@DISEASE_Adenocarcinoma', 'Association', '@GENE_SLC16A3')"
D019289,D010190,Positive_Correlation,@CHEMICAL_Pyruvic_Acid,@DISEASE_Pancreatic_Neoplasms,{'29170050'},['0.9625'],"('@CHEMICAL_Pyruvic_Acid', 'Positive_Correlation', '@DISEASE_Pancreatic_Neoplasms')"
D019344,D000077779,Association,@CHEMICAL_Lactic_Acid,@DISEASE_Pancreatic_Intraductal_Neoplasms,{'29170050'},['0.9989'],"('@CHEMICAL_Lactic_Acid', 'Association', '@DISEASE_Pancreatic_Intraductal_Neoplasms')"
D008228,3939,Positive_Correlation,@DISEASE_Lymphoma_Non_Hodgkin,@GENE_LDHA,{'29170050'},['0.8925'],"('@DISEASE_Lymphoma_Non_Hodgkin', 'Positive_Correlation', '@GENE_LDHA')"
D019289,D000230,Association,@CHEMICAL_Pyruvic_Acid,@DISEASE_Adenocarcinoma,{'29170050'},['0.7932'],"('@CHEMICAL_Pyruvic_Acid', 'Association', '@DISEASE_Adenocarcinoma')"
D010190,3939,Association,@DISEASE_Pancreatic_Neoplasms,@GENE_LDHA,{'29170050'},['0.8444'],"('@DISEASE_Pancreatic_Neoplasms', 'Association', '@GENE_LDHA')"
D020176,24813,Positive_Correlation,@DISEASE_Tyrosinemias,@GENE_TAT,{'8975769'},['0.8648'],"('@DISEASE_Tyrosinemias', 'Positive_Correlation', '@GENE_TAT')"
D063646,407035,Association,@DISEASE_Carcinogenesis,@GENE_MIR31,"{'22302717', '33173968'}","['0.713', '0.9994']","('@DISEASE_Carcinogenesis', 'Association', '@GENE_MIR31')"
23314,407035,Negative_Correlation,@GENE_SATB2,@GENE_MIR31,{'33173968'},['0.9954'],"('@GENE_SATB2', 'Negative_Correlation', '@GENE_MIR31')"
D063646,23314,Association,@DISEASE_Carcinogenesis,@GENE_SATB2,{'33173968'},['0.9945'],"('@DISEASE_Carcinogenesis', 'Association', '@GENE_SATB2')"
D003093,23314,Association,@DISEASE_Colitis_Ulcerative,@GENE_SATB2,{'33173968'},['0.9646'],"('@DISEASE_Colitis_Ulcerative', 'Association', '@GENE_SATB2')"
D003093,407035,Association,@DISEASE_Colitis_Ulcerative,@GENE_MIR31,{'33173968'},['0.5443'],"('@DISEASE_Colitis_Ulcerative', 'Association', '@GENE_MIR31')"
D024505,548177,Association,@CHEMICAL_Tocopherols,@GENE_LOC548177,"{'31263124', '12897790'}","['0.9989', '0.8889']","('@CHEMICAL_Tocopherols', 'Association', '@GENE_LOC548177')"
D014810,548177,Association,@CHEMICAL_Vitamin_E,@GENE_LOC548177,"{'31263124', '21223386'}","['0.9801', '0.9566']","('@CHEMICAL_Vitamin_E', 'Association', '@GENE_LOC548177')"
D001205,D000474,Association,@CHEMICAL_Ascorbic_Acid,@DISEASE_Alkaptonuria,"{'2771520', '18932906', '5472968'}","['0.9982', '0.9712', '0.987']","('@CHEMICAL_Ascorbic_Acid', 'Association', '@DISEASE_Alkaptonuria')"
D014443,D001024,Association,@CHEMICAL_Tyrosine,@DISEASE_Aortic_Valve_Stenosis,{'30149834'},['0.9996'],"('@CHEMICAL_Tyrosine', 'Association', '@DISEASE_Aortic_Valve_Stenosis')"
rs28941783##,D000474,Positive_Correlation,@VARIANT_p.G161R_HGD_human,@DISEASE_Alkaptonuria,{'34504318'},['0.9727'],"('@VARIANT_p.G161R_HGD_human', 'Positive_Correlation', '@DISEASE_Alkaptonuria')"
D006713,D007592,Positive_Correlation,@CHEMICAL_Homogentisic_Acid,@DISEASE_Joint_Diseases,"{'34504318', '16901704', '20952450', '23511227'}","['0.999', '0.9985', '0.9988', '0.9642']","('@CHEMICAL_Homogentisic_Acid', 'Positive_Correlation', '@DISEASE_Joint_Diseases')"
100689229,50943,Association,@GENE_H3P12,@GENE_FOXP3,{'29588316'},['0.8499'],"('@GENE_H3P12', 'Association', '@GENE_FOXP3')"
50943,920,Association,@GENE_FOXP3,@GENE_CD4,{'29588316'},['0.9966'],"('@GENE_FOXP3', 'Association', '@GENE_CD4')"
D050197,338,Association,@DISEASE_Atherosclerosis,@GENE_APOB,{'29588316'},['0.9976'],"('@DISEASE_Atherosclerosis', 'Association', '@GENE_APOB')"
100689229,920,Association,@GENE_H3P12,@GENE_CD4,{'29588316'},['0.9371'],"('@GENE_H3P12', 'Association', '@GENE_CD4')"
D050197,920,Association,@DISEASE_Atherosclerosis,@GENE_CD4,{'29588316'},['0.9995'],"('@DISEASE_Atherosclerosis', 'Association', '@GENE_CD4')"
D002318,338,Association,@DISEASE_Cardiovascular_Diseases,@GENE_APOB,{'29588316'},['0.7558'],"('@DISEASE_Cardiovascular_Diseases', 'Association', '@GENE_APOB')"
338,920,Association,@GENE_APOB,@GENE_CD4,{'29588316'},['0.999'],"('@GENE_APOB', 'Association', '@GENE_CD4')"
D050197,100689229,Negative_Correlation,@DISEASE_Atherosclerosis,@GENE_H3P12,{'29588316'},['0.999'],"('@DISEASE_Atherosclerosis', 'Negative_Correlation', '@GENE_H3P12')"
D002318,100689229,Association,@DISEASE_Cardiovascular_Diseases,@GENE_H3P12,{'29588316'},['0.9993'],"('@DISEASE_Cardiovascular_Diseases', 'Association', '@GENE_H3P12')"
D002318,30009,Association,@DISEASE_Cardiovascular_Diseases,@GENE_TBX21,{'29588316'},['0.9995'],"('@DISEASE_Cardiovascular_Diseases', 'Association', '@GENE_TBX21')"
15370,920,Association,@GENE_NR4A1,@GENE_CD4,{'29588316'},['0.9283'],"('@GENE_NR4A1', 'Association', '@GENE_CD4')"
D010269,176528,Positive_Correlation,@CHEMICAL_Paraquat,@GENE_COL_92,{'37663291'},['0.9878'],"('@CHEMICAL_Paraquat', 'Positive_Correlation', '@GENE_COL_92')"
D005947,D002318,Positive_Correlation,@CHEMICAL_Glucose,@DISEASE_Cardiovascular_Diseases,{'37663291'},['0.9989'],"('@CHEMICAL_Glucose', 'Positive_Correlation', '@DISEASE_Cardiovascular_Diseases')"
D005947,173272,Association,@CHEMICAL_Glucose,@GENE_GPDH_1,{'37663291'},['0.9995'],"('@CHEMICAL_Glucose', 'Association', '@GENE_GPDH_1')"
D010269,173272,Association,@CHEMICAL_Paraquat,@GENE_GPDH_1,{'37663291'},['0.8748'],"('@CHEMICAL_Paraquat', 'Association', '@GENE_GPDH_1')"
D063646,3091,Association,@DISEASE_Carcinogenesis,@GENE_HIF1A,{'18983642'},['0.99'],"('@DISEASE_Carcinogenesis', 'Association', '@GENE_HIF1A')"
D008070,D007249,Positive_Correlation,@CHEMICAL_Lipopolysaccharides,@DISEASE_Inflammation,{'18983642'},['0.9993'],"('@CHEMICAL_Lipopolysaccharides', 'Positive_Correlation', '@DISEASE_Inflammation')"
D000236,3091,Association,@DISEASE_Adenoma,@GENE_HIF1A,{'18983642'},['0.9508'],"('@DISEASE_Adenoma', 'Association', '@GENE_HIF1A')"
D008070,3091,Positive_Correlation,@CHEMICAL_Lipopolysaccharides,@GENE_HIF1A,{'18983642'},['0.9985'],"('@CHEMICAL_Lipopolysaccharides', 'Positive_Correlation', '@GENE_HIF1A')"
D009369,3091,Association,@DISEASE_Neoplasms,@GENE_HIF1A,{'18983642'},['0.9939'],"('@DISEASE_Neoplasms', 'Association', '@GENE_HIF1A')"
D008070,D015179,Association,@CHEMICAL_Lipopolysaccharides,@DISEASE_Colorectal_Neoplasms,{'18983642'},['0.9684'],"('@CHEMICAL_Lipopolysaccharides', 'Association', '@DISEASE_Colorectal_Neoplasms')"
D015179,3091,Positive_Correlation,@DISEASE_Colorectal_Neoplasms,@GENE_HIF1A,{'18983642'},['0.8433'],"('@DISEASE_Colorectal_Neoplasms', 'Positive_Correlation', '@GENE_HIF1A')"
D008228,1000,Association,@DISEASE_Lymphoma_Non_Hodgkin,@GENE_CDH2,{'29216196'},['0.991'],"('@DISEASE_Lymphoma_Non_Hodgkin', 'Association', '@GENE_CDH2')"
D000077195,1000,Association,@DISEASE_Squamous_Cell_Carcinoma_of_Head_and_Neck,@GENE_CDH2,{'29216196'},['0.9993'],"('@DISEASE_Squamous_Cell_Carcinoma_of_Head_and_Neck', 'Association', '@GENE_CDH2')"
D008228,999,Negative_Correlation,@DISEASE_Lymphoma_Non_Hodgkin,@GENE_CDH1,{'29216196'},['0.7727'],"('@DISEASE_Lymphoma_Non_Hodgkin', 'Negative_Correlation', '@GENE_CDH1')"
D005067,1000,Association,@DISEASE_Euthyroid_Sick_Syndromes,@GENE_CDH2,{'29216196'},['0.9991'],"('@DISEASE_Euthyroid_Sick_Syndromes', 'Association', '@GENE_CDH2')"
D018225,999,Negative_Correlation,@DISEASE_Neoplasms_Fibroepithelial,@GENE_CDH1,{'29216196'},['0.9884'],"('@DISEASE_Neoplasms_Fibroepithelial', 'Negative_Correlation', '@GENE_CDH1')"
D008228,7162,Association,@DISEASE_Lymphoma_Non_Hodgkin,@GENE_TPBG,{'29216196'},['0.9243'],"('@DISEASE_Lymphoma_Non_Hodgkin', 'Association', '@GENE_TPBG')"
D000077195,999,Association,@DISEASE_Squamous_Cell_Carcinoma_of_Head_and_Neck,@GENE_CDH1,{'29216196'},['0.992'],"('@DISEASE_Squamous_Cell_Carcinoma_of_Head_and_Neck', 'Association', '@GENE_CDH1')"
D005067,999,Association,@DISEASE_Euthyroid_Sick_Syndromes,@GENE_CDH1,{'29216196'},['0.9456'],"('@DISEASE_Euthyroid_Sick_Syndromes', 'Association', '@GENE_CDH1')"
D000077195,2012,Association,@DISEASE_Squamous_Cell_Carcinoma_of_Head_and_Neck,@GENE_EMP1,{'29216196'},['0.9996'],"('@DISEASE_Squamous_Cell_Carcinoma_of_Head_and_Neck', 'Association', '@GENE_EMP1')"
D005067,2012,Association,@DISEASE_Euthyroid_Sick_Syndromes,@GENE_EMP1,{'29216196'},['0.9988'],"('@DISEASE_Euthyroid_Sick_Syndromes', 'Association', '@GENE_EMP1')"
D008228,2012,Association,@DISEASE_Lymphoma_Non_Hodgkin,@GENE_EMP1,{'29216196'},['0.9912'],"('@DISEASE_Lymphoma_Non_Hodgkin', 'Association', '@GENE_EMP1')"
D000438,D013272,Positive_Correlation,@CHEMICAL_Alcohols,@DISEASE_Stomach_Diseases,{'37872792'},['0.9175'],"('@CHEMICAL_Alcohols', 'Positive_Correlation', '@DISEASE_Stomach_Diseases')"
D000438,D006816,Association,@CHEMICAL_Alcohols,@DISEASE_Huntington_Disease,{'37872792'},['0.9659'],"('@CHEMICAL_Alcohols', 'Association', '@DISEASE_Huntington_Disease')"
D009243,D010100,Association,@CHEMICAL_NAD,@CHEMICAL_Oxygen,{'35990992'},['0.5898'],"('@CHEMICAL_NAD', 'Association', '@CHEMICAL_Oxygen')"
D010024,4041,Association,@DISEASE_Osteoporosis,@GENE_LRP5,{'34743040'},['0.9991'],"('@DISEASE_Osteoporosis', 'Association', '@GENE_LRP5')"
D010024,5358,Association,@DISEASE_Osteoporosis,@GENE_PLS3,{'34743040'},['0.9994'],"('@DISEASE_Osteoporosis', 'Association', '@GENE_PLS3')"
D005944,D009794,Negative_Correlation,@CHEMICAL_Glucosamine,@DISEASE_Ochronosis,{'17899002'},['0.997'],"('@CHEMICAL_Glucosamine', 'Negative_Correlation', '@DISEASE_Ochronosis')"
D005944,D010146,Negative_Correlation,@CHEMICAL_Glucosamine,@DISEASE_Pain,{'17899002'},['0.5591'],"('@CHEMICAL_Glucosamine', 'Negative_Correlation', '@DISEASE_Pain')"
D000782,991,Association,@DISEASE_Aneuploidy,@GENE_CDC20,{'30448220'},['0.999'],"('@DISEASE_Aneuploidy', 'Association', '@GENE_CDC20')"
D007410,991,Positive_Correlation,@DISEASE_Intestinal_Diseases,@GENE_CDC20,{'30448220'},['0.9973'],"('@DISEASE_Intestinal_Diseases', 'Positive_Correlation', '@GENE_CDC20')"
D013274,4085,Association,@DISEASE_Stomach_Neoplasms,@GENE_MAD2L1,{'30448220'},['0.99'],"('@DISEASE_Stomach_Neoplasms', 'Association', '@GENE_MAD2L1')"
D007410,4085,Positive_Correlation,@DISEASE_Intestinal_Diseases,@GENE_MAD2L1,{'30448220'},['0.9987'],"('@DISEASE_Intestinal_Diseases', 'Positive_Correlation', '@GENE_MAD2L1')"
D043171,4085,Positive_Correlation,@DISEASE_Chromosomal_Instability,@GENE_MAD2L1,{'30448220'},['0.7432'],"('@DISEASE_Chromosomal_Instability', 'Positive_Correlation', '@GENE_MAD2L1')"
D013274,991,Association,@DISEASE_Stomach_Neoplasms,@GENE_CDC20,{'30448220'},['0.9962'],"('@DISEASE_Stomach_Neoplasms', 'Association', '@GENE_CDC20')"
D009369,4085,Association,@DISEASE_Neoplasms,@GENE_MAD2L1,{'30448220'},['0.7891'],"('@DISEASE_Neoplasms', 'Association', '@GENE_MAD2L1')"
D043171,991,Association,@DISEASE_Chromosomal_Instability,@GENE_CDC20,{'30448220'},['0.9861'],"('@DISEASE_Chromosomal_Instability', 'Association', '@GENE_CDC20')"
D063646,4085,Association,@DISEASE_Carcinogenesis,@GENE_MAD2L1,{'30448220'},['0.9993'],"('@DISEASE_Carcinogenesis', 'Association', '@GENE_MAD2L1')"
D015792,4085,Positive_Correlation,@DISEASE_Retinal_Dysplasia,@GENE_MAD2L1,{'30448220'},['0.6339'],"('@DISEASE_Retinal_Dysplasia', 'Positive_Correlation', '@GENE_MAD2L1')"
D009369,991,Association,@DISEASE_Neoplasms,@GENE_CDC20,{'30448220'},['0.899'],"('@DISEASE_Neoplasms', 'Association', '@GENE_CDC20')"
D063646,991,Association,@DISEASE_Carcinogenesis,@GENE_CDC20,{'30448220'},['0.9995'],"('@DISEASE_Carcinogenesis', 'Association', '@GENE_CDC20')"
D008228,4085,Positive_Correlation,@DISEASE_Lymphoma_Non_Hodgkin,@GENE_MAD2L1,{'30448220'},['0.998'],"('@DISEASE_Lymphoma_Non_Hodgkin', 'Positive_Correlation', '@GENE_MAD2L1')"
D015792,991,Positive_Correlation,@DISEASE_Retinal_Dysplasia,@GENE_CDC20,{'30448220'},['0.8123'],"('@DISEASE_Retinal_Dysplasia', 'Positive_Correlation', '@GENE_CDC20')"
D008207,4085,Negative_Correlation,@DISEASE_Lymphatic_Metastasis,@GENE_MAD2L1,{'30448220'},['0.4876'],"('@DISEASE_Lymphatic_Metastasis', 'Negative_Correlation', '@GENE_MAD2L1')"
D008228,991,Positive_Correlation,@DISEASE_Lymphoma_Non_Hodgkin,@GENE_CDC20,{'30448220'},['0.9836'],"('@DISEASE_Lymphoma_Non_Hodgkin', 'Positive_Correlation', '@GENE_CDC20')"
D008207,991,Negative_Correlation,@DISEASE_Lymphatic_Metastasis,@GENE_CDC20,{'30448220'},['0.6098'],"('@DISEASE_Lymphatic_Metastasis', 'Negative_Correlation', '@GENE_CDC20')"
D000782,4085,Association,@DISEASE_Aneuploidy,@GENE_MAD2L1,{'30448220'},['0.5872'],"('@DISEASE_Aneuploidy', 'Association', '@GENE_MAD2L1')"
C010590,D014810,Association,@CHEMICAL_4_hydroxyphenylpyruvic_acid,@CHEMICAL_Vitamin_E,{'24684596'},['0.9925'],"('@CHEMICAL_4_hydroxyphenylpyruvic_acid', 'Association', '@CHEMICAL_Vitamin_E')"
D006713,D024508,Association,@CHEMICAL_Homogentisic_Acid,@CHEMICAL_Tocotrienols,"{'21223386', '24684596'}","['0.5517', '0.9968']","('@CHEMICAL_Homogentisic_Acid', 'Association', '@CHEMICAL_Tocotrienols')"
C008070,D006719,Association,@CHEMICAL_4_hydroxyphenylacetic_acid,@CHEMICAL_Homovanillic_Acid,{'8586270'},['0.9824'],"('@CHEMICAL_4_hydroxyphenylacetic_acid', 'Association', '@CHEMICAL_Homovanillic_Acid')"
C010925,590,Negative_Correlation,@CHEMICAL_2_5_dihydroxybenzoic_acid,@GENE_BCHE,{'23819308'},['0.9962'],"('@CHEMICAL_2_5_dihydroxybenzoic_acid', 'Negative_Correlation', '@GENE_BCHE')"
C008180,D000109,Negative_Correlation,@CHEMICAL_isoferulic_acid,@CHEMICAL_Acetylcholine,{'23819308'},['0.9977'],"('@CHEMICAL_isoferulic_acid', 'Negative_Correlation', '@CHEMICAL_Acetylcholine')"
D006713,590,Negative_Correlation,@CHEMICAL_Homogentisic_Acid,@GENE_BCHE,{'23819308'},['0.9925'],"('@CHEMICAL_Homogentisic_Acid', 'Negative_Correlation', '@GENE_BCHE')"
C018381,D000109,Negative_Correlation,@CHEMICAL_salvin,@CHEMICAL_Acetylcholine,{'23819308'},['0.9969'],"('@CHEMICAL_salvin', 'Negative_Correlation', '@CHEMICAL_Acetylcholine')"
C099085,D000109,Negative_Correlation,@CHEMICAL_ethyl_ferulate,@CHEMICAL_Acetylcholine,{'23819308'},['0.9534'],"('@CHEMICAL_ethyl_ferulate', 'Negative_Correlation', '@CHEMICAL_Acetylcholine')"
C099085,590,Negative_Correlation,@CHEMICAL_ethyl_ferulate,@GENE_BCHE,{'23819308'},['0.9974'],"('@CHEMICAL_ethyl_ferulate', 'Negative_Correlation', '@GENE_BCHE')"
D020156,590,Negative_Correlation,@CHEMICAL_Salicylic_Acid,@GENE_BCHE,{'23819308'},['0.9931'],"('@CHEMICAL_Salicylic_Acid', 'Negative_Correlation', '@GENE_BCHE')"
C010925,D000109,Negative_Correlation,@CHEMICAL_2_5_dihydroxybenzoic_acid,@CHEMICAL_Acetylcholine,{'23819308'},['0.6611'],"('@CHEMICAL_2_5_dihydroxybenzoic_acid', 'Negative_Correlation', '@CHEMICAL_Acetylcholine')"
C018381,590,Negative_Correlation,@CHEMICAL_salvin,@GENE_BCHE,{'23819308'},['0.9989'],"('@CHEMICAL_salvin', 'Negative_Correlation', '@GENE_BCHE')"
C515101,590,Negative_Correlation,@CHEMICAL_caftaric_acid,@GENE_BCHE,{'23819308'},['0.9949'],"('@CHEMICAL_caftaric_acid', 'Negative_Correlation', '@GENE_BCHE')"
C041376,590,Negative_Correlation,@CHEMICAL_rosmarinic_acid,@GENE_BCHE,{'23819308'},['0.9915'],"('@CHEMICAL_rosmarinic_acid', 'Negative_Correlation', '@GENE_BCHE')"
D009637,590,Negative_Correlation,@CHEMICAL_Masoprocol,@GENE_BCHE,{'23819308'},['0.9976'],"('@CHEMICAL_Masoprocol', 'Negative_Correlation', '@GENE_BCHE')"
D009369,55272,Association,@DISEASE_Neoplasms,@GENE_IMP3,{'25141312'},['0.9801'],"('@DISEASE_Neoplasms', 'Association', '@GENE_IMP3')"
D015792,55272,Association,@DISEASE_Retinal_Dysplasia,@GENE_IMP3,"{'26766126', '25141312'}","['0.8127', '0.998']","('@DISEASE_Retinal_Dysplasia', 'Association', '@GENE_IMP3')"
D006713,D019636,Positive_Correlation,@CHEMICAL_Homogentisic_Acid,@DISEASE_Neurodegenerative_Diseases,"{'27074788', '36327861', '23357094'}","['0.9875', '0.9684', '0.999']","('@CHEMICAL_Homogentisic_Acid', 'Positive_Correlation', '@DISEASE_Neurodegenerative_Diseases')"
D014443,D009794,Association,@CHEMICAL_Tyrosine,@DISEASE_Ochronosis,"{'22971313', '32192929', '25302636', '20055850'}","['0.5543', '0.9322', '0.8303', '0.9822']","('@CHEMICAL_Tyrosine', 'Association', '@DISEASE_Ochronosis')"
D010649,D009794,Association,@CHEMICAL_Phenylalanine,@DISEASE_Ochronosis,{'22971313'},['0.8013'],"('@CHEMICAL_Phenylalanine', 'Association', '@DISEASE_Ochronosis')"
D006713,D010300,Positive_Correlation,@CHEMICAL_Homogentisic_Acid,@DISEASE_Parkinson_Disease,{'37404676'},['0.9502'],"('@CHEMICAL_Homogentisic_Acid', 'Positive_Correlation', '@DISEASE_Parkinson_Disease')"
C077073,D010300,Positive_Correlation,@CHEMICAL_nitisinone,@DISEASE_Parkinson_Disease,{'37404676'},['0.9978'],"('@CHEMICAL_nitisinone', 'Positive_Correlation', '@DISEASE_Parkinson_Disease')"
C077073,7054,Negative_Correlation,@CHEMICAL_nitisinone,@GENE_TH,{'37404676'},['0.9988'],"('@CHEMICAL_nitisinone', 'Negative_Correlation', '@GENE_TH')"
C077073,C567730,Positive_Correlation,@CHEMICAL_nitisinone,@DISEASE_Parkinsonism_Dystonia_Infantile,{'37404676'},['0.9951'],"('@CHEMICAL_nitisinone', 'Positive_Correlation', '@DISEASE_Parkinsonism_Dystonia_Infantile')"
D000077273,rs113488022##,Association,@DISEASE_Thyroid_Cancer_Papillary,@VARIANT_p.V600E_BRAF_human,{'31161615'},['0.9995'],"('@DISEASE_Thyroid_Cancer_Papillary', 'Association', '@VARIANT_p.V600E_BRAF_human')"
D000077273,6616,Association,@DISEASE_Thyroid_Cancer_Papillary,@GENE_SNAP25,{'31161615'},['0.9993'],"('@DISEASE_Thyroid_Cancer_Papillary', 'Association', '@GENE_SNAP25')"
D000077273,27112,Association,@DISEASE_Thyroid_Cancer_Papillary,@GENE_FAM155B,{'31161615'},['0.9993'],"('@DISEASE_Thyroid_Cancer_Papillary', 'Association', '@GENE_FAM155B')"
D000077273,673,Association,@DISEASE_Thyroid_Cancer_Papillary,@GENE_BRAF,{'31161615'},"['0.9988', '0.9995']","('@DISEASE_Thyroid_Cancer_Papillary', 'Association', '@GENE_BRAF')"
D000077273,3708,Association,@DISEASE_Thyroid_Cancer_Papillary,@GENE_ITPR1,{'31161615'},['0.9994'],"('@DISEASE_Thyroid_Cancer_Papillary', 'Association', '@GENE_ITPR1')"
D000077273,2886,Association,@DISEASE_Thyroid_Cancer_Papillary,@GENE_GRB7,{'31161615'},['0.9994'],"('@DISEASE_Thyroid_Cancer_Papillary', 'Association', '@GENE_GRB7')"
D000077273,54733,Association,@DISEASE_Thyroid_Cancer_Papillary,@GENE_SLC35F2,{'31161615'},['0.999'],"('@DISEASE_Thyroid_Cancer_Papillary', 'Association', '@GENE_SLC35F2')"
D000423,D007410,Association,@CHEMICAL_Alcian_Blue,@DISEASE_Intestinal_Diseases,{'9362182'},['0.4296'],"('@CHEMICAL_Alcian_Blue', 'Association', '@DISEASE_Intestinal_Diseases')"
D000077779,1832,Association,@DISEASE_Pancreatic_Intraductal_Neoplasms,@GENE_DSP,{'39554015'},['0.9827'],"('@DISEASE_Pancreatic_Intraductal_Neoplasms', 'Association', '@GENE_DSP')"
D021441,1832,Association,@DISEASE_Carcinoma_Pancreatic_Ductal,@GENE_DSP,{'39554015'},['0.999'],"('@DISEASE_Carcinoma_Pancreatic_Ductal', 'Association', '@GENE_DSP')"
D006713,D004487,Association,@CHEMICAL_Homogentisic_Acid,@DISEASE_Edema,{'13770605'},['0.7555'],"('@CHEMICAL_Homogentisic_Acid', 'Association', '@DISEASE_Edema')"
C031927,C035157,Association,@CHEMICAL_hydroquinone,@CHEMICAL_dopaquinone,{'40662524'},['0.9685'],"('@CHEMICAL_hydroquinone', 'Association', '@CHEMICAL_dopaquinone')"
C035157,7299,Association,@CHEMICAL_dopaquinone,@GENE_TYR,{'40662524'},['0.9799'],"('@CHEMICAL_dopaquinone', 'Association', '@GENE_TYR')"
C031927,D017495,Negative_Correlation,@CHEMICAL_hydroquinone,@DISEASE_Hyperpigmentation,{'40662524'},['0.9983'],"('@CHEMICAL_hydroquinone', 'Negative_Correlation', '@DISEASE_Hyperpigmentation')"
D009794,7299,Association,@DISEASE_Ochronosis,@GENE_TYR,"{'40662524', '27142149'}","['0.9985', '0.9995']","('@DISEASE_Ochronosis', 'Association', '@GENE_TYR')"
C031927,D003545,Association,@CHEMICAL_hydroquinone,@CHEMICAL_Cysteine,{'40662524'},['0.5692'],"('@CHEMICAL_hydroquinone', 'Association', '@CHEMICAL_Cysteine')"
C031927,7299,Association,@CHEMICAL_hydroquinone,@GENE_TYR,{'40662524'},['0.9988'],"('@CHEMICAL_hydroquinone', 'Association', '@GENE_TYR')"
6287,7431,Association,@GENE_SAA@,@GENE_VIM,{'27454006'},['0.9988'],"('@GENE_SAA@', 'Association', '@GENE_VIM')"
D025242,3106,Positive_Correlation,@DISEASE_Spondylarthropathies,@GENE_HLA_B,{'28240677'},['0.5159'],"('@DISEASE_Spondylarthropathies', 'Positive_Correlation', '@GENE_HLA_B')"
C004912,D020058,Association,@CHEMICAL_ethylbenzene,@CHEMICAL_Styrene,{'15731901'},['0.978'],"('@CHEMICAL_ethylbenzene', 'Association', '@CHEMICAL_Styrene')"
C004912,C025136,Association,@CHEMICAL_ethylbenzene,@CHEMICAL_phenylacetic_acid,{'15731901'},['0.6249'],"('@CHEMICAL_ethylbenzene', 'Association', '@CHEMICAL_phenylacetic_acid')"
C004912,D006713,Association,@CHEMICAL_ethylbenzene,@CHEMICAL_Homogentisic_Acid,{'15731901'},['0.9075'],"('@CHEMICAL_ethylbenzene', 'Association', '@CHEMICAL_Homogentisic_Acid')"
D005230,D005235,Association,@CHEMICAL_Fatty_Acids_Nonesterified,@DISEASE_Fatty_Liver_Alcoholic,{'35990349'},['0.5791'],"('@CHEMICAL_Fatty_Acids_Nonesterified', 'Association', '@DISEASE_Fatty_Liver_Alcoholic')"
C053518,D047311,Positive_Correlation,@CHEMICAL_CP_protocol,@CHEMICAL_Luteolin,{'35990349'},['0.9749'],"('@CHEMICAL_CP_protocol', 'Positive_Correlation', '@CHEMICAL_Luteolin')"
C053518,D005235,Association,@CHEMICAL_CP_protocol,@DISEASE_Fatty_Liver_Alcoholic,{'35990349'},['0.4402'],"('@CHEMICAL_CP_protocol', 'Association', '@DISEASE_Fatty_Liver_Alcoholic')"
C041465,D047311,Positive_Correlation,@CHEMICAL_N_phenylacetylphenylalanine,@CHEMICAL_Luteolin,{'35990349'},['0.9969'],"('@CHEMICAL_N_phenylacetylphenylalanine', 'Positive_Correlation', '@CHEMICAL_Luteolin')"
C041465,D005235,Positive_Correlation,@CHEMICAL_N_phenylacetylphenylalanine,@DISEASE_Fatty_Liver_Alcoholic,{'35990349'},['0.9955'],"('@CHEMICAL_N_phenylacetylphenylalanine', 'Positive_Correlation', '@DISEASE_Fatty_Liver_Alcoholic')"
D005230,D047311,Positive_Correlation,@CHEMICAL_Fatty_Acids_Nonesterified,@CHEMICAL_Luteolin,{'35990349'},['0.9861'],"('@CHEMICAL_Fatty_Acids_Nonesterified', 'Positive_Correlation', '@CHEMICAL_Luteolin')"
C026785,D005235,Positive_Correlation,@CHEMICAL_5_hydroxyindole,@DISEASE_Fatty_Liver_Alcoholic,{'35990349'},['0.9835'],"('@CHEMICAL_5_hydroxyindole', 'Positive_Correlation', '@DISEASE_Fatty_Liver_Alcoholic')"
D047311,D056486,Negative_Correlation,@CHEMICAL_Luteolin,@DISEASE_Chemical_and_Drug_Induced_Liver_Injury,{'35990349'},['0.9992'],"('@CHEMICAL_Luteolin', 'Negative_Correlation', '@DISEASE_Chemical_and_Drug_Induced_Liver_Injury')"
D047311,D011017,Negative_Correlation,@CHEMICAL_Luteolin,@DISEASE_Pneumonia_Lipid,{'35990349'},['0.999'],"('@CHEMICAL_Luteolin', 'Negative_Correlation', '@DISEASE_Pneumonia_Lipid')"
D006713,D005235,Negative_Correlation,@CHEMICAL_Homogentisic_Acid,@DISEASE_Fatty_Liver_Alcoholic,{'35990349'},['0.9873'],"('@CHEMICAL_Homogentisic_Acid', 'Negative_Correlation', '@DISEASE_Fatty_Liver_Alcoholic')"
D013831,D005235,Negative_Correlation,@CHEMICAL_Thiamine,@DISEASE_Fatty_Liver_Alcoholic,{'35990349'},['0.9675'],"('@CHEMICAL_Thiamine', 'Negative_Correlation', '@DISEASE_Fatty_Liver_Alcoholic')"
C026785,D047311,Positive_Correlation,@CHEMICAL_5_hydroxyindole,@CHEMICAL_Luteolin,{'35990349'},['0.9963'],"('@CHEMICAL_5_hydroxyindole', 'Positive_Correlation', '@CHEMICAL_Luteolin')"
D013831,D047311,Positive_Correlation,@CHEMICAL_Thiamine,@CHEMICAL_Luteolin,{'35990349'},['0.7504'],"('@CHEMICAL_Thiamine', 'Positive_Correlation', '@CHEMICAL_Luteolin')"
D006713,D047311,Negative_Correlation,@CHEMICAL_Homogentisic_Acid,@CHEMICAL_Luteolin,{'35990349'},['0.8846'],"('@CHEMICAL_Homogentisic_Acid', 'Negative_Correlation', '@CHEMICAL_Luteolin')"
D047311,D005235,Negative_Correlation,@CHEMICAL_Luteolin,@DISEASE_Fatty_Liver_Alcoholic,{'35990349'},['0.9974'],"('@CHEMICAL_Luteolin', 'Negative_Correlation', '@DISEASE_Fatty_Liver_Alcoholic')"
C072105,D005235,Negative_Correlation,@CHEMICAL_KN_93,@DISEASE_Fatty_Liver_Alcoholic,{'35990349'},['0.9858'],"('@CHEMICAL_KN_93', 'Negative_Correlation', '@DISEASE_Fatty_Liver_Alcoholic')"
C072105,D047311,Negative_Correlation,@CHEMICAL_KN_93,@CHEMICAL_Luteolin,{'35990349'},['0.9448'],"('@CHEMICAL_KN_93', 'Negative_Correlation', '@CHEMICAL_Luteolin')"
D013729,D000069578,Association,@CHEMICAL_Terpenes,@DISEASE_Waterborne_Diseases,{'18455260'},['0.9754'],"('@CHEMICAL_Terpenes', 'Association', '@DISEASE_Waterborne_Diseases')"
D000040,D024502,Positive_Correlation,@CHEMICAL_Abscisic_Acid,@CHEMICAL_alpha_Tocopherol,{'18455260'},['0.6226'],"('@CHEMICAL_Abscisic_Acid', 'Positive_Correlation', '@CHEMICAL_alpha_Tocopherol')"
C531762,rs368717991##,Association,@DISEASE_Alkaptonuric_ochronosis,@VARIANT_p.G360R_HGD_human,{'26960557'},['0.8659'],"('@DISEASE_Alkaptonuric_ochronosis', 'Association', '@VARIANT_p.G360R_HGD_human')"
C077073,D000082862,Negative_Correlation,@CHEMICAL_nitisinone,@DISEASE_Aortic_Valve_Disease,{'34059444'},['0.9003'],"('@CHEMICAL_nitisinone', 'Negative_Correlation', '@DISEASE_Aortic_Valve_Disease')"
C077073,D001024,Negative_Correlation,@CHEMICAL_nitisinone,@DISEASE_Aortic_Valve_Stenosis,{'34059444'},['0.9889'],"('@CHEMICAL_nitisinone', 'Negative_Correlation', '@DISEASE_Aortic_Valve_Stenosis')"
D001471,4582,Association,@DISEASE_Barrett_Esophagus,@GENE_MUC1,{'16949933'},['0.9991'],"('@DISEASE_Barrett_Esophagus', 'Association', '@GENE_MUC1')"
D001471,4588,Association,@DISEASE_Barrett_Esophagus,@GENE_MUC6,{'16949933'},['0.9993'],"('@DISEASE_Barrett_Esophagus', 'Association', '@GENE_MUC6')"
D015792,4588,Association,@DISEASE_Retinal_Dysplasia,@GENE_MUC6,{'16949933'},['0.9895'],"('@DISEASE_Retinal_Dysplasia', 'Association', '@GENE_MUC6')"
D001471,100133790,Association,@DISEASE_Barrett_Esophagus,@GENE_MUC3,{'16949933'},['0.9966'],"('@DISEASE_Barrett_Esophagus', 'Association', '@GENE_MUC3')"
D009369,100508689,Association,@DISEASE_Neoplasms,@GENE_LOC100508689,"{'16949933', '28697153'}","['0.9908', '0.9981']","('@DISEASE_Neoplasms', 'Association', '@GENE_LOC100508689')"
D001471,100508689,Association,@DISEASE_Barrett_Esophagus,@GENE_LOC100508689,"{'34420794', '16949933', '28697153'}","['0.9996', '0.9989', '0.5181']","('@DISEASE_Barrett_Esophagus', 'Association', '@GENE_LOC100508689')"
D015792,100133790,Negative_Correlation,@DISEASE_Retinal_Dysplasia,@GENE_MUC3,{'16949933'},['0.6192'],"('@DISEASE_Retinal_Dysplasia', 'Negative_Correlation', '@GENE_MUC3')"
D015792,4583,Negative_Correlation,@DISEASE_Retinal_Dysplasia,@GENE_MUC2,{'16949933'},['0.8064'],"('@DISEASE_Retinal_Dysplasia', 'Negative_Correlation', '@GENE_MUC2')"
D001471,4583,Association,@DISEASE_Barrett_Esophagus,@GENE_MUC2,{'16949933'},['0.9054'],"('@DISEASE_Barrett_Esophagus', 'Association', '@GENE_MUC2')"
D014443,D009386,Association,@CHEMICAL_Tyrosine,@DISEASE_Neoplastic_Syndromes_Hereditary,"{'36295804', '32083330', '36465977'}","['0.548', '0.9901', '0.9961']","('@CHEMICAL_Tyrosine', 'Association', '@DISEASE_Neoplastic_Syndromes_Hereditary')"
C077073,C562659,Positive_Correlation,@CHEMICAL_nitisinone,@DISEASE_Tyrosinosis,{'32083330'},['0.9991'],"('@CHEMICAL_nitisinone', 'Positive_Correlation', '@DISEASE_Tyrosinosis')"
D014443,C562659,Association,@CHEMICAL_Tyrosine,@DISEASE_Tyrosinosis,{'32083330'},['0.8931'],"('@CHEMICAL_Tyrosine', 'Association', '@DISEASE_Tyrosinosis')"
D000230,rs587783031##,Association,@DISEASE_Adenocarcinoma,@VARIANT_p.T1556fsX_APC_human,{'29525853'},['0.9183'],"('@DISEASE_Adenocarcinoma', 'Association', '@VARIANT_p.T1556fsX_APC_human')"
D000230,6794,Association,@DISEASE_Adenocarcinoma,@GENE_STK11,{'29525853'},['0.9994'],"('@DISEASE_Adenocarcinoma', 'Association', '@GENE_STK11')"
D000230,324,Association,@DISEASE_Adenocarcinoma,@GENE_APC,{'29525853'},"['0.9988', '0.9183']","('@DISEASE_Adenocarcinoma', 'Association', '@GENE_APC')"
C028025,D015792,Association,@CHEMICAL_protoporphyrin_IX,@DISEASE_Retinal_Dysplasia,{'25790343'},['0.9995'],"('@CHEMICAL_protoporphyrin_IX', 'Association', '@DISEASE_Retinal_Dysplasia')"
C028025,D001471,Association,@CHEMICAL_protoporphyrin_IX,@DISEASE_Barrett_Esophagus,{'25790343'},['0.9996'],"('@CHEMICAL_protoporphyrin_IX', 'Association', '@DISEASE_Barrett_Esophagus')"
C000614854,D015792,Association,@CHEMICAL_5_amino_levulinic_acid,@DISEASE_Retinal_Dysplasia,{'25790343'},['0.9991'],"('@CHEMICAL_5_amino_levulinic_acid', 'Association', '@DISEASE_Retinal_Dysplasia')"
D005227,D008661,Association,@CHEMICAL_Fatty_Acids,@DISEASE_Metabolism_Inborn_Errors,{'27784639'},['0.9276'],"('@CHEMICAL_Fatty_Acids', 'Association', '@DISEASE_Metabolism_Inborn_Errors')"
D000073893,D008661,Association,@CHEMICAL_Sugars,@DISEASE_Metabolism_Inborn_Errors,{'27784639'},['0.9767'],"('@CHEMICAL_Sugars', 'Association', '@DISEASE_Metabolism_Inborn_Errors')"
D000474,7431,Association,@DISEASE_Alkaptonuria,@GENE_VIM,{'33469937'},['0.9997'],"('@DISEASE_Alkaptonuria', 'Association', '@GENE_VIM')"
D000596,D012701,Association,@CHEMICAL_Amino_Acids,@CHEMICAL_Serotonin,{'38513941'},['0.9815'],"('@CHEMICAL_Amino_Acids', 'Association', '@CHEMICAL_Serotonin')"
D003367,D018698,Association,@CHEMICAL_Cotinine,@CHEMICAL_Glutamic_Acid,{'38513941'},['0.9989'],"('@CHEMICAL_Cotinine', 'Association', '@CHEMICAL_Glutamic_Acid')"
D003367,D006713,Association,@CHEMICAL_Cotinine,@CHEMICAL_Homogentisic_Acid,{'38513941'},['0.9961'],"('@CHEMICAL_Cotinine', 'Association', '@CHEMICAL_Homogentisic_Acid')"
D000596,D003367,Association,@CHEMICAL_Amino_Acids,@CHEMICAL_Cotinine,{'38513941'},['0.5235'],"('@CHEMICAL_Amino_Acids', 'Association', '@CHEMICAL_Cotinine')"
D001224,D003367,Association,@CHEMICAL_Aspartic_Acid,@CHEMICAL_Cotinine,{'38513941'},['0.9988'],"('@CHEMICAL_Aspartic_Acid', 'Association', '@CHEMICAL_Cotinine')"
D000596,D016718,Association,@CHEMICAL_Amino_Acids,@CHEMICAL_Arachidonic_Acid,{'38513941'},['0.9952'],"('@CHEMICAL_Amino_Acids', 'Association', '@CHEMICAL_Arachidonic_Acid')"
D003367,D012701,Association,@CHEMICAL_Cotinine,@CHEMICAL_Serotonin,{'38513941'},['0.9983'],"('@CHEMICAL_Cotinine', 'Association', '@CHEMICAL_Serotonin')"
D003367,D064420,Positive_Correlation,@CHEMICAL_Cotinine,@DISEASE_Drug_Related_Side_Effects_and_Adverse_Reactions,{'38513941'},['0.9882'],"('@CHEMICAL_Cotinine', 'Positive_Correlation', '@DISEASE_Drug_Related_Side_Effects_and_Adverse_Reactions')"
D008055,D012701,Association,@CHEMICAL_Lipids,@CHEMICAL_Serotonin,{'38513941'},['0.9991'],"('@CHEMICAL_Lipids', 'Association', '@CHEMICAL_Serotonin')"
D003367,D019954,Positive_Correlation,@CHEMICAL_Cotinine,@DISEASE_Neurobehavioral_Manifestations,{'38513941'},['0.9973'],"('@CHEMICAL_Cotinine', 'Positive_Correlation', '@DISEASE_Neurobehavioral_Manifestations')"
D008751,D015792,Positive_Correlation,@CHEMICAL_Methylene_Blue,@DISEASE_Retinal_Dysplasia,{'17970838'},['0.9047'],"('@CHEMICAL_Methylene_Blue', 'Positive_Correlation', '@DISEASE_Retinal_Dysplasia')"
D008751,D007410,Negative_Correlation,@CHEMICAL_Methylene_Blue,@DISEASE_Intestinal_Diseases,{'17970838'},['0.9971'],"('@CHEMICAL_Methylene_Blue', 'Negative_Correlation', '@DISEASE_Intestinal_Diseases')"
rs765596920##,D000474,Association,@VARIANT_c.1273C>A_HGD_human,@DISEASE_Alkaptonuria,{'21437689'},['0.9716'],"('@VARIANT_c.1273C>A_HGD_human', 'Association', '@DISEASE_Alkaptonuria')"
#3081#c.847T>C,D000474,Association,@VARIANT_c.847T>C_HGD_human,@DISEASE_Alkaptonuria,{'21437689'},['0.9918'],"('@VARIANT_c.847T>C_HGD_human', 'Association', '@DISEASE_Alkaptonuria')"
#3081#c.533T>G,D000474,Association,@VARIANT_c.533T>G_HGD_human,@DISEASE_Alkaptonuria,{'21437689'},['0.9959'],"('@VARIANT_c.533T>G_HGD_human', 'Association', '@DISEASE_Alkaptonuria')"
#3081#c.551_552insG,D000474,Association,@VARIANT_c.551_552insG_HGD_human,@DISEASE_Alkaptonuria,{'21437689'},['0.9954'],"('@VARIANT_c.551_552insG_HGD_human', 'Association', '@DISEASE_Alkaptonuria')"
#3081#c.1046T>G,D000474,Association,@VARIANT_c.1046T>G_HGD_human,@DISEASE_Alkaptonuria,{'21437689'},['0.9947'],"('@VARIANT_c.1046T>G_HGD_human', 'Association', '@DISEASE_Alkaptonuria')"
D017886,D052256,Positive_Correlation,@CHEMICAL_Durapatite,@DISEASE_Tendinopathy,{'40223377'},['0.9975'],"('@CHEMICAL_Durapatite', 'Positive_Correlation', '@DISEASE_Tendinopathy')"
D001205,D001554,Association,@CHEMICAL_Ascorbic_Acid,@CHEMICAL_Benzene,{'30708296'},['0.9989'],"('@CHEMICAL_Ascorbic_Acid', 'Association', '@CHEMICAL_Benzene')"
C023623,D008055,Negative_Correlation,@CHEMICAL_brassinolide,@CHEMICAL_Lipids,{'30708296'},['0.9733'],"('@CHEMICAL_brassinolide', 'Negative_Correlation', '@CHEMICAL_Lipids')"
D001554,D008055,Association,@CHEMICAL_Benzene,@CHEMICAL_Lipids,{'30708296'},['0.9837'],"('@CHEMICAL_Benzene', 'Association', '@CHEMICAL_Lipids')"
C042216,D005978,Positive_Correlation,@CHEMICAL_beta_phenylcysteine,@CHEMICAL_Glutathione,{'30708296'},['0.9877'],"('@CHEMICAL_beta_phenylcysteine', 'Positive_Correlation', '@CHEMICAL_Glutathione')"
C023623,D001554,Negative_Correlation,@CHEMICAL_brassinolide,@CHEMICAL_Benzene,{'30708296'},['0.9987'],"('@CHEMICAL_brassinolide', 'Negative_Correlation', '@CHEMICAL_Benzene')"
D005978,2539,Association,@CHEMICAL_Glutathione,@GENE_G6PD,{'30708296'},['0.5036'],"('@CHEMICAL_Glutathione', 'Association', '@GENE_G6PD')"
D001554,D005978,Association,@CHEMICAL_Benzene,@CHEMICAL_Glutathione,{'30708296'},['0.9994'],"('@CHEMICAL_Benzene', 'Association', '@CHEMICAL_Glutathione')"
D001554,2539,Association,@CHEMICAL_Benzene,@GENE_G6PD,{'30708296'},['0.9996'],"('@CHEMICAL_Benzene', 'Association', '@GENE_G6PD')"
C023623,C042216,Association,@CHEMICAL_brassinolide,@CHEMICAL_beta_phenylcysteine,{'30708296'},['0.9931'],"('@CHEMICAL_brassinolide', 'Association', '@CHEMICAL_beta_phenylcysteine')"
C023623,D005978,Positive_Correlation,@CHEMICAL_brassinolide,@CHEMICAL_Glutathione,{'30708296'},['0.99'],"('@CHEMICAL_brassinolide', 'Positive_Correlation', '@CHEMICAL_Glutathione')"
C023623,D001205,Positive_Correlation,@CHEMICAL_brassinolide,@CHEMICAL_Ascorbic_Acid,{'30708296'},['0.9705'],"('@CHEMICAL_brassinolide', 'Positive_Correlation', '@CHEMICAL_Ascorbic_Acid')"
D001554,D009249,Association,@CHEMICAL_Benzene,@CHEMICAL_NADP,{'30708296'},['0.9995'],"('@CHEMICAL_Benzene', 'Association', '@CHEMICAL_NADP')"
D001554,D008315,Positive_Correlation,@CHEMICAL_Benzene,@CHEMICAL_Malondialdehyde,{'30708296'},['0.9924'],"('@CHEMICAL_Benzene', 'Positive_Correlation', '@CHEMICAL_Malondialdehyde')"
C023623,D009249,Positive_Correlation,@CHEMICAL_brassinolide,@CHEMICAL_NADP,{'30708296'},['0.8751'],"('@CHEMICAL_brassinolide', 'Positive_Correlation', '@CHEMICAL_NADP')"
D001554,D060406,Association,@CHEMICAL_Benzene,@CHEMICAL_Brassinosteroids,{'30708296'},['0.9965'],"('@CHEMICAL_Benzene', 'Association', '@CHEMICAL_Brassinosteroids')"
D001554,2232,Association,@CHEMICAL_Benzene,@GENE_FDXR,{'30708296'},['0.9996'],"('@CHEMICAL_Benzene', 'Association', '@GENE_FDXR')"
C023623,2539,Positive_Correlation,@CHEMICAL_brassinolide,@GENE_G6PD,{'30708296'},['0.9965'],"('@CHEMICAL_brassinolide', 'Positive_Correlation', '@GENE_G6PD')"
C023623,2232,Positive_Correlation,@CHEMICAL_brassinolide,@GENE_FDXR,{'30708296'},['0.9953'],"('@CHEMICAL_brassinolide', 'Positive_Correlation', '@GENE_FDXR')"
C042216,D001554,Association,@CHEMICAL_beta_phenylcysteine,@CHEMICAL_Benzene,{'30708296'},['0.8187'],"('@CHEMICAL_beta_phenylcysteine', 'Association', '@CHEMICAL_Benzene')"
C031927,D001556,Association,@CHEMICAL_hydroquinone,@CHEMICAL_Hexachlorocyclohexane,{'28922869'},['0.9187'],"('@CHEMICAL_hydroquinone', 'Association', '@CHEMICAL_Hexachlorocyclohexane')"
D007501,D017495,Negative_Correlation,@CHEMICAL_Iron,@DISEASE_Hyperpigmentation,{'17548481'},['0.5527'],"('@CHEMICAL_Iron', 'Negative_Correlation', '@DISEASE_Hyperpigmentation')"
D006025,D008607,Association,@CHEMICAL_Glycosaminoglycans,@DISEASE_Intellectual_Disability,{'11262988'},['0.9006'],"('@CHEMICAL_Glycosaminoglycans', 'Association', '@DISEASE_Intellectual_Disability')"
D004147,360719,Association,@CHEMICAL_Dioxins,@GENE_HGD,{'26923389'},['0.9959'],"('@CHEMICAL_Dioxins', 'Association', '@GENE_HGD')"
D000072317,360719,Association,@CHEMICAL_Polychlorinated_Dibenzodioxins,@GENE_HGD,{'26923389'},['0.9971'],"('@CHEMICAL_Polychlorinated_Dibenzodioxins', 'Association', '@GENE_HGD')"
D000072317,294320,Association,@CHEMICAL_Polychlorinated_Dibenzodioxins,@GENE_GLO1,{'26923389'},['0.987'],"('@CHEMICAL_Polychlorinated_Dibenzodioxins', 'Association', '@GENE_GLO1')"
D000072317,D064420,Positive_Correlation,@CHEMICAL_Polychlorinated_Dibenzodioxins,@DISEASE_Drug_Related_Side_Effects_and_Adverse_Reactions,{'26923389'},['0.9934'],"('@CHEMICAL_Polychlorinated_Dibenzodioxins', 'Positive_Correlation', '@DISEASE_Drug_Related_Side_Effects_and_Adverse_Reactions')"
D004147,294320,Association,@CHEMICAL_Dioxins,@GENE_GLO1,{'26923389'},['0.995'],"('@CHEMICAL_Dioxins', 'Association', '@GENE_GLO1')"
D000072317,29425,Association,@CHEMICAL_Polychlorinated_Dibenzodioxins,@GENE_PSMB5,{'26923389'},['0.9983'],"('@CHEMICAL_Polychlorinated_Dibenzodioxins', 'Association', '@GENE_PSMB5')"
D004147,29666,Association,@CHEMICAL_Dioxins,@GENE_PSMB6,{'26923389'},['0.999'],"('@CHEMICAL_Dioxins', 'Association', '@GENE_PSMB6')"
D006713,C537537,Association,@CHEMICAL_Homogentisic_Acid,@DISEASE_Segawa_syndrome_autosomal_recessive,{'8925087'},['0.5906'],"('@CHEMICAL_Homogentisic_Acid', 'Association', '@DISEASE_Segawa_syndrome_autosomal_recessive')"
C077073,D006713,Positive_Correlation,@CHEMICAL_nitisinone,@CHEMICAL_Homogentisic_Acid,"{'36295829', '31037385', '38487984'}","['0.9936', '0.9988', '0.9926']","('@CHEMICAL_nitisinone', 'Positive_Correlation', '@CHEMICAL_Homogentisic_Acid')"
C077073,D014439,Positive_Correlation,@CHEMICAL_nitisinone,@CHEMICAL_Tyramine,{'31037385'},['0.9994'],"('@CHEMICAL_nitisinone', 'Positive_Correlation', '@CHEMICAL_Tyramine')"
C013082,##p.F336V,Association,@CHEMICAL_alpha_ketoisocaproic_acid,,{'40269832'},"['0.9794', '0.9877']","('@CHEMICAL_alpha_ketoisocaproic_acid', 'Association', None)"
C008176,##p.F336V,Positive_Correlation,@CHEMICAL_isobutylene,,{'40269832'},['0.9375'],"('@CHEMICAL_isobutylene', 'Positive_Correlation', None)"
C013082,,Association,@CHEMICAL_alpha_ketoisocaproic_acid,unknown,{'40269832'},"['0.9916', '0.9955']","('@CHEMICAL_alpha_ketoisocaproic_acid', 'Association', 'unknown')"
C008176,C013082,Association,@CHEMICAL_isobutylene,@CHEMICAL_alpha_ketoisocaproic_acid,{'40269832'},['0.722'],"('@CHEMICAL_isobutylene', 'Association', '@CHEMICAL_alpha_ketoisocaproic_acid')"
D024322,507496,Association,@CHEMICAL_Amino_Acids_Aromatic,@GENE_HGD,{'19816789'},['0.9416'],"('@CHEMICAL_Amino_Acids_Aromatic', 'Association', '@GENE_HGD')"
C000726767,507496,Association,@DISEASE_upper_airway_cough_syndrome,@GENE_HGD,{'19816789'},['0.9997'],"('@DISEASE_upper_airway_cough_syndrome', 'Association', '@GENE_HGD')"
D006713,D024322,Negative_Correlation,@CHEMICAL_Homogentisic_Acid,@CHEMICAL_Amino_Acids_Aromatic,"{'598439', '1185188'}","['0.8106', '0.9957']","('@CHEMICAL_Homogentisic_Acid', 'Negative_Correlation', '@CHEMICAL_Amino_Acids_Aromatic')"
D006713,D010649,Negative_Correlation,@CHEMICAL_Homogentisic_Acid,@CHEMICAL_Phenylalanine,"{'598439', '1185188'}","['0.9989', '0.9992']","('@CHEMICAL_Homogentisic_Acid', 'Negative_Correlation', '@CHEMICAL_Phenylalanine')"
D014364,D014443,Comparison,@CHEMICAL_Tryptophan,@CHEMICAL_Tyrosine,{'598439'},['0.3814'],"('@CHEMICAL_Tryptophan', 'Comparison', '@CHEMICAL_Tyrosine')"
D010649,D014364,Negative_Correlation,@CHEMICAL_Phenylalanine,@CHEMICAL_Tryptophan,"{'598439', '1185188'}","['0.925', '0.9861']","('@CHEMICAL_Phenylalanine', 'Negative_Correlation', '@CHEMICAL_Tryptophan')"
C031606,D024322,Negative_Correlation,@CHEMICAL_phenylpyruvic_acid,@CHEMICAL_Amino_Acids_Aromatic,"{'598439', '1185188'}","['0.9136', '0.993']","('@CHEMICAL_phenylpyruvic_acid', 'Negative_Correlation', '@CHEMICAL_Amino_Acids_Aromatic')"
C001559,D012256,Comparison,@CHEMICAL_7_8_dimethylalloxazine,@CHEMICAL_Riboflavin,{'22953948'},['0.4841'],"('@CHEMICAL_7_8_dimethylalloxazine', 'Comparison', '@CHEMICAL_Riboflavin')"
D019788,D003251,Association,@CHEMICAL_Fluorodeoxyglucose_F18,@DISEASE_Constriction_Pathologic,{'25111173'},['0.598'],"('@CHEMICAL_Fluorodeoxyglucose_F18', 'Association', '@DISEASE_Constriction_Pathologic')"
D019788,D000230,Association,@CHEMICAL_Fluorodeoxyglucose_F18,@DISEASE_Adenocarcinoma,{'25111173'},['0.8377'],"('@CHEMICAL_Fluorodeoxyglucose_F18', 'Association', '@DISEASE_Adenocarcinoma')"
D009361,7157,Association,@DISEASE_Neoplasm_Invasiveness,@GENE_TP53,{'32541631'},['0.999'],"('@DISEASE_Neoplasm_Invasiveness', 'Association', '@GENE_TP53')"
D000077779,7157,Association,@DISEASE_Pancreatic_Intraductal_Neoplasms,@GENE_TP53,{'32541631'},['0.9997'],"('@DISEASE_Pancreatic_Intraductal_Neoplasms', 'Association', '@GENE_TP53')"
D005227,D008055,Association,@CHEMICAL_Fatty_Acids,@CHEMICAL_Lipids,{'36533081'},['0.9958'],"('@CHEMICAL_Fatty_Acids', 'Association', '@CHEMICAL_Lipids')"
C008039,3565680,Positive_Correlation,@CHEMICAL_2_hydroxyisobutyric_acid,@GENE_ACS_2,{'36533081'},['0.9988'],"('@CHEMICAL_2_hydroxyisobutyric_acid', 'Positive_Correlation', '@GENE_ACS_2')"
C008039,D008055,Negative_Correlation,@CHEMICAL_2_hydroxyisobutyric_acid,@CHEMICAL_Lipids,{'36533081'},['0.9982'],"('@CHEMICAL_2_hydroxyisobutyric_acid', 'Negative_Correlation', '@CHEMICAL_Lipids')"
C008039,D009765,Negative_Correlation,@CHEMICAL_2_hydroxyisobutyric_acid,@DISEASE_Obesity,{'36533081'},['0.546'],"('@CHEMICAL_2_hydroxyisobutyric_acid', 'Negative_Correlation', '@DISEASE_Obesity')"
C008039,D005234,Association,@CHEMICAL_2_hydroxyisobutyric_acid,@DISEASE_Fatty_Liver,{'36533081'},['0.7981'],"('@CHEMICAL_2_hydroxyisobutyric_acid', 'Association', '@DISEASE_Fatty_Liver')"
D000544,13380,Negative_Correlation,@DISEASE_Alzheimer_Disease,@GENE_DKK1,{'37667187'},['0.8104'],"('@DISEASE_Alzheimer_Disease', 'Negative_Correlation', '@GENE_DKK1')"
D013311,D003920,Positive_Correlation,@CHEMICAL_Streptozocin,@DISEASE_Diabetes_Mellitus,"{'37667187', '38163558'}","['0.9985', '0.9975']","('@CHEMICAL_Streptozocin', 'Positive_Correlation', '@DISEASE_Diabetes_Mellitus')"
16334,18012,Association,@GENE_INS2,@GENE_NEUROD1,{'37667187'},['0.9988'],"('@GENE_INS2', 'Association', '@GENE_NEUROD1')"
D000077270,D003924,Negative_Correlation,@CHEMICAL_Exenatide,@DISEASE_Diabetes_Mellitus_Type_2,{'37667187'},['0.9961'],"('@CHEMICAL_Exenatide', 'Negative_Correlation', '@DISEASE_Diabetes_Mellitus_Type_2')"
D000077270,C000721848,Negative_Correlation,@CHEMICAL_Exenatide,@DISEASE_hypoglycemic_encephalopathy,{'37667187'},['0.9981'],"('@CHEMICAL_Exenatide', 'Negative_Correlation', '@DISEASE_hypoglycemic_encephalopathy')"
12387,13380,Negative_Correlation,@GENE_CTNNB1,@GENE_DKK1,"{'30343446', '37667187'}","['0.9983', '0.9884']","('@GENE_CTNNB1', 'Negative_Correlation', '@GENE_DKK1')"
D000077270,D003072,Negative_Correlation,@CHEMICAL_Exenatide,@DISEASE_Cognition_Disorders,{'37667187'},['0.9988'],"('@CHEMICAL_Exenatide', 'Negative_Correlation', '@DISEASE_Cognition_Disorders')"
D003072,18012,Association,@DISEASE_Cognition_Disorders,@GENE_NEUROD1,{'37667187'},['0.9885'],"('@DISEASE_Cognition_Disorders', 'Association', '@GENE_NEUROD1')"
D000077270,13380,Association,@CHEMICAL_Exenatide,@GENE_DKK1,{'37667187'},['0.928'],"('@CHEMICAL_Exenatide', 'Association', '@GENE_DKK1')"
D000077270,11651,Positive_Correlation,@CHEMICAL_Exenatide,@GENE_AKT1,{'37667187'},['0.9782'],"('@CHEMICAL_Exenatide', 'Positive_Correlation', '@GENE_AKT1')"
D000077270,12387,Association,@CHEMICAL_Exenatide,@GENE_CTNNB1,{'37667187'},['0.9995'],"('@CHEMICAL_Exenatide', 'Association', '@GENE_CTNNB1')"
D000077270,18012,Association,@CHEMICAL_Exenatide,@GENE_NEUROD1,{'37667187'},['0.9993'],"('@CHEMICAL_Exenatide', 'Association', '@GENE_NEUROD1')"
D003920,13380,Association,@DISEASE_Diabetes_Mellitus,@GENE_DKK1,{'37667187'},['0.6034'],"('@DISEASE_Diabetes_Mellitus', 'Association', '@GENE_DKK1')"
D000077270,56637,Positive_Correlation,@CHEMICAL_Exenatide,@GENE_GSK3B,{'37667187'},['0.9979'],"('@CHEMICAL_Exenatide', 'Positive_Correlation', '@GENE_GSK3B')"
D000077270,D007859,Negative_Correlation,@CHEMICAL_Exenatide,@DISEASE_Learning_Disabilities,{'37667187'},['0.992'],"('@CHEMICAL_Exenatide', 'Negative_Correlation', '@DISEASE_Learning_Disabilities')"
D003924,18012,Association,@DISEASE_Diabetes_Mellitus_Type_2,@GENE_NEUROD1,{'37667187'},['0.8869'],"('@DISEASE_Diabetes_Mellitus_Type_2', 'Association', '@GENE_NEUROD1')"
D000077270,D003920,Negative_Correlation,@CHEMICAL_Exenatide,@DISEASE_Diabetes_Mellitus,{'37667187'},['0.6295'],"('@CHEMICAL_Exenatide', 'Negative_Correlation', '@DISEASE_Diabetes_Mellitus')"
D006713,D015535,Positive_Correlation,@CHEMICAL_Homogentisic_Acid,@DISEASE_Arthritis_Psoriatic,{'1943688'},['0.9992'],"('@CHEMICAL_Homogentisic_Acid', 'Positive_Correlation', '@DISEASE_Arthritis_Psoriatic')"
D000468,D006713,Association,@CHEMICAL_Alkalies,@CHEMICAL_Homogentisic_Acid,"{'27074788', '1943688'}","['0.9736', '0.6936']","('@CHEMICAL_Alkalies', 'Association', '@CHEMICAL_Homogentisic_Acid')"
D012431,1421,Negative_Correlation,@CHEMICAL_Rutin,@GENE_CRYGD,"{'32469293', '31003047'}","['0.9215', '0.9992']","('@CHEMICAL_Rutin', 'Negative_Correlation', '@GENE_CRYGD')"
D005419,1421,Negative_Correlation,@CHEMICAL_Flavonoids,@GENE_CRYGD,"{'31758928', '32469293'}","['0.998', '0.9975']","('@CHEMICAL_Flavonoids', 'Negative_Correlation', '@GENE_CRYGD')"
C008548,D014693,Negative_Correlation,@CHEMICAL_morin,@DISEASE_Ventricular_Fibrillation,{'32469293'},['0.9987'],"('@CHEMICAL_morin', 'Negative_Correlation', '@DISEASE_Ventricular_Fibrillation')"
D014364,3081,Association,@CHEMICAL_Tryptophan,@GENE_HGD,"{'32151988', '32469293'}","['0.9956', '0.8672']","('@CHEMICAL_Tryptophan', 'Association', '@GENE_HGD')"
C008548,1421,Negative_Correlation,@CHEMICAL_morin,@GENE_CRYGD,{'32469293'},['0.9992'],"('@CHEMICAL_morin', 'Negative_Correlation', '@GENE_CRYGD')"
C013015,1421,Negative_Correlation,@CHEMICAL_hesperetin,@GENE_CRYGD,"{'31758928', '32469293'}","['0.7165', '0.9979']","('@CHEMICAL_hesperetin', 'Negative_Correlation', '@GENE_CRYGD')"
D019379,D010024,Negative_Correlation,@CHEMICAL_Teriparatide,@DISEASE_Osteoporosis,{'36583204'},['0.998'],"('@CHEMICAL_Teriparatide', 'Negative_Correlation', '@DISEASE_Osteoporosis')"
D000077211,D000474,Negative_Correlation,@CHEMICAL_Zoledronic_Acid,@DISEASE_Alkaptonuria,{'36583204'},['0.9917'],"('@CHEMICAL_Zoledronic_Acid', 'Negative_Correlation', '@DISEASE_Alkaptonuria')"
D000077211,D005600,Negative_Correlation,@CHEMICAL_Zoledronic_Acid,@DISEASE_Fragile_X_Syndrome,{'36583204'},['0.9989'],"('@CHEMICAL_Zoledronic_Acid', 'Negative_Correlation', '@DISEASE_Fragile_X_Syndrome')"
D019379,D005600,Negative_Correlation,@CHEMICAL_Teriparatide,@DISEASE_Fragile_X_Syndrome,{'36583204'},['0.9984'],"('@CHEMICAL_Teriparatide', 'Negative_Correlation', '@DISEASE_Fragile_X_Syndrome')"
D000077211,D010024,Negative_Correlation,@CHEMICAL_Zoledronic_Acid,@DISEASE_Osteoporosis,{'36583204'},['0.9985'],"('@CHEMICAL_Zoledronic_Acid', 'Negative_Correlation', '@DISEASE_Osteoporosis')"
D000077211,D019379,Comparison,@CHEMICAL_Zoledronic_Acid,@CHEMICAL_Teriparatide,{'36583204'},['0.5311'],"('@CHEMICAL_Zoledronic_Acid', 'Comparison', '@CHEMICAL_Teriparatide')"
C072269,D015792,Negative_Correlation,@CHEMICAL_temoporfin,@DISEASE_Retinal_Dysplasia,{'11471391'},['0.8333'],"('@CHEMICAL_temoporfin', 'Negative_Correlation', '@DISEASE_Retinal_Dysplasia')"
C072269,D001471,Negative_Correlation,@CHEMICAL_temoporfin,@DISEASE_Barrett_Esophagus,{'11471391'},['0.9643'],"('@CHEMICAL_temoporfin', 'Negative_Correlation', '@DISEASE_Barrett_Esophagus')"
C072269,D009369,Negative_Correlation,@CHEMICAL_temoporfin,@DISEASE_Neoplasms,{'11471391'},['0.9921'],"('@CHEMICAL_temoporfin', 'Negative_Correlation', '@DISEASE_Neoplasms')"
D015792,8856,Association,@DISEASE_Retinal_Dysplasia,@GENE_NR1I2,{'21323950'},['0.9995'],"('@DISEASE_Retinal_Dysplasia', 'Association', '@GENE_NR1I2')"
D015792,9971,Association,@DISEASE_Retinal_Dysplasia,@GENE_NR1H4,{'21323950'},['0.9811'],"('@DISEASE_Retinal_Dysplasia', 'Association', '@GENE_NR1H4')"
D000230,9971,Association,@DISEASE_Adenocarcinoma,@GENE_NR1H4,{'21323950'},['0.977'],"('@DISEASE_Adenocarcinoma', 'Association', '@GENE_NR1H4')"
D001471,8856,Association,@DISEASE_Barrett_Esophagus,@GENE_NR1I2,{'21323950'},['0.9996'],"('@DISEASE_Barrett_Esophagus', 'Association', '@GENE_NR1I2')"
D008228,8856,Association,@DISEASE_Lymphoma_Non_Hodgkin,@GENE_NR1I2,{'21323950'},['0.9957'],"('@DISEASE_Lymphoma_Non_Hodgkin', 'Association', '@GENE_NR1I2')"
D001471,9971,Association,@DISEASE_Barrett_Esophagus,@GENE_NR1H4,{'21323950'},['0.9996'],"('@DISEASE_Barrett_Esophagus', 'Association', '@GENE_NR1H4')"
D000230,8856,Association,@DISEASE_Adenocarcinoma,@GENE_NR1I2,{'21323950'},['0.9551'],"('@DISEASE_Adenocarcinoma', 'Association', '@GENE_NR1I2')"
D002357,8200,Association,@DISEASE_Cartilage_Diseases,@GENE_GDF5,{'25978274'},['0.9996'],"('@DISEASE_Cartilage_Diseases', 'Association', '@GENE_GDF5')"
D004164,D001847,Negative_Correlation,@CHEMICAL_Diphosphonates,@DISEASE_Bone_Diseases,{'25978274'},['0.9963'],"('@CHEMICAL_Diphosphonates', 'Negative_Correlation', '@DISEASE_Bone_Diseases')"
D001847,50964,Association,@DISEASE_Bone_Diseases,@GENE_SOST,{'25978274'},['0.9971'],"('@DISEASE_Bone_Diseases', 'Association', '@GENE_SOST')"
D001847,1513,Association,@DISEASE_Bone_Diseases,@GENE_CTSK,{'25978274'},['0.9994'],"('@DISEASE_Bone_Diseases', 'Association', '@GENE_CTSK')"
D010003,8200,Association,@DISEASE_Osteoarthritis,@GENE_GDF5,{'25978274'},['0.9995'],"('@DISEASE_Osteoarthritis', 'Association', '@GENE_GDF5')"
D002357,10216,Association,@DISEASE_Cartilage_Diseases,@GENE_PRG4,{'25978274'},['0.9996'],"('@DISEASE_Cartilage_Diseases', 'Association', '@GENE_PRG4')"
D010003,10216,Association,@DISEASE_Osteoarthritis,@GENE_PRG4,{'25978274'},['0.9994'],"('@DISEASE_Osteoarthritis', 'Association', '@GENE_PRG4')"
D009574,D013274,Positive_Correlation,@CHEMICAL_Nitro_Compounds,@DISEASE_Stomach_Neoplasms,{'15202673'},['0.9981'],"('@CHEMICAL_Nitro_Compounds', 'Positive_Correlation', '@DISEASE_Stomach_Neoplasms')"
C016635,C105171,Association,@CHEMICAL_acetoacetic_acid,@CHEMICAL_fumarylacetoacetate,"{'29785518', '23743712', '3767351'}","['0.3183', '0.4674', '0.9917']","('@CHEMICAL_acetoacetic_acid', 'Association', '@CHEMICAL_fumarylacetoacetate')"
C105171,D005650,Association,@CHEMICAL_fumarylacetoacetate,@CHEMICAL_Fumarates,"{'29785518', '23743712', '3767351'}","['0.73', '0.6312', '0.9803']","('@CHEMICAL_fumarylacetoacetate', 'Association', '@CHEMICAL_Fumarates')"
D019793,D008228,Negative_Correlation,@CHEMICAL_Fluorescein,@DISEASE_Lymphoma_Non_Hodgkin,{'32894932'},['0.9905'],"('@CHEMICAL_Fluorescein', 'Negative_Correlation', '@DISEASE_Lymphoma_Non_Hodgkin')"
D019793,D015179,Negative_Correlation,@CHEMICAL_Fluorescein,@DISEASE_Colorectal_Neoplasms,{'32894932'},['0.9914'],"('@CHEMICAL_Fluorescein', 'Negative_Correlation', '@DISEASE_Colorectal_Neoplasms')"
C077073,D055009,Negative_Correlation,@CHEMICAL_nitisinone,@DISEASE_Spondylosis,{'36270742'},['0.9991'],"('@CHEMICAL_nitisinone', 'Negative_Correlation', '@DISEASE_Spondylosis')"
C077073,D013122,Negative_Correlation,@CHEMICAL_nitisinone,@DISEASE_Spinal_Diseases,{'36270742'},['0.5951'],"('@CHEMICAL_nitisinone', 'Negative_Correlation', '@DISEASE_Spinal_Diseases')"
D019343,3081,Negative_Correlation,@CHEMICAL_Citric_Acid,@GENE_HGD,{'32151988'},['0.999'],"('@CHEMICAL_Citric_Acid', 'Negative_Correlation', '@GENE_HGD')"
D019343,C000718787,Negative_Correlation,@CHEMICAL_Citric_Acid,@DISEASE_AA_amyloidosis,{'32151988'},['0.9937'],"('@CHEMICAL_Citric_Acid', 'Negative_Correlation', '@DISEASE_AA_amyloidosis')"
D019343,D014693,Negative_Correlation,@CHEMICAL_Citric_Acid,@DISEASE_Ventricular_Fibrillation,{'32151988'},['0.9992'],"('@CHEMICAL_Citric_Acid', 'Negative_Correlation', '@DISEASE_Ventricular_Fibrillation')"
D014693,1421,Association,@DISEASE_Ventricular_Fibrillation,@GENE_CRYGD,{'32151988'},['0.9968'],"('@DISEASE_Ventricular_Fibrillation', 'Association', '@GENE_CRYGD')"
D019343,1421,Negative_Correlation,@CHEMICAL_Citric_Acid,@GENE_CRYGD,{'32151988'},['0.997'],"('@CHEMICAL_Citric_Acid', 'Negative_Correlation', '@GENE_CRYGD')"
C012466,827991,Negative_Correlation,@CHEMICAL_oxadiazon,@GENE_PPOX,{'32034864'},['0.9984'],"('@CHEMICAL_oxadiazon', 'Negative_Correlation', '@GENE_PPOX')"
C050421,827991,Negative_Correlation,@CHEMICAL_bifenox,@GENE_PPOX,{'32034864'},['0.9985'],"('@CHEMICAL_bifenox', 'Negative_Correlation', '@GENE_PPOX')"
C100185,827061,Association,@CHEMICAL_(all_E)_phytoene,@GENE_PDS3,{'32034864'},['0.8099'],"('@CHEMICAL_(all_E)_phytoene', 'Association', '@GENE_PDS3')"
C106872,D009336,Positive_Correlation,@CHEMICAL_aclonifen,@DISEASE_Necrosis,{'32034864'},['0.9971'],"('@CHEMICAL_aclonifen', 'Positive_Correlation', '@DISEASE_Necrosis')"
C100185,C106872,Positive_Correlation,@CHEMICAL_(all_E)_phytoene,@CHEMICAL_aclonifen,{'32034864'},['0.9783'],"('@CHEMICAL_(all_E)_phytoene', 'Positive_Correlation', '@CHEMICAL_aclonifen')"
C018425,D009336,Positive_Correlation,@CHEMICAL_acifluorfen,@DISEASE_Necrosis,{'32034864'},['0.5507'],"('@CHEMICAL_acifluorfen', 'Positive_Correlation', '@DISEASE_Necrosis')"
C008677,827061,Negative_Correlation,@CHEMICAL_norflurazone,@GENE_PDS3,{'32034864'},['0.999'],"('@CHEMICAL_norflurazone', 'Negative_Correlation', '@GENE_PDS3')"
C106872,D002338,Association,@CHEMICAL_aclonifen,@CHEMICAL_Carotenoids,{'32034864'},['0.6813'],"('@CHEMICAL_aclonifen', 'Association', '@CHEMICAL_Carotenoids')"
C018425,827991,Negative_Correlation,@CHEMICAL_acifluorfen,@GENE_PPOX,{'32034864'},['0.9985'],"('@CHEMICAL_acifluorfen', 'Negative_Correlation', '@GENE_PPOX')"
C531762,6287,Positive_Correlation,@DISEASE_Alkaptonuric_ochronosis,@GENE_SAA@,{'29852277'},['0.5094'],"('@DISEASE_Alkaptonuric_ochronosis', 'Positive_Correlation', '@GENE_SAA@')"
rs747887427##,C536652,Positive_Correlation,@VARIANT_c.583delC_DCXR_human,@DISEASE_Pentosuria,{'22042873'},['0.9959'],"('@VARIANT_c.583delC_DCXR_human', 'Positive_Correlation', '@DISEASE_Pentosuria')"
C536652,51181,Association,@DISEASE_Pentosuria,@GENE_DCXR,{'22042873'},"['0.9988', '0.9959']","('@DISEASE_Pentosuria', 'Association', '@GENE_DCXR')"
"#51181#c.52,+1G>A",C536652,Positive_Correlation,,@DISEASE_Pentosuria,{'22042873'},['0.9936'],"(None, 'Positive_Correlation', '@DISEASE_Pentosuria')"
D006713,D002286,Negative_Correlation,@CHEMICAL_Homogentisic_Acid,@DISEASE_Carcinoma_Ehrlich_Tumor,{'1647170'},['0.9568'],"('@CHEMICAL_Homogentisic_Acid', 'Negative_Correlation', '@DISEASE_Carcinoma_Ehrlich_Tumor')"
D002286,847,Association,@DISEASE_Carcinoma_Ehrlich_Tumor,@GENE_CAT,{'1647170'},['0.496'],"('@DISEASE_Carcinoma_Ehrlich_Tumor', 'Association', '@GENE_CAT')"
C529546,D024505,Positive_Correlation,@CHEMICAL_phytyl_diphosphate,@CHEMICAL_Tocopherols,"{'12011362', '37429412'}","['0.5271', '0.8393']","('@CHEMICAL_phytyl_diphosphate', 'Positive_Correlation', '@CHEMICAL_Tocopherols')"
C529546,D014810,Association,@CHEMICAL_phytyl_diphosphate,@CHEMICAL_Vitamin_E,{'37429412'},['0.9741'],"('@CHEMICAL_phytyl_diphosphate', 'Association', '@CHEMICAL_Vitamin_E')"
D011241,D029424,Negative_Correlation,@CHEMICAL_Prednisone,@DISEASE_Pulmonary_Disease_Chronic_Obstructive,{'8756814'},['0.9988'],"('@CHEMICAL_Prednisone', 'Negative_Correlation', '@DISEASE_Pulmonary_Disease_Chronic_Obstructive')"
D011241,D004417,Association,@CHEMICAL_Prednisone,@DISEASE_Dyspnea,{'8756814'},['0.9625'],"('@CHEMICAL_Prednisone', 'Association', '@DISEASE_Dyspnea')"
D010100,D011241,Negative_Correlation,@CHEMICAL_Oxygen,@CHEMICAL_Prednisone,{'8756814'},['0.9108'],"('@CHEMICAL_Oxygen', 'Negative_Correlation', '@CHEMICAL_Prednisone')"
C032159,D006713,Association,@CHEMICAL_acetonitrile,@CHEMICAL_Homogentisic_Acid,{'23384055'},['0.5115'],"('@CHEMICAL_acetonitrile', 'Association', '@CHEMICAL_Homogentisic_Acid')"
D018698,3620,Association,@CHEMICAL_Glutamic_Acid,@GENE_IDO1,{'23537889'},['0.9985'],"('@CHEMICAL_Glutamic_Acid', 'Association', '@GENE_IDO1')"
D012701,3620,Association,@CHEMICAL_Serotonin,@GENE_IDO1,{'23537889'},['0.9993'],"('@CHEMICAL_Serotonin', 'Association', '@GENE_IDO1')"
D000163,3620,Positive_Correlation,@DISEASE_Acquired_Immunodeficiency_Syndrome,@GENE_IDO1,{'23537889'},['0.8701'],"('@DISEASE_Acquired_Immunodeficiency_Syndrome', 'Positive_Correlation', '@GENE_IDO1')"
D020274,3620,Positive_Correlation,@DISEASE_Autoimmune_Diseases_of_the_Nervous_System,@GENE_IDO1,{'23537889'},['0.9944'],"('@DISEASE_Autoimmune_Diseases_of_the_Nervous_System', 'Positive_Correlation', '@GENE_IDO1')"
C000631768,3620,Association,@DISEASE_Pediatric_acute_onset_neuropsychiatric_syndrome,@GENE_IDO1,{'23537889'},['0.9954'],"('@DISEASE_Pediatric_acute_onset_neuropsychiatric_syndrome', 'Association', '@GENE_IDO1')"
D004298,3620,Association,@CHEMICAL_Dopamine,@GENE_IDO1,{'23537889'},['0.999'],"('@CHEMICAL_Dopamine', 'Association', '@GENE_IDO1')"
D008550,3620,Association,@CHEMICAL_Melatonin,@GENE_IDO1,{'23537889'},['0.9996'],"('@CHEMICAL_Melatonin', 'Association', '@GENE_IDO1')"
D015658,3620,Association,@DISEASE_HIV_Infections,@GENE_IDO1,{'23537889'},['0.9994'],"('@DISEASE_HIV_Infections', 'Association', '@GENE_IDO1')"
D007737,3620,Association,@CHEMICAL_Kynurenine,@GENE_IDO1,{'23537889'},['0.9993'],"('@CHEMICAL_Kynurenine', 'Association', '@GENE_IDO1')"
D020914,4534,Association,@DISEASE_Myopathies_Structural_Congenital,@GENE_MTM1,{'38086156'},['0.9981'],"('@DISEASE_Myopathies_Structural_Congenital', 'Association', '@GENE_MTM1')"
D009369,3497,Association,@DISEASE_Neoplasms,@GENE_IGHE,{'37491373'},['0.9903'],"('@DISEASE_Neoplasms', 'Association', '@GENE_IGHE')"
D009369,2348,Association,@DISEASE_Neoplasms,@GENE_FOLR1,{'37491373'},['0.9635'],"('@DISEASE_Neoplasms', 'Association', '@GENE_FOLR1')"
D014581,3497,Association,@DISEASE_Urticaria,@GENE_IGHE,{'37491373'},['0.8209'],"('@DISEASE_Urticaria', 'Association', '@GENE_IGHE')"
D015792,1373,Association,@DISEASE_Retinal_Dysplasia,@GENE_CPS1,{'24044037'},['0.9989'],"('@DISEASE_Retinal_Dysplasia', 'Association', '@GENE_CPS1')"
D063646,1373,Association,@DISEASE_Carcinogenesis,@GENE_CPS1,{'24044037'},['0.9997'],"('@DISEASE_Carcinogenesis', 'Association', '@GENE_CPS1')"
D002245,D013274,Positive_Correlation,@CHEMICAL_Carbon_Dioxide,@DISEASE_Stomach_Neoplasms,{'26135648'},['0.9992'],"('@CHEMICAL_Carbon_Dioxide', 'Positive_Correlation', '@DISEASE_Stomach_Neoplasms')"
D002245,D009369,Negative_Correlation,@CHEMICAL_Carbon_Dioxide,@DISEASE_Neoplasms,"{'25826275', '26135648'}","['0.9977', '0.9988']","('@CHEMICAL_Carbon_Dioxide', 'Negative_Correlation', '@DISEASE_Neoplasms')"
D002245,D013272,Positive_Correlation,@CHEMICAL_Carbon_Dioxide,@DISEASE_Stomach_Diseases,{'26135648'},['0.9991'],"('@CHEMICAL_Carbon_Dioxide', 'Positive_Correlation', '@DISEASE_Stomach_Diseases')"
D002245,D001471,Negative_Correlation,@CHEMICAL_Carbon_Dioxide,@DISEASE_Barrett_Esophagus,"{'25826275', '26135648'}","['0.9989', '0.9989']","('@CHEMICAL_Carbon_Dioxide', 'Negative_Correlation', '@DISEASE_Barrett_Esophagus')"
D006713,D052256,Positive_Correlation,@CHEMICAL_Homogentisic_Acid,@DISEASE_Tendinopathy,"{'16901704', '30451653'}","['0.9981', '0.9845']","('@CHEMICAL_Homogentisic_Acid', 'Positive_Correlation', '@DISEASE_Tendinopathy')"
D002784,D006713,Negative_Correlation,@CHEMICAL_Cholesterol,@CHEMICAL_Homogentisic_Acid,{'24373924'},['0.999'],"('@CHEMICAL_Cholesterol', 'Negative_Correlation', '@CHEMICAL_Homogentisic_Acid')"
D006713,D014527,Negative_Correlation,@CHEMICAL_Homogentisic_Acid,@CHEMICAL_Uric_Acid,{'24373924'},['0.9989'],"('@CHEMICAL_Homogentisic_Acid', 'Negative_Correlation', '@CHEMICAL_Uric_Acid')"
D000163,22943,Association,@DISEASE_Acquired_Immunodeficiency_Syndrome,@GENE_DKK1,{'30343446'},['0.5827'],"('@DISEASE_Acquired_Immunodeficiency_Syndrome', 'Association', '@GENE_DKK1')"
D001847,8600,Positive_Correlation,@DISEASE_Bone_Diseases,@GENE_TNFSF11,{'30343446'},['0.7685'],"('@DISEASE_Bone_Diseases', 'Positive_Correlation', '@GENE_TNFSF11')"
D006467,22943,Association,@DISEASE_Hemophilia_A,@GENE_DKK1,{'30343446'},['0.9992'],"('@DISEASE_Hemophilia_A', 'Association', '@GENE_DKK1')"
C535979,8600,Association,@DISEASE_Congenital_adrenal_hyperplasia_due_to_21_hydroxylase_deficiency,@GENE_TNFSF11,{'30343446'},['0.9052'],"('@DISEASE_Congenital_adrenal_hyperplasia_due_to_21_hydroxylase_deficiency', 'Association', '@GENE_TNFSF11')"
D000474,8600,Association,@DISEASE_Alkaptonuria,@GENE_TNFSF11,{'30343446'},['0.9996'],"('@DISEASE_Alkaptonuria', 'Association', '@GENE_TNFSF11')"
D006467,4982,Association,@DISEASE_Hemophilia_A,@GENE_TNFRSF11B,{'30343446'},['0.7936'],"('@DISEASE_Hemophilia_A', 'Association', '@GENE_TNFRSF11B')"
D000069448,D001847,Negative_Correlation,@CHEMICAL_Denosumab,@DISEASE_Bone_Diseases,{'30343446'},['0.9981'],"('@CHEMICAL_Denosumab', 'Negative_Correlation', '@DISEASE_Bone_Diseases')"
D001847,50964,Positive_Correlation,@DISEASE_Bone_Diseases,@GENE_SOST,{'30343446'},['0.9684'],"('@DISEASE_Bone_Diseases', 'Positive_Correlation', '@GENE_SOST')"
D000474,22943,Association,@DISEASE_Alkaptonuria,@GENE_DKK1,{'30343446'},['0.999'],"('@DISEASE_Alkaptonuria', 'Association', '@GENE_DKK1')"
D011218,22943,Association,@DISEASE_Prader_Willi_Syndrome,@GENE_DKK1,{'30343446'},['0.7489'],"('@DISEASE_Prader_Willi_Syndrome', 'Association', '@GENE_DKK1')"
D014808,8600,Association,@DISEASE_Vitamin_D_Deficiency,@GENE_TNFSF11,{'30343446'},['0.7981'],"('@DISEASE_Vitamin_D_Deficiency', 'Association', '@GENE_TNFSF11')"
D000474,50964,Association,@DISEASE_Alkaptonuria,@GENE_SOST,{'30343446'},['0.9899'],"('@DISEASE_Alkaptonuria', 'Association', '@GENE_SOST')"
D000163,8600,Association,@DISEASE_Acquired_Immunodeficiency_Syndrome,@GENE_TNFSF11,{'30343446'},['0.9847'],"('@DISEASE_Acquired_Immunodeficiency_Syndrome', 'Association', '@GENE_TNFSF11')"
D003922,50964,Association,@DISEASE_Diabetes_Mellitus_Type_1,@GENE_SOST,{'30343446'},['0.9833'],"('@DISEASE_Diabetes_Mellitus_Type_1', 'Association', '@GENE_SOST')"
D010013,50964,Association,@DISEASE_Osteogenesis_Imperfecta,@GENE_SOST,{'30343446'},['0.9207'],"('@DISEASE_Osteogenesis_Imperfecta', 'Association', '@GENE_SOST')"
D010013,22943,Association,@DISEASE_Osteogenesis_Imperfecta,@GENE_DKK1,{'30343446'},['0.9986'],"('@DISEASE_Osteogenesis_Imperfecta', 'Association', '@GENE_DKK1')"
D006467,8600,Association,@DISEASE_Hemophilia_A,@GENE_TNFSF11,{'30343446'},['0.9996'],"('@DISEASE_Hemophilia_A', 'Association', '@GENE_TNFSF11')"
D006467,50964,Association,@DISEASE_Hemophilia_A,@GENE_SOST,{'30343446'},['0.9977'],"('@DISEASE_Hemophilia_A', 'Association', '@GENE_SOST')"
D000069448,D011218,Negative_Correlation,@CHEMICAL_Denosumab,@DISEASE_Prader_Willi_Syndrome,{'30343446'},['0.6725'],"('@CHEMICAL_Denosumab', 'Negative_Correlation', '@DISEASE_Prader_Willi_Syndrome')"
D010013,8600,Association,@DISEASE_Osteogenesis_Imperfecta,@GENE_TNFSF11,{'30343446'},['0.9995'],"('@DISEASE_Osteogenesis_Imperfecta', 'Association', '@GENE_TNFSF11')"
1499,50964,Negative_Correlation,@GENE_CTNNB1,@GENE_SOST,{'30343446'},['0.9373'],"('@GENE_CTNNB1', 'Negative_Correlation', '@GENE_SOST')"
D003922,22943,Association,@DISEASE_Diabetes_Mellitus_Type_1,@GENE_DKK1,{'30343446'},['0.999'],"('@DISEASE_Diabetes_Mellitus_Type_1', 'Association', '@GENE_DKK1')"
D003922,8600,Association,@DISEASE_Diabetes_Mellitus_Type_1,@GENE_TNFSF11,{'30343446'},['0.9996'],"('@DISEASE_Diabetes_Mellitus_Type_1', 'Association', '@GENE_TNFSF11')"
D009889,3417,Negative_Correlation,@DISEASE_Opisthorchiasis,@GENE_IDH1,{'26320466'},['0.9719'],"('@DISEASE_Opisthorchiasis', 'Negative_Correlation', '@GENE_IDH1')"
D018281,3418,Negative_Correlation,@DISEASE_Cholangiocarcinoma,@GENE_IDH2,{'26320466'},['0.8572'],"('@DISEASE_Cholangiocarcinoma', 'Negative_Correlation', '@GENE_IDH2')"
D009889,3081,Negative_Correlation,@DISEASE_Opisthorchiasis,@GENE_HGD,{'26320466'},['0.9802'],"('@DISEASE_Opisthorchiasis', 'Negative_Correlation', '@GENE_HGD')"
D018281,3417,Negative_Correlation,@DISEASE_Cholangiocarcinoma,@GENE_IDH1,{'26320466'},['0.926'],"('@DISEASE_Cholangiocarcinoma', 'Negative_Correlation', '@GENE_IDH1')"
D018281,3081,Negative_Correlation,@DISEASE_Cholangiocarcinoma,@GENE_HGD,{'26320466'},['0.8414'],"('@DISEASE_Cholangiocarcinoma', 'Negative_Correlation', '@GENE_HGD')"
D009889,3418,Negative_Correlation,@DISEASE_Opisthorchiasis,@GENE_IDH2,{'26320466'},['0.9688'],"('@DISEASE_Opisthorchiasis', 'Negative_Correlation', '@GENE_IDH2')"
D006528,1571,Association,@DISEASE_Carcinoma_Hepatocellular,@GENE_CYP2E1,{'37175922'},['0.9992'],"('@DISEASE_Carcinoma_Hepatocellular', 'Association', '@GENE_CYP2E1')"
D006528,126,Association,@DISEASE_Carcinoma_Hepatocellular,@GENE_ADH1C,{'37175922'},['0.9991'],"('@DISEASE_Carcinoma_Hepatocellular', 'Association', '@GENE_ADH1C')"
D017093,124,Association,@DISEASE_Liver_Failure,@GENE_ADH1A,{'37175922'},['0.5101'],"('@DISEASE_Liver_Failure', 'Association', '@GENE_ADH1A')"
D006528,1558,Association,@DISEASE_Carcinoma_Hepatocellular,@GENE_CYP2C8,{'37175922'},['0.9991'],"('@DISEASE_Carcinoma_Hepatocellular', 'Association', '@GENE_CYP2C8')"
D006528,124,Association,@DISEASE_Carcinoma_Hepatocellular,@GENE_ADH1A,{'37175922'},['0.9991'],"('@DISEASE_Carcinoma_Hepatocellular', 'Association', '@GENE_ADH1A')"
D003553,D008661,Association,@CHEMICAL_Cystine,@DISEASE_Metabolism_Inborn_Errors,{'22886809'},['0.643'],"('@CHEMICAL_Cystine', 'Association', '@DISEASE_Metabolism_Inborn_Errors')"
D002248,D020058,Association,@CHEMICAL_Carbon_Monoxide,@CHEMICAL_Styrene,{'8919815'},['0.8436'],"('@CHEMICAL_Carbon_Monoxide', 'Association', '@CHEMICAL_Styrene')"
D012643,D007249,Negative_Correlation,@CHEMICAL_Selenium,@DISEASE_Inflammation,{'32395409'},['0.999'],"('@CHEMICAL_Selenium', 'Negative_Correlation', '@DISEASE_Inflammation')"
D012643,D000474,Association,@CHEMICAL_Selenium,@DISEASE_Alkaptonuria,{'32395409'},['0.4627'],"('@CHEMICAL_Selenium', 'Association', '@DISEASE_Alkaptonuria')"
C536044,3242,Association,@DISEASE_Osteogenesis_imperfecta_type_3,@GENE_HPD,{'31722428'},['0.998'],"('@DISEASE_Osteogenesis_imperfecta_type_3', 'Association', '@GENE_HPD')"
D014280,D003111,Positive_Correlation,@CHEMICAL_Triglycerides,@DISEASE_Colonic_Polyps,{'31752704'},['0.999'],"('@CHEMICAL_Triglycerides', 'Positive_Correlation', '@DISEASE_Colonic_Polyps')"
D007248,101804585,Association,@DISEASE_Infertility_Male,@GENE_GTSF1,{'36386800'},['0.9904'],"('@DISEASE_Infertility_Male', 'Association', '@GENE_GTSF1')"
D007248,101800445,Association,@DISEASE_Infertility_Male,@GENE_HGD,{'36386800'},['0.9983'],"('@DISEASE_Infertility_Male', 'Association', '@GENE_HGD')"
D007247,101791389,Association,@DISEASE_Infertility_Female,@GENE_TEX14,{'36386800'},['0.9994'],"('@DISEASE_Infertility_Female', 'Association', '@GENE_TEX14')"
D007248,101798554,Association,@DISEASE_Infertility_Male,@GENE_NALCN,{'36386800'},['0.998'],"('@DISEASE_Infertility_Male', 'Association', '@GENE_NALCN')"
D007248,101791774,Association,@DISEASE_Infertility_Male,@GENE_ALDH4A1,{'36386800'},['0.9869'],"('@DISEASE_Infertility_Male', 'Association', '@GENE_ALDH4A1')"
D007248,101789874,Association,@DISEASE_Infertility_Male,@GENE_TAT,{'36386800'},['0.9984'],"('@DISEASE_Infertility_Male', 'Association', '@GENE_TAT')"
D007247,101804382,Association,@DISEASE_Infertility_Female,@GENE_PLCD4,{'36386800'},['0.9996'],"('@DISEASE_Infertility_Female', 'Association', '@GENE_PLCD4')"
D007248,101791743,Association,@DISEASE_Infertility_Male,@GENE_STRA8,{'36386800'},['0.9528'],"('@DISEASE_Infertility_Male', 'Association', '@GENE_STRA8')"
D007247,101798510,Association,@DISEASE_Infertility_Female,@GENE_TERB1,{'36386800'},['0.9996'],"('@DISEASE_Infertility_Female', 'Association', '@GENE_TERB1')"
D007248,101789392,Association,@DISEASE_Infertility_Male,@GENE_TSGA10,{'36386800'},['0.5643'],"('@DISEASE_Infertility_Male', 'Association', '@GENE_TSGA10')"
D007247,106014259,Association,@DISEASE_Infertility_Female,@GENE_LOC106014259,{'36386800'},['0.9994'],"('@DISEASE_Infertility_Female', 'Association', '@GENE_LOC106014259')"
D007247,101789392,Association,@DISEASE_Infertility_Female,@GENE_TSGA10,{'36386800'},['0.9994'],"('@DISEASE_Infertility_Female', 'Association', '@GENE_TSGA10')"
D007247,101791743,Association,@DISEASE_Infertility_Female,@GENE_STRA8,{'36386800'},['0.9995'],"('@DISEASE_Infertility_Female', 'Association', '@GENE_STRA8')"
D007247,101800871,Association,@DISEASE_Infertility_Female,@GENE_DMC1,{'36386800'},['0.9995'],"('@DISEASE_Infertility_Female', 'Association', '@GENE_DMC1')"
D007248,101798510,Association,@DISEASE_Infertility_Male,@GENE_TERB1,{'36386800'},['0.9979'],"('@DISEASE_Infertility_Male', 'Association', '@GENE_TERB1')"
D007248,101802315,Association,@DISEASE_Infertility_Male,@GENE_SLC26A8,{'36386800'},['0.9844'],"('@DISEASE_Infertility_Male', 'Association', '@GENE_SLC26A8')"
D007248,101804382,Association,@DISEASE_Infertility_Male,@GENE_PLCD4,{'36386800'},['0.9963'],"('@DISEASE_Infertility_Male', 'Association', '@GENE_PLCD4')"
D007248,101796606,Association,@DISEASE_Infertility_Male,@GENE_KMO,{'36386800'},['0.9977'],"('@DISEASE_Infertility_Male', 'Association', '@GENE_KMO')"
D007248,106014259,Association,@DISEASE_Infertility_Male,@GENE_LOC106014259,{'36386800'},['0.9203'],"('@DISEASE_Infertility_Male', 'Association', '@GENE_LOC106014259')"
D004043,D004620,Association,@CHEMICAL_Dietary_Fiber,@DISEASE_Embolism_Fat,{'39498441'},['0.6531'],"('@CHEMICAL_Dietary_Fiber', 'Association', '@DISEASE_Embolism_Fat')"
D005947,D004620,Positive_Correlation,@CHEMICAL_Glucose,@DISEASE_Embolism_Fat,{'39498441'},['0.9978'],"('@CHEMICAL_Glucose', 'Positive_Correlation', '@DISEASE_Embolism_Fat')"
D014280,31,Association,@CHEMICAL_Triglycerides,@GENE_ACACA,{'39498441'},['0.9957'],"('@CHEMICAL_Triglycerides', 'Association', '@GENE_ACACA')"
D001241,D006713,Positive_Correlation,@CHEMICAL_Aspirin,@CHEMICAL_Homogentisic_Acid,{'656556'},['0.9974'],"('@CHEMICAL_Aspirin', 'Positive_Correlation', '@CHEMICAL_Homogentisic_Acid')"
D012459,3081,Negative_Correlation,@CHEMICAL_Salicylates,@GENE_HGD,{'656556'},['0.9684'],"('@CHEMICAL_Salicylates', 'Negative_Correlation', '@GENE_HGD')"
D006713,D012459,Positive_Correlation,@CHEMICAL_Homogentisic_Acid,@CHEMICAL_Salicylates,{'656556'},['0.8284'],"('@CHEMICAL_Homogentisic_Acid', 'Positive_Correlation', '@CHEMICAL_Salicylates')"
C037036,C112458,Association,@CHEMICAL_cannabigerol,@CHEMICAL_olivetolic_acid,{'38219483'},['0.9528'],"('@CHEMICAL_cannabigerol', 'Association', '@CHEMICAL_olivetolic_acid')"
C100679,C112458,Association,@CHEMICAL_cannabigerolic_acid,@CHEMICAL_olivetolic_acid,{'38219483'},['0.4953'],"('@CHEMICAL_cannabigerolic_acid', 'Association', '@CHEMICAL_olivetolic_acid')"
C112458,C511282,Association,@CHEMICAL_olivetolic_acid,@CHEMICAL_geranyl_diphosphate,{'38219483'},['0.7604'],"('@CHEMICAL_olivetolic_acid', 'Association', '@CHEMICAL_geranyl_diphosphate')"
C037036,C511282,Association,@CHEMICAL_cannabigerol,@CHEMICAL_geranyl_diphosphate,{'38219483'},['0.3274'],"('@CHEMICAL_cannabigerol', 'Association', '@CHEMICAL_geranyl_diphosphate')"
C025473,D005355,Negative_Correlation,@CHEMICAL_gamma_sitosterol,@DISEASE_Fibrosis,{'34035828'},['0.9992'],"('@CHEMICAL_gamma_sitosterol', 'Negative_Correlation', '@DISEASE_Fibrosis')"
C006552,207,Association,@CHEMICAL_kaempferol,@GENE_AKT1,{'34035828'},['0.999'],"('@CHEMICAL_kaempferol', 'Association', '@GENE_AKT1')"
C025473,7422,Association,@CHEMICAL_gamma_sitosterol,@GENE_VEGFA,{'34035828'},['0.9963'],"('@CHEMICAL_gamma_sitosterol', 'Association', '@GENE_VEGFA')"
D003928,3569,Association,@DISEASE_Diabetic_Nephropathies,@GENE_IL6,{'34035828'},['0.9944'],"('@DISEASE_Diabetic_Nephropathies', 'Association', '@GENE_IL6')"
C025473,7157,Association,@CHEMICAL_gamma_sitosterol,@GENE_TP53,{'34035828'},['0.9991'],"('@CHEMICAL_gamma_sitosterol', 'Association', '@GENE_TP53')"
C007768,7422,Association,@CHEMICAL_formononetin,@GENE_VEGFA,{'34035828'},['0.9962'],"('@CHEMICAL_formononetin', 'Association', '@GENE_VEGFA')"
C007768,207,Association,@CHEMICAL_formononetin,@GENE_AKT1,{'34035828'},['0.999'],"('@CHEMICAL_formononetin', 'Association', '@GENE_AKT1')"
C025473,207,Association,@CHEMICAL_gamma_sitosterol,@GENE_AKT1,{'34035828'},['0.9976'],"('@CHEMICAL_gamma_sitosterol', 'Association', '@GENE_AKT1')"
C047368,7157,Association,@CHEMICAL_3_methylquercetin,@GENE_TP53,{'34035828'},['0.9993'],"('@CHEMICAL_3_methylquercetin', 'Association', '@GENE_TP53')"
D003928,7124,Association,@DISEASE_Diabetic_Nephropathies,@GENE_TNF,{'34035828'},['0.9973'],"('@DISEASE_Diabetic_Nephropathies', 'Association', '@GENE_TNF')"
D011794,D003928,Negative_Correlation,@CHEMICAL_Quercetin,@DISEASE_Diabetic_Nephropathies,{'34035828'},['0.999'],"('@CHEMICAL_Quercetin', 'Negative_Correlation', '@DISEASE_Diabetic_Nephropathies')"
C006552,D003928,Negative_Correlation,@CHEMICAL_kaempferol,@DISEASE_Diabetic_Nephropathies,{'34035828'},['0.9989'],"('@CHEMICAL_kaempferol', 'Negative_Correlation', '@DISEASE_Diabetic_Nephropathies')"
C025473,D001480,Negative_Correlation,@CHEMICAL_gamma_sitosterol,@DISEASE_Basal_Ganglia_Diseases,{'34035828'},['0.9989'],"('@CHEMICAL_gamma_sitosterol', 'Negative_Correlation', '@DISEASE_Basal_Ganglia_Diseases')"
C007768,7124,Association,@CHEMICAL_formononetin,@GENE_TNF,{'34035828'},['0.9989'],"('@CHEMICAL_formononetin', 'Association', '@GENE_TNF')"
C025473,3569,Association,@CHEMICAL_gamma_sitosterol,@GENE_IL6,{'34035828'},['0.9784'],"('@CHEMICAL_gamma_sitosterol', 'Association', '@GENE_IL6')"
C047368,D005355,Negative_Correlation,@CHEMICAL_3_methylquercetin,@DISEASE_Fibrosis,{'34035828'},['0.9992'],"('@CHEMICAL_3_methylquercetin', 'Negative_Correlation', '@DISEASE_Fibrosis')"
C006552,7157,Association,@CHEMICAL_kaempferol,@GENE_TP53,{'34035828'},['0.9994'],"('@CHEMICAL_kaempferol', 'Association', '@GENE_TP53')"
C007768,D007249,Negative_Correlation,@CHEMICAL_formononetin,@DISEASE_Inflammation,{'34035828'},['0.9991'],"('@CHEMICAL_formononetin', 'Negative_Correlation', '@DISEASE_Inflammation')"
C047368,D001480,Negative_Correlation,@CHEMICAL_3_methylquercetin,@DISEASE_Basal_Ganglia_Diseases,{'34035828'},['0.999'],"('@CHEMICAL_3_methylquercetin', 'Negative_Correlation', '@DISEASE_Basal_Ganglia_Diseases')"
C025473,7124,Association,@CHEMICAL_gamma_sitosterol,@GENE_TNF,{'34035828'},['0.9971'],"('@CHEMICAL_gamma_sitosterol', 'Association', '@GENE_TNF')"
C006552,D001480,Negative_Correlation,@CHEMICAL_kaempferol,@DISEASE_Basal_Ganglia_Diseases,{'34035828'},['0.9982'],"('@CHEMICAL_kaempferol', 'Negative_Correlation', '@DISEASE_Basal_Ganglia_Diseases')"
D005355,7124,Association,@DISEASE_Fibrosis,@GENE_TNF,{'34035828'},['0.9948'],"('@DISEASE_Fibrosis', 'Association', '@GENE_TNF')"
D003928,7422,Association,@DISEASE_Diabetic_Nephropathies,@GENE_VEGFA,{'34035828'},['0.9955'],"('@DISEASE_Diabetic_Nephropathies', 'Association', '@GENE_VEGFA')"
C006552,3569,Association,@CHEMICAL_kaempferol,@GENE_IL6,{'34035828'},['0.9968'],"('@CHEMICAL_kaempferol', 'Association', '@GENE_IL6')"
C047368,3569,Association,@CHEMICAL_3_methylquercetin,@GENE_IL6,{'34035828'},['0.9937'],"('@CHEMICAL_3_methylquercetin', 'Association', '@GENE_IL6')"
D011794,D001480,Negative_Correlation,@CHEMICAL_Quercetin,@DISEASE_Basal_Ganglia_Diseases,{'34035828'},['0.9978'],"('@CHEMICAL_Quercetin', 'Negative_Correlation', '@DISEASE_Basal_Ganglia_Diseases')"
D003928,207,Association,@DISEASE_Diabetic_Nephropathies,@GENE_AKT1,{'34035828'},['0.998'],"('@DISEASE_Diabetic_Nephropathies', 'Association', '@GENE_AKT1')"
D011794,7157,Association,@CHEMICAL_Quercetin,@GENE_TP53,{'34035828'},['0.9994'],"('@CHEMICAL_Quercetin', 'Association', '@GENE_TP53')"
C007768,D003928,Negative_Correlation,@CHEMICAL_formononetin,@DISEASE_Diabetic_Nephropathies,{'34035828'},['0.999'],"('@CHEMICAL_formononetin', 'Negative_Correlation', '@DISEASE_Diabetic_Nephropathies')"
C006552,7422,Association,@CHEMICAL_kaempferol,@GENE_VEGFA,{'34035828'},['0.9977'],"('@CHEMICAL_kaempferol', 'Association', '@GENE_VEGFA')"
C025473,D003928,Negative_Correlation,@CHEMICAL_gamma_sitosterol,@DISEASE_Diabetic_Nephropathies,{'34035828'},['0.9991'],"('@CHEMICAL_gamma_sitosterol', 'Negative_Correlation', '@DISEASE_Diabetic_Nephropathies')"
D001480,7124,Association,@DISEASE_Basal_Ganglia_Diseases,@GENE_TNF,{'34035828'},['0.9977'],"('@DISEASE_Basal_Ganglia_Diseases', 'Association', '@GENE_TNF')"
C007768,D001480,Negative_Correlation,@CHEMICAL_formononetin,@DISEASE_Basal_Ganglia_Diseases,{'34035828'},['0.9985'],"('@CHEMICAL_formononetin', 'Negative_Correlation', '@DISEASE_Basal_Ganglia_Diseases')"
D011794,3569,Association,@CHEMICAL_Quercetin,@GENE_IL6,{'34035828'},['0.997'],"('@CHEMICAL_Quercetin', 'Association', '@GENE_IL6')"
C047368,207,Association,@CHEMICAL_3_methylquercetin,@GENE_AKT1,{'34035828'},['0.9989'],"('@CHEMICAL_3_methylquercetin', 'Association', '@GENE_AKT1')"
C025473,D007249,Negative_Correlation,@CHEMICAL_gamma_sitosterol,@DISEASE_Inflammation,{'34035828'},['0.9989'],"('@CHEMICAL_gamma_sitosterol', 'Negative_Correlation', '@DISEASE_Inflammation')"
D003928,7157,Association,@DISEASE_Diabetic_Nephropathies,@GENE_TP53,{'34035828'},['0.9965'],"('@DISEASE_Diabetic_Nephropathies', 'Association', '@GENE_TP53')"
C006552,D005355,Negative_Correlation,@CHEMICAL_kaempferol,@DISEASE_Fibrosis,{'34035828'},['0.999'],"('@CHEMICAL_kaempferol', 'Negative_Correlation', '@DISEASE_Fibrosis')"
C006552,D007249,Negative_Correlation,@CHEMICAL_kaempferol,@DISEASE_Inflammation,{'34035828'},['0.9991'],"('@CHEMICAL_kaempferol', 'Negative_Correlation', '@DISEASE_Inflammation')"
C047368,D007249,Negative_Correlation,@CHEMICAL_3_methylquercetin,@DISEASE_Inflammation,{'34035828'},['0.9989'],"('@CHEMICAL_3_methylquercetin', 'Negative_Correlation', '@DISEASE_Inflammation')"
D011794,D005355,Negative_Correlation,@CHEMICAL_Quercetin,@DISEASE_Fibrosis,{'34035828'},['0.9989'],"('@CHEMICAL_Quercetin', 'Negative_Correlation', '@DISEASE_Fibrosis')"
C047368,7124,Association,@CHEMICAL_3_methylquercetin,@GENE_TNF,{'34035828'},['0.9983'],"('@CHEMICAL_3_methylquercetin', 'Association', '@GENE_TNF')"
D011794,7124,Association,@CHEMICAL_Quercetin,@GENE_TNF,{'34035828'},['0.9988'],"('@CHEMICAL_Quercetin', 'Association', '@GENE_TNF')"
C006552,7124,Association,@CHEMICAL_kaempferol,@GENE_TNF,{'34035828'},['0.9989'],"('@CHEMICAL_kaempferol', 'Association', '@GENE_TNF')"
D011794,D007249,Negative_Correlation,@CHEMICAL_Quercetin,@DISEASE_Inflammation,"{'35988839', '27754313', '34035828'}","['0.9991', '0.9992', '0.9961']","('@CHEMICAL_Quercetin', 'Negative_Correlation', '@DISEASE_Inflammation')"
C047368,7422,Association,@CHEMICAL_3_methylquercetin,@GENE_VEGFA,{'34035828'},['0.9975'],"('@CHEMICAL_3_methylquercetin', 'Association', '@GENE_VEGFA')"
C007768,3569,Association,@CHEMICAL_formononetin,@GENE_IL6,{'34035828'},['0.9899'],"('@CHEMICAL_formononetin', 'Association', '@GENE_IL6')"
D011794,7422,Association,@CHEMICAL_Quercetin,@GENE_VEGFA,{'34035828'},['0.9987'],"('@CHEMICAL_Quercetin', 'Association', '@GENE_VEGFA')"
D011794,207,Association,@CHEMICAL_Quercetin,@GENE_AKT1,{'34035828'},['0.9993'],"('@CHEMICAL_Quercetin', 'Association', '@GENE_AKT1')"
C047368,D003928,Negative_Correlation,@CHEMICAL_3_methylquercetin,@DISEASE_Diabetic_Nephropathies,{'34035828'},['0.9991'],"('@CHEMICAL_3_methylquercetin', 'Negative_Correlation', '@DISEASE_Diabetic_Nephropathies')"
C007768,D005355,Negative_Correlation,@CHEMICAL_formononetin,@DISEASE_Fibrosis,{'34035828'},['0.9991'],"('@CHEMICAL_formononetin', 'Negative_Correlation', '@DISEASE_Fibrosis')"
C007768,7157,Association,@CHEMICAL_formononetin,@GENE_TP53,{'34035828'},['0.9994'],"('@CHEMICAL_formononetin', 'Association', '@GENE_TP53')"
D008228,4089,Association,@DISEASE_Lymphoma_Non_Hodgkin,@GENE_SMAD4,"{'24952744', '38551383'}","['0.9992', '0.9994']","('@DISEASE_Lymphoma_Non_Hodgkin', 'Association', '@GENE_SMAD4')"
D001471,4089,Association,@DISEASE_Barrett_Esophagus,@GENE_SMAD4,{'24952744'},['0.9647'],"('@DISEASE_Barrett_Esophagus', 'Association', '@GENE_SMAD4')"
D000230,4089,Association,@DISEASE_Adenocarcinoma,@GENE_SMAD4,{'24952744'},['0.9995'],"('@DISEASE_Adenocarcinoma', 'Association', '@GENE_SMAD4')"
C000607776,4318,Negative_Correlation,@CHEMICAL_ozanimod,@GENE_MMP9,{'37642239'},['0.9992'],"('@CHEMICAL_ozanimod', 'Negative_Correlation', '@GENE_MMP9')"
D020521,4318,Positive_Correlation,@DISEASE_Stroke,@GENE_MMP9,{'37642239'},['0.6121'],"('@DISEASE_Stroke', 'Positive_Correlation', '@GENE_MMP9')"
C000607776,7122,Positive_Correlation,@CHEMICAL_ozanimod,@GENE_CLDN5,{'37642239'},['0.9815'],"('@CHEMICAL_ozanimod', 'Positive_Correlation', '@GENE_CLDN5')"
C000607776,1901,Association,@CHEMICAL_ozanimod,@GENE_S1PR1,"{'33788630', '37642239'}","['0.7436', '0.949']","('@CHEMICAL_ozanimod', 'Association', '@GENE_S1PR1')"
C000607776,D017202,Association,@CHEMICAL_ozanimod,@DISEASE_Myocardial_Ischemia,{'37642239'},['0.9692'],"('@CHEMICAL_ozanimod', 'Association', '@DISEASE_Myocardial_Ischemia')"
C000607776,5175,Positive_Correlation,@CHEMICAL_ozanimod,@GENE_PECAM1,{'37642239'},['0.9297'],"('@CHEMICAL_ozanimod', 'Positive_Correlation', '@GENE_PECAM1')"
D008228,1084,Positive_Correlation,@DISEASE_Lymphoma_Non_Hodgkin,@GENE_CEACAM3,{'40620507'},['0.4931'],"('@DISEASE_Lymphoma_Non_Hodgkin', 'Positive_Correlation', '@GENE_CEACAM3')"
D009362,1084,Association,@DISEASE_Neoplasm_Metastasis,@GENE_CEACAM3,{'40620507'},['0.7911'],"('@DISEASE_Neoplasm_Metastasis', 'Association', '@GENE_CEACAM3')"
C077073,D008661,Negative_Correlation,@CHEMICAL_nitisinone,@DISEASE_Metabolism_Inborn_Errors,{'36295804'},['0.9989'],"('@CHEMICAL_nitisinone', 'Negative_Correlation', '@DISEASE_Metabolism_Inborn_Errors')"
D009386,2184,Association,@DISEASE_Neoplastic_Syndromes_Hereditary,@GENE_FAH,{'36295804'},['0.9969'],"('@DISEASE_Neoplastic_Syndromes_Hereditary', 'Association', '@GENE_FAH')"
D012346,D024322,Association,@CHEMICAL_RNA_Transfer_Amino_Acyl,@CHEMICAL_Amino_Acids_Aromatic,{'1185188'},['0.397'],"('@CHEMICAL_RNA_Transfer_Amino_Acyl', 'Association', '@CHEMICAL_Amino_Acids_Aromatic')"
C017648,D012346,Negative_Correlation,@CHEMICAL_3_phenyllactic_acid,@CHEMICAL_RNA_Transfer_Amino_Acyl,"{'1185188', '6563016'}","['0.9991', '0.5122']","('@CHEMICAL_3_phenyllactic_acid', 'Negative_Correlation', '@CHEMICAL_RNA_Transfer_Amino_Acyl')"
D014364,D014443,Negative_Correlation,@CHEMICAL_Tryptophan,@CHEMICAL_Tyrosine,{'1185188'},['0.5578'],"('@CHEMICAL_Tryptophan', 'Negative_Correlation', '@CHEMICAL_Tyrosine')"
C012001,D006713,Negative_Correlation,@CHEMICAL_polyphenylalanine,@CHEMICAL_Homogentisic_Acid,"{'1185188', '6563016'}","['0.9991', '0.9988']","('@CHEMICAL_polyphenylalanine', 'Negative_Correlation', '@CHEMICAL_Homogentisic_Acid')"
D006713,D012346,Negative_Correlation,@CHEMICAL_Homogentisic_Acid,@CHEMICAL_RNA_Transfer_Amino_Acyl,"{'1185188', '6563016'}","['0.9993', '0.9933']","('@CHEMICAL_Homogentisic_Acid', 'Negative_Correlation', '@CHEMICAL_RNA_Transfer_Amino_Acyl')"
D010649,D014443,Negative_Correlation,@CHEMICAL_Phenylalanine,@CHEMICAL_Tyrosine,{'1185188'},['0.9978'],"('@CHEMICAL_Phenylalanine', 'Negative_Correlation', '@CHEMICAL_Tyrosine')"
D010649,D012346,Positive_Correlation,@CHEMICAL_Phenylalanine,@CHEMICAL_RNA_Transfer_Amino_Acyl,{'1185188'},['0.963'],"('@CHEMICAL_Phenylalanine', 'Positive_Correlation', '@CHEMICAL_RNA_Transfer_Amino_Acyl')"
D012346,D014364,Positive_Correlation,@CHEMICAL_RNA_Transfer_Amino_Acyl,@CHEMICAL_Tryptophan,{'1185188'},['0.9888'],"('@CHEMICAL_RNA_Transfer_Amino_Acyl', 'Positive_Correlation', '@CHEMICAL_Tryptophan')"
D012346,D014443,Negative_Correlation,@CHEMICAL_RNA_Transfer_Amino_Acyl,@CHEMICAL_Tyrosine,"{'1185188', '6563016'}","['0.9978', '0.9946']","('@CHEMICAL_RNA_Transfer_Amino_Acyl', 'Negative_Correlation', '@CHEMICAL_Tyrosine')"
C017648,D014364,Negative_Correlation,@CHEMICAL_3_phenyllactic_acid,@CHEMICAL_Tryptophan,{'1185188'},['0.9991'],"('@CHEMICAL_3_phenyllactic_acid', 'Negative_Correlation', '@CHEMICAL_Tryptophan')"
C012001,D010649,Positive_Correlation,@CHEMICAL_polyphenylalanine,@CHEMICAL_Phenylalanine,{'1185188'},['0.6135'],"('@CHEMICAL_polyphenylalanine', 'Positive_Correlation', '@CHEMICAL_Phenylalanine')"
C031606,D014364,Negative_Correlation,@CHEMICAL_phenylpyruvic_acid,@CHEMICAL_Tryptophan,{'1185188'},['0.9992'],"('@CHEMICAL_phenylpyruvic_acid', 'Negative_Correlation', '@CHEMICAL_Tryptophan')"
C012001,C017648,Negative_Correlation,@CHEMICAL_polyphenylalanine,@CHEMICAL_3_phenyllactic_acid,{'1185188'},['0.9991'],"('@CHEMICAL_polyphenylalanine', 'Negative_Correlation', '@CHEMICAL_3_phenyllactic_acid')"
C031606,D014443,Negative_Correlation,@CHEMICAL_phenylpyruvic_acid,@CHEMICAL_Tyrosine,{'1185188'},['0.9988'],"('@CHEMICAL_phenylpyruvic_acid', 'Negative_Correlation', '@CHEMICAL_Tyrosine')"
C031606,D010649,Negative_Correlation,@CHEMICAL_phenylpyruvic_acid,@CHEMICAL_Phenylalanine,"{'7346381', '1185188'}","['0.9991', '0.5694']","('@CHEMICAL_phenylpyruvic_acid', 'Negative_Correlation', '@CHEMICAL_Phenylalanine')"
C012001,C031606,Negative_Correlation,@CHEMICAL_polyphenylalanine,@CHEMICAL_phenylpyruvic_acid,{'1185188'},['0.9992'],"('@CHEMICAL_polyphenylalanine', 'Negative_Correlation', '@CHEMICAL_phenylpyruvic_acid')"
C017648,D010649,Negative_Correlation,@CHEMICAL_3_phenyllactic_acid,@CHEMICAL_Phenylalanine,{'1185188'},['0.9991'],"('@CHEMICAL_3_phenyllactic_acid', 'Negative_Correlation', '@CHEMICAL_Phenylalanine')"
D006713,D014364,Negative_Correlation,@CHEMICAL_Homogentisic_Acid,@CHEMICAL_Tryptophan,{'1185188'},['0.9993'],"('@CHEMICAL_Homogentisic_Acid', 'Negative_Correlation', '@CHEMICAL_Tryptophan')"
C031606,D012346,Negative_Correlation,@CHEMICAL_phenylpyruvic_acid,@CHEMICAL_RNA_Transfer_Amino_Acyl,"{'1185188', '6563016'}","['0.9993', '0.6615']","('@CHEMICAL_phenylpyruvic_acid', 'Negative_Correlation', '@CHEMICAL_RNA_Transfer_Amino_Acyl')"
C017648,D014443,Negative_Correlation,@CHEMICAL_3_phenyllactic_acid,@CHEMICAL_Tyrosine,{'1185188'},['0.9985'],"('@CHEMICAL_3_phenyllactic_acid', 'Negative_Correlation', '@CHEMICAL_Tyrosine')"
D009584,D014443,Positive_Correlation,@CHEMICAL_Nitrogen,@CHEMICAL_Tyrosine,{'9841783'},['0.9703'],"('@CHEMICAL_Nitrogen', 'Positive_Correlation', '@CHEMICAL_Tyrosine')"
C077073,D010004,Negative_Correlation,@CHEMICAL_nitisinone,@DISEASE_Osteoarthropathy_Primary_Hypertrophic,{'23511227'},['0.9992'],"('@CHEMICAL_nitisinone', 'Negative_Correlation', '@DISEASE_Osteoarthropathy_Primary_Hypertrophic')"
11925,3630,Positive_Correlation,@GENE_NEUROG3,@GENE_INS,{'31081956'},['0.9984'],"('@GENE_NEUROG3', 'Positive_Correlation', '@GENE_INS')"
3630,50754,Positive_Correlation,@GENE_INS,@GENE_FBXW7,{'31081956'},['0.9771'],"('@GENE_INS', 'Positive_Correlation', '@GENE_FBXW7')"
11545,3630,Positive_Correlation,@GENE_PARP1,@GENE_INS,{'31081956'},['0.9951'],"('@GENE_PARP1', 'Positive_Correlation', '@GENE_INS')"
D000474,##p.V300G,Negative_Correlation,@DISEASE_Alkaptonuria,,{'12630963'},"['0.9533', '0.8633', '0.6155', '0.766']","('@DISEASE_Alkaptonuria', 'Negative_Correlation', None)"
C077073,D006969,Positive_Correlation,@CHEMICAL_nitisinone,@DISEASE_Hypersensitivity_Immediate,{'37446173'},['0.9897'],"('@CHEMICAL_nitisinone', 'Positive_Correlation', '@DISEASE_Hypersensitivity_Immediate')"
C077073,D002357,Association,@CHEMICAL_nitisinone,@DISEASE_Cartilage_Diseases,{'37446173'},['0.9983'],"('@CHEMICAL_nitisinone', 'Association', '@DISEASE_Cartilage_Diseases')"
C077073,5624,Positive_Correlation,@CHEMICAL_nitisinone,@GENE_PROC,{'37446173'},['0.999'],"('@CHEMICAL_nitisinone', 'Positive_Correlation', '@GENE_PROC')"
C020804,D006969,Association,@CHEMICAL_succinylacetone,@DISEASE_Hypersensitivity_Immediate,{'7568087'},['0.9928'],"('@CHEMICAL_succinylacetone', 'Association', '@DISEASE_Hypersensitivity_Immediate')"
D009477,2184,Association,@DISEASE_Hereditary_Sensory_and_Autonomic_Neuropathies,@GENE_FAH,"{'22542924', '7568087'}","['0.9904', '0.8752']","('@DISEASE_Hereditary_Sensory_and_Autonomic_Neuropathies', 'Association', '@GENE_FAH')"
D024505,D065146,Positive_Correlation,@CHEMICAL_Tocopherols,@CHEMICAL_Zeaxanthins,{'24691571'},['0.7508'],"('@CHEMICAL_Tocopherols', 'Positive_Correlation', '@CHEMICAL_Zeaxanthins')"
C031140,D024505,Positive_Correlation,@CHEMICAL_antheraxanthin,@CHEMICAL_Tocopherols,{'24691571'},['0.8236'],"('@CHEMICAL_antheraxanthin', 'Positive_Correlation', '@CHEMICAL_Tocopherols')"
D005978,D024505,Positive_Correlation,@CHEMICAL_Glutathione,@CHEMICAL_Tocopherols,{'24691571'},['0.4509'],"('@CHEMICAL_Glutathione', 'Positive_Correlation', '@CHEMICAL_Tocopherols')"
D008228,1029,Negative_Correlation,@DISEASE_Lymphoma_Non_Hodgkin,@GENE_CDKN2A,{'12692043'},['0.7142'],"('@DISEASE_Lymphoma_Non_Hodgkin', 'Negative_Correlation', '@GENE_CDKN2A')"
D018297,100508689,Association,@DISEASE_Neoplasms_Cystic_Mucinous_and_Serous,@GENE_LOC100508689,{'40122523'},['0.9987'],"('@DISEASE_Neoplasms_Cystic_Mucinous_and_Serous', 'Association', '@GENE_LOC100508689')"
D010181,100508689,Association,@DISEASE_Pancreatic_Cyst,@GENE_LOC100508689,{'40122523'},['0.9966'],"('@DISEASE_Pancreatic_Cyst', 'Association', '@GENE_LOC100508689')"
D015792,100508689,Association,@DISEASE_Retinal_Dysplasia,@GENE_LOC100508689,"{'40122523', '28697153'}","['0.8879', '0.9289']","('@DISEASE_Retinal_Dysplasia', 'Association', '@GENE_LOC100508689')"
D000083023,4292,Association,@DISEASE_Colitis_Associated_Neoplasms,@GENE_MLH1,{'17276933'},['0.9963'],"('@DISEASE_Colitis_Associated_Neoplasms', 'Association', '@GENE_MLH1')"
D000083023,1029,Association,@DISEASE_Colitis_Associated_Neoplasms,@GENE_CDKN2A,{'17276933'},['0.8747'],"('@DISEASE_Colitis_Associated_Neoplasms', 'Association', '@GENE_CDKN2A')"
D009369,999,Association,@DISEASE_Neoplasms,@GENE_CDH1,{'17276933'},['0.8622'],"('@DISEASE_Neoplasms', 'Association', '@GENE_CDH1')"
D000083023,4255,Association,@DISEASE_Colitis_Associated_Neoplasms,@GENE_MGMT,{'17276933'},['0.9858'],"('@DISEASE_Colitis_Associated_Neoplasms', 'Association', '@GENE_MGMT')"
D015658,3502,Negative_Correlation,@DISEASE_HIV_Infections,@GENE_IGHG3,{'24648342'},['0.9985'],"('@DISEASE_HIV_Infections', 'Negative_Correlation', '@GENE_IGHG3')"
D000077779,1401,Association,@DISEASE_Pancreatic_Intraductal_Neoplasms,@GENE_CRP,{'34064877'},['0.9985'],"('@DISEASE_Pancreatic_Intraductal_Neoplasms', 'Association', '@GENE_CRP')"
1401,213,Association,@GENE_CRP,@GENE_ALB,"{'30540681', '34064877'}","['0.8579', '0.9854']","('@GENE_CRP', 'Association', '@GENE_ALB')"
D000077779,213,Association,@DISEASE_Pancreatic_Intraductal_Neoplasms,@GENE_ALB,{'34064877'},['0.9995'],"('@DISEASE_Pancreatic_Intraductal_Neoplasms', 'Association', '@GENE_ALB')"
D009103,3123,Association,@DISEASE_Multiple_Sclerosis,@GENE_HLA_DRB1,{'26740965'},['0.7493'],"('@DISEASE_Multiple_Sclerosis', 'Association', '@GENE_HLA_DRB1')"
D009103,3105,Association,@DISEASE_Multiple_Sclerosis,@GENE_HLA_A,{'26740965'},['0.9769'],"('@DISEASE_Multiple_Sclerosis', 'Association', '@GENE_HLA_A')"
D010971,D026082,Negative_Correlation,@CHEMICAL_Plastoquinone,@CHEMICAL_Singlet_Oxygen,{'32931882'},['0.973'],"('@CHEMICAL_Plastoquinone', 'Negative_Correlation', '@CHEMICAL_Singlet_Oxygen')"
D010971,D024502,Association,@CHEMICAL_Plastoquinone,@CHEMICAL_alpha_Tocopherol,{'32931882'},['0.4533'],"('@CHEMICAL_Plastoquinone', 'Association', '@CHEMICAL_alpha_Tocopherol')"
D010971,D064420,Negative_Correlation,@CHEMICAL_Plastoquinone,@DISEASE_Drug_Related_Side_Effects_and_Adverse_Reactions,{'32931882'},['0.9317'],"('@CHEMICAL_Plastoquinone', 'Negative_Correlation', '@DISEASE_Drug_Related_Side_Effects_and_Adverse_Reactions')"
D008054,D026082,Association,@CHEMICAL_Lipid_Peroxides,@CHEMICAL_Singlet_Oxygen,{'32931882'},['0.9988'],"('@CHEMICAL_Lipid_Peroxides', 'Association', '@CHEMICAL_Singlet_Oxygen')"
D008055,D026082,Association,@CHEMICAL_Lipids,@CHEMICAL_Singlet_Oxygen,"{'32931882', '17628182'}","['0.9507', '0.9982']","('@CHEMICAL_Lipids', 'Association', '@CHEMICAL_Singlet_Oxygen')"
D024502,D065146,Comparison,@CHEMICAL_alpha_Tocopherol,@CHEMICAL_Zeaxanthins,{'32931882'},['0.349'],"('@CHEMICAL_alpha_Tocopherol', 'Comparison', '@CHEMICAL_Zeaxanthins')"
D026082,D065146,Negative_Correlation,@CHEMICAL_Singlet_Oxygen,@CHEMICAL_Zeaxanthins,{'32931882'},['0.995'],"('@CHEMICAL_Singlet_Oxygen', 'Negative_Correlation', '@CHEMICAL_Zeaxanthins')"
D065146,D064420,Negative_Correlation,@CHEMICAL_Zeaxanthins,@DISEASE_Drug_Related_Side_Effects_and_Adverse_Reactions,{'32931882'},['0.9753'],"('@CHEMICAL_Zeaxanthins', 'Negative_Correlation', '@DISEASE_Drug_Related_Side_Effects_and_Adverse_Reactions')"
D009609,D001471,Negative_Correlation,@CHEMICAL_Nitrous_Oxide,@DISEASE_Barrett_Esophagus,{'29626424'},['0.9906'],"('@CHEMICAL_Nitrous_Oxide', 'Negative_Correlation', '@DISEASE_Barrett_Esophagus')"
D009609,D009369,Negative_Correlation,@CHEMICAL_Nitrous_Oxide,@DISEASE_Neoplasms,{'29626424'},['0.9989'],"('@CHEMICAL_Nitrous_Oxide', 'Negative_Correlation', '@DISEASE_Neoplasms')"
D001241,D006470,Positive_Correlation,@CHEMICAL_Aspirin,@DISEASE_Hemorrhage,{'29626424'},['0.4581'],"('@CHEMICAL_Aspirin', 'Positive_Correlation', '@DISEASE_Hemorrhage')"
5007993,820368,Association,@GENE_HST,@GENE_AT3G11950,{'17569077'},['0.4967'],"('@GENE_HST', 'Association', '@GENE_AT3G11950')"
D006713,820368,Association,@CHEMICAL_Homogentisic_Acid,@GENE_AT3G11950,{'17569077'},['0.9985'],"('@CHEMICAL_Homogentisic_Acid', 'Association', '@GENE_AT3G11950')"
C063778,820368,Association,@CHEMICAL_solanesyl_pyrophosphate,@GENE_AT3G11950,{'17569077'},['0.9983'],"('@CHEMICAL_solanesyl_pyrophosphate', 'Association', '@GENE_AT3G11950')"
C063778,5007993,Association,@CHEMICAL_solanesyl_pyrophosphate,@GENE_HST,{'17569077'},['0.9997'],"('@CHEMICAL_solanesyl_pyrophosphate', 'Association', '@GENE_HST')"
D024505,5007993,Association,@CHEMICAL_Tocopherols,@GENE_HST,{'17569077'},['0.9985'],"('@CHEMICAL_Tocopherols', 'Association', '@GENE_HST')"
D006713,5007993,Association,@CHEMICAL_Homogentisic_Acid,@GENE_HST,{'17569077'},['0.9959'],"('@CHEMICAL_Homogentisic_Acid', 'Association', '@GENE_HST')"
C063778,D006713,Association,@CHEMICAL_solanesyl_pyrophosphate,@CHEMICAL_Homogentisic_Acid,{'17569077'},['0.9743'],"('@CHEMICAL_solanesyl_pyrophosphate', 'Association', '@CHEMICAL_Homogentisic_Acid')"
D010971,5007993,Association,@CHEMICAL_Plastoquinone,@GENE_HST,{'17569077'},['0.9983'],"('@CHEMICAL_Plastoquinone', 'Association', '@GENE_HST')"
C063778,D010971,Association,@CHEMICAL_solanesyl_pyrophosphate,@CHEMICAL_Plastoquinone,{'17569077'},['0.991'],"('@CHEMICAL_solanesyl_pyrophosphate', 'Association', '@CHEMICAL_Plastoquinone')"
C013015,D014364,Negative_Correlation,@CHEMICAL_hesperetin,@CHEMICAL_Tryptophan,{'31758928'},['0.9664'],"('@CHEMICAL_hesperetin', 'Negative_Correlation', '@CHEMICAL_Tryptophan')"
D014364,1421,Association,@CHEMICAL_Tryptophan,@GENE_CRYGD,"{'31758928', '32131700'}","['0.7277', '0.8486']","('@CHEMICAL_Tryptophan', 'Association', '@GENE_CRYGD')"
C013015,3081,Negative_Correlation,@CHEMICAL_hesperetin,@GENE_HGD,{'31758928'},['0.9973'],"('@CHEMICAL_hesperetin', 'Negative_Correlation', '@GENE_HGD')"
D005419,D014364,Negative_Correlation,@CHEMICAL_Flavonoids,@CHEMICAL_Tryptophan,{'31758928'},['0.9947'],"('@CHEMICAL_Flavonoids', 'Negative_Correlation', '@CHEMICAL_Tryptophan')"
D005419,3081,Negative_Correlation,@CHEMICAL_Flavonoids,@GENE_HGD,{'31758928'},['0.9952'],"('@CHEMICAL_Flavonoids', 'Negative_Correlation', '@GENE_HGD')"
C566443,7157,Association,@DISEASE_Complement_Component_7_Deficiency,@GENE_TP53,{'12395375'},['0.5957'],"('@DISEASE_Complement_Component_7_Deficiency', 'Association', '@GENE_TP53')"
D000230,2627,Association,@DISEASE_Adenocarcinoma,@GENE_GATA6,"{'40490196', '32749611'}","['0.5845', '0.9841']","('@DISEASE_Adenocarcinoma', 'Association', '@GENE_GATA6')"
D000077145,D009404,Negative_Correlation,@CHEMICAL_Sulfanilamide,@DISEASE_Nephrotic_Syndrome,{'9439145'},['0.5307'],"('@CHEMICAL_Sulfanilamide', 'Negative_Correlation', '@DISEASE_Nephrotic_Syndrome')"
D000077145,D011507,Association,@CHEMICAL_Sulfanilamide,@DISEASE_Proteinuria,{'9439145'},['0.9593'],"('@CHEMICAL_Sulfanilamide', 'Association', '@DISEASE_Proteinuria')"
D016572,D003424,Negative_Correlation,@CHEMICAL_Cyclosporine,@DISEASE_Crohn_Disease,{'19077999'},['0.9948'],"('@CHEMICAL_Cyclosporine', 'Negative_Correlation', '@DISEASE_Crohn_Disease')"
D016572,3558,Negative_Correlation,@CHEMICAL_Cyclosporine,@GENE_IL2,{'19077999'},['0.999'],"('@CHEMICAL_Cyclosporine', 'Negative_Correlation', '@GENE_IL2')"
D016572,D008171,Negative_Correlation,@CHEMICAL_Cyclosporine,@DISEASE_Lung_Diseases,{'19077999'},['0.8759'],"('@CHEMICAL_Cyclosporine', 'Negative_Correlation', '@DISEASE_Lung_Diseases')"
D016572,D017563,Association,@CHEMICAL_Cyclosporine,@DISEASE_Lung_Diseases_Interstitial,{'19077999'},['0.9981'],"('@CHEMICAL_Cyclosporine', 'Association', '@DISEASE_Lung_Diseases_Interstitial')"
D016572,D012595,Negative_Correlation,@CHEMICAL_Cyclosporine,@DISEASE_Scleroderma_Systemic,{'19077999'},['0.9934'],"('@CHEMICAL_Cyclosporine', 'Negative_Correlation', '@DISEASE_Scleroderma_Systemic')"
D016572,D000741,Negative_Correlation,@CHEMICAL_Cyclosporine,@DISEASE_Anemia_Aplastic,{'19077999'},['0.9979'],"('@CHEMICAL_Cyclosporine', 'Negative_Correlation', '@DISEASE_Anemia_Aplastic')"
D016572,D001327,Negative_Correlation,@CHEMICAL_Cyclosporine,@DISEASE_Autoimmune_Diseases,{'19077999'},['0.9958'],"('@CHEMICAL_Cyclosporine', 'Negative_Correlation', '@DISEASE_Autoimmune_Diseases')"
D017335,D012120,Negative_Correlation,@CHEMICAL_Enoximone,@DISEASE_Respiration_Disorders,{'2145236'},['0.9977'],"('@CHEMICAL_Enoximone', 'Negative_Correlation', '@DISEASE_Respiration_Disorders')"
C025136,D009249,Association,@CHEMICAL_phenylacetic_acid,@CHEMICAL_NADP,"{'10329644', '10273'}","['0.6978', '0.9948']","('@CHEMICAL_phenylacetic_acid', 'Association', '@CHEMICAL_NADP')"
D010003,3081,Association,@DISEASE_Osteoarthritis,@GENE_HGD,{'2686878'},['0.9816'],"('@DISEASE_Osteoarthritis', 'Association', '@GENE_HGD')"
D000544,4137,Association,@DISEASE_Alzheimer_Disease,@GENE_MAPT,{'34017182'},['0.9266'],"('@DISEASE_Alzheimer_Disease', 'Association', '@GENE_MAPT')"
D000544,3643,Negative_Correlation,@DISEASE_Alzheimer_Disease,@GENE_INSR,{'34017182'},['0.659'],"('@DISEASE_Alzheimer_Disease', 'Negative_Correlation', '@GENE_INSR')"
D001927,66681,Association,@DISEASE_Brain_Diseases,@GENE_PGM2,{'34017182'},['0.9993'],"('@DISEASE_Brain_Diseases', 'Association', '@GENE_PGM2')"
D000544,3479,Negative_Correlation,@DISEASE_Alzheimer_Disease,@GENE_IGF1,{'34017182'},['0.9091'],"('@DISEASE_Alzheimer_Disease', 'Negative_Correlation', '@GENE_IGF1')"
D001925,66681,Association,@DISEASE_Brain_Damage_Chronic,@GENE_PGM2,{'34017182'},['0.9964'],"('@DISEASE_Brain_Damage_Chronic', 'Association', '@GENE_PGM2')"
D000544,3630,Negative_Correlation,@DISEASE_Alzheimer_Disease,@GENE_INS,{'34017182'},['0.806'],"('@DISEASE_Alzheimer_Disease', 'Negative_Correlation', '@GENE_INS')"
D000544,2932,Association,@DISEASE_Alzheimer_Disease,@GENE_GSK3B,{'34017182'},['0.9844'],"('@DISEASE_Alzheimer_Disease', 'Association', '@GENE_GSK3B')"
D001927,17236,Association,@DISEASE_Brain_Diseases,@GENE_MCT1,{'34017182'},['0.9992'],"('@DISEASE_Brain_Diseases', 'Association', '@GENE_MCT1')"
D001925,17236,Association,@DISEASE_Brain_Damage_Chronic,@GENE_MCT1,{'34017182'},['0.9973'],"('@DISEASE_Brain_Damage_Chronic', 'Association', '@GENE_MCT1')"
D001205,D008228,Association,@CHEMICAL_Ascorbic_Acid,@DISEASE_Lymphoma_Non_Hodgkin,{'581907'},['0.5563'],"('@CHEMICAL_Ascorbic_Acid', 'Association', '@DISEASE_Lymphoma_Non_Hodgkin')"
C000632968,D008228,Association,@CHEMICAL_p_hydroxyphenyllactic_acid,@DISEASE_Lymphoma_Non_Hodgkin,{'581907'},['0.9972'],"('@CHEMICAL_p_hydroxyphenyllactic_acid', 'Association', '@DISEASE_Lymphoma_Non_Hodgkin')"
C000632968,D001205,Association,@CHEMICAL_p_hydroxyphenyllactic_acid,@CHEMICAL_Ascorbic_Acid,{'581907'},['0.7944'],"('@CHEMICAL_p_hydroxyphenyllactic_acid', 'Association', '@CHEMICAL_Ascorbic_Acid')"
D008228,925,Association,@DISEASE_Lymphoma_Non_Hodgkin,@GENE_CD8A,{'34034277'},['0.5642'],"('@DISEASE_Lymphoma_Non_Hodgkin', 'Association', '@GENE_CD8A')"
D003108,925,Association,@DISEASE_Colonic_Diseases,@GENE_CD8A,{'34034277'},['0.9113'],"('@DISEASE_Colonic_Diseases', 'Association', '@GENE_CD8A')"
D007249,925,Association,@DISEASE_Inflammation,@GENE_CD8A,{'34034277'},['0.7496'],"('@DISEASE_Inflammation', 'Association', '@GENE_CD8A')"
D001471,3159,Association,@DISEASE_Barrett_Esophagus,@GENE_HMGA1,{'14744729'},['0.9997'],"('@DISEASE_Barrett_Esophagus', 'Association', '@GENE_HMGA1')"
D056005,3159,Positive_Correlation,@DISEASE_Leprosy_Paucibacillary,@GENE_HMGA1,{'14744729'},['0.8035'],"('@DISEASE_Leprosy_Paucibacillary', 'Positive_Correlation', '@GENE_HMGA1')"
D008228,3159,Positive_Correlation,@DISEASE_Lymphoma_Non_Hodgkin,@GENE_HMGA1,{'14744729'},['0.994'],"('@DISEASE_Lymphoma_Non_Hodgkin', 'Positive_Correlation', '@GENE_HMGA1')"
D000230,3159,Association,@DISEASE_Adenocarcinoma,@GENE_HMGA1,{'14744729'},['0.5646'],"('@DISEASE_Adenocarcinoma', 'Association', '@GENE_HMGA1')"
D009369,3159,Association,@DISEASE_Neoplasms,@GENE_HMGA1,{'14744729'},['0.5197'],"('@DISEASE_Neoplasms', 'Association', '@GENE_HMGA1')"
D064726,3159,Positive_Correlation,@DISEASE_Triple_Negative_Breast_Neoplasms,@GENE_HMGA1,{'14744729'},['0.8488'],"('@DISEASE_Triple_Negative_Breast_Neoplasms', 'Positive_Correlation', '@GENE_HMGA1')"
C077073,D002318,Negative_Correlation,@CHEMICAL_nitisinone,@DISEASE_Cardiovascular_Diseases,{'24772955'},['0.9981'],"('@CHEMICAL_nitisinone', 'Negative_Correlation', '@DISEASE_Cardiovascular_Diseases')"
D001943,5617,Positive_Correlation,@DISEASE_Breast_Neoplasms,@GENE_PRL,{'17658223'},['0.4925'],"('@DISEASE_Breast_Neoplasms', 'Positive_Correlation', '@GENE_PRL')"
C000632968,D014443,Positive_Correlation,@CHEMICAL_p_hydroxyphenyllactic_acid,@CHEMICAL_Tyrosine,{'3686921'},['0.8289'],"('@CHEMICAL_p_hydroxyphenyllactic_acid', 'Positive_Correlation', '@CHEMICAL_Tyrosine')"
D001205,D009396,Negative_Correlation,@CHEMICAL_Ascorbic_Acid,@DISEASE_Wilms_Tumor,{'3686921'},['0.9989'],"('@CHEMICAL_Ascorbic_Acid', 'Negative_Correlation', '@DISEASE_Wilms_Tumor')"
D001205,D014443,Negative_Correlation,@CHEMICAL_Ascorbic_Acid,@CHEMICAL_Tyrosine,{'3686921'},['0.9986'],"('@CHEMICAL_Ascorbic_Acid', 'Negative_Correlation', '@CHEMICAL_Tyrosine')"
D002784,D063646,Association,@CHEMICAL_Cholesterol,@DISEASE_Carcinogenesis,{'35528239'},['0.9975'],"('@CHEMICAL_Cholesterol', 'Association', '@DISEASE_Carcinogenesis')"
D015179,207,Association,@DISEASE_Colorectal_Neoplasms,@GENE_AKT1,{'35528239'},['0.9987'],"('@DISEASE_Colorectal_Neoplasms', 'Association', '@GENE_AKT1')"
C000589253,D009369,Negative_Correlation,@CHEMICAL_copanlisib,@DISEASE_Neoplasms,{'35528239'},['0.9989'],"('@CHEMICAL_copanlisib', 'Negative_Correlation', '@DISEASE_Neoplasms')"
D002784,207,Positive_Correlation,@CHEMICAL_Cholesterol,@GENE_AKT1,{'35528239'},['0.9969'],"('@CHEMICAL_Cholesterol', 'Positive_Correlation', '@GENE_AKT1')"
C000589253,D015179,Negative_Correlation,@CHEMICAL_copanlisib,@DISEASE_Colorectal_Neoplasms,{'35528239'},['0.9309'],"('@CHEMICAL_copanlisib', 'Negative_Correlation', '@DISEASE_Colorectal_Neoplasms')"
D002784,D015179,Positive_Correlation,@CHEMICAL_Cholesterol,@DISEASE_Colorectal_Neoplasms,{'35528239'},['0.9984'],"('@CHEMICAL_Cholesterol', 'Positive_Correlation', '@DISEASE_Colorectal_Neoplasms')"
C579246,C531854,Negative_Correlation,@CHEMICAL_4_((2_carboxyethyl)hydroxyphosphinyl)_3_oxobutyrate,@DISEASE_Lysosomal_acid_lipase_deficiency,{'22871666'},['0.9942'],"('@CHEMICAL_4_((2_carboxyethyl)hydroxyphosphinyl)_3_oxobutyrate', 'Negative_Correlation', '@DISEASE_Lysosomal_acid_lipase_deficiency')"
C579246,14085,Negative_Correlation,@CHEMICAL_4_((2_carboxyethyl)hydroxyphosphinyl)_3_oxobutyrate,@GENE_FAH,{'22871666'},['0.999'],"('@CHEMICAL_4_((2_carboxyethyl)hydroxyphosphinyl)_3_oxobutyrate', 'Negative_Correlation', '@GENE_FAH')"
D005764,4790,Association,@DISEASE_Gastroesophageal_Reflux,@GENE_NFKB1,{'35988839'},['0.998'],"('@DISEASE_Gastroesophageal_Reflux', 'Association', '@GENE_NFKB1')"
D011794,4790,Association,@CHEMICAL_Quercetin,@GENE_NFKB1,{'35988839'},['0.8543'],"('@CHEMICAL_Quercetin', 'Association', '@GENE_NFKB1')"
D007249,4790,Association,@DISEASE_Inflammation,@GENE_NFKB1,"{'22541897', '35988839'}","['0.9996', '0.9992']","('@DISEASE_Inflammation', 'Association', '@GENE_NFKB1')"
D011794,D005764,Negative_Correlation,@CHEMICAL_Quercetin,@DISEASE_Gastroesophageal_Reflux,{'35988839'},['0.9991'],"('@CHEMICAL_Quercetin', 'Negative_Correlation', '@DISEASE_Gastroesophageal_Reflux')"
C007835,D007249,Negative_Correlation,@CHEMICAL_geniposide,@DISEASE_Inflammation,{'35988839'},['0.9991'],"('@CHEMICAL_geniposide', 'Negative_Correlation', '@DISEASE_Inflammation')"
C007835,D005764,Negative_Correlation,@CHEMICAL_geniposide,@DISEASE_Gastroesophageal_Reflux,{'35988839'},['0.999'],"('@CHEMICAL_geniposide', 'Negative_Correlation', '@DISEASE_Gastroesophageal_Reflux')"
C007835,4790,Association,@CHEMICAL_geniposide,@GENE_NFKB1,{'35988839'},['0.9856'],"('@CHEMICAL_geniposide', 'Association', '@GENE_NFKB1')"
D004938,5925,Association,@DISEASE_Esophageal_Neoplasms,@GENE_RB1,{'32058552'},['0.9939'],"('@DISEASE_Esophageal_Neoplasms', 'Association', '@GENE_RB1')"
C077073,D014443,Cotreatment,@CHEMICAL_nitisinone,@CHEMICAL_Tyrosine,{'34736252'},['0.5888'],"('@CHEMICAL_nitisinone', 'Cotreatment', '@CHEMICAL_Tyrosine')"
D010649,D011488,Negative_Correlation,@CHEMICAL_Phenylalanine,@DISEASE_Protein_Deficiency,{'34736252'},['0.9812'],"('@CHEMICAL_Phenylalanine', 'Negative_Correlation', '@DISEASE_Protein_Deficiency')"
C077073,3081,Negative_Correlation,@CHEMICAL_nitisinone,@GENE_HGD,{'28690378'},['0.9989'],"('@CHEMICAL_nitisinone', 'Negative_Correlation', '@GENE_HGD')"
D001224,D000474,Association,@CHEMICAL_Aspartic_Acid,@DISEASE_Alkaptonuria,{'28028161'},['0.9853'],"('@CHEMICAL_Aspartic_Acid', 'Association', '@DISEASE_Alkaptonuria')"
D006025,D000474,Association,@CHEMICAL_Glycosaminoglycans,@DISEASE_Alkaptonuria,{'28028161'},['0.9971'],"('@CHEMICAL_Glycosaminoglycans', 'Association', '@DISEASE_Alkaptonuria')"
D001216,D000474,Association,@CHEMICAL_Asparagine,@DISEASE_Alkaptonuria,{'28028161'},['0.9867'],"('@CHEMICAL_Asparagine', 'Association', '@DISEASE_Alkaptonuria')"
C032538,D020719,Positive_Correlation,@CHEMICAL_4_cresol,@CHEMICAL_Glucuronides,{'33460909'},['0.83'],"('@CHEMICAL_4_cresol', 'Positive_Correlation', '@CHEMICAL_Glucuronides')"
D003348,D000474,Association,@CHEMICAL_Cortisone,@DISEASE_Alkaptonuria,{'13162835'},['0.9783'],"('@CHEMICAL_Cortisone', 'Association', '@DISEASE_Alkaptonuria')"
D002277,4311,Association,@DISEASE_Carcinoma,@GENE_MME,{'33794536'},['0.5722'],"('@DISEASE_Carcinoma', 'Association', '@GENE_MME')"
D009059,4311,Association,@DISEASE_Mouth_Diseases,@GENE_MME,{'33794536'},['0.6601'],"('@DISEASE_Mouth_Diseases', 'Association', '@GENE_MME')"
D015179,651,Association,@DISEASE_Colorectal_Neoplasms,@GENE_BMP3,{'29775793'},['0.9933'],"('@DISEASE_Colorectal_Neoplasms', 'Association', '@GENE_BMP3')"
D008228,10451,Association,@DISEASE_Lymphoma_Non_Hodgkin,@GENE_VAV3,{'29775793'},['0.9985'],"('@DISEASE_Lymphoma_Non_Hodgkin', 'Association', '@GENE_VAV3')"
D015179,10451,Association,@DISEASE_Colorectal_Neoplasms,@GENE_VAV3,{'29775793'},['0.9961'],"('@DISEASE_Colorectal_Neoplasms', 'Association', '@GENE_VAV3')"
D015179,65009,Association,@DISEASE_Colorectal_Neoplasms,@GENE_NDRG4,{'29775793'},['0.8766'],"('@DISEASE_Colorectal_Neoplasms', 'Association', '@GENE_NDRG4')"
D008228,651,Association,@DISEASE_Lymphoma_Non_Hodgkin,@GENE_BMP3,{'29775793'},['0.9962'],"('@DISEASE_Lymphoma_Non_Hodgkin', 'Association', '@GENE_BMP3')"
D015179,57713,Association,@DISEASE_Colorectal_Neoplasms,@GENE_SFMBT2,{'29775793'},['0.9864'],"('@DISEASE_Colorectal_Neoplasms', 'Association', '@GENE_SFMBT2')"
D017323,D000230,Negative_Correlation,@CHEMICAL_Dihematoporphyrin_Ether,@DISEASE_Adenocarcinoma,"{'16337389', '16185958'}","['0.9968', '0.985']","('@CHEMICAL_Dihematoporphyrin_Ether', 'Negative_Correlation', '@DISEASE_Adenocarcinoma')"
D014443,D005355,Association,@CHEMICAL_Tyrosine,@DISEASE_Fibrosis,{'401217'},['0.9978'],"('@CHEMICAL_Tyrosine', 'Association', '@DISEASE_Fibrosis')"
D019800,C531762,Positive_Correlation,@CHEMICAL_Phenol,@DISEASE_Alkaptonuric_ochronosis,{'26677264'},['0.997'],"('@CHEMICAL_Phenol', 'Positive_Correlation', '@DISEASE_Alkaptonuric_ochronosis')"
C031389,D009794,Positive_Correlation,@CHEMICAL_resorcinol,@DISEASE_Ochronosis,{'26677264'},['0.9981'],"('@CHEMICAL_resorcinol', 'Positive_Correlation', '@DISEASE_Ochronosis')"
C031389,C531762,Positive_Correlation,@CHEMICAL_resorcinol,@DISEASE_Alkaptonuric_ochronosis,{'26677264'},['0.9914'],"('@CHEMICAL_resorcinol', 'Positive_Correlation', '@DISEASE_Alkaptonuric_ochronosis')"
D019800,D009794,Positive_Correlation,@CHEMICAL_Phenol,@DISEASE_Ochronosis,"{'33344320', '26677264', '3734183'}","['0.9987', '0.9967', '0.9938']","('@CHEMICAL_Phenol', 'Positive_Correlation', '@DISEASE_Ochronosis')"
D019344,D007249,Association,@CHEMICAL_Lactic_Acid,@DISEASE_Inflammation,{'38540220'},['0.9929'],"('@CHEMICAL_Lactic_Acid', 'Association', '@DISEASE_Inflammation')"
D000250,D007249,Association,@CHEMICAL_Adenosine_Phosphosulfate,@DISEASE_Inflammation,{'38540220'},['0.996'],"('@CHEMICAL_Adenosine_Phosphosulfate', 'Association', '@DISEASE_Inflammation')"
C043029,D007249,Positive_Correlation,@CHEMICAL_N_butyrylglycine,@DISEASE_Inflammation,{'38540220'},['0.9991'],"('@CHEMICAL_N_butyrylglycine', 'Positive_Correlation', '@DISEASE_Inflammation')"
D005227,D007249,Association,@CHEMICAL_Fatty_Acids,@DISEASE_Inflammation,{'38540220'},['0.9831'],"('@CHEMICAL_Fatty_Acids', 'Association', '@DISEASE_Inflammation')"
C005087,D007249,Association,@CHEMICAL_alpha_ketobutyric_acid,@DISEASE_Inflammation,{'38540220'},['0.9984'],"('@CHEMICAL_alpha_ketobutyric_acid', 'Association', '@DISEASE_Inflammation')"
C013025,D007249,Negative_Correlation,@CHEMICAL_hydratropic_acid,@DISEASE_Inflammation,{'38540220'},['0.9924'],"('@CHEMICAL_hydratropic_acid', 'Negative_Correlation', '@DISEASE_Inflammation')"
D000597,D051436,Association,@CHEMICAL_Amino_Acids_Branched_Chain,@DISEASE_Renal_Insufficiency_Chronic,{'38540220'},['0.9985'],"('@CHEMICAL_Amino_Acids_Branched_Chain', 'Association', '@DISEASE_Renal_Insufficiency_Chronic')"
D006713,D007249,Negative_Correlation,@CHEMICAL_Homogentisic_Acid,@DISEASE_Inflammation,"{'38540220', '27754313', '29747410'}","['0.9985', '0.9986', '0.9942']","('@CHEMICAL_Homogentisic_Acid', 'Negative_Correlation', '@DISEASE_Inflammation')"
D019289,D007249,Positive_Correlation,@CHEMICAL_Pyruvic_Acid,@DISEASE_Inflammation,{'38540220'},['0.9921'],"('@CHEMICAL_Pyruvic_Acid', 'Positive_Correlation', '@DISEASE_Inflammation')"
C025138,D007249,Positive_Correlation,@CHEMICAL_dimethylglycine,@DISEASE_Inflammation,{'38540220'},['0.9981'],"('@CHEMICAL_dimethylglycine', 'Positive_Correlation', '@DISEASE_Inflammation')"
D000597,D007249,Association,@CHEMICAL_Amino_Acids_Branched_Chain,@DISEASE_Inflammation,{'38540220'},['0.9791'],"('@CHEMICAL_Amino_Acids_Branched_Chain', 'Association', '@DISEASE_Inflammation')"
D005227,D051436,Association,@CHEMICAL_Fatty_Acids,@DISEASE_Renal_Insufficiency_Chronic,{'38540220'},['0.8631'],"('@CHEMICAL_Fatty_Acids', 'Association', '@DISEASE_Renal_Insufficiency_Chronic')"
C010590,C077073,Negative_Correlation,@CHEMICAL_4_hydroxyphenylpyruvic_acid,@CHEMICAL_nitisinone,"{'25665838', '10083729'}","['0.9991', '0.9988']","('@CHEMICAL_4_hydroxyphenylpyruvic_acid', 'Negative_Correlation', '@CHEMICAL_nitisinone')"
C025787,D014443,Positive_Correlation,@CHEMICAL_N_acetyltyrosine,@CHEMICAL_Tyrosine,{'25665838'},['0.9556'],"('@CHEMICAL_N_acetyltyrosine', 'Positive_Correlation', '@CHEMICAL_Tyrosine')"
C010590,D000474,Association,@CHEMICAL_4_hydroxyphenylpyruvic_acid,@DISEASE_Alkaptonuria,{'25665838'},['0.3791'],"('@CHEMICAL_4_hydroxyphenylpyruvic_acid', 'Association', '@DISEASE_Alkaptonuria')"
C054674,D014443,Positive_Correlation,@CHEMICAL_gamma_glutamyltyrosine,@CHEMICAL_Tyrosine,{'25665838'},['0.9047'],"('@CHEMICAL_gamma_glutamyltyrosine', 'Positive_Correlation', '@CHEMICAL_Tyrosine')"
D019788,D009794,Association,@CHEMICAL_Fluorodeoxyglucose_F18,@DISEASE_Ochronosis,{'30829862'},['0.9894'],"('@CHEMICAL_Fluorodeoxyglucose_F18', 'Association', '@DISEASE_Ochronosis')"
D011803,D008288,Negative_Correlation,@CHEMICAL_Quinine,@DISEASE_Malaria,{'3734183'},['0.9986'],"('@CHEMICAL_Quinine', 'Negative_Correlation', '@DISEASE_Malaria')"
D019800,D007871,Negative_Correlation,@CHEMICAL_Phenol,@DISEASE_Leg_Ulcer,{'3734183'},['0.9956'],"('@CHEMICAL_Phenol', 'Negative_Correlation', '@DISEASE_Leg_Ulcer')"
D011803,D009794,Positive_Correlation,@CHEMICAL_Quinine,@DISEASE_Ochronosis,{'3734183'},['0.9993'],"('@CHEMICAL_Quinine', 'Positive_Correlation', '@DISEASE_Ochronosis')"
D019804,D007249,Negative_Correlation,@CHEMICAL_Mesalamine,@DISEASE_Inflammation,{'40204740'},['0.7626'],"('@CHEMICAL_Mesalamine', 'Negative_Correlation', '@DISEASE_Inflammation')"
D008107,2184,Association,@DISEASE_Liver_Diseases,@GENE_FAH,{'4064334'},['0.9989'],"('@DISEASE_Liver_Diseases', 'Association', '@GENE_FAH')"
D003866,210,Association,@DISEASE_Depressive_Disorder,@GENE_ALAD,{'4064334'},['0.9984'],"('@DISEASE_Depressive_Disorder', 'Association', '@GENE_ALAD')"
C020804,2184,Association,@CHEMICAL_succinylacetone,@GENE_FAH,"{'9305902', '4064334'}","['0.9424', '0.895']","('@CHEMICAL_succinylacetone', 'Association', '@GENE_FAH')"
D008107,210,Association,@DISEASE_Liver_Diseases,@GENE_ALAD,{'4064334'},['0.9915'],"('@DISEASE_Liver_Diseases', 'Association', '@GENE_ALAD')"
D014443,D003866,Positive_Correlation,@CHEMICAL_Tyrosine,@DISEASE_Depressive_Disorder,{'4064334'},['0.9989'],"('@CHEMICAL_Tyrosine', 'Positive_Correlation', '@DISEASE_Depressive_Disorder')"
D014443,210,Positive_Correlation,@CHEMICAL_Tyrosine,@GENE_ALAD,{'4064334'},['0.6163'],"('@CHEMICAL_Tyrosine', 'Positive_Correlation', '@GENE_ALAD')"
D001089,D014443,Association,@CHEMICAL_Arabinose,@CHEMICAL_Tyrosine,{'31029629'},['0.6483'],"('@CHEMICAL_Arabinose', 'Association', '@CHEMICAL_Tyrosine')"
C023793,882225,Association,@CHEMICAL_pyomelanin,@GENE_HPD,{'31029629'},['0.9995'],"('@CHEMICAL_pyomelanin', 'Association', '@GENE_HPD')"
D009369,3718,Association,@DISEASE_Neoplasms,@GENE_JAK3,{'39507544'},['0.9996'],"('@DISEASE_Neoplasms', 'Association', '@GENE_JAK3')"
D015179,3718,Association,@DISEASE_Colorectal_Neoplasms,@GENE_JAK3,{'39507544'},['0.9729'],"('@DISEASE_Colorectal_Neoplasms', 'Association', '@GENE_JAK3')"
D001241,D015179,Negative_Correlation,@CHEMICAL_Aspirin,@DISEASE_Colorectal_Neoplasms,{'39507544'},['0.615'],"('@CHEMICAL_Aspirin', 'Negative_Correlation', '@DISEASE_Colorectal_Neoplasms')"
D008228,3718,Association,@DISEASE_Lymphoma_Non_Hodgkin,@GENE_JAK3,{'39507544'},['0.8171'],"('@DISEASE_Lymphoma_Non_Hodgkin', 'Association', '@GENE_JAK3')"
D011809,D014443,Association,@CHEMICAL_Quinones,@CHEMICAL_Tyrosine,{'8382628'},['0.9925'],"('@CHEMICAL_Quinones', 'Association', '@CHEMICAL_Tyrosine')"
C004532,C100185,Negative_Correlation,@CHEMICAL_quinone,@CHEMICAL_(all_E)_phytoene,{'8382628'},['0.9718'],"('@CHEMICAL_quinone', 'Negative_Correlation', '@CHEMICAL_(all_E)_phytoene')"
D006713,D011809,Positive_Correlation,@CHEMICAL_Homogentisic_Acid,@CHEMICAL_Quinones,{'8382628'},['0.6744'],"('@CHEMICAL_Homogentisic_Acid', 'Positive_Correlation', '@CHEMICAL_Quinones')"
C004532,C079906,Negative_Correlation,@CHEMICAL_quinone,@CHEMICAL_sulcotrione,{'8382628'},['0.9992'],"('@CHEMICAL_quinone', 'Negative_Correlation', '@CHEMICAL_sulcotrione')"
D012964,D000474,Positive_Correlation,@CHEMICAL_Sodium,@DISEASE_Alkaptonuria,{'28192171'},['0.8174'],"('@CHEMICAL_Sodium', 'Positive_Correlation', '@DISEASE_Alkaptonuria')"
D006713,D011023,Negative_Correlation,@CHEMICAL_Homogentisic_Acid,@DISEASE_Pneumonia_Staphylococcal,{'37443717'},['0.999'],"('@CHEMICAL_Homogentisic_Acid', 'Negative_Correlation', '@DISEASE_Pneumonia_Staphylococcal')"
D009584,D008228,Negative_Correlation,@CHEMICAL_Nitrogen,@DISEASE_Lymphoma_Non_Hodgkin,"{'21826629', '28235596'}","['0.9865', '0.9981']","('@CHEMICAL_Nitrogen', 'Negative_Correlation', '@DISEASE_Lymphoma_Non_Hodgkin')"
D009584,D015792,Negative_Correlation,@CHEMICAL_Nitrogen,@DISEASE_Retinal_Dysplasia,"{'21826629', '23622979'}","['0.8293', '0.9992']","('@CHEMICAL_Nitrogen', 'Negative_Correlation', '@DISEASE_Retinal_Dysplasia')"
D010859,3569,Association,@DISEASE_Pigmentation_Disorders,@GENE_IL6,{'26474772'},['0.8744'],"('@DISEASE_Pigmentation_Disorders', 'Association', '@GENE_IL6')"
D006713,3569,Association,@CHEMICAL_Homogentisic_Acid,@GENE_IL6,{'26474772'},['0.9964'],"('@CHEMICAL_Homogentisic_Acid', 'Association', '@GENE_IL6')"
D002289,595,Association,@DISEASE_Carcinoma_Non_Small_Cell_Lung,@GENE_CCND1,{'10344760'},['0.9255'],"('@DISEASE_Carcinoma_Non_Small_Cell_Lung', 'Association', '@GENE_CCND1')"
D012175,7157,Association,@DISEASE_Retinoblastoma,@GENE_TP53,{'10344760'},['0.9703'],"('@DISEASE_Retinoblastoma', 'Association', '@GENE_TP53')"
D002294,595,Association,@DISEASE_Carcinoma_Squamous_Cell,@GENE_CCND1,{'10344760'},['0.9992'],"('@DISEASE_Carcinoma_Squamous_Cell', 'Association', '@GENE_CCND1')"
D012175,595,Association,@DISEASE_Retinoblastoma,@GENE_CCND1,{'10344760'},['0.9937'],"('@DISEASE_Retinoblastoma', 'Association', '@GENE_CCND1')"
D001982,595,Association,@DISEASE_Bronchial_Diseases,@GENE_CCND1,{'10344760'},['0.9975'],"('@DISEASE_Bronchial_Diseases', 'Association', '@GENE_CCND1')"
D006713,D000094724,Association,@CHEMICAL_Homogentisic_Acid,@DISEASE_Idiopathic_Noncirrhotic_Portal_Hypertension,{'6109601'},['0.9968'],"('@CHEMICAL_Homogentisic_Acid', 'Association', '@DISEASE_Idiopathic_Noncirrhotic_Portal_Hypertension')"
D014443,D000094724,Association,@CHEMICAL_Tyrosine,@DISEASE_Idiopathic_Noncirrhotic_Portal_Hypertension,{'6109601'},['0.9963'],"('@CHEMICAL_Tyrosine', 'Association', '@DISEASE_Idiopathic_Noncirrhotic_Portal_Hypertension')"
##c.334T>G,D003866,Positive_Correlation,,@DISEASE_Depressive_Disorder,{'33746036'},"['0.9645', '0.9889', '0.9007', '0.9668']","(None, 'Positive_Correlation', '@DISEASE_Depressive_Disorder')"
D010649,D010661,Negative_Correlation,@CHEMICAL_Phenylalanine,@DISEASE_Phenylketonurias,{'1209606'},['0.8932'],"('@CHEMICAL_Phenylalanine', 'Negative_Correlation', '@DISEASE_Phenylketonurias')"
C017648,D010649,Positive_Correlation,@CHEMICAL_3_phenyllactic_acid,@CHEMICAL_Phenylalanine,"{'1209606', '11243724'}","['0.7537', '0.6138']","('@CHEMICAL_3_phenyllactic_acid', 'Positive_Correlation', '@CHEMICAL_Phenylalanine')"
C017648,D010661,Association,@CHEMICAL_3_phenyllactic_acid,@DISEASE_Phenylketonurias,"{'1209606', '11243724'}","['0.7014', '0.9979']","('@CHEMICAL_3_phenyllactic_acid', 'Association', '@DISEASE_Phenylketonurias')"
C005756,D010661,Association,@CHEMICAL_2_hydroxyphenylacetic_acid,@DISEASE_Phenylketonurias,{'1209606'},['0.9305'],"('@CHEMICAL_2_hydroxyphenylacetic_acid', 'Association', '@DISEASE_Phenylketonurias')"
C031606,D010661,Association,@CHEMICAL_phenylpyruvic_acid,@DISEASE_Phenylketonurias,"{'1209606', '11243724'}","['0.6837', '0.9984']","('@CHEMICAL_phenylpyruvic_acid', 'Association', '@DISEASE_Phenylketonurias')"
14085,22173,Association,@GENE_FAH,@GENE_TYR,{'12137232'},['0.6282'],"('@GENE_FAH', 'Association', '@GENE_TYR')"
D006973,14085,Negative_Correlation,@DISEASE_Hypertension,@GENE_FAH,{'12137232'},['0.6738'],"('@DISEASE_Hypertension', 'Negative_Correlation', '@GENE_FAH')"
D006713,D007418,Association,@CHEMICAL_Homogentisic_Acid,@DISEASE_Intestinal_Pseudo_Obstruction,{'12137232'},['0.8898'],"('@CHEMICAL_Homogentisic_Acid', 'Association', '@DISEASE_Intestinal_Pseudo_Obstruction')"
D009477,14085,Negative_Correlation,@DISEASE_Hereditary_Sensory_and_Autonomic_Neuropathies,@GENE_FAH,{'12137232'},"['0.984', '0.7319']","('@DISEASE_Hereditary_Sensory_and_Autonomic_Neuropathies', 'Negative_Correlation', '@GENE_FAH')"
C105171,D000141,Association,@CHEMICAL_fumarylacetoacetate,@DISEASE_Acidosis_Renal_Tubular,{'12137232'},['0.9842'],"('@CHEMICAL_fumarylacetoacetate', 'Association', '@DISEASE_Acidosis_Renal_Tubular')"
D006713,D006969,Negative_Correlation,@CHEMICAL_Homogentisic_Acid,@DISEASE_Hypersensitivity_Immediate,{'12137232'},['0.7194'],"('@CHEMICAL_Homogentisic_Acid', 'Negative_Correlation', '@DISEASE_Hypersensitivity_Immediate')"
14085,15445,Association,@GENE_FAH,@GENE_HPD,{'12137232'},['0.9668'],"('@GENE_FAH', 'Association', '@GENE_HPD')"
D006713,D000141,Negative_Correlation,@CHEMICAL_Homogentisic_Acid,@DISEASE_Acidosis_Renal_Tubular,{'12137232'},['0.9846'],"('@CHEMICAL_Homogentisic_Acid', 'Negative_Correlation', '@DISEASE_Acidosis_Renal_Tubular')"
D006969,14085,Association,@DISEASE_Hypersensitivity_Immediate,@GENE_FAH,{'12137232'},['0.9975'],"('@DISEASE_Hypersensitivity_Immediate', 'Association', '@GENE_FAH')"
D002386,#1421#p.P23T,Association,@DISEASE_Cataract,@VARIANT_p.P23T_CRYGD_human,{'17923670'},['0.9992'],"('@DISEASE_Cataract', 'Association', '@VARIANT_p.P23T_CRYGD_human')"
D000438,D003072,Positive_Correlation,@CHEMICAL_Alcohols,@DISEASE_Cognition_Disorders,{'39229571'},['0.999'],"('@CHEMICAL_Alcohols', 'Positive_Correlation', '@DISEASE_Cognition_Disorders')"
117519,24451,Association,@GENE_KEAP1,@GENE_HMOX1,{'39229571'},['0.985'],"('@GENE_KEAP1', 'Association', '@GENE_HMOX1')"
D000438,D001930,Positive_Correlation,@CHEMICAL_Alcohols,@DISEASE_Brain_Injuries,{'39229571'},['0.9683'],"('@CHEMICAL_Alcohols', 'Positive_Correlation', '@DISEASE_Brain_Injuries')"
D003093,26419,Association,@DISEASE_Colitis_Ulcerative,@GENE_MAPK8,{'37541400'},['0.999'],"('@DISEASE_Colitis_Ulcerative', 'Association', '@GENE_MAPK8')"
D007249,16176,Association,@DISEASE_Inflammation,@GENE_IL1B,{'37541400'},['0.9995'],"('@DISEASE_Inflammation', 'Association', '@GENE_IL1B')"
D003093,26416,Association,@DISEASE_Colitis_Ulcerative,@GENE_MAPK14,{'37541400'},['0.9981'],"('@DISEASE_Colitis_Ulcerative', 'Association', '@GENE_MAPK14')"
D003108,12737,Association,@DISEASE_Colonic_Diseases,@GENE_CLDN1,{'37541400'},['0.9995'],"('@DISEASE_Colonic_Diseases', 'Association', '@GENE_CLDN1')"
D003093,11812,Association,@DISEASE_Colitis_Ulcerative,@GENE_APOC1,{'37541400'},['0.999'],"('@DISEASE_Colitis_Ulcerative', 'Association', '@GENE_APOC1')"
D014443,D011488,Association,@CHEMICAL_Tyrosine,@DISEASE_Protein_Deficiency,{'35028270'},['0.9827'],"('@CHEMICAL_Tyrosine', 'Association', '@DISEASE_Protein_Deficiency')"
D010649,D011488,Association,@CHEMICAL_Phenylalanine,@DISEASE_Protein_Deficiency,{'35028270'},['0.9718'],"('@CHEMICAL_Phenylalanine', 'Association', '@DISEASE_Protein_Deficiency')"
D014508,D011488,Association,@CHEMICAL_Urea,@DISEASE_Protein_Deficiency,{'35028270'},['0.872'],"('@CHEMICAL_Urea', 'Association', '@DISEASE_Protein_Deficiency')"
C077073,D015431,Positive_Correlation,@CHEMICAL_nitisinone,@DISEASE_Weight_Loss,{'35028270'},['0.9992'],"('@CHEMICAL_nitisinone', 'Positive_Correlation', '@DISEASE_Weight_Loss')"
C077073,D011488,Association,@CHEMICAL_nitisinone,@DISEASE_Protein_Deficiency,{'35028270'},['0.998'],"('@CHEMICAL_nitisinone', 'Association', '@DISEASE_Protein_Deficiency')"
D014443,D044342,Negative_Correlation,@CHEMICAL_Tyrosine,@DISEASE_Malnutrition,{'35028270'},['0.5372'],"('@CHEMICAL_Tyrosine', 'Negative_Correlation', '@DISEASE_Malnutrition')"
D010649,D044342,Negative_Correlation,@CHEMICAL_Phenylalanine,@DISEASE_Malnutrition,{'35028270'},['0.7568'],"('@CHEMICAL_Phenylalanine', 'Negative_Correlation', '@DISEASE_Malnutrition')"
D005227,D020155,Association,@CHEMICAL_Fatty_Acids,@CHEMICAL_3_Hydroxybutyric_Acid,{'30910689'},['0.9781'],"('@CHEMICAL_Fatty_Acids', 'Association', '@CHEMICAL_3_Hydroxybutyric_Acid')"
D005227,D005947,Association,@CHEMICAL_Fatty_Acids,@CHEMICAL_Glucose,{'30910689'},['0.9862'],"('@CHEMICAL_Fatty_Acids', 'Association', '@CHEMICAL_Glucose')"
D000622,D003251,Negative_Correlation,@CHEMICAL_Aminolevulinic_Acid,@DISEASE_Constriction_Pathologic,{'22699800'},['0.8499'],"('@CHEMICAL_Aminolevulinic_Acid', 'Negative_Correlation', '@DISEASE_Constriction_Pathologic')"
D017323,D003251,Positive_Correlation,@CHEMICAL_Dihematoporphyrin_Ether,@DISEASE_Constriction_Pathologic,{'22699800'},['0.999'],"('@CHEMICAL_Dihematoporphyrin_Ether', 'Positive_Correlation', '@DISEASE_Constriction_Pathologic')"
D000622,D017323,Comparison,@CHEMICAL_Aminolevulinic_Acid,@CHEMICAL_Dihematoporphyrin_Ether,{'22699800'},['0.7367'],"('@CHEMICAL_Aminolevulinic_Acid', 'Comparison', '@CHEMICAL_Dihematoporphyrin_Ether')"
D013912,D006130,Negative_Correlation,@CHEMICAL_Threonine,@DISEASE_Growth_Disorders,{'15052'},['0.9717'],"('@CHEMICAL_Threonine', 'Negative_Correlation', '@DISEASE_Growth_Disorders')"
D014443,24813,Positive_Correlation,@CHEMICAL_Tyrosine,@GENE_TAT,"{'241442', '15052'}","['0.9993', '0.984']","('@CHEMICAL_Tyrosine', 'Positive_Correlation', '@GENE_TAT')"
D008715,D010636,Negative_Correlation,@CHEMICAL_Methionine,@CHEMICAL_Phenols,{'15052'},['0.9989'],"('@CHEMICAL_Methionine', 'Negative_Correlation', '@CHEMICAL_Phenols')"
D008715,D064420,Association,@CHEMICAL_Methionine,@DISEASE_Drug_Related_Side_Effects_and_Adverse_Reactions,{'15052'},['0.9625'],"('@CHEMICAL_Methionine', 'Association', '@DISEASE_Drug_Related_Side_Effects_and_Adverse_Reactions')"
D010636,D014443,Positive_Correlation,@CHEMICAL_Phenols,@CHEMICAL_Tyrosine,{'15052'},['0.9991'],"('@CHEMICAL_Phenols', 'Positive_Correlation', '@CHEMICAL_Tyrosine')"
D014443,D064420,Negative_Correlation,@CHEMICAL_Tyrosine,@DISEASE_Drug_Related_Side_Effects_and_Adverse_Reactions,{'15052'},['0.88'],"('@CHEMICAL_Tyrosine', 'Negative_Correlation', '@DISEASE_Drug_Related_Side_Effects_and_Adverse_Reactions')"
C010590,D008715,Negative_Correlation,@CHEMICAL_4_hydroxyphenylpyruvic_acid,@CHEMICAL_Methionine,{'15052'},['0.9991'],"('@CHEMICAL_4_hydroxyphenylpyruvic_acid', 'Negative_Correlation', '@CHEMICAL_Methionine')"
D008715,D006130,Negative_Correlation,@CHEMICAL_Methionine,@DISEASE_Growth_Disorders,{'15052'},['0.9633'],"('@CHEMICAL_Methionine', 'Negative_Correlation', '@DISEASE_Growth_Disorders')"
D013912,D013568,Negative_Correlation,@CHEMICAL_Threonine,@DISEASE_Pathological_Conditions_Signs_and_Symptoms,{'15052'},['0.9982'],"('@CHEMICAL_Threonine', 'Negative_Correlation', '@DISEASE_Pathological_Conditions_Signs_and_Symptoms')"
D008715,D014443,Negative_Correlation,@CHEMICAL_Methionine,@CHEMICAL_Tyrosine,{'15052'},['0.9961'],"('@CHEMICAL_Methionine', 'Negative_Correlation', '@CHEMICAL_Tyrosine')"
D008715,24813,Negative_Correlation,@CHEMICAL_Methionine,@GENE_TAT,{'15052'},['0.8849'],"('@CHEMICAL_Methionine', 'Negative_Correlation', '@GENE_TAT')"
D014443,D006130,Positive_Correlation,@CHEMICAL_Tyrosine,@DISEASE_Growth_Disorders,{'15052'},['0.9986'],"('@CHEMICAL_Tyrosine', 'Positive_Correlation', '@DISEASE_Growth_Disorders')"
C010590,D013912,Negative_Correlation,@CHEMICAL_4_hydroxyphenylpyruvic_acid,@CHEMICAL_Threonine,{'15052'},['0.9991'],"('@CHEMICAL_4_hydroxyphenylpyruvic_acid', 'Negative_Correlation', '@CHEMICAL_Threonine')"
D013912,D064420,Association,@CHEMICAL_Threonine,@DISEASE_Drug_Related_Side_Effects_and_Adverse_Reactions,{'15052'},['0.9289'],"('@CHEMICAL_Threonine', 'Association', '@DISEASE_Drug_Related_Side_Effects_and_Adverse_Reactions')"
D008715,D013568,Negative_Correlation,@CHEMICAL_Methionine,@DISEASE_Pathological_Conditions_Signs_and_Symptoms,{'15052'},['0.9975'],"('@CHEMICAL_Methionine', 'Negative_Correlation', '@DISEASE_Pathological_Conditions_Signs_and_Symptoms')"
D014443,D013568,Positive_Correlation,@CHEMICAL_Tyrosine,@DISEASE_Pathological_Conditions_Signs_and_Symptoms,{'15052'},['0.9986'],"('@CHEMICAL_Tyrosine', 'Positive_Correlation', '@DISEASE_Pathological_Conditions_Signs_and_Symptoms')"
D013912,24813,Negative_Correlation,@CHEMICAL_Threonine,@GENE_TAT,{'15052'},['0.8042'],"('@CHEMICAL_Threonine', 'Negative_Correlation', '@GENE_TAT')"
D010636,D013912,Negative_Correlation,@CHEMICAL_Phenols,@CHEMICAL_Threonine,{'15052'},['0.9991'],"('@CHEMICAL_Phenols', 'Negative_Correlation', '@CHEMICAL_Threonine')"
D013912,D014443,Negative_Correlation,@CHEMICAL_Threonine,@CHEMICAL_Tyrosine,{'15052'},['0.9978'],"('@CHEMICAL_Threonine', 'Negative_Correlation', '@CHEMICAL_Tyrosine')"
D000230,29126,Association,@DISEASE_Adenocarcinoma,@GENE_CD274,{'35181584'},['0.9974'],"('@DISEASE_Adenocarcinoma', 'Association', '@GENE_CD274')"
D008228,5133,Association,@DISEASE_Lymphoma_Non_Hodgkin,@GENE_PDCD1,{'35181584'},['0.9988'],"('@DISEASE_Lymphoma_Non_Hodgkin', 'Association', '@GENE_PDCD1')"
D000230,5133,Association,@DISEASE_Adenocarcinoma,@GENE_PDCD1,{'35181584'},['0.9995'],"('@DISEASE_Adenocarcinoma', 'Association', '@GENE_PDCD1')"
C040048,D015032,Association,@CHEMICAL_caffeic_acid,@CHEMICAL_Zinc,{'40521493'},['0.9728'],"('@CHEMICAL_caffeic_acid', 'Association', '@CHEMICAL_Zinc')"
D001216,D006713,Association,@CHEMICAL_Asparagine,@CHEMICAL_Homogentisic_Acid,{'40521493'},['0.997'],"('@CHEMICAL_Asparagine', 'Association', '@CHEMICAL_Homogentisic_Acid')"
C009091,D015032,Association,@CHEMICAL_protocatechuic_acid,@CHEMICAL_Zinc,{'40521493'},['0.9922'],"('@CHEMICAL_protocatechuic_acid', 'Association', '@CHEMICAL_Zinc')"
D005973,D006713,Association,@CHEMICAL_Glutamine,@CHEMICAL_Homogentisic_Acid,{'40521493'},['0.9952'],"('@CHEMICAL_Glutamine', 'Association', '@CHEMICAL_Homogentisic_Acid')"
D006713,D015032,Association,@CHEMICAL_Homogentisic_Acid,@CHEMICAL_Zinc,{'40521493'},['0.9971'],"('@CHEMICAL_Homogentisic_Acid', 'Association', '@CHEMICAL_Zinc')"
C040048,D005973,Association,@CHEMICAL_caffeic_acid,@CHEMICAL_Glutamine,{'40521493'},['0.9749'],"('@CHEMICAL_caffeic_acid', 'Association', '@CHEMICAL_Glutamine')"
C040048,D001216,Association,@CHEMICAL_caffeic_acid,@CHEMICAL_Asparagine,{'40521493'},['0.9941'],"('@CHEMICAL_caffeic_acid', 'Association', '@CHEMICAL_Asparagine')"
D001216,D006859,Association,@CHEMICAL_Asparagine,@CHEMICAL_Hydrogen,{'40521493'},['0.9614'],"('@CHEMICAL_Asparagine', 'Association', '@CHEMICAL_Hydrogen')"
D005973,D006859,Association,@CHEMICAL_Glutamine,@CHEMICAL_Hydrogen,{'40521493'},['0.9701'],"('@CHEMICAL_Glutamine', 'Association', '@CHEMICAL_Hydrogen')"
C009091,D006859,Positive_Correlation,@CHEMICAL_protocatechuic_acid,@CHEMICAL_Hydrogen,{'40521493'},['0.3589'],"('@CHEMICAL_protocatechuic_acid', 'Positive_Correlation', '@CHEMICAL_Hydrogen')"
C009091,D005973,Association,@CHEMICAL_protocatechuic_acid,@CHEMICAL_Glutamine,{'40521493'},['0.9882'],"('@CHEMICAL_protocatechuic_acid', 'Association', '@CHEMICAL_Glutamine')"
C009091,D001216,Association,@CHEMICAL_protocatechuic_acid,@CHEMICAL_Asparagine,{'40521493'},['0.9901'],"('@CHEMICAL_protocatechuic_acid', 'Association', '@CHEMICAL_Asparagine')"
D009369,72289,Association,@DISEASE_Neoplasms,@GENE_MALAT1,{'40860202'},['0.9964'],"('@DISEASE_Neoplasms', 'Association', '@GENE_MALAT1')"
C005955,140488,Association,@CHEMICAL_6_methyladenine,@GENE_IGF2BP3,{'40860202'},['0.8244'],"('@CHEMICAL_6_methyladenine', 'Association', '@GENE_IGF2BP3')"
C005955,72289,Association,@CHEMICAL_6_methyladenine,@GENE_MALAT1,{'40860202'},['0.9994'],"('@CHEMICAL_6_methyladenine', 'Association', '@GENE_MALAT1')"
D009841,D008113,Negative_Correlation,@CHEMICAL_Oligonucleotides,@DISEASE_Liver_Neoplasms,{'40860202'},['0.9572'],"('@CHEMICAL_Oligonucleotides', 'Negative_Correlation', '@DISEASE_Liver_Neoplasms')"
D009841,72289,Association,@CHEMICAL_Oligonucleotides,@GENE_MALAT1,{'40860202'},['0.9'],"('@CHEMICAL_Oligonucleotides', 'Association', '@GENE_MALAT1')"
D008113,72289,Negative_Correlation,@DISEASE_Liver_Neoplasms,@GENE_MALAT1,{'40860202'},['0.9472'],"('@DISEASE_Liver_Neoplasms', 'Negative_Correlation', '@GENE_MALAT1')"
C010223,72289,Association,@CHEMICAL_N_methyladenosine,@GENE_MALAT1,{'40860202'},['0.5529'],"('@CHEMICAL_N_methyladenosine', 'Association', '@GENE_MALAT1')"
D009841,D009369,Negative_Correlation,@CHEMICAL_Oligonucleotides,@DISEASE_Neoplasms,{'40860202'},['0.7168'],"('@CHEMICAL_Oligonucleotides', 'Negative_Correlation', '@DISEASE_Neoplasms')"
D006528,140488,Association,@DISEASE_Carcinoma_Hepatocellular,@GENE_IGF2BP3,{'40860202'},['0.9988'],"('@DISEASE_Carcinoma_Hepatocellular', 'Association', '@GENE_IGF2BP3')"
140488,72289,Association,@GENE_IGF2BP3,@GENE_MALAT1,{'40860202'},['0.9917'],"('@GENE_IGF2BP3', 'Association', '@GENE_MALAT1')"
D006528,72289,Association,@DISEASE_Carcinoma_Hepatocellular,@GENE_MALAT1,{'40860202'},['0.9286'],"('@DISEASE_Carcinoma_Hepatocellular', 'Association', '@GENE_MALAT1')"
D003348,D009794,Negative_Correlation,@CHEMICAL_Cortisone,@DISEASE_Ochronosis,{'13281949'},['0.9396'],"('@CHEMICAL_Cortisone', 'Negative_Correlation', '@DISEASE_Ochronosis')"
D003348,D010003,Negative_Correlation,@CHEMICAL_Cortisone,@DISEASE_Osteoarthritis,{'13281949'},['0.4796'],"('@CHEMICAL_Cortisone', 'Negative_Correlation', '@DISEASE_Osteoarthritis')"
D003348,D000474,Negative_Correlation,@CHEMICAL_Cortisone,@DISEASE_Alkaptonuria,{'13281949'},['0.9423'],"('@CHEMICAL_Cortisone', 'Negative_Correlation', '@DISEASE_Alkaptonuria')"
D017382,D063646,Association,@CHEMICAL_Reactive_Oxygen_Species,@DISEASE_Carcinogenesis,{'22541897'},['0.9731'],"('@CHEMICAL_Reactive_Oxygen_Species', 'Association', '@DISEASE_Carcinogenesis')"
D011453,D063646,Association,@CHEMICAL_Prostaglandins,@DISEASE_Carcinogenesis,{'22541897'},['0.945'],"('@CHEMICAL_Prostaglandins', 'Association', '@DISEASE_Carcinogenesis')"
D017382,D007249,Association,@CHEMICAL_Reactive_Oxygen_Species,@DISEASE_Inflammation,"{'22541897', '8000039'}","['0.919', '0.9857']","('@CHEMICAL_Reactive_Oxygen_Species', 'Association', '@DISEASE_Inflammation')"
D063646,4790,Association,@DISEASE_Carcinogenesis,@GENE_NFKB1,{'22541897'},['0.9958'],"('@DISEASE_Carcinogenesis', 'Association', '@GENE_NFKB1')"
D011453,D007249,Association,@CHEMICAL_Prostaglandins,@DISEASE_Inflammation,{'22541897'},['0.9959'],"('@CHEMICAL_Prostaglandins', 'Association', '@DISEASE_Inflammation')"
D007555,5720386,Negative_Correlation,@CHEMICAL_Isoxazoles,@GENE_CHLRE_09G399030V5,{'33301336'},['0.9982'],"('@CHEMICAL_Isoxazoles', 'Negative_Correlation', '@GENE_CHLRE_09G399030V5')"
D000230,406949,Association,@DISEASE_Adenocarcinoma,@GENE_MIR15B,{'21407181'},['0.9959'],"('@DISEASE_Adenocarcinoma', 'Association', '@GENE_MIR15B')"
D001471,406949,Association,@DISEASE_Barrett_Esophagus,@GENE_MIR15B,{'21407181'},['0.9991'],"('@DISEASE_Barrett_Esophagus', 'Association', '@GENE_MIR15B')"
D001471,406991,Association,@DISEASE_Barrett_Esophagus,@GENE_MIR21,"{'21407181', '23724052'}","['0.9986', '0.999']","('@DISEASE_Barrett_Esophagus', 'Association', '@GENE_MIR21')"
D001471,406967,Association,@DISEASE_Barrett_Esophagus,@GENE_MIR192,"{'26572780', '21407181', '23724052'}","['0.9994', '0.9969', '0.994']","('@DISEASE_Barrett_Esophagus', 'Association', '@GENE_MIR192')"
D001471,406986,Association,@DISEASE_Barrett_Esophagus,@GENE_MIR203A,"{'26572780', '21407181'}","['0.9995', '0.9936']","('@DISEASE_Barrett_Esophagus', 'Association', '@GENE_MIR203A')"
D000230,406937,Association,@DISEASE_Adenocarcinoma,@GENE_MIR145,{'21407181'},['0.9865'],"('@DISEASE_Adenocarcinoma', 'Association', '@GENE_MIR145')"
D008228,406991,Association,@DISEASE_Lymphoma_Non_Hodgkin,@GENE_MIR21,{'21407181'},['0.9801'],"('@DISEASE_Lymphoma_Non_Hodgkin', 'Association', '@GENE_MIR21')"
D008228,406949,Association,@DISEASE_Lymphoma_Non_Hodgkin,@GENE_MIR15B,{'21407181'},['0.9137'],"('@DISEASE_Lymphoma_Non_Hodgkin', 'Association', '@GENE_MIR15B')"
D001471,406937,Association,@DISEASE_Barrett_Esophagus,@GENE_MIR145,{'21407181'},['0.9994'],"('@DISEASE_Barrett_Esophagus', 'Association', '@GENE_MIR145')"
D000230,406991,Association,@DISEASE_Adenocarcinoma,@GENE_MIR21,"{'21407181', '23724052'}","['0.9991', '0.9996']","('@DISEASE_Adenocarcinoma', 'Association', '@GENE_MIR21')"
D008228,406986,Association,@DISEASE_Lymphoma_Non_Hodgkin,@GENE_MIR203A,"{'26572780', '21407181'}","['0.9801', '0.7855']","('@DISEASE_Lymphoma_Non_Hodgkin', 'Association', '@GENE_MIR203A')"
D000230,406986,Association,@DISEASE_Adenocarcinoma,@GENE_MIR203A,"{'21407181', '23724052'}","['0.9992', '0.9222']","('@DISEASE_Adenocarcinoma', 'Association', '@GENE_MIR203A')"
D001471,1956,Association,@DISEASE_Barrett_Esophagus,@GENE_EGFR,"{'21157443', '18854267'}","['0.9958', '0.9987']","('@DISEASE_Barrett_Esophagus', 'Association', '@GENE_EGFR')"
D008228,1499,Association,@DISEASE_Lymphoma_Non_Hodgkin,@GENE_CTNNB1,"{'18854267', '21263251', '29436014'}","['0.9995', '0.9863', '0.9834']","('@DISEASE_Lymphoma_Non_Hodgkin', 'Association', '@GENE_CTNNB1')"
D001471,1499,Association,@DISEASE_Barrett_Esophagus,@GENE_CTNNB1,{'18854267'},['0.9993'],"('@DISEASE_Barrett_Esophagus', 'Association', '@GENE_CTNNB1')"
D008228,595,Association,@DISEASE_Lymphoma_Non_Hodgkin,@GENE_CCND1,"{'18665038', '18854267', '11894407'}","['0.9972', '0.9886', '0.5584']","('@DISEASE_Lymphoma_Non_Hodgkin', 'Association', '@GENE_CCND1')"
D009369,4089,Association,@DISEASE_Neoplasms,@GENE_SMAD4,{'18854267'},['0.8837'],"('@DISEASE_Neoplasms', 'Association', '@GENE_SMAD4')"
C011483,D008031,Association,@CHEMICAL_4_hydroxybenzaldehyde,@CHEMICAL_Lignin,{'38789935'},['0.9954'],"('@CHEMICAL_4_hydroxybenzaldehyde', 'Association', '@CHEMICAL_Lignin')"
D015792,3569,Association,@DISEASE_Retinal_Dysplasia,@GENE_IL6,{'19926618'},['0.993'],"('@DISEASE_Retinal_Dysplasia', 'Association', '@GENE_IL6')"
3569,9021,Association,@GENE_IL6,@GENE_SOCS3,{'19926618'},['0.891'],"('@GENE_IL6', 'Association', '@GENE_SOCS3')"
D015792,6774,Association,@DISEASE_Retinal_Dysplasia,@GENE_STAT3,{'19926618'},['0.9927'],"('@DISEASE_Retinal_Dysplasia', 'Association', '@GENE_STAT3')"
D015179,6774,Association,@DISEASE_Colorectal_Neoplasms,@GENE_STAT3,{'19926618'},['0.9724'],"('@DISEASE_Colorectal_Neoplasms', 'Association', '@GENE_STAT3')"
D063646,3569,Association,@DISEASE_Carcinogenesis,@GENE_IL6,{'19926618'},['0.9997'],"('@DISEASE_Carcinogenesis', 'Association', '@GENE_IL6')"
3569,6774,Association,@GENE_IL6,@GENE_STAT3,{'19926618'},['0.9587'],"('@GENE_IL6', 'Association', '@GENE_STAT3')"
6774,9021,Association,@GENE_STAT3,@GENE_SOCS3,{'19926618'},['0.6972'],"('@GENE_STAT3', 'Association', '@GENE_SOCS3')"
D009369,6774,Association,@DISEASE_Neoplasms,@GENE_STAT3,{'19926618'},"['0.9994', '0.995']","('@DISEASE_Neoplasms', 'Association', '@GENE_STAT3')"
D003093,3569,Association,@DISEASE_Colitis_Ulcerative,@GENE_IL6,{'19926618'},['0.9883'],"('@DISEASE_Colitis_Ulcerative', 'Association', '@GENE_IL6')"
D063646,9021,Association,@DISEASE_Carcinogenesis,@GENE_SOCS3,{'19926618'},['0.9997'],"('@DISEASE_Carcinogenesis', 'Association', '@GENE_SOCS3')"
D003093,9021,Association,@DISEASE_Colitis_Ulcerative,@GENE_SOCS3,{'19926618'},['0.9997'],"('@DISEASE_Colitis_Ulcerative', 'Association', '@GENE_SOCS3')"
D009369,3569,Association,@DISEASE_Neoplasms,@GENE_IL6,{'19926618'},['0.9987'],"('@DISEASE_Neoplasms', 'Association', '@GENE_IL6')"
D003093,6774,Association,@DISEASE_Colitis_Ulcerative,@GENE_STAT3,{'19926618'},['0.9988'],"('@DISEASE_Colitis_Ulcerative', 'Association', '@GENE_STAT3')"
D015179,9021,Association,@DISEASE_Colorectal_Neoplasms,@GENE_SOCS3,{'19926618'},['0.9455'],"('@DISEASE_Colorectal_Neoplasms', 'Association', '@GENE_SOCS3')"
D000230,1036,Association,@DISEASE_Adenocarcinoma,@GENE_CDO1,{'32144623'},['0.9991'],"('@DISEASE_Adenocarcinoma', 'Association', '@GENE_CDO1')"
D000077779,1036,Association,@DISEASE_Pancreatic_Intraductal_Neoplasms,@GENE_CDO1,{'32144623'},['0.9994'],"('@DISEASE_Pancreatic_Intraductal_Neoplasms', 'Association', '@GENE_CDO1')"
D003550,1036,Association,@DISEASE_Cystic_Fibrosis,@GENE_CDO1,{'32144623'},['0.9924'],"('@DISEASE_Cystic_Fibrosis', 'Association', '@GENE_CDO1')"
D008228,1036,Association,@DISEASE_Lymphoma_Non_Hodgkin,@GENE_CDO1,{'32144623'},['0.9993'],"('@DISEASE_Lymphoma_Non_Hodgkin', 'Association', '@GENE_CDO1')"
D009361,1036,Association,@DISEASE_Neoplasm_Invasiveness,@GENE_CDO1,{'32144623'},['0.9612'],"('@DISEASE_Neoplasm_Invasiveness', 'Association', '@GENE_CDO1')"
C531762,#3081#p.L25P,Positive_Correlation,@DISEASE_Alkaptonuric_ochronosis,@VARIANT_p.L25P_HGD_human,{'10340975'},['0.6989'],"('@DISEASE_Alkaptonuric_ochronosis', 'Positive_Correlation', '@VARIANT_p.L25P_HGD_human')"
C531762,rs120074173##,Positive_Correlation,@DISEASE_Alkaptonuric_ochronosis,@VARIANT_p.M368V_HGD_human,{'10340975'},['0.6978'],"('@DISEASE_Alkaptonuric_ochronosis', 'Positive_Correlation', '@VARIANT_p.M368V_HGD_human')"
D024841,D007153,Association,@CHEMICAL_Fluoroquinolones,@DISEASE_Immunologic_Deficiency_Syndromes,{'34648885'},['0.9983'],"('@CHEMICAL_Fluoroquinolones', 'Association', '@DISEASE_Immunologic_Deficiency_Syndromes')"
D003907,D019289,Association,@CHEMICAL_Dexamethasone,@CHEMICAL_Pyruvic_Acid,{'37635925'},['0.9925'],"('@CHEMICAL_Dexamethasone', 'Association', '@CHEMICAL_Pyruvic_Acid')"
D002726,D019289,Association,@CHEMICAL_Chlorogenic_Acid,@CHEMICAL_Pyruvic_Acid,{'37635925'},['0.987'],"('@CHEMICAL_Chlorogenic_Acid', 'Association', '@CHEMICAL_Pyruvic_Acid')"
D002726,D003907,Association,@CHEMICAL_Chlorogenic_Acid,@CHEMICAL_Dexamethasone,{'37635925'},['0.7766'],"('@CHEMICAL_Chlorogenic_Acid', 'Association', '@CHEMICAL_Dexamethasone')"
D002726,423418,Positive_Correlation,@CHEMICAL_Chlorogenic_Acid,@GENE_LGMN,{'37635925'},['0.9993'],"('@CHEMICAL_Chlorogenic_Acid', 'Positive_Correlation', '@GENE_LGMN')"
C017704,D002726,Positive_Correlation,@CHEMICAL_beta_resorcylic_acid,@CHEMICAL_Chlorogenic_Acid,{'37635925'},['0.9977'],"('@CHEMICAL_beta_resorcylic_acid', 'Positive_Correlation', '@CHEMICAL_Chlorogenic_Acid')"
D002726,D005232,Positive_Correlation,@CHEMICAL_Chlorogenic_Acid,@CHEMICAL_Fatty_Acids_Volatile,{'37635925'},['0.999'],"('@CHEMICAL_Chlorogenic_Acid', 'Positive_Correlation', '@CHEMICAL_Fatty_Acids_Volatile')"
D002726,D006713,Association,@CHEMICAL_Chlorogenic_Acid,@CHEMICAL_Homogentisic_Acid,{'37635925'},['0.5003'],"('@CHEMICAL_Chlorogenic_Acid', 'Association', '@CHEMICAL_Homogentisic_Acid')"
D002726,408047,Positive_Correlation,@CHEMICAL_Chlorogenic_Acid,@GENE_TMSB4X,{'37635925'},['0.9992'],"('@CHEMICAL_Chlorogenic_Acid', 'Positive_Correlation', '@GENE_TMSB4X')"
C023793,D017382,Positive_Correlation,@CHEMICAL_pyomelanin,@CHEMICAL_Reactive_Oxygen_Species,{'29095994'},['0.9153'],"('@CHEMICAL_pyomelanin', 'Positive_Correlation', '@CHEMICAL_Reactive_Oxygen_Species')"
D000641,D009573,Positive_Correlation,@CHEMICAL_Ammonia,@CHEMICAL_Nitrites,{'17922755'},['0.7673'],"('@CHEMICAL_Ammonia', 'Positive_Correlation', '@CHEMICAL_Nitrites')"
D000641,D009566,Positive_Correlation,@CHEMICAL_Ammonia,@CHEMICAL_Nitrates,{'17922755'},['0.9805'],"('@CHEMICAL_Ammonia', 'Positive_Correlation', '@CHEMICAL_Nitrates')"
D010836,D014810,Association,@CHEMICAL_Phytol,@CHEMICAL_Vitamin_E,{'23247837'},['0.998'],"('@CHEMICAL_Phytol', 'Association', '@CHEMICAL_Vitamin_E')"
D002245,D006713,Association,@CHEMICAL_Carbon_Dioxide,@CHEMICAL_Homogentisic_Acid,"{'501206', '6407833'}","['0.4668', '0.9739']","('@CHEMICAL_Carbon_Dioxide', 'Association', '@CHEMICAL_Homogentisic_Acid')"
D010069,837168,Association,@CHEMICAL_Oxadiazoles,@GENE_PDS1,{'40015842'},['0.9833'],"('@CHEMICAL_Oxadiazoles', 'Association', '@GENE_PDS1')"
D000577,837168,Association,@CHEMICAL_Amides,@GENE_PDS1,{'40015842'},['0.9212'],"('@CHEMICAL_Amides', 'Association', '@GENE_PDS1')"
C432907,837168,Negative_Correlation,@CHEMICAL_mesotrione,@GENE_PDS1,{'40015842'},['0.9818'],"('@CHEMICAL_mesotrione', 'Negative_Correlation', '@GENE_PDS1')"
D002734,D006713,Positive_Correlation,@CHEMICAL_Chlorophyll,@CHEMICAL_Homogentisic_Acid,{'40015842'},['0.95'],"('@CHEMICAL_Chlorophyll', 'Positive_Correlation', '@CHEMICAL_Homogentisic_Acid')"
rs766074609##,D000474,Positive_Correlation,@VARIANT_c.1064T>C_GAA_human,@DISEASE_Alkaptonuria,{'23632174'},['0.7881'],"('@VARIANT_c.1064T>C_GAA_human', 'Positive_Correlation', '@DISEASE_Alkaptonuria')"
D006009,3081,Association,@DISEASE_Glycogen_Storage_Disease_Type_II,@GENE_HGD,{'23632174'},['0.999'],"('@DISEASE_Glycogen_Storage_Disease_Type_II', 'Association', '@GENE_HGD')"
"#2548#c.670C>T,C",D006009,Association,,@DISEASE_Glycogen_Storage_Disease_Type_II,{'23632174'},['0.6255'],"(None, 'Association', '@DISEASE_Glycogen_Storage_Disease_Type_II')"
rs766074609##,D006009,Association,@VARIANT_c.1064T>C_GAA_human,@DISEASE_Glycogen_Storage_Disease_Type_II,{'23632174'},['0.5774'],"('@VARIANT_c.1064T>C_GAA_human', 'Association', '@DISEASE_Glycogen_Storage_Disease_Type_II')"
D006009,6476,Negative_Correlation,@DISEASE_Glycogen_Storage_Disease_Type_II,@GENE_SI,{'23632174'},['0.9747'],"('@DISEASE_Glycogen_Storage_Disease_Type_II', 'Negative_Correlation', '@GENE_SI')"
D006713,6476,Negative_Correlation,@CHEMICAL_Homogentisic_Acid,@GENE_SI,"{'23632174', '29747410'}","['0.7506', '0.9991']","('@CHEMICAL_Homogentisic_Acid', 'Negative_Correlation', '@GENE_SI')"
D006003,D006009,Association,@CHEMICAL_Glycogen,@DISEASE_Glycogen_Storage_Disease_Type_II,{'23632174'},['0.993'],"('@CHEMICAL_Glycogen', 'Association', '@DISEASE_Glycogen_Storage_Disease_Type_II')"
D000474,6476,Association,@DISEASE_Alkaptonuria,@GENE_SI,{'23632174'},['0.8785'],"('@DISEASE_Alkaptonuria', 'Association', '@GENE_SI')"
D006009,2548,Association,@DISEASE_Glycogen_Storage_Disease_Type_II,@GENE_GAA,{'23632174'},"['0.9982', '0.6255']","('@DISEASE_Glycogen_Storage_Disease_Type_II', 'Association', '@GENE_GAA')"
D000474,2548,Association,@DISEASE_Alkaptonuria,@GENE_GAA,{'23632174'},['0.6277'],"('@DISEASE_Alkaptonuria', 'Association', '@GENE_GAA')"
D009369,56729,Association,@DISEASE_Neoplasms,@GENE_RETN,{'18979105'},['0.995'],"('@DISEASE_Neoplasms', 'Association', '@GENE_RETN')"
D063646,9370,Association,@DISEASE_Carcinogenesis,@GENE_ADIPOQ,{'18979105'},['0.9938'],"('@DISEASE_Carcinogenesis', 'Association', '@GENE_ADIPOQ')"
D063646,56729,Association,@DISEASE_Carcinogenesis,@GENE_RETN,{'18979105'},['0.9966'],"('@DISEASE_Carcinogenesis', 'Association', '@GENE_RETN')"
C563365,56729,Association,@DISEASE_Polyposis_Syndrome_Hereditary_Mixed_1,@GENE_RETN,{'18979105'},['0.9837'],"('@DISEASE_Polyposis_Syndrome_Hereditary_Mixed_1', 'Association', '@GENE_RETN')"
D009369,3952,Association,@DISEASE_Neoplasms,@GENE_LEP,{'18979105'},['0.912'],"('@DISEASE_Neoplasms', 'Association', '@GENE_LEP')"
D009369,9370,Negative_Correlation,@DISEASE_Neoplasms,@GENE_ADIPOQ,{'18979105'},['0.6154'],"('@DISEASE_Neoplasms', 'Negative_Correlation', '@GENE_ADIPOQ')"
D014364,421396,Association,@CHEMICAL_Tryptophan,@GENE_HAAO,{'38891602'},['0.6028'],"('@CHEMICAL_Tryptophan', 'Association', '@GENE_HAAO')"
C026785,421396,Negative_Correlation,@CHEMICAL_5_hydroxyindole,@GENE_HAAO,{'38891602'},['0.8681'],"('@CHEMICAL_5_hydroxyindole', 'Negative_Correlation', '@GENE_HAAO')"
D014439,D014443,Comparison,@CHEMICAL_Tyramine,@CHEMICAL_Tyrosine,{'18970894'},['0.3258'],"('@CHEMICAL_Tyramine', 'Comparison', '@CHEMICAL_Tyrosine')"
D055756,7157,Association,@DISEASE_Meningeal_Carcinomatosis,@GENE_TP53,{'38218351'},['0.9994'],"('@DISEASE_Meningeal_Carcinomatosis', 'Association', '@GENE_TP53')"
D000241,D000860,Association,@CHEMICAL_Adenosine,@DISEASE_Hypoxia,{'20577800'},['0.9978'],"('@CHEMICAL_Adenosine', 'Association', '@DISEASE_Hypoxia')"
D000241,D005947,Association,@CHEMICAL_Adenosine,@CHEMICAL_Glucose,{'20577800'},['0.6673'],"('@CHEMICAL_Adenosine', 'Association', '@CHEMICAL_Glucose')"
,D004938,Association,unknown,@DISEASE_Esophageal_Neoplasms,{'24013023'},['0.9328'],"('unknown', 'Association', '@DISEASE_Esophageal_Neoplasms')"
,D009369,Negative_Correlation,unknown,@DISEASE_Neoplasms,{'24013023'},['0.9646'],"('unknown', 'Negative_Correlation', '@DISEASE_Neoplasms')"
,D063646,Association,unknown,@DISEASE_Carcinogenesis,{'24013023'},['0.9498'],"('unknown', 'Association', '@DISEASE_Carcinogenesis')"
D008228,406967,Positive_Correlation,@DISEASE_Lymphoma_Non_Hodgkin,@GENE_MIR192,"{'26572780', '23724052'}","['0.5114', '0.9418']","('@DISEASE_Lymphoma_Non_Hodgkin', 'Positive_Correlation', '@GENE_MIR192')"
D013274,406991,Association,@DISEASE_Stomach_Neoplasms,@GENE_MIR21,{'23724052'},['0.9992'],"('@DISEASE_Stomach_Neoplasms', 'Association', '@GENE_MIR21')"
D004938,406983,Association,@DISEASE_Esophageal_Neoplasms,@GENE_MIR200A,{'23724052'},['0.9952'],"('@DISEASE_Esophageal_Neoplasms', 'Association', '@GENE_MIR200A')"
D004938,406967,Association,@DISEASE_Esophageal_Neoplasms,@GENE_MIR192,{'23724052'},['0.9892'],"('@DISEASE_Esophageal_Neoplasms', 'Association', '@GENE_MIR192')"
D008228,406991,Positive_Correlation,@DISEASE_Lymphoma_Non_Hodgkin,@GENE_MIR21,{'23724052'},['0.6494'],"('@DISEASE_Lymphoma_Non_Hodgkin', 'Positive_Correlation', '@GENE_MIR21')"
D009369,406986,Negative_Correlation,@DISEASE_Neoplasms,@GENE_MIR203A,{'23724052'},['0.6838'],"('@DISEASE_Neoplasms', 'Negative_Correlation', '@GENE_MIR203A')"
D000230,406988,Association,@DISEASE_Adenocarcinoma,@GENE_MIR205,{'23724052'},['0.9962'],"('@DISEASE_Adenocarcinoma', 'Association', '@GENE_MIR205')"
D001471,407035,Association,@DISEASE_Barrett_Esophagus,@GENE_MIR31,"{'22302717', '23724052'}","['0.999', '0.9995']","('@DISEASE_Barrett_Esophagus', 'Association', '@GENE_MIR31')"
D013274,442890,Association,@DISEASE_Stomach_Neoplasms,@GENE_MIR133B,{'23724052'},['0.9993'],"('@DISEASE_Stomach_Neoplasms', 'Association', '@GENE_MIR133B')"
D000230,406967,Association,@DISEASE_Adenocarcinoma,@GENE_MIR192,{'23724052'},['0.9989'],"('@DISEASE_Adenocarcinoma', 'Association', '@GENE_MIR192')"
D008228,407035,Positive_Correlation,@DISEASE_Lymphoma_Non_Hodgkin,@GENE_MIR31,{'23724052'},['0.6013'],"('@DISEASE_Lymphoma_Non_Hodgkin', 'Positive_Correlation', '@GENE_MIR31')"
D000230,442890,Association,@DISEASE_Adenocarcinoma,@GENE_MIR133B,{'23724052'},['0.9996'],"('@DISEASE_Adenocarcinoma', 'Association', '@GENE_MIR133B')"
D000230,407035,Association,@DISEASE_Adenocarcinoma,@GENE_MIR31,{'23724052'},['0.9992'],"('@DISEASE_Adenocarcinoma', 'Association', '@GENE_MIR31')"
D000230,406983,Association,@DISEASE_Adenocarcinoma,@GENE_MIR200A,{'23724052'},['0.9993'],"('@DISEASE_Adenocarcinoma', 'Association', '@GENE_MIR200A')"
D008715,D015102,Positive_Correlation,@CHEMICAL_Methionine,@CHEMICAL_3_4_Dihydroxyphenylacetic_Acid,{'19328209'},['0.9972'],"('@CHEMICAL_Methionine', 'Positive_Correlation', '@CHEMICAL_3_4_Dihydroxyphenylacetic_Acid')"
D002395,6622,Negative_Correlation,@CHEMICAL_Catecholamines,@GENE_SNCA,{'19328209'},['0.9991'],"('@CHEMICAL_Catecholamines', 'Negative_Correlation', '@GENE_SNCA')"
D015102,#6622#p.Y39W,Association,@CHEMICAL_3_4_Dihydroxyphenylacetic_Acid,@VARIANT_p.Y39W_SNCA_human,{'19328209'},['0.8961'],"('@CHEMICAL_3_4_Dihydroxyphenylacetic_Acid', 'Association', '@VARIANT_p.Y39W_SNCA_human')"
D015102,6622,Negative_Correlation,@CHEMICAL_3_4_Dihydroxyphenylacetic_Acid,@GENE_SNCA,{'19328209'},['0.9986'],"('@CHEMICAL_3_4_Dihydroxyphenylacetic_Acid', 'Negative_Correlation', '@GENE_SNCA')"
D010300,6622,Association,@DISEASE_Parkinson_Disease,@GENE_SNCA,{'19328209'},['0.9996'],"('@DISEASE_Parkinson_Disease', 'Association', '@GENE_SNCA')"
C031927,6622,Association,@CHEMICAL_hydroquinone,@GENE_SNCA,{'19328209'},['0.7807'],"('@CHEMICAL_hydroquinone', 'Association', '@GENE_SNCA')"
D006861,D015102,Positive_Correlation,@CHEMICAL_Hydrogen_Peroxide,@CHEMICAL_3_4_Dihydroxyphenylacetic_Acid,{'19328209'},['0.994'],"('@CHEMICAL_Hydrogen_Peroxide', 'Positive_Correlation', '@CHEMICAL_3_4_Dihydroxyphenylacetic_Acid')"
D019636,6622,Association,@DISEASE_Neurodegenerative_Diseases,@GENE_SNCA,{'19328209'},['0.9996'],"('@DISEASE_Neurodegenerative_Diseases', 'Association', '@GENE_SNCA')"
D006713,6622,Association,@CHEMICAL_Homogentisic_Acid,@GENE_SNCA,{'19328209'},['0.9387'],"('@CHEMICAL_Homogentisic_Acid', 'Association', '@GENE_SNCA')"
D001024,6287,Association,@DISEASE_Aortic_Valve_Stenosis,@GENE_SAA@,{'24876668'},['0.9996'],"('@DISEASE_Aortic_Valve_Stenosis', 'Association', '@GENE_SAA@')"
D008055,D000686,Association,@CHEMICAL_Lipids,@DISEASE_Amyloidosis,{'24876668'},['0.9939'],"('@CHEMICAL_Lipids', 'Association', '@DISEASE_Amyloidosis')"
C529546,D006713,Association,@CHEMICAL_phytyl_diphosphate,@CHEMICAL_Homogentisic_Acid,"{'16408209', '11706191', '12011362'}","['0.7263', '0.5795', '0.729']","('@CHEMICAL_phytyl_diphosphate', 'Association', '@CHEMICAL_Homogentisic_Acid')"
C063778,D010971,Positive_Correlation,@CHEMICAL_solanesyl_pyrophosphate,@CHEMICAL_Plastoquinone,{'11706191'},['0.3314'],"('@CHEMICAL_solanesyl_pyrophosphate', 'Positive_Correlation', '@CHEMICAL_Plastoquinone')"
C010590,D013431,Association,@CHEMICAL_4_hydroxyphenylpyruvic_acid,@CHEMICAL_Sulfates,{'1180912'},['0.9711'],"('@CHEMICAL_4_hydroxyphenylpyruvic_acid', 'Association', '@CHEMICAL_Sulfates')"
D008228,1499,Positive_Correlation,@DISEASE_Lymphoma_Non_Hodgkin,@GENE_CTNNB1,{'29764708'},['0.911'],"('@DISEASE_Lymphoma_Non_Hodgkin', 'Positive_Correlation', '@GENE_CTNNB1')"
D015792,3014,Association,@DISEASE_Retinal_Dysplasia,@GENE_H2AX,{'29764708'},['0.9995'],"('@DISEASE_Retinal_Dysplasia', 'Association', '@GENE_H2AX')"
D015792,1499,Association,@DISEASE_Retinal_Dysplasia,@GENE_CTNNB1,{'29764708'},['0.9997'],"('@DISEASE_Retinal_Dysplasia', 'Association', '@GENE_CTNNB1')"
D000230,1499,Positive_Correlation,@DISEASE_Adenocarcinoma,@GENE_CTNNB1,{'29764708'},['0.6275'],"('@DISEASE_Adenocarcinoma', 'Positive_Correlation', '@GENE_CTNNB1')"
D012004,377841,Association,@DISEASE_Rectal_Neoplasms,@GENE_ENTPD8,{'36130456'},['0.9992'],"('@DISEASE_Rectal_Neoplasms', 'Association', '@GENE_ENTPD8')"
D012004,29763,Association,@DISEASE_Rectal_Neoplasms,@GENE_PACSIN3,{'36130456'},['0.999'],"('@DISEASE_Rectal_Neoplasms', 'Association', '@GENE_PACSIN3')"
D012004,2788,Association,@DISEASE_Rectal_Neoplasms,@GENE_GNG7,{'36130456'},['0.9994'],"('@DISEASE_Rectal_Neoplasms', 'Association', '@GENE_GNG7')"
D012004,53405,Association,@DISEASE_Rectal_Neoplasms,@GENE_CLIC5,{'36130456'},['0.9991'],"('@DISEASE_Rectal_Neoplasms', 'Association', '@GENE_CLIC5')"
D012004,3081,Association,@DISEASE_Rectal_Neoplasms,@GENE_HGD,{'36130456'},['0.7287'],"('@DISEASE_Rectal_Neoplasms', 'Association', '@GENE_HGD')"
D015792,595,Association,@DISEASE_Retinal_Dysplasia,@GENE_CCND1,"{'37747904', '18665038'}","['0.9856', '0.9994']","('@DISEASE_Retinal_Dysplasia', 'Association', '@GENE_CCND1')"
D015792,4080,Association,@DISEASE_Retinal_Dysplasia,@GENE_MAA,{'37747904'},['0.9281'],"('@DISEASE_Retinal_Dysplasia', 'Association', '@GENE_MAA')"
D009369,4080,Association,@DISEASE_Neoplasms,@GENE_MAA,{'37747904'},['0.9932'],"('@DISEASE_Neoplasms', 'Association', '@GENE_MAA')"
D006965,595,Association,@DISEASE_Hyperplasia,@GENE_CCND1,{'37747904'},['0.9647'],"('@DISEASE_Hyperplasia', 'Association', '@GENE_CCND1')"
D009059,4080,Association,@DISEASE_Mouth_Diseases,@GENE_MAA,{'37747904'},['0.8509'],"('@DISEASE_Mouth_Diseases', 'Association', '@GENE_MAA')"
D009369,960,Association,@DISEASE_Neoplasms,@GENE_CD44,{'37747904'},['0.9988'],"('@DISEASE_Neoplasms', 'Association', '@GENE_CD44')"
D009062,960,Association,@DISEASE_Mouth_Neoplasms,@GENE_CD44,{'37747904'},['0.9989'],"('@DISEASE_Mouth_Neoplasms', 'Association', '@GENE_CD44')"
D009059,960,Association,@DISEASE_Mouth_Diseases,@GENE_CD44,{'37747904'},['0.995'],"('@DISEASE_Mouth_Diseases', 'Association', '@GENE_CD44')"
D008228,1045,Association,@DISEASE_Lymphoma_Non_Hodgkin,@GENE_CDX2,"{'26926447', '19396460', '40384196'}","['0.7761', '0.8498', '0.5038']","('@DISEASE_Lymphoma_Non_Hodgkin', 'Association', '@GENE_CDX2')"
D063646,4586,Association,@DISEASE_Carcinogenesis,@GENE_MUC5AC,{'40384196'},['0.566'],"('@DISEASE_Carcinogenesis', 'Association', '@GENE_MUC5AC')"
D009369,1045,Association,@DISEASE_Neoplasms,@GENE_CDX2,{'40384196'},['0.9963'],"('@DISEASE_Neoplasms', 'Association', '@GENE_CDX2')"
D063646,1045,Association,@DISEASE_Carcinogenesis,@GENE_CDX2,{'40384196'},['0.9992'],"('@DISEASE_Carcinogenesis', 'Association', '@GENE_CDX2')"
D015179,1045,Association,@DISEASE_Colorectal_Neoplasms,@GENE_CDX2,{'40384196'},['0.5739'],"('@DISEASE_Colorectal_Neoplasms', 'Association', '@GENE_CDX2')"
D009369,4586,Association,@DISEASE_Neoplasms,@GENE_MUC5AC,{'40384196'},['0.9863'],"('@DISEASE_Neoplasms', 'Association', '@GENE_MUC5AC')"
D009059,4586,Association,@DISEASE_Mouth_Diseases,@GENE_MUC5AC,{'40384196'},['0.8476'],"('@DISEASE_Mouth_Diseases', 'Association', '@GENE_MUC5AC')"
C000607776,D057772,Negative_Correlation,@CHEMICAL_ozanimod,@DISEASE_Vascular_System_Injuries,{'33788630'},['0.9976'],"('@CHEMICAL_ozanimod', 'Negative_Correlation', '@DISEASE_Vascular_System_Injuries')"
D000860,1901,Association,@DISEASE_Hypoxia,@GENE_S1PR1,{'33788630'},['0.7506'],"('@DISEASE_Hypoxia', 'Association', '@GENE_S1PR1')"
D005947,D000860,Negative_Correlation,@CHEMICAL_Glucose,@DISEASE_Hypoxia,{'33788630'},['0.7331'],"('@CHEMICAL_Glucose', 'Negative_Correlation', '@DISEASE_Hypoxia')"
C000607776,D000860,Negative_Correlation,@CHEMICAL_ozanimod,@DISEASE_Hypoxia,{'33788630'},['0.998'],"('@CHEMICAL_ozanimod', 'Negative_Correlation', '@DISEASE_Hypoxia')"
D057772,1901,Association,@DISEASE_Vascular_System_Injuries,@GENE_S1PR1,{'33788630'},['0.9399'],"('@DISEASE_Vascular_System_Injuries', 'Association', '@GENE_S1PR1')"
C000607776,D005947,Association,@CHEMICAL_ozanimod,@CHEMICAL_Glucose,{'33788630'},['0.7913'],"('@CHEMICAL_ozanimod', 'Association', '@CHEMICAL_Glucose')"
C000607776,D007511,Negative_Correlation,@CHEMICAL_ozanimod,@DISEASE_Ischemia,{'33788630'},['0.9861'],"('@CHEMICAL_ozanimod', 'Negative_Correlation', '@DISEASE_Ischemia')"
D000092342,1029,Association,@DISEASE_Polypoidal_Choroidal_Vasculopathy,@GENE_CDKN2A,{'9490271'},['0.992'],"('@DISEASE_Polypoidal_Choroidal_Vasculopathy', 'Association', '@GENE_CDKN2A')"
D003093,324,Association,@DISEASE_Colitis_Ulcerative,@GENE_APC,"{'9490271', '10595736'}","['0.9996', '0.6292']","('@DISEASE_Colitis_Ulcerative', 'Association', '@GENE_APC')"
D009369,1630,Association,@DISEASE_Neoplasms,@GENE_DCC,{'9490271'},['0.9723'],"('@DISEASE_Neoplasms', 'Association', '@GENE_DCC')"
D008228,1630,Association,@DISEASE_Lymphoma_Non_Hodgkin,@GENE_DCC,{'9490271'},['0.9978'],"('@DISEASE_Lymphoma_Non_Hodgkin', 'Association', '@GENE_DCC')"
D003108,324,Association,@DISEASE_Colonic_Diseases,@GENE_APC,{'9490271'},['0.9564'],"('@DISEASE_Colonic_Diseases', 'Association', '@GENE_APC')"
D003093,1630,Association,@DISEASE_Colitis_Ulcerative,@GENE_DCC,{'9490271'},['0.9995'],"('@DISEASE_Colitis_Ulcerative', 'Association', '@GENE_DCC')"
D000092342,324,Association,@DISEASE_Polypoidal_Choroidal_Vasculopathy,@GENE_APC,"{'9744312', '9490271'}","['0.9661', '0.9994']","('@DISEASE_Polypoidal_Choroidal_Vasculopathy', 'Association', '@GENE_APC')"
D019788,D008228,Association,@CHEMICAL_Fluorodeoxyglucose_F18,@DISEASE_Lymphoma_Non_Hodgkin,{'37951806'},['0.4887'],"('@CHEMICAL_Fluorodeoxyglucose_F18', 'Association', '@DISEASE_Lymphoma_Non_Hodgkin')"
D002245,D010070,Association,@CHEMICAL_Carbon_Dioxide,@CHEMICAL_Oxalates,{'11546787'},['0.8741'],"('@CHEMICAL_Carbon_Dioxide', 'Association', '@CHEMICAL_Oxalates')"
D010070,D010100,Association,@CHEMICAL_Oxalates,@CHEMICAL_Oxygen,{'11546787'},['0.6708'],"('@CHEMICAL_Oxalates', 'Association', '@CHEMICAL_Oxygen')"
D010100,51993185,Association,@CHEMICAL_Oxygen,@GENE_OXDC,{'11546787'},['0.7047'],"('@CHEMICAL_Oxygen', 'Association', '@GENE_OXDC')"
D006861,D010070,Positive_Correlation,@CHEMICAL_Hydrogen_Peroxide,@CHEMICAL_Oxalates,{'11546787'},['0.8531'],"('@CHEMICAL_Hydrogen_Peroxide', 'Positive_Correlation', '@CHEMICAL_Oxalates')"
C030544,D010070,Association,@CHEMICAL_formic_acid,@CHEMICAL_Oxalates,{'11546787'},['0.8991'],"('@CHEMICAL_formic_acid', 'Association', '@CHEMICAL_Oxalates')"
D006861,51993185,Bind,@CHEMICAL_Hydrogen_Peroxide,@GENE_OXDC,{'11546787'},['0.5464'],"('@CHEMICAL_Hydrogen_Peroxide', 'Bind', '@GENE_OXDC')"
D010070,51993185,Association,@CHEMICAL_Oxalates,@GENE_OXDC,{'11546787'},['0.9972'],"('@CHEMICAL_Oxalates', 'Association', '@GENE_OXDC')"
D008345,51993185,Association,@CHEMICAL_Manganese,@GENE_OXDC,{'11546787'},['0.9896'],"('@CHEMICAL_Manganese', 'Association', '@GENE_OXDC')"
C116917,D008607,Association,@CHEMICAL_acylcarnitine,@DISEASE_Intellectual_Disability,{'23524598'},['0.9992'],"('@CHEMICAL_acylcarnitine', 'Association', '@DISEASE_Intellectual_Disability')"
D008228,23600,Association,@DISEASE_Lymphoma_Non_Hodgkin,@GENE_AMACR,{'26766126'},['0.9972'],"('@DISEASE_Lymphoma_Non_Hodgkin', 'Association', '@GENE_AMACR')"
D004416,55272,Association,@DISEASE_Dysplastic_Nevus_Syndrome,@GENE_IMP3,{'26766126'},['0.9958'],"('@DISEASE_Dysplastic_Nevus_Syndrome', 'Association', '@GENE_IMP3')"
D001471,55272,Association,@DISEASE_Barrett_Esophagus,@GENE_IMP3,{'26766126'},['0.9996'],"('@DISEASE_Barrett_Esophagus', 'Association', '@GENE_IMP3')"
D000230,23600,Association,@DISEASE_Adenocarcinoma,@GENE_AMACR,"{'18665038', '26766126'}","['0.999', '0.995']","('@DISEASE_Adenocarcinoma', 'Association', '@GENE_AMACR')"
D017392,D000474,Positive_Correlation,@CHEMICAL_Thiobarbituric_Acid_Reactive_Substances,@DISEASE_Alkaptonuria,{'31019628'},['0.9436'],"('@CHEMICAL_Thiobarbituric_Acid_Reactive_Substances', 'Positive_Correlation', '@DISEASE_Alkaptonuria')"
D001128,D000236,Negative_Correlation,@CHEMICAL_Argon,@DISEASE_Adenoma,{'33937517'},['0.9985'],"('@CHEMICAL_Argon', 'Negative_Correlation', '@DISEASE_Adenoma')"
C563365,79602,Association,@DISEASE_Polyposis_Syndrome_Hereditary_Mixed_1,@GENE_ADIPOR2,{'25640382'},['0.9991'],"('@DISEASE_Polyposis_Syndrome_Hereditary_Mixed_1', 'Association', '@GENE_ADIPOR2')"
C563365,51094,Association,@DISEASE_Polyposis_Syndrome_Hereditary_Mixed_1,@GENE_ADIPOR1,{'25640382'},['0.9888'],"('@DISEASE_Polyposis_Syndrome_Hereditary_Mixed_1', 'Association', '@GENE_ADIPOR1')"
D015179,79602,Negative_Correlation,@DISEASE_Colorectal_Neoplasms,@GENE_ADIPOR2,{'25640382'},['0.9864'],"('@DISEASE_Colorectal_Neoplasms', 'Negative_Correlation', '@GENE_ADIPOR2')"
79602,9370,Bind,@GENE_ADIPOR2,@GENE_ADIPOQ,{'25640382'},['0.9596'],"('@GENE_ADIPOR2', 'Bind', '@GENE_ADIPOQ')"
D015179,51094,Negative_Correlation,@DISEASE_Colorectal_Neoplasms,@GENE_ADIPOR1,{'25640382'},['0.966'],"('@DISEASE_Colorectal_Neoplasms', 'Negative_Correlation', '@GENE_ADIPOR1')"
51094,9370,Bind,@GENE_ADIPOR1,@GENE_ADIPOQ,{'25640382'},['0.973'],"('@GENE_ADIPOR1', 'Bind', '@GENE_ADIPOQ')"
D018256,9370,Association,@DISEASE_Adenomatous_Polyps,@GENE_ADIPOQ,{'25640382'},['0.9994'],"('@DISEASE_Adenomatous_Polyps', 'Association', '@GENE_ADIPOQ')"
C077073,D014364,Association,@CHEMICAL_nitisinone,@CHEMICAL_Tryptophan,{'30782595'},['0.9936'],"('@CHEMICAL_nitisinone', 'Association', '@CHEMICAL_Tryptophan')"
C030985,C077073,Association,@CHEMICAL_purine,@CHEMICAL_nitisinone,{'30782595'},['0.9988'],"('@CHEMICAL_purine', 'Association', '@CHEMICAL_nitisinone')"
D010971,5720967,Association,@CHEMICAL_Plastoquinone,@GENE_HST1,{'38451307'},['0.9987'],"('@CHEMICAL_Plastoquinone', 'Association', '@GENE_HST1')"
D015427,12273,Association,@DISEASE_Reperfusion_Injury,@GENE_C5AR1,{'28396344'},['0.5095'],"('@DISEASE_Reperfusion_Injury', 'Association', '@GENE_C5AR1')"
D007511,15139,Association,@DISEASE_Ischemia,@GENE_HC,{'28396344'},['0.9996'],"('@DISEASE_Ischemia', 'Association', '@GENE_HC')"
D007511,319430,Association,@DISEASE_Ischemia,@GENE_C5AR2,{'28396344'},['0.893'],"('@DISEASE_Ischemia', 'Association', '@GENE_C5AR2')"
D007674,319430,Association,@DISEASE_Kidney_Diseases,@GENE_C5AR2,{'28396344'},['0.9991'],"('@DISEASE_Kidney_Diseases', 'Association', '@GENE_C5AR2')"
D010232,D001471,Association,@CHEMICAL_Paraffin,@DISEASE_Barrett_Esophagus,{'28642331'},['0.7164'],"('@CHEMICAL_Paraffin', 'Association', '@DISEASE_Barrett_Esophagus')"
D005947,D012492,Association,@CHEMICAL_Glucose,@CHEMICAL_Salts,{'23078855'},['0.8941'],"('@CHEMICAL_Glucose', 'Association', '@CHEMICAL_Salts')"
D009566,D012965,Association,@CHEMICAL_Nitrates,@CHEMICAL_Sodium_Chloride,{'16449444'},['0.9324'],"('@CHEMICAL_Nitrates', 'Association', '@CHEMICAL_Sodium_Chloride')"
D018698,3081,Association,@CHEMICAL_Glutamic_Acid,@GENE_HGD,{'10876237'},['0.9951'],"('@CHEMICAL_Glutamic_Acid', 'Association', '@GENE_HGD')"
D006639,D007501,Association,@CHEMICAL_Histidine,@CHEMICAL_Iron,{'10876237'},['0.9975'],"('@CHEMICAL_Histidine', 'Association', '@CHEMICAL_Iron')"
D006639,D000474,Association,@CHEMICAL_Histidine,@DISEASE_Alkaptonuria,{'10876237'},['0.7711'],"('@CHEMICAL_Histidine', 'Association', '@DISEASE_Alkaptonuria')"
D006639,3081,Association,@CHEMICAL_Histidine,@GENE_HGD,{'10876237'},['0.9764'],"('@CHEMICAL_Histidine', 'Association', '@GENE_HGD')"
D007501,D000474,Association,@CHEMICAL_Iron,@DISEASE_Alkaptonuria,{'10876237'},['0.945'],"('@CHEMICAL_Iron', 'Association', '@DISEASE_Alkaptonuria')"
D018698,D000474,Association,@CHEMICAL_Glutamic_Acid,@DISEASE_Alkaptonuria,{'10876237'},['0.6763'],"('@CHEMICAL_Glutamic_Acid', 'Association', '@DISEASE_Alkaptonuria')"
D007501,D018698,Association,@CHEMICAL_Iron,@CHEMICAL_Glutamic_Acid,{'10876237'},['0.9958'],"('@CHEMICAL_Iron', 'Association', '@CHEMICAL_Glutamic_Acid')"
D007501,3081,Association,@CHEMICAL_Iron,@GENE_HGD,{'10876237'},['0.9985'],"('@CHEMICAL_Iron', 'Association', '@GENE_HGD')"
D009794,3081,Negative_Correlation,@DISEASE_Ochronosis,@GENE_HGD,"{'37013237', '30071940'}","['0.6275', '0.7189']","('@DISEASE_Ochronosis', 'Negative_Correlation', '@GENE_HGD')"
D000468,D000474,Association,@CHEMICAL_Alkalies,@DISEASE_Alkaptonuria,{'14978662'},['0.653'],"('@CHEMICAL_Alkalies', 'Association', '@DISEASE_Alkaptonuria')"
C112784,D006713,Positive_Correlation,@CHEMICAL_2_5_dihydroxybenzaldehyde,@CHEMICAL_Homogentisic_Acid,{'19120654'},['0.4581'],"('@CHEMICAL_2_5_dihydroxybenzaldehyde', 'Positive_Correlation', '@CHEMICAL_Homogentisic_Acid')"
C011867,D015102,Association,@CHEMICAL_4_hydroxyphenylethanol,@CHEMICAL_3_4_Dihydroxyphenylacetic_Acid,{'19120654'},['0.9984'],"('@CHEMICAL_4_hydroxyphenylethanol', 'Association', '@CHEMICAL_3_4_Dihydroxyphenylacetic_Acid')"
C011867,D006713,Association,@CHEMICAL_4_hydroxyphenylethanol,@CHEMICAL_Homogentisic_Acid,{'19120654'},['0.9522'],"('@CHEMICAL_4_hydroxyphenylethanol', 'Association', '@CHEMICAL_Homogentisic_Acid')"
C008070,C011867,Association,@CHEMICAL_4_hydroxyphenylacetic_acid,@CHEMICAL_4_hydroxyphenylethanol,{'19120654'},['0.9764'],"('@CHEMICAL_4_hydroxyphenylacetic_acid', 'Association', '@CHEMICAL_4_hydroxyphenylethanol')"
C029010,D064420,Positive_Correlation,@CHEMICAL_cinnamic_acid,@DISEASE_Drug_Related_Side_Effects_and_Adverse_Reactions,{'21834238'},['0.9956'],"('@CHEMICAL_cinnamic_acid', 'Positive_Correlation', '@DISEASE_Drug_Related_Side_Effects_and_Adverse_Reactions')"
D014807,C535781,Association,@CHEMICAL_Vitamin_D,@DISEASE_Spondylocostal_dysostosis_autosomal_recessive,{'27155167'},['0.7978'],"('@CHEMICAL_Vitamin_D', 'Association', '@DISEASE_Spondylocostal_dysostosis_autosomal_recessive')"
D014807,D015535,Association,@CHEMICAL_Vitamin_D,@DISEASE_Arthritis_Psoriatic,{'27155167'},['0.9734'],"('@CHEMICAL_Vitamin_D', 'Association', '@DISEASE_Arthritis_Psoriatic')"
C030544,D017665,Negative_Correlation,@CHEMICAL_formic_acid,@CHEMICAL_Hydroxyl_Radical,{'3121448'},['0.9983'],"('@CHEMICAL_formic_acid', 'Negative_Correlation', '@CHEMICAL_Hydroxyl_Radical')"
D004121,D017665,Negative_Correlation,@CHEMICAL_Dimethyl_Sulfoxide,@CHEMICAL_Hydroxyl_Radical,{'3121448'},['0.9987'],"('@CHEMICAL_Dimethyl_Sulfoxide', 'Negative_Correlation', '@CHEMICAL_Hydroxyl_Radical')"
D012459,847,Negative_Correlation,@CHEMICAL_Salicylates,@GENE_CAT,{'3121448'},['0.918'],"('@CHEMICAL_Salicylates', 'Negative_Correlation', '@GENE_CAT')"
D006713,D017665,Positive_Correlation,@CHEMICAL_Homogentisic_Acid,@CHEMICAL_Hydroxyl_Radical,{'3121448'},['0.9986'],"('@CHEMICAL_Homogentisic_Acid', 'Positive_Correlation', '@CHEMICAL_Hydroxyl_Radical')"
D012459,D017665,Positive_Correlation,@CHEMICAL_Salicylates,@CHEMICAL_Hydroxyl_Radical,{'3121448'},['0.9642'],"('@CHEMICAL_Salicylates', 'Positive_Correlation', '@CHEMICAL_Hydroxyl_Radical')"
D010100,C531762,Association,@CHEMICAL_Oxygen,@DISEASE_Alkaptonuric_ochronosis,{'3121448'},['0.8433'],"('@CHEMICAL_Oxygen', 'Association', '@DISEASE_Alkaptonuric_ochronosis')"
D004369,D008345,Association,@CHEMICAL_Pentetic_Acid,@CHEMICAL_Manganese,{'3121448'},['0.9884'],"('@CHEMICAL_Pentetic_Acid', 'Association', '@CHEMICAL_Manganese')"
D006713,D006861,Association,@CHEMICAL_Homogentisic_Acid,@CHEMICAL_Hydrogen_Peroxide,{'3121448'},['0.9961'],"('@CHEMICAL_Homogentisic_Acid', 'Association', '@CHEMICAL_Hydrogen_Peroxide')"
D006713,D012459,Association,@CHEMICAL_Homogentisic_Acid,@CHEMICAL_Salicylates,{'3121448'},['0.995'],"('@CHEMICAL_Homogentisic_Acid', 'Association', '@CHEMICAL_Salicylates')"
6647,847,Bind,@GENE_SOD1,@GENE_CAT,{'3121448'},['0.5628'],"('@GENE_SOD1', 'Bind', '@GENE_CAT')"
D013890,D017665,Negative_Correlation,@CHEMICAL_Thiourea,@CHEMICAL_Hydroxyl_Radical,{'3121448'},['0.9986'],"('@CHEMICAL_Thiourea', 'Negative_Correlation', '@CHEMICAL_Hydroxyl_Radical')"
D006713,D006820,Negative_Correlation,@CHEMICAL_Homogentisic_Acid,@CHEMICAL_Hyaluronic_Acid,{'3121448'},['0.9961'],"('@CHEMICAL_Homogentisic_Acid', 'Negative_Correlation', '@CHEMICAL_Hyaluronic_Acid')"
D012459,D013890,Negative_Correlation,@CHEMICAL_Salicylates,@CHEMICAL_Thiourea,{'3121448'},['0.9467'],"('@CHEMICAL_Salicylates', 'Negative_Correlation', '@CHEMICAL_Thiourea')"
D063646,5743,Association,@DISEASE_Carcinogenesis,@GENE_PTGS2,{'10778945'},['0.9917'],"('@DISEASE_Carcinogenesis', 'Association', '@GENE_PTGS2')"
D002294,5743,Association,@DISEASE_Carcinoma_Squamous_Cell,@GENE_PTGS2,{'10778945'},['0.9321'],"('@DISEASE_Carcinoma_Squamous_Cell', 'Association', '@GENE_PTGS2')"
D018194,2064,Association,@DISEASE_Adenomyoma,@GENE_ERBB2,{'40116917'},['0.9865'],"('@DISEASE_Adenomyoma', 'Association', '@GENE_ERBB2')"
D017323,D009369,Negative_Correlation,@CHEMICAL_Dihematoporphyrin_Ether,@DISEASE_Neoplasms,{'16788927'},['0.9982'],"('@CHEMICAL_Dihematoporphyrin_Ether', 'Negative_Correlation', '@DISEASE_Neoplasms')"
D010758,D015792,Negative_Correlation,@CHEMICAL_Phosphorus,@DISEASE_Retinal_Dysplasia,{'16788927'},['0.9988'],"('@CHEMICAL_Phosphorus', 'Negative_Correlation', '@DISEASE_Retinal_Dysplasia')"
D010758,D008228,Negative_Correlation,@CHEMICAL_Phosphorus,@DISEASE_Lymphoma_Non_Hodgkin,{'16788927'},['0.9937'],"('@CHEMICAL_Phosphorus', 'Negative_Correlation', '@DISEASE_Lymphoma_Non_Hodgkin')"
D009369,5037,Negative_Correlation,@DISEASE_Neoplasms,@GENE_PEBP1,{'22460832'},['0.6513'],"('@DISEASE_Neoplasms', 'Negative_Correlation', '@GENE_PEBP1')"
22882,5609,Positive_Correlation,@GENE_ZHX2,@GENE_MAP2K7,{'22460832'},['0.48'],"('@GENE_ZHX2', 'Positive_Correlation', '@GENE_MAP2K7')"
D009362,5037,Association,@DISEASE_Neoplasm_Metastasis,@GENE_PEBP1,{'22460832'},['0.998'],"('@DISEASE_Neoplasm_Metastasis', 'Association', '@GENE_PEBP1')"
D001471,5037,Association,@DISEASE_Barrett_Esophagus,@GENE_PEBP1,{'22460832'},['0.9984'],"('@DISEASE_Barrett_Esophagus', 'Association', '@GENE_PEBP1')"
D008228,5037,Association,@DISEASE_Lymphoma_Non_Hodgkin,@GENE_PEBP1,{'22460832'},['0.7023'],"('@DISEASE_Lymphoma_Non_Hodgkin', 'Association', '@GENE_PEBP1')"
D004938,5037,Association,@DISEASE_Esophageal_Neoplasms,@GENE_PEBP1,{'22460832'},['0.8876'],"('@DISEASE_Esophageal_Neoplasms', 'Association', '@GENE_PEBP1')"
22882,5037,Negative_Correlation,@GENE_ZHX2,@GENE_PEBP1,{'22460832'},['0.998'],"('@GENE_ZHX2', 'Negative_Correlation', '@GENE_PEBP1')"
5037,5609,Negative_Correlation,@GENE_PEBP1,@GENE_MAP2K7,{'22460832'},['0.9984'],"('@GENE_PEBP1', 'Negative_Correlation', '@GENE_MAP2K7')"
D055577,5037,Negative_Correlation,@DISEASE_Farber_Lipogranulomatosis,@GENE_PEBP1,{'22460832'},['0.906'],"('@DISEASE_Farber_Lipogranulomatosis', 'Negative_Correlation', '@GENE_PEBP1')"
C010590,D014316,Association,@CHEMICAL_4_hydroxyphenylpyruvic_acid,@CHEMICAL_Tritium,{'6807350'},['0.9364'],"('@CHEMICAL_4_hydroxyphenylpyruvic_acid', 'Association', '@CHEMICAL_Tritium')"
D014316,3242,Association,@CHEMICAL_Tritium,@GENE_HPD,{'6807350'},['0.9626'],"('@CHEMICAL_Tritium', 'Association', '@GENE_HPD')"
D014316,D014867,Association,@CHEMICAL_Tritium,@CHEMICAL_Water,{'6807350'},['0.5792'],"('@CHEMICAL_Tritium', 'Association', '@CHEMICAL_Water')"
D000077209,6750,Negative_Correlation,@CHEMICAL_Decitabine,@GENE_SST,{'17999418'},['0.6433'],"('@CHEMICAL_Decitabine', 'Negative_Correlation', '@GENE_SST')"
D000077209,D000077277,Negative_Correlation,@CHEMICAL_Decitabine,@DISEASE_Esophageal_Squamous_Cell_Carcinoma,{'17999418'},['0.9976'],"('@CHEMICAL_Decitabine', 'Negative_Correlation', '@DISEASE_Esophageal_Squamous_Cell_Carcinoma')"
D015792,6750,Association,@DISEASE_Retinal_Dysplasia,@GENE_SST,{'17999418'},['0.8935'],"('@DISEASE_Retinal_Dysplasia', 'Association', '@GENE_SST')"
D015179,6750,Association,@DISEASE_Colorectal_Neoplasms,@GENE_SST,{'17999418'},['0.9956'],"('@DISEASE_Colorectal_Neoplasms', 'Association', '@GENE_SST')"
2520,6750,Negative_Correlation,@GENE_GAST,@GENE_SST,{'17999418'},['0.9991'],"('@GENE_GAST', 'Negative_Correlation', '@GENE_SST')"
D063646,6750,Association,@DISEASE_Carcinogenesis,@GENE_SST,{'17999418'},['0.9995'],"('@DISEASE_Carcinogenesis', 'Association', '@GENE_SST')"
D000077209,D004938,Negative_Correlation,@CHEMICAL_Decitabine,@DISEASE_Esophageal_Neoplasms,{'17999418'},['0.7109'],"('@CHEMICAL_Decitabine', 'Negative_Correlation', '@DISEASE_Esophageal_Neoplasms')"
D001471,6750,Association,@DISEASE_Barrett_Esophagus,@GENE_SST,{'17999418'},['0.9911'],"('@DISEASE_Barrett_Esophagus', 'Association', '@GENE_SST')"
D000077277,6750,Association,@DISEASE_Esophageal_Squamous_Cell_Carcinoma,@GENE_SST,{'17999418'},['0.9993'],"('@DISEASE_Esophageal_Squamous_Cell_Carcinoma', 'Association', '@GENE_SST')"
D000230,6750,Association,@DISEASE_Adenocarcinoma,@GENE_SST,{'17999418'},['0.9988'],"('@DISEASE_Adenocarcinoma', 'Association', '@GENE_SST')"
C031927,D002288,Positive_Correlation,@CHEMICAL_hydroquinone,@DISEASE_Adenocarcinoma_Mucinous,{'26236412'},['0.9889'],"('@CHEMICAL_hydroquinone', 'Positive_Correlation', '@DISEASE_Adenocarcinoma_Mucinous')"
D001943,10312,Association,@DISEASE_Breast_Neoplasms,@GENE_TCIRG1,{'8930900'},['0.5009'],"('@DISEASE_Breast_Neoplasms', 'Association', '@GENE_TCIRG1')"
D006713,D011507,Association,@CHEMICAL_Homogentisic_Acid,@DISEASE_Proteinuria,{'39435171'},['0.9929'],"('@CHEMICAL_Homogentisic_Acid', 'Association', '@DISEASE_Proteinuria')"
D003404,D011507,Negative_Correlation,@CHEMICAL_Creatinine,@DISEASE_Proteinuria,{'39435171'},['0.9916'],"('@CHEMICAL_Creatinine', 'Negative_Correlation', '@DISEASE_Proteinuria')"
D009362,1113,Positive_Correlation,@DISEASE_Neoplasm_Metastasis,@GENE_CHGA,{'24029705'},['0.8651'],"('@DISEASE_Neoplasm_Metastasis', 'Positive_Correlation', '@GENE_CHGA')"
D003093,1113,Association,@DISEASE_Colitis_Ulcerative,@GENE_CHGA,{'24029705'},['0.9994'],"('@DISEASE_Colitis_Ulcerative', 'Association', '@GENE_CHGA')"
D009062,1113,Positive_Correlation,@DISEASE_Mouth_Neoplasms,@GENE_CHGA,{'24029705'},['0.6332'],"('@DISEASE_Mouth_Neoplasms', 'Positive_Correlation', '@GENE_CHGA')"
D008228,1113,Association,@DISEASE_Lymphoma_Non_Hodgkin,@GENE_CHGA,{'24029705'},['0.8508'],"('@DISEASE_Lymphoma_Non_Hodgkin', 'Association', '@GENE_CHGA')"
D018281,2778,Association,@DISEASE_Cholangiocarcinoma,@GENE_GNAS,{'38551383'},['0.9973'],"('@DISEASE_Cholangiocarcinoma', 'Association', '@GENE_GNAS')"
D018281,4089,Association,@DISEASE_Cholangiocarcinoma,@GENE_SMAD4,{'38551383'},['0.9996'],"('@DISEASE_Cholangiocarcinoma', 'Association', '@GENE_SMAD4')"
D008228,673,Association,@DISEASE_Lymphoma_Non_Hodgkin,@GENE_BRAF,"{'38551383', '21263251'}","['0.9992', '0.9962', '0.781']","('@DISEASE_Lymphoma_Non_Hodgkin', 'Association', '@GENE_BRAF')"
D015209,2778,Association,@DISEASE_Cholangitis_Sclerosing,@GENE_GNAS,{'38551383'},['0.987'],"('@DISEASE_Cholangitis_Sclerosing', 'Association', '@GENE_GNAS')"
D018281,7157,Association,@DISEASE_Cholangiocarcinoma,@GENE_TP53,{'38551383'},['0.9992'],"('@DISEASE_Cholangiocarcinoma', 'Association', '@GENE_TP53')"
D001661,3845,Association,@DISEASE_Biliary_Tract_Neoplasms,@GENE_KRAS,{'38551383'},['0.9989'],"('@DISEASE_Biliary_Tract_Neoplasms', 'Association', '@GENE_KRAS')"
D015792,2778,Association,@DISEASE_Retinal_Dysplasia,@GENE_GNAS,{'38551383'},['0.9972'],"('@DISEASE_Retinal_Dysplasia', 'Association', '@GENE_GNAS')"
D018281,3845,Association,@DISEASE_Cholangiocarcinoma,@GENE_KRAS,{'38551383'},['0.9967'],"('@DISEASE_Cholangiocarcinoma', 'Association', '@GENE_KRAS')"
D018281,472,Association,@DISEASE_Cholangiocarcinoma,@GENE_ATM,{'38551383'},['0.9994'],"('@DISEASE_Cholangiocarcinoma', 'Association', '@GENE_ATM')"
D018281,55294,Association,@DISEASE_Cholangiocarcinoma,@GENE_FBXW7,{'38551383'},['0.9994'],"('@DISEASE_Cholangiocarcinoma', 'Association', '@GENE_FBXW7')"
D015209,3845,Association,@DISEASE_Cholangitis_Sclerosing,@GENE_KRAS,{'38551383'},['0.9866'],"('@DISEASE_Cholangitis_Sclerosing', 'Association', '@GENE_KRAS')"
D008228,2322,Association,@DISEASE_Lymphoma_Non_Hodgkin,@GENE_FLT3,{'38551383'},['0.9989'],"('@DISEASE_Lymphoma_Non_Hodgkin', 'Association', '@GENE_FLT3')"
D008228,546,Association,@DISEASE_Lymphoma_Non_Hodgkin,@GENE_ATRX,{'38551383'},['0.9994'],"('@DISEASE_Lymphoma_Non_Hodgkin', 'Association', '@GENE_ATRX')"
D018281,673,Association,@DISEASE_Cholangiocarcinoma,@GENE_BRAF,{'38551383'},['0.9991'],"('@DISEASE_Cholangiocarcinoma', 'Association', '@GENE_BRAF')"
D015792,3845,Association,@DISEASE_Retinal_Dysplasia,@GENE_KRAS,{'38551383'},['0.9956'],"('@DISEASE_Retinal_Dysplasia', 'Association', '@GENE_KRAS')"
D018281,1029,Association,@DISEASE_Cholangiocarcinoma,@GENE_CDKN2A,{'38551383'},['0.9992'],"('@DISEASE_Cholangiocarcinoma', 'Association', '@GENE_CDKN2A')"
D015209,7157,Association,@DISEASE_Cholangitis_Sclerosing,@GENE_TP53,{'38551383'},['0.9857'],"('@DISEASE_Cholangitis_Sclerosing', 'Association', '@GENE_TP53')"
D018281,2322,Association,@DISEASE_Cholangiocarcinoma,@GENE_FLT3,{'38551383'},['0.9995'],"('@DISEASE_Cholangiocarcinoma', 'Association', '@GENE_FLT3')"
D008228,2778,Association,@DISEASE_Lymphoma_Non_Hodgkin,@GENE_GNAS,{'38551383'},['0.998'],"('@DISEASE_Lymphoma_Non_Hodgkin', 'Association', '@GENE_GNAS')"
D008228,55294,Association,@DISEASE_Lymphoma_Non_Hodgkin,@GENE_FBXW7,"{'38551383', '31781186'}","['0.9994', '0.9602']","('@DISEASE_Lymphoma_Non_Hodgkin', 'Association', '@GENE_FBXW7')"
D018281,546,Association,@DISEASE_Cholangiocarcinoma,@GENE_ATRX,{'38551383'},['0.9996'],"('@DISEASE_Cholangiocarcinoma', 'Association', '@GENE_ATRX')"
D018281,54894,Association,@DISEASE_Cholangiocarcinoma,@GENE_RNF43,{'38551383'},['0.9996'],"('@DISEASE_Cholangiocarcinoma', 'Association', '@GENE_RNF43')"
C531762,rs368717991##,Positive_Correlation,@DISEASE_Alkaptonuric_ochronosis,@VARIANT_p.G360R_HGD_human,{'19306858'},['0.4404'],"('@DISEASE_Alkaptonuric_ochronosis', 'Positive_Correlation', '@VARIANT_p.G360R_HGD_human')"
D000474,#3081#p.K57N,Association,@DISEASE_Alkaptonuria,@VARIANT_p.K57N_HGD_human,{'19306858'},['0.9956'],"('@DISEASE_Alkaptonuria', 'Association', '@VARIANT_p.K57N_HGD_human')"
C531762,#3081#p.K57N,Association,@DISEASE_Alkaptonuric_ochronosis,@VARIANT_p.K57N_HGD_human,{'19306858'},['0.9725'],"('@DISEASE_Alkaptonuric_ochronosis', 'Association', '@VARIANT_p.K57N_HGD_human')"
D000077277,7157,Association,@DISEASE_Esophageal_Squamous_Cell_Carcinoma,@GENE_TP53,{'39714770'},['0.9973'],"('@DISEASE_Esophageal_Squamous_Cell_Carcinoma', 'Association', '@GENE_TP53')"
C006895,C016635,Positive_Correlation,@CHEMICAL_N_carbamylglutamate,@CHEMICAL_acetoacetic_acid,{'27527211'},['0.9987'],"('@CHEMICAL_N_carbamylglutamate', 'Positive_Correlation', '@CHEMICAL_acetoacetic_acid')"
C006895,D008055,Association,@CHEMICAL_N_carbamylglutamate,@CHEMICAL_Lipids,{'27527211'},['0.9994'],"('@CHEMICAL_N_carbamylglutamate', 'Association', '@CHEMICAL_Lipids')"
C006895,C030514,Negative_Correlation,@CHEMICAL_N_carbamylglutamate,@CHEMICAL_hippuric_acid,{'27527211'},['0.9986'],"('@CHEMICAL_N_carbamylglutamate', 'Negative_Correlation', '@CHEMICAL_hippuric_acid')"
C006895,D019344,Positive_Correlation,@CHEMICAL_N_carbamylglutamate,@CHEMICAL_Lactic_Acid,{'27527211'},['0.9989'],"('@CHEMICAL_N_carbamylglutamate', 'Positive_Correlation', '@CHEMICAL_Lactic_Acid')"
C006895,D000096,Negative_Correlation,@CHEMICAL_N_carbamylglutamate,@CHEMICAL_Acetone,{'27527211'},['0.9943'],"('@CHEMICAL_N_carbamylglutamate', 'Negative_Correlation', '@CHEMICAL_Acetone')"
C006895,C030686,Negative_Correlation,@CHEMICAL_N_carbamylglutamate,@CHEMICAL_acetamide,{'27527211'},['0.9984'],"('@CHEMICAL_N_carbamylglutamate', 'Negative_Correlation', '@CHEMICAL_acetamide')"
C006895,D005998,Negative_Correlation,@CHEMICAL_N_carbamylglutamate,@CHEMICAL_Glycine,{'27527211'},['0.9712'],"('@CHEMICAL_N_carbamylglutamate', 'Negative_Correlation', '@CHEMICAL_Glycine')"
D005973,D009584,Association,@CHEMICAL_Glutamine,@CHEMICAL_Nitrogen,{'27527211'},['0.9996'],"('@CHEMICAL_Glutamine', 'Association', '@CHEMICAL_Nitrogen')"
C006895,D000085,Negative_Correlation,@CHEMICAL_N_carbamylglutamate,@CHEMICAL_Acetates,{'27527211'},['0.9988'],"('@CHEMICAL_N_carbamylglutamate', 'Negative_Correlation', '@CHEMICAL_Acetates')"
C006895,D003401,Negative_Correlation,@CHEMICAL_N_carbamylglutamate,@CHEMICAL_Creatine,{'27527211'},['0.992'],"('@CHEMICAL_N_carbamylglutamate', 'Negative_Correlation', '@CHEMICAL_Creatine')"
C006895,D012521,Positive_Correlation,@CHEMICAL_N_carbamylglutamate,@CHEMICAL_Sarcosine,{'27527211'},['0.999'],"('@CHEMICAL_N_carbamylglutamate', 'Positive_Correlation', '@CHEMICAL_Sarcosine')"
C006895,D002956,Negative_Correlation,@CHEMICAL_N_carbamylglutamate,@CHEMICAL_Citrulline,{'27527211'},['0.9986'],"('@CHEMICAL_N_carbamylglutamate', 'Negative_Correlation', '@CHEMICAL_Citrulline')"
D003404,D005973,Positive_Correlation,@CHEMICAL_Creatinine,@CHEMICAL_Glutamine,{'27527211'},['0.9993'],"('@CHEMICAL_Creatinine', 'Positive_Correlation', '@CHEMICAL_Glutamine')"
C006895,C016195,Negative_Correlation,@CHEMICAL_N_carbamylglutamate,@CHEMICAL_N_acetylglutamic_acid,{'27527211'},['0.9949'],"('@CHEMICAL_N_carbamylglutamate', 'Negative_Correlation', '@CHEMICAL_N_acetylglutamic_acid')"
C006895,D007200,Positive_Correlation,@CHEMICAL_N_carbamylglutamate,@CHEMICAL_Indican,{'27527211'},['0.9993'],"('@CHEMICAL_N_carbamylglutamate', 'Positive_Correlation', '@CHEMICAL_Indican')"
C006895,D006713,Negative_Correlation,@CHEMICAL_N_carbamylglutamate,@CHEMICAL_Homogentisic_Acid,{'27527211'},['0.9979'],"('@CHEMICAL_N_carbamylglutamate', 'Negative_Correlation', '@CHEMICAL_Homogentisic_Acid')"
D000431,D005973,Negative_Correlation,@CHEMICAL_Ethanol,@CHEMICAL_Glutamine,{'27527211'},['0.9987'],"('@CHEMICAL_Ethanol', 'Negative_Correlation', '@CHEMICAL_Glutamine')"
C006895,D000431,Positive_Correlation,@CHEMICAL_N_carbamylglutamate,@CHEMICAL_Ethanol,{'27527211'},['0.9992'],"('@CHEMICAL_N_carbamylglutamate', 'Positive_Correlation', '@CHEMICAL_Ethanol')"
C030686,D005973,Positive_Correlation,@CHEMICAL_acetamide,@CHEMICAL_Glutamine,{'27527211'},['0.9993'],"('@CHEMICAL_acetamide', 'Positive_Correlation', '@CHEMICAL_Glutamine')"
D000085,D005973,Positive_Correlation,@CHEMICAL_Acetates,@CHEMICAL_Glutamine,{'27527211'},['0.9992'],"('@CHEMICAL_Acetates', 'Positive_Correlation', '@CHEMICAL_Glutamine')"
C030544,D005973,Negative_Correlation,@CHEMICAL_formic_acid,@CHEMICAL_Glutamine,{'27527211'},['0.9988'],"('@CHEMICAL_formic_acid', 'Negative_Correlation', '@CHEMICAL_Glutamine')"
D002956,D005973,Positive_Correlation,@CHEMICAL_Citrulline,@CHEMICAL_Glutamine,{'27527211'},['0.9992'],"('@CHEMICAL_Citrulline', 'Positive_Correlation', '@CHEMICAL_Glutamine')"
C006895,D003404,Positive_Correlation,@CHEMICAL_N_carbamylglutamate,@CHEMICAL_Creatinine,{'27527211'},['0.9987'],"('@CHEMICAL_N_carbamylglutamate', 'Positive_Correlation', '@CHEMICAL_Creatinine')"
C006895,D009584,Association,@CHEMICAL_N_carbamylglutamate,@CHEMICAL_Nitrogen,{'27527211'},['0.9992'],"('@CHEMICAL_N_carbamylglutamate', 'Association', '@CHEMICAL_Nitrogen')"
D000474,4051,Association,@DISEASE_Alkaptonuria,@GENE_CYP4F3,{'35028273'},['0.7225'],"('@DISEASE_Alkaptonuria', 'Association', '@GENE_CYP4F3')"
D014810,D026082,Association,@CHEMICAL_Vitamin_E,@CHEMICAL_Singlet_Oxygen,{'16258032'},['0.9994'],"('@CHEMICAL_Vitamin_E', 'Association', '@CHEMICAL_Singlet_Oxygen')"
D065146,829413,Association,@CHEMICAL_Zeaxanthins,@GENE_VTE1,{'16258032'},['0.9972'],"('@CHEMICAL_Zeaxanthins', 'Association', '@GENE_VTE1')"
C537730,842805,Positive_Correlation,@DISEASE_Oculocutaneous_albinism_type_2,@GENE_G_TMT,{'16258032'},['0.996'],"('@DISEASE_Oculocutaneous_albinism_type_2', 'Positive_Correlation', '@GENE_G_TMT')"
C537730,825516,Positive_Correlation,@DISEASE_Oculocutaneous_albinism_type_2,@GENE_APG1,{'16258032'},['0.996'],"('@DISEASE_Oculocutaneous_albinism_type_2', 'Positive_Correlation', '@GENE_APG1')"
C537730,816412,Positive_Correlation,@DISEASE_Oculocutaneous_albinism_type_2,@GENE_HPT1,{'16258032'},['0.9926'],"('@DISEASE_Oculocutaneous_albinism_type_2', 'Positive_Correlation', '@GENE_HPT1')"
C537730,829413,Positive_Correlation,@DISEASE_Oculocutaneous_albinism_type_2,@GENE_VTE1,{'16258032'},['0.9885'],"('@DISEASE_Oculocutaneous_albinism_type_2', 'Positive_Correlation', '@GENE_VTE1')"
D014443,D056486,Association,@CHEMICAL_Tyrosine,@DISEASE_Chemical_and_Drug_Induced_Liver_Injury,{'17513424'},['0.9955'],"('@CHEMICAL_Tyrosine', 'Association', '@DISEASE_Chemical_and_Drug_Induced_Liver_Injury')"
C096429,D020176,Negative_Correlation,@CHEMICAL_L_709049,@DISEASE_Tyrosinemias,{'17513424'},['0.9985'],"('@CHEMICAL_L_709049', 'Negative_Correlation', '@DISEASE_Tyrosinemias')"
C099158,D020176,Negative_Correlation,@CHEMICAL_acetyl_aspartyl_glutamyl_valyl_aspartal,@DISEASE_Tyrosinemias,{'17513424'},['0.9987'],"('@CHEMICAL_acetyl_aspartyl_glutamyl_valyl_aspartal', 'Negative_Correlation', '@DISEASE_Tyrosinemias')"
D017093,14085,Association,@DISEASE_Liver_Failure,@GENE_FAH,"{'17513424', '14767996'}","['0.9453', '0.5394']","('@DISEASE_Liver_Failure', 'Association', '@GENE_FAH')"
C020804,D014443,Positive_Correlation,@CHEMICAL_succinylacetone,@CHEMICAL_Tyrosine,{'17513424'},['0.4604'],"('@CHEMICAL_succinylacetone', 'Positive_Correlation', '@CHEMICAL_Tyrosine')"
D005038,14085,Positive_Correlation,@CHEMICAL_Ethylnitrosourea,@GENE_FAH,{'17513424'},['0.9964'],"('@CHEMICAL_Ethylnitrosourea', 'Positive_Correlation', '@GENE_FAH')"
D000077150,D010523,Positive_Correlation,@CHEMICAL_Oxaliplatin,@DISEASE_Peripheral_Nervous_System_Diseases,{'40147678'},['0.9984'],"('@CHEMICAL_Oxaliplatin', 'Positive_Correlation', '@DISEASE_Peripheral_Nervous_System_Diseases')"
D002241,D009765,Positive_Correlation,@CHEMICAL_Carbohydrates,@DISEASE_Obesity,{'40634535'},['0.9981'],"('@CHEMICAL_Carbohydrates', 'Positive_Correlation', '@DISEASE_Obesity')"
D008070,D009765,Negative_Correlation,@CHEMICAL_Lipopolysaccharides,@DISEASE_Obesity,{'40634535'},['0.9966'],"('@CHEMICAL_Lipopolysaccharides', 'Negative_Correlation', '@DISEASE_Obesity')"
D008070,D056486,Negative_Correlation,@CHEMICAL_Lipopolysaccharides,@DISEASE_Chemical_and_Drug_Induced_Liver_Injury,{'40634535'},['0.5335'],"('@CHEMICAL_Lipopolysaccharides', 'Negative_Correlation', '@DISEASE_Chemical_and_Drug_Induced_Liver_Injury')"
D005232,D008070,Positive_Correlation,@CHEMICAL_Fatty_Acids_Volatile,@CHEMICAL_Lipopolysaccharides,{'40634535'},['0.9993'],"('@CHEMICAL_Fatty_Acids_Volatile', 'Positive_Correlation', '@CHEMICAL_Lipopolysaccharides')"
D007410,18033,Association,@DISEASE_Intestinal_Diseases,@GENE_NFKB1,{'40634535'},['0.998'],"('@DISEASE_Intestinal_Diseases', 'Association', '@GENE_NFKB1')"
D007410,20309,Association,@DISEASE_Intestinal_Diseases,@GENE_CXCL15,{'40634535'},['0.9944'],"('@DISEASE_Intestinal_Diseases', 'Association', '@GENE_CXCL15')"
18033,20309,Association,@GENE_NFKB1,@GENE_CXCL15,{'40634535'},['0.9934'],"('@GENE_NFKB1', 'Association', '@GENE_CXCL15')"
D024502,D020263,Negative_Correlation,@CHEMICAL_alpha_Tocopherol,@DISEASE_Lead_Poisoning_Nervous_System,{'23651908'},['0.98'],"('@CHEMICAL_alpha_Tocopherol', 'Negative_Correlation', '@DISEASE_Lead_Poisoning_Nervous_System')"
D008055,D024502,Negative_Correlation,@CHEMICAL_Lipids,@CHEMICAL_alpha_Tocopherol,"{'23651908', '17628182'}","['0.5775', '0.9987']","('@CHEMICAL_Lipids', 'Negative_Correlation', '@CHEMICAL_alpha_Tocopherol')"
D002245,D015792,Negative_Correlation,@CHEMICAL_Carbon_Dioxide,@DISEASE_Retinal_Dysplasia,{'25826275'},['0.9976'],"('@CHEMICAL_Carbon_Dioxide', 'Negative_Correlation', '@DISEASE_Retinal_Dysplasia')"
D002245,D010146,Positive_Correlation,@CHEMICAL_Carbon_Dioxide,@DISEASE_Pain,{'25826275'},['0.9509'],"('@CHEMICAL_Carbon_Dioxide', 'Positive_Correlation', '@DISEASE_Pain')"
D002245,D008228,Negative_Correlation,@CHEMICAL_Carbon_Dioxide,@DISEASE_Lymphoma_Non_Hodgkin,{'25826275'},['0.9984'],"('@CHEMICAL_Carbon_Dioxide', 'Negative_Correlation', '@DISEASE_Lymphoma_Non_Hodgkin')"
D002245,D007410,Negative_Correlation,@CHEMICAL_Carbon_Dioxide,@DISEASE_Intestinal_Diseases,{'25826275'},['0.6571'],"('@CHEMICAL_Carbon_Dioxide', 'Negative_Correlation', '@DISEASE_Intestinal_Diseases')"
D000588,D009555,Association,@CHEMICAL_Amines,@CHEMICAL_Ninhydrin,{'22732185'},['0.8677'],"('@CHEMICAL_Amines', 'Association', '@CHEMICAL_Ninhydrin')"
D004229,D013438,Negative_Correlation,@CHEMICAL_Dithiothreitol,@CHEMICAL_Sulfhydryl_Compounds,{'22732185'},['0.6138'],"('@CHEMICAL_Dithiothreitol', 'Negative_Correlation', '@CHEMICAL_Sulfhydryl_Compounds')"
D008911,D001024,Positive_Correlation,@CHEMICAL_Minocycline,@DISEASE_Aortic_Valve_Stenosis,{'40123942'},['0.6905'],"('@CHEMICAL_Minocycline', 'Positive_Correlation', '@DISEASE_Aortic_Valve_Stenosis')"
D008911,C000655292,Positive_Correlation,@CHEMICAL_Minocycline,@DISEASE_unicuspid_aortic_valve,{'40123942'},['0.7066'],"('@CHEMICAL_Minocycline', 'Positive_Correlation', '@DISEASE_unicuspid_aortic_valve')"
D008911,D004417,Negative_Correlation,@CHEMICAL_Minocycline,@DISEASE_Dyspnea,{'40123942'},['0.4287'],"('@CHEMICAL_Minocycline', 'Negative_Correlation', '@DISEASE_Dyspnea')"
D001647,8714,Association,@CHEMICAL_Bile_Acids_and_Salts,@GENE_ABCC3,{'19174784'},['0.9893'],"('@CHEMICAL_Bile_Acids_and_Salts', 'Association', '@GENE_ABCC3')"
D001647,2172,Association,@CHEMICAL_Bile_Acids_and_Salts,@GENE_FABP6,{'19174784'},['0.9676'],"('@CHEMICAL_Bile_Acids_and_Salts', 'Association', '@GENE_FABP6')"
D001471,2172,Association,@DISEASE_Barrett_Esophagus,@GENE_FABP6,{'19174784'},['0.9995'],"('@DISEASE_Barrett_Esophagus', 'Association', '@GENE_FABP6')"
D001647,6555,Association,@CHEMICAL_Bile_Acids_and_Salts,@GENE_SLC10A2,{'19174784'},['0.6856'],"('@CHEMICAL_Bile_Acids_and_Salts', 'Association', '@GENE_SLC10A2')"
D001647,D001471,Association,@CHEMICAL_Bile_Acids_and_Salts,@DISEASE_Barrett_Esophagus,{'19174784'},['0.8759'],"('@CHEMICAL_Bile_Acids_and_Salts', 'Association', '@DISEASE_Barrett_Esophagus')"
D015792,2172,Association,@DISEASE_Retinal_Dysplasia,@GENE_FABP6,{'19174784'},['0.9667'],"('@DISEASE_Retinal_Dysplasia', 'Association', '@GENE_FABP6')"
D001471,6555,Association,@DISEASE_Barrett_Esophagus,@GENE_SLC10A2,{'19174784'},['0.9997'],"('@DISEASE_Barrett_Esophagus', 'Association', '@GENE_SLC10A2')"
D015792,6555,Negative_Correlation,@DISEASE_Retinal_Dysplasia,@GENE_SLC10A2,{'19174784'},['0.9871'],"('@DISEASE_Retinal_Dysplasia', 'Negative_Correlation', '@GENE_SLC10A2')"
D000230,2172,Association,@DISEASE_Adenocarcinoma,@GENE_FABP6,{'19174784'},['0.9995'],"('@DISEASE_Adenocarcinoma', 'Association', '@GENE_FABP6')"
D008228,2172,Positive_Correlation,@DISEASE_Lymphoma_Non_Hodgkin,@GENE_FABP6,{'19174784'},['0.8149'],"('@DISEASE_Lymphoma_Non_Hodgkin', 'Positive_Correlation', '@GENE_FABP6')"
D001471,7032,Association,@DISEASE_Barrett_Esophagus,@GENE_TFF2,{'27807078'},['0.9989'],"('@DISEASE_Barrett_Esophagus', 'Association', '@GENE_TFF2')"
D001471,13175,Association,@DISEASE_Barrett_Esophagus,@GENE_DCLK1,{'27807078'},['0.9994'],"('@DISEASE_Barrett_Esophagus', 'Association', '@GENE_DCLK1')"
D000230,7032,Negative_Correlation,@DISEASE_Adenocarcinoma,@GENE_TFF2,{'27807078'},['0.6467'],"('@DISEASE_Adenocarcinoma', 'Negative_Correlation', '@GENE_TFF2')"
D001471,16176,Association,@DISEASE_Barrett_Esophagus,@GENE_IL1B,{'27807078'},['0.9994'],"('@DISEASE_Barrett_Esophagus', 'Association', '@GENE_IL1B')"
D004938,8549,Association,@DISEASE_Esophageal_Neoplasms,@GENE_LGR5,{'27807078'},['0.6373'],"('@DISEASE_Esophageal_Neoplasms', 'Association', '@GENE_LGR5')"
D009369,13175,Positive_Correlation,@DISEASE_Neoplasms,@GENE_DCLK1,{'27807078'},['0.9947'],"('@DISEASE_Neoplasms', 'Positive_Correlation', '@GENE_DCLK1')"
D004938,7032,Association,@DISEASE_Esophageal_Neoplasms,@GENE_TFF2,{'27807078'},['0.8856'],"('@DISEASE_Esophageal_Neoplasms', 'Association', '@GENE_TFF2')"
D004938,13175,Positive_Correlation,@DISEASE_Esophageal_Neoplasms,@GENE_DCLK1,{'27807078'},['0.9621'],"('@DISEASE_Esophageal_Neoplasms', 'Positive_Correlation', '@GENE_DCLK1')"
D009369,14160,Positive_Correlation,@DISEASE_Neoplasms,@GENE_LGR5,{'27807078'},['0.9923'],"('@DISEASE_Neoplasms', 'Positive_Correlation', '@GENE_LGR5')"
D001471,8549,Association,@DISEASE_Barrett_Esophagus,@GENE_LGR5,{'27807078'},['0.9994'],"('@DISEASE_Barrett_Esophagus', 'Association', '@GENE_LGR5')"
D000230,13175,Positive_Correlation,@DISEASE_Adenocarcinoma,@GENE_DCLK1,{'27807078'},['0.9761'],"('@DISEASE_Adenocarcinoma', 'Positive_Correlation', '@GENE_DCLK1')"
D010100,D000474,Association,@CHEMICAL_Oxygen,@DISEASE_Alkaptonuria,{'32823072'},['0.9987'],"('@CHEMICAL_Oxygen', 'Association', '@DISEASE_Alkaptonuria')"
D010100,rs767159114##,Association,@CHEMICAL_Oxygen,@VARIANT_p.E401Q_HGD_human,{'32823072'},['0.9946'],"('@CHEMICAL_Oxygen', 'Association', '@VARIANT_p.E401Q_HGD_human')"
D000474,rs767159114##,Positive_Correlation,@DISEASE_Alkaptonuria,@VARIANT_p.E401Q_HGD_human,{'32823072'},['0.9991'],"('@DISEASE_Alkaptonuria', 'Positive_Correlation', '@VARIANT_p.E401Q_HGD_human')"
D006713,D000092124,Positive_Correlation,@CHEMICAL_Homogentisic_Acid,@DISEASE_Organizing_Pneumonia,"{'36880186', '32823072'}","['0.9934', '0.9988']","('@CHEMICAL_Homogentisic_Acid', 'Positive_Correlation', '@DISEASE_Organizing_Pneumonia')"
D010100,3081,Association,@CHEMICAL_Oxygen,@GENE_HGD,{'32823072'},['0.8399'],"('@CHEMICAL_Oxygen', 'Association', '@GENE_HGD')"
D017093,18024,Association,@DISEASE_Liver_Failure,@GENE_NFE2L2,{'38163558'},['0.9994'],"('@DISEASE_Liver_Failure', 'Association', '@GENE_NFE2L2')"
D013311,D017093,Positive_Correlation,@CHEMICAL_Streptozocin,@DISEASE_Liver_Failure,{'38163558'},['0.7775'],"('@CHEMICAL_Streptozocin', 'Positive_Correlation', '@DISEASE_Liver_Failure')"
D017093,11651,Association,@DISEASE_Liver_Failure,@GENE_AKT1,{'38163558'},['0.9994'],"('@DISEASE_Liver_Failure', 'Association', '@GENE_AKT1')"
D006713,D064420,Positive_Correlation,@CHEMICAL_Homogentisic_Acid,@DISEASE_Drug_Related_Side_Effects_and_Adverse_Reactions,"{'34560068', '6151314'}","['0.999', '0.9673']","('@CHEMICAL_Homogentisic_Acid', 'Positive_Correlation', '@DISEASE_Drug_Related_Side_Effects_and_Adverse_Reactions')"
D001471,55278,Association,@DISEASE_Barrett_Esophagus,@GENE_QRSL1,{'40490196'},['0.9896'],"('@DISEASE_Barrett_Esophagus', 'Association', '@GENE_QRSL1')"
D008679,7227,Association,@DISEASE_Metaplasia,@GENE_TRPS1,{'40490196'},['0.9576'],"('@DISEASE_Metaplasia', 'Association', '@GENE_TRPS1')"
D008679,55278,Association,@DISEASE_Metaplasia,@GENE_QRSL1,{'40490196'},['0.9937'],"('@DISEASE_Metaplasia', 'Association', '@GENE_QRSL1')"
D008228,51704,Association,@DISEASE_Lymphoma_Non_Hodgkin,@GENE_GPRC5B,{'40490196'},['0.9897'],"('@DISEASE_Lymphoma_Non_Hodgkin', 'Association', '@GENE_GPRC5B')"
D001471,51704,Association,@DISEASE_Barrett_Esophagus,@GENE_GPRC5B,{'40490196'},['0.9996'],"('@DISEASE_Barrett_Esophagus', 'Association', '@GENE_GPRC5B')"
51704,7033,Positive_Correlation,@GENE_GPRC5B,@GENE_TFF3,{'40490196'},['0.8563'],"('@GENE_GPRC5B', 'Positive_Correlation', '@GENE_TFF3')"
D000230,7227,Association,@DISEASE_Adenocarcinoma,@GENE_TRPS1,{'40490196'},['0.932'],"('@DISEASE_Adenocarcinoma', 'Association', '@GENE_TRPS1')"
3570,7227,Positive_Correlation,@GENE_IL6R,@GENE_TRPS1,{'40490196'},['0.998'],"('@GENE_IL6R', 'Positive_Correlation', '@GENE_TRPS1')"
D008228,55278,Association,@DISEASE_Lymphoma_Non_Hodgkin,@GENE_QRSL1,{'40490196'},['0.9252'],"('@DISEASE_Lymphoma_Non_Hodgkin', 'Association', '@GENE_QRSL1')"
D063646,7227,Association,@DISEASE_Carcinogenesis,@GENE_TRPS1,{'40490196'},['0.9994'],"('@DISEASE_Carcinogenesis', 'Association', '@GENE_TRPS1')"
D015792,55278,Association,@DISEASE_Retinal_Dysplasia,@GENE_QRSL1,{'40490196'},['0.9876'],"('@DISEASE_Retinal_Dysplasia', 'Association', '@GENE_QRSL1')"
57530,7227,Positive_Correlation,@GENE_CGN,@GENE_TRPS1,{'40490196'},['0.9945'],"('@GENE_CGN', 'Positive_Correlation', '@GENE_TRPS1')"
D005764,290,Association,@DISEASE_Gastroesophageal_Reflux,@GENE_ANPEP,{'40490196'},['0.9316'],"('@DISEASE_Gastroesophageal_Reflux', 'Association', '@GENE_ANPEP')"
D015792,51704,Association,@DISEASE_Retinal_Dysplasia,@GENE_GPRC5B,{'40490196'},['0.9995'],"('@DISEASE_Retinal_Dysplasia', 'Association', '@GENE_GPRC5B')"
D000230,55278,Association,@DISEASE_Adenocarcinoma,@GENE_QRSL1,{'40490196'},['0.9996'],"('@DISEASE_Adenocarcinoma', 'Association', '@GENE_QRSL1')"
D063646,55278,Association,@DISEASE_Carcinogenesis,@GENE_QRSL1,{'40490196'},['0.9984'],"('@DISEASE_Carcinogenesis', 'Association', '@GENE_QRSL1')"
4583,51704,Negative_Correlation,@GENE_MUC2,@GENE_GPRC5B,{'40490196'},['0.9783'],"('@GENE_MUC2', 'Negative_Correlation', '@GENE_GPRC5B')"
51704,7227,Association,@GENE_GPRC5B,@GENE_TRPS1,{'40490196'},['0.9948'],"('@GENE_GPRC5B', 'Association', '@GENE_TRPS1')"
D005764,2626,Association,@DISEASE_Gastroesophageal_Reflux,@GENE_GATA4,{'40490196'},['0.993'],"('@DISEASE_Gastroesophageal_Reflux', 'Association', '@GENE_GATA4')"
C029716,D015102,Positive_Correlation,@CHEMICAL_4_chlorophenylacetic_acid,@CHEMICAL_3_4_Dihydroxyphenylacetic_Acid,{'7217006'},['0.9602'],"('@CHEMICAL_4_chlorophenylacetic_acid', 'Positive_Correlation', '@CHEMICAL_3_4_Dihydroxyphenylacetic_Acid')"
C008070,D005978,Association,@CHEMICAL_4_hydroxyphenylacetic_acid,@CHEMICAL_Glutathione,{'7217006'},['0.8321'],"('@CHEMICAL_4_hydroxyphenylacetic_acid', 'Association', '@CHEMICAL_Glutathione')"
C029716,D002244,Positive_Correlation,@CHEMICAL_4_chlorophenylacetic_acid,@CHEMICAL_Carbon,{'7217006'},['0.6088'],"('@CHEMICAL_4_chlorophenylacetic_acid', 'Positive_Correlation', '@CHEMICAL_Carbon')"
C008070,D006713,Association,@CHEMICAL_4_hydroxyphenylacetic_acid,@CHEMICAL_Homogentisic_Acid,"{'1194238', '7217006'}","['0.9981', '0.873']","('@CHEMICAL_4_hydroxyphenylacetic_acid', 'Association', '@CHEMICAL_Homogentisic_Acid')"
D005978,D006713,Association,@CHEMICAL_Glutathione,@CHEMICAL_Homogentisic_Acid,{'7217006'},['0.9991'],"('@CHEMICAL_Glutathione', 'Association', '@CHEMICAL_Homogentisic_Acid')"
3242,780897,Association,@GENE_HPD,@GENE_HPP1,{'18452231'},['0.8521'],"('@GENE_HPD', 'Association', '@GENE_HPP1')"
D014443,780897,Association,@CHEMICAL_Tyrosine,@GENE_HPP1,{'18452231'},['0.915'],"('@CHEMICAL_Tyrosine', 'Association', '@GENE_HPP1')"
D002104,3242,Association,@CHEMICAL_Cadmium,@GENE_HPD,{'18452231'},['0.9928'],"('@CHEMICAL_Cadmium', 'Association', '@GENE_HPD')"
D002104,D019284,Association,@CHEMICAL_Cadmium,@CHEMICAL_Thapsigargin,{'18452231'},['0.9841'],"('@CHEMICAL_Cadmium', 'Association', '@CHEMICAL_Thapsigargin')"
D019284,D064420,Association,@CHEMICAL_Thapsigargin,@DISEASE_Drug_Related_Side_Effects_and_Adverse_Reactions,{'18452231'},['0.9955'],"('@CHEMICAL_Thapsigargin', 'Association', '@DISEASE_Drug_Related_Side_Effects_and_Adverse_Reactions')"
1956,4790,Association,@GENE_EGFR,@GENE_NFKB1,{'21157443'},['0.9537'],"('@GENE_EGFR', 'Association', '@GENE_NFKB1')"
D000782,1956,Association,@DISEASE_Aneuploidy,@GENE_EGFR,{'21157443'},['0.6324'],"('@DISEASE_Aneuploidy', 'Association', '@GENE_EGFR')"
D000230,1956,Positive_Correlation,@DISEASE_Adenocarcinoma,@GENE_EGFR,{'21157443'},['0.9974'],"('@DISEASE_Adenocarcinoma', 'Positive_Correlation', '@GENE_EGFR')"
C562730,1956,Association,@DISEASE_Adenocarcinoma_Of_Esophagus,@GENE_EGFR,{'21157443'},['0.9185'],"('@DISEASE_Adenocarcinoma_Of_Esophagus', 'Association', '@GENE_EGFR')"
D003840,D008228,Positive_Correlation,@CHEMICAL_Deoxycholic_Acid,@DISEASE_Lymphoma_Non_Hodgkin,{'21157443'},['0.7362'],"('@CHEMICAL_Deoxycholic_Acid', 'Positive_Correlation', '@DISEASE_Lymphoma_Non_Hodgkin')"
D003840,1956,Association,@CHEMICAL_Deoxycholic_Acid,@GENE_EGFR,{'21157443'},['0.997'],"('@CHEMICAL_Deoxycholic_Acid', 'Association', '@GENE_EGFR')"
D003840,4790,Positive_Correlation,@CHEMICAL_Deoxycholic_Acid,@GENE_NFKB1,{'21157443'},['0.9933'],"('@CHEMICAL_Deoxycholic_Acid', 'Positive_Correlation', '@GENE_NFKB1')"
D015792,1956,Association,@DISEASE_Retinal_Dysplasia,@GENE_EGFR,{'21157443'},['0.9244'],"('@DISEASE_Retinal_Dysplasia', 'Association', '@GENE_EGFR')"
C011006,817022,Positive_Correlation,@CHEMICAL_jasmonic_acid,@GENE_TAT3,{'12430028'},['0.9992'],"('@CHEMICAL_jasmonic_acid', 'Positive_Correlation', '@GENE_TAT3')"
C058487,817022,Positive_Correlation,@CHEMICAL_coronatine,@GENE_TAT3,{'12430028'},['0.9478'],"('@CHEMICAL_coronatine', 'Positive_Correlation', '@GENE_TAT3')"
D024505,817022,Association,@CHEMICAL_Tocopherols,@GENE_TAT3,{'12430028'},['0.9988'],"('@CHEMICAL_Tocopherols', 'Association', '@GENE_TAT3')"
C072239,817022,Positive_Correlation,@CHEMICAL_methyl_jasmonate,@GENE_TAT3,{'12430028'},['0.9988'],"('@CHEMICAL_methyl_jasmonate', 'Positive_Correlation', '@GENE_TAT3')"
C011006,D024505,Positive_Correlation,@CHEMICAL_jasmonic_acid,@CHEMICAL_Tocopherols,"{'12430028', '30137562'}","['0.9976', '0.9982']","('@CHEMICAL_jasmonic_acid', 'Positive_Correlation', '@CHEMICAL_Tocopherols')"
C016027,817022,Positive_Correlation,@CHEMICAL_oxyfluorofen,@GENE_TAT3,{'12430028'},['0.999'],"('@CHEMICAL_oxyfluorofen', 'Positive_Correlation', '@GENE_TAT3')"
D004083,D019294,Positive_Correlation,@CHEMICAL_Cholestanol,@DISEASE_Xanthomatosis_Cerebrotendinous,{'27535253'},['0.9985'],"('@CHEMICAL_Cholestanol', 'Positive_Correlation', '@DISEASE_Xanthomatosis_Cerebrotendinous')"
D017886,D007014,Association,@CHEMICAL_Durapatite,@DISEASE_Hypophosphatasia,{'27535253'},['0.6787'],"('@CHEMICAL_Durapatite', 'Association', '@DISEASE_Hypophosphatasia')"
D000073376,3949,Association,@DISEASE_Epileptic_Syndromes,@GENE_LDLR,{'27535253'},['0.9933'],"('@DISEASE_Epileptic_Syndromes', 'Association', '@GENE_LDLR')"
D001647,D019294,Association,@CHEMICAL_Bile_Acids_and_Salts,@DISEASE_Xanthomatosis_Cerebrotendinous,{'27535253'},['0.9993'],"('@CHEMICAL_Bile_Acids_and_Salts', 'Association', '@DISEASE_Xanthomatosis_Cerebrotendinous')"
D002784,D019294,Association,@CHEMICAL_Cholesterol,@DISEASE_Xanthomatosis_Cerebrotendinous,{'27535253'},['0.9782'],"('@CHEMICAL_Cholesterol', 'Association', '@DISEASE_Xanthomatosis_Cerebrotendinous')"
D005841,D005978,Association,@CHEMICAL_Gentisates,@CHEMICAL_Glutathione,{'907340'},['0.5876'],"('@CHEMICAL_Gentisates', 'Association', '@CHEMICAL_Glutathione')"
D005033,D013438,Association,@CHEMICAL_Ethylmaleimide,@CHEMICAL_Sulfhydryl_Compounds,{'907340'},['0.9315'],"('@CHEMICAL_Ethylmaleimide', 'Association', '@CHEMICAL_Sulfhydryl_Compounds')"
D005978,D010636,Association,@CHEMICAL_Glutathione,@CHEMICAL_Phenols,{'907340'},['0.9102'],"('@CHEMICAL_Glutathione', 'Association', '@CHEMICAL_Phenols')"
D002294,3861,Negative_Correlation,@DISEASE_Carcinoma_Squamous_Cell,@GENE_KRT14,{'26084998'},['0.9979'],"('@DISEASE_Carcinoma_Squamous_Cell', 'Negative_Correlation', '@GENE_KRT14')"
D002294,3880,Positive_Correlation,@DISEASE_Carcinoma_Squamous_Cell,@GENE_KRT19,{'26084998'},['0.9151'],"('@DISEASE_Carcinoma_Squamous_Cell', 'Positive_Correlation', '@GENE_KRT19')"
D008228,3861,Negative_Correlation,@DISEASE_Lymphoma_Non_Hodgkin,@GENE_KRT14,{'26084998'},['0.9934'],"('@DISEASE_Lymphoma_Non_Hodgkin', 'Negative_Correlation', '@GENE_KRT14')"
##c.1T>A,D001471,Association,,@DISEASE_Barrett_Esophagus,{'30076843'},['0.9907'],"(None, 'Association', '@DISEASE_Barrett_Esophagus')"
D001128,D015792,Negative_Correlation,@CHEMICAL_Argon,@DISEASE_Retinal_Dysplasia,"{'30076843', '11901929'}","['0.9612', '0.9176']","('@CHEMICAL_Argon', 'Negative_Correlation', '@DISEASE_Retinal_Dysplasia')"
D001128,D009369,Negative_Correlation,@CHEMICAL_Argon,@DISEASE_Neoplasms,{'30076843'},['0.9991'],"('@CHEMICAL_Argon', 'Negative_Correlation', '@DISEASE_Neoplasms')"
D000077195,7158,Association,@DISEASE_Squamous_Cell_Carcinoma_of_Head_and_Neck,@GENE_TP53BP1,{'34593426'},['0.9997'],"('@DISEASE_Squamous_Cell_Carcinoma_of_Head_and_Neck', 'Association', '@GENE_TP53BP1')"
C567703,7158,Association,@DISEASE_Diarrhea_5_With_Tufting_Enteropathy_Congenital,@GENE_TP53BP1,{'34593426'},['0.9987'],"('@DISEASE_Diarrhea_5_With_Tufting_Enteropathy_Congenital', 'Association', '@GENE_TP53BP1')"
D012216,56246,Association,@DISEASE_Rheumatic_Diseases,@GENE_MRAP,{'300896'},['0.9978'],"('@DISEASE_Rheumatic_Diseases', 'Association', '@GENE_MRAP')"
3842,7450,Association,@GENE_TNPO1,@GENE_VWF,{'30586737'},['0.9715'],"('@GENE_TNPO1', 'Association', '@GENE_VWF')"
138799,7450,Association,@GENE_OR13C5,@GENE_VWF,{'30586737'},['0.9951'],"('@GENE_OR13C5', 'Association', '@GENE_VWF')"
115548,7450,Association,@GENE_FCHO2,@GENE_VWF,{'30586737'},['0.8955'],"('@GENE_FCHO2', 'Association', '@GENE_VWF')"
64116,7450,Association,@GENE_SLC39A8,@GENE_VWF,{'30586737'},['0.997'],"('@GENE_SLC39A8', 'Association', '@GENE_VWF')"
54899,7450,Association,@GENE_PXK,@GENE_VWF,{'30586737'},['0.9757'],"('@GENE_PXK', 'Association', '@GENE_VWF')"
3105,7450,Association,@GENE_HLA_A,@GENE_VWF,{'30586737'},['0.9896'],"('@GENE_HLA_A', 'Association', '@GENE_VWF')"
5878,7450,Association,@GENE_RAB5C,@GENE_VWF,{'30586737'},['0.9775'],"('@GENE_RAB5C', 'Association', '@GENE_VWF')"
10454,7450,Association,@GENE_TAB1,@GENE_VWF,{'30586737'},['0.7432'],"('@GENE_TAB1', 'Association', '@GENE_VWF')"
D020246,7450,Association,@DISEASE_Venous_Thrombosis,@GENE_VWF,{'30586737'},['0.9997'],"('@DISEASE_Venous_Thrombosis', 'Association', '@GENE_VWF')"
388125,7450,Association,@GENE_C2CD4B,@GENE_VWF,{'30586737'},['0.9635'],"('@GENE_C2CD4B', 'Association', '@GENE_VWF')"
2157,7450,Bind,@GENE_F8,@GENE_VWF,{'30586737'},['0.8293'],"('@GENE_F8', 'Bind', '@GENE_VWF')"
168537,7450,Association,@GENE_GIMAP7,@GENE_VWF,{'30586737'},['0.9961'],"('@GENE_GIMAP7', 'Association', '@GENE_VWF')"
D003324,2157,Association,@DISEASE_Coronary_Artery_Disease,@GENE_F8,{'30586737'},['0.9994'],"('@DISEASE_Coronary_Artery_Disease', 'Association', '@GENE_F8')"
200845,7450,Association,@GENE_KCTD6,@GENE_VWF,{'30586737'},['0.9823'],"('@GENE_KCTD6', 'Association', '@GENE_VWF')"
D013927,153090,Association,@DISEASE_Thrombosis,@GENE_DAB2IP,{'30586737'},['0.9263'],"('@DISEASE_Thrombosis', 'Association', '@GENE_DAB2IP')"
D002544,7450,Association,@DISEASE_Cerebral_Infarction,@GENE_VWF,{'30586737'},['0.9996'],"('@DISEASE_Cerebral_Infarction', 'Association', '@GENE_VWF')"
7450,9145,Association,@GENE_VWF,@GENE_SYNGR1,{'30586737'},['0.5584'],"('@GENE_VWF', 'Association', '@GENE_SYNGR1')"
100113404,2157,Association,@GENE_LINC00583,@GENE_F8,{'30586737'},['0.8062'],"('@GENE_LINC00583', 'Association', '@GENE_F8')"
410,7450,Association,@GENE_ARSA,@GENE_VWF,{'30586737'},['0.8453'],"('@GENE_ARSA', 'Association', '@GENE_VWF')"
D006474,2157,Association,@DISEASE_Hemorrhagic_Disorders,@GENE_F8,{'30586737'},['0.9997'],"('@DISEASE_Hemorrhagic_Disorders', 'Association', '@GENE_F8')"
2157,6122,Association,@GENE_F8,@GENE_RPL3,{'30586737'},['0.8797'],"('@GENE_F8', 'Association', '@GENE_RPL3')"
55303,7450,Association,@GENE_GIMAP4,@GENE_VWF,{'30586737'},['0.9975'],"('@GENE_GIMAP4', 'Association', '@GENE_VWF')"
D020246,2157,Association,@DISEASE_Venous_Thrombosis,@GENE_F8,{'30586737'},['0.9994'],"('@DISEASE_Venous_Thrombosis', 'Association', '@GENE_F8')"
5162,7450,Association,@GENE_PDHB,@GENE_VWF,{'30586737'},['0.8928'],"('@GENE_PDHB', 'Association', '@GENE_VWF')"
D013927,5878,Association,@DISEASE_Thrombosis,@GENE_RAB5C,{'30586737'},['0.5708'],"('@DISEASE_Thrombosis', 'Association', '@GENE_RAB5C')"
153090,7450,Association,@GENE_DAB2IP,@GENE_VWF,{'30586737'},['0.9961'],"('@GENE_DAB2IP', 'Association', '@GENE_VWF')"
D006474,7450,Association,@DISEASE_Hemorrhagic_Disorders,@GENE_VWF,{'30586737'},['0.9997'],"('@DISEASE_Hemorrhagic_Disorders', 'Association', '@GENE_VWF')"
2157,4781,Association,@GENE_F8,@GENE_NFIB,{'30586737'},['0.8519'],"('@GENE_F8', 'Association', '@GENE_NFIB')"
D006713,837168,Positive_Correlation,@CHEMICAL_Homogentisic_Acid,@GENE_PDS1,{'10198110'},['0.5952'],"('@CHEMICAL_Homogentisic_Acid', 'Positive_Correlation', '@GENE_PDS1')"
D007555,606444,Association,@CHEMICAL_Isoxazoles,@GENE_LOC606444,{'15633191'},['0.6948'],"('@CHEMICAL_Isoxazoles', 'Association', '@GENE_LOC606444')"
D007555,D014810,Association,@CHEMICAL_Isoxazoles,@CHEMICAL_Vitamin_E,{'15633191'},['0.9755'],"('@CHEMICAL_Isoxazoles', 'Association', '@CHEMICAL_Vitamin_E')"
D010971,606444,Association,@CHEMICAL_Plastoquinone,@GENE_LOC606444,{'15633191'},['0.9987'],"('@CHEMICAL_Plastoquinone', 'Association', '@GENE_LOC606444')"
D014810,606444,Association,@CHEMICAL_Vitamin_E,@GENE_LOC606444,{'15633191'},['0.9956'],"('@CHEMICAL_Vitamin_E', 'Association', '@GENE_LOC606444')"
D006713,606444,Association,@CHEMICAL_Homogentisic_Acid,@GENE_LOC606444,{'15633191'},['0.9189'],"('@CHEMICAL_Homogentisic_Acid', 'Association', '@GENE_LOC606444')"
D002096,D003545,Association,@CHEMICAL_C_Peptide,@CHEMICAL_Cysteine,{'16520549'},['0.8644'],"('@CHEMICAL_C_Peptide', 'Association', '@CHEMICAL_Cysteine')"
C031927,C531762,Positive_Correlation,@CHEMICAL_hydroquinone,@DISEASE_Alkaptonuric_ochronosis,"{'33344320', '24452981'}","['0.9988', '0.7728']","('@CHEMICAL_hydroquinone', 'Positive_Correlation', '@DISEASE_Alkaptonuric_ochronosis')"
D005650,837757,Association,@CHEMICAL_Fumarates,@GENE_AT1G12050,"{'22980205', '27097641', '23743712', '29785518'}","['0.7377', '0.8734', '0.9533', '0.6118']","('@CHEMICAL_Fumarates', 'Association', '@GENE_AT1G12050')"
D014443,837757,Association,@CHEMICAL_Tyrosine,@GENE_AT1G12050,"{'27097641', '23743712'}","['0.9934', '0.9994']","('@CHEMICAL_Tyrosine', 'Association', '@GENE_AT1G12050')"
C105171,837757,Association,@CHEMICAL_fumarylacetoacetate,@GENE_AT1G12050,"{'27097641', '23743712', '29785518'}","['0.9821', '0.9602', '0.8743']","('@CHEMICAL_fumarylacetoacetate', 'Association', '@GENE_AT1G12050')"
C016635,D014443,Association,@CHEMICAL_acetoacetic_acid,@CHEMICAL_Tyrosine,"{'11368331', '23743712'}","['0.8983', '0.9153']","('@CHEMICAL_acetoacetic_acid', 'Association', '@CHEMICAL_Tyrosine')"
C016635,837757,Association,@CHEMICAL_acetoacetic_acid,@GENE_AT1G12050,"{'22980205', '27097641', '23743712', '29785518'}","['0.9007', '0.9271', '0.9817', '0.4362']","('@CHEMICAL_acetoacetic_acid', 'Association', '@GENE_AT1G12050')"
C020804,837757,Association,@CHEMICAL_succinylacetone,@GENE_AT1G12050,"{'27097641', '23743712'}","['0.9983', '0.9991']","('@CHEMICAL_succinylacetone', 'Association', '@GENE_AT1G12050')"
#3081#c.283-9199_434+1688del,D000474,Association,@VARIANT_c.283_9199_434+1688del_HGD_human,@DISEASE_Alkaptonuria,{'35110678'},['0.9915'],"('@VARIANT_c.283_9199_434+1688del_HGD_human', 'Association', '@DISEASE_Alkaptonuria')"
#3081#c.1-8460_282+6727del,D000474,Association,@VARIANT_c.1_8460_282+6727del_HGD_human,@DISEASE_Alkaptonuria,{'35110678'},['0.9976'],"('@VARIANT_c.1_8460_282+6727del_HGD_human', 'Association', '@DISEASE_Alkaptonuria')"
#3081#c.1007-1709_1188+1121del,D000474,Association,@VARIANT_c.1007_1709_1188+1121del_HGD_human,@DISEASE_Alkaptonuria,{'35110678'},['0.9976'],"('@VARIANT_c.1007_1709_1188+1121del_HGD_human', 'Association', '@DISEASE_Alkaptonuria')"
#3081#c.775-1915_879+1293del,D000474,Association,@VARIANT_c.775_1915_879+1293del_HGD_human,@DISEASE_Alkaptonuria,{'35110678'},['0.9954'],"('@VARIANT_c.775_1915_879+1293del_HGD_human', 'Association', '@DISEASE_Alkaptonuria')"
D002110,D008228,Positive_Correlation,@CHEMICAL_Caffeine,@DISEASE_Lymphoma_Non_Hodgkin,{'32184470'},['0.996'],"('@CHEMICAL_Caffeine', 'Positive_Correlation', '@DISEASE_Lymphoma_Non_Hodgkin')"
D002110,D000230,Positive_Correlation,@CHEMICAL_Caffeine,@DISEASE_Adenocarcinoma,{'32184470'},['0.9972'],"('@CHEMICAL_Caffeine', 'Positive_Correlation', '@DISEASE_Adenocarcinoma')"
C029943,D006713,Association,@CHEMICAL_potassium_hydroxide,@CHEMICAL_Homogentisic_Acid,{'37877521'},['0.9912'],"('@CHEMICAL_potassium_hydroxide', 'Association', '@CHEMICAL_Homogentisic_Acid')"
D003348,D009794,Association,@CHEMICAL_Cortisone,@DISEASE_Ochronosis,{'5376903'},['0.9573'],"('@CHEMICAL_Cortisone', 'Association', '@DISEASE_Ochronosis')"
D003348,D050723,Positive_Correlation,@CHEMICAL_Cortisone,@DISEASE_Fractures_Bone,{'5376903'},['0.969'],"('@CHEMICAL_Cortisone', 'Positive_Correlation', '@DISEASE_Fractures_Bone')"
5340,5345,Association,@GENE_PLG,@GENE_SERPINF2,{'3334852'},['0.93'],"('@GENE_PLG', 'Association', '@GENE_SERPINF2')"
D014148,5345,Association,@CHEMICAL_Tranexamic_Acid,@GENE_SERPINF2,{'3334852'},['0.9062'],"('@CHEMICAL_Tranexamic_Acid', 'Association', '@GENE_SERPINF2')"
D008239,5340,Association,@CHEMICAL_Lysine,@GENE_PLG,{'3334852'},['0.8146'],"('@CHEMICAL_Lysine', 'Association', '@GENE_PLG')"
D014148,5340,Association,@CHEMICAL_Tranexamic_Acid,@GENE_PLG,{'3334852'},['0.8784'],"('@CHEMICAL_Tranexamic_Acid', 'Association', '@GENE_PLG')"
D008239,5345,Association,@CHEMICAL_Lysine,@GENE_SERPINF2,{'3334852'},['0.9546'],"('@CHEMICAL_Lysine', 'Association', '@GENE_SERPINF2')"
D008239,D014148,Association,@CHEMICAL_Lysine,@CHEMICAL_Tranexamic_Acid,{'3334852'},['0.9083'],"('@CHEMICAL_Lysine', 'Association', '@CHEMICAL_Tranexamic_Acid')"
D012346,D024322,Negative_Correlation,@CHEMICAL_RNA_Transfer_Amino_Acyl,@CHEMICAL_Amino_Acids_Aromatic,{'6563016'},['0.9988'],"('@CHEMICAL_RNA_Transfer_Amino_Acyl', 'Negative_Correlation', '@CHEMICAL_Amino_Acids_Aromatic')"
C012001,D014443,Negative_Correlation,@CHEMICAL_polyphenylalanine,@CHEMICAL_Tyrosine,{'6563016'},['0.9922'],"('@CHEMICAL_polyphenylalanine', 'Negative_Correlation', '@CHEMICAL_Tyrosine')"
C025136,D012346,Negative_Correlation,@CHEMICAL_phenylacetic_acid,@CHEMICAL_RNA_Transfer_Amino_Acyl,{'6563016'},['0.9511'],"('@CHEMICAL_phenylacetic_acid', 'Negative_Correlation', '@CHEMICAL_RNA_Transfer_Amino_Acyl')"
C031606,D014443,Association,@CHEMICAL_phenylpyruvic_acid,@CHEMICAL_Tyrosine,{'6563016'},['0.9614'],"('@CHEMICAL_phenylpyruvic_acid', 'Association', '@CHEMICAL_Tyrosine')"
C023793,D017382,Negative_Correlation,@CHEMICAL_pyomelanin,@CHEMICAL_Reactive_Oxygen_Species,{'23346079'},['0.9438'],"('@CHEMICAL_pyomelanin', 'Negative_Correlation', '@CHEMICAL_Reactive_Oxygen_Species')"
C005756,D006713,Positive_Correlation,@CHEMICAL_2_hydroxyphenylacetic_acid,@CHEMICAL_Homogentisic_Acid,{'34156761'},['0.7391'],"('@CHEMICAL_2_hydroxyphenylacetic_acid', 'Positive_Correlation', '@CHEMICAL_Homogentisic_Acid')"
D002697,D006849,Negative_Correlation,@CHEMICAL_Chloral_Hydrate,@DISEASE_Hydrocephalus,{'1196703'},['0.9981'],"('@CHEMICAL_Chloral_Hydrate', 'Negative_Correlation', '@DISEASE_Hydrocephalus')"
D001205,C537437,Negative_Correlation,@CHEMICAL_Ascorbic_Acid,@DISEASE_Aromatic_amino_acid_decarboxylase_deficiency,{'1196703'},['0.9451'],"('@CHEMICAL_Ascorbic_Acid', 'Negative_Correlation', '@DISEASE_Aromatic_amino_acid_decarboxylase_deficiency')"
D002697,D006713,Positive_Correlation,@CHEMICAL_Chloral_Hydrate,@CHEMICAL_Homogentisic_Acid,{'1196703'},['0.9972'],"('@CHEMICAL_Chloral_Hydrate', 'Positive_Correlation', '@CHEMICAL_Homogentisic_Acid')"
C010590,D002697,Positive_Correlation,@CHEMICAL_4_hydroxyphenylpyruvic_acid,@CHEMICAL_Chloral_Hydrate,{'1196703'},['0.9754'],"('@CHEMICAL_4_hydroxyphenylpyruvic_acid', 'Positive_Correlation', '@CHEMICAL_Chloral_Hydrate')"
C007045,D018205,Association,@CHEMICAL_cholesteryl_sulfate,@DISEASE_Neoplasms_Adipose_Tissue,{'36557310'},['0.9994'],"('@CHEMICAL_cholesteryl_sulfate', 'Association', '@DISEASE_Neoplasms_Adipose_Tissue')"
D014364,D007333,Association,@CHEMICAL_Tryptophan,@DISEASE_Insulin_Resistance,{'36557310'},['0.9796'],"('@CHEMICAL_Tryptophan', 'Association', '@DISEASE_Insulin_Resistance')"
D008055,D000007,Association,@CHEMICAL_Lipids,@DISEASE_Abdominal_Injuries,{'36557310'},['0.8589'],"('@CHEMICAL_Lipids', 'Association', '@DISEASE_Abdominal_Injuries')"
C078814,D007333,Association,@CHEMICAL_anandamide,@DISEASE_Insulin_Resistance,{'36557310'},['0.6594'],"('@CHEMICAL_anandamide', 'Association', '@DISEASE_Insulin_Resistance')"
D005947,3630,Association,@CHEMICAL_Glucose,@GENE_INS,{'36557310'},['0.9772'],"('@CHEMICAL_Glucose', 'Association', '@GENE_INS')"
C004946,D018205,Association,@CHEMICAL_glycocyamine,@DISEASE_Neoplasms_Adipose_Tissue,{'36557310'},['0.9993'],"('@CHEMICAL_glycocyamine', 'Association', '@DISEASE_Neoplasms_Adipose_Tissue')"
D003562,D007333,Association,@CHEMICAL_Cytidine,@DISEASE_Insulin_Resistance,{'36557310'},['0.9852'],"('@CHEMICAL_Cytidine', 'Association', '@DISEASE_Insulin_Resistance')"
D010767,D007333,Association,@CHEMICAL_Phosphorylcholine,@DISEASE_Insulin_Resistance,{'36557310'},['0.9985'],"('@CHEMICAL_Phosphorylcholine', 'Association', '@DISEASE_Insulin_Resistance')"
D019343,D007333,Association,@CHEMICAL_Citric_Acid,@DISEASE_Insulin_Resistance,{'36557310'},['0.9882'],"('@CHEMICAL_Citric_Acid', 'Association', '@DISEASE_Insulin_Resistance')"
C031606,D007333,Association,@CHEMICAL_phenylpyruvic_acid,@DISEASE_Insulin_Resistance,{'36557310'},['0.9903'],"('@CHEMICAL_phenylpyruvic_acid', 'Association', '@DISEASE_Insulin_Resistance')"
C004762,D011108,Association,@CHEMICAL_2_4_dichlorophenol,@CHEMICAL_Polymers,{'10489523'},['0.8493'],"('@CHEMICAL_2_4_dichlorophenol', 'Association', '@CHEMICAL_Polymers')"
C020804,D006528,Positive_Correlation,@CHEMICAL_succinylacetone,@DISEASE_Carcinoma_Hepatocellular,{'9305902'},['0.8182'],"('@CHEMICAL_succinylacetone', 'Positive_Correlation', '@DISEASE_Carcinoma_Hepatocellular')"
C105171,D006528,Association,@CHEMICAL_fumarylacetoacetate,@DISEASE_Carcinoma_Hepatocellular,{'9305902'},['0.4458'],"('@CHEMICAL_fumarylacetoacetate', 'Association', '@DISEASE_Carcinoma_Hepatocellular')"
D002244,D058116,Negative_Correlation,@CHEMICAL_Carbon,@CHEMICAL_Lewis_Acids,{'36270190'},['0.9949'],"('@CHEMICAL_Carbon', 'Negative_Correlation', '@CHEMICAL_Lewis_Acids')"
C031294,D010100,Association,@CHEMICAL_chlorobenzene,@CHEMICAL_Oxygen,{'36270190'},['0.9752'],"('@CHEMICAL_chlorobenzene', 'Association', '@CHEMICAL_Oxygen')"
D001554,D003035,Association,@CHEMICAL_Benzene,@CHEMICAL_Cobalt,{'36270190'},['0.9741'],"('@CHEMICAL_Benzene', 'Association', '@CHEMICAL_Cobalt')"
C031294,D058116,Association,@CHEMICAL_chlorobenzene,@CHEMICAL_Lewis_Acids,{'36270190'},['0.994'],"('@CHEMICAL_chlorobenzene', 'Association', '@CHEMICAL_Lewis_Acids')"
D000077273,4494,Association,@DISEASE_Thyroid_Cancer_Papillary,@GENE_MT1F,{'36465624'},['0.9992'],"('@DISEASE_Thyroid_Cancer_Papillary', 'Association', '@GENE_MT1F')"
D000077273,7173,Association,@DISEASE_Thyroid_Cancer_Papillary,@GENE_TPO,{'36465624'},['0.9989'],"('@DISEASE_Thyroid_Cancer_Papillary', 'Association', '@GENE_TPO')"
D000077273,1804,Association,@DISEASE_Thyroid_Cancer_Papillary,@GENE_DPP6,{'36465624'},['0.9993'],"('@DISEASE_Thyroid_Cancer_Papillary', 'Association', '@GENE_DPP6')"
D000077273,80763,Association,@DISEASE_Thyroid_Cancer_Papillary,@GENE_SPX,{'36465624'},['0.9986'],"('@DISEASE_Thyroid_Cancer_Papillary', 'Association', '@GENE_SPX')"
D008207,4038,Association,@DISEASE_Lymphatic_Metastasis,@GENE_LRP4,{'36465624'},['0.6987'],"('@DISEASE_Lymphatic_Metastasis', 'Association', '@GENE_LRP4')"
D000077273,3081,Association,@DISEASE_Thyroid_Cancer_Papillary,@GENE_HGD,{'36465624'},['0.9995'],"('@DISEASE_Thyroid_Cancer_Papillary', 'Association', '@GENE_HGD')"
D000077273,26034,Association,@DISEASE_Thyroid_Cancer_Papillary,@GENE_IPCEF1,{'36465624'},['0.9993'],"('@DISEASE_Thyroid_Cancer_Papillary', 'Association', '@GENE_IPCEF1')"
D000077273,7033,Association,@DISEASE_Thyroid_Cancer_Papillary,@GENE_TFF3,{'36465624'},['0.9993'],"('@DISEASE_Thyroid_Cancer_Papillary', 'Association', '@GENE_TFF3')"
D000077273,5172,Association,@DISEASE_Thyroid_Cancer_Papillary,@GENE_SLC26A4,{'36465624'},['0.9994'],"('@DISEASE_Thyroid_Cancer_Papillary', 'Association', '@GENE_SLC26A4')"
D000077273,115111,Association,@DISEASE_Thyroid_Cancer_Papillary,@GENE_SLC26A7,{'36465624'},['0.9993'],"('@DISEASE_Thyroid_Cancer_Papillary', 'Association', '@GENE_SLC26A7')"
D000077273,120892,Association,@DISEASE_Thyroid_Cancer_Papillary,@GENE_LRRK2,{'36465624'},['0.9994'],"('@DISEASE_Thyroid_Cancer_Papillary', 'Association', '@GENE_LRRK2')"
D000077273,1733,Association,@DISEASE_Thyroid_Cancer_Papillary,@GENE_DIO1,{'36465624'},['0.9988'],"('@DISEASE_Thyroid_Cancer_Papillary', 'Association', '@GENE_DIO1')"
D000077273,10178,Association,@DISEASE_Thyroid_Cancer_Papillary,@GENE_TENM1,{'36465624'},['0.9994'],"('@DISEASE_Thyroid_Cancer_Papillary', 'Association', '@GENE_TENM1')"
D000077273,9076,Association,@DISEASE_Thyroid_Cancer_Papillary,@GENE_CLDN1,{'36465624'},['0.9995'],"('@DISEASE_Thyroid_Cancer_Papillary', 'Association', '@GENE_CLDN1')"
D000077273,4038,Association,@DISEASE_Thyroid_Cancer_Papillary,@GENE_LRP4,{'36465624'},['0.9996'],"('@DISEASE_Thyroid_Cancer_Papillary', 'Association', '@GENE_LRP4')"
D020176,#3242#p.A268V,Association,@DISEASE_Tyrosinemias,@VARIANT_p.A268V_HPD_human,{'11073718'},['0.9891'],"('@DISEASE_Tyrosinemias', 'Association', '@VARIANT_p.A268V_HPD_human')"
C535845,rs1154510##,Association,@DISEASE_Hawkinsinuria,@VARIANT_p.A33T_HPD_human,{'11073718'},['0.6737'],"('@DISEASE_Hawkinsinuria', 'Association', '@VARIANT_p.A33T_HPD_human')"
C535845,#3242#p.A268V,Association,@DISEASE_Hawkinsinuria,@VARIANT_p.A268V_HPD_human,{'11073718'},['0.9521'],"('@DISEASE_Hawkinsinuria', 'Association', '@VARIANT_p.A268V_HPD_human')"
C014578,C535845,Positive_Correlation,@CHEMICAL_hawkinsin,@DISEASE_Hawkinsinuria,{'11073718'},['0.6367'],"('@CHEMICAL_hawkinsin', 'Positive_Correlation', '@DISEASE_Hawkinsinuria')"
D007501,7018,Association,@CHEMICAL_Iron,@GENE_TF,{'23980114'},['0.8988'],"('@CHEMICAL_Iron', 'Association', '@GENE_TF')"
C021024,D007501,Association,@CHEMICAL_ferric_hydroxide,@CHEMICAL_Iron,{'23980114'},['0.5253'],"('@CHEMICAL_ferric_hydroxide', 'Association', '@CHEMICAL_Iron')"
D006713,7018,Association,@CHEMICAL_Homogentisic_Acid,@GENE_TF,{'23980114'},['0.9961'],"('@CHEMICAL_Homogentisic_Acid', 'Association', '@GENE_TF')"
D006713,D007501,Negative_Correlation,@CHEMICAL_Homogentisic_Acid,@CHEMICAL_Iron,{'23980114'},['0.9573'],"('@CHEMICAL_Homogentisic_Acid', 'Negative_Correlation', '@CHEMICAL_Iron')"
C021024,D006713,Negative_Correlation,@CHEMICAL_ferric_hydroxide,@CHEMICAL_Homogentisic_Acid,{'23980114'},['0.9863'],"('@CHEMICAL_ferric_hydroxide', 'Negative_Correlation', '@CHEMICAL_Homogentisic_Acid')"
C537768,80307,Association,@DISEASE_Anophthalmia_with_pulmonary_hypoplasia,@GENE_FER1L4,{'31323382'},['0.9902'],"('@DISEASE_Anophthalmia_with_pulmonary_hypoplasia', 'Association', '@GENE_FER1L4')"
D010190,80183,Association,@DISEASE_Pancreatic_Neoplasms,@GENE_RUBCNL,{'31323382'},['0.9815'],"('@DISEASE_Pancreatic_Neoplasms', 'Association', '@GENE_RUBCNL')"
D010190,80307,Association,@DISEASE_Pancreatic_Neoplasms,@GENE_FER1L4,{'31323382'},['0.9971'],"('@DISEASE_Pancreatic_Neoplasms', 'Association', '@GENE_FER1L4')"
D013455,D016751,Association,@CHEMICAL_Sulfur,@DISEASE_Hepatitis_E,{'37740842'},['0.999'],"('@CHEMICAL_Sulfur', 'Association', '@DISEASE_Hepatitis_E')"
D002244,D016751,Association,@CHEMICAL_Carbon,@DISEASE_Hepatitis_E,{'37740842'},['0.9679'],"('@CHEMICAL_Carbon', 'Association', '@DISEASE_Hepatitis_E')"
D000438,D015792,Positive_Correlation,@CHEMICAL_Alcohols,@DISEASE_Retinal_Dysplasia,"{'29129090', '19826274'}","['0.9219', '0.743']","('@CHEMICAL_Alcohols', 'Positive_Correlation', '@DISEASE_Retinal_Dysplasia')"
D000438,D004938,Positive_Correlation,@CHEMICAL_Alcohols,@DISEASE_Esophageal_Neoplasms,{'29129090'},['0.9758'],"('@CHEMICAL_Alcohols', 'Positive_Correlation', '@DISEASE_Esophageal_Neoplasms')"
D013739,D011085,Positive_Correlation,@CHEMICAL_Testosterone,@DISEASE_Polycystic_Ovary_Syndrome,{'27267867'},['0.9982'],"('@CHEMICAL_Testosterone', 'Positive_Correlation', '@DISEASE_Polycystic_Ovary_Syndrome')"
D000735,D011085,Positive_Correlation,@CHEMICAL_Androstenedione,@DISEASE_Polycystic_Ovary_Syndrome,{'27267867'},['0.9985'],"('@CHEMICAL_Androstenedione', 'Positive_Correlation', '@DISEASE_Polycystic_Ovary_Syndrome')"
C010590,D019289,Association,@CHEMICAL_4_hydroxyphenylpyruvic_acid,@CHEMICAL_Pyruvic_Acid,{'10467142'},['0.8771'],"('@CHEMICAL_4_hydroxyphenylpyruvic_acid', 'Association', '@CHEMICAL_Pyruvic_Acid')"
D006713,D019289,Association,@CHEMICAL_Homogentisic_Acid,@CHEMICAL_Pyruvic_Acid,{'10467142'},['0.9996'],"('@CHEMICAL_Homogentisic_Acid', 'Association', '@CHEMICAL_Pyruvic_Acid')"
D000085,D006418,Association,@CHEMICAL_Acetates,@CHEMICAL_Heme,{'10467142'},['0.981'],"('@CHEMICAL_Acetates', 'Association', '@CHEMICAL_Heme')"
C010590,D007501,Association,@CHEMICAL_4_hydroxyphenylpyruvic_acid,@CHEMICAL_Iron,{'10467142'},['0.9883'],"('@CHEMICAL_4_hydroxyphenylpyruvic_acid', 'Association', '@CHEMICAL_Iron')"
D000085,D007501,Association,@CHEMICAL_Acetates,@CHEMICAL_Iron,{'10467142'},['0.9928'],"('@CHEMICAL_Acetates', 'Association', '@CHEMICAL_Iron')"
D006713,D011809,Association,@CHEMICAL_Homogentisic_Acid,@CHEMICAL_Quinones,{'10467142'},['0.9984'],"('@CHEMICAL_Homogentisic_Acid', 'Association', '@CHEMICAL_Quinones')"
D007501,D019289,Association,@CHEMICAL_Iron,@CHEMICAL_Pyruvic_Acid,{'10467142'},['0.998'],"('@CHEMICAL_Iron', 'Association', '@CHEMICAL_Pyruvic_Acid')"
D005424,D008133,Positive_Correlation,@CHEMICAL_Flecainide,@DISEASE_Long_QT_Syndrome,{'21838875'},['0.9992'],"('@CHEMICAL_Flecainide', 'Positive_Correlation', '@DISEASE_Long_QT_Syndrome')"
D000230,100133790,Association,@DISEASE_Adenocarcinoma,@GENE_MUC3,{'28697153'},['0.8265'],"('@DISEASE_Adenocarcinoma', 'Association', '@GENE_MUC3')"
D008228,4588,Association,@DISEASE_Lymphoma_Non_Hodgkin,@GENE_MUC6,"{'16861975', '28697153', '29278427'}","['0.4413', '0.9984', '0.8079']","('@DISEASE_Lymphoma_Non_Hodgkin', 'Association', '@GENE_MUC6')"
D000230,100508689,Association,@DISEASE_Adenocarcinoma,@GENE_LOC100508689,"{'34420794', '28697153'}","['0.9958', '0.6421']","('@DISEASE_Adenocarcinoma', 'Association', '@GENE_LOC100508689')"
D004935,100508689,Association,@DISEASE_Esophageal_Diseases,@GENE_LOC100508689,{'28697153'},['0.5428'],"('@DISEASE_Esophageal_Diseases', 'Association', '@GENE_LOC100508689')"
D000230,4583,Positive_Correlation,@DISEASE_Adenocarcinoma,@GENE_MUC2,{'28697153'},['0.6064'],"('@DISEASE_Adenocarcinoma', 'Positive_Correlation', '@GENE_MUC2')"
D000230,4588,Association,@DISEASE_Adenocarcinoma,@GENE_MUC6,"{'28697153', '29278427'}","['0.8851', '0.9981']","('@DISEASE_Adenocarcinoma', 'Association', '@GENE_MUC6')"
D003474,D003520,Cotreatment,@CHEMICAL_Curcumin,@CHEMICAL_Cyclophosphamide,{'35960332'},['0.6697'],"('@CHEMICAL_Curcumin', 'Cotreatment', '@CHEMICAL_Cyclophosphamide')"
C582435,D009369,Negative_Correlation,@CHEMICAL_pembrolizumab,@DISEASE_Neoplasms,{'35960332'},['0.9238'],"('@CHEMICAL_pembrolizumab', 'Negative_Correlation', '@DISEASE_Neoplasms')"
D003474,D002583,Negative_Correlation,@CHEMICAL_Curcumin,@DISEASE_Uterine_Cervical_Neoplasms,{'35960332'},['0.5962'],"('@CHEMICAL_Curcumin', 'Negative_Correlation', '@DISEASE_Uterine_Cervical_Neoplasms')"
C582435,D064420,Negative_Correlation,@CHEMICAL_pembrolizumab,@DISEASE_Drug_Related_Side_Effects_and_Adverse_Reactions,{'35960332'},['0.4613'],"('@CHEMICAL_pembrolizumab', 'Negative_Correlation', '@DISEASE_Drug_Related_Side_Effects_and_Adverse_Reactions')"
D002386,rs777547119##,Positive_Correlation,@DISEASE_Cataract,@VARIANT_p.R14C_HGD_human,{'10688888'},['0.9979'],"('@DISEASE_Cataract', 'Positive_Correlation', '@VARIANT_p.R14C_HGD_human')"
D013438,rs777547119##,Association,@CHEMICAL_Sulfhydryl_Compounds,@VARIANT_p.R14C_HGD_human,{'10688888'},['0.9992'],"('@CHEMICAL_Sulfhydryl_Compounds', 'Association', '@VARIANT_p.R14C_HGD_human')"
D013438,D002386,Association,@CHEMICAL_Sulfhydryl_Compounds,@DISEASE_Cataract,{'10688888'},['0.979'],"('@CHEMICAL_Sulfhydryl_Compounds', 'Association', '@DISEASE_Cataract')"
D000474,rs2255543##,Association,@DISEASE_Alkaptonuria,@VARIANT_p.H80Q_HGD_human,"{'9529363', '37395296'}","['0.9854', '0.971', '0.9753', '0.4777']","('@DISEASE_Alkaptonuria', 'Association', '@VARIANT_p.H80Q_HGD_human')"
D000474,#3081#c.948G>T,Association,@DISEASE_Alkaptonuria,@VARIANT_c.948G>T_HGD_human,{'37395296'},['0.9579'],"('@DISEASE_Alkaptonuria', 'Association', '@VARIANT_c.948G>T_HGD_human')"
D000474,rs199927284##,Association,@DISEASE_Alkaptonuria,@VARIANT_p.V316F_HGD_human,{'37395296'},['0.9325'],"('@DISEASE_Alkaptonuria', 'Association', '@VARIANT_p.V316F_HGD_human')"
D000236,7072,Positive_Correlation,@DISEASE_Adenoma,@GENE_TIA1,{'10652615'},['0.9688'],"('@DISEASE_Adenoma', 'Positive_Correlation', '@GENE_TIA1')"
D009369,7072,Association,@DISEASE_Neoplasms,@GENE_TIA1,{'10652615'},['0.9173'],"('@DISEASE_Neoplasms', 'Association', '@GENE_TIA1')"
D018253,7072,Positive_Correlation,@DISEASE_Adenoma_Villous,@GENE_TIA1,{'10652615'},['0.9484'],"('@DISEASE_Adenoma_Villous', 'Positive_Correlation', '@GENE_TIA1')"
D015179,7072,Association,@DISEASE_Colorectal_Neoplasms,@GENE_TIA1,{'10652615'},['0.9973'],"('@DISEASE_Colorectal_Neoplasms', 'Association', '@GENE_TIA1')"
D009369,355,Association,@DISEASE_Neoplasms,@GENE_FAS,{'10652615'},['0.9737'],"('@DISEASE_Neoplasms', 'Association', '@GENE_FAS')"
D000230,7072,Association,@DISEASE_Adenocarcinoma,@GENE_TIA1,{'10652615'},['0.8034'],"('@DISEASE_Adenocarcinoma', 'Association', '@GENE_TIA1')"
D015179,355,Association,@DISEASE_Colorectal_Neoplasms,@GENE_FAS,{'10652615'},['0.8585'],"('@DISEASE_Colorectal_Neoplasms', 'Association', '@GENE_FAS')"
D002241,D013577,Association,@CHEMICAL_Carbohydrates,@DISEASE_Syndrome,{'31780941'},['0.9993'],"('@CHEMICAL_Carbohydrates', 'Association', '@DISEASE_Syndrome')"
D008239,D013577,Association,@CHEMICAL_Lysine,@DISEASE_Syndrome,{'31780941'},['0.9972'],"('@CHEMICAL_Lysine', 'Association', '@DISEASE_Syndrome')"
D014633,D013577,Association,@CHEMICAL_Valine,@DISEASE_Syndrome,{'31780941'},['0.6306'],"('@CHEMICAL_Valine', 'Association', '@DISEASE_Syndrome')"
D006820,D017665,Negative_Correlation,@CHEMICAL_Hyaluronic_Acid,@CHEMICAL_Hydroxyl_Radical,{'8000039'},['0.9818'],"('@CHEMICAL_Hyaluronic_Acid', 'Negative_Correlation', '@CHEMICAL_Hydroxyl_Radical')"
D006713,D064420,Association,@CHEMICAL_Homogentisic_Acid,@DISEASE_Drug_Related_Side_Effects_and_Adverse_Reactions,{'8000039'},['0.9503'],"('@CHEMICAL_Homogentisic_Acid', 'Association', '@DISEASE_Drug_Related_Side_Effects_and_Adverse_Reactions')"
D008228,2272,Association,@DISEASE_Lymphoma_Non_Hodgkin,@GENE_FHIT,{'20651033'},['0.9995'],"('@DISEASE_Lymphoma_Non_Hodgkin', 'Association', '@GENE_FHIT')"
D000230,140733,Association,@DISEASE_Adenocarcinoma,@GENE_MACROD2,{'20651033'},['0.9896'],"('@DISEASE_Adenocarcinoma', 'Association', '@GENE_MACROD2')"
D000230,55083,Association,@DISEASE_Adenocarcinoma,@GENE_KIF26B,{'20651033'},['0.6641'],"('@DISEASE_Adenocarcinoma', 'Association', '@GENE_KIF26B')"
D008228,51741,Association,@DISEASE_Lymphoma_Non_Hodgkin,@GENE_WWOX,{'20651033'},['0.9996'],"('@DISEASE_Lymphoma_Non_Hodgkin', 'Association', '@GENE_WWOX')"
D000230,1508,Association,@DISEASE_Adenocarcinoma,@GENE_CTSB,{'20651033'},['0.8121'],"('@DISEASE_Adenocarcinoma', 'Association', '@GENE_CTSB')"
D009369,861,Negative_Correlation,@DISEASE_Neoplasms,@GENE_RUNX1,{'20651033'},['0.981'],"('@DISEASE_Neoplasms', 'Negative_Correlation', '@GENE_RUNX1')"
D008031,D019817,Association,@CHEMICAL_Lignin,@CHEMICAL_Benzoic_Acid,{'39486701'},['0.9963'],"('@CHEMICAL_Lignin', 'Association', '@CHEMICAL_Benzoic_Acid')"
D006713,D008031,Association,@CHEMICAL_Homogentisic_Acid,@CHEMICAL_Lignin,"{'39486701', '38305171'}","['0.997', '0.954']","('@CHEMICAL_Homogentisic_Acid', 'Association', '@CHEMICAL_Lignin')"
C027316,D008031,Association,@CHEMICAL_3_oxoadipic_acid,@CHEMICAL_Lignin,"{'39486701', '35831866'}","['0.9989', '0.9989']","('@CHEMICAL_3_oxoadipic_acid', 'Association', '@CHEMICAL_Lignin')"
D008228,rs113488022##,Positive_Correlation,@DISEASE_Lymphoma_Non_Hodgkin,@VARIANT_p.V600E_BRAF_human,{'21263251'},['0.781'],"('@DISEASE_Lymphoma_Non_Hodgkin', 'Positive_Correlation', '@VARIANT_p.V600E_BRAF_human')"
D000236,rs113488022##,Association,@DISEASE_Adenoma,@VARIANT_p.V600E_BRAF_human,{'21263251'},['0.9977'],"('@DISEASE_Adenoma', 'Association', '@VARIANT_p.V600E_BRAF_human')"
D000236,5290,Association,@DISEASE_Adenoma,@GENE_PIK3CA,{'21263251'},['0.9984'],"('@DISEASE_Adenoma', 'Association', '@GENE_PIK3CA')"
D011127,673,Association,@DISEASE_Polyps,@GENE_BRAF,{'21263251'},"['0.9814', '0.9147']","('@DISEASE_Polyps', 'Association', '@GENE_BRAF')"
D011127,rs113488022##,Positive_Correlation,@DISEASE_Polyps,@VARIANT_p.V600E_BRAF_human,{'21263251'},['0.9147'],"('@DISEASE_Polyps', 'Positive_Correlation', '@VARIANT_p.V600E_BRAF_human')"
D000236,673,Association,@DISEASE_Adenoma,@GENE_BRAF,{'21263251'},"['0.9996', '0.9977']","('@DISEASE_Adenoma', 'Association', '@GENE_BRAF')"
D000236,1499,Association,@DISEASE_Adenoma,@GENE_CTNNB1,{'21263251'},['0.9986'],"('@DISEASE_Adenoma', 'Association', '@GENE_CTNNB1')"
D000236,3845,Association,@DISEASE_Adenoma,@GENE_KRAS,{'21263251'},['0.8996'],"('@DISEASE_Adenoma', 'Association', '@GENE_KRAS')"
D004416,23600,Association,@DISEASE_Dysplastic_Nevus_Syndrome,@GENE_AMACR,{'16819330'},['0.9994'],"('@DISEASE_Dysplastic_Nevus_Syndrome', 'Association', '@GENE_AMACR')"
D011471,23600,Association,@DISEASE_Prostatic_Neoplasms,@GENE_AMACR,{'16819330'},['0.9638'],"('@DISEASE_Prostatic_Neoplasms', 'Association', '@GENE_AMACR')"
D009369,23600,Association,@DISEASE_Neoplasms,@GENE_AMACR,{'16819330'},['0.6006'],"('@DISEASE_Neoplasms', 'Association', '@GENE_AMACR')"
D003424,23600,Association,@DISEASE_Crohn_Disease,@GENE_AMACR,{'16819330'},['0.9951'],"('@DISEASE_Crohn_Disease', 'Association', '@GENE_AMACR')"
D003093,23600,Association,@DISEASE_Colitis_Ulcerative,@GENE_AMACR,{'16819330'},['0.9196'],"('@DISEASE_Colitis_Ulcerative', 'Association', '@GENE_AMACR')"
D010755,5444,Association,@CHEMICAL_Organophosphates,@GENE_PON1,{'11038162'},['0.8343'],"('@CHEMICAL_Organophosphates', 'Association', '@GENE_PON1')"
D007783,5444,Association,@CHEMICAL_Lactones,@GENE_PON1,{'11038162'},['0.9993'],"('@CHEMICAL_Lactones', 'Association', '@GENE_PON1')"
D019821,5444,Association,@CHEMICAL_Simvastatin,@GENE_PON1,{'11038162'},['0.9993'],"('@CHEMICAL_Simvastatin', 'Association', '@GENE_PON1')"
C012258,5444,Association,@CHEMICAL_mevastatin,@GENE_PON1,{'11038162'},['0.9994'],"('@CHEMICAL_mevastatin', 'Association', '@GENE_PON1')"
D007783,D008148,Association,@CHEMICAL_Lactones,@CHEMICAL_Lovastatin,{'11038162'},['0.5153'],"('@CHEMICAL_Lactones', 'Association', '@CHEMICAL_Lovastatin')"
D008148,5444,Association,@CHEMICAL_Lovastatin,@GENE_PON1,{'11038162'},['0.9994'],"('@CHEMICAL_Lovastatin', 'Association', '@GENE_PON1')"
D013148,5444,Association,@CHEMICAL_Spironolactone,@GENE_PON1,{'11038162'},['0.9995'],"('@CHEMICAL_Spironolactone', 'Association', '@GENE_PON1')"
D000474,9788,Association,@DISEASE_Alkaptonuria,@GENE_MTSS1,{'25786641'},['0.9995'],"('@DISEASE_Alkaptonuria', 'Association', '@GENE_MTSS1')"
D000474,7984,Association,@DISEASE_Alkaptonuria,@GENE_ARHGEF5,{'25786641'},['0.9994'],"('@DISEASE_Alkaptonuria', 'Association', '@GENE_ARHGEF5')"
D000474,6452,Association,@DISEASE_Alkaptonuria,@GENE_SH3BP2,{'25786641'},['0.8184'],"('@DISEASE_Alkaptonuria', 'Association', '@GENE_SH3BP2')"
D024502,816412,Positive_Correlation,@CHEMICAL_alpha_Tocopherol,@GENE_HPT1,{'30498659'},['0.9974'],"('@CHEMICAL_alpha_Tocopherol', 'Positive_Correlation', '@GENE_HPT1')"
D014810,816412,Positive_Correlation,@CHEMICAL_Vitamin_E,@GENE_HPT1,"{'30498659', '12586887'}","['0.9859', '0.5936']","('@CHEMICAL_Vitamin_E', 'Positive_Correlation', '@GENE_HPT1')"
D000622,D005955,Negative_Correlation,@CHEMICAL_Aminolevulinic_Acid,@DISEASE_Glucosephosphate_Dehydrogenase_Deficiency,{'15844019'},['0.9739'],"('@CHEMICAL_Aminolevulinic_Acid', 'Negative_Correlation', '@DISEASE_Glucosephosphate_Dehydrogenase_Deficiency')"
D008228,2064,Positive_Correlation,@DISEASE_Lymphoma_Non_Hodgkin,@GENE_ERBB2,{'12109857'},['0.9865'],"('@DISEASE_Lymphoma_Non_Hodgkin', 'Positive_Correlation', '@GENE_ERBB2')"
D007249,4121,Association,@DISEASE_Inflammation,@GENE_MAN1A1,{'40508008'},['0.9979'],"('@DISEASE_Inflammation', 'Association', '@GENE_MAN1A1')"
D001241,D008228,Negative_Correlation,@CHEMICAL_Aspirin,@DISEASE_Lymphoma_Non_Hodgkin,"{'24651385', '20869712'}","['0.9982', '0.8835']","('@CHEMICAL_Aspirin', 'Negative_Correlation', '@DISEASE_Lymphoma_Non_Hodgkin')"
D013754,D001172,Negative_Correlation,@CHEMICAL_Tetracyclines,@DISEASE_Arthritis_Rheumatoid,{'15529343'},['0.9984'],"('@CHEMICAL_Tetracyclines', 'Negative_Correlation', '@DISEASE_Arthritis_Rheumatoid')"
D008911,D001172,Negative_Correlation,@CHEMICAL_Minocycline,@DISEASE_Arthritis_Rheumatoid,{'15529343'},['0.998'],"('@CHEMICAL_Minocycline', 'Negative_Correlation', '@DISEASE_Arthritis_Rheumatoid')"
D008911,D018771,Association,@CHEMICAL_Minocycline,@DISEASE_Arthralgia,{'15529343'},['0.9115'],"('@CHEMICAL_Minocycline', 'Association', '@DISEASE_Arthralgia')"
D008911,D001168,Positive_Correlation,@CHEMICAL_Minocycline,@DISEASE_Arthritis,{'15529343'},['0.9898'],"('@CHEMICAL_Minocycline', 'Positive_Correlation', '@DISEASE_Arthritis')"
D008911,D000168,Negative_Correlation,@CHEMICAL_Minocycline,@DISEASE_Acrocephalosyndactylia,{'15529343'},['0.9984'],"('@CHEMICAL_Minocycline', 'Negative_Correlation', '@DISEASE_Acrocephalosyndactylia')"
D001471,5315,Association,@DISEASE_Barrett_Esophagus,@GENE_PKM,{'25107643'},['0.999'],"('@DISEASE_Barrett_Esophagus', 'Association', '@GENE_PKM')"
D001471,506,Association,@DISEASE_Barrett_Esophagus,@GENE_ATP5F1B,{'25107643'},['0.9996'],"('@DISEASE_Barrett_Esophagus', 'Association', '@GENE_ATP5F1B')"
D001471,341947,Association,@DISEASE_Barrett_Esophagus,@GENE_COX8C,{'25107643'},['0.9996'],"('@DISEASE_Barrett_Esophagus', 'Association', '@GENE_COX8C')"
D001471,479,Association,@DISEASE_Barrett_Esophagus,@GENE_ATP12A,{'25107643'},['0.9996'],"('@DISEASE_Barrett_Esophagus', 'Association', '@GENE_ATP12A')"
D009369,506,Association,@DISEASE_Neoplasms,@GENE_ATP5F1B,{'25107643'},['0.9856'],"('@DISEASE_Neoplasms', 'Association', '@GENE_ATP5F1B')"
D001471,84701,Association,@DISEASE_Barrett_Esophagus,@GENE_COX4I2,{'25107643'},['0.9996'],"('@DISEASE_Barrett_Esophagus', 'Association', '@GENE_COX4I2')"
D024502,D055948,Negative_Correlation,@CHEMICAL_alpha_Tocopherol,@DISEASE_Sarcopenia,{'38214867'},['0.9969'],"('@CHEMICAL_alpha_Tocopherol', 'Negative_Correlation', '@DISEASE_Sarcopenia')"
D006713,D055948,Negative_Correlation,@CHEMICAL_Homogentisic_Acid,@DISEASE_Sarcopenia,{'38214867'},['0.9909'],"('@CHEMICAL_Homogentisic_Acid', 'Negative_Correlation', '@DISEASE_Sarcopenia')"
D005690,D055948,Positive_Correlation,@CHEMICAL_Galactose,@DISEASE_Sarcopenia,{'38214867'},['0.999'],"('@CHEMICAL_Galactose', 'Positive_Correlation', '@DISEASE_Sarcopenia')"
D019271,D055948,Positive_Correlation,@CHEMICAL_Hypoxanthine,@DISEASE_Sarcopenia,{'38214867'},['0.9983'],"('@CHEMICAL_Hypoxanthine', 'Positive_Correlation', '@DISEASE_Sarcopenia')"
C009546,D055948,Negative_Correlation,@CHEMICAL_triethanolamine,@DISEASE_Sarcopenia,{'38214867'},['0.9966'],"('@CHEMICAL_triethanolamine', 'Negative_Correlation', '@DISEASE_Sarcopenia')"
D008358,D055948,Positive_Correlation,@CHEMICAL_Mannose,@DISEASE_Sarcopenia,{'38214867'},['0.9984'],"('@CHEMICAL_Mannose', 'Positive_Correlation', '@DISEASE_Sarcopenia')"
C077073,D051437,Negative_Correlation,@CHEMICAL_nitisinone,@DISEASE_Renal_Insufficiency,"{'15327392', '32322505'}","['0.9976', '0.9993']","('@CHEMICAL_nitisinone', 'Negative_Correlation', '@DISEASE_Renal_Insufficiency')"
C077073,D006461,Negative_Correlation,@CHEMICAL_nitisinone,@DISEASE_Hemolysis,{'32322505'},['0.9978'],"('@CHEMICAL_nitisinone', 'Negative_Correlation', '@DISEASE_Hemolysis')"
D003847,D008228,Association,@CHEMICAL_Deoxyglucose,@DISEASE_Lymphoma_Non_Hodgkin,{'34502178'},['0.6667'],"('@CHEMICAL_Deoxyglucose', 'Association', '@DISEASE_Lymphoma_Non_Hodgkin')"
D003847,6513,Association,@CHEMICAL_Deoxyglucose,@GENE_CSE,{'34502178'},['0.9981'],"('@CHEMICAL_Deoxyglucose', 'Association', '@GENE_CSE')"
D003847,D000077277,Negative_Correlation,@CHEMICAL_Deoxyglucose,@DISEASE_Esophageal_Squamous_Cell_Carcinoma,{'34502178'},['0.5836'],"('@CHEMICAL_Deoxyglucose', 'Negative_Correlation', '@DISEASE_Esophageal_Squamous_Cell_Carcinoma')"
D015792,6513,Association,@DISEASE_Retinal_Dysplasia,@GENE_CSE,{'34502178'},['0.9471'],"('@DISEASE_Retinal_Dysplasia', 'Association', '@GENE_CSE')"
D008228,6513,Association,@DISEASE_Lymphoma_Non_Hodgkin,@GENE_CSE,"{'34502178', '34572860'}","['0.9905', '0.9958']","('@DISEASE_Lymphoma_Non_Hodgkin', 'Association', '@GENE_CSE')"
D000077277,6513,Association,@DISEASE_Esophageal_Squamous_Cell_Carcinoma,@GENE_CSE,{'34502178'},['0.7991'],"('@DISEASE_Esophageal_Squamous_Cell_Carcinoma', 'Association', '@GENE_CSE')"
D003110,4583,Association,@DISEASE_Colonic_Neoplasms,@GENE_MUC2,{'20731025'},['0.9945'],"('@DISEASE_Colonic_Neoplasms', 'Association', '@GENE_MUC2')"
D009369,4583,Association,@DISEASE_Neoplasms,@GENE_MUC2,{'20731025'},['0.9993'],"('@DISEASE_Neoplasms', 'Association', '@GENE_MUC2')"
D008228,4583,Negative_Correlation,@DISEASE_Lymphoma_Non_Hodgkin,@GENE_MUC2,{'20731025'},['0.5644'],"('@DISEASE_Lymphoma_Non_Hodgkin', 'Negative_Correlation', '@GENE_MUC2')"
D018279,4586,Positive_Correlation,@DISEASE_Carcinoma_Signet_Ring_Cell,@GENE_MUC5AC,{'20731025'},['0.7839'],"('@DISEASE_Carcinoma_Signet_Ring_Cell', 'Positive_Correlation', '@GENE_MUC5AC')"
D002288,4586,Positive_Correlation,@DISEASE_Adenocarcinoma_Mucinous,@GENE_MUC5AC,{'20731025'},['0.5471'],"('@DISEASE_Adenocarcinoma_Mucinous', 'Positive_Correlation', '@GENE_MUC5AC')"
D008228,4586,Positive_Correlation,@DISEASE_Lymphoma_Non_Hodgkin,@GENE_MUC5AC,{'20731025'},['0.6254'],"('@DISEASE_Lymphoma_Non_Hodgkin', 'Positive_Correlation', '@GENE_MUC5AC')"
D018279,4583,Association,@DISEASE_Carcinoma_Signet_Ring_Cell,@GENE_MUC2,{'20731025'},['0.9989'],"('@DISEASE_Carcinoma_Signet_Ring_Cell', 'Association', '@GENE_MUC2')"
D015179,4583,Association,@DISEASE_Colorectal_Neoplasms,@GENE_MUC2,{'20731025'},['0.9996'],"('@DISEASE_Colorectal_Neoplasms', 'Association', '@GENE_MUC2')"
D011127,4586,Positive_Correlation,@DISEASE_Polyps,@GENE_MUC5AC,{'20731025'},['0.9984'],"('@DISEASE_Polyps', 'Positive_Correlation', '@GENE_MUC5AC')"
D002288,4583,Association,@DISEASE_Adenocarcinoma_Mucinous,@GENE_MUC2,{'20731025'},['0.9979'],"('@DISEASE_Adenocarcinoma_Mucinous', 'Association', '@GENE_MUC2')"
D010190,100508689,Association,@DISEASE_Pancreatic_Neoplasms,@GENE_LOC100508689,{'30308535'},['0.9979'],"('@DISEASE_Pancreatic_Neoplasms', 'Association', '@GENE_LOC100508689')"
C031150,814770,Association,@CHEMICAL_glyoxylic_acid,@GENE_GSTZ1,{'11368331'},['0.9978'],"('@CHEMICAL_glyoxylic_acid', 'Association', '@GENE_GSTZ1')"
D003999,D005978,Association,@CHEMICAL_Dichloroacetic_Acid,@CHEMICAL_Glutathione,{'11368331'},['0.9989'],"('@CHEMICAL_Dichloroacetic_Acid', 'Association', '@CHEMICAL_Glutathione')"
C031150,D003999,Association,@CHEMICAL_glyoxylic_acid,@CHEMICAL_Dichloroacetic_Acid,{'11368331'},['0.3631'],"('@CHEMICAL_glyoxylic_acid', 'Association', '@CHEMICAL_Dichloroacetic_Acid')"
D003999,814770,Association,@CHEMICAL_Dichloroacetic_Acid,@GENE_GSTZ1,{'11368331'},['0.9995'],"('@CHEMICAL_Dichloroacetic_Acid', 'Association', '@GENE_GSTZ1')"
C031150,D005978,Association,@CHEMICAL_glyoxylic_acid,@CHEMICAL_Glutathione,{'11368331'},['0.9988'],"('@CHEMICAL_glyoxylic_acid', 'Association', '@CHEMICAL_Glutathione')"
D005632,D006402,Negative_Correlation,@CHEMICAL_Fructose,@DISEASE_Hematologic_Diseases,{'34915947'},['0.9979'],"('@CHEMICAL_Fructose', 'Negative_Correlation', '@DISEASE_Hematologic_Diseases')"
D005632,D014527,Positive_Correlation,@CHEMICAL_Fructose,@CHEMICAL_Uric_Acid,{'34915947'},['0.9992'],"('@CHEMICAL_Fructose', 'Positive_Correlation', '@CHEMICAL_Uric_Acid')"
D005632,D006973,Positive_Correlation,@CHEMICAL_Fructose,@DISEASE_Hypertension,{'34915947'},['0.9991'],"('@CHEMICAL_Fructose', 'Positive_Correlation', '@DISEASE_Hypertension')"
D001205,D000138,Negative_Correlation,@CHEMICAL_Ascorbic_Acid,@DISEASE_Acidosis,{'20207456'},['0.9956'],"('@CHEMICAL_Ascorbic_Acid', 'Negative_Correlation', '@DISEASE_Acidosis')"
D008543,D006461,Positive_Correlation,@CHEMICAL_Melanins,@DISEASE_Hemolysis,{'20207456'},['0.9946'],"('@CHEMICAL_Melanins', 'Positive_Correlation', '@DISEASE_Hemolysis')"
D001205,D006461,Negative_Correlation,@CHEMICAL_Ascorbic_Acid,@DISEASE_Hemolysis,{'20207456'},['0.9918'],"('@CHEMICAL_Ascorbic_Acid', 'Negative_Correlation', '@DISEASE_Hemolysis')"
D001205,D003643,Negative_Correlation,@CHEMICAL_Ascorbic_Acid,@DISEASE_Death,{'20207456'},['0.8811'],"('@CHEMICAL_Ascorbic_Acid', 'Negative_Correlation', '@DISEASE_Death')"
D000230,1045,Association,@DISEASE_Adenocarcinoma,@GENE_CDX2,"{'26926447', '19396460'}","['0.9811', '0.8377']","('@DISEASE_Adenocarcinoma', 'Association', '@GENE_CDX2')"
D000230,6662,Association,@DISEASE_Adenocarcinoma,@GENE_SOX9,{'19396460'},['0.8823'],"('@DISEASE_Adenocarcinoma', 'Association', '@GENE_SOX9')"
D000230,4513,Negative_Correlation,@DISEASE_Adenocarcinoma,@GENE_COX2,{'19396460'},['0.9512'],"('@DISEASE_Adenocarcinoma', 'Negative_Correlation', '@GENE_COX2')"
D000230,999,Association,@DISEASE_Adenocarcinoma,@GENE_CDH1,{'19396460'},['0.984'],"('@DISEASE_Adenocarcinoma', 'Association', '@GENE_CDH1')"
D008228,6662,Association,@DISEASE_Lymphoma_Non_Hodgkin,@GENE_SOX9,{'19396460'},['0.9956'],"('@DISEASE_Lymphoma_Non_Hodgkin', 'Association', '@GENE_SOX9')"
D000230,22943,Association,@DISEASE_Adenocarcinoma,@GENE_DKK1,{'19396460'},['0.9977'],"('@DISEASE_Adenocarcinoma', 'Association', '@GENE_DKK1')"
D000230,960,Association,@DISEASE_Adenocarcinoma,@GENE_CD44,{'19396460'},['0.9582'],"('@DISEASE_Adenocarcinoma', 'Association', '@GENE_CD44')"
D008228,22943,Association,@DISEASE_Lymphoma_Non_Hodgkin,@GENE_DKK1,{'19396460'},['0.9095'],"('@DISEASE_Lymphoma_Non_Hodgkin', 'Association', '@GENE_DKK1')"
D001471,22943,Association,@DISEASE_Barrett_Esophagus,@GENE_DKK1,{'19396460'},['0.9997'],"('@DISEASE_Barrett_Esophagus', 'Association', '@GENE_DKK1')"
D008228,960,Negative_Correlation,@DISEASE_Lymphoma_Non_Hodgkin,@GENE_CD44,{'19396460'},['0.9702'],"('@DISEASE_Lymphoma_Non_Hodgkin', 'Negative_Correlation', '@GENE_CD44')"
D001471,960,Association,@DISEASE_Barrett_Esophagus,@GENE_CD44,{'19396460'},['0.9995'],"('@DISEASE_Barrett_Esophagus', 'Association', '@GENE_CD44')"
D006851,D010418,Positive_Correlation,@CHEMICAL_Hydrochloric_Acid,@CHEMICAL_Pentagastrin,{'15727076'},['0.9952'],"('@CHEMICAL_Hydrochloric_Acid', 'Positive_Correlation', '@CHEMICAL_Pentagastrin')"
D019636,1200,Association,@DISEASE_Neurodegenerative_Diseases,@GENE_TPP1,{'33202105'},['0.9857'],"('@DISEASE_Neurodegenerative_Diseases', 'Association', '@GENE_TPP1')"
C030214,D015792,Negative_Correlation,@CHEMICAL_propylene_glycol_monoacrylate,@DISEASE_Retinal_Dysplasia,{'27071814'},['0.9443'],"('@CHEMICAL_propylene_glycol_monoacrylate', 'Negative_Correlation', '@DISEASE_Retinal_Dysplasia')"
D008679,324,Association,@DISEASE_Metaplasia,@GENE_APC,{'11338478'},['0.9381'],"('@DISEASE_Metaplasia', 'Association', '@GENE_APC')"
D001471,4163,Association,@DISEASE_Barrett_Esophagus,@GENE_MCC,{'11338478'},['0.6862'],"('@DISEASE_Barrett_Esophagus', 'Association', '@GENE_MCC')"
D009369,4163,Negative_Correlation,@DISEASE_Neoplasms,@GENE_MCC,{'11338478'},['0.935'],"('@DISEASE_Neoplasms', 'Negative_Correlation', '@GENE_MCC')"
D015792,4163,Association,@DISEASE_Retinal_Dysplasia,@GENE_MCC,{'11338478'},['0.9972'],"('@DISEASE_Retinal_Dysplasia', 'Association', '@GENE_MCC')"
D002945,170768,Positive_Correlation,@CHEMICAL_Cisplatin,@GENE_PFKFB3,{'36243313'},['0.697'],"('@CHEMICAL_Cisplatin', 'Positive_Correlation', '@GENE_PFKFB3')"
D007674,170768,Association,@DISEASE_Kidney_Diseases,@GENE_PFKFB3,{'36243313'},['0.9415'],"('@DISEASE_Kidney_Diseases', 'Association', '@GENE_PFKFB3')"
12567,170768,Positive_Correlation,@GENE_CDK4,@GENE_PFKFB3,{'36243313'},['0.9834'],"('@GENE_CDK4', 'Positive_Correlation', '@GENE_PFKFB3')"
170768,19645,Association,@GENE_PFKFB3,@GENE_RB1,{'36243313'},['0.8703'],"('@GENE_PFKFB3', 'Association', '@GENE_RB1')"
D002945,D007674,Positive_Correlation,@CHEMICAL_Cisplatin,@DISEASE_Kidney_Diseases,{'36243313'},['0.999'],"('@CHEMICAL_Cisplatin', 'Positive_Correlation', '@DISEASE_Kidney_Diseases')"
D002945,D009369,Negative_Correlation,@CHEMICAL_Cisplatin,@DISEASE_Neoplasms,{'36243313'},['0.9987'],"('@CHEMICAL_Cisplatin', 'Negative_Correlation', '@DISEASE_Neoplasms')"
D007674,12567,Association,@DISEASE_Kidney_Diseases,@GENE_CDK4,{'36243313'},['0.9231'],"('@DISEASE_Kidney_Diseases', 'Association', '@GENE_CDK4')"
D002945,19645,Association,@CHEMICAL_Cisplatin,@GENE_RB1,{'36243313'},['0.8283'],"('@CHEMICAL_Cisplatin', 'Association', '@GENE_RB1')"
D002945,12567,Positive_Correlation,@CHEMICAL_Cisplatin,@GENE_CDK4,{'36243313'},['0.9774'],"('@CHEMICAL_Cisplatin', 'Positive_Correlation', '@GENE_CDK4')"
12567,19645,Positive_Correlation,@GENE_CDK4,@GENE_RB1,{'36243313'},['0.5436'],"('@GENE_CDK4', 'Positive_Correlation', '@GENE_RB1')"
D014810,D009369,Negative_Correlation,@CHEMICAL_Vitamin_E,@DISEASE_Neoplasms,{'33099781'},['0.9992'],"('@CHEMICAL_Vitamin_E', 'Negative_Correlation', '@DISEASE_Neoplasms')"
D014810,842805,Association,@CHEMICAL_Vitamin_E,@GENE_G_TMT,{'33099781'},['0.982'],"('@CHEMICAL_Vitamin_E', 'Association', '@GENE_G_TMT')"
D024502,D003327,Negative_Correlation,@CHEMICAL_alpha_Tocopherol,@DISEASE_Coronary_Disease,{'33099781'},['0.9992'],"('@CHEMICAL_alpha_Tocopherol', 'Negative_Correlation', '@DISEASE_Coronary_Disease')"
D014810,D003327,Negative_Correlation,@CHEMICAL_Vitamin_E,@DISEASE_Coronary_Disease,{'33099781'},['0.9992'],"('@CHEMICAL_Vitamin_E', 'Negative_Correlation', '@DISEASE_Coronary_Disease')"
D024502,D009369,Negative_Correlation,@CHEMICAL_alpha_Tocopherol,@DISEASE_Neoplasms,{'33099781'},['0.9992'],"('@CHEMICAL_alpha_Tocopherol', 'Negative_Correlation', '@DISEASE_Neoplasms')"
D009369,55135,Association,@DISEASE_Neoplasms,@GENE_WRAP53,{'36090744'},['0.9687'],"('@DISEASE_Neoplasms', 'Association', '@GENE_WRAP53')"
D008055,7157,Association,@CHEMICAL_Lipids,@GENE_TP53,{'36090744'},['0.9996'],"('@CHEMICAL_Lipids', 'Association', '@GENE_TP53')"
D001471,55135,Association,@DISEASE_Barrett_Esophagus,@GENE_WRAP53,{'36090744'},['0.9656'],"('@DISEASE_Barrett_Esophagus', 'Association', '@GENE_WRAP53')"
D014212,7157,Association,@CHEMICAL_Tretinoin,@GENE_TP53,{'36090744'},['0.9996'],"('@CHEMICAL_Tretinoin', 'Association', '@GENE_TP53')"
55135,7157,Association,@GENE_WRAP53,@GENE_TP53,{'36090744'},['0.9929'],"('@GENE_WRAP53', 'Association', '@GENE_TP53')"
D009369,79589,Association,@DISEASE_Neoplasms,@GENE_RNF128,{'36090744'},['0.6769'],"('@DISEASE_Neoplasms', 'Association', '@GENE_RNF128')"
D000230,55135,Association,@DISEASE_Adenocarcinoma,@GENE_WRAP53,{'36090744'},['0.9989'],"('@DISEASE_Adenocarcinoma', 'Association', '@GENE_WRAP53')"
D000236,4588,Association,@DISEASE_Adenoma,@GENE_MUC6,{'29278427'},['0.9996'],"('@DISEASE_Adenoma', 'Association', '@GENE_MUC6')"
D000236,4586,Association,@DISEASE_Adenoma,@GENE_MUC5AC,{'29278427'},['0.9995'],"('@DISEASE_Adenoma', 'Association', '@GENE_MUC5AC')"
4586,4588,Association,@GENE_MUC5AC,@GENE_MUC6,{'29278427'},['0.5904'],"('@GENE_MUC5AC', 'Association', '@GENE_MUC6')"
D010100,D007012,Negative_Correlation,@CHEMICAL_Oxygen,@DISEASE_Hypopharyngeal_Neoplasms,{'36527815'},['0.9817'],"('@CHEMICAL_Oxygen', 'Negative_Correlation', '@DISEASE_Hypopharyngeal_Neoplasms')"
D005947,24890,Negative_Correlation,@CHEMICAL_Glucose,@GENE_ESR1,{'21995903'},['0.84'],"('@CHEMICAL_Glucose', 'Negative_Correlation', '@GENE_ESR1')"
D018698,D007511,Association,@CHEMICAL_Glutamic_Acid,@DISEASE_Ischemia,{'21995903'},['0.997'],"('@CHEMICAL_Glutamic_Acid', 'Association', '@DISEASE_Ischemia')"
D000860,24890,Association,@DISEASE_Hypoxia,@GENE_ESR1,{'21995903'},['0.7454'],"('@DISEASE_Hypoxia', 'Association', '@GENE_ESR1')"
D018698,D000860,Association,@CHEMICAL_Glutamic_Acid,@DISEASE_Hypoxia,{'21995903'},['0.9621'],"('@CHEMICAL_Glutamic_Acid', 'Association', '@DISEASE_Hypoxia')"
D005947,D000860,Association,@CHEMICAL_Glucose,@DISEASE_Hypoxia,{'21995903'},['0.6242'],"('@CHEMICAL_Glucose', 'Association', '@DISEASE_Hypoxia')"
D009584,D007410,Negative_Correlation,@CHEMICAL_Nitrogen,@DISEASE_Intestinal_Diseases,"{'36397870', '23622979'}","['0.9826', '0.5649']","('@CHEMICAL_Nitrogen', 'Negative_Correlation', '@DISEASE_Intestinal_Diseases')"
C566775,1499,Association,@DISEASE_Polyposis_Of_Gastric_Fundus_Without_Polyposis_Coli,@GENE_CTNNB1,{'29436014'},['0.9993'],"('@DISEASE_Polyposis_Of_Gastric_Fundus_Without_Polyposis_Coli', 'Association', '@GENE_CTNNB1')"
D007249,4923,Association,@DISEASE_Inflammation,@GENE_NTSR1,{'23901225'},['0.6839'],"('@DISEASE_Inflammation', 'Association', '@GENE_NTSR1')"
D015212,4923,Positive_Correlation,@DISEASE_Inflammatory_Bowel_Diseases,@GENE_NTSR1,{'23901225'},['0.8722'],"('@DISEASE_Inflammatory_Bowel_Diseases', 'Positive_Correlation', '@GENE_NTSR1')"
C536030,4923,Association,@DISEASE_MASS_syndrome,@GENE_NTSR1,{'23901225'},['0.8388'],"('@DISEASE_MASS_syndrome', 'Association', '@GENE_NTSR1')"
D000083023,4923,Positive_Correlation,@DISEASE_Colitis_Associated_Neoplasms,@GENE_NTSR1,{'23901225'},['0.5515'],"('@DISEASE_Colitis_Associated_Neoplasms', 'Positive_Correlation', '@GENE_NTSR1')"
D003092,4923,Association,@DISEASE_Colitis,@GENE_NTSR1,{'23901225'},['0.9975'],"('@DISEASE_Colitis', 'Association', '@GENE_NTSR1')"
D008228,347732,Positive_Correlation,@DISEASE_Lymphoma_Non_Hodgkin,@GENE_CATSPER3,{'23901225'},['0.5901'],"('@DISEASE_Lymphoma_Non_Hodgkin', 'Positive_Correlation', '@GENE_CATSPER3')"
D011127,4923,Association,@DISEASE_Polyps,@GENE_NTSR1,{'23901225'},['0.5304'],"('@DISEASE_Polyps', 'Association', '@GENE_NTSR1')"
347732,4923,Positive_Correlation,@GENE_CATSPER3,@GENE_NTSR1,{'23901225'},['0.9968'],"('@GENE_CATSPER3', 'Positive_Correlation', '@GENE_NTSR1')"
D008228,4923,Association,@DISEASE_Lymphoma_Non_Hodgkin,@GENE_NTSR1,{'23901225'},['0.9929'],"('@DISEASE_Lymphoma_Non_Hodgkin', 'Association', '@GENE_NTSR1')"
D015792,4923,Association,@DISEASE_Retinal_Dysplasia,@GENE_NTSR1,{'23901225'},['0.989'],"('@DISEASE_Retinal_Dysplasia', 'Association', '@GENE_NTSR1')"
D009369,4923,Association,@DISEASE_Neoplasms,@GENE_NTSR1,{'23901225'},['0.9319'],"('@DISEASE_Neoplasms', 'Association', '@GENE_NTSR1')"
D000230,406967,Positive_Correlation,@DISEASE_Adenocarcinoma,@GENE_MIR192,{'26572780'},['0.9563'],"('@DISEASE_Adenocarcinoma', 'Positive_Correlation', '@GENE_MIR192')"
D008228,406988,Association,@DISEASE_Lymphoma_Non_Hodgkin,@GENE_MIR205,{'26572780'},['0.7855'],"('@DISEASE_Lymphoma_Non_Hodgkin', 'Association', '@GENE_MIR205')"
D001471,406997,Association,@DISEASE_Barrett_Esophagus,@GENE_MIR215,{'26572780'},['0.9997'],"('@DISEASE_Barrett_Esophagus', 'Association', '@GENE_MIR215')"
D000230,406986,Negative_Correlation,@DISEASE_Adenocarcinoma,@GENE_MIR203A,{'26572780'},['0.9575'],"('@DISEASE_Adenocarcinoma', 'Negative_Correlation', '@GENE_MIR203A')"
D001471,406988,Association,@DISEASE_Barrett_Esophagus,@GENE_MIR205,{'26572780'},['0.9936'],"('@DISEASE_Barrett_Esophagus', 'Association', '@GENE_MIR205')"
C023717,D007249,Negative_Correlation,@CHEMICAL_acacetin,@DISEASE_Inflammation,{'40443170'},['0.999'],"('@CHEMICAL_acacetin', 'Negative_Correlation', '@DISEASE_Inflammation')"
C005273,D014443,Association,@CHEMICAL_naringenin,@CHEMICAL_Tyrosine,{'40443170'},['0.8967'],"('@CHEMICAL_naringenin', 'Association', '@CHEMICAL_Tyrosine')"
C005273,C023717,Bind,@CHEMICAL_naringenin,@CHEMICAL_acacetin,{'40443170'},['0.4057'],"('@CHEMICAL_naringenin', 'Bind', '@CHEMICAL_acacetin')"
C005273,D047310,Bind,@CHEMICAL_naringenin,@CHEMICAL_Apigenin,{'40443170'},['0.5188'],"('@CHEMICAL_naringenin', 'Bind', '@CHEMICAL_Apigenin')"
C023717,D047310,Comparison,@CHEMICAL_acacetin,@CHEMICAL_Apigenin,{'40443170'},['0.6616'],"('@CHEMICAL_acacetin', 'Comparison', '@CHEMICAL_Apigenin')"
D047310,D007249,Negative_Correlation,@CHEMICAL_Apigenin,@DISEASE_Inflammation,{'40443170'},['0.999'],"('@CHEMICAL_Apigenin', 'Negative_Correlation', '@DISEASE_Inflammation')"
C002963,D024505,Association,@CHEMICAL_geranylgeranyl_pyrophosphate,@CHEMICAL_Tocopherols,"{'21223386', '16408209'}","['0.7632', '0.9732']","('@CHEMICAL_geranylgeranyl_pyrophosphate', 'Association', '@CHEMICAL_Tocopherols')"
C031927,D008548,Negative_Correlation,@CHEMICAL_hydroquinone,@DISEASE_Melanosis,{'33344320'},['0.9988'],"('@CHEMICAL_hydroquinone', 'Negative_Correlation', '@DISEASE_Melanosis')"
D010636,D009794,Positive_Correlation,@CHEMICAL_Phenols,@DISEASE_Ochronosis,{'33344320'},['0.9572'],"('@CHEMICAL_Phenols', 'Positive_Correlation', '@DISEASE_Ochronosis')"
D014212,D008548,Negative_Correlation,@CHEMICAL_Tretinoin,@DISEASE_Melanosis,{'33344320'},['0.9989'],"('@CHEMICAL_Tretinoin', 'Negative_Correlation', '@DISEASE_Melanosis')"
D000438,D002908,Positive_Correlation,@CHEMICAL_Alcohols,@DISEASE_Chronic_Disease,{'40711486'},['0.9973'],"('@CHEMICAL_Alcohols', 'Positive_Correlation', '@DISEASE_Chronic_Disease')"
D008107,6649,Association,@DISEASE_Liver_Diseases,@GENE_SOD3,{'38565287'},['0.9997'],"('@DISEASE_Liver_Diseases', 'Association', '@GENE_SOD3')"
D008107,10166,Association,@DISEASE_Liver_Diseases,@GENE_SLC25A15,{'38565287'},['0.9996'],"('@DISEASE_Liver_Diseases', 'Association', '@GENE_SLC25A15')"
D005234,6898,Association,@DISEASE_Fatty_Liver,@GENE_TAT,{'38565287'},['0.9996'],"('@DISEASE_Fatty_Liver', 'Association', '@GENE_TAT')"
D008107,4256,Association,@DISEASE_Liver_Diseases,@GENE_MGP,{'38565287'},['0.9996'],"('@DISEASE_Liver_Diseases', 'Association', '@GENE_MGP')"
D005234,9358,Association,@DISEASE_Fatty_Liver,@GENE_ITGBL1,{'38565287'},['0.9996'],"('@DISEASE_Fatty_Liver', 'Association', '@GENE_ITGBL1')"
D005234,6649,Association,@DISEASE_Fatty_Liver,@GENE_SOD3,{'38565287'},['0.9996'],"('@DISEASE_Fatty_Liver', 'Association', '@GENE_SOD3')"
D008107,64094,Association,@DISEASE_Liver_Diseases,@GENE_SMOC2,{'38565287'},['0.9997'],"('@DISEASE_Liver_Diseases', 'Association', '@GENE_SMOC2')"
D005234,4256,Association,@DISEASE_Fatty_Liver,@GENE_MGP,{'38565287'},['0.9996'],"('@DISEASE_Fatty_Liver', 'Association', '@GENE_MGP')"
D008107,6898,Association,@DISEASE_Liver_Diseases,@GENE_TAT,{'38565287'},['0.9996'],"('@DISEASE_Liver_Diseases', 'Association', '@GENE_TAT')"
D005234,3081,Association,@DISEASE_Fatty_Liver,@GENE_HGD,{'38565287'},['0.9995'],"('@DISEASE_Fatty_Liver', 'Association', '@GENE_HGD')"
D005234,4016,Association,@DISEASE_Fatty_Liver,@GENE_LOXL1,{'38565287'},['0.9996'],"('@DISEASE_Fatty_Liver', 'Association', '@GENE_LOXL1')"
D005234,10166,Association,@DISEASE_Fatty_Liver,@GENE_SLC25A15,{'38565287'},['0.9994'],"('@DISEASE_Fatty_Liver', 'Association', '@GENE_SLC25A15')"
D005234,64094,Association,@DISEASE_Fatty_Liver,@GENE_SMOC2,{'38565287'},['0.9996'],"('@DISEASE_Fatty_Liver', 'Association', '@GENE_SMOC2')"
D008107,9358,Association,@DISEASE_Liver_Diseases,@GENE_ITGBL1,{'38565287'},['0.9996'],"('@DISEASE_Liver_Diseases', 'Association', '@GENE_ITGBL1')"
D008107,4016,Association,@DISEASE_Liver_Diseases,@GENE_LOXL1,{'38565287'},['0.9997'],"('@DISEASE_Liver_Diseases', 'Association', '@GENE_LOXL1')"
D006861,D024505,Positive_Correlation,@CHEMICAL_Hydrogen_Peroxide,@CHEMICAL_Tocopherols,{'27156136'},['0.6832'],"('@CHEMICAL_Hydrogen_Peroxide', 'Positive_Correlation', '@CHEMICAL_Tocopherols')"
D012965,D024505,Positive_Correlation,@CHEMICAL_Sodium_Chloride,@CHEMICAL_Tocopherols,{'27156136'},['0.9762'],"('@CHEMICAL_Sodium_Chloride', 'Positive_Correlation', '@CHEMICAL_Tocopherols')"
D014810,D024505,Positive_Correlation,@CHEMICAL_Vitamin_E,@CHEMICAL_Tocopherols,"{'27156136', '29105089'}","['0.9475', '0.7153']","('@CHEMICAL_Vitamin_E', 'Positive_Correlation', '@CHEMICAL_Tocopherols')"
D006713,D001862,Positive_Correlation,@CHEMICAL_Homogentisic_Acid,@DISEASE_Bone_Resorption,{'30451653'},['0.9993'],"('@CHEMICAL_Homogentisic_Acid', 'Positive_Correlation', '@DISEASE_Bone_Resorption')"
D009369,2065,Association,@DISEASE_Neoplasms,@GENE_ERBB3,{'27559738'},['0.9992'],"('@DISEASE_Neoplasms', 'Association', '@GENE_ERBB3')"
D015792,2065,Positive_Correlation,@DISEASE_Retinal_Dysplasia,@GENE_ERBB3,{'27559738'},['0.9729'],"('@DISEASE_Retinal_Dysplasia', 'Positive_Correlation', '@GENE_ERBB3')"
D008228,4233,Positive_Correlation,@DISEASE_Lymphoma_Non_Hodgkin,@GENE_MET,{'27559738'},['0.9608'],"('@DISEASE_Lymphoma_Non_Hodgkin', 'Positive_Correlation', '@GENE_MET')"
D009361,2064,Positive_Correlation,@DISEASE_Neoplasm_Invasiveness,@GENE_ERBB2,{'27559738'},['0.9066'],"('@DISEASE_Neoplasm_Invasiveness', 'Positive_Correlation', '@GENE_ERBB2')"
D000081483,2064,Association,@DISEASE_Squamous_Intraepithelial_Lesions,@GENE_ERBB2,{'27559738'},['0.8866'],"('@DISEASE_Squamous_Intraepithelial_Lesions', 'Association', '@GENE_ERBB2')"
D009361,2065,Positive_Correlation,@DISEASE_Neoplasm_Invasiveness,@GENE_ERBB3,{'27559738'},['0.5522'],"('@DISEASE_Neoplasm_Invasiveness', 'Positive_Correlation', '@GENE_ERBB3')"
2065,4233,Positive_Correlation,@GENE_ERBB3,@GENE_MET,{'27559738'},['0.996'],"('@GENE_ERBB3', 'Positive_Correlation', '@GENE_MET')"
D008228,2065,Association,@DISEASE_Lymphoma_Non_Hodgkin,@GENE_ERBB3,{'27559738'},['0.6571'],"('@DISEASE_Lymphoma_Non_Hodgkin', 'Association', '@GENE_ERBB3')"
D005764,2065,Association,@DISEASE_Gastroesophageal_Reflux,@GENE_ERBB3,{'27559738'},['0.6167'],"('@DISEASE_Gastroesophageal_Reflux', 'Association', '@GENE_ERBB3')"
D000081483,2065,Positive_Correlation,@DISEASE_Squamous_Intraepithelial_Lesions,@GENE_ERBB3,{'27559738'},['0.5287'],"('@DISEASE_Squamous_Intraepithelial_Lesions', 'Positive_Correlation', '@GENE_ERBB3')"
D015792,2064,Association,@DISEASE_Retinal_Dysplasia,@GENE_ERBB2,{'27559738'},['0.8832'],"('@DISEASE_Retinal_Dysplasia', 'Association', '@GENE_ERBB2')"
C025136,C037816,Association,@CHEMICAL_phenylacetic_acid,@CHEMICAL_phenylacetyl_coenzyme_A,{'12189419'},['0.7921'],"('@CHEMICAL_phenylacetic_acid', 'Association', '@CHEMICAL_phenylacetyl_coenzyme_A')"
D008228,7431,Association,@DISEASE_Lymphoma_Non_Hodgkin,@GENE_VIM,{'22315367'},['0.9977'],"('@DISEASE_Lymphoma_Non_Hodgkin', 'Association', '@GENE_VIM')"
D000230,7431,Association,@DISEASE_Adenocarcinoma,@GENE_VIM,{'22315367'},['0.995'],"('@DISEASE_Adenocarcinoma', 'Association', '@GENE_VIM')"
D013274,7431,Association,@DISEASE_Stomach_Neoplasms,@GENE_VIM,{'22315367'},['0.9992'],"('@DISEASE_Stomach_Neoplasms', 'Association', '@GENE_VIM')"
D001471,7431,Association,@DISEASE_Barrett_Esophagus,@GENE_VIM,{'22315367'},['0.9988'],"('@DISEASE_Barrett_Esophagus', 'Association', '@GENE_VIM')"
D015179,7431,Association,@DISEASE_Colorectal_Neoplasms,@GENE_VIM,{'22315367'},['0.9973'],"('@DISEASE_Colorectal_Neoplasms', 'Association', '@GENE_VIM')"
D009369,7431,Association,@DISEASE_Neoplasms,@GENE_VIM,{'22315367'},['0.999'],"('@DISEASE_Neoplasms', 'Association', '@GENE_VIM')"
D005598,7431,Association,@DISEASE_Fractures_Spontaneous,@GENE_VIM,{'22315367'},['0.9992'],"('@DISEASE_Fractures_Spontaneous', 'Association', '@GENE_VIM')"
D014527,C537757,Positive_Correlation,@CHEMICAL_Uric_Acid,@DISEASE_Renal_hypouricemia,{'37000195'},['0.9654'],"('@CHEMICAL_Uric_Acid', 'Positive_Correlation', '@DISEASE_Renal_hypouricemia')"
D001205,D000089202,Negative_Correlation,@CHEMICAL_Ascorbic_Acid,@DISEASE_Non_Radiographic_Axial_Spondyloarthritis,{'12542920'},['0.999'],"('@CHEMICAL_Ascorbic_Acid', 'Negative_Correlation', '@DISEASE_Non_Radiographic_Axial_Spondyloarthritis')"
D001205,D011488,Association,@CHEMICAL_Ascorbic_Acid,@DISEASE_Protein_Deficiency,{'12542920'},['0.8982'],"('@CHEMICAL_Ascorbic_Acid', 'Association', '@DISEASE_Protein_Deficiency')"
D005947,D007674,Association,@CHEMICAL_Glucose,@DISEASE_Kidney_Diseases,{'22472623'},['0.9023'],"('@CHEMICAL_Glucose', 'Association', '@DISEASE_Kidney_Diseases')"
D011507,19339,Association,@DISEASE_Proteinuria,@GENE_RAB3A,{'22472623'},['0.7564'],"('@DISEASE_Proteinuria', 'Association', '@GENE_RAB3A')"
D005947,D011507,Association,@CHEMICAL_Glucose,@DISEASE_Proteinuria,{'22472623'},['0.9188'],"('@CHEMICAL_Glucose', 'Association', '@DISEASE_Proteinuria')"
D007674,19339,Association,@DISEASE_Kidney_Diseases,@GENE_RAB3A,{'22472623'},['0.988'],"('@DISEASE_Kidney_Diseases', 'Association', '@GENE_RAB3A')"
D005947,19339,Association,@CHEMICAL_Glucose,@GENE_RAB3A,{'22472623'},['0.8301'],"('@CHEMICAL_Glucose', 'Association', '@GENE_RAB3A')"
D003928,19339,Association,@DISEASE_Diabetic_Nephropathies,@GENE_RAB3A,{'22472623'},['0.9564'],"('@DISEASE_Diabetic_Nephropathies', 'Association', '@GENE_RAB3A')"
D005947,D003928,Association,@CHEMICAL_Glucose,@DISEASE_Diabetic_Nephropathies,{'22472623'},['0.9864'],"('@CHEMICAL_Glucose', 'Association', '@DISEASE_Diabetic_Nephropathies')"
C005975,D000069463,Association,@CHEMICAL_3_4_dihydroxyphenylethanol,@CHEMICAL_Olive_Oil,{'11095977'},['0.9899'],"('@CHEMICAL_3_4_dihydroxyphenylethanol', 'Association', '@CHEMICAL_Olive_Oil')"
C005975,54205,Positive_Correlation,@CHEMICAL_3_4_dihydroxyphenylethanol,@GENE_CYCS,{'11095977'},['0.5874'],"('@CHEMICAL_3_4_dihydroxyphenylethanol', 'Positive_Correlation', '@GENE_CYCS')"
C005975,836,Positive_Correlation,@CHEMICAL_3_4_dihydroxyphenylethanol,@GENE_CASP3,{'11095977'},['0.9393'],"('@CHEMICAL_3_4_dihydroxyphenylethanol', 'Positive_Correlation', '@GENE_CASP3')"
C005975,841,Positive_Correlation,@CHEMICAL_3_4_dihydroxyphenylethanol,@GENE_CASP8,{'11095977'},['0.987'],"('@CHEMICAL_3_4_dihydroxyphenylethanol', 'Positive_Correlation', '@GENE_CASP8')"
C001418,D010661,Positive_Correlation,@CHEMICAL_4_hydroxyphenyllactic_acid,@DISEASE_Phenylketonurias,{'36295829'},['0.5868'],"('@CHEMICAL_4_hydroxyphenyllactic_acid', 'Positive_Correlation', '@DISEASE_Phenylketonurias')"
D010649,D010661,Positive_Correlation,@CHEMICAL_Phenylalanine,@DISEASE_Phenylketonurias,{'36295829'},['0.9976'],"('@CHEMICAL_Phenylalanine', 'Positive_Correlation', '@DISEASE_Phenylketonurias')"
D006713,,Association,@CHEMICAL_Homogentisic_Acid,unknown,{'36295829'},['0.9092'],"('@CHEMICAL_Homogentisic_Acid', 'Association', 'unknown')"
D001224,100862683,Association,@CHEMICAL_Aspartic_Acid,@GENE_ERVK_25,{'36423674'},['0.4309'],"('@CHEMICAL_Aspartic_Acid', 'Association', '@GENE_ERVK_25')"
D006639,100862683,Positive_Correlation,@CHEMICAL_Histidine,@GENE_ERVK_25,{'36423674'},['0.6913'],"('@CHEMICAL_Histidine', 'Positive_Correlation', '@GENE_ERVK_25')"
D001791,23038,Positive_Correlation,@DISEASE_Blood_Platelet_Disorders,@GENE_WDTC1,{'36423674'},['0.9988'],"('@DISEASE_Blood_Platelet_Disorders', 'Positive_Correlation', '@GENE_WDTC1')"
D012694,100862683,Association,@CHEMICAL_Serine,@GENE_ERVK_25,{'36423674'},['0.6338'],"('@CHEMICAL_Serine', 'Association', '@GENE_ERVK_25')"
D000474,rs755734596##,Association,@DISEASE_Alkaptonuria,@VARIANT_p.G115R_HGD_human,{'36376482'},['0.4771'],"('@DISEASE_Alkaptonuria', 'Association', '@VARIANT_p.G115R_HGD_human')"
D000474,rs765219004##,Association,@DISEASE_Alkaptonuria,@VARIANT_p.G361R_HGD_human,{'36376482'},['0.4936'],"('@DISEASE_Alkaptonuria', 'Association', '@VARIANT_p.G361R_HGD_human')"
D010004,3081,Association,@DISEASE_Osteoarthropathy_Primary_Hypertrophic,@GENE_HGD,{'36376482'},['0.9985'],"('@DISEASE_Osteoarthropathy_Primary_Hypertrophic', 'Association', '@GENE_HGD')"
D005909,12504,Association,@DISEASE_Glioblastoma,@GENE_CD4,{'37804509'},['0.9756'],"('@DISEASE_Glioblastoma', 'Association', '@GENE_CD4')"
D005947,D005909,Negative_Correlation,@CHEMICAL_Glucose,@DISEASE_Glioblastoma,{'37804509'},['0.6115'],"('@CHEMICAL_Glucose', 'Negative_Correlation', '@DISEASE_Glioblastoma')"
D005909,18566,Association,@DISEASE_Glioblastoma,@GENE_PDCD1,{'37804509'},['0.9991'],"('@DISEASE_Glioblastoma', 'Association', '@GENE_PDCD1')"
D013274,3105,Association,@DISEASE_Stomach_Neoplasms,@GENE_HLA_A,{'15622476'},['0.9972'],"('@DISEASE_Stomach_Neoplasms', 'Association', '@GENE_HLA_A')"
D013274,48200769,Association,@DISEASE_Stomach_Neoplasms,@GENE_CAGA,{'15622476'},['0.9979'],"('@DISEASE_Stomach_Neoplasms', 'Association', '@GENE_CAGA')"
D007239,48200769,Association,@DISEASE_Infections,@GENE_CAGA,{'15622476'},['0.9966'],"('@DISEASE_Infections', 'Association', '@GENE_CAGA')"
D008228,48200769,Association,@DISEASE_Lymphoma_Non_Hodgkin,@GENE_CAGA,{'15622476'},['0.9779'],"('@DISEASE_Lymphoma_Non_Hodgkin', 'Association', '@GENE_CAGA')"
D013274,3117,Association,@DISEASE_Stomach_Neoplasms,@GENE_HLA_DQA1,{'15622476'},['0.9981'],"('@DISEASE_Stomach_Neoplasms', 'Association', '@GENE_HLA_DQA1')"
D014527,D015210,Association,@CHEMICAL_Uric_Acid,@DISEASE_Arthritis_Gouty,{'23315787'},['0.9558'],"('@CHEMICAL_Uric_Acid', 'Association', '@DISEASE_Arthritis_Gouty')"
D017127,D012216,Positive_Correlation,@CHEMICAL_Glycation_End_Products_Advanced,@DISEASE_Rheumatic_Diseases,{'23315787'},['0.9775'],"('@CHEMICAL_Glycation_End_Products_Advanced', 'Positive_Correlation', '@DISEASE_Rheumatic_Diseases')"
D002784,D014973,Positive_Correlation,@CHEMICAL_Cholesterol,@DISEASE_Xanthomatosis,{'23315787'},['0.984'],"('@CHEMICAL_Cholesterol', 'Positive_Correlation', '@DISEASE_Xanthomatosis')"
D002784,D007249,Positive_Correlation,@CHEMICAL_Cholesterol,@DISEASE_Inflammation,{'23315787'},['0.9834'],"('@CHEMICAL_Cholesterol', 'Positive_Correlation', '@DISEASE_Inflammation')"
D014527,D007249,Positive_Correlation,@CHEMICAL_Uric_Acid,@DISEASE_Inflammation,{'23315787'},['0.999'],"('@CHEMICAL_Uric_Acid', 'Positive_Correlation', '@DISEASE_Inflammation')"
23500,5058,Positive_Correlation,@GENE_DAAM2,@GENE_PAK1,{'33974241'},['0.9993'],"('@GENE_DAAM2', 'Positive_Correlation', '@GENE_PAK1')"
23500,4316,Positive_Correlation,@GENE_DAAM2,@GENE_MMP7,{'33974241'},['0.9993'],"('@GENE_DAAM2', 'Positive_Correlation', '@GENE_MMP7')"
D015179,5058,Association,@DISEASE_Colorectal_Neoplasms,@GENE_PAK1,{'33974241'},['0.9995'],"('@DISEASE_Colorectal_Neoplasms', 'Association', '@GENE_PAK1')"
D015179,23500,Association,@DISEASE_Colorectal_Neoplasms,@GENE_DAAM2,{'33974241'},['0.9967'],"('@DISEASE_Colorectal_Neoplasms', 'Association', '@GENE_DAAM2')"
D019788,D010190,Association,@CHEMICAL_Fluorodeoxyglucose_F18,@DISEASE_Pancreatic_Neoplasms,{'34572860'},['0.4814'],"('@CHEMICAL_Fluorodeoxyglucose_F18', 'Association', '@DISEASE_Pancreatic_Neoplasms')"
D019788,D015792,Negative_Correlation,@CHEMICAL_Fluorodeoxyglucose_F18,@DISEASE_Retinal_Dysplasia,{'34572860'},['0.4939'],"('@CHEMICAL_Fluorodeoxyglucose_F18', 'Negative_Correlation', '@DISEASE_Retinal_Dysplasia')"
D019788,6513,Association,@CHEMICAL_Fluorodeoxyglucose_F18,@GENE_CSE,{'34572860'},['0.9657'],"('@CHEMICAL_Fluorodeoxyglucose_F18', 'Association', '@GENE_CSE')"
C077073,D017093,Negative_Correlation,@CHEMICAL_nitisinone,@DISEASE_Liver_Failure,{'14767996'},['0.9986'],"('@CHEMICAL_nitisinone', 'Negative_Correlation', '@DISEASE_Liver_Failure')"
D006713,D056486,Association,@CHEMICAL_Homogentisic_Acid,@DISEASE_Chemical_and_Drug_Induced_Liver_Injury,{'14767996'},['0.9939'],"('@CHEMICAL_Homogentisic_Acid', 'Association', '@DISEASE_Chemical_and_Drug_Induced_Liver_Injury')"
D000082,D009336,Positive_Correlation,@CHEMICAL_Acetaminophen,@DISEASE_Necrosis,{'14767996'},['0.9983'],"('@CHEMICAL_Acetaminophen', 'Positive_Correlation', '@DISEASE_Necrosis')"
C077073,D056486,Association,@CHEMICAL_nitisinone,@DISEASE_Chemical_and_Drug_Induced_Liver_Injury,{'14767996'},['0.8369'],"('@CHEMICAL_nitisinone', 'Association', '@DISEASE_Chemical_and_Drug_Induced_Liver_Injury')"
D014443,D003643,Association,@CHEMICAL_Tyrosine,@DISEASE_Death,{'14767996'},['0.6503'],"('@CHEMICAL_Tyrosine', 'Association', '@DISEASE_Death')"
D006713,D003643,Positive_Correlation,@CHEMICAL_Homogentisic_Acid,@DISEASE_Death,{'14767996'},['0.9976'],"('@CHEMICAL_Homogentisic_Acid', 'Positive_Correlation', '@DISEASE_Death')"
D014443,D064420,Association,@CHEMICAL_Tyrosine,@DISEASE_Drug_Related_Side_Effects_and_Adverse_Reactions,{'23486607'},['0.9657'],"('@CHEMICAL_Tyrosine', 'Association', '@DISEASE_Drug_Related_Side_Effects_and_Adverse_Reactions')"
D000077144,D006471,Positive_Correlation,@CHEMICAL_Clopidogrel,@DISEASE_Gastrointestinal_Hemorrhage,{'33156107'},['0.9992'],"('@CHEMICAL_Clopidogrel', 'Positive_Correlation', '@DISEASE_Gastrointestinal_Hemorrhage')"
D006713,D003072,Association,@CHEMICAL_Homogentisic_Acid,@DISEASE_Cognition_Disorders,{'40018671'},['0.9979'],"('@CHEMICAL_Homogentisic_Acid', 'Association', '@DISEASE_Cognition_Disorders')"
C029658,D000067877,Positive_Correlation,@CHEMICAL_propionic_acid,@DISEASE_Autism_Spectrum_Disorder,{'40018671'},['0.9846'],"('@CHEMICAL_propionic_acid', 'Positive_Correlation', '@DISEASE_Autism_Spectrum_Disorder')"
C018524,D003072,Association,@CHEMICAL_N_N_dimethylarginine,@DISEASE_Cognition_Disorders,{'40018671'},['0.9974'],"('@CHEMICAL_N_N_dimethylarginine', 'Association', '@DISEASE_Cognition_Disorders')"
C029658,D001321,Positive_Correlation,@CHEMICAL_propionic_acid,@DISEASE_Autistic_Disorder,{'40018671'},['0.9991'],"('@CHEMICAL_propionic_acid', 'Positive_Correlation', '@DISEASE_Autistic_Disorder')"
824599,827964,Association,@GENE_WRI1,@GENE_EVE1,{'29105089'},['0.9675'],"('@GENE_WRI1', 'Association', '@GENE_EVE1')"
816464,827964,Association,@GENE_TAG1,@GENE_EVE1,{'29105089'},['0.7509'],"('@GENE_TAG1', 'Association', '@GENE_EVE1')"
C013649,D014810,Positive_Correlation,@CHEMICAL_plastochromanol_8,@CHEMICAL_Vitamin_E,{'29105089'},['0.999'],"('@CHEMICAL_plastochromanol_8', 'Positive_Correlation', '@CHEMICAL_Vitamin_E')"
D006713,D024505,Negative_Correlation,@CHEMICAL_Homogentisic_Acid,@CHEMICAL_Tocopherols,{'16204475'},['0.9344'],"('@CHEMICAL_Homogentisic_Acid', 'Negative_Correlation', '@CHEMICAL_Tocopherols')"
C010590,D006713,Positive_Correlation,@CHEMICAL_4_hydroxyphenylpyruvic_acid,@CHEMICAL_Homogentisic_Acid,"{'16204475', '37384105'}","['0.5264', '0.7841']","('@CHEMICAL_4_hydroxyphenylpyruvic_acid', 'Positive_Correlation', '@CHEMICAL_Homogentisic_Acid')"
C024617,D056806,Association,@CHEMICAL_polyol,@DISEASE_Urea_Cycle_Disorders_Inborn,{'27082169'},['0.9971'],"('@CHEMICAL_polyol', 'Association', '@DISEASE_Urea_Cycle_Disorders_Inborn')"
C024617,C538324,Association,@CHEMICAL_polyol,@DISEASE_3_Hydroxy_3_Methylglutaryl_CoA_Lyase_Deficiency,{'27082169'},['0.9302'],"('@CHEMICAL_polyol', 'Association', '@DISEASE_3_Hydroxy_3_Methylglutaryl_CoA_Lyase_Deficiency')"
C024617,D020163,Association,@CHEMICAL_polyol,@DISEASE_Ornithine_Carbamoyltransferase_Deficiency_Disease,{'27082169'},['0.9854'],"('@CHEMICAL_polyol', 'Association', '@DISEASE_Ornithine_Carbamoyltransferase_Deficiency_Disease')"
C024617,D001928,Association,@CHEMICAL_polyol,@DISEASE_Brain_Diseases_Metabolic,{'27082169'},['0.997'],"('@CHEMICAL_polyol', 'Association', '@DISEASE_Brain_Diseases_Metabolic')"
C024617,204750,Association,@CHEMICAL_polyol,@DISEASE_204750,{'27082169'},['0.9756'],"('@CHEMICAL_polyol', 'Association', '@DISEASE_204750')"
C024617,C535308,Association,@CHEMICAL_polyol,@DISEASE_3_methylcrotonyl_CoA_carboxylase_1_deficiency,{'27082169'},['0.7006'],"('@CHEMICAL_polyol', 'Association', '@DISEASE_3_methylcrotonyl_CoA_carboxylase_1_deficiency')"
C024617,D009447,Association,@CHEMICAL_polyol,@DISEASE_Neuroblastoma,{'27082169'},['0.9699'],"('@CHEMICAL_polyol', 'Association', '@DISEASE_Neuroblastoma')"
C024617,D054069,Association,@CHEMICAL_polyol,@DISEASE_Multiple_Acyl_Coenzyme_A_Dehydrogenase_Deficiency,{'27082169'},['0.9371'],"('@CHEMICAL_polyol', 'Association', '@DISEASE_Multiple_Acyl_Coenzyme_A_Dehydrogenase_Deficiency')"
D007736,D014364,Association,@CHEMICAL_Kynurenic_Acid,@CHEMICAL_Tryptophan,{'37697495'},['0.9955'],"('@CHEMICAL_Kynurenic_Acid', 'Association', '@CHEMICAL_Tryptophan')"
D011687,D017114,Association,@CHEMICAL_Purines,@DISEASE_Liver_Failure_Acute,{'37697495'},['0.9992'],"('@CHEMICAL_Purines', 'Association', '@DISEASE_Liver_Failure_Acute')"
D002241,D017114,Association,@CHEMICAL_Carbohydrates,@DISEASE_Liver_Failure_Acute,{'37697495'},['0.9994'],"('@CHEMICAL_Carbohydrates', 'Association', '@DISEASE_Liver_Failure_Acute')"
D008055,D017114,Association,@CHEMICAL_Lipids,@DISEASE_Liver_Failure_Acute,{'37697495'},['0.9994'],"('@CHEMICAL_Lipids', 'Association', '@DISEASE_Liver_Failure_Acute')"
D003540,D012694,Association,@CHEMICAL_Cystathionine,@CHEMICAL_Serine,{'37697495'},['0.9886'],"('@CHEMICAL_Cystathionine', 'Association', '@CHEMICAL_Serine')"
D011743,D017114,Association,@CHEMICAL_Pyrimidines,@DISEASE_Liver_Failure_Acute,{'37697495'},['0.9992'],"('@CHEMICAL_Pyrimidines', 'Association', '@DISEASE_Liver_Failure_Acute')"
D020404,D017114,Negative_Correlation,@CHEMICAL_Glycerophospholipids,@DISEASE_Liver_Failure_Acute,{'37697495'},['0.5188'],"('@CHEMICAL_Glycerophospholipids', 'Negative_Correlation', '@DISEASE_Liver_Failure_Acute')"
D024505,829661,Association,@CHEMICAL_Tocopherols,@GENE_CAT2,{'20691023'},['0.9992'],"('@CHEMICAL_Tocopherols', 'Association', '@GENE_CAT2')"
D024505,838652,Association,@CHEMICAL_Tocopherols,@GENE_CAT1,{'20691023'},['0.9729'],"('@CHEMICAL_Tocopherols', 'Association', '@GENE_CAT1')"
D024505,820263,Association,@CHEMICAL_Tocopherols,@GENE_MSD1,{'20691023'},['0.9966'],"('@CHEMICAL_Tocopherols', 'Association', '@GENE_MSD1')"
D010100,#3242#p.H266A,Association,@CHEMICAL_Oxygen,@VARIANT_p.H266A_HPD_human,{'26936969'},['0.9955'],"('@CHEMICAL_Oxygen', 'Association', '@VARIANT_p.H266A_HPD_human')"
D010100,#3242#p.H1E,Association,@CHEMICAL_Oxygen,@VARIANT_p.H1E_HPD_human,{'26936969'},['0.7947'],"('@CHEMICAL_Oxygen', 'Association', '@VARIANT_p.H1E_HPD_human')"
D008670,3242,Association,@CHEMICAL_Metals,@GENE_HPD,{'26936969'},['0.982'],"('@CHEMICAL_Metals', 'Association', '@GENE_HPD')"
C026246,#3242#p.H266A,Association,@CHEMICAL_4_hydroxyphenylacetate,@VARIANT_p.H266A_HPD_human,{'26936969'},['0.9993'],"('@CHEMICAL_4_hydroxyphenylacetate', 'Association', '@VARIANT_p.H266A_HPD_human')"
D007501,#3242#p.H1E,Association,@CHEMICAL_Iron,@VARIANT_p.H1E_HPD_human,{'26936969'},['0.9662'],"('@CHEMICAL_Iron', 'Association', '@VARIANT_p.H1E_HPD_human')"
C026246,#3242#p.H1E,Association,@CHEMICAL_4_hydroxyphenylacetate,@VARIANT_p.H1E_HPD_human,{'26936969'},['0.9994'],"('@CHEMICAL_4_hydroxyphenylacetate', 'Association', '@VARIANT_p.H1E_HPD_human')"
C052203,D004938,Negative_Correlation,@CHEMICAL_2'_O_methylcytidine,@DISEASE_Esophageal_Neoplasms,{'33976728'},['0.999'],"(""@CHEMICAL_2'_O_methylcytidine"", 'Negative_Correlation', '@DISEASE_Esophageal_Neoplasms')"
D005999,D004938,Association,@CHEMICAL_Glycochenodeoxycholic_Acid,@DISEASE_Esophageal_Neoplasms,{'33976728'},['0.9324'],"('@CHEMICAL_Glycochenodeoxycholic_Acid', 'Association', '@DISEASE_Esophageal_Neoplasms')"
D019271,D004938,Positive_Correlation,@CHEMICAL_Hypoxanthine,@DISEASE_Esophageal_Neoplasms,{'33976728'},['0.532'],"('@CHEMICAL_Hypoxanthine', 'Positive_Correlation', '@DISEASE_Esophageal_Neoplasms')"
D007288,D004938,Association,@CHEMICAL_Inosine,@DISEASE_Esophageal_Neoplasms,{'33976728'},['0.6919'],"('@CHEMICAL_Inosine', 'Association', '@DISEASE_Esophageal_Neoplasms')"
D002331,D004938,Association,@CHEMICAL_Carnitine,@DISEASE_Esophageal_Neoplasms,{'33976728'},['0.9398'],"('@CHEMICAL_Carnitine', 'Association', '@DISEASE_Esophageal_Neoplasms')"
D006639,D004938,Negative_Correlation,@CHEMICAL_Histidine,@DISEASE_Esophageal_Neoplasms,{'33976728'},['0.9991'],"('@CHEMICAL_Histidine', 'Negative_Correlation', '@DISEASE_Esophageal_Neoplasms')"
C053518,D004938,Negative_Correlation,@CHEMICAL_CP_protocol,@DISEASE_Esophageal_Neoplasms,{'33976728'},['0.9989'],"('@CHEMICAL_CP_protocol', 'Negative_Correlation', '@DISEASE_Esophageal_Neoplasms')"
D014364,D004938,Negative_Correlation,@CHEMICAL_Tryptophan,@DISEASE_Esophageal_Neoplasms,{'33976728'},['0.9991'],"('@CHEMICAL_Tryptophan', 'Negative_Correlation', '@DISEASE_Esophageal_Neoplasms')"
D006897,D004938,Negative_Correlation,@CHEMICAL_Hydroxyindoleacetic_Acid,@DISEASE_Esophageal_Neoplasms,{'33976728'},['0.999'],"('@CHEMICAL_Hydroxyindoleacetic_Acid', 'Negative_Correlation', '@DISEASE_Esophageal_Neoplasms')"
D004298,D004938,Negative_Correlation,@CHEMICAL_Dopamine,@DISEASE_Esophageal_Neoplasms,{'33976728'},['0.9991'],"('@CHEMICAL_Dopamine', 'Negative_Correlation', '@DISEASE_Esophageal_Neoplasms')"
D006719,D009447,Association,@CHEMICAL_Homovanillic_Acid,@DISEASE_Neuroblastoma,{'23085206'},['0.9651'],"('@CHEMICAL_Homovanillic_Acid', 'Association', '@DISEASE_Neuroblastoma')"
D006713,D020165,Association,@CHEMICAL_Homogentisic_Acid,@DISEASE_Carbamoyl_Phosphate_Synthase_I_Deficiency_Disease,{'23085206'},['0.9955'],"('@CHEMICAL_Homogentisic_Acid', 'Association', '@DISEASE_Carbamoyl_Phosphate_Synthase_I_Deficiency_Disease')"
D006719,D020165,Association,@CHEMICAL_Homovanillic_Acid,@DISEASE_Carbamoyl_Phosphate_Synthase_I_Deficiency_Disease,{'23085206'},['0.9958'],"('@CHEMICAL_Homovanillic_Acid', 'Association', '@DISEASE_Carbamoyl_Phosphate_Synthase_I_Deficiency_Disease')"
D009963,D009447,Association,@CHEMICAL_Orotic_Acid,@DISEASE_Neuroblastoma,{'23085206'},['0.9723'],"('@CHEMICAL_Orotic_Acid', 'Association', '@DISEASE_Neuroblastoma')"
D014642,D000474,Association,@CHEMICAL_Vanilmandelic_Acid,@DISEASE_Alkaptonuria,{'23085206'},['0.9929'],"('@CHEMICAL_Vanilmandelic_Acid', 'Association', '@DISEASE_Alkaptonuria')"
D014642,D020165,Association,@CHEMICAL_Vanilmandelic_Acid,@DISEASE_Carbamoyl_Phosphate_Synthase_I_Deficiency_Disease,{'23085206'},['0.9963'],"('@CHEMICAL_Vanilmandelic_Acid', 'Association', '@DISEASE_Carbamoyl_Phosphate_Synthase_I_Deficiency_Disease')"
D009963,D000474,Association,@CHEMICAL_Orotic_Acid,@DISEASE_Alkaptonuria,{'23085206'},['0.9954'],"('@CHEMICAL_Orotic_Acid', 'Association', '@DISEASE_Alkaptonuria')"
D014642,D009447,Association,@CHEMICAL_Vanilmandelic_Acid,@DISEASE_Neuroblastoma,{'23085206'},['0.9369'],"('@CHEMICAL_Vanilmandelic_Acid', 'Association', '@DISEASE_Neuroblastoma')"
D009963,D020165,Association,@CHEMICAL_Orotic_Acid,@DISEASE_Carbamoyl_Phosphate_Synthase_I_Deficiency_Disease,{'23085206'},['0.997'],"('@CHEMICAL_Orotic_Acid', 'Association', '@DISEASE_Carbamoyl_Phosphate_Synthase_I_Deficiency_Disease')"
D006713,D009447,Association,@CHEMICAL_Homogentisic_Acid,@DISEASE_Neuroblastoma,{'23085206'},['0.9748'],"('@CHEMICAL_Homogentisic_Acid', 'Association', '@DISEASE_Neuroblastoma')"
D006719,D000474,Association,@CHEMICAL_Homovanillic_Acid,@DISEASE_Alkaptonuria,{'23085206'},['0.9958'],"('@CHEMICAL_Homovanillic_Acid', 'Association', '@DISEASE_Alkaptonuria')"
C023793,D011435,Positive_Correlation,@CHEMICAL_pyomelanin,@CHEMICAL_Propyl_Gallate,{'34554299'},['0.9993'],"('@CHEMICAL_pyomelanin', 'Positive_Correlation', '@CHEMICAL_Propyl_Gallate')"
C017616,C023793,Positive_Correlation,@CHEMICAL_phenolic_acid,@CHEMICAL_pyomelanin,{'34554299'},['0.9984'],"('@CHEMICAL_phenolic_acid', 'Positive_Correlation', '@CHEMICAL_pyomelanin')"
C023793,D005707,Positive_Correlation,@CHEMICAL_pyomelanin,@CHEMICAL_Gallic_Acid,{'34554299'},['0.9993'],"('@CHEMICAL_pyomelanin', 'Positive_Correlation', '@CHEMICAL_Gallic_Acid')"
C023793,D001205,Negative_Correlation,@CHEMICAL_pyomelanin,@CHEMICAL_Ascorbic_Acid,{'34554299'},['0.9978'],"('@CHEMICAL_pyomelanin', 'Negative_Correlation', '@CHEMICAL_Ascorbic_Acid')"
C023793,D007239,Association,@CHEMICAL_pyomelanin,@DISEASE_Infections,"{'34554299', '28570601'}","['0.9976', '0.9991']","('@CHEMICAL_pyomelanin', 'Association', '@DISEASE_Infections')"
D001205,D011435,Negative_Correlation,@CHEMICAL_Ascorbic_Acid,@CHEMICAL_Propyl_Gallate,{'34554299'},['0.9964'],"('@CHEMICAL_Ascorbic_Acid', 'Negative_Correlation', '@CHEMICAL_Propyl_Gallate')"
D001205,D005707,Negative_Correlation,@CHEMICAL_Ascorbic_Acid,@CHEMICAL_Gallic_Acid,{'34554299'},['0.9835'],"('@CHEMICAL_Ascorbic_Acid', 'Negative_Correlation', '@CHEMICAL_Gallic_Acid')"
D006713,D002318,Association,@CHEMICAL_Homogentisic_Acid,@DISEASE_Cardiovascular_Diseases,{'32466960'},['0.8159'],"('@CHEMICAL_Homogentisic_Acid', 'Association', '@DISEASE_Cardiovascular_Diseases')"
D008274,#51991539#p.D250E,Association,@CHEMICAL_Magnesium,@VARIANT_p.D250E_GPJ55_RS05515_Bacillus_subtilis,{'17522047'},['0.9759'],"('@CHEMICAL_Magnesium', 'Association', '@VARIANT_p.D250E_GPJ55_RS05515_Bacillus_subtilis')"
D015792,4790,Association,@DISEASE_Retinal_Dysplasia,@GENE_NFKB1,{'26990751'},['0.9991'],"('@DISEASE_Retinal_Dysplasia', 'Association', '@GENE_NFKB1')"
D008228,5970,Positive_Correlation,@DISEASE_Lymphoma_Non_Hodgkin,@GENE_RELA,{'26990751'},['0.7463'],"('@DISEASE_Lymphoma_Non_Hodgkin', 'Positive_Correlation', '@GENE_RELA')"
D000230,4790,Association,@DISEASE_Adenocarcinoma,@GENE_NFKB1,{'26990751'},['0.9958'],"('@DISEASE_Adenocarcinoma', 'Association', '@GENE_NFKB1')"
D008228,4790,Association,@DISEASE_Lymphoma_Non_Hodgkin,@GENE_NFKB1,{'26990751'},['0.9978'],"('@DISEASE_Lymphoma_Non_Hodgkin', 'Association', '@GENE_NFKB1')"
D001471,4790,Association,@DISEASE_Barrett_Esophagus,@GENE_NFKB1,{'26990751'},['0.9996'],"('@DISEASE_Barrett_Esophagus', 'Association', '@GENE_NFKB1')"
D000230,5970,Association,@DISEASE_Adenocarcinoma,@GENE_RELA,{'26990751'},['0.9984'],"('@DISEASE_Adenocarcinoma', 'Association', '@GENE_RELA')"
D003474,D015430,Negative_Correlation,@CHEMICAL_Curcumin,@DISEASE_Weight_Gain,{'36592923'},['0.9761'],"('@CHEMICAL_Curcumin', 'Negative_Correlation', '@DISEASE_Weight_Gain')"
D003474,70673,Positive_Correlation,@CHEMICAL_Curcumin,@GENE_PRDM16,{'36592923'},['0.9948'],"('@CHEMICAL_Curcumin', 'Positive_Correlation', '@GENE_PRDM16')"
D003474,D009765,Negative_Correlation,@CHEMICAL_Curcumin,@DISEASE_Obesity,{'36592923'},['0.9987'],"('@CHEMICAL_Curcumin', 'Negative_Correlation', '@DISEASE_Obesity')"
D003474,D006944,Negative_Correlation,@CHEMICAL_Curcumin,@DISEASE_Hyperglycemic_Hyperosmolar_Nonketotic_Coma,{'36592923'},['0.9981'],"('@CHEMICAL_Curcumin', 'Negative_Correlation', '@DISEASE_Hyperglycemic_Hyperosmolar_Nonketotic_Coma')"
D003474,22227,Positive_Correlation,@CHEMICAL_Curcumin,@GENE_UCP1,{'36592923'},['0.9925'],"('@CHEMICAL_Curcumin', 'Positive_Correlation', '@GENE_UCP1')"
D001786,D005910,Positive_Correlation,@CHEMICAL_Blood_Glucose,@DISEASE_Glioma,{'40210146'},['0.9984'],"('@CHEMICAL_Blood_Glucose', 'Positive_Correlation', '@DISEASE_Glioma')"
D005947,D005910,Positive_Correlation,@CHEMICAL_Glucose,@DISEASE_Glioma,{'40210146'},['0.9319'],"('@CHEMICAL_Glucose', 'Positive_Correlation', '@DISEASE_Glioma')"
D063646,6513,Association,@DISEASE_Carcinogenesis,@GENE_CSE,{'9149888'},['0.9988'],"('@DISEASE_Carcinogenesis', 'Association', '@GENE_CSE')"
D009369,6513,Association,@DISEASE_Neoplasms,@GENE_CSE,{'9149888'},['0.9871'],"('@DISEASE_Neoplasms', 'Association', '@GENE_CSE')"
D000230,6513,Association,@DISEASE_Adenocarcinoma,@GENE_CSE,{'9149888'},['0.9844'],"('@DISEASE_Adenocarcinoma', 'Association', '@GENE_CSE')"
D000077277,3791,Association,@DISEASE_Esophageal_Squamous_Cell_Carcinoma,@GENE_KDR,{'19273317'},['0.9872'],"('@DISEASE_Esophageal_Squamous_Cell_Carcinoma', 'Association', '@GENE_KDR')"
D008228,5175,Association,@DISEASE_Lymphoma_Non_Hodgkin,@GENE_PECAM1,{'19273317'},['0.6752'],"('@DISEASE_Lymphoma_Non_Hodgkin', 'Association', '@GENE_PECAM1')"
D018149,29560,Association,@DISEASE_Glucose_Intolerance,@GENE_HIF1A,{'21856910'},['0.9847'],"('@DISEASE_Glucose_Intolerance', 'Association', '@GENE_HIF1A')"
D000860,3091,Association,@DISEASE_Hypoxia,@GENE_HIF1A,{'21856910'},['0.782'],"('@DISEASE_Hypoxia', 'Association', '@GENE_HIF1A')"
D013196,D000860,Negative_Correlation,@CHEMICAL_Dihydrotestosterone,@DISEASE_Hypoxia,{'21856910'},['0.9313'],"('@CHEMICAL_Dihydrotestosterone', 'Negative_Correlation', '@DISEASE_Hypoxia')"
D000860,5743,Positive_Correlation,@DISEASE_Hypoxia,@GENE_PTGS2,{'21856910'},['0.9957'],"('@DISEASE_Hypoxia', 'Positive_Correlation', '@GENE_PTGS2')"
D013196,D018149,Association,@CHEMICAL_Dihydrotestosterone,@DISEASE_Glucose_Intolerance,{'21856910'},['0.9323'],"('@CHEMICAL_Dihydrotestosterone', 'Association', '@DISEASE_Glucose_Intolerance')"
D013196,5743,Negative_Correlation,@CHEMICAL_Dihydrotestosterone,@GENE_PTGS2,{'21856910'},['0.999'],"('@CHEMICAL_Dihydrotestosterone', 'Negative_Correlation', '@GENE_PTGS2')"
3091,5743,Association,@GENE_HIF1A,@GENE_PTGS2,{'21856910'},['0.7045'],"('@GENE_HIF1A', 'Association', '@GENE_PTGS2')"
D013196,3091,Negative_Correlation,@CHEMICAL_Dihydrotestosterone,@GENE_HIF1A,{'21856910'},['0.9779'],"('@CHEMICAL_Dihydrotestosterone', 'Negative_Correlation', '@GENE_HIF1A')"
D018149,5743,Association,@DISEASE_Glucose_Intolerance,@GENE_PTGS2,{'21856910'},['0.6229'],"('@DISEASE_Glucose_Intolerance', 'Association', '@GENE_PTGS2')"
D011765,D015179,Association,@CHEMICAL_Pyruvaldehyde,@DISEASE_Colorectal_Neoplasms,{'34947850'},['0.9984'],"('@CHEMICAL_Pyruvaldehyde', 'Association', '@DISEASE_Colorectal_Neoplasms')"
D011765,D009369,Association,@CHEMICAL_Pyruvaldehyde,@DISEASE_Neoplasms,{'34947850'},['0.999'],"('@CHEMICAL_Pyruvaldehyde', 'Association', '@DISEASE_Neoplasms')"
D011765,D009362,Positive_Correlation,@CHEMICAL_Pyruvaldehyde,@DISEASE_Neoplasm_Metastasis,{'34947850'},['0.9854'],"('@CHEMICAL_Pyruvaldehyde', 'Positive_Correlation', '@DISEASE_Neoplasm_Metastasis')"
D011765,D008228,Positive_Correlation,@CHEMICAL_Pyruvaldehyde,@DISEASE_Lymphoma_Non_Hodgkin,{'34947850'},['0.9981'],"('@CHEMICAL_Pyruvaldehyde', 'Positive_Correlation', '@DISEASE_Lymphoma_Non_Hodgkin')"
D063646,2064,Association,@DISEASE_Carcinogenesis,@GENE_ERBB2,{'11894407'},['0.8919'],"('@DISEASE_Carcinogenesis', 'Association', '@GENE_ERBB2')"
C045651,D009794,Positive_Correlation,@CHEMICAL_epigallocatechin_gallate,@DISEASE_Ochronosis,{'37010051'},['0.9984'],"('@CHEMICAL_epigallocatechin_gallate', 'Positive_Correlation', '@DISEASE_Ochronosis')"
C025136,D010406,Association,@CHEMICAL_phenylacetic_acid,@CHEMICAL_Penicillins,{'10329644'},['0.9545'],"('@CHEMICAL_phenylacetic_acid', 'Association', '@CHEMICAL_Penicillins')"
D024505,816464,Association,@CHEMICAL_Tocopherols,@GENE_TAG1,{'30735036'},['0.9996'],"('@CHEMICAL_Tocopherols', 'Association', '@GENE_TAG1')"
D024505,824599,Association,@CHEMICAL_Tocopherols,@GENE_WRI1,{'30735036'},['0.9996'],"('@CHEMICAL_Tocopherols', 'Association', '@GENE_WRI1')"
C077073,D003320,Positive_Correlation,@CHEMICAL_nitisinone,@DISEASE_Corneal_Ulcer,{'28879639'},['0.9976'],"('@CHEMICAL_nitisinone', 'Positive_Correlation', '@DISEASE_Corneal_Ulcer')"
C077073,D003231,Positive_Correlation,@CHEMICAL_nitisinone,@DISEASE_Conjunctivitis,{'28879639'},['0.9888'],"('@CHEMICAL_nitisinone', 'Positive_Correlation', '@DISEASE_Conjunctivitis')"
C077073,D007645,Positive_Correlation,@CHEMICAL_nitisinone,@DISEASE_Keratoderma_Palmoplantar,{'28879639'},['0.6278'],"('@CHEMICAL_nitisinone', 'Positive_Correlation', '@DISEASE_Keratoderma_Palmoplantar')"
C002421,D024502,Association,@CHEMICAL_tocopherylquinone,@CHEMICAL_alpha_Tocopherol,{'11243724'},['0.757'],"('@CHEMICAL_tocopherylquinone', 'Association', '@CHEMICAL_alpha_Tocopherol')"
C002421,3242,Association,@CHEMICAL_tocopherylquinone,@GENE_HPD,{'11243724'},['0.9853'],"('@CHEMICAL_tocopherylquinone', 'Association', '@GENE_HPD')"
C010590,C017648,Association,@CHEMICAL_4_hydroxyphenylpyruvic_acid,@CHEMICAL_3_phenyllactic_acid,{'11243724'},['0.8206'],"('@CHEMICAL_4_hydroxyphenylpyruvic_acid', 'Association', '@CHEMICAL_3_phenyllactic_acid')"
C010590,C031606,Association,@CHEMICAL_4_hydroxyphenylpyruvic_acid,@CHEMICAL_phenylpyruvic_acid,{'11243724'},['0.8909'],"('@CHEMICAL_4_hydroxyphenylpyruvic_acid', 'Association', '@CHEMICAL_phenylpyruvic_acid')"
C002421,C010590,Association,@CHEMICAL_tocopherylquinone,@CHEMICAL_4_hydroxyphenylpyruvic_acid,{'11243724'},['0.5093'],"('@CHEMICAL_tocopherylquinone', 'Association', '@CHEMICAL_4_hydroxyphenylpyruvic_acid')"
C002421,D010649,Positive_Correlation,@CHEMICAL_tocopherylquinone,@CHEMICAL_Phenylalanine,{'11243724'},['0.9705'],"('@CHEMICAL_tocopherylquinone', 'Positive_Correlation', '@CHEMICAL_Phenylalanine')"
C002421,C017648,Negative_Correlation,@CHEMICAL_tocopherylquinone,@CHEMICAL_3_phenyllactic_acid,{'11243724'},['0.9984'],"('@CHEMICAL_tocopherylquinone', 'Negative_Correlation', '@CHEMICAL_3_phenyllactic_acid')"
C031606,D007805,Positive_Correlation,@CHEMICAL_phenylpyruvic_acid,@DISEASE_Language_Development_Disorders,{'11243724'},['0.9986'],"('@CHEMICAL_phenylpyruvic_acid', 'Positive_Correlation', '@DISEASE_Language_Development_Disorders')"
C002421,C031606,Negative_Correlation,@CHEMICAL_tocopherylquinone,@CHEMICAL_phenylpyruvic_acid,{'11243724'},['0.996'],"('@CHEMICAL_tocopherylquinone', 'Negative_Correlation', '@CHEMICAL_phenylpyruvic_acid')"
C002421,D002331,Association,@CHEMICAL_tocopherylquinone,@CHEMICAL_Carnitine,{'11243724'},['0.9992'],"('@CHEMICAL_tocopherylquinone', 'Association', '@CHEMICAL_Carnitine')"
C017648,D007805,Positive_Correlation,@CHEMICAL_3_phenyllactic_acid,@DISEASE_Language_Development_Disorders,{'11243724'},['0.9989'],"('@CHEMICAL_3_phenyllactic_acid', 'Positive_Correlation', '@DISEASE_Language_Development_Disorders')"
D006713,C535531,Positive_Correlation,@CHEMICAL_Homogentisic_Acid,@DISEASE_Intervertebral_disc_disease,{'35127215'},['0.9985'],"('@CHEMICAL_Homogentisic_Acid', 'Positive_Correlation', '@DISEASE_Intervertebral_disc_disease')"
D006713,D055009,Positive_Correlation,@CHEMICAL_Homogentisic_Acid,@DISEASE_Spondylosis,{'35127215'},['0.9989'],"('@CHEMICAL_Homogentisic_Acid', 'Positive_Correlation', '@DISEASE_Spondylosis')"
D007818,7157,Association,@DISEASE_Laryngeal_Diseases,@GENE_TP53,{'37544878'},['0.7559'],"('@DISEASE_Laryngeal_Diseases', 'Association', '@GENE_TP53')"
D017573,7157,Association,@DISEASE_Focal_Epithelial_Hyperplasia,@GENE_TP53,{'37544878'},['0.8493'],"('@DISEASE_Focal_Epithelial_Hyperplasia', 'Association', '@GENE_TP53')"
C580335,7157,Association,@DISEASE_Nonsyndromic_Holoprosencephaly,@GENE_TP53,{'37544878'},['0.9993'],"('@DISEASE_Nonsyndromic_Holoprosencephaly', 'Association', '@GENE_TP53')"
D009375,7157,Association,@DISEASE_Neoplasms_Glandular_and_Epithelial,@GENE_TP53,{'37544878'},['0.9993'],"('@DISEASE_Neoplasms_Glandular_and_Epithelial', 'Association', '@GENE_TP53')"
D006713,7295,Negative_Correlation,@CHEMICAL_Homogentisic_Acid,@GENE_TXN,{'32502471'},['0.7909'],"('@CHEMICAL_Homogentisic_Acid', 'Negative_Correlation', '@GENE_TXN')"
D006713,D028361,Positive_Correlation,@CHEMICAL_Homogentisic_Acid,@DISEASE_Mitochondrial_Diseases,{'32502471'},['0.8252'],"('@CHEMICAL_Homogentisic_Acid', 'Positive_Correlation', '@DISEASE_Mitochondrial_Diseases')"
D016912,123096,Positive_Correlation,@CHEMICAL_Levonorgestrel,@GENE_SLC25A29,{'22052941'},['0.8634'],"('@CHEMICAL_Levonorgestrel', 'Positive_Correlation', '@GENE_SLC25A29')"
D016912,4513,Association,@CHEMICAL_Levonorgestrel,@GENE_COX2,{'22052941'},['0.9914'],"('@CHEMICAL_Levonorgestrel', 'Association', '@GENE_COX2')"
D016912,7052,Positive_Correlation,@CHEMICAL_Levonorgestrel,@GENE_TGM2,{'22052941'},['0.9992'],"('@CHEMICAL_Levonorgestrel', 'Positive_Correlation', '@GENE_TGM2')"
D016912,3716,Association,@CHEMICAL_Levonorgestrel,@GENE_JAK1,{'22052941'},['0.566'],"('@CHEMICAL_Levonorgestrel', 'Association', '@GENE_JAK1')"
D016912,1191,Positive_Correlation,@CHEMICAL_Levonorgestrel,@GENE_CLU,{'22052941'},['0.9991'],"('@CHEMICAL_Levonorgestrel', 'Positive_Correlation', '@GENE_CLU')"
D016912,10205,Positive_Correlation,@CHEMICAL_Levonorgestrel,@GENE_MPZL2,{'22052941'},['0.9546'],"('@CHEMICAL_Levonorgestrel', 'Positive_Correlation', '@GENE_MPZL2')"
D016912,1396,Negative_Correlation,@CHEMICAL_Levonorgestrel,@GENE_CRIP1,{'22052941'},['0.8624'],"('@CHEMICAL_Levonorgestrel', 'Negative_Correlation', '@GENE_CRIP1')"
D015735,2950,Association,@CHEMICAL_Mifepristone,@GENE_GSTP1,{'22052941'},['0.998'],"('@CHEMICAL_Mifepristone', 'Association', '@GENE_GSTP1')"
D016912,3081,Positive_Correlation,@CHEMICAL_Levonorgestrel,@GENE_HGD,{'22052941'},['0.9694'],"('@CHEMICAL_Levonorgestrel', 'Positive_Correlation', '@GENE_HGD')"
D016912,2950,Association,@CHEMICAL_Levonorgestrel,@GENE_GSTP1,{'22052941'},['0.776'],"('@CHEMICAL_Levonorgestrel', 'Association', '@GENE_GSTP1')"
D016912,23516,Negative_Correlation,@CHEMICAL_Levonorgestrel,@GENE_SLC39A14,{'22052941'},['0.9914'],"('@CHEMICAL_Levonorgestrel', 'Negative_Correlation', '@GENE_SLC39A14')"
D016912,5272,Positive_Correlation,@CHEMICAL_Levonorgestrel,@GENE_SERPINB9,{'22052941'},['0.9741'],"('@CHEMICAL_Levonorgestrel', 'Positive_Correlation', '@GENE_SERPINB9')"
D016912,1514,Association,@CHEMICAL_Levonorgestrel,@GENE_CTSL,{'22052941'},['0.8625'],"('@CHEMICAL_Levonorgestrel', 'Association', '@GENE_CTSL')"
D016912,6303,Positive_Correlation,@CHEMICAL_Levonorgestrel,@GENE_SAT1,{'22052941'},['0.9887'],"('@CHEMICAL_Levonorgestrel', 'Positive_Correlation', '@GENE_SAT1')"
D016912,5599,Association,@CHEMICAL_Levonorgestrel,@GENE_MAPK8,{'22052941'},['0.9667'],"('@CHEMICAL_Levonorgestrel', 'Association', '@GENE_MAPK8')"
D016912,1528,Positive_Correlation,@CHEMICAL_Levonorgestrel,@GENE_CYB5A,{'22052941'},['0.4626'],"('@CHEMICAL_Levonorgestrel', 'Positive_Correlation', '@GENE_CYB5A')"
D016912,3572,Positive_Correlation,@CHEMICAL_Levonorgestrel,@GENE_IL6ST,{'22052941'},['0.999'],"('@CHEMICAL_Levonorgestrel', 'Positive_Correlation', '@GENE_IL6ST')"
D016912,3481,Positive_Correlation,@CHEMICAL_Levonorgestrel,@GENE_IGF2,{'22052941'},['0.9992'],"('@CHEMICAL_Levonorgestrel', 'Positive_Correlation', '@GENE_IGF2')"
D016912,301,Negative_Correlation,@CHEMICAL_Levonorgestrel,@GENE_ANXA1,{'22052941'},['0.8849'],"('@CHEMICAL_Levonorgestrel', 'Negative_Correlation', '@GENE_ANXA1')"
D016912,5047,Positive_Correlation,@CHEMICAL_Levonorgestrel,@GENE_PAEP,{'22052941'},['0.9991'],"('@CHEMICAL_Levonorgestrel', 'Positive_Correlation', '@GENE_PAEP')"
D009477,15233,Association,@DISEASE_Hereditary_Sensory_and_Autonomic_Neuropathies,@GENE_HGD,{'22542924'},['0.9993'],"('@DISEASE_Hereditary_Sensory_and_Autonomic_Neuropathies', 'Association', '@GENE_HGD')"
C043060,D047188,Association,@CHEMICAL_3_3_dimethylallyl_pyrophosphate,@CHEMICAL_Chalcones,{'25361766'},['0.9243'],"('@CHEMICAL_3_3_dimethylallyl_pyrophosphate', 'Association', '@CHEMICAL_Chalcones')"
C043060,D007529,Association,@CHEMICAL_3_3_dimethylallyl_pyrophosphate,@CHEMICAL_Isoflavones,{'25361766'},['0.9403'],"('@CHEMICAL_3_3_dimethylallyl_pyrophosphate', 'Association', '@CHEMICAL_Isoflavones')"
C043060,D047309,Association,@CHEMICAL_3_3_dimethylallyl_pyrophosphate,@CHEMICAL_Flavones,{'25361766'},['0.9723'],"('@CHEMICAL_3_3_dimethylallyl_pyrophosphate', 'Association', '@CHEMICAL_Flavones')"
C043060,D005419,Association,@CHEMICAL_3_3_dimethylallyl_pyrophosphate,@CHEMICAL_Flavonoids,{'25361766'},['0.5639'],"('@CHEMICAL_3_3_dimethylallyl_pyrophosphate', 'Association', '@CHEMICAL_Flavonoids')"
D011763,D007249,Negative_Correlation,@CHEMICAL_Pyrrolizidine_Alkaloids,@DISEASE_Inflammation,{'26257293'},['0.975'],"('@CHEMICAL_Pyrrolizidine_Alkaloids', 'Negative_Correlation', '@DISEASE_Inflammation')"
D008070,D009569,Positive_Correlation,@CHEMICAL_Lipopolysaccharides,@CHEMICAL_Nitric_Oxide,{'26257293'},['0.6985'],"('@CHEMICAL_Lipopolysaccharides', 'Positive_Correlation', '@CHEMICAL_Nitric_Oxide')"
C009237,D007249,Negative_Correlation,@CHEMICAL_senecionine,@DISEASE_Inflammation,{'26257293'},['0.9024'],"('@CHEMICAL_senecionine', 'Negative_Correlation', '@DISEASE_Inflammation')"
C023793,100682260,Association,@CHEMICAL_pyomelanin,@GENE_HPPD,{'36006536'},['0.9962'],"('@CHEMICAL_pyomelanin', 'Association', '@GENE_HPPD')"
D002264,D008543,Association,@CHEMICAL_Carboxylic_Acids,@CHEMICAL_Melanins,{'36006536'},['0.9977'],"('@CHEMICAL_Carboxylic_Acids', 'Association', '@CHEMICAL_Melanins')"
D002264,D008670,Association,@CHEMICAL_Carboxylic_Acids,@CHEMICAL_Metals,{'36006536'},['0.9895'],"('@CHEMICAL_Carboxylic_Acids', 'Association', '@CHEMICAL_Metals')"
D000588,D008543,Association,@CHEMICAL_Amines,@CHEMICAL_Melanins,{'36006536'},['0.9985'],"('@CHEMICAL_Amines', 'Association', '@CHEMICAL_Melanins')"
D000588,D008670,Association,@CHEMICAL_Amines,@CHEMICAL_Metals,{'36006536'},['0.9913'],"('@CHEMICAL_Amines', 'Association', '@CHEMICAL_Metals')"
D007501,D008543,Association,@CHEMICAL_Iron,@CHEMICAL_Melanins,{'36006536'},['0.8115'],"('@CHEMICAL_Iron', 'Association', '@CHEMICAL_Melanins')"
D008345,D008543,Association,@CHEMICAL_Manganese,@CHEMICAL_Melanins,{'36006536'},['0.4778'],"('@CHEMICAL_Manganese', 'Association', '@CHEMICAL_Melanins')"
D008543,D008670,Association,@CHEMICAL_Melanins,@CHEMICAL_Metals,{'36006536'},['0.9009'],"('@CHEMICAL_Melanins', 'Association', '@CHEMICAL_Metals')"
D010100,D058116,Association,@CHEMICAL_Oxygen,@CHEMICAL_Lewis_Acids,{'12939152'},['0.9951'],"('@CHEMICAL_Oxygen', 'Association', '@CHEMICAL_Lewis_Acids')"
D014443,D016111,Association,@CHEMICAL_Tyrosine,@DISEASE_Sjogren_Larsson_Syndrome,{'857531'},['0.9948'],"('@CHEMICAL_Tyrosine', 'Association', '@DISEASE_Sjogren_Larsson_Syndrome')"
D008628,D014867,Association,@CHEMICAL_Mercury,@CHEMICAL_Water,{'20063737'},['0.9397'],"('@CHEMICAL_Mercury', 'Association', '@CHEMICAL_Water')"
D014443,D013959,Association,@CHEMICAL_Tyrosine,@DISEASE_Thyroid_Diseases,{'1136303'},['0.9821'],"('@CHEMICAL_Tyrosine', 'Association', '@DISEASE_Thyroid_Diseases')"
C077073,C531762,Negative_Correlation,@CHEMICAL_nitisinone,@DISEASE_Alkaptonuric_ochronosis,"{'30055994', '15931360'}","['0.5279', '0.9918']","('@CHEMICAL_nitisinone', 'Negative_Correlation', '@DISEASE_Alkaptonuric_ochronosis')"
D006713,D008055,Positive_Correlation,@CHEMICAL_Homogentisic_Acid,@CHEMICAL_Lipids,{'27660165'},['0.9543'],"('@CHEMICAL_Homogentisic_Acid', 'Positive_Correlation', '@CHEMICAL_Lipids')"
D001205,D053040,Negative_Correlation,@CHEMICAL_Ascorbic_Acid,@DISEASE_Nephrolithiasis,{'20055850'},['0.8959'],"('@CHEMICAL_Ascorbic_Acid', 'Negative_Correlation', '@DISEASE_Nephrolithiasis')"
D001205,D018289,Negative_Correlation,@CHEMICAL_Ascorbic_Acid,@DISEASE_Carcinoma_Verrucous,{'20055850'},['0.9686'],"('@CHEMICAL_Ascorbic_Acid', 'Negative_Correlation', '@DISEASE_Carcinoma_Verrucous')"
C005586,C018972,Association,@CHEMICAL_pyrazon,@CHEMICAL_4_hydroxy_2_oxovalerate,{'7346381'},['0.9989'],"('@CHEMICAL_pyrazon', 'Association', '@CHEMICAL_4_hydroxy_2_oxovalerate')"
C018972,D010649,Association,@CHEMICAL_4_hydroxy_2_oxovalerate,@CHEMICAL_Phenylalanine,{'7346381'},['0.9884'],"('@CHEMICAL_4_hydroxy_2_oxovalerate', 'Association', '@CHEMICAL_Phenylalanine')"
C005586,D010649,Association,@CHEMICAL_pyrazon,@CHEMICAL_Phenylalanine,{'7346381'},['0.9704'],"('@CHEMICAL_pyrazon', 'Association', '@CHEMICAL_Phenylalanine')"
C067077,D010649,Positive_Correlation,@CHEMICAL_2_3_dihydroxybenzaldehyde,@CHEMICAL_Phenylalanine,{'7346381'},['0.9582'],"('@CHEMICAL_2_3_dihydroxybenzaldehyde', 'Positive_Correlation', '@CHEMICAL_Phenylalanine')"
C075773,D005977,Positive_Correlation,@CHEMICAL_4_phenylbutyric_acid,@CHEMICAL_Glutarates,{'7346381'},['0.9969'],"('@CHEMICAL_4_phenylbutyric_acid', 'Positive_Correlation', '@CHEMICAL_Glutarates')"
D004660,13850,Association,@DISEASE_Encephalitis,@GENE_EPHX2,{'34836168'},['0.9978'],"('@DISEASE_Encephalitis', 'Association', '@GENE_EPHX2')"
C524106,D007249,Negative_Correlation,@CHEMICAL_4_(4_(3_adamantan_1_ylureido)cyclohexyloxy)benzoic_acid,@DISEASE_Inflammation,{'34836168'},['0.9956'],"('@CHEMICAL_4_(4_(3_adamantan_1_ylureido)cyclohexyloxy)benzoic_acid', 'Negative_Correlation', '@DISEASE_Inflammation')"
C524106,D000544,Negative_Correlation,@CHEMICAL_4_(4_(3_adamantan_1_ylureido)cyclohexyloxy)benzoic_acid,@DISEASE_Alzheimer_Disease,{'34836168'},['0.9973'],"('@CHEMICAL_4_(4_(3_adamantan_1_ylureido)cyclohexyloxy)benzoic_acid', 'Negative_Correlation', '@DISEASE_Alzheimer_Disease')"
D001786,13850,Association,@CHEMICAL_Blood_Glucose,@GENE_EPHX2,{'34836168'},['0.999'],"('@CHEMICAL_Blood_Glucose', 'Association', '@GENE_EPHX2')"
D000544,13850,Association,@DISEASE_Alzheimer_Disease,@GENE_EPHX2,{'34836168'},['0.9348'],"('@DISEASE_Alzheimer_Disease', 'Association', '@GENE_EPHX2')"
C524106,D019636,Association,@CHEMICAL_4_(4_(3_adamantan_1_ylureido)cyclohexyloxy)benzoic_acid,@DISEASE_Neurodegenerative_Diseases,{'34836168'},['0.9232'],"('@CHEMICAL_4_(4_(3_adamantan_1_ylureido)cyclohexyloxy)benzoic_acid', 'Association', '@DISEASE_Neurodegenerative_Diseases')"
D001786,D007249,Association,@CHEMICAL_Blood_Glucose,@DISEASE_Inflammation,{'34836168'},['0.9148'],"('@CHEMICAL_Blood_Glucose', 'Association', '@DISEASE_Inflammation')"
D003072,13850,Association,@DISEASE_Cognition_Disorders,@GENE_EPHX2,{'34836168'},['0.9993'],"('@DISEASE_Cognition_Disorders', 'Association', '@GENE_EPHX2')"
D007249,13850,Association,@DISEASE_Inflammation,@GENE_EPHX2,{'34836168'},['0.9994'],"('@DISEASE_Inflammation', 'Association', '@GENE_EPHX2')"
C098609,D006859,Association,@CHEMICAL_ammonium_dinitramide,@CHEMICAL_Hydrogen,{'39240367'},['0.9495'],"('@CHEMICAL_ammonium_dinitramide', 'Association', '@CHEMICAL_Hydrogen')"
C098609,D000432,Association,@CHEMICAL_ammonium_dinitramide,@CHEMICAL_Methanol,{'39240367'},['0.6898'],"('@CHEMICAL_ammonium_dinitramide', 'Association', '@CHEMICAL_Methanol')"
D002386,rs777547119##,Association,@DISEASE_Cataract,@VARIANT_p.R14C_HGD_human,{'19382745'},['0.9959'],"('@DISEASE_Cataract', 'Association', '@VARIANT_p.R14C_HGD_human')"
D004220,rs777547119##,Association,@CHEMICAL_Disulfides,@VARIANT_p.R14C_HGD_human,{'19382745'},"['0.9738', '0.7815']","('@CHEMICAL_Disulfides', 'Association', '@VARIANT_p.R14C_HGD_human')"
D004220,D002386,Association,@CHEMICAL_Disulfides,@DISEASE_Cataract,{'19382745'},['0.9979'],"('@CHEMICAL_Disulfides', 'Association', '@DISEASE_Cataract')"
D009362,64093,Association,@DISEASE_Neoplasm_Metastasis,@GENE_SMOC1,{'38429655'},['0.7493'],"('@DISEASE_Neoplasm_Metastasis', 'Association', '@GENE_SMOC1')"
D015792,64093,Negative_Correlation,@DISEASE_Retinal_Dysplasia,@GENE_SMOC1,{'38429655'},['0.7702'],"('@DISEASE_Retinal_Dysplasia', 'Negative_Correlation', '@GENE_SMOC1')"
D009059,64093,Association,@DISEASE_Mouth_Diseases,@GENE_SMOC1,{'38429655'},['0.9989'],"('@DISEASE_Mouth_Diseases', 'Association', '@GENE_SMOC1')"
D000236,64093,Negative_Correlation,@DISEASE_Adenoma,@GENE_SMOC1,{'38429655'},['0.9977'],"('@DISEASE_Adenoma', 'Negative_Correlation', '@GENE_SMOC1')"
D009369,64093,Negative_Correlation,@DISEASE_Neoplasms,@GENE_SMOC1,{'38429655'},['0.984'],"('@DISEASE_Neoplasms', 'Negative_Correlation', '@GENE_SMOC1')"
D015179,64093,Association,@DISEASE_Colorectal_Neoplasms,@GENE_SMOC1,{'38429655'},['0.9985'],"('@DISEASE_Colorectal_Neoplasms', 'Association', '@GENE_SMOC1')"
D000474,rs765219004##,Positive_Correlation,@DISEASE_Alkaptonuria,@VARIANT_c.1081G>A_HGD_human,{'37354891'},"['0.995', '0.9967']","('@DISEASE_Alkaptonuria', 'Positive_Correlation', '@VARIANT_c.1081G>A_HGD_human')"
D000474,rs765219004##,Positive_Correlation,@DISEASE_Alkaptonuria,@VARIANT_p.G361R_HGD_human,{'37354891'},['0.9943'],"('@DISEASE_Alkaptonuria', 'Positive_Correlation', '@VARIANT_p.G361R_HGD_human')"
D000474,3106,Association,@DISEASE_Alkaptonuria,@GENE_HLA_B,{'7641516'},['0.9992'],"('@DISEASE_Alkaptonuria', 'Association', '@GENE_HLA_B')"
D013167,3106,Association,@DISEASE_Spondylitis_Ankylosing,@GENE_HLA_B,{'7641516'},['0.999'],"('@DISEASE_Spondylitis_Ankylosing', 'Association', '@GENE_HLA_B')"
D055009,3106,Association,@DISEASE_Spondylosis,@GENE_HLA_B,{'7641516'},['0.9986'],"('@DISEASE_Spondylosis', 'Association', '@GENE_HLA_B')"
D005632,D011017,Positive_Correlation,@CHEMICAL_Fructose,@DISEASE_Pneumonia_Lipid,{'29241575'},['0.9993'],"('@CHEMICAL_Fructose', 'Positive_Correlation', '@DISEASE_Pneumonia_Lipid')"
D013395,D014280,Positive_Correlation,@CHEMICAL_Sucrose,@CHEMICAL_Triglycerides,{'29241575'},['0.999'],"('@CHEMICAL_Sucrose', 'Positive_Correlation', '@CHEMICAL_Triglycerides')"
D007294,D014280,Negative_Correlation,@CHEMICAL_Inositol,@CHEMICAL_Triglycerides,{'29241575'},['0.999'],"('@CHEMICAL_Inositol', 'Negative_Correlation', '@CHEMICAL_Triglycerides')"
D007294,D013395,Negative_Correlation,@CHEMICAL_Inositol,@CHEMICAL_Sucrose,{'29241575'},['0.995'],"('@CHEMICAL_Inositol', 'Negative_Correlation', '@CHEMICAL_Sucrose')"
D005632,D005234,Positive_Correlation,@CHEMICAL_Fructose,@DISEASE_Fatty_Liver,"{'29899272', '29241575'}","['0.9992', '0.999']","('@CHEMICAL_Fructose', 'Positive_Correlation', '@DISEASE_Fatty_Liver')"
D000082,D010146,Negative_Correlation,@CHEMICAL_Acetaminophen,@DISEASE_Pain,{'30093780'},['0.9693'],"('@CHEMICAL_Acetaminophen', 'Negative_Correlation', '@DISEASE_Pain')"
D000082,C562735,Negative_Correlation,@CHEMICAL_Acetaminophen,@DISEASE_Osseous_Heteroplasia_Progressive,{'30093780'},['0.9977'],"('@CHEMICAL_Acetaminophen', 'Negative_Correlation', '@DISEASE_Osseous_Heteroplasia_Progressive')"
D000082,D000844,Negative_Correlation,@CHEMICAL_Acetaminophen,@DISEASE_Ankylosis,{'30093780'},['0.9985'],"('@CHEMICAL_Acetaminophen', 'Negative_Correlation', '@DISEASE_Ankylosis')"
D000082,D000474,Negative_Correlation,@CHEMICAL_Acetaminophen,@DISEASE_Alkaptonuria,{'30093780'},['0.9325'],"('@CHEMICAL_Acetaminophen', 'Negative_Correlation', '@DISEASE_Alkaptonuria')"
D000082,D018270,Negative_Correlation,@CHEMICAL_Acetaminophen,@DISEASE_Carcinoma_Ductal_Breast,{'30093780'},['0.8754'],"('@CHEMICAL_Acetaminophen', 'Negative_Correlation', '@DISEASE_Carcinoma_Ductal_Breast')"
D009853,D000230,Negative_Correlation,@CHEMICAL_Omeprazole,@DISEASE_Adenocarcinoma,{'16185958'},['0.9967'],"('@CHEMICAL_Omeprazole', 'Negative_Correlation', '@DISEASE_Adenocarcinoma')"
C079906,C537262,Association,@CHEMICAL_sulcotrione,@DISEASE_Hereditary_pancreatitis,{'34411781'},['0.887'],"('@CHEMICAL_sulcotrione', 'Association', '@DISEASE_Hereditary_pancreatitis')"
D024502,C537262,Positive_Correlation,@CHEMICAL_alpha_Tocopherol,@DISEASE_Hereditary_pancreatitis,{'34411781'},['0.9992'],"('@CHEMICAL_alpha_Tocopherol', 'Positive_Correlation', '@DISEASE_Hereditary_pancreatitis')"
C010590,D024502,Association,@CHEMICAL_4_hydroxyphenylpyruvic_acid,@CHEMICAL_alpha_Tocopherol,{'34411781'},['0.9803'],"('@CHEMICAL_4_hydroxyphenylpyruvic_acid', 'Association', '@CHEMICAL_alpha_Tocopherol')"
D017382,D024505,Negative_Correlation,@CHEMICAL_Reactive_Oxygen_Species,@CHEMICAL_Tocopherols,"{'34411781', '26810451'}","['0.9987', '0.9106']","('@CHEMICAL_Reactive_Oxygen_Species', 'Negative_Correlation', '@CHEMICAL_Tocopherols')"
C079906,614187,Negative_Correlation,@CHEMICAL_sulcotrione,@DISEASE_614187,{'34411781'},['0.9991'],"('@CHEMICAL_sulcotrione', 'Negative_Correlation', '@DISEASE_614187')"
D000040,C537262,Positive_Correlation,@CHEMICAL_Abscisic_Acid,@DISEASE_Hereditary_pancreatitis,{'34411781'},['0.999'],"('@CHEMICAL_Abscisic_Acid', 'Positive_Correlation', '@DISEASE_Hereditary_pancreatitis')"
C077073,D020176,Positive_Correlation,@CHEMICAL_nitisinone,@DISEASE_Tyrosinemias,{'39290064'},['0.9991'],"('@CHEMICAL_nitisinone', 'Positive_Correlation', '@DISEASE_Tyrosinemias')"
C077073,D012871,Positive_Correlation,@CHEMICAL_nitisinone,@DISEASE_Skin_Diseases,{'39290064'},['0.9966'],"('@CHEMICAL_nitisinone', 'Positive_Correlation', '@DISEASE_Skin_Diseases')"
D024505,820368,Association,@CHEMICAL_Tocopherols,@GENE_AT3G11950,{'16989822'},['0.9971'],"('@CHEMICAL_Tocopherols', 'Association', '@GENE_AT3G11950')"
D013274,999,Association,@DISEASE_Stomach_Neoplasms,@GENE_CDH1,{'11351259'},['0.7046'],"('@DISEASE_Stomach_Neoplasms', 'Association', '@GENE_CDH1')"
C001945,D005707,Association,@CHEMICAL_syringic_acid,@CHEMICAL_Gallic_Acid,{'1194238'},['0.8551'],"('@CHEMICAL_syringic_acid', 'Association', '@CHEMICAL_Gallic_Acid')"
rs104894658##,D009386,Positive_Correlation,@VARIANT_p.S74I_MC2R_human,@DISEASE_Neoplastic_Syndromes_Hereditary,{'9758716'},['0.4292'],"('@VARIANT_p.S74I_MC2R_human', 'Positive_Correlation', '@DISEASE_Neoplastic_Syndromes_Hereditary')"
C536008,#4158#c.818C>A,Positive_Correlation,@DISEASE_Achalasia_Addisonianism_Alacrimia_syndrome,@VARIANT_c.818C>A_MC2R_human,{'9758716'},['0.9891'],"('@DISEASE_Achalasia_Addisonianism_Alacrimia_syndrome', 'Positive_Correlation', '@VARIANT_c.818C>A_MC2R_human')"
D009386,rs104894658##,Positive_Correlation,@DISEASE_Neoplastic_Syndromes_Hereditary,@VARIANT_p.S74I_MC2R_human,{'9758716'},"['0.6347', '0.9846']","('@DISEASE_Neoplastic_Syndromes_Hereditary', 'Positive_Correlation', '@VARIANT_p.S74I_MC2R_human')"
C536008,rs104894658##,Positive_Correlation,@DISEASE_Achalasia_Addisonianism_Alacrimia_syndrome,@VARIANT_p.S74I_MC2R_human,{'9758716'},"['0.8999', '0.7679']","('@DISEASE_Achalasia_Addisonianism_Alacrimia_syndrome', 'Positive_Correlation', '@VARIANT_p.S74I_MC2R_human')"
C536008,5443,Association,@DISEASE_Achalasia_Addisonianism_Alacrimia_syndrome,@GENE_POMC,{'9758716'},['0.7916'],"('@DISEASE_Achalasia_Addisonianism_Alacrimia_syndrome', 'Association', '@GENE_POMC')"
C565974,#4158#c.818C>A,Positive_Correlation,@DISEASE_Familial_Glucocorticoid_Deficiency_1,@VARIANT_c.818C>A_MC2R_human,{'9758716'},['0.791'],"('@DISEASE_Familial_Glucocorticoid_Deficiency_1', 'Positive_Correlation', '@VARIANT_c.818C>A_MC2R_human')"
C565974,5443,Negative_Correlation,@DISEASE_Familial_Glucocorticoid_Deficiency_1,@GENE_POMC,{'9758716'},['0.9759'],"('@DISEASE_Familial_Glucocorticoid_Deficiency_1', 'Negative_Correlation', '@GENE_POMC')"
#4158#c.818C>A,C536008,Positive_Correlation,@VARIANT_c.818C>A_MC2R_human,@DISEASE_Achalasia_Addisonianism_Alacrimia_syndrome,{'9758716'},['0.992'],"('@VARIANT_c.818C>A_MC2R_human', 'Positive_Correlation', '@DISEASE_Achalasia_Addisonianism_Alacrimia_syndrome')"
#4158#c.818C>A,C565974,Positive_Correlation,@VARIANT_c.818C>A_MC2R_human,@DISEASE_Familial_Glucocorticoid_Deficiency_1,{'9758716'},['0.5505'],"('@VARIANT_c.818C>A_MC2R_human', 'Positive_Correlation', '@DISEASE_Familial_Glucocorticoid_Deficiency_1')"
D009386,#4158#c.818C>A,Positive_Correlation,@DISEASE_Neoplastic_Syndromes_Hereditary,@VARIANT_c.818C>A_MC2R_human,{'9758716'},['0.9918'],"('@DISEASE_Neoplastic_Syndromes_Hereditary', 'Positive_Correlation', '@VARIANT_c.818C>A_MC2R_human')"
D000224,5443,Association,@DISEASE_Addison_Disease,@GENE_POMC,{'9758716'},['0.7648'],"('@DISEASE_Addison_Disease', 'Association', '@GENE_POMC')"
C565974,4158,Association,@DISEASE_Familial_Glucocorticoid_Deficiency_1,@GENE_MC2R,{'9758716'},"['0.9987', '0.791']","('@DISEASE_Familial_Glucocorticoid_Deficiency_1', 'Association', '@GENE_MC2R')"
#4158#c.818C>A,D009386,Positive_Correlation,@VARIANT_c.818C>A_MC2R_human,@DISEASE_Neoplastic_Syndromes_Hereditary,{'9758716'},['0.9807'],"('@VARIANT_c.818C>A_MC2R_human', 'Positive_Correlation', '@DISEASE_Neoplastic_Syndromes_Hereditary')"
D009386,4158,Association,@DISEASE_Neoplastic_Syndromes_Hereditary,@GENE_MC2R,{'9758716'},['0.4292'],"('@DISEASE_Neoplastic_Syndromes_Hereditary', 'Association', '@GENE_MC2R')"
C536008,4158,Association,@DISEASE_Achalasia_Addisonianism_Alacrimia_syndrome,@GENE_MC2R,{'9758716'},['0.9891'],"('@DISEASE_Achalasia_Addisonianism_Alacrimia_syndrome', 'Association', '@GENE_MC2R')"
D009369,rs28934576##,Positive_Correlation,@DISEASE_Neoplasms,@VARIANT_p.R273H_TP53_human,{'33272240'},['0.8815'],"('@DISEASE_Neoplasms', 'Positive_Correlation', '@VARIANT_p.R273H_TP53_human')"
D009369,rs121913287##,Association,@DISEASE_Neoplasms,@VARIANT_p.R88Q_PIK3CA_human,{'33272240'},['0.8339'],"('@DISEASE_Neoplasms', 'Association', '@VARIANT_p.R88Q_PIK3CA_human')"
D009369,rs28934574##,Positive_Correlation,@DISEASE_Neoplasms,@VARIANT_p.R282W_TP53_human,{'33272240'},['0.8257'],"('@DISEASE_Neoplasms', 'Positive_Correlation', '@VARIANT_p.R282W_TP53_human')"
D009369,rs28934578##,Positive_Correlation,@DISEASE_Neoplasms,@VARIANT_p.R175H_TP53_human,{'33272240'},['0.8503'],"('@DISEASE_Neoplasms', 'Positive_Correlation', '@VARIANT_p.R175H_TP53_human')"
D009369,rs375874539##,Positive_Correlation,@DISEASE_Neoplasms,@VARIANT_p.C242W_TP53_human,{'33272240'},['0.598'],"('@DISEASE_Neoplasms', 'Positive_Correlation', '@VARIANT_p.C242W_TP53_human')"
D009369,rs876660821##,Positive_Correlation,@DISEASE_Neoplasms,@VARIANT_p.H179Q_TP53_human,{'33272240'},['0.5316'],"('@DISEASE_Neoplasms', 'Positive_Correlation', '@VARIANT_p.H179Q_TP53_human')"
D009369,rs121913529##,Positive_Correlation,@DISEASE_Neoplasms,@VARIANT_p.G12D_KRAS_human,{'33272240'},['0.8218'],"('@DISEASE_Neoplasms', 'Positive_Correlation', '@VARIANT_p.G12D_KRAS_human')"
D006418,1555,Bind,@CHEMICAL_Heme,@GENE_CYP2B6,{'40056075'},['0.815'],"('@CHEMICAL_Heme', 'Bind', '@GENE_CYP2B6')"
#3081#c.817C>T,D000474,Association,@VARIANT_c.817C>T_HGD_human,@DISEASE_Alkaptonuria,{'9674916'},['0.7059'],"('@VARIANT_c.817C>T_HGD_human', 'Association', '@DISEASE_Alkaptonuria')"
D000474,rs28942100##,Association,@DISEASE_Alkaptonuria,@VARIANT_p.P230S_HGD_human,{'9674916'},['0.8823'],"('@DISEASE_Alkaptonuria', 'Association', '@VARIANT_p.P230S_HGD_human')"
D000474,#3081#c.817C>T,Association,@DISEASE_Alkaptonuria,@VARIANT_c.817C>T_HGD_human,{'9674916'},['0.5121'],"('@DISEASE_Alkaptonuria', 'Association', '@VARIANT_c.817C>T_HGD_human')"
D001241,D000081483,Negative_Correlation,@CHEMICAL_Aspirin,@DISEASE_Squamous_Intraepithelial_Lesions,{'20869712'},['0.9472'],"('@CHEMICAL_Aspirin', 'Negative_Correlation', '@DISEASE_Squamous_Intraepithelial_Lesions')"
C060218,D010100,Association,@CHEMICAL_homophthalic_acid,@CHEMICAL_Oxygen,{'23835751'},['0.9785'],"('@CHEMICAL_homophthalic_acid', 'Association', '@CHEMICAL_Oxygen')"
D000068878,2064,Association,@CHEMICAL_Trastuzumab,@GENE_ERBB2,{'26186253'},['0.6978'],"('@CHEMICAL_Trastuzumab', 'Association', '@GENE_ERBB2')"
D000068878,D009369,Negative_Correlation,@CHEMICAL_Trastuzumab,@DISEASE_Neoplasms,{'26186253'},['0.991'],"('@CHEMICAL_Trastuzumab', 'Negative_Correlation', '@DISEASE_Neoplasms')"
D002734,D006713,Negative_Correlation,@CHEMICAL_Chlorophyll,@CHEMICAL_Homogentisic_Acid,{'37262424'},['0.9243'],"('@CHEMICAL_Chlorophyll', 'Negative_Correlation', '@CHEMICAL_Homogentisic_Acid')"
D009361,1401,Positive_Correlation,@DISEASE_Neoplasm_Invasiveness,@GENE_CRP,{'30540681'},['0.9985'],"('@DISEASE_Neoplasm_Invasiveness', 'Positive_Correlation', '@GENE_CRP')"
D008228,1401,Positive_Correlation,@DISEASE_Lymphoma_Non_Hodgkin,@GENE_CRP,{'30540681'},['0.9915'],"('@DISEASE_Lymphoma_Non_Hodgkin', 'Positive_Correlation', '@GENE_CRP')"
D009361,213,Association,@DISEASE_Neoplasm_Invasiveness,@GENE_ALB,{'30540681'},['0.5232'],"('@DISEASE_Neoplasm_Invasiveness', 'Association', '@GENE_ALB')"
D008228,5925,Association,@DISEASE_Lymphoma_Non_Hodgkin,@GENE_RB1,{'11299766'},['0.8863'],"('@DISEASE_Lymphoma_Non_Hodgkin', 'Association', '@GENE_RB1')"
D001471,1019,Association,@DISEASE_Barrett_Esophagus,@GENE_CDK4,{'11299766'},['0.8651'],"('@DISEASE_Barrett_Esophagus', 'Association', '@GENE_CDK4')"
D007980,D014443,Association,@CHEMICAL_Levodopa,@CHEMICAL_Tyrosine,{'2188121'},['0.736'],"('@CHEMICAL_Levodopa', 'Association', '@CHEMICAL_Tyrosine')"
D008543,C536162,Positive_Correlation,@CHEMICAL_Melanins,@DISEASE_Keratosis_palmoplantaris_striata_1,{'31006857'},['0.6759'],"('@CHEMICAL_Melanins', 'Positive_Correlation', '@DISEASE_Keratosis_palmoplantaris_striata_1')"
D008228,6913,Positive_Correlation,@DISEASE_Lymphoma_Non_Hodgkin,@GENE_TBX15,{'36707261'},['0.9644'],"('@DISEASE_Lymphoma_Non_Hodgkin', 'Positive_Correlation', '@GENE_TBX15')"
D010181,3845,Association,@DISEASE_Pancreatic_Cyst,@GENE_KRAS,{'36707261'},['0.9951'],"('@DISEASE_Pancreatic_Cyst', 'Association', '@GENE_KRAS')"
D000077779,3845,Association,@DISEASE_Pancreatic_Intraductal_Neoplasms,@GENE_KRAS,{'36707261'},['0.9917'],"('@DISEASE_Pancreatic_Intraductal_Neoplasms', 'Association', '@GENE_KRAS')"
2778,6913,Positive_Correlation,@GENE_GNAS,@GENE_TBX15,{'36707261'},['0.3682'],"('@GENE_GNAS', 'Positive_Correlation', '@GENE_TBX15')"
D003560,6913,Association,@DISEASE_Cysts,@GENE_TBX15,{'36707261'},['0.9997'],"('@DISEASE_Cysts', 'Association', '@GENE_TBX15')"
D000077779,2778,Association,@DISEASE_Pancreatic_Intraductal_Neoplasms,@GENE_GNAS,{'36707261'},['0.9943'],"('@DISEASE_Pancreatic_Intraductal_Neoplasms', 'Association', '@GENE_GNAS')"
D010181,6913,Association,@DISEASE_Pancreatic_Cyst,@GENE_TBX15,{'36707261'},['0.9827'],"('@DISEASE_Pancreatic_Cyst', 'Association', '@GENE_TBX15')"
D000077779,6913,Association,@DISEASE_Pancreatic_Intraductal_Neoplasms,@GENE_TBX15,{'36707261'},['0.9992'],"('@DISEASE_Pancreatic_Intraductal_Neoplasms', 'Association', '@GENE_TBX15')"
D010181,2778,Association,@DISEASE_Pancreatic_Cyst,@GENE_GNAS,{'36707261'},['0.994'],"('@DISEASE_Pancreatic_Cyst', 'Association', '@GENE_GNAS')"
D003560,3845,Association,@DISEASE_Cysts,@GENE_KRAS,{'36707261'},['0.5407'],"('@DISEASE_Cysts', 'Association', '@GENE_KRAS')"
D000077779,64321,Association,@DISEASE_Pancreatic_Intraductal_Neoplasms,@GENE_SOX17,{'36707261'},['0.9991'],"('@DISEASE_Pancreatic_Intraductal_Neoplasms', 'Association', '@GENE_SOX17')"
D003560,64321,Association,@DISEASE_Cysts,@GENE_SOX17,{'36707261'},['0.9996'],"('@DISEASE_Cysts', 'Association', '@GENE_SOX17')"
D008228,64321,Positive_Correlation,@DISEASE_Lymphoma_Non_Hodgkin,@GENE_SOX17,{'36707261'},['0.7633'],"('@DISEASE_Lymphoma_Non_Hodgkin', 'Positive_Correlation', '@GENE_SOX17')"
D001471,5444,Association,@DISEASE_Barrett_Esophagus,@GENE_PON1,{'30097534'},['0.9543'],"('@DISEASE_Barrett_Esophagus', 'Association', '@GENE_PON1')"
D000230,735,Association,@DISEASE_Adenocarcinoma,@GENE_C9,{'30097534'},['0.9994'],"('@DISEASE_Adenocarcinoma', 'Association', '@GENE_C9')"
D001471,735,Association,@DISEASE_Barrett_Esophagus,@GENE_C9,{'30097534'},['0.8208'],"('@DISEASE_Barrett_Esophagus', 'Association', '@GENE_C9')"
D000230,2934,Association,@DISEASE_Adenocarcinoma,@GENE_GSN,{'30097534'},['0.9992'],"('@DISEASE_Adenocarcinoma', 'Association', '@GENE_GSN')"
D000230,5446,Association,@DISEASE_Adenocarcinoma,@GENE_PON3,{'30097534'},['0.9996'],"('@DISEASE_Adenocarcinoma', 'Association', '@GENE_PON3')"
D000230,5444,Association,@DISEASE_Adenocarcinoma,@GENE_PON1,{'30097534'},['0.9995'],"('@DISEASE_Adenocarcinoma', 'Association', '@GENE_PON1')"
5617,7200,Positive_Correlation,@GENE_PRL,@GENE_TRH,{'8085710'},['0.9992'],"('@GENE_PRL', 'Positive_Correlation', '@GENE_TRH')"
D001569,5443,Negative_Correlation,@CHEMICAL_Benzodiazepines,@GENE_POMC,{'8085710'},['0.999'],"('@CHEMICAL_Benzodiazepines', 'Negative_Correlation', '@GENE_POMC')"
D001569,D006854,Negative_Correlation,@CHEMICAL_Benzodiazepines,@CHEMICAL_Hydrocortisone,{'8085710'},['0.9992'],"('@CHEMICAL_Benzodiazepines', 'Negative_Correlation', '@CHEMICAL_Hydrocortisone')"
D003975,5617,Negative_Correlation,@CHEMICAL_Diazepam,@GENE_PRL,{'8085710'},['0.9992'],"('@CHEMICAL_Diazepam', 'Negative_Correlation', '@GENE_PRL')"
D003975,7200,Negative_Correlation,@CHEMICAL_Diazepam,@GENE_TRH,{'8085710'},['0.9992'],"('@CHEMICAL_Diazepam', 'Negative_Correlation', '@GENE_TRH')"
D001569,5617,Negative_Correlation,@CHEMICAL_Benzodiazepines,@GENE_PRL,{'8085710'},['0.9991'],"('@CHEMICAL_Benzodiazepines', 'Negative_Correlation', '@GENE_PRL')"
D003975,8836,Positive_Correlation,@CHEMICAL_Diazepam,@GENE_GGH,{'8085710'},['0.9992'],"('@CHEMICAL_Diazepam', 'Positive_Correlation', '@GENE_GGH')"
C536611,2520,Association,@DISEASE_Familial_cylindromatosis,@GENE_GAST,{'31644405'},['0.9835'],"('@DISEASE_Familial_cylindromatosis', 'Association', '@GENE_GAST')"
D006713,D007659,Negative_Correlation,@CHEMICAL_Homogentisic_Acid,@CHEMICAL_Ketones,{'15581571'},['0.9981'],"('@CHEMICAL_Homogentisic_Acid', 'Negative_Correlation', '@CHEMICAL_Ketones')"
C023793,C077073,Negative_Correlation,@CHEMICAL_pyomelanin,@CHEMICAL_nitisinone,{'28570601'},['0.9992'],"('@CHEMICAL_pyomelanin', 'Negative_Correlation', '@CHEMICAL_nitisinone')"
D020909,6476,Negative_Correlation,@CHEMICAL_Acarbose,@GENE_SI,{'29747410'},['0.7839'],"('@CHEMICAL_Acarbose', 'Negative_Correlation', '@GENE_SI')"
D008228,54474,Association,@DISEASE_Lymphoma_Non_Hodgkin,@GENE_KRT20,{'16861975'},['0.5471'],"('@DISEASE_Lymphoma_Non_Hodgkin', 'Association', '@GENE_KRT20')"
D008228,3855,Association,@DISEASE_Lymphoma_Non_Hodgkin,@GENE_KRT7,{'16861975'},['0.5945'],"('@DISEASE_Lymphoma_Non_Hodgkin', 'Association', '@GENE_KRT7')"
D008228,4583,Association,@DISEASE_Lymphoma_Non_Hodgkin,@GENE_MUC2,{'16861975'},['0.8625'],"('@DISEASE_Lymphoma_Non_Hodgkin', 'Association', '@GENE_MUC2')"
D014810,842805,Positive_Correlation,@CHEMICAL_Vitamin_E,@GENE_G_TMT,{'12586887'},['0.9698'],"('@CHEMICAL_Vitamin_E', 'Positive_Correlation', '@GENE_G_TMT')"
D024504,816412,Positive_Correlation,@CHEMICAL_gamma_Tocopherol,@GENE_HPT1,"{'17978586', '12586887'}","['0.9985', '0.7124']","('@CHEMICAL_gamma_Tocopherol', 'Positive_Correlation', '@GENE_HPT1')"
D024841,D012421,Positive_Correlation,@CHEMICAL_Fluoroquinolones,@DISEASE_Rupture,{'39464211'},['0.9993'],"('@CHEMICAL_Fluoroquinolones', 'Positive_Correlation', '@DISEASE_Rupture')"
D009765,3630,Association,@DISEASE_Obesity,@GENE_INS,{'23466464'},['0.9992'],"('@DISEASE_Obesity', 'Association', '@GENE_INS')"
D063646,3479,Association,@DISEASE_Carcinogenesis,@GENE_IGF1,{'23466464'},['0.9996'],"('@DISEASE_Carcinogenesis', 'Association', '@GENE_IGF1')"
D008228,3667,Association,@DISEASE_Lymphoma_Non_Hodgkin,@GENE_IRS1,{'23466464'},['0.866'],"('@DISEASE_Lymphoma_Non_Hodgkin', 'Association', '@GENE_IRS1')"
207,3667,Association,@GENE_AKT1,@GENE_IRS1,{'23466464'},['0.9967'],"('@GENE_AKT1', 'Association', '@GENE_IRS1')"
D000230,3667,Association,@DISEASE_Adenocarcinoma,@GENE_IRS1,{'23466464'},['0.9992'],"('@DISEASE_Adenocarcinoma', 'Association', '@GENE_IRS1')"
2475,3667,Association,@GENE_MTOR,@GENE_IRS1,{'23466464'},['0.9956'],"('@GENE_MTOR', 'Association', '@GENE_IRS1')"
D063646,3630,Association,@DISEASE_Carcinogenesis,@GENE_INS,{'23466464'},['0.9993'],"('@DISEASE_Carcinogenesis', 'Association', '@GENE_INS')"
D001471,3667,Association,@DISEASE_Barrett_Esophagus,@GENE_IRS1,{'23466464'},['0.9995'],"('@DISEASE_Barrett_Esophagus', 'Association', '@GENE_IRS1')"
D008679,3479,Association,@DISEASE_Metaplasia,@GENE_IGF1,{'23466464'},['0.9996'],"('@DISEASE_Metaplasia', 'Association', '@GENE_IGF1')"
D009369,3479,Association,@DISEASE_Neoplasms,@GENE_IGF1,{'23466464'},['0.9997'],"('@DISEASE_Neoplasms', 'Association', '@GENE_IGF1')"
D000474,56246,Association,@DISEASE_Alkaptonuria,@GENE_MRAP,{'266609'},['0.9995'],"('@DISEASE_Alkaptonuria', 'Association', '@GENE_MRAP')"
D055009,56246,Association,@DISEASE_Spondylosis,@GENE_MRAP,{'266609'},['0.9967'],"('@DISEASE_Spondylosis', 'Association', '@GENE_MRAP')"
D000474,3105,Association,@DISEASE_Alkaptonuria,@GENE_HLA_A,{'266609'},['0.9986'],"('@DISEASE_Alkaptonuria', 'Association', '@GENE_HLA_A')"
#3081#c.15G>A,D000474,Positive_Correlation,@VARIANT_c.15G>A_HGD_human,@DISEASE_Alkaptonuria,{'35550814'},['0.9944'],"('@VARIANT_c.15G>A_HGD_human', 'Positive_Correlation', '@DISEASE_Alkaptonuria')"
C007650,D006536,Cotreatment,@CHEMICAL_ethyl_acetate,@CHEMICAL_Heptanes,{'40385168'},['0.4274'],"('@CHEMICAL_ethyl_acetate', 'Cotreatment', '@CHEMICAL_Heptanes')"
C007650,D009584,Association,@CHEMICAL_ethyl_acetate,@CHEMICAL_Nitrogen,{'40385168'},['0.9232'],"('@CHEMICAL_ethyl_acetate', 'Association', '@CHEMICAL_Nitrogen')"
D000431,D009584,Association,@CHEMICAL_Ethanol,@CHEMICAL_Nitrogen,{'40385168'},['0.7206'],"('@CHEMICAL_Ethanol', 'Association', '@CHEMICAL_Nitrogen')"
C007650,D000431,Comparison,@CHEMICAL_ethyl_acetate,@CHEMICAL_Ethanol,{'40385168'},['0.4644'],"('@CHEMICAL_ethyl_acetate', 'Comparison', '@CHEMICAL_Ethanol')"
D000431,D006536,Association,@CHEMICAL_Ethanol,@CHEMICAL_Heptanes,{'40385168'},['0.515'],"('@CHEMICAL_Ethanol', 'Association', '@CHEMICAL_Heptanes')"
D010859,15233,Association,@DISEASE_Pigmentation_Disorders,@GENE_HGD,{'33728247'},['0.8374'],"('@DISEASE_Pigmentation_Disorders', 'Association', '@GENE_HGD')"
D004280,D007022,Negative_Correlation,@CHEMICAL_Dobutamine,@DISEASE_Hypotension,{'10488288'},['0.9984'],"('@CHEMICAL_Dobutamine', 'Negative_Correlation', '@DISEASE_Hypotension')"
D005996,D004630,Negative_Correlation,@CHEMICAL_Nitroglycerin,@DISEASE_Emergencies,{'10488288'},['0.8414'],"('@CHEMICAL_Nitroglycerin', 'Negative_Correlation', '@DISEASE_Emergencies')"
D017693,D001281,Negative_Correlation,@CHEMICAL_Sodium_Bicarbonate,@DISEASE_Atrial_Fibrillation,{'10488288'},['0.5286'],"('@CHEMICAL_Sodium_Bicarbonate', 'Negative_Correlation', '@DISEASE_Atrial_Fibrillation')"
D004298,D009846,Negative_Correlation,@CHEMICAL_Dopamine,@DISEASE_Oliguria,{'10488288'},['0.9975'],"('@CHEMICAL_Dopamine', 'Negative_Correlation', '@DISEASE_Oliguria')"
D004298,D051437,Negative_Correlation,@CHEMICAL_Dopamine,@DISEASE_Renal_Insufficiency,{'10488288'},['0.9977'],"('@CHEMICAL_Dopamine', 'Negative_Correlation', '@DISEASE_Renal_Insufficiency')"
D000474,rs775274569##,Positive_Correlation,@DISEASE_Alkaptonuria,@VARIANT_p.D153G_HGD_human,{'9529363'},['0.5998'],"('@DISEASE_Alkaptonuria', 'Positive_Correlation', '@VARIANT_p.D153G_HGD_human')"
#3081#c.IVS2+35T>A,D000474,Association,@VARIANT_c.IVS2+35T>A_HGD_human,@DISEASE_Alkaptonuria,{'9529363'},['0.6086'],"('@VARIANT_c.IVS2+35T>A_HGD_human', 'Association', '@DISEASE_Alkaptonuria')"
D000474,rs373921680##,Positive_Correlation,@DISEASE_Alkaptonuria,@VARIANT_p.E42A_HGD_human,{'9529363'},['0.7259'],"('@DISEASE_Alkaptonuria', 'Positive_Correlation', '@VARIANT_p.E42A_HGD_human')"
#3081#c.IVS6+46C>A,D000474,Association,@VARIANT_c.IVS6+46C>A_HGD_human,@DISEASE_Alkaptonuria,{'9529363'},['0.8315'],"('@VARIANT_c.IVS6+46C>A_HGD_human', 'Association', '@DISEASE_Alkaptonuria')"
D000474,rs28942100##,Positive_Correlation,@DISEASE_Alkaptonuria,@VARIANT_p.P230S_HGD_human,{'9529363'},['0.8272'],"('@DISEASE_Alkaptonuria', 'Positive_Correlation', '@VARIANT_p.P230S_HGD_human')"
#3081#c.IVS9-17G>A,D000474,Positive_Correlation,@VARIANT_c.IVS9_17G>A_HGD_human,@DISEASE_Alkaptonuria,{'9529363'},['0.5637'],"('@VARIANT_c.IVS9_17G>A_HGD_human', 'Positive_Correlation', '@DISEASE_Alkaptonuria')"
D000474,#3081#p.F10fsX,Association,@DISEASE_Alkaptonuria,@VARIANT_p.F10fsX_HGD_human,{'9529363'},['0.5005'],"('@DISEASE_Alkaptonuria', 'Association', '@VARIANT_p.F10fsX_HGD_human')"
#3081#c.IVS5+25T>C,D000474,Association,@VARIANT_c.IVS5+25T>C_HGD_human,@DISEASE_Alkaptonuria,{'9529363'},['0.7189'],"('@VARIANT_c.IVS5+25T>C_HGD_human', 'Association', '@DISEASE_Alkaptonuria')"
#3081#c.IVS9-56G>A,D000474,Positive_Correlation,@VARIANT_c.IVS9_56G>A_HGD_human,@DISEASE_Alkaptonuria,{'9529363'},['0.4972'],"('@VARIANT_c.IVS9_56G>A_HGD_human', 'Positive_Correlation', '@DISEASE_Alkaptonuria')"
#3081#c.407T>A,D000474,Association,@VARIANT_c.407T>A_HGD_human,@DISEASE_Alkaptonuria,{'9529363'},['0.778'],"('@VARIANT_c.407T>A_HGD_human', 'Association', '@DISEASE_Alkaptonuria')"
D000474,rs120074173##,Association,@DISEASE_Alkaptonuria,@VARIANT_p.M368V_HGD_human,{'9529363'},['0.5943'],"('@DISEASE_Alkaptonuria', 'Association', '@VARIANT_p.M368V_HGD_human')"
D000474,#3081#p.F227S,Positive_Correlation,@DISEASE_Alkaptonuria,@VARIANT_p.F227S_HGD_human,{'9529363'},['0.5115'],"('@DISEASE_Alkaptonuria', 'Positive_Correlation', '@VARIANT_p.F227S_HGD_human')"
#3081#c.IVS5+1G>T,D000474,Association,@VARIANT_c.IVS5+1G>T_HGD_human,@DISEASE_Alkaptonuria,{'9529363'},['0.5952'],"('@VARIANT_c.IVS5+1G>T_HGD_human', 'Association', '@DISEASE_Alkaptonuria')"
D000474,rs767201131##,Association,@DISEASE_Alkaptonuria,@VARIANT_p.I216T_HGD_human,{'9529363'},['0.661'],"('@DISEASE_Alkaptonuria', 'Association', '@VARIANT_p.I216T_HGD_human')"
D000474,#3081#p.W97G,Association,@DISEASE_Alkaptonuria,@VARIANT_p.W97G_HGD_human,{'9529363'},['0.5537'],"('@DISEASE_Alkaptonuria', 'Association', '@VARIANT_p.W97G_HGD_human')"
D000474,#3081#p.S189I,Positive_Correlation,@DISEASE_Alkaptonuria,@VARIANT_p.S189I_HGD_human,{'9529363'},['0.5952'],"('@DISEASE_Alkaptonuria', 'Positive_Correlation', '@VARIANT_p.S189I_HGD_human')"
D000077362,D008268,Negative_Correlation,@CHEMICAL_Verteporfin,@DISEASE_Macular_Degeneration,{'11902352'},['0.9986'],"('@CHEMICAL_Verteporfin', 'Negative_Correlation', '@DISEASE_Macular_Degeneration')"
C016635,C105171,Positive_Correlation,@CHEMICAL_acetoacetic_acid,@CHEMICAL_fumarylacetoacetate,{'27097641'},['0.2709'],"('@CHEMICAL_acetoacetic_acid', 'Positive_Correlation', '@CHEMICAL_fumarylacetoacetate')"
D013395,837757,Association,@CHEMICAL_Sucrose,@GENE_AT1G12050,{'27097641'},['0.9953'],"('@CHEMICAL_Sucrose', 'Association', '@GENE_AT1G12050')"
D005632,837757,Negative_Correlation,@CHEMICAL_Fructose,@GENE_AT1G12050,{'27097641'},['0.9974'],"('@CHEMICAL_Fructose', 'Negative_Correlation', '@GENE_AT1G12050')"
D000073893,837757,Negative_Correlation,@CHEMICAL_Sugars,@GENE_AT1G12050,{'27097641'},['0.9974'],"('@CHEMICAL_Sugars', 'Negative_Correlation', '@GENE_AT1G12050')"
D008320,837757,Negative_Correlation,@CHEMICAL_Maltose,@GENE_AT1G12050,{'27097641'},['0.9985'],"('@CHEMICAL_Maltose', 'Negative_Correlation', '@GENE_AT1G12050')"
D005947,837757,Negative_Correlation,@CHEMICAL_Glucose,@GENE_AT1G12050,{'27097641'},['0.9985'],"('@CHEMICAL_Glucose', 'Negative_Correlation', '@GENE_AT1G12050')"
D000073893,D014443,Negative_Correlation,@CHEMICAL_Sugars,@CHEMICAL_Tyrosine,{'27097641'},['0.9987'],"('@CHEMICAL_Sugars', 'Negative_Correlation', '@CHEMICAL_Tyrosine')"
D014443,840454,Association,@CHEMICAL_Tyrosine,@GENE_CINV1,{'27097641'},['0.9989'],"('@CHEMICAL_Tyrosine', 'Association', '@GENE_CINV1')"
D013395,840454,Association,@CHEMICAL_Sucrose,@GENE_CINV1,{'27097641'},['0.9994'],"('@CHEMICAL_Sucrose', 'Association', '@GENE_CINV1')"
D000073893,840454,Negative_Correlation,@CHEMICAL_Sugars,@GENE_CINV1,{'27097641'},['0.9983'],"('@CHEMICAL_Sugars', 'Negative_Correlation', '@GENE_CINV1')"
C105171,D005650,Positive_Correlation,@CHEMICAL_fumarylacetoacetate,@CHEMICAL_Fumarates,{'27097641'},['0.5685'],"('@CHEMICAL_fumarylacetoacetate', 'Positive_Correlation', '@CHEMICAL_Fumarates')"
C020804,D000073893,Negative_Correlation,@CHEMICAL_succinylacetone,@CHEMICAL_Sugars,{'27097641'},['0.8213'],"('@CHEMICAL_succinylacetone', 'Negative_Correlation', '@CHEMICAL_Sugars')"
D000073893,814770,Negative_Correlation,@CHEMICAL_Sugars,@GENE_GSTZ1,{'27097641'},['0.9766'],"('@CHEMICAL_Sugars', 'Negative_Correlation', '@GENE_GSTZ1')"
C077073,6898,Negative_Correlation,@CHEMICAL_nitisinone,@GENE_TAT,{'35242577'},['0.9983'],"('@CHEMICAL_nitisinone', 'Negative_Correlation', '@GENE_TAT')"
C038193,3081,Association,@CHEMICAL_4_hydroxybenzoic_acid,@GENE_HGD,{'36413463'},['0.9984'],"('@CHEMICAL_4_hydroxybenzoic_acid', 'Association', '@GENE_HGD')"
D011794,1421,Association,@CHEMICAL_Quercetin,@GENE_CRYGD,{'32131700'},['0.978'],"('@CHEMICAL_Quercetin', 'Association', '@GENE_CRYGD')"
D011794,3081,Negative_Correlation,@CHEMICAL_Quercetin,@GENE_HGD,{'32131700'},['0.9814'],"('@CHEMICAL_Quercetin', 'Negative_Correlation', '@GENE_HGD')"
C007772,1421,Association,@CHEMICAL_N'_formylkynurenine,@GENE_CRYGD,{'32131700'},['0.9995'],"(""@CHEMICAL_N'_formylkynurenine"", 'Association', '@GENE_CRYGD')"
D006859,D011794,Association,@CHEMICAL_Hydrogen,@CHEMICAL_Quercetin,{'32131700'},['0.9894'],"('@CHEMICAL_Hydrogen', 'Association', '@CHEMICAL_Quercetin')"
C007772,3081,Association,@CHEMICAL_N'_formylkynurenine,@GENE_HGD,{'32131700'},['0.9967'],"(""@CHEMICAL_N'_formylkynurenine"", 'Association', '@GENE_HGD')"
D011794,D014364,Negative_Correlation,@CHEMICAL_Quercetin,@CHEMICAL_Tryptophan,{'32131700'},['0.9962'],"('@CHEMICAL_Quercetin', 'Negative_Correlation', '@CHEMICAL_Tryptophan')"
C007772,D014364,Association,@CHEMICAL_N'_formylkynurenine,@CHEMICAL_Tryptophan,{'32131700'},['0.7359'],"(""@CHEMICAL_N'_formylkynurenine"", 'Association', '@CHEMICAL_Tryptophan')"
C484831,D009369,Negative_Correlation,@CHEMICAL_miliusol,@DISEASE_Neoplasms,{'31485249'},['0.8133'],"('@CHEMICAL_miliusol', 'Negative_Correlation', '@DISEASE_Neoplasms')"
C034192,C459623,Cotreatment,@CHEMICAL_ellipticine,@CHEMICAL_ayanin,{'31485249'},['0.4352'],"('@CHEMICAL_ellipticine', 'Cotreatment', '@CHEMICAL_ayanin')"
C484831,12575,Association,@CHEMICAL_miliusol,@GENE_CDKN1A,{'31485249'},['0.9958'],"('@CHEMICAL_miliusol', 'Association', '@GENE_CDKN1A')"
D009369,12575,Association,@DISEASE_Neoplasms,@GENE_CDKN1A,{'31485249'},['0.9979'],"('@DISEASE_Neoplasms', 'Association', '@GENE_CDKN1A')"
D000236,6934,Association,@DISEASE_Adenoma,@GENE_TCF7L2,{'31781186'},['0.9306'],"('@DISEASE_Adenoma', 'Association', '@GENE_TCF7L2')"
D009369,6927,Association,@DISEASE_Neoplasms,@GENE_HNF1A,{'31781186'},['0.9841'],"('@DISEASE_Neoplasms', 'Association', '@GENE_HNF1A')"
D000236,138474,Association,@DISEASE_Adenoma,@GENE_TAF1L,{'31781186'},['0.9804'],"('@DISEASE_Adenoma', 'Association', '@GENE_TAF1L')"
D009369,55294,Association,@DISEASE_Neoplasms,@GENE_FBXW7,{'31781186'},['0.9782'],"('@DISEASE_Neoplasms', 'Association', '@GENE_FBXW7')"
D000236,55294,Association,@DISEASE_Adenoma,@GENE_FBXW7,{'31781186'},['0.7312'],"('@DISEASE_Adenoma', 'Association', '@GENE_FBXW7')"
D000236,2778,Association,@DISEASE_Adenoma,@GENE_GNAS,{'31781186'},['0.9216'],"('@DISEASE_Adenoma', 'Association', '@GENE_GNAS')"
D000236,8085,Association,@DISEASE_Adenoma,@GENE_KMT2D,{'31781186'},['0.977'],"('@DISEASE_Adenoma', 'Association', '@GENE_KMT2D')"
D014443,D019344,Association,@CHEMICAL_Tyrosine,@CHEMICAL_Lactic_Acid,{'37513505'},['0.9986'],"('@CHEMICAL_Tyrosine', 'Association', '@CHEMICAL_Lactic_Acid')"
C529546,548177,Association,@CHEMICAL_phytyl_diphosphate,@GENE_LOC548177,{'21223386'},['0.9983'],"('@CHEMICAL_phytyl_diphosphate', 'Association', '@GENE_LOC548177')"
548177,816412,Bind,@GENE_LOC548177,@GENE_HPT1,{'21223386'},['0.8446'],"('@GENE_LOC548177', 'Bind', '@GENE_HPT1')"
D024508,548177,Positive_Correlation,@CHEMICAL_Tocotrienols,@GENE_LOC548177,"{'12897790', '21223386'}","['0.9524', '0.959']","('@CHEMICAL_Tocotrienols', 'Positive_Correlation', '@GENE_LOC548177')"
D024505,548177,Positive_Correlation,@CHEMICAL_Tocopherols,@GENE_LOC548177,{'21223386'},['0.981'],"('@CHEMICAL_Tocopherols', 'Positive_Correlation', '@GENE_LOC548177')"
D010100,29531,Association,@CHEMICAL_Oxygen,@GENE_HPD,{'8924597'},['0.941'],"('@CHEMICAL_Oxygen', 'Association', '@GENE_HPD')"
C098916,29531,Negative_Correlation,@CHEMICAL_2_(2_nitro_4_(trifluoromethyl)benzoyl)_4_4_6_6_tetramethylcyclohexane_1_3_5_trione,@GENE_HPD,{'8924597'},['0.9983'],"('@CHEMICAL_2_(2_nitro_4_(trifluoromethyl)benzoyl)_4_4_6_6_tetramethylcyclohexane_1_3_5_trione', 'Negative_Correlation', '@GENE_HPD')"
D019207,D014802,Positive_Correlation,@CHEMICAL_beta_Carotene,@DISEASE_Vitamin_A_Deficiency,{'27621466'},['0.9957'],"('@CHEMICAL_beta_Carotene', 'Positive_Correlation', '@DISEASE_Vitamin_A_Deficiency')"
D014810,D019207,Association,@CHEMICAL_Vitamin_E,@CHEMICAL_beta_Carotene,{'27621466'},['0.9662'],"('@CHEMICAL_Vitamin_E', 'Association', '@CHEMICAL_beta_Carotene')"
D003093,3845,Association,@DISEASE_Colitis_Ulcerative,@GENE_KRAS,{'10595736'},['0.9961'],"('@DISEASE_Colitis_Ulcerative', 'Association', '@GENE_KRAS')"
C016679,D012967,Association,@CHEMICAL_polyacrylamide,@CHEMICAL_Sodium_Dodecyl_Sulfate,{'10923798'},['0.9206'],"('@CHEMICAL_polyacrylamide', 'Association', '@CHEMICAL_Sodium_Dodecyl_Sulfate')"
C023793,D014552,Association,@CHEMICAL_pyomelanin,@DISEASE_Urinary_Tract_Infections,{'20870774'},['0.6796'],"('@CHEMICAL_pyomelanin', 'Association', '@DISEASE_Urinary_Tract_Infections')"
C023793,D003550,Association,@CHEMICAL_pyomelanin,@DISEASE_Cystic_Fibrosis,{'20870774'},['0.5214'],"('@CHEMICAL_pyomelanin', 'Association', '@DISEASE_Cystic_Fibrosis')"
D015212,10984,Association,@DISEASE_Inflammatory_Bowel_Diseases,@GENE_KCNQ1OT1,{'39945142'},['0.991'],"('@DISEASE_Inflammatory_Bowel_Diseases', 'Association', '@GENE_KCNQ1OT1')"
D014810,837757,Association,@CHEMICAL_Vitamin_E,@GENE_AT1G12050,{'22980205'},['0.9986'],"('@CHEMICAL_Vitamin_E', 'Association', '@GENE_AT1G12050')"
D014810,835494,Association,@CHEMICAL_Vitamin_E,@GENE_HGO,{'22980205'},['0.9099'],"('@CHEMICAL_Vitamin_E', 'Association', '@GENE_HGO')"
D014810,814770,Association,@CHEMICAL_Vitamin_E,@GENE_GSTZ1,{'22980205'},['0.8953'],"('@CHEMICAL_Vitamin_E', 'Association', '@GENE_GSTZ1')"
D014443,D024505,Association,@CHEMICAL_Tyrosine,@CHEMICAL_Tocopherols,{'22980205'},['0.9982'],"('@CHEMICAL_Tyrosine', 'Association', '@CHEMICAL_Tocopherols')"
C031927,D009402,Positive_Correlation,@CHEMICAL_hydroquinone,@DISEASE_Nephrosis_Lipoid,{'31219884'},['0.9986'],"('@CHEMICAL_hydroquinone', 'Positive_Correlation', '@DISEASE_Nephrosis_Lipoid')"
C031927,D057896,Positive_Correlation,@CHEMICAL_hydroquinone,@DISEASE_Striae_Distensae,{'31219884'},['0.9958'],"('@CHEMICAL_hydroquinone', 'Positive_Correlation', '@DISEASE_Striae_Distensae')"
D013729,D059808,Association,@CHEMICAL_Terpenes,@CHEMICAL_Polyphenols,{'19091879'},['0.8403'],"('@CHEMICAL_Terpenes', 'Association', '@CHEMICAL_Polyphenols')"
C017343,100301896,Association,@CHEMICAL_glyceollin,@GENE_G4DT,{'19091879'},['0.9986'],"('@CHEMICAL_glyceollin', 'Association', '@GENE_G4DT')"
D008228,406977,Negative_Correlation,@DISEASE_Lymphoma_Non_Hodgkin,@GENE_MIR199A2,{'30603135'},['0.486'],"('@DISEASE_Lymphoma_Non_Hodgkin', 'Negative_Correlation', '@GENE_MIR199A2')"
D002294,406977,Association,@DISEASE_Carcinoma_Squamous_Cell,@GENE_MIR199A2,{'30603135'},['0.855'],"('@DISEASE_Carcinoma_Squamous_Cell', 'Association', '@GENE_MIR199A2')"
D008228,100422913,Negative_Correlation,@DISEASE_Lymphoma_Non_Hodgkin,@GENE_MIR320E,{'30603135'},['0.5469'],"('@DISEASE_Lymphoma_Non_Hodgkin', 'Negative_Correlation', '@GENE_MIR320E')"
100507436,22914,Positive_Correlation,@GENE_MICA,@GENE_KLRK1,{'29599246'},['0.5432'],"('@GENE_MICA', 'Positive_Correlation', '@GENE_KLRK1')"
22914,4277,Association,@GENE_KLRK1,@GENE_MICB,{'29599246'},['0.9452'],"('@GENE_KLRK1', 'Association', '@GENE_MICB')"
D009369,100507436,Association,@DISEASE_Neoplasms,@GENE_MICA,{'29599246'},['0.9994'],"('@DISEASE_Neoplasms', 'Association', '@GENE_MICA')"
D009369,4277,Association,@DISEASE_Neoplasms,@GENE_MICB,{'29599246'},['0.9996'],"('@DISEASE_Neoplasms', 'Association', '@GENE_MICB')"
D005632,D008055,Positive_Correlation,@CHEMICAL_Fructose,@CHEMICAL_Lipids,{'29899272'},['0.9983'],"('@CHEMICAL_Fructose', 'Positive_Correlation', '@CHEMICAL_Lipids')"
D005632,D019446,Positive_Correlation,@CHEMICAL_Fructose,@DISEASE_Endotoxemia,{'29899272'},['0.9989'],"('@CHEMICAL_Fructose', 'Positive_Correlation', '@DISEASE_Endotoxemia')"
D005632,D009765,Positive_Correlation,@CHEMICAL_Fructose,@DISEASE_Obesity,{'29899272'},['0.9991'],"('@CHEMICAL_Fructose', 'Positive_Correlation', '@DISEASE_Obesity')"
D005632,D007249,Positive_Correlation,@CHEMICAL_Fructose,@DISEASE_Inflammation,{'29899272'},['0.9987'],"('@CHEMICAL_Fructose', 'Positive_Correlation', '@DISEASE_Inflammation')"
D005947,D019446,Positive_Correlation,@CHEMICAL_Glucose,@DISEASE_Endotoxemia,{'29899272'},['0.9991'],"('@CHEMICAL_Glucose', 'Positive_Correlation', '@DISEASE_Endotoxemia')"
D008055,D005234,Positive_Correlation,@CHEMICAL_Lipids,@DISEASE_Fatty_Liver,{'29899272'},['0.9788'],"('@CHEMICAL_Lipids', 'Positive_Correlation', '@DISEASE_Fatty_Liver')"
D005632,D008659,Positive_Correlation,@CHEMICAL_Fructose,@DISEASE_Metabolic_Diseases,"{'29899272', '32738448'}","['0.9985', '0.9905']","('@CHEMICAL_Fructose', 'Positive_Correlation', '@DISEASE_Metabolic_Diseases')"
D003300,D012431,Negative_Correlation,@CHEMICAL_Copper,@CHEMICAL_Rutin,{'31003047'},['0.9983'],"('@CHEMICAL_Copper', 'Negative_Correlation', '@CHEMICAL_Rutin')"
D003300,D002386,Positive_Correlation,@CHEMICAL_Copper,@DISEASE_Cataract,{'31003047'},['0.999'],"('@CHEMICAL_Copper', 'Positive_Correlation', '@DISEASE_Cataract')"
D012431,3081,Negative_Correlation,@CHEMICAL_Rutin,@GENE_HGD,{'31003047'},['0.9991'],"('@CHEMICAL_Rutin', 'Negative_Correlation', '@GENE_HGD')"
D003300,3081,Positive_Correlation,@CHEMICAL_Copper,@GENE_HGD,{'31003047'},['0.5071'],"('@CHEMICAL_Copper', 'Positive_Correlation', '@GENE_HGD')"
D003300,1421,Positive_Correlation,@CHEMICAL_Copper,@GENE_CRYGD,{'31003047'},['0.9986'],"('@CHEMICAL_Copper', 'Positive_Correlation', '@GENE_CRYGD')"
D004393,8836,Association,@DISEASE_Dwarfism_Pituitary,@GENE_GGH,{'33140249'},['0.9969'],"('@DISEASE_Dwarfism_Pituitary', 'Association', '@GENE_GGH')"
D019382,D004393,Negative_Correlation,@CHEMICAL_Human_Growth_Hormone,@DISEASE_Dwarfism_Pituitary,{'33140249'},['0.9909'],"('@CHEMICAL_Human_Growth_Hormone', 'Negative_Correlation', '@DISEASE_Dwarfism_Pituitary')"
D010649,D009386,Association,@CHEMICAL_Phenylalanine,@DISEASE_Neoplastic_Syndromes_Hereditary,{'9244427'},['0.7583'],"('@CHEMICAL_Phenylalanine', 'Association', '@DISEASE_Neoplastic_Syndromes_Hereditary')"
C026285,D019819,Cotreatment,@CHEMICAL_trichlorosucrose,@CHEMICAL_Budesonide,{'26340602'},['0.5149'],"('@CHEMICAL_trichlorosucrose', 'Cotreatment', '@CHEMICAL_Budesonide')"
C015566,D006713,Association,@CHEMICAL_3_tyrosine,@CHEMICAL_Homogentisic_Acid,{'24098407'},['0.9809'],"('@CHEMICAL_3_tyrosine', 'Association', '@CHEMICAL_Homogentisic_Acid')"
C015566,C026245,Association,@CHEMICAL_3_tyrosine,@CHEMICAL_3_hydroxyphenylacetate,{'24098407'},['0.9558'],"('@CHEMICAL_3_tyrosine', 'Association', '@CHEMICAL_3_hydroxyphenylacetate')"
C022871,393425,Association,@CHEMICAL_isoborneol,@GENE_ELOVL5,{'39986037'},['0.9995'],"('@CHEMICAL_isoborneol', 'Association', '@GENE_ELOVL5')"
C022871,D002658,Positive_Correlation,@CHEMICAL_isoborneol,@DISEASE_Developmental_Disabilities,{'39986037'},['0.9758'],"('@CHEMICAL_isoborneol', 'Positive_Correlation', '@DISEASE_Developmental_Disabilities')"
C022871,322605,Association,@CHEMICAL_isoborneol,@GENE_CHPT1,{'39986037'},['0.9995'],"('@CHEMICAL_isoborneol', 'Association', '@GENE_CHPT1')"
C022871,558499,Association,@CHEMICAL_isoborneol,@GENE_CHKA,{'39986037'},['0.9996'],"('@CHEMICAL_isoborneol', 'Association', '@GENE_CHKA')"
C022871,D000013,Positive_Correlation,@CHEMICAL_isoborneol,@DISEASE_Congenital_Abnormalities,{'39986037'},['0.9987'],"('@CHEMICAL_isoborneol', 'Positive_Correlation', '@DISEASE_Congenital_Abnormalities')"
C022871,D007249,Negative_Correlation,@CHEMICAL_isoborneol,@DISEASE_Inflammation,{'39986037'},['0.9987'],"('@CHEMICAL_isoborneol', 'Negative_Correlation', '@DISEASE_Inflammation')"
C022871,D066126,Positive_Correlation,@CHEMICAL_isoborneol,@DISEASE_Cardiotoxicity,{'39986037'},['0.9988'],"('@CHEMICAL_isoborneol', 'Positive_Correlation', '@DISEASE_Cardiotoxicity')"
C022871,259189,Association,@CHEMICAL_isoborneol,@GENE_HGD,{'39986037'},['0.9995'],"('@CHEMICAL_isoborneol', 'Association', '@GENE_HGD')"
C022871,D008239,Positive_Correlation,@CHEMICAL_isoborneol,@CHEMICAL_Lysine,{'39986037'},['0.9912'],"('@CHEMICAL_isoborneol', 'Positive_Correlation', '@CHEMICAL_Lysine')"
C022871,D000596,Association,@CHEMICAL_isoborneol,@CHEMICAL_Amino_Acids,{'39986037'},['0.9988'],"('@CHEMICAL_isoborneol', 'Association', '@CHEMICAL_Amino_Acids')"
C022871,D002794,Association,@CHEMICAL_isoborneol,@CHEMICAL_Choline,{'39986037'},['0.9988'],"('@CHEMICAL_isoborneol', 'Association', '@CHEMICAL_Choline')"
C022871,436729,Association,@CHEMICAL_isoborneol,@GENE_SETD7,{'39986037'},['0.9996'],"('@CHEMICAL_isoborneol', 'Association', '@GENE_SETD7')"
C022871,D010649,Positive_Correlation,@CHEMICAL_isoborneol,@CHEMICAL_Phenylalanine,{'39986037'},['0.9954'],"('@CHEMICAL_isoborneol', 'Positive_Correlation', '@CHEMICAL_Phenylalanine')"
C022871,D005227,Association,@CHEMICAL_isoborneol,@CHEMICAL_Fatty_Acids,{'39986037'},['0.9992'],"('@CHEMICAL_isoborneol', 'Association', '@CHEMICAL_Fatty_Acids')"
C022871,D001745,Positive_Correlation,@CHEMICAL_isoborneol,@DISEASE_Urinary_Bladder_Diseases,{'39986037'},['0.9982'],"('@CHEMICAL_isoborneol', 'Positive_Correlation', '@DISEASE_Urinary_Bladder_Diseases')"
C022871,D005978,Association,@CHEMICAL_isoborneol,@CHEMICAL_Glutathione,{'39986037'},['0.7717'],"('@CHEMICAL_isoborneol', 'Association', '@CHEMICAL_Glutathione')"
C022871,D020258,Positive_Correlation,@CHEMICAL_isoborneol,@DISEASE_Neurotoxicity_Syndromes,{'39986037'},['0.9989'],"('@CHEMICAL_isoborneol', 'Positive_Correlation', '@DISEASE_Neurotoxicity_Syndromes')"
C022871,D010743,Association,@CHEMICAL_isoborneol,@CHEMICAL_Phospholipids,{'39986037'},['0.999'],"('@CHEMICAL_isoborneol', 'Association', '@CHEMICAL_Phospholipids')"
C000594389,29126,Negative_Correlation,@CHEMICAL_atezolizumab,@GENE_CD274,{'39773564'},['0.9888'],"('@CHEMICAL_atezolizumab', 'Negative_Correlation', '@GENE_CD274')"
C000594389,D064420,Positive_Correlation,@CHEMICAL_atezolizumab,@DISEASE_Drug_Related_Side_Effects_and_Adverse_Reactions,{'39773564'},['0.912'],"('@CHEMICAL_atezolizumab', 'Positive_Correlation', '@DISEASE_Drug_Related_Side_Effects_and_Adverse_Reactions')"
C000594389,D002583,Negative_Correlation,@CHEMICAL_atezolizumab,@DISEASE_Uterine_Cervical_Neoplasms,{'39773564'},['0.9986'],"('@CHEMICAL_atezolizumab', 'Negative_Correlation', '@DISEASE_Uterine_Cervical_Neoplasms')"
D002583,29126,Association,@DISEASE_Uterine_Cervical_Neoplasms,@GENE_CD274,{'39773564'},['0.9964'],"('@DISEASE_Uterine_Cervical_Neoplasms', 'Association', '@GENE_CD274')"
C030935,D011230,Positive_Correlation,@CHEMICAL_benz(a)anthracene,@DISEASE_Precancerous_Conditions,{'32078851'},['0.9067'],"('@CHEMICAL_benz(a)anthracene', 'Positive_Correlation', '@DISEASE_Precancerous_Conditions')"
C030935,5727482,Association,@CHEMICAL_benz(a)anthracene,@GENE_CHLRE_02G091200V5,{'32078851'},['0.9963'],"('@CHEMICAL_benz(a)anthracene', 'Association', '@GENE_CHLRE_02G091200V5')"
D009794,56246,Association,@DISEASE_Ochronosis,@GENE_MRAP,{'17847952'},['0.9809'],"('@DISEASE_Ochronosis', 'Association', '@GENE_MRAP')"
D013167,56246,Association,@DISEASE_Spondylitis_Ankylosing,@GENE_MRAP,{'17847952'},['0.999'],"('@DISEASE_Spondylitis_Ankylosing', 'Association', '@GENE_MRAP')"
D013274,596,Association,@DISEASE_Stomach_Neoplasms,@GENE_BCL2,{'15842632'},['0.9994'],"('@DISEASE_Stomach_Neoplasms', 'Association', '@GENE_BCL2')"
D007410,1026,Association,@DISEASE_Intestinal_Diseases,@GENE_CDKN1A,{'15842632'},['0.9991'],"('@DISEASE_Intestinal_Diseases', 'Association', '@GENE_CDKN1A')"
D015792,1026,Association,@DISEASE_Retinal_Dysplasia,@GENE_CDKN1A,{'15842632'},['0.9973'],"('@DISEASE_Retinal_Dysplasia', 'Association', '@GENE_CDKN1A')"
D007410,596,Association,@DISEASE_Intestinal_Diseases,@GENE_BCL2,{'15842632'},['0.9996'],"('@DISEASE_Intestinal_Diseases', 'Association', '@GENE_BCL2')"
D015792,596,Association,@DISEASE_Retinal_Dysplasia,@GENE_BCL2,{'15842632'},['0.9935'],"('@DISEASE_Retinal_Dysplasia', 'Association', '@GENE_BCL2')"
D013274,4586,Association,@DISEASE_Stomach_Neoplasms,@GENE_MUC5AC,{'15842632'},['0.9986'],"('@DISEASE_Stomach_Neoplasms', 'Association', '@GENE_MUC5AC')"
D013274,1026,Association,@DISEASE_Stomach_Neoplasms,@GENE_CDKN1A,{'15842632'},['0.9961'],"('@DISEASE_Stomach_Neoplasms', 'Association', '@GENE_CDKN1A')"
D001254,7157,Association,@DISEASE_Astrocytoma,@GENE_TP53,{'15842632'},['0.6958'],"('@DISEASE_Astrocytoma', 'Association', '@GENE_TP53')"
D015179,968,Association,@DISEASE_Colorectal_Neoplasms,@GENE_CD68,{'36811271'},['0.9592'],"('@DISEASE_Colorectal_Neoplasms', 'Association', '@GENE_CD68')"
D006713,D000082862,Positive_Correlation,@CHEMICAL_Homogentisic_Acid,@DISEASE_Aortic_Valve_Disease,{'40645714'},['0.9303'],"('@CHEMICAL_Homogentisic_Acid', 'Positive_Correlation', '@DISEASE_Aortic_Valve_Disease')"
D014443,7299,Association,@CHEMICAL_Tyrosine,@GENE_TYR,{'27142149'},['0.6468'],"('@CHEMICAL_Tyrosine', 'Association', '@GENE_TYR')"
D000474,7299,Association,@DISEASE_Alkaptonuria,@GENE_TYR,{'27142149'},['0.9996'],"('@DISEASE_Alkaptonuria', 'Association', '@GENE_TYR')"
D006713,7299,Association,@CHEMICAL_Homogentisic_Acid,@GENE_TYR,{'27142149'},['0.9997'],"('@CHEMICAL_Homogentisic_Acid', 'Association', '@GENE_TYR')"
D008543,7299,Association,@CHEMICAL_Melanins,@GENE_TYR,{'27142149'},['0.9647'],"('@CHEMICAL_Melanins', 'Association', '@GENE_TYR')"
D011108,D009794,Positive_Correlation,@CHEMICAL_Polymers,@DISEASE_Ochronosis,{'37551372'},['0.9384'],"('@CHEMICAL_Polymers', 'Positive_Correlation', '@DISEASE_Ochronosis')"
D011108,D000474,Negative_Correlation,@CHEMICAL_Polymers,@DISEASE_Alkaptonuria,{'37551372'},['0.7969'],"('@CHEMICAL_Polymers', 'Negative_Correlation', '@DISEASE_Alkaptonuria')"
D014364,D008228,Association,@CHEMICAL_Tryptophan,@DISEASE_Lymphoma_Non_Hodgkin,{'38117184'},['0.9941'],"('@CHEMICAL_Tryptophan', 'Association', '@DISEASE_Lymphoma_Non_Hodgkin')"
D019344,D008228,Positive_Correlation,@CHEMICAL_Lactic_Acid,@DISEASE_Lymphoma_Non_Hodgkin,{'38117184'},['0.7106'],"('@CHEMICAL_Lactic_Acid', 'Positive_Correlation', '@DISEASE_Lymphoma_Non_Hodgkin')"
D014364,D000230,Negative_Correlation,@CHEMICAL_Tryptophan,@DISEASE_Adenocarcinoma,{'38117184'},['0.9277'],"('@CHEMICAL_Tryptophan', 'Negative_Correlation', '@DISEASE_Adenocarcinoma')"
D020148,D008228,Association,@CHEMICAL_Butyric_Acid,@DISEASE_Lymphoma_Non_Hodgkin,{'38117184'},['0.8962'],"('@CHEMICAL_Butyric_Acid', 'Association', '@DISEASE_Lymphoma_Non_Hodgkin')"
D020148,D000230,Negative_Correlation,@CHEMICAL_Butyric_Acid,@DISEASE_Adenocarcinoma,{'38117184'},['0.9729'],"('@CHEMICAL_Butyric_Acid', 'Negative_Correlation', '@DISEASE_Adenocarcinoma')"
D019344,D000230,Positive_Correlation,@CHEMICAL_Lactic_Acid,@DISEASE_Adenocarcinoma,{'38117184'},['0.9505'],"('@CHEMICAL_Lactic_Acid', 'Positive_Correlation', '@DISEASE_Adenocarcinoma')"
C531762,1401,Association,@DISEASE_Alkaptonuric_ochronosis,@GENE_CRP,{'27590860'},['0.9996'],"('@DISEASE_Alkaptonuric_ochronosis', 'Association', '@GENE_CRP')"
D008628,D064420,Positive_Correlation,@CHEMICAL_Mercury,@DISEASE_Drug_Related_Side_Effects_and_Adverse_Reactions,{'32000038'},['0.7887'],"('@CHEMICAL_Mercury', 'Positive_Correlation', '@DISEASE_Drug_Related_Side_Effects_and_Adverse_Reactions')"
D006713,D050723,Positive_Correlation,@CHEMICAL_Homogentisic_Acid,@DISEASE_Fractures_Bone,{'31235217'},['0.703'],"('@CHEMICAL_Homogentisic_Acid', 'Positive_Correlation', '@DISEASE_Fractures_Bone')"
D006713,D001851,Positive_Correlation,@CHEMICAL_Homogentisic_Acid,@DISEASE_Bone_Diseases_Metabolic,{'31235217'},['0.9852'],"('@CHEMICAL_Homogentisic_Acid', 'Positive_Correlation', '@DISEASE_Bone_Diseases_Metabolic')"
D000082882,100313781,Association,@DISEASE_Bicuspid_Aortic_Valve_Disease,@GENE_MIR718,{'34726256'},['0.9957'],"('@DISEASE_Bicuspid_Aortic_Valve_Disease', 'Association', '@GENE_MIR718')"
D000082882,619554,Association,@DISEASE_Bicuspid_Aortic_Valve_Disease,@GENE_MIR486_1,{'34726256'},['0.997'],"('@DISEASE_Bicuspid_Aortic_Valve_Disease', 'Association', '@GENE_MIR486_1')"
D012421,619554,Association,@DISEASE_Rupture,@GENE_MIR486_1,{'34726256'},['0.9992'],"('@DISEASE_Rupture', 'Association', '@GENE_MIR486_1')"
D056988,619554,Association,@DISEASE_Anterior_Wall_Myocardial_Infarction,@GENE_MIR486_1,{'34726256'},['0.9994'],"('@DISEASE_Anterior_Wall_Myocardial_Infarction', 'Association', '@GENE_MIR486_1')"
D005413,324,Association,@DISEASE_Flatfoot,@GENE_APC,{'9744312'},['0.9978'],"('@DISEASE_Flatfoot', 'Association', '@GENE_APC')"
D005413,7157,Association,@DISEASE_Flatfoot,@GENE_TP53,{'9744312'},['0.9994'],"('@DISEASE_Flatfoot', 'Association', '@GENE_TP53')"
D003092,7428,Association,@DISEASE_Colitis,@GENE_VHL,{'9744312'},['0.9994'],"('@DISEASE_Colitis', 'Association', '@GENE_VHL')"
D000236,324,Association,@DISEASE_Adenoma,@GENE_APC,{'9744312'},['0.9982'],"('@DISEASE_Adenoma', 'Association', '@GENE_APC')"
D005413,7428,Association,@DISEASE_Flatfoot,@GENE_VHL,{'9744312'},['0.9658'],"('@DISEASE_Flatfoot', 'Association', '@GENE_VHL')"
D003092,7157,Association,@DISEASE_Colitis,@GENE_TP53,{'9744312'},['0.9718'],"('@DISEASE_Colitis', 'Association', '@GENE_TP53')"
D003093,7428,Association,@DISEASE_Colitis_Ulcerative,@GENE_VHL,{'9744312'},['0.6104'],"('@DISEASE_Colitis_Ulcerative', 'Association', '@GENE_VHL')"
D000092342,7157,Association,@DISEASE_Polypoidal_Choroidal_Vasculopathy,@GENE_TP53,{'9744312'},['0.9996'],"('@DISEASE_Polypoidal_Choroidal_Vasculopathy', 'Association', '@GENE_TP53')"
D000092342,7428,Association,@DISEASE_Polypoidal_Choroidal_Vasculopathy,@GENE_VHL,{'9744312'},['0.9995'],"('@DISEASE_Polypoidal_Choroidal_Vasculopathy', 'Association', '@GENE_VHL')"
D010649,D003643,Association,@CHEMICAL_Phenylalanine,@DISEASE_Death,{'39258552'},['0.7101'],"('@CHEMICAL_Phenylalanine', 'Association', '@DISEASE_Death')"
D010649,D006333,Association,@CHEMICAL_Phenylalanine,@DISEASE_Heart_Failure,{'39258552'},['0.9609'],"('@CHEMICAL_Phenylalanine', 'Association', '@DISEASE_Heart_Failure')"
C010389,D002294,Negative_Correlation,@CHEMICAL_Lugol's_solution,@DISEASE_Carcinoma_Squamous_Cell,{'32698233'},['0.9983'],"(""@CHEMICAL_Lugol's_solution"", 'Negative_Correlation', '@DISEASE_Carcinoma_Squamous_Cell')"
C010389,D018307,Negative_Correlation,@CHEMICAL_Lugol's_solution,@DISEASE_Neoplasms_Squamous_Cell,{'32698233'},['0.9957'],"(""@CHEMICAL_Lugol's_solution"", 'Negative_Correlation', '@DISEASE_Neoplasms_Squamous_Cell')"
C010389,D008228,Negative_Correlation,@CHEMICAL_Lugol's_solution,@DISEASE_Lymphoma_Non_Hodgkin,{'32698233'},['0.9842'],"(""@CHEMICAL_Lugol's_solution"", 'Negative_Correlation', '@DISEASE_Lymphoma_Non_Hodgkin')"
C010389,D000077277,Negative_Correlation,@CHEMICAL_Lugol's_solution,@DISEASE_Esophageal_Squamous_Cell_Carcinoma,{'32698233'},['0.995'],"(""@CHEMICAL_Lugol's_solution"", 'Negative_Correlation', '@DISEASE_Esophageal_Squamous_Cell_Carcinoma')"
D063646,1029,Association,@DISEASE_Carcinogenesis,@GENE_CDKN2A,{'18665038'},['0.9994'],"('@DISEASE_Carcinogenesis', 'Association', '@GENE_CDKN2A')"
D063646,595,Association,@DISEASE_Carcinogenesis,@GENE_CCND1,{'18665038'},['0.9994'],"('@DISEASE_Carcinogenesis', 'Association', '@GENE_CCND1')"
D020739,68585,Association,@DISEASE_Brain_Diseases_Metabolic_Inborn,@GENE_RTN4,{'32738448'},['0.9971'],"('@DISEASE_Brain_Diseases_Metabolic_Inborn', 'Association', '@GENE_RTN4')"
D002241,D018149,Positive_Correlation,@CHEMICAL_Carbohydrates,@DISEASE_Glucose_Intolerance,{'32738448'},['0.9958'],"('@CHEMICAL_Carbohydrates', 'Positive_Correlation', '@DISEASE_Glucose_Intolerance')"
58805,68585,Positive_Correlation,@GENE_MLXIPL,@GENE_RTN4,{'32738448'},['0.6982'],"('@GENE_MLXIPL', 'Positive_Correlation', '@GENE_RTN4')"
D002241,D065626,Positive_Correlation,@CHEMICAL_Carbohydrates,@DISEASE_Non_alcoholic_Fatty_Liver_Disease,{'32738448'},['0.9986'],"('@CHEMICAL_Carbohydrates', 'Positive_Correlation', '@DISEASE_Non_alcoholic_Fatty_Liver_Disease')"
D002241,D020739,Positive_Correlation,@CHEMICAL_Carbohydrates,@DISEASE_Brain_Diseases_Metabolic_Inborn,{'32738448'},['0.9914'],"('@CHEMICAL_Carbohydrates', 'Positive_Correlation', '@DISEASE_Brain_Diseases_Metabolic_Inborn')"
D002241,D008659,Positive_Correlation,@CHEMICAL_Carbohydrates,@DISEASE_Metabolic_Diseases,{'32738448'},['0.9839'],"('@CHEMICAL_Carbohydrates', 'Positive_Correlation', '@DISEASE_Metabolic_Diseases')"
D008659,58805,Association,@DISEASE_Metabolic_Diseases,@GENE_MLXIPL,{'32738448'},['0.9996'],"('@DISEASE_Metabolic_Diseases', 'Association', '@GENE_MLXIPL')"
D005234,58805,Association,@DISEASE_Fatty_Liver,@GENE_MLXIPL,{'32738448'},['0.991'],"('@DISEASE_Fatty_Liver', 'Association', '@GENE_MLXIPL')"
D005947,D007153,Association,@CHEMICAL_Glucose,@DISEASE_Immunologic_Deficiency_Syndromes,{'32738448'},['0.5733'],"('@CHEMICAL_Glucose', 'Association', '@DISEASE_Immunologic_Deficiency_Syndromes')"
D002241,D007153,Association,@CHEMICAL_Carbohydrates,@DISEASE_Immunologic_Deficiency_Syndromes,{'32738448'},['0.9069'],"('@CHEMICAL_Carbohydrates', 'Association', '@DISEASE_Immunologic_Deficiency_Syndromes')"
D008659,68585,Association,@DISEASE_Metabolic_Diseases,@GENE_RTN4,{'32738448'},['0.9979'],"('@DISEASE_Metabolic_Diseases', 'Association', '@GENE_RTN4')"
D002241,D005234,Positive_Correlation,@CHEMICAL_Carbohydrates,@DISEASE_Fatty_Liver,{'32738448'},['0.999'],"('@CHEMICAL_Carbohydrates', 'Positive_Correlation', '@DISEASE_Fatty_Liver')"
D018149,68585,Association,@DISEASE_Glucose_Intolerance,@GENE_RTN4,{'32738448'},['0.9841'],"('@DISEASE_Glucose_Intolerance', 'Association', '@GENE_RTN4')"
D007249,68585,Association,@DISEASE_Inflammation,@GENE_RTN4,{'32738448'},['0.9922'],"('@DISEASE_Inflammation', 'Association', '@GENE_RTN4')"
D005234,68585,Association,@DISEASE_Fatty_Liver,@GENE_RTN4,{'32738448'},['0.9996'],"('@DISEASE_Fatty_Liver', 'Association', '@GENE_RTN4')"
D008055,D007153,Positive_Correlation,@CHEMICAL_Lipids,@DISEASE_Immunologic_Deficiency_Syndromes,{'32738448'},['0.759'],"('@CHEMICAL_Lipids', 'Positive_Correlation', '@DISEASE_Immunologic_Deficiency_Syndromes')"
D002241,D007333,Positive_Correlation,@CHEMICAL_Carbohydrates,@DISEASE_Insulin_Resistance,{'32738448'},['0.9969'],"('@CHEMICAL_Carbohydrates', 'Positive_Correlation', '@DISEASE_Insulin_Resistance')"
D006851,D008543,Association,@CHEMICAL_Hydrochloric_Acid,@CHEMICAL_Melanins,{'7511438'},['0.9916'],"('@CHEMICAL_Hydrochloric_Acid', 'Association', '@CHEMICAL_Melanins')"
D002395,D008543,Positive_Correlation,@CHEMICAL_Catecholamines,@CHEMICAL_Melanins,{'7511438'},['0.6748'],"('@CHEMICAL_Catecholamines', 'Positive_Correlation', '@CHEMICAL_Melanins')"
C031927,D008543,Association,@CHEMICAL_hydroquinone,@CHEMICAL_Melanins,{'7511438'},['0.2259'],"('@CHEMICAL_hydroquinone', 'Association', '@CHEMICAL_Melanins')"
C034221,D008543,Positive_Correlation,@CHEMICAL_catechol,@CHEMICAL_Melanins,{'7511438'},['0.3988'],"('@CHEMICAL_catechol', 'Positive_Correlation', '@CHEMICAL_Melanins')"
D000481,D006212,Association,@CHEMICAL_Allantoin,@DISEASE_Hallucinations,{'39511135'},['0.9844'],"('@CHEMICAL_Allantoin', 'Association', '@DISEASE_Hallucinations')"
D014633,D006212,Association,@CHEMICAL_Valine,@DISEASE_Hallucinations,{'39511135'},['0.9914'],"('@CHEMICAL_Valine', 'Association', '@DISEASE_Hallucinations')"
D001216,D006212,Association,@CHEMICAL_Asparagine,@DISEASE_Hallucinations,{'39511135'},['0.9545'],"('@CHEMICAL_Asparagine', 'Association', '@DISEASE_Hallucinations')"
D000225,D006212,Association,@CHEMICAL_Adenine,@DISEASE_Hallucinations,{'39511135'},['0.8464'],"('@CHEMICAL_Adenine', 'Association', '@DISEASE_Hallucinations')"
D007737,D006212,Association,@CHEMICAL_Kynurenine,@DISEASE_Hallucinations,{'39511135'},['0.9883'],"('@CHEMICAL_Kynurenine', 'Association', '@DISEASE_Hallucinations')"
D002635,D006212,Association,@CHEMICAL_Chenodeoxycholic_Acid,@DISEASE_Hallucinations,{'39511135'},['0.983'],"('@CHEMICAL_Chenodeoxycholic_Acid', 'Association', '@DISEASE_Hallucinations')"
C002893,D006212,Association,@CHEMICAL_decanoylcarnitine,@DISEASE_Hallucinations,{'39511135'},['0.9832'],"('@CHEMICAL_decanoylcarnitine', 'Association', '@DISEASE_Hallucinations')"
D020723,D006212,Association,@CHEMICAL_Glucuronic_Acid,@DISEASE_Hallucinations,{'39511135'},['0.99'],"('@CHEMICAL_Glucuronic_Acid', 'Association', '@DISEASE_Hallucinations')"
D007930,D006212,Association,@CHEMICAL_Leucine,@DISEASE_Hallucinations,{'39511135'},['0.7508'],"('@CHEMICAL_Leucine', 'Association', '@DISEASE_Hallucinations')"
C031626,D006212,Association,@CHEMICAL_ribose_5_phosphate,@DISEASE_Hallucinations,{'39511135'},['0.9982'],"('@CHEMICAL_ribose_5_phosphate', 'Association', '@DISEASE_Hallucinations')"
C005855,D006212,Association,@CHEMICAL_trimethyloxamine,@DISEASE_Hallucinations,{'39511135'},['0.9945'],"('@CHEMICAL_trimethyloxamine', 'Association', '@DISEASE_Hallucinations')"
C004946,D006212,Association,@CHEMICAL_glycocyamine,@DISEASE_Hallucinations,{'39511135'},['0.9786'],"('@CHEMICAL_glycocyamine', 'Association', '@DISEASE_Hallucinations')"
D006713,D006212,Association,@CHEMICAL_Homogentisic_Acid,@DISEASE_Hallucinations,{'39511135'},['0.9647'],"('@CHEMICAL_Homogentisic_Acid', 'Association', '@DISEASE_Hallucinations')"
D009243,D006212,Association,@CHEMICAL_NAD,@DISEASE_Hallucinations,{'39511135'},['0.7679'],"('@CHEMICAL_NAD', 'Association', '@DISEASE_Hallucinations')"
D019798,D006212,Association,@CHEMICAL_Neopterin,@DISEASE_Hallucinations,{'39511135'},['0.9592'],"('@CHEMICAL_Neopterin', 'Association', '@DISEASE_Hallucinations')"
D019826,D006212,Association,@CHEMICAL_Cholic_Acid,@DISEASE_Hallucinations,{'39511135'},['0.9799'],"('@CHEMICAL_Cholic_Acid', 'Association', '@DISEASE_Hallucinations')"
C061301,D006212,Association,@CHEMICAL_hexanoylcarnitine,@DISEASE_Hallucinations,{'39511135'},['0.9805'],"('@CHEMICAL_hexanoylcarnitine', 'Association', '@DISEASE_Hallucinations')"
D000249,D006212,Association,@CHEMICAL_Adenosine_Monophosphate,@DISEASE_Hallucinations,{'39511135'},['0.921'],"('@CHEMICAL_Adenosine_Monophosphate', 'Association', '@DISEASE_Hallucinations')"
C016635,D006212,Association,@CHEMICAL_acetoacetic_acid,@DISEASE_Hallucinations,{'39511135'},['0.9786'],"('@CHEMICAL_acetoacetic_acid', 'Association', '@DISEASE_Hallucinations')"
C008698,D006212,Association,@CHEMICAL_octanoylcarnitine,@DISEASE_Hallucinations,{'39511135'},['0.959'],"('@CHEMICAL_octanoylcarnitine', 'Association', '@DISEASE_Hallucinations')"
D015792,1045,Association,@DISEASE_Retinal_Dysplasia,@GENE_CDX2,{'26926447'},['0.999'],"('@DISEASE_Retinal_Dysplasia', 'Association', '@GENE_CDX2')"
D001471,1500,Association,@DISEASE_Barrett_Esophagus,@GENE_CTNND1,{'26926447'},['0.9989'],"('@DISEASE_Barrett_Esophagus', 'Association', '@GENE_CTNND1')"
D001471,1045,Association,@DISEASE_Barrett_Esophagus,@GENE_CDX2,{'26926447'},['0.9984'],"('@DISEASE_Barrett_Esophagus', 'Association', '@GENE_CDX2')"
D001471,182,Association,@DISEASE_Barrett_Esophagus,@GENE_JAG1,{'26926447'},['0.9991'],"('@DISEASE_Barrett_Esophagus', 'Association', '@GENE_JAG1')"
D015792,1500,Association,@DISEASE_Retinal_Dysplasia,@GENE_CTNND1,{'26926447'},['0.9991'],"('@DISEASE_Retinal_Dysplasia', 'Association', '@GENE_CTNND1')"
D000230,1500,Association,@DISEASE_Adenocarcinoma,@GENE_CTNND1,{'26926447'},['0.9947'],"('@DISEASE_Adenocarcinoma', 'Association', '@GENE_CTNND1')"
D015792,182,Association,@DISEASE_Retinal_Dysplasia,@GENE_JAG1,{'26926447'},['0.9993'],"('@DISEASE_Retinal_Dysplasia', 'Association', '@GENE_JAG1')"
D015792,4609,Association,@DISEASE_Retinal_Dysplasia,@GENE_MYC,{'26926447'},['0.9986'],"('@DISEASE_Retinal_Dysplasia', 'Association', '@GENE_MYC')"
D000230,182,Association,@DISEASE_Adenocarcinoma,@GENE_JAG1,{'26926447'},['0.9932'],"('@DISEASE_Adenocarcinoma', 'Association', '@GENE_JAG1')"
D008543,D009794,Positive_Correlation,@CHEMICAL_Melanins,@DISEASE_Ochronosis,{'39925566'},['0.995'],"('@CHEMICAL_Melanins', 'Positive_Correlation', '@DISEASE_Ochronosis')"
C010925,24835,Positive_Correlation,@CHEMICAL_2_5_dihydroxybenzoic_acid,@GENE_TNF,{'8285140'},['0.9991'],"('@CHEMICAL_2_5_dihydroxybenzoic_acid', 'Positive_Correlation', '@GENE_TNF')"
C010925,D012459,Association,@CHEMICAL_2_5_dihydroxybenzoic_acid,@CHEMICAL_Salicylates,{'8285140'},['0.8821'],"('@CHEMICAL_2_5_dihydroxybenzoic_acid', 'Association', '@CHEMICAL_Salicylates')"
D006713,3552,Negative_Correlation,@CHEMICAL_Homogentisic_Acid,@GENE_IL1A,{'8285140'},['0.9983'],"('@CHEMICAL_Homogentisic_Acid', 'Negative_Correlation', '@GENE_IL1A')"
C010925,D001241,Comparison,@CHEMICAL_2_5_dihydroxybenzoic_acid,@CHEMICAL_Aspirin,{'8285140'},['0.4007'],"('@CHEMICAL_2_5_dihydroxybenzoic_acid', 'Comparison', '@CHEMICAL_Aspirin')"
C010925,24498,Negative_Correlation,@CHEMICAL_2_5_dihydroxybenzoic_acid,@GENE_IL6,{'8285140'},['0.9991'],"('@CHEMICAL_2_5_dihydroxybenzoic_acid', 'Negative_Correlation', '@GENE_IL6')"
D006861,D010636,Negative_Correlation,@CHEMICAL_Hydrogen_Peroxide,@CHEMICAL_Phenols,{'8285140'},['0.9541'],"('@CHEMICAL_Hydrogen_Peroxide', 'Negative_Correlation', '@CHEMICAL_Phenols')"
D001241,D007249,Association,@CHEMICAL_Aspirin,@DISEASE_Inflammation,{'8285140'},['0.9583'],"('@CHEMICAL_Aspirin', 'Association', '@DISEASE_Inflammation')"
C010925,D007249,Negative_Correlation,@CHEMICAL_2_5_dihydroxybenzoic_acid,@DISEASE_Inflammation,{'8285140'},['0.9941'],"('@CHEMICAL_2_5_dihydroxybenzoic_acid', 'Negative_Correlation', '@DISEASE_Inflammation')"
D006861,D019804,Negative_Correlation,@CHEMICAL_Hydrogen_Peroxide,@CHEMICAL_Mesalamine,{'8285140'},['0.9991'],"('@CHEMICAL_Hydrogen_Peroxide', 'Negative_Correlation', '@CHEMICAL_Mesalamine')"
C010925,3552,Positive_Correlation,@CHEMICAL_2_5_dihydroxybenzoic_acid,@GENE_IL1A,{'8285140'},['0.9991'],"('@CHEMICAL_2_5_dihydroxybenzoic_acid', 'Positive_Correlation', '@GENE_IL1A')"
D012459,D007249,Association,@CHEMICAL_Salicylates,@DISEASE_Inflammation,{'8285140'},['0.7778'],"('@CHEMICAL_Salicylates', 'Association', '@DISEASE_Inflammation')"
C010925,D006861,Negative_Correlation,@CHEMICAL_2_5_dihydroxybenzoic_acid,@CHEMICAL_Hydrogen_Peroxide,{'8285140'},['0.9985'],"('@CHEMICAL_2_5_dihydroxybenzoic_acid', 'Negative_Correlation', '@CHEMICAL_Hydrogen_Peroxide')"
D014443,3552,Negative_Correlation,@CHEMICAL_Tyrosine,@GENE_IL1A,{'8285140'},['0.9967'],"('@CHEMICAL_Tyrosine', 'Negative_Correlation', '@GENE_IL1A')"
C010925,D015232,Negative_Correlation,@CHEMICAL_2_5_dihydroxybenzoic_acid,@CHEMICAL_Dinoprostone,{'8285140'},['0.9989'],"('@CHEMICAL_2_5_dihydroxybenzoic_acid', 'Negative_Correlation', '@CHEMICAL_Dinoprostone')"
D005841,3552,Negative_Correlation,@CHEMICAL_Gentisates,@GENE_IL1A,{'8285140'},['0.9982'],"('@CHEMICAL_Gentisates', 'Negative_Correlation', '@GENE_IL1A')"
D015232,D019804,Negative_Correlation,@CHEMICAL_Dinoprostone,@CHEMICAL_Mesalamine,{'8285140'},['0.9321'],"('@CHEMICAL_Dinoprostone', 'Negative_Correlation', '@CHEMICAL_Mesalamine')"
D011241,D006130,Association,@CHEMICAL_Prednisone,@DISEASE_Growth_Disorders,{'32956407'},['0.9834'],"('@CHEMICAL_Prednisone', 'Association', '@DISEASE_Growth_Disorders')"
D011241,D006628,Association,@CHEMICAL_Prednisone,@DISEASE_Hirsutism,{'32956407'},['0.9953'],"('@CHEMICAL_Prednisone', 'Association', '@DISEASE_Hirsutism')"
C021988,D006130,Association,@CHEMICAL_deflazacort,@DISEASE_Growth_Disorders,{'32956407'},['0.9801'],"('@CHEMICAL_deflazacort', 'Association', '@DISEASE_Growth_Disorders')"
C021988,D006628,Association,@CHEMICAL_deflazacort,@DISEASE_Hirsutism,{'32956407'},['0.9798'],"('@CHEMICAL_deflazacort', 'Association', '@DISEASE_Hirsutism')"
C584811,D006628,Positive_Correlation,@CHEMICAL_VBP15_compound,@DISEASE_Hirsutism,{'32956407'},['0.6974'],"('@CHEMICAL_VBP15_compound', 'Positive_Correlation', '@DISEASE_Hirsutism')"
D011241,D015430,Association,@CHEMICAL_Prednisone,@DISEASE_Weight_Gain,{'32956407'},['0.9896'],"('@CHEMICAL_Prednisone', 'Association', '@DISEASE_Weight_Gain')"
C584811,D007249,Negative_Correlation,@CHEMICAL_VBP15_compound,@DISEASE_Inflammation,{'32956407'},['0.9983'],"('@CHEMICAL_VBP15_compound', 'Negative_Correlation', '@DISEASE_Inflammation')"
C584811,D015430,Positive_Correlation,@CHEMICAL_VBP15_compound,@DISEASE_Weight_Gain,{'32956407'},['0.9361'],"('@CHEMICAL_VBP15_compound', 'Positive_Correlation', '@DISEASE_Weight_Gain')"
C021988,D011241,Association,@CHEMICAL_deflazacort,@CHEMICAL_Prednisone,{'32956407'},['0.8685'],"('@CHEMICAL_deflazacort', 'Association', '@CHEMICAL_Prednisone')"
C021988,D015430,Association,@CHEMICAL_deflazacort,@DISEASE_Weight_Gain,{'32956407'},['0.9787'],"('@CHEMICAL_deflazacort', 'Association', '@DISEASE_Weight_Gain')"
C029010,D019817,Association,@CHEMICAL_cinnamic_acid,@CHEMICAL_Benzoic_Acid,{'4451551'},['0.9801'],"('@CHEMICAL_cinnamic_acid', 'Association', '@CHEMICAL_Benzoic_Acid')"
C085776,D010971,Association,@CHEMICAL_decylplastoquinone,@CHEMICAL_Plastoquinone,{'31773889'},['0.8329'],"('@CHEMICAL_decylplastoquinone', 'Association', '@CHEMICAL_Plastoquinone')"
D004295,C535845,Association,@CHEMICAL_Dihydroxyphenylalanine,@DISEASE_Hawkinsinuria,{'37384105'},['0.8151'],"('@CHEMICAL_Dihydroxyphenylalanine', 'Association', '@DISEASE_Hawkinsinuria')"
C561418,D011761,Association,@CHEMICAL_dioxotechnetium,@CHEMICAL_Pyrrolidonecarboxylic_Acid,{'37384105'},['0.7578'],"('@CHEMICAL_dioxotechnetium', 'Association', '@CHEMICAL_Pyrrolidonecarboxylic_Acid')"
C020804,D006713,Negative_Correlation,@CHEMICAL_succinylacetone,@CHEMICAL_Homogentisic_Acid,{'37384105'},['0.5715'],"('@CHEMICAL_succinylacetone', 'Negative_Correlation', '@CHEMICAL_Homogentisic_Acid')"
C023793,D008055,Negative_Correlation,@CHEMICAL_pyomelanin,@CHEMICAL_Lipids,{'24376440'},['0.9429'],"('@CHEMICAL_pyomelanin', 'Negative_Correlation', '@CHEMICAL_Lipids')"
D008228,5225,Association,@DISEASE_Lymphoma_Non_Hodgkin,@GENE_PGC,{'21467942'},['0.9312'],"('@DISEASE_Lymphoma_Non_Hodgkin', 'Association', '@GENE_PGC')"
D008228,633,Association,@DISEASE_Lymphoma_Non_Hodgkin,@GENE_BGN,{'21467942'},['0.9312'],"('@DISEASE_Lymphoma_Non_Hodgkin', 'Association', '@GENE_BGN')"
D004415,633,Association,@DISEASE_Dyspepsia,@GENE_BGN,{'21467942'},['0.983'],"('@DISEASE_Dyspepsia', 'Association', '@GENE_BGN')"
D004415,5225,Association,@DISEASE_Dyspepsia,@GENE_PGC,{'21467942'},['0.983'],"('@DISEASE_Dyspepsia', 'Association', '@GENE_PGC')"
D012492,D013272,Positive_Correlation,@CHEMICAL_Salts,@DISEASE_Stomach_Diseases,{'21467942'},['0.9957'],"('@CHEMICAL_Salts', 'Positive_Correlation', '@DISEASE_Stomach_Diseases')"
D012492,D013274,Positive_Correlation,@CHEMICAL_Salts,@DISEASE_Stomach_Neoplasms,{'21467942'},['0.9951'],"('@CHEMICAL_Salts', 'Positive_Correlation', '@DISEASE_Stomach_Neoplasms')"
D001397,D015179,Positive_Correlation,@CHEMICAL_Azoxymethane,@DISEASE_Colorectal_Neoplasms,{'22044139'},['0.9977'],"('@CHEMICAL_Azoxymethane', 'Positive_Correlation', '@DISEASE_Colorectal_Neoplasms')"
D001397,D007249,Positive_Correlation,@CHEMICAL_Azoxymethane,@DISEASE_Inflammation,{'22044139'},['0.6271'],"('@CHEMICAL_Azoxymethane', 'Positive_Correlation', '@DISEASE_Inflammation')"
D000230,7157,Positive_Correlation,@DISEASE_Adenocarcinoma,@GENE_TP53,{'35476812'},['0.8819'],"('@DISEASE_Adenocarcinoma', 'Positive_Correlation', '@GENE_TP53')"
D006713,D014295,Association,@CHEMICAL_Homogentisic_Acid,@CHEMICAL_Trimethoprim,{'36215670'},['0.9829'],"('@CHEMICAL_Homogentisic_Acid', 'Association', '@CHEMICAL_Trimethoprim')"
C023793,D014295,Association,@CHEMICAL_pyomelanin,@CHEMICAL_Trimethoprim,{'36215670'},['0.9987'],"('@CHEMICAL_pyomelanin', 'Association', '@CHEMICAL_Trimethoprim')"
D006886,D017495,Positive_Correlation,@CHEMICAL_Hydroxychloroquine,@DISEASE_Hyperpigmentation,{'30071940'},['0.9993'],"('@CHEMICAL_Hydroxychloroquine', 'Positive_Correlation', '@DISEASE_Hyperpigmentation')"
D006886,D001172,Negative_Correlation,@CHEMICAL_Hydroxychloroquine,@DISEASE_Arthritis_Rheumatoid,{'30071940'},['0.9878'],"('@CHEMICAL_Hydroxychloroquine', 'Negative_Correlation', '@DISEASE_Arthritis_Rheumatoid')"
D006886,D009794,Positive_Correlation,@CHEMICAL_Hydroxychloroquine,@DISEASE_Ochronosis,{'30071940'},['0.9985'],"('@CHEMICAL_Hydroxychloroquine', 'Positive_Correlation', '@DISEASE_Ochronosis')"
D012871,3081,Negative_Correlation,@DISEASE_Skin_Diseases,@GENE_HGD,{'30071940'},['0.7814'],"('@DISEASE_Skin_Diseases', 'Negative_Correlation', '@GENE_HGD')"
D010649,D008661,Association,@CHEMICAL_Phenylalanine,@DISEASE_Metabolism_Inborn_Errors,{'7673153'},['0.9347'],"('@CHEMICAL_Phenylalanine', 'Association', '@DISEASE_Metabolism_Inborn_Errors')"
C077073,#3242#c.1T>T,Negative_Correlation,@CHEMICAL_nitisinone,@VARIANT_c.1T>T_HPD_human,{'28128559'},['0.9852'],"('@CHEMICAL_nitisinone', 'Negative_Correlation', '@VARIANT_c.1T>T_HPD_human')"
D014443,D019973,Association,@CHEMICAL_Tyrosine,@DISEASE_Alcohol_Related_Disorders,{'28128559'},['0.9988'],"('@CHEMICAL_Tyrosine', 'Association', '@DISEASE_Alcohol_Related_Disorders')"
C077073,3242,Association,@CHEMICAL_nitisinone,@GENE_HPD,{'28128559'},['0.5264'],"('@CHEMICAL_nitisinone', 'Association', '@GENE_HPD')"
D019973,3242,Association,@DISEASE_Alcohol_Related_Disorders,@GENE_HPD,{'28128559'},['0.9995'],"('@DISEASE_Alcohol_Related_Disorders', 'Association', '@GENE_HPD')"
D001471,596,Association,@DISEASE_Barrett_Esophagus,@GENE_BCL2,{'9436964'},['0.8998'],"('@DISEASE_Barrett_Esophagus', 'Association', '@GENE_BCL2')"
837405,837757,Positive_Correlation,@GENE_CSD1,@GENE_AT1G12050,{'29785518'},['0.6585'],"('@GENE_CSD1', 'Positive_Correlation', '@GENE_AT1G12050')"
D012492,837405,Association,@CHEMICAL_Salts,@GENE_CSD1,{'29785518'},['0.995'],"('@CHEMICAL_Salts', 'Association', '@GENE_CSD1')"
820121,837757,Positive_Correlation,@GENE_APX2,@GENE_AT1G12050,{'29785518'},['0.8008'],"('@GENE_APX2', 'Positive_Correlation', '@GENE_AT1G12050')"
D014443,D017382,Negative_Correlation,@CHEMICAL_Tyrosine,@CHEMICAL_Reactive_Oxygen_Species,{'29785518'},['0.8412'],"('@CHEMICAL_Tyrosine', 'Negative_Correlation', '@CHEMICAL_Reactive_Oxygen_Species')"
D006861,837757,Positive_Correlation,@CHEMICAL_Hydrogen_Peroxide,@GENE_AT1G12050,{'29785518'},['0.9947'],"('@CHEMICAL_Hydrogen_Peroxide', 'Positive_Correlation', '@GENE_AT1G12050')"
D012492,820121,Association,@CHEMICAL_Salts,@GENE_APX2,{'29785518'},['0.9969'],"('@CHEMICAL_Salts', 'Association', '@GENE_APX2')"
D017382,837757,Association,@CHEMICAL_Reactive_Oxygen_Species,@GENE_AT1G12050,{'29785518'},['0.6539'],"('@CHEMICAL_Reactive_Oxygen_Species', 'Association', '@GENE_AT1G12050')"
D012492,D017382,Positive_Correlation,@CHEMICAL_Salts,@CHEMICAL_Reactive_Oxygen_Species,{'29785518'},['0.9985'],"('@CHEMICAL_Salts', 'Positive_Correlation', '@CHEMICAL_Reactive_Oxygen_Species')"
D014443,837757,Negative_Correlation,@CHEMICAL_Tyrosine,@GENE_AT1G12050,{'29785518'},['0.8915'],"('@CHEMICAL_Tyrosine', 'Negative_Correlation', '@GENE_AT1G12050')"
D012492,837757,Association,@CHEMICAL_Salts,@GENE_AT1G12050,{'29785518'},['0.5862'],"('@CHEMICAL_Salts', 'Association', '@GENE_AT1G12050')"
D004342,837757,Association,@DISEASE_Drug_Hypersensitivity,@GENE_AT1G12050,{'29785518'},['0.9985'],"('@DISEASE_Drug_Hypersensitivity', 'Association', '@GENE_AT1G12050')"
D017382,820121,Association,@CHEMICAL_Reactive_Oxygen_Species,@GENE_APX2,{'29785518'},['0.9864'],"('@CHEMICAL_Reactive_Oxygen_Species', 'Association', '@GENE_APX2')"
D017382,837405,Association,@CHEMICAL_Reactive_Oxygen_Species,@GENE_CSD1,{'29785518'},['0.9975'],"('@CHEMICAL_Reactive_Oxygen_Species', 'Association', '@GENE_CSD1')"
D006713,D025063,Positive_Correlation,@CHEMICAL_Homogentisic_Acid,@DISEASE_Chromosome_Disorders,{'34560068'},['0.9928'],"('@CHEMICAL_Homogentisic_Acid', 'Positive_Correlation', '@DISEASE_Chromosome_Disorders')"
D000077146,D002869,Positive_Correlation,@CHEMICAL_Irinotecan,@DISEASE_Chromosome_Aberrations,{'34560068'},['0.9987'],"('@CHEMICAL_Irinotecan', 'Positive_Correlation', '@DISEASE_Chromosome_Aberrations')"
D000077146,D006713,Negative_Correlation,@CHEMICAL_Irinotecan,@CHEMICAL_Homogentisic_Acid,{'34560068'},['0.9873'],"('@CHEMICAL_Irinotecan', 'Negative_Correlation', '@CHEMICAL_Homogentisic_Acid')"
D000077146,D025063,Positive_Correlation,@CHEMICAL_Irinotecan,@DISEASE_Chromosome_Disorders,{'34560068'},['0.9104'],"('@CHEMICAL_Irinotecan', 'Positive_Correlation', '@DISEASE_Chromosome_Disorders')"
D000040,D002338,Positive_Correlation,@CHEMICAL_Abscisic_Acid,@CHEMICAL_Carotenoids,{'29315977'},['0.7639'],"('@CHEMICAL_Abscisic_Acid', 'Positive_Correlation', '@CHEMICAL_Carotenoids')"
D010971,D024505,Association,@CHEMICAL_Plastoquinone,@CHEMICAL_Tocopherols,{'29315977'},['0.6734'],"('@CHEMICAL_Plastoquinone', 'Association', '@CHEMICAL_Tocopherols')"
C100185,D010971,Positive_Correlation,@CHEMICAL_(all_E)_phytoene,@CHEMICAL_Plastoquinone,{'29315977'},['0.573'],"('@CHEMICAL_(all_E)_phytoene', 'Positive_Correlation', '@CHEMICAL_Plastoquinone')"
D019207,831587,Association,@CHEMICAL_beta_Carotene,@GENE_PSY,{'36303886'},['0.7213'],"('@CHEMICAL_beta_Carotene', 'Association', '@GENE_PSY')"
D019207,835334,Association,@CHEMICAL_beta_Carotene,@GENE_BETA_OHASE_2,{'36303886'},['0.8659'],"('@CHEMICAL_beta_Carotene', 'Association', '@GENE_BETA_OHASE_2')"
D002338,D019207,Association,@CHEMICAL_Carotenoids,@CHEMICAL_beta_Carotene,{'36303886'},['0.368'],"('@CHEMICAL_Carotenoids', 'Association', '@CHEMICAL_beta_Carotene')"
D002338,831587,Association,@CHEMICAL_Carotenoids,@GENE_PSY,{'36303886'},['0.9897'],"('@CHEMICAL_Carotenoids', 'Association', '@GENE_PSY')"
D002712,D010261,Positive_Correlation,@CHEMICAL_Chlorides,@CHEMICAL_Paraoxon,{'12545199'},['0.9982'],"('@CHEMICAL_Chlorides', 'Positive_Correlation', '@CHEMICAL_Paraoxon')"
D002712,5444,Positive_Correlation,@CHEMICAL_Chlorides,@GENE_PON1,{'12545199'},['0.9992'],"('@CHEMICAL_Chlorides', 'Positive_Correlation', '@GENE_PON1')"
D012977,5444,Positive_Correlation,@CHEMICAL_Sodium_Nitrite,@GENE_PON1,{'12545199'},['0.9993'],"('@CHEMICAL_Sodium_Nitrite', 'Positive_Correlation', '@GENE_PON1')"
D011189,5444,Association,@CHEMICAL_Potassium_Chloride,@GENE_PON1,{'12545199'},['0.5153'],"('@CHEMICAL_Potassium_Chloride', 'Association', '@GENE_PON1')"
C570634,5444,Association,@CHEMICAL_phenyl_acetate,@GENE_PON1,{'12545199'},['0.5263'],"('@CHEMICAL_phenyl_acetate', 'Association', '@GENE_PON1')"
D012965,5444,Negative_Correlation,@CHEMICAL_Sodium_Chloride,@GENE_PON1,{'12545199'},['0.9984'],"('@CHEMICAL_Sodium_Chloride', 'Negative_Correlation', '@GENE_PON1')"
C570634,D012965,Negative_Correlation,@CHEMICAL_phenyl_acetate,@CHEMICAL_Sodium_Chloride,{'12545199'},['0.9986'],"('@CHEMICAL_phenyl_acetate', 'Negative_Correlation', '@CHEMICAL_Sodium_Chloride')"
C027938,5444,Positive_Correlation,@CHEMICAL_sodium_bromide,@GENE_PON1,{'12545199'},['0.999'],"('@CHEMICAL_sodium_bromide', 'Positive_Correlation', '@GENE_PON1')"
D010261,5444,Association,@CHEMICAL_Paraoxon,@GENE_PON1,{'12545199'},['0.7995'],"('@CHEMICAL_Paraoxon', 'Association', '@GENE_PON1')"
C008070,C010590,Association,@CHEMICAL_4_hydroxyphenylacetic_acid,@CHEMICAL_4_hydroxyphenylpyruvic_acid,{'931949'},['0.5044'],"('@CHEMICAL_4_hydroxyphenylacetic_acid', 'Association', '@CHEMICAL_4_hydroxyphenylpyruvic_acid')"
D001554,D015102,Association,@CHEMICAL_Benzene,@CHEMICAL_3_4_Dihydroxyphenylacetic_Acid,{'931949'},['0.9887'],"('@CHEMICAL_Benzene', 'Association', '@CHEMICAL_3_4_Dihydroxyphenylacetic_Acid')"
D014443,D015102,Association,@CHEMICAL_Tyrosine,@CHEMICAL_3_4_Dihydroxyphenylacetic_Acid,{'931949'},['0.9964'],"('@CHEMICAL_Tyrosine', 'Association', '@CHEMICAL_3_4_Dihydroxyphenylacetic_Acid')"
D003093,1029,Association,@DISEASE_Colitis_Ulcerative,@GENE_CDKN2A,{'11325821'},['0.9912'],"('@DISEASE_Colitis_Ulcerative', 'Association', '@GENE_CDKN2A')"
D003093,4654,Association,@DISEASE_Colitis_Ulcerative,@GENE_MYOD1,{'11325821'},['0.9738'],"('@DISEASE_Colitis_Ulcerative', 'Association', '@GENE_MYOD1')"
D008228,1462,Association,@DISEASE_Lymphoma_Non_Hodgkin,@GENE_VCAN,{'11325821'},['0.9385'],"('@DISEASE_Lymphoma_Non_Hodgkin', 'Association', '@GENE_VCAN')"
D008228,4654,Association,@DISEASE_Lymphoma_Non_Hodgkin,@GENE_MYOD1,{'11325821'},['0.9148'],"('@DISEASE_Lymphoma_Non_Hodgkin', 'Association', '@GENE_MYOD1')"
D008228,2069,Association,@DISEASE_Lymphoma_Non_Hodgkin,@GENE_EREG,{'11325821'},['0.9005'],"('@DISEASE_Lymphoma_Non_Hodgkin', 'Association', '@GENE_EREG')"
D003093,2069,Association,@DISEASE_Colitis_Ulcerative,@GENE_EREG,{'11325821'},['0.9865'],"('@DISEASE_Colitis_Ulcerative', 'Association', '@GENE_EREG')"
D003093,1462,Association,@DISEASE_Colitis_Ulcerative,@GENE_VCAN,{'11325821'},['0.6978'],"('@DISEASE_Colitis_Ulcerative', 'Association', '@GENE_VCAN')"
D014443,D000094724,Positive_Correlation,@CHEMICAL_Tyrosine,@DISEASE_Idiopathic_Noncirrhotic_Portal_Hypertension,{'501206'},['0.9974'],"('@CHEMICAL_Tyrosine', 'Positive_Correlation', '@DISEASE_Idiopathic_Noncirrhotic_Portal_Hypertension')"
D000094724,3081,Association,@DISEASE_Idiopathic_Noncirrhotic_Portal_Hypertension,@GENE_HGD,{'501206'},['0.9996'],"('@DISEASE_Idiopathic_Noncirrhotic_Portal_Hypertension', 'Association', '@GENE_HGD')"
D014443,D006528,Positive_Correlation,@CHEMICAL_Tyrosine,@DISEASE_Carcinoma_Hepatocellular,{'3591520'},['0.9987'],"('@CHEMICAL_Tyrosine', 'Positive_Correlation', '@DISEASE_Carcinoma_Hepatocellular')"
C460373,D006528,Positive_Correlation,@CHEMICAL_fumarylacetone,@DISEASE_Carcinoma_Hepatocellular,{'3591520'},['0.9908'],"('@CHEMICAL_fumarylacetone', 'Positive_Correlation', '@DISEASE_Carcinoma_Hepatocellular')"
C001418,D006528,Positive_Correlation,@CHEMICAL_4_hydroxyphenyllactic_acid,@DISEASE_Carcinoma_Hepatocellular,{'3591520'},['0.9993'],"('@CHEMICAL_4_hydroxyphenyllactic_acid', 'Positive_Correlation', '@DISEASE_Carcinoma_Hepatocellular')"
D004852,C537537,Association,@CHEMICAL_Epoxy_Compounds,@DISEASE_Segawa_syndrome_autosomal_recessive,{'3591520'},['0.8644'],"('@CHEMICAL_Epoxy_Compounds', 'Association', '@DISEASE_Segawa_syndrome_autosomal_recessive')"
D008543,D007239,Association,@CHEMICAL_Melanins,@DISEASE_Infections,{'34643424'},['0.9306'],"('@CHEMICAL_Melanins', 'Association', '@DISEASE_Infections')"
D006859,D009532,Association,@CHEMICAL_Hydrogen,@CHEMICAL_Nickel,{'40628010'},['0.4897'],"('@CHEMICAL_Hydrogen', 'Association', '@CHEMICAL_Nickel')"
C077073,D050723,Positive_Correlation,@CHEMICAL_nitisinone,@DISEASE_Fractures_Bone,{'33118050'},['0.9796'],"('@CHEMICAL_nitisinone', 'Positive_Correlation', '@DISEASE_Fractures_Bone')"
D010649,D010971,Association,@CHEMICAL_Phenylalanine,@CHEMICAL_Plastoquinone,{'5683508'},['0.8968'],"('@CHEMICAL_Phenylalanine', 'Association', '@CHEMICAL_Plastoquinone')"
D002244,D010971,Association,@CHEMICAL_Carbon,@CHEMICAL_Plastoquinone,{'5683508'},['0.5966'],"('@CHEMICAL_Carbon', 'Association', '@CHEMICAL_Plastoquinone')"
C010590,C038193,Association,@CHEMICAL_4_hydroxyphenylpyruvic_acid,@CHEMICAL_4_hydroxybenzoic_acid,{'5683508'},['0.9769'],"('@CHEMICAL_4_hydroxyphenylpyruvic_acid', 'Association', '@CHEMICAL_4_hydroxybenzoic_acid')"
C038193,D006713,Association,@CHEMICAL_4_hydroxybenzoic_acid,@CHEMICAL_Homogentisic_Acid,{'5683508'},['0.998'],"('@CHEMICAL_4_hydroxybenzoic_acid', 'Association', '@CHEMICAL_Homogentisic_Acid')"
C038193,D024322,Association,@CHEMICAL_4_hydroxybenzoic_acid,@CHEMICAL_Amino_Acids_Aromatic,{'5683508'},['0.9932'],"('@CHEMICAL_4_hydroxybenzoic_acid', 'Association', '@CHEMICAL_Amino_Acids_Aromatic')"
C479072,D002244,Positive_Correlation,@CHEMICAL_delta_tocopherol,@CHEMICAL_Carbon,{'5683508'},['0.4712'],"('@CHEMICAL_delta_tocopherol', 'Positive_Correlation', '@CHEMICAL_Carbon')"
C038193,D010837,Association,@CHEMICAL_4_hydroxybenzoic_acid,@CHEMICAL_Vitamin_K_1,{'5683508'},['0.9993'],"('@CHEMICAL_4_hydroxybenzoic_acid', 'Association', '@CHEMICAL_Vitamin_K_1')"
C005581,C038193,Association,@CHEMICAL_protocatechualdehyde,@CHEMICAL_4_hydroxybenzoic_acid,{'5683508'},['0.9957'],"('@CHEMICAL_protocatechualdehyde', 'Association', '@CHEMICAL_4_hydroxybenzoic_acid')"
C010590,C062397,Association,@CHEMICAL_4_hydroxyphenylpyruvic_acid,@CHEMICAL_2_methyl_1_4_hydroquinone,{'5683508'},['0.998'],"('@CHEMICAL_4_hydroxyphenylpyruvic_acid', 'Association', '@CHEMICAL_2_methyl_1_4_hydroquinone')"
C062397,D006713,Association,@CHEMICAL_2_methyl_1_4_hydroquinone,@CHEMICAL_Homogentisic_Acid,{'5683508'},['0.998'],"('@CHEMICAL_2_methyl_1_4_hydroquinone', 'Association', '@CHEMICAL_Homogentisic_Acid')"
C002421,D010649,Association,@CHEMICAL_tocopherylquinone,@CHEMICAL_Phenylalanine,{'5683508'},['0.9732'],"('@CHEMICAL_tocopherylquinone', 'Association', '@CHEMICAL_Phenylalanine')"
C005581,C010590,Association,@CHEMICAL_protocatechualdehyde,@CHEMICAL_4_hydroxyphenylpyruvic_acid,{'5683508'},['0.9973'],"('@CHEMICAL_protocatechualdehyde', 'Association', '@CHEMICAL_4_hydroxyphenylpyruvic_acid')"
C038193,C062397,Association,@CHEMICAL_4_hydroxybenzoic_acid,@CHEMICAL_2_methyl_1_4_hydroquinone,{'5683508'},['0.9968'],"('@CHEMICAL_4_hydroxybenzoic_acid', 'Association', '@CHEMICAL_2_methyl_1_4_hydroquinone')"
C005581,C495469,Association,@CHEMICAL_protocatechualdehyde,@CHEMICAL_p_coumaric_acid,{'5683508'},['0.9978'],"('@CHEMICAL_protocatechualdehyde', 'Association', '@CHEMICAL_p_coumaric_acid')"
C005581,D024322,Association,@CHEMICAL_protocatechualdehyde,@CHEMICAL_Amino_Acids_Aromatic,{'5683508'},['0.9946'],"('@CHEMICAL_protocatechualdehyde', 'Association', '@CHEMICAL_Amino_Acids_Aromatic')"
C062397,D024322,Association,@CHEMICAL_2_methyl_1_4_hydroquinone,@CHEMICAL_Amino_Acids_Aromatic,{'5683508'},['0.9968'],"('@CHEMICAL_2_methyl_1_4_hydroquinone', 'Association', '@CHEMICAL_Amino_Acids_Aromatic')"
C479072,D014443,Positive_Correlation,@CHEMICAL_delta_tocopherol,@CHEMICAL_Tyrosine,{'5683508'},['0.9702'],"('@CHEMICAL_delta_tocopherol', 'Positive_Correlation', '@CHEMICAL_Tyrosine')"
C005581,D010837,Association,@CHEMICAL_protocatechualdehyde,@CHEMICAL_Vitamin_K_1,{'5683508'},['0.9994'],"('@CHEMICAL_protocatechualdehyde', 'Association', '@CHEMICAL_Vitamin_K_1')"
C038193,C495469,Association,@CHEMICAL_4_hydroxybenzoic_acid,@CHEMICAL_p_coumaric_acid,{'5683508'},['0.9922'],"('@CHEMICAL_4_hydroxybenzoic_acid', 'Association', '@CHEMICAL_p_coumaric_acid')"
D014443,D024504,Association,@CHEMICAL_Tyrosine,@CHEMICAL_gamma_Tocopherol,{'5683508'},['0.9977'],"('@CHEMICAL_Tyrosine', 'Association', '@CHEMICAL_gamma_Tocopherol')"
D006713,D010837,Association,@CHEMICAL_Homogentisic_Acid,@CHEMICAL_Vitamin_K_1,{'5683508'},['0.9993'],"('@CHEMICAL_Homogentisic_Acid', 'Association', '@CHEMICAL_Vitamin_K_1')"
C010590,D010837,Association,@CHEMICAL_4_hydroxyphenylpyruvic_acid,@CHEMICAL_Vitamin_K_1,{'5683508'},['0.9995'],"('@CHEMICAL_4_hydroxyphenylpyruvic_acid', 'Association', '@CHEMICAL_Vitamin_K_1')"
C010590,C495469,Association,@CHEMICAL_4_hydroxyphenylpyruvic_acid,@CHEMICAL_p_coumaric_acid,{'5683508'},['0.9944'],"('@CHEMICAL_4_hydroxyphenylpyruvic_acid', 'Association', '@CHEMICAL_p_coumaric_acid')"
D010837,D024322,Association,@CHEMICAL_Vitamin_K_1,@CHEMICAL_Amino_Acids_Aromatic,{'5683508'},['0.9988'],"('@CHEMICAL_Vitamin_K_1', 'Association', '@CHEMICAL_Amino_Acids_Aromatic')"
C002421,D014443,Association,@CHEMICAL_tocopherylquinone,@CHEMICAL_Tyrosine,{'5683508'},['0.997'],"('@CHEMICAL_tocopherylquinone', 'Association', '@CHEMICAL_Tyrosine')"
C062397,D010837,Association,@CHEMICAL_2_methyl_1_4_hydroquinone,@CHEMICAL_Vitamin_K_1,{'5683508'},['0.998'],"('@CHEMICAL_2_methyl_1_4_hydroquinone', 'Association', '@CHEMICAL_Vitamin_K_1')"
C005581,D006713,Association,@CHEMICAL_protocatechualdehyde,@CHEMICAL_Homogentisic_Acid,{'5683508'},['0.9977'],"('@CHEMICAL_protocatechualdehyde', 'Association', '@CHEMICAL_Homogentisic_Acid')"
D010649,D024504,Association,@CHEMICAL_Phenylalanine,@CHEMICAL_gamma_Tocopherol,{'5683508'},['0.9946'],"('@CHEMICAL_Phenylalanine', 'Association', '@CHEMICAL_gamma_Tocopherol')"
C495469,D010837,Association,@CHEMICAL_p_coumaric_acid,@CHEMICAL_Vitamin_K_1,{'5683508'},['0.9992'],"('@CHEMICAL_p_coumaric_acid', 'Association', '@CHEMICAL_Vitamin_K_1')"
C495469,D006713,Association,@CHEMICAL_p_coumaric_acid,@CHEMICAL_Homogentisic_Acid,{'5683508'},['0.9983'],"('@CHEMICAL_p_coumaric_acid', 'Association', '@CHEMICAL_Homogentisic_Acid')"
C495469,D024322,Association,@CHEMICAL_p_coumaric_acid,@CHEMICAL_Amino_Acids_Aromatic,{'5683508'},['0.9917'],"('@CHEMICAL_p_coumaric_acid', 'Association', '@CHEMICAL_Amino_Acids_Aromatic')"
C005581,C062397,Association,@CHEMICAL_protocatechualdehyde,@CHEMICAL_2_methyl_1_4_hydroquinone,{'5683508'},['0.9974'],"('@CHEMICAL_protocatechualdehyde', 'Association', '@CHEMICAL_2_methyl_1_4_hydroquinone')"
C062397,C495469,Association,@CHEMICAL_2_methyl_1_4_hydroquinone,@CHEMICAL_p_coumaric_acid,{'5683508'},['0.9962'],"('@CHEMICAL_2_methyl_1_4_hydroquinone', 'Association', '@CHEMICAL_p_coumaric_acid')"
D010649,D014451,Positive_Correlation,@CHEMICAL_Phenylalanine,@CHEMICAL_Ubiquinone,{'5683508'},['0.9494'],"('@CHEMICAL_Phenylalanine', 'Positive_Correlation', '@CHEMICAL_Ubiquinone')"
#3081#c.IVS5+3A>C,D000474,Association,@VARIANT_c.IVS5+3A>C_HGD_human,@DISEASE_Alkaptonuria,{'25153563'},['0.8845'],"('@VARIANT_c.IVS5+3A>C_HGD_human', 'Association', '@DISEASE_Alkaptonuria')"
#3081#c.115delG,D000474,Association,@VARIANT_c.115delG_HGD_human,@DISEASE_Alkaptonuria,{'25153563'},['0.9301'],"('@VARIANT_c.115delG_HGD_human', 'Association', '@DISEASE_Alkaptonuria')"
C410885,D002766,Comparison,@CHEMICAL_cholecystokinin_8,@CHEMICAL_Cholecystokinin,{'15831770'},['0.778'],"('@CHEMICAL_cholecystokinin_8', 'Comparison', '@CHEMICAL_Cholecystokinin')"
D002766,D013395,Negative_Correlation,@CHEMICAL_Cholecystokinin,@CHEMICAL_Sucrose,{'15831770'},['0.999'],"('@CHEMICAL_Cholecystokinin', 'Negative_Correlation', '@CHEMICAL_Sucrose')"
C026246,#3242#,Association,@CHEMICAL_4_hydroxyphenylacetate,,{'34047349'},"['0.9959', '0.8988']","('@CHEMICAL_4_hydroxyphenylacetate', 'Association', None)"
C026246,#3242#p.Q334A,Association,@CHEMICAL_4_hydroxyphenylacetate,@VARIANT_p.Q334A_HPD_human,{'34047349'},['0.9946'],"('@CHEMICAL_4_hydroxyphenylacetate', 'Association', '@VARIANT_p.Q334A_HPD_human')"
C026246,#3242#p.Q334N,Association,@CHEMICAL_4_hydroxyphenylacetate,@VARIANT_p.Q334N_HPD_human,{'34047349'},['0.9969'],"('@CHEMICAL_4_hydroxyphenylacetate', 'Association', '@VARIANT_p.Q334N_HPD_human')"
C026246,#3242#p.N363D,Association,@CHEMICAL_4_hydroxyphenylacetate,@VARIANT_p.N363D_HPD_human,{'34047349'},['0.9534'],"('@CHEMICAL_4_hydroxyphenylacetate', 'Association', '@VARIANT_p.N363D_HPD_human')"
C026246,#3242#p.N363Q,Association,@CHEMICAL_4_hydroxyphenylacetate,@VARIANT_p.N363Q_HPD_human,{'34047349'},['0.9985'],"('@CHEMICAL_4_hydroxyphenylacetate', 'Association', '@VARIANT_p.N363Q_HPD_human')"
D014859,D006470,Association,@CHEMICAL_Warfarin,@DISEASE_Hemorrhage,{'32258371'},['0.8011'],"('@CHEMICAL_Warfarin', 'Association', '@DISEASE_Hemorrhage')"
D015792,57534,Association,@DISEASE_Retinal_Dysplasia,@GENE_MIB1,{'24946975'},['0.8519'],"('@DISEASE_Retinal_Dysplasia', 'Association', '@GENE_MIB1')"
C009475,D010406,Positive_Correlation,@CHEMICAL_trimethylenediamine,@CHEMICAL_Penicillins,{'23639845'},['0.9992'],"('@CHEMICAL_trimethylenediamine', 'Positive_Correlation', '@CHEMICAL_Penicillins')"
D010406,D013095,Positive_Correlation,@CHEMICAL_Penicillins,@CHEMICAL_Spermidine,{'23639845'},['0.9992'],"('@CHEMICAL_Penicillins', 'Positive_Correlation', '@CHEMICAL_Spermidine')"
C025136,D013095,Negative_Correlation,@CHEMICAL_phenylacetic_acid,@CHEMICAL_Spermidine,{'23639845'},['0.7792'],"('@CHEMICAL_phenylacetic_acid', 'Negative_Correlation', '@CHEMICAL_Spermidine')"
C025136,D006713,Negative_Correlation,@CHEMICAL_phenylacetic_acid,@CHEMICAL_Homogentisic_Acid,{'23639845'},['0.5367'],"('@CHEMICAL_phenylacetic_acid', 'Negative_Correlation', '@CHEMICAL_Homogentisic_Acid')"
D000111,D005609,Negative_Correlation,@CHEMICAL_Acetylcysteine,@CHEMICAL_Free_Radicals,{'26844634'},['0.9984'],"('@CHEMICAL_Acetylcysteine', 'Negative_Correlation', '@CHEMICAL_Free_Radicals')"
D014810,D000474,Negative_Correlation,@CHEMICAL_Vitamin_E,@DISEASE_Alkaptonuria,{'26844634'},['0.918'],"('@CHEMICAL_Vitamin_E', 'Negative_Correlation', '@DISEASE_Alkaptonuria')"
D005609,D014810,Negative_Correlation,@CHEMICAL_Free_Radicals,@CHEMICAL_Vitamin_E,{'26844634'},['0.9985'],"('@CHEMICAL_Free_Radicals', 'Negative_Correlation', '@CHEMICAL_Vitamin_E')"
D024502,D054883,Association,@CHEMICAL_alpha_Tocopherol,@CHEMICAL_Oxylipins,{'17628182'},['0.9977'],"('@CHEMICAL_alpha_Tocopherol', 'Association', '@CHEMICAL_Oxylipins')"
C011006,D024502,Association,@CHEMICAL_jasmonic_acid,@CHEMICAL_alpha_Tocopherol,{'17628182'},['0.999'],"('@CHEMICAL_jasmonic_acid', 'Association', '@CHEMICAL_alpha_Tocopherol')"
D016889,1475,Association,@DISEASE_Endometrial_Neoplasms,@GENE_CSTA,{'37916013'},['0.9994'],"('@DISEASE_Endometrial_Neoplasms', 'Association', '@GENE_CSTA')"
D016889,4359,Association,@DISEASE_Endometrial_Neoplasms,@GENE_MPZ,{'37916013'},['0.9994'],"('@DISEASE_Endometrial_Neoplasms', 'Association', '@GENE_MPZ')"
D016889,10462,Association,@DISEASE_Endometrial_Neoplasms,@GENE_CLEC10A,{'37916013'},['0.9995'],"('@DISEASE_Endometrial_Neoplasms', 'Association', '@GENE_CLEC10A')"
D016889,1805,Association,@DISEASE_Endometrial_Neoplasms,@GENE_DPT,{'37916013'},['0.9994'],"('@DISEASE_Endometrial_Neoplasms', 'Association', '@GENE_DPT')"
D016889,3081,Association,@DISEASE_Endometrial_Neoplasms,@GENE_HGD,{'37916013'},['0.9994'],"('@DISEASE_Endometrial_Neoplasms', 'Association', '@GENE_HGD')"
D016889,91851,Association,@DISEASE_Endometrial_Neoplasms,@GENE_CHRDL1,{'37916013'},['0.9993'],"('@DISEASE_Endometrial_Neoplasms', 'Association', '@GENE_CHRDL1')"
D016889,54829,Association,@DISEASE_Endometrial_Neoplasms,@GENE_ASPN,{'37916013'},['0.9995'],"('@DISEASE_Endometrial_Neoplasms', 'Association', '@GENE_ASPN')"
D008055,27329,Association,@CHEMICAL_Lipids,@GENE_ANGPTL3,{'32646941'},['0.9987'],"('@CHEMICAL_Lipids', 'Association', '@GENE_ANGPTL3')"
D006938,3949,Association,@DISEASE_Hyperlipoproteinemia_Type_II,@GENE_LDLR,{'32646941'},['0.9913'],"('@DISEASE_Hyperlipoproteinemia_Type_II', 'Association', '@GENE_LDLR')"
27329,9388,Negative_Correlation,@GENE_ANGPTL3,@GENE_LIPG,{'32646941'},['0.9981'],"('@GENE_ANGPTL3', 'Negative_Correlation', '@GENE_LIPG')"
D008055,9388,Association,@CHEMICAL_Lipids,@GENE_LIPG,{'32646941'},['0.9719'],"('@CHEMICAL_Lipids', 'Association', '@GENE_LIPG')"
27329,4023,Negative_Correlation,@GENE_ANGPTL3,@GENE_LPL,{'32646941'},['0.9992'],"('@GENE_ANGPTL3', 'Negative_Correlation', '@GENE_LPL')"
D019271,D000080223,Positive_Correlation,@CHEMICAL_Hypoxanthine,@DISEASE_Chronic_Urticaria,{'36218334'},['0.8589'],"('@CHEMICAL_Hypoxanthine', 'Positive_Correlation', '@DISEASE_Chronic_Urticaria')"
D014633,D000080223,Positive_Correlation,@CHEMICAL_Valine,@DISEASE_Chronic_Urticaria,{'36218334'},['0.9807'],"('@CHEMICAL_Valine', 'Positive_Correlation', '@DISEASE_Chronic_Urticaria')"
D007737,D000080223,Positive_Correlation,@CHEMICAL_Kynurenine,@DISEASE_Chronic_Urticaria,{'36218334'},['0.9018'],"('@CHEMICAL_Kynurenine', 'Positive_Correlation', '@DISEASE_Chronic_Urticaria')"
D019301,D000080223,Positive_Correlation,@CHEMICAL_Oleic_Acid,@DISEASE_Chronic_Urticaria,{'36218334'},['0.9231'],"('@CHEMICAL_Oleic_Acid', 'Positive_Correlation', '@DISEASE_Chronic_Urticaria')"
D014364,D000080223,Positive_Correlation,@CHEMICAL_Tryptophan,@DISEASE_Chronic_Urticaria,{'36218334'},['0.6798'],"('@CHEMICAL_Tryptophan', 'Positive_Correlation', '@DISEASE_Chronic_Urticaria')"
D018698,D000080223,Positive_Correlation,@CHEMICAL_Glutamic_Acid,@DISEASE_Chronic_Urticaria,{'36218334'},['0.8995'],"('@CHEMICAL_Glutamic_Acid', 'Positive_Correlation', '@DISEASE_Chronic_Urticaria')"
D011392,D000080223,Association,@CHEMICAL_Proline,@DISEASE_Chronic_Urticaria,{'36218334'},['0.5253'],"('@CHEMICAL_Proline', 'Association', '@DISEASE_Chronic_Urticaria')"
D006639,D000080223,Positive_Correlation,@CHEMICAL_Histidine,@DISEASE_Chronic_Urticaria,{'36218334'},['0.7005'],"('@CHEMICAL_Histidine', 'Positive_Correlation', '@DISEASE_Chronic_Urticaria')"
D008239,D000080223,Positive_Correlation,@CHEMICAL_Lysine,@DISEASE_Chronic_Urticaria,{'36218334'},['0.9057'],"('@CHEMICAL_Lysine', 'Positive_Correlation', '@DISEASE_Chronic_Urticaria')"
D005947,D000080223,Positive_Correlation,@CHEMICAL_Glucose,@DISEASE_Chronic_Urticaria,{'36218334'},['0.9655'],"('@CHEMICAL_Glucose', 'Positive_Correlation', '@DISEASE_Chronic_Urticaria')"
D003401,D000080223,Positive_Correlation,@CHEMICAL_Creatine,@DISEASE_Chronic_Urticaria,{'36218334'},['0.9748'],"('@CHEMICAL_Creatine', 'Positive_Correlation', '@DISEASE_Chronic_Urticaria')"
D014443,D000080223,Positive_Correlation,@CHEMICAL_Tyrosine,@DISEASE_Chronic_Urticaria,{'36218334'},['0.9583'],"('@CHEMICAL_Tyrosine', 'Positive_Correlation', '@DISEASE_Chronic_Urticaria')"
D006713,D000080223,Negative_Correlation,@CHEMICAL_Homogentisic_Acid,@DISEASE_Chronic_Urticaria,{'36218334'},['0.949'],"('@CHEMICAL_Homogentisic_Acid', 'Negative_Correlation', '@DISEASE_Chronic_Urticaria')"
C031606,D000080223,Positive_Correlation,@CHEMICAL_phenylpyruvic_acid,@DISEASE_Chronic_Urticaria,{'36218334'},['0.9724'],"('@CHEMICAL_phenylpyruvic_acid', 'Positive_Correlation', '@DISEASE_Chronic_Urticaria')"
D007930,D000080223,Positive_Correlation,@CHEMICAL_Leucine,@DISEASE_Chronic_Urticaria,{'36218334'},['0.9685'],"('@CHEMICAL_Leucine', 'Positive_Correlation', '@DISEASE_Chronic_Urticaria')"
D013095,D000080223,Positive_Correlation,@CHEMICAL_Spermidine,@DISEASE_Chronic_Urticaria,{'36218334'},['0.9598'],"('@CHEMICAL_Spermidine', 'Positive_Correlation', '@DISEASE_Chronic_Urticaria')"
D006854,D000080223,Positive_Correlation,@CHEMICAL_Hydrocortisone,@DISEASE_Chronic_Urticaria,{'36218334'},['0.9798'],"('@CHEMICAL_Hydrocortisone', 'Positive_Correlation', '@DISEASE_Chronic_Urticaria')"
D009952,D000080223,Positive_Correlation,@CHEMICAL_Ornithine,@DISEASE_Chronic_Urticaria,{'36218334'},['0.9264'],"('@CHEMICAL_Ornithine', 'Positive_Correlation', '@DISEASE_Chronic_Urticaria')"
C030737,D000080223,Negative_Correlation,@CHEMICAL_indoleacetic_acid,@DISEASE_Chronic_Urticaria,{'36218334'},['0.9563'],"('@CHEMICAL_indoleacetic_acid', 'Negative_Correlation', '@DISEASE_Chronic_Urticaria')"
D010649,D000080223,Negative_Correlation,@CHEMICAL_Phenylalanine,@DISEASE_Chronic_Urticaria,{'36218334'},['0.8866'],"('@CHEMICAL_Phenylalanine', 'Negative_Correlation', '@DISEASE_Chronic_Urticaria')"
D063646,22289,Association,@DISEASE_Carcinogenesis,@GENE_KDM6A,{'36813208'},['0.9971'],"('@DISEASE_Carcinogenesis', 'Association', '@GENE_KDM6A')"
D015179,18478,Association,@DISEASE_Colorectal_Neoplasms,@GENE_PAH,{'36813208'},['0.9997'],"('@DISEASE_Colorectal_Neoplasms', 'Association', '@GENE_PAH')"
D014443,D015179,Association,@CHEMICAL_Tyrosine,@DISEASE_Colorectal_Neoplasms,{'36813208'},['0.9995'],"('@CHEMICAL_Tyrosine', 'Association', '@DISEASE_Colorectal_Neoplasms')"
D014443,22289,Association,@CHEMICAL_Tyrosine,@GENE_KDM6A,{'36813208'},['0.9875'],"('@CHEMICAL_Tyrosine', 'Association', '@GENE_KDM6A')"
D015179,22289,Association,@DISEASE_Colorectal_Neoplasms,@GENE_KDM6A,{'36813208'},['0.9979'],"('@DISEASE_Colorectal_Neoplasms', 'Association', '@GENE_KDM6A')"
18478,22289,Association,@GENE_PAH,@GENE_KDM6A,{'36813208'},['0.5784'],"('@GENE_PAH', 'Association', '@GENE_KDM6A')"
D006713,20848,Association,@CHEMICAL_Homogentisic_Acid,@GENE_STAT3,{'36813208'},['0.8481'],"('@CHEMICAL_Homogentisic_Acid', 'Association', '@GENE_STAT3')"
12367,14085,Association,@GENE_CASP3,@GENE_FAH,{'15327392'},['0.997'],"('@GENE_CASP3', 'Association', '@GENE_FAH')"
D006713,12371,Association,@CHEMICAL_Homogentisic_Acid,@GENE_CASP9,{'15327392'},['0.9964'],"('@CHEMICAL_Homogentisic_Acid', 'Association', '@GENE_CASP9')"
D006713,D002292,Positive_Correlation,@CHEMICAL_Homogentisic_Acid,@DISEASE_Carcinoma_Renal_Cell,{'15327392'},['0.9991'],"('@CHEMICAL_Homogentisic_Acid', 'Positive_Correlation', '@DISEASE_Carcinoma_Renal_Cell')"
D051437,14085,Association,@DISEASE_Renal_Insufficiency,@GENE_FAH,{'15327392'},['0.9616'],"('@DISEASE_Renal_Insufficiency', 'Association', '@GENE_FAH')"
D002292,14085,Association,@DISEASE_Carcinoma_Renal_Cell,@GENE_FAH,{'15327392'},['0.9629'],"('@DISEASE_Carcinoma_Renal_Cell', 'Association', '@GENE_FAH')"
C077073,D002292,Negative_Correlation,@CHEMICAL_nitisinone,@DISEASE_Carcinoma_Renal_Cell,{'15327392'},['0.9931'],"('@CHEMICAL_nitisinone', 'Negative_Correlation', '@DISEASE_Carcinoma_Renal_Cell')"
C077073,12367,Association,@CHEMICAL_nitisinone,@GENE_CASP3,{'15327392'},['0.8225'],"('@CHEMICAL_nitisinone', 'Association', '@GENE_CASP3')"
C077073,21673,Association,@CHEMICAL_nitisinone,@GENE_DNTT,{'15327392'},['0.9942'],"('@CHEMICAL_nitisinone', 'Association', '@GENE_DNTT')"
D001205,D006713,Positive_Correlation,@CHEMICAL_Ascorbic_Acid,@CHEMICAL_Homogentisic_Acid,{'2771520'},['0.9963'],"('@CHEMICAL_Ascorbic_Acid', 'Positive_Correlation', '@CHEMICAL_Homogentisic_Acid')"
#3081#c.342delA,D000474,Association,@VARIANT_c.342delA_HGD_human,@DISEASE_Alkaptonuria,{'18945288'},['0.9977'],"('@VARIANT_c.342delA_HGD_human', 'Association', '@DISEASE_Alkaptonuria')"
D001281,7430,Association,@DISEASE_Atrial_Fibrillation,@GENE_EZR,{'25673630'},['0.9881'],"('@DISEASE_Atrial_Fibrillation', 'Association', '@GENE_EZR')"
C031389,D008031,Association,@CHEMICAL_resorcinol,@CHEMICAL_Lignin,{'35831866'},['0.9581'],"('@CHEMICAL_resorcinol', 'Association', '@CHEMICAL_Lignin')"
C031385,D008031,Association,@CHEMICAL_anthranilic_acid,@CHEMICAL_Lignin,{'35831866'},['0.9908'],"('@CHEMICAL_anthranilic_acid', 'Association', '@CHEMICAL_Lignin')"
D005461,3242,Negative_Correlation,@CHEMICAL_Fluorine,@GENE_HPD,{'36985595'},['0.999'],"('@CHEMICAL_Fluorine', 'Negative_Correlation', '@GENE_HPD')"
D002244,3242,Negative_Correlation,@CHEMICAL_Carbon,@GENE_HPD,{'36985595'},['0.999'],"('@CHEMICAL_Carbon', 'Negative_Correlation', '@GENE_HPD')"
D006713,D021182,Association,@CHEMICAL_Homogentisic_Acid,@DISEASE_Wheat_Hypersensitivity,{'35293725'},['0.373'],"('@CHEMICAL_Homogentisic_Acid', 'Association', '@DISEASE_Wheat_Hypersensitivity')"
D008353,7422,Positive_Correlation,@CHEMICAL_Mannitol,@GENE_VEGFA,{'11887852'},['0.6881'],"('@CHEMICAL_Mannitol', 'Positive_Correlation', '@GENE_VEGFA')"
D005947,83785,Positive_Correlation,@CHEMICAL_Glucose,@GENE_VEGFA,{'11887852'},"['0.9993', '0.9993']","('@CHEMICAL_Glucose', 'Positive_Correlation', '@GENE_VEGFA')"
D019344,7422,Positive_Correlation,@CHEMICAL_Lactic_Acid,@GENE_VEGFA,{'11887852'},['0.9992'],"('@CHEMICAL_Lactic_Acid', 'Positive_Correlation', '@GENE_VEGFA')"
D003348,D010003,Association,@CHEMICAL_Cortisone,@DISEASE_Osteoarthritis,{'14957597'},['0.9675'],"('@CHEMICAL_Cortisone', 'Association', '@DISEASE_Osteoarthritis')"
C000179,D008659,Association,@CHEMICAL_N_acetylaspartate,@DISEASE_Metabolic_Diseases,{'39312502'},['0.9864'],"('@CHEMICAL_N_acetylaspartate', 'Association', '@DISEASE_Metabolic_Diseases')"
C000179,D017825,Association,@CHEMICAL_N_acetylaspartate,@DISEASE_Canavan_Disease,{'39312502'},['0.984'],"('@CHEMICAL_N_acetylaspartate', 'Association', '@DISEASE_Canavan_Disease')"
C000179,C538167,Association,@CHEMICAL_N_acetylaspartate,@DISEASE_Acidemia_isovaleric,{'39312502'},['0.9521'],"('@CHEMICAL_N_acetylaspartate', 'Association', '@DISEASE_Acidemia_isovaleric')"
C008216,D000474,Association,@CHEMICAL_isovaleric_acid,@DISEASE_Alkaptonuria,{'39312502'},['0.9837'],"('@CHEMICAL_isovaleric_acid', 'Association', '@DISEASE_Alkaptonuria')"
D006713,C538167,Association,@CHEMICAL_Homogentisic_Acid,@DISEASE_Acidemia_isovaleric,{'39312502'},['0.552'],"('@CHEMICAL_Homogentisic_Acid', 'Association', '@DISEASE_Acidemia_isovaleric')"
D006713,D017825,Positive_Correlation,@CHEMICAL_Homogentisic_Acid,@DISEASE_Canavan_Disease,{'39312502'},['0.6057'],"('@CHEMICAL_Homogentisic_Acid', 'Positive_Correlation', '@DISEASE_Canavan_Disease')"
C000179,D000474,Association,@CHEMICAL_N_acetylaspartate,@DISEASE_Alkaptonuria,{'39312502'},['0.9702'],"('@CHEMICAL_N_acetylaspartate', 'Association', '@DISEASE_Alkaptonuria')"
C008216,C538167,Association,@CHEMICAL_isovaleric_acid,@DISEASE_Acidemia_isovaleric,{'39312502'},['0.9981'],"('@CHEMICAL_isovaleric_acid', 'Association', '@DISEASE_Acidemia_isovaleric')"
D006713,D008659,Association,@CHEMICAL_Homogentisic_Acid,@DISEASE_Metabolic_Diseases,{'39312502'},['0.7429'],"('@CHEMICAL_Homogentisic_Acid', 'Association', '@DISEASE_Metabolic_Diseases')"
C008216,D008659,Association,@CHEMICAL_isovaleric_acid,@DISEASE_Metabolic_Diseases,{'39312502'},['0.9683'],"('@CHEMICAL_isovaleric_acid', 'Association', '@DISEASE_Metabolic_Diseases')"
C008216,D017825,Association,@CHEMICAL_isovaleric_acid,@DISEASE_Canavan_Disease,{'39312502'},['0.9894'],"('@CHEMICAL_isovaleric_acid', 'Association', '@DISEASE_Canavan_Disease')"
D000077779,51361,Association,@DISEASE_Pancreatic_Intraductal_Neoplasms,@GENE_HOOK1,{'29713252'},['0.9635'],"('@DISEASE_Pancreatic_Intraductal_Neoplasms', 'Association', '@GENE_HOOK1')"
D010181,5777,Association,@DISEASE_Pancreatic_Cyst,@GENE_PTPN6,{'29713252'},['0.9583'],"('@DISEASE_Pancreatic_Cyst', 'Association', '@GENE_PTPN6')"
D000077779,5777,Association,@DISEASE_Pancreatic_Intraductal_Neoplasms,@GENE_PTPN6,{'29713252'},['0.9985'],"('@DISEASE_Pancreatic_Intraductal_Neoplasms', 'Association', '@GENE_PTPN6')"
D009369,4292,Negative_Correlation,@DISEASE_Neoplasms,@GENE_MLH1,{'27236438'},['0.6892'],"('@DISEASE_Neoplasms', 'Negative_Correlation', '@GENE_MLH1')"
D015427,53902,Association,@DISEASE_Reperfusion_Injury,@GENE_RCAN3,{'22397398'},['0.9974'],"('@DISEASE_Reperfusion_Injury', 'Association', '@GENE_RCAN3')"
D007249,53901,Negative_Correlation,@DISEASE_Inflammation,@GENE_RCAN2,{'22397398'},['0.9104'],"('@DISEASE_Inflammation', 'Negative_Correlation', '@GENE_RCAN2')"
19225,53901,Negative_Correlation,@GENE_PTGS2,@GENE_RCAN2,{'22397398'},['0.9982'],"('@GENE_PTGS2', 'Negative_Correlation', '@GENE_RCAN2')"
D002118,54720,Association,@CHEMICAL_Calcium,@GENE_RCAN1,{'22397398'},['0.9962'],"('@CHEMICAL_Calcium', 'Association', '@GENE_RCAN1')"
D007249,54720,Association,@DISEASE_Inflammation,@GENE_RCAN1,{'22397398'},['0.987'],"('@DISEASE_Inflammation', 'Association', '@GENE_RCAN1')"
D002545,53901,Positive_Correlation,@DISEASE_Brain_Ischemia,@GENE_RCAN2,{'22397398'},['0.9948'],"('@DISEASE_Brain_Ischemia', 'Positive_Correlation', '@GENE_RCAN2')"
D015427,53901,Association,@DISEASE_Reperfusion_Injury,@GENE_RCAN2,{'22397398'},['0.9974'],"('@DISEASE_Reperfusion_Injury', 'Association', '@GENE_RCAN2')"
D002545,54720,Positive_Correlation,@DISEASE_Brain_Ischemia,@GENE_RCAN1,{'22397398'},['0.9961'],"('@DISEASE_Brain_Ischemia', 'Positive_Correlation', '@GENE_RCAN1')"
19225,54720,Negative_Correlation,@GENE_PTGS2,@GENE_RCAN1,{'22397398'},['0.9982'],"('@GENE_PTGS2', 'Negative_Correlation', '@GENE_RCAN1')"
19225,53902,Negative_Correlation,@GENE_PTGS2,@GENE_RCAN3,{'22397398'},['0.9982'],"('@GENE_PTGS2', 'Negative_Correlation', '@GENE_RCAN3')"
D002118,D002545,Association,@CHEMICAL_Calcium,@DISEASE_Brain_Ischemia,{'22397398'},['0.5845'],"('@CHEMICAL_Calcium', 'Association', '@DISEASE_Brain_Ischemia')"
D002545,53902,Positive_Correlation,@DISEASE_Brain_Ischemia,@GENE_RCAN3,{'22397398'},['0.9948'],"('@DISEASE_Brain_Ischemia', 'Positive_Correlation', '@GENE_RCAN3')"
D015427,54720,Positive_Correlation,@DISEASE_Reperfusion_Injury,@GENE_RCAN1,{'22397398'},['0.6881'],"('@DISEASE_Reperfusion_Injury', 'Positive_Correlation', '@GENE_RCAN1')"
D007249,53902,Negative_Correlation,@DISEASE_Inflammation,@GENE_RCAN3,{'22397398'},['0.9104'],"('@DISEASE_Inflammation', 'Negative_Correlation', '@GENE_RCAN3')"
D007238,54720,Association,@DISEASE_Infarction,@GENE_RCAN1,{'22397398'},['0.995'],"('@DISEASE_Infarction', 'Association', '@GENE_RCAN1')"
D006713,D009386,Association,@CHEMICAL_Homogentisic_Acid,@DISEASE_Neoplastic_Syndromes_Hereditary,{'38487984'},['0.9489'],"('@CHEMICAL_Homogentisic_Acid', 'Association', '@DISEASE_Neoplastic_Syndromes_Hereditary')"
D019820,D020275,Positive_Correlation,@CHEMICAL_Xanthine,@DISEASE_Guillain_Barre_Syndrome,{'31781063'},['0.9972'],"('@CHEMICAL_Xanthine', 'Positive_Correlation', '@DISEASE_Guillain_Barre_Syndrome')"
C031606,D020275,Positive_Correlation,@CHEMICAL_phenylpyruvic_acid,@DISEASE_Guillain_Barre_Syndrome,{'31781063'},['0.9963'],"('@CHEMICAL_phenylpyruvic_acid', 'Positive_Correlation', '@DISEASE_Guillain_Barre_Syndrome')"
D005990,D020275,Positive_Correlation,@CHEMICAL_Glycerol,@DISEASE_Guillain_Barre_Syndrome,{'31781063'},['0.9968'],"('@CHEMICAL_Glycerol', 'Positive_Correlation', '@DISEASE_Guillain_Barre_Syndrome')"
C010590,D020275,Positive_Correlation,@CHEMICAL_4_hydroxyphenylpyruvic_acid,@DISEASE_Guillain_Barre_Syndrome,{'31781063'},['0.9968'],"('@CHEMICAL_4_hydroxyphenylpyruvic_acid', 'Positive_Correlation', '@DISEASE_Guillain_Barre_Syndrome')"
D006713,D020275,Positive_Correlation,@CHEMICAL_Homogentisic_Acid,@DISEASE_Guillain_Barre_Syndrome,{'31781063'},['0.9953'],"('@CHEMICAL_Homogentisic_Acid', 'Positive_Correlation', '@DISEASE_Guillain_Barre_Syndrome')"
D014529,D020275,Positive_Correlation,@CHEMICAL_Uridine,@DISEASE_Guillain_Barre_Syndrome,{'31781063'},['0.9977'],"('@CHEMICAL_Uridine', 'Positive_Correlation', '@DISEASE_Guillain_Barre_Syndrome')"
D006147,D020275,Positive_Correlation,@CHEMICAL_Guanine,@DISEASE_Guillain_Barre_Syndrome,{'31781063'},['0.8273'],"('@CHEMICAL_Guanine', 'Positive_Correlation', '@DISEASE_Guillain_Barre_Syndrome')"
D009369,2191,Association,@DISEASE_Neoplasms,@GENE_FAP,{'37366169'},['0.9995'],"('@DISEASE_Neoplasms', 'Association', '@GENE_FAP')"
D007414,2191,Association,@DISEASE_Intestinal_Neoplasms,@GENE_FAP,{'37366169'},['0.964'],"('@DISEASE_Intestinal_Neoplasms', 'Association', '@GENE_FAP')"
D000230,2191,Association,@DISEASE_Adenocarcinoma,@GENE_FAP,{'37366169'},['0.6581'],"('@DISEASE_Adenocarcinoma', 'Association', '@GENE_FAP')"
D000230,407035,Negative_Correlation,@DISEASE_Adenocarcinoma,@GENE_MIR31,{'22302717'},['0.9246'],"('@DISEASE_Adenocarcinoma', 'Negative_Correlation', '@GENE_MIR31')"
D000230,494324,Association,@DISEASE_Adenocarcinoma,@GENE_MIR375,{'22302717'},['0.6316'],"('@DISEASE_Adenocarcinoma', 'Association', '@GENE_MIR375')"
D008228,407035,Association,@DISEASE_Lymphoma_Non_Hodgkin,@GENE_MIR31,{'22302717'},['0.9376'],"('@DISEASE_Lymphoma_Non_Hodgkin', 'Association', '@GENE_MIR31')"
D063646,494324,Association,@DISEASE_Carcinogenesis,@GENE_MIR375,{'22302717'},['0.9997'],"('@DISEASE_Carcinogenesis', 'Association', '@GENE_MIR375')"
D009361,494324,Association,@DISEASE_Neoplasm_Invasiveness,@GENE_MIR375,{'22302717'},['0.9223'],"('@DISEASE_Neoplasm_Invasiveness', 'Association', '@GENE_MIR375')"
D014810,6898,Association,@CHEMICAL_Vitamin_E,@GENE_TAT,{'30137562'},['0.7832'],"('@CHEMICAL_Vitamin_E', 'Association', '@GENE_TAT')"
C011006,D014810,Association,@CHEMICAL_jasmonic_acid,@CHEMICAL_Vitamin_E,{'30137562'},['0.9966'],"('@CHEMICAL_jasmonic_acid', 'Association', '@CHEMICAL_Vitamin_E')"
D000040,D024505,Positive_Correlation,@CHEMICAL_Abscisic_Acid,@CHEMICAL_Tocopherols,{'38314636'},['0.9993'],"('@CHEMICAL_Abscisic_Acid', 'Positive_Correlation', '@CHEMICAL_Tocopherols')"
C002963,C529546,Positive_Correlation,@CHEMICAL_geranylgeranyl_pyrophosphate,@CHEMICAL_phytyl_diphosphate,{'38314636'},['0.7884'],"('@CHEMICAL_geranylgeranyl_pyrophosphate', 'Positive_Correlation', '@CHEMICAL_phytyl_diphosphate')"
D002734,D010836,Association,@CHEMICAL_Chlorophyll,@CHEMICAL_Phytol,{'38314636'},['0.9388'],"('@CHEMICAL_Chlorophyll', 'Association', '@CHEMICAL_Phytol')"
D000040,D014810,Positive_Correlation,@CHEMICAL_Abscisic_Acid,@CHEMICAL_Vitamin_E,{'38314636'},['0.999'],"('@CHEMICAL_Abscisic_Acid', 'Positive_Correlation', '@CHEMICAL_Vitamin_E')"
D000040,D002734,Negative_Correlation,@CHEMICAL_Abscisic_Acid,@CHEMICAL_Chlorophyll,{'38314636'},['0.9883'],"('@CHEMICAL_Abscisic_Acid', 'Negative_Correlation', '@CHEMICAL_Chlorophyll')"
C006725,D006713,Association,@CHEMICAL_benzyl_cyanide,@CHEMICAL_Homogentisic_Acid,{'19287539'},['0.996'],"('@CHEMICAL_benzyl_cyanide', 'Association', '@CHEMICAL_Homogentisic_Acid')"
C005756,C006725,Association,@CHEMICAL_2_hydroxyphenylacetic_acid,@CHEMICAL_benzyl_cyanide,{'19287539'},['0.9893'],"('@CHEMICAL_2_hydroxyphenylacetic_acid', 'Association', '@CHEMICAL_benzyl_cyanide')"
C006725,C105171,Association,@CHEMICAL_benzyl_cyanide,@CHEMICAL_fumarylacetoacetate,{'19287539'},['0.9974'],"('@CHEMICAL_benzyl_cyanide', 'Association', '@CHEMICAL_fumarylacetoacetate')"
C006725,C025136,Association,@CHEMICAL_benzyl_cyanide,@CHEMICAL_phenylacetic_acid,{'19287539'},['0.914'],"('@CHEMICAL_benzyl_cyanide', 'Association', '@CHEMICAL_phenylacetic_acid')"
C031618,D009570,Association,@CHEMICAL_sodium_nitrate,@CHEMICAL_Nitriles,{'19287539'},['0.9861'],"('@CHEMICAL_sodium_nitrate', 'Association', '@CHEMICAL_Nitriles')"
D008228,1434,Positive_Correlation,@DISEASE_Lymphoma_Non_Hodgkin,@GENE_CSE1L,{'27941559'},['0.9706'],"('@DISEASE_Lymphoma_Non_Hodgkin', 'Positive_Correlation', '@GENE_CSE1L')"
D009369,1434,Positive_Correlation,@DISEASE_Neoplasms,@GENE_CSE1L,{'27941559'},['0.9261'],"('@DISEASE_Neoplasms', 'Positive_Correlation', '@GENE_CSE1L')"
D001471,1434,Association,@DISEASE_Barrett_Esophagus,@GENE_CSE1L,{'27941559'},['0.9996'],"('@DISEASE_Barrett_Esophagus', 'Association', '@GENE_CSE1L')"
D000230,1434,Association,@DISEASE_Adenocarcinoma,@GENE_CSE1L,{'27941559'},['0.9855'],"('@DISEASE_Adenocarcinoma', 'Association', '@GENE_CSE1L')"
D015792,6498,Association,@DISEASE_Retinal_Dysplasia,@GENE_SKIL,{'18261624'},['0.8991'],"('@DISEASE_Retinal_Dysplasia', 'Association', '@GENE_SKIL')"
D001471,6497,Association,@DISEASE_Barrett_Esophagus,@GENE_SKI,{'18261624'},['0.9972'],"('@DISEASE_Barrett_Esophagus', 'Association', '@GENE_SKI')"
6498,7040,Negative_Correlation,@GENE_SKIL,@GENE_TGFB1,{'18261624'},['0.9988'],"('@GENE_SKIL', 'Negative_Correlation', '@GENE_TGFB1')"
D063646,6497,Association,@DISEASE_Carcinogenesis,@GENE_SKI,{'18261624'},['0.9854'],"('@DISEASE_Carcinogenesis', 'Association', '@GENE_SKI')"
6497,7040,Negative_Correlation,@GENE_SKI,@GENE_TGFB1,{'18261624'},['0.9968'],"('@GENE_SKI', 'Negative_Correlation', '@GENE_TGFB1')"
D063646,6498,Association,@DISEASE_Carcinogenesis,@GENE_SKIL,{'18261624'},['0.7561'],"('@DISEASE_Carcinogenesis', 'Association', '@GENE_SKIL')"
D063646,7040,Association,@DISEASE_Carcinogenesis,@GENE_TGFB1,{'18261624'},['0.999'],"('@DISEASE_Carcinogenesis', 'Association', '@GENE_TGFB1')"
D001471,6498,Association,@DISEASE_Barrett_Esophagus,@GENE_SKIL,{'18261624'},['0.9942'],"('@DISEASE_Barrett_Esophagus', 'Association', '@GENE_SKIL')"
D001471,7040,Association,@DISEASE_Barrett_Esophagus,@GENE_TGFB1,{'18261624'},['0.9978'],"('@DISEASE_Barrett_Esophagus', 'Association', '@GENE_TGFB1')"
D009369,7040,Association,@DISEASE_Neoplasms,@GENE_TGFB1,{'18261624'},['0.9545'],"('@DISEASE_Neoplasms', 'Association', '@GENE_TGFB1')"
D015451,29113,Association,@DISEASE_Leukemia_Lymphocytic_Chronic_B_Cell,@GENE_C6ORF15,{'38547762'},['0.9939'],"('@DISEASE_Leukemia_Lymphocytic_Chronic_B_Cell', 'Association', '@GENE_C6ORF15')"
D013274,29113,Positive_Correlation,@DISEASE_Stomach_Neoplasms,@GENE_C6ORF15,{'38547762'},['0.5881'],"('@DISEASE_Stomach_Neoplasms', 'Positive_Correlation', '@GENE_C6ORF15')"
D001932,29113,Association,@DISEASE_Brain_Neoplasms,@GENE_C6ORF15,{'38547762'},['0.9931'],"('@DISEASE_Brain_Neoplasms', 'Association', '@GENE_C6ORF15')"
D015179,4192,Association,@DISEASE_Colorectal_Neoplasms,@GENE_MDK,{'17493173'},['0.9973'],"('@DISEASE_Colorectal_Neoplasms', 'Association', '@GENE_MDK')"
D005557,D028581,Association,@CHEMICAL_Formaldehyde,@CHEMICAL_Lanthanoid_Series_Elements,{'32486139'},['0.9879'],"('@CHEMICAL_Formaldehyde', 'Association', '@CHEMICAL_Lanthanoid_Series_Elements')"
D005557,D005978,Association,@CHEMICAL_Formaldehyde,@CHEMICAL_Glutathione,{'32486139'},['0.9984'],"('@CHEMICAL_Formaldehyde', 'Association', '@CHEMICAL_Glutathione')"
C042416,D005557,Association,@CHEMICAL_5_6_7_8_tetrahydromethanopterin,@CHEMICAL_Formaldehyde,{'32486139'},['0.9125'],"('@CHEMICAL_5_6_7_8_tetrahydromethanopterin', 'Association', '@CHEMICAL_Formaldehyde')"
D000432,D028581,Association,@CHEMICAL_Methanol,@CHEMICAL_Lanthanoid_Series_Elements,{'32486139'},['0.9983'],"('@CHEMICAL_Methanol', 'Association', '@CHEMICAL_Lanthanoid_Series_Elements')"
D006713,6898,Negative_Correlation,@CHEMICAL_Homogentisic_Acid,@GENE_TAT,{'38702025'},['0.9433'],"('@CHEMICAL_Homogentisic_Acid', 'Negative_Correlation', '@GENE_TAT')"
D006713,644914,Positive_Correlation,@CHEMICAL_Homogentisic_Acid,@GENE_H3P16,{'38702025'},['0.9993'],"('@CHEMICAL_Homogentisic_Acid', 'Positive_Correlation', '@GENE_H3P16')"
D006713,3242,Negative_Correlation,@CHEMICAL_Homogentisic_Acid,@GENE_HPD,{'38702025'},['0.7935'],"('@CHEMICAL_Homogentisic_Acid', 'Negative_Correlation', '@GENE_HPD')"
D002734,824637,Association,@CHEMICAL_Chlorophyll,@GENE_AMP1,{'17978586'},['0.8477'],"('@CHEMICAL_Chlorophyll', 'Association', '@GENE_AMP1')"
D013667,829413,Association,@CHEMICAL_Technetium,@GENE_VTE1,{'17978586'},['0.8832'],"('@CHEMICAL_Technetium', 'Association', '@GENE_VTE1')"
D002734,D024505,Positive_Correlation,@CHEMICAL_Chlorophyll,@CHEMICAL_Tocopherols,{'17978586'},['0.8917'],"('@CHEMICAL_Chlorophyll', 'Positive_Correlation', '@CHEMICAL_Tocopherols')"
D014810,D024504,Association,@CHEMICAL_Vitamin_E,@CHEMICAL_gamma_Tocopherol,{'17978586'},['0.3228'],"('@CHEMICAL_Vitamin_E', 'Association', '@CHEMICAL_gamma_Tocopherol')"
D002734,829413,Negative_Correlation,@CHEMICAL_Chlorophyll,@GENE_VTE1,{'17978586'},['0.7684'],"('@CHEMICAL_Chlorophyll', 'Negative_Correlation', '@GENE_VTE1')"
C034221,D001565,Association,@CHEMICAL_catechol,@CHEMICAL_Benzoates,{'14973036'},['0.8192'],"('@CHEMICAL_catechol', 'Association', '@CHEMICAL_Benzoates')"
D006713,D006841,Association,@CHEMICAL_Homogentisic_Acid,@CHEMICAL_Hydrocarbons_Aromatic,{'14973036'},['0.969'],"('@CHEMICAL_Homogentisic_Acid', 'Association', '@CHEMICAL_Hydrocarbons_Aromatic')"
D000438,D008228,Positive_Correlation,@CHEMICAL_Alcohols,@DISEASE_Lymphoma_Non_Hodgkin,{'19826274'},['0.9954'],"('@CHEMICAL_Alcohols', 'Positive_Correlation', '@DISEASE_Lymphoma_Non_Hodgkin')"
D000438,D000077277,Positive_Correlation,@CHEMICAL_Alcohols,@DISEASE_Esophageal_Squamous_Cell_Carcinoma,{'19826274'},['0.9988'],"('@CHEMICAL_Alcohols', 'Positive_Correlation', '@DISEASE_Esophageal_Squamous_Cell_Carcinoma')"
D009638,24616,Positive_Correlation,@CHEMICAL_Norepinephrine,@GENE_PAH,{'6426473'},['0.9991'],"('@CHEMICAL_Norepinephrine', 'Positive_Correlation', '@GENE_PAH')"
C040639,D009638,Positive_Correlation,@CHEMICAL_4_fluoroamphetamine,@CHEMICAL_Norepinephrine,{'6426473'},['0.9986'],"('@CHEMICAL_4_fluoroamphetamine', 'Positive_Correlation', '@CHEMICAL_Norepinephrine')"
C040639,D004837,Positive_Correlation,@CHEMICAL_4_fluoroamphetamine,@CHEMICAL_Epinephrine,{'6426473'},['0.9988'],"('@CHEMICAL_4_fluoroamphetamine', 'Positive_Correlation', '@CHEMICAL_Epinephrine')"
C040639,24616,Association,@CHEMICAL_4_fluoroamphetamine,@GENE_PAH,{'6426473'},['0.9996'],"('@CHEMICAL_4_fluoroamphetamine', 'Association', '@GENE_PAH')"
D004837,24616,Positive_Correlation,@CHEMICAL_Epinephrine,@GENE_PAH,{'6426473'},['0.999'],"('@CHEMICAL_Epinephrine', 'Positive_Correlation', '@GENE_PAH')"
D001205,D010032,Negative_Correlation,@CHEMICAL_Ascorbic_Acid,@DISEASE_Otitis_Externa,{'28813744'},['0.5497'],"('@CHEMICAL_Ascorbic_Acid', 'Negative_Correlation', '@DISEASE_Otitis_Externa')"
